item,name,category,rarity,stack,unit_price,unit_matcost,ratio_pct,leveling
43252,Windfire Band,GEAR,VENDOR,1,72128,112000,64,1
43252,Windfire Band,GEAR,VENDOR,1,69964,112000,62,1
43252,Windfire Band,GEAR,VENDOR,1,67865,112000,60,1
43252,Windfire Band,GEAR,VENDOR,1,72128,112000,64,1
43252,Windfire Band,GEAR,VENDOR,1,69964,112000,62,1
43252,Windfire Band,GEAR,VENDOR,1,67865,112000,60,1
43252,Windfire Band,GEAR,VENDOR,1,72128,112000,64,1
43252,Windfire Band,GEAR,VENDOR,1,69964,112000,62,1
43252,Windfire Band,GEAR,VENDOR,1,67865,112000,60,1
43252,Windfire Band,GEAR,VENDOR,1,72128,112000,64,1
43252,Windfire Band,GEAR,VENDOR,1,69964,112000,62,1
43252,Windfire Band,GEAR,VENDOR,1,67865,112000,60,1
23785,Hardened Adamantite Tube,INTERMEDIATE,TRAINER,6,1,3,33,1
23785,Hardened Adamantite Tube,INTERMEDIATE,TRAINER,5,1,3,33,1
25650,Knothide Armor Kit,MISC,TRAINER,7,18868,20000,94,1
34766,Poached Northern Sculpin,FOOD,VENDOR,15,30,49,61,1
22573,Mote of Earth,INTERMEDIATE,TRAINER,10,2578,3200,80,1
22573,Mote of Earth,INTERMEDIATE,TRAINER,10,2474,3200,77,1
22573,Mote of Earth,INTERMEDIATE,TRAINER,10,2578,3200,80,1
22573,Mote of Earth,INTERMEDIATE,TRAINER,10,2474,3200,77,1
22573,Mote of Earth,INTERMEDIATE,TRAINER,10,2578,3200,80,1
22573,Mote of Earth,INTERMEDIATE,TRAINER,10,2474,3200,77,1
22573,Mote of Earth,INTERMEDIATE,TRAINER,10,2578,3200,80,1
22573,Mote of Earth,INTERMEDIATE,TRAINER,10,2474,3200,77,1
22573,Mote of Earth,INTERMEDIATE,TRAINER,10,2578,3200,80,1
22573,Mote of Earth,INTERMEDIATE,TRAINER,10,2474,3200,77,1
22573,Mote of Earth,INTERMEDIATE,TRAINER,10,2578,3200,80,1
22573,Mote of Earth,INTERMEDIATE,TRAINER,10,2474,3200,77,1
22573,Mote of Earth,INTERMEDIATE,TRAINER,4,2578,3200,80,1
22573,Mote of Earth,INTERMEDIATE,TRAINER,6,2474,3200,77,1
21887,Knothide Leather,INTERMEDIATE,TRAINER,2,6060,7500,80,1
21887,Knothide Leather,INTERMEDIATE,TRAINER,8,5938,7500,79,1
41510,Bolt of Frostweave,INTERMEDIATE,TRAINER,4,30937,37500,82,1
41510,Bolt of Frostweave,INTERMEDIATE,TRAINER,1,29390,37500,78,1
44958,Ethereal Oil,INTERMEDIATE,TRAINER,2,69,96,71,1
44958,Ethereal Oil,INTERMEDIATE,TRAINER,4,66,96,68,1
42337,Sun Rock Ring,GEAR,TRAINER,1,20179,24800,81,1
42337,Sun Rock Ring,GEAR,TRAINER,1,19170,24800,77,1
42337,Sun Rock Ring,GEAR,TRAINER,1,18978,24800,76,1
42337,Sun Rock Ring,GEAR,TRAINER,1,20179,24800,81,1
42337,Sun Rock Ring,GEAR,TRAINER,1,19170,24800,77,1
42337,Sun Rock Ring,GEAR,TRAINER,1,18978,24800,76,1
42337,Sun Rock Ring,GEAR,TRAINER,1,20179,24800,81,1
32836,Purified Shadow Pearl,GEM_CUT,TRAINER,1,7405,9280,79,1
32836,Purified Shadow Pearl,GEM_CUT,TRAINER,1,7034,9280,75,1
32836,Purified Shadow Pearl,GEM_CUT,TRAINER,1,6752,9280,72,1
32836,Purified Shadow Pearl,GEM_CUT,TRAINER,1,7405,9280,79,1
32836,Purified Shadow Pearl,GEM_CUT,TRAINER,1,7034,9280,75,1
32836,Purified Shadow Pearl,GEM_CUT,TRAINER,1,6752,9280,72,1
32836,Purified Shadow Pearl,GEM_CUT,TRAINER,1,7405,9280,79,1
32836,Purified Shadow Pearl,GEM_CUT,TRAINER,1,7034,9280,75,1
32836,Purified Shadow Pearl,GEM_CUT,TRAINER,1,6752,9280,72,1
32836,Purified Shadow Pearl,GEM_CUT,TRAINER,1,7405,9280,79,1
32836,Purified Shadow Pearl,GEM_CUT,TRAINER,1,7034,9280,75,1
38425,Heavy Borean Leather,INTERMEDIATE,TRAINER,2,39160,54000,72,1
38425,Heavy Borean Leather,INTERMEDIATE,TRAINER,7,37593,54000,69,1
41163,Titanium Bar,INTERMEDIATE,TRAINER,3,20492,20000,102,1
41163,Titanium Bar,INTERMEDIATE,TRAINER,3,20082,20000,100,1
41601,Shining Spellthread,MISC,TRAINER,10,102835,124800,82,1
23785,Hardened Adamantite Tube,INTERMEDIATE,TRAINER,1,2,3,66,1
23785,Hardened Adamantite Tube,INTERMEDIATE,TRAINER,4,1,3,33,1
10008,White Bandit Mask,GEAR,DROP,1,4342,6023,72,1
10008,White Bandit Mask,GEAR,DROP,1,4298,6023,71,1
10008,White Bandit Mask,GEAR,DROP,1,4342,6023,72,1
10008,White Bandit Mask,GEAR,DROP,1,4298,6023,71,1
10008,White Bandit Mask,GEAR,DROP,1,4342,6023,72,1
10008,White Bandit Mask,GEAR,DROP,1,4298,6023,71,1
10008,White Bandit Mask,GEAR,DROP,1,4342,6023,72,1
10008,White Bandit Mask,GEAR,DROP,1,4298,6023,71,1
10008,White Bandit Mask,GEAR,DROP,1,4342,6023,72,1
10008,White Bandit Mask,GEAR,DROP,1,4298,6023,71,1
10008,White Bandit Mask,GEAR,DROP,1,4342,6023,72,1
23517,Felsteel Gloves,GEAR,DROP,1,4,6,66,1
23517,Felsteel Gloves,GEAR,DROP,1,3,6,50,1
23517,Felsteel Gloves,GEAR,DROP,1,3,6,50,1
23517,Felsteel Gloves,GEAR,DROP,1,3,6,50,1
23517,Felsteel Gloves,GEAR,DROP,1,4,6,66,1
23517,Felsteel Gloves,GEAR,DROP,1,3,6,50,1
23517,Felsteel Gloves,GEAR,DROP,1,3,6,50,1
23517,Felsteel Gloves,GEAR,DROP,1,3,6,50,1
23517,Felsteel Gloves,GEAR,DROP,1,4,6,66,1
23517,Felsteel Gloves,GEAR,DROP,1,3,6,50,1
23517,Felsteel Gloves,GEAR,DROP,1,3,6,50,1
23517,Felsteel Gloves,GEAR,DROP,1,3,6,50,1
23517,Felsteel Gloves,GEAR,DROP,1,4,6,66,1
23517,Felsteel Gloves,GEAR,DROP,1,3,6,50,1
32836,Purified Shadow Pearl,GEM_CUT,TRAINER,1,7335,9280,79,1
32836,Purified Shadow Pearl,GEM_CUT,TRAINER,1,7041,9280,75,1
32836,Purified Shadow Pearl,GEM_CUT,TRAINER,1,7335,9280,79,1
32836,Purified Shadow Pearl,GEM_CUT,TRAINER,1,7041,9280,75,1
32836,Purified Shadow Pearl,GEM_CUT,TRAINER,1,7335,9280,79,1
32836,Purified Shadow Pearl,GEM_CUT,TRAINER,1,7041,9280,75,1
32836,Purified Shadow Pearl,GEM_CUT,TRAINER,1,7335,9280,79,1
32836,Purified Shadow Pearl,GEM_CUT,TRAINER,1,7041,9280,75,1
32836,Purified Shadow Pearl,GEM_CUT,TRAINER,1,7335,9280,79,1
32836,Purified Shadow Pearl,GEM_CUT,TRAINER,1,7041,9280,75,1
32836,Purified Shadow Pearl,GEM_CUT,TRAINER,1,7335,9280,79,1
22448,Small Prismatic Shard,INTERMEDIATE,TRAINER,20,1,0,0,1
22448,Small Prismatic Shard,INTERMEDIATE,TRAINER,10,1,0,0,1
22448,Small Prismatic Shard,INTERMEDIATE,TRAINER,3,1,0,0,1
22448,Small Prismatic Shard,INTERMEDIATE,TRAINER,20,1,0,0,1
22448,Small Prismatic Shard,INTERMEDIATE,TRAINER,4,1,0,0,1
46379,Flask of Stoneblood,FLASK,TRAINER,5,55411,56600,97,1
46379,Flask of Stoneblood,FLASK,TRAINER,5,53748,56600,94,1
46379,Flask of Stoneblood,FLASK,TRAINER,5,51060,56600,90,1
46379,Flask of Stoneblood,FLASK,TRAINER,11,55411,56600,97,1
23518,Felsteel Leggings,GEAR,DROP,1,5,8,62,1
23518,Felsteel Leggings,GEAR,DROP,1,4,8,50,1
23518,Felsteel Leggings,GEAR,DROP,1,4,8,50,1
23518,Felsteel Leggings,GEAR,DROP,1,5,8,62,1
23518,Felsteel Leggings,GEAR,DROP,1,4,8,50,1
23518,Felsteel Leggings,GEAR,DROP,1,4,8,50,1
23518,Felsteel Leggings,GEAR,DROP,1,5,8,62,1
21861,Imbued Netherweave Robe,GEAR,VENDOR,1,54786,65006,84,1
21861,Imbued Netherweave Robe,GEAR,VENDOR,1,53690,65006,82,1
21861,Imbued Netherweave Robe,GEAR,VENDOR,1,54786,65006,84,1
21861,Imbued Netherweave Robe,GEAR,VENDOR,1,53690,65006,82,1
21861,Imbued Netherweave Robe,GEAR,VENDOR,1,54786,65006,84,1
21861,Imbued Netherweave Robe,GEAR,VENDOR,1,53690,65006,82,1
21861,Imbued Netherweave Robe,GEAR,VENDOR,1,54786,65006,84,1
21861,Imbued Netherweave Robe,GEAR,VENDOR,1,53690,65006,82,1
21861,Imbued Netherweave Robe,GEAR,VENDOR,1,54786,65006,84,1
21861,Imbued Netherweave Robe,GEAR,VENDOR,1,53690,65006,82,1
21861,Imbued Netherweave Robe,GEAR,VENDOR,1,54786,65006,84,1
21861,Imbued Netherweave Robe,GEAR,VENDOR,1,53690,65006,82,1
41164,Mammoth Cutters,AMMO,TRAINER,1000,30,34,88,1
41164,Mammoth Cutters,AMMO,TRAINER,1000,29,34,85,1
41164,Mammoth Cutters,AMMO,TRAINER,1000,30,34,88,1
41164,Mammoth Cutters,AMMO,TRAINER,1000,29,34,85,1
41164,Mammoth Cutters,AMMO,TRAINER,1000,30,34,88,1
41164,Mammoth Cutters,AMMO,TRAINER,1000,29,34,85,1
41164,Mammoth Cutters,AMMO,TRAINER,1000,30,34,88,1
41164,Mammoth Cutters,AMMO,TRAINER,1000,29,34,85,1
41164,Mammoth Cutters,AMMO,TRAINER,1000,30,34,88,1
41164,Mammoth Cutters,AMMO,TRAINER,1000,29,34,85,1
41164,Mammoth Cutters,AMMO,TRAINER,1000,30,34,88,1
41164,Mammoth Cutters,AMMO,TRAINER,1000,29,34,85,1
41164,Mammoth Cutters,AMMO,TRAINER,1000,30,34,88,1
41509,Frostweave Net,MISC,TRAINER,20,7867,9000,87,1
41509,Frostweave Net,MISC,TRAINER,15,7473,9000,83,1
21990,Netherweave Bandage,MISC,TRAINER,8,3843,4800,80,1
41163,Titanium Bar,INTERMEDIATE,TRAINER,10,15840,20000,79,1
41163,Titanium Bar,INTERMEDIATE,TRAINER,2,15681,20000,78,1
41516,Frostsavage Gloves,GEAR,TRAINER,1,454758,520200,87,1
41516,Frostsavage Gloves,GEAR,TRAINER,1,441115,520200,84,1
41516,Frostsavage Gloves,GEAR,TRAINER,1,454758,520200,87,1
41516,Frostsavage Gloves,GEAR,TRAINER,1,441115,520200,84,1
41516,Frostsavage Gloves,GEAR,TRAINER,1,454758,520200,87,1
32836,Purified Shadow Pearl,GEM_CUT,TRAINER,1,6798,9280,73,1
32836,Purified Shadow Pearl,GEM_CUT,TRAINER,1,6730,9280,72,1
32836,Purified Shadow Pearl,GEM_CUT,TRAINER,1,6662,9280,71,1
32836,Purified Shadow Pearl,GEM_CUT,TRAINER,1,6798,9280,73,1
32836,Purified Shadow Pearl,GEM_CUT,TRAINER,1,6730,9280,72,1
32836,Purified Shadow Pearl,GEM_CUT,TRAINER,1,6662,9280,71,1
32836,Purified Shadow Pearl,GEM_CUT,TRAINER,1,6798,9280,73,1
45785,Glyph of Life Tap,MISC,UNSOURCED,13,221,315,70,1
8545,Heavy Mageweave Bandage,MISC,TRAINER,6,1456,2020,72,1
43853,Titanium Skeleton Key,MISC,TRAINER,20,7040,7000,100,1
43853,Titanium Skeleton Key,MISC,TRAINER,20,6828,7000,97,1
43853,Titanium Skeleton Key,MISC,TRAINER,20,6486,7000,92,1
43853,Titanium Skeleton Key,MISC,TRAINER,20,7040,7000,100,1
43853,Titanium Skeleton Key,MISC,TRAINER,20,6828,7000,97,1
43853,Titanium Skeleton Key,MISC,TRAINER,20,6486,7000,92,1
43853,Titanium Skeleton Key,MISC,TRAINER,20,7040,7000,100,1
43853,Titanium Skeleton Key,MISC,TRAINER,20,6828,7000,97,1
43853,Titanium Skeleton Key,MISC,TRAINER,20,6486,7000,92,1
43853,Titanium Skeleton Key,MISC,TRAINER,20,7040,7000,100,1
44958,Ethereal Oil,INTERMEDIATE,TRAINER,6,86,96,89,1
44958,Ethereal Oil,INTERMEDIATE,TRAINER,1,83,96,86,1
41509,Frostweave Net,MISC,TRAINER,20,7536,9000,83,1
41509,Frostweave Net,MISC,TRAINER,20,7159,9000,79,1
41509,Frostweave Net,MISC,TRAINER,20,7015,9000,77,1
45785,Glyph of Life Tap,MISC,UNSOURCED,10,216,315,68,1
40958,Reinforced Cobalt Legplates,GEAR,DROP,1,34214,52800,64,1
40958,Reinforced Cobalt Legplates,GEAR,DROP,1,33529,52800,63,1
40958,Reinforced Cobalt Legplates,GEAR,DROP,1,34214,52800,64,1
40958,Reinforced Cobalt Legplates,GEAR,DROP,1,33529,52800,63,1
40958,Reinforced Cobalt Legplates,GEAR,DROP,1,34214,52800,64,1
40958,Reinforced Cobalt Legplates,GEAR,DROP,1,33529,52800,63,1
40958,Reinforced Cobalt Legplates,GEAR,DROP,1,34214,52800,64,1
40958,Reinforced Cobalt Legplates,GEAR,DROP,1,33529,52800,63,1
44958,Ethereal Oil,INTERMEDIATE,TRAINER,8,81,96,84,1
44958,Ethereal Oil,INTERMEDIATE,TRAINER,3,76,96,79,1
22573,Mote of Earth,INTERMEDIATE,TRAINER,10,2350,3200,73,1
22573,Mote of Earth,INTERMEDIATE,TRAINER,10,2303,3200,71,1
22573,Mote of Earth,INTERMEDIATE,TRAINER,10,2350,3200,73,1
22573,Mote of Earth,INTERMEDIATE,TRAINER,10,2303,3200,71,1
22573,Mote of Earth,INTERMEDIATE,TRAINER,10,2350,3200,73,1
22573,Mote of Earth,INTERMEDIATE,TRAINER,10,2303,3200,71,1
22448,Small Prismatic Shard,INTERMEDIATE,TRAINER,20,1,0,0,1
22448,Small Prismatic Shard,INTERMEDIATE,TRAINER,1,1,0,0,1
23519,Felsteel Helm,GEAR,DROP,1,6,8,75,1
23519,Felsteel Helm,GEAR,DROP,1,5,8,62,1
23519,Felsteel Helm,GEAR,DROP,1,4,8,50,1
23519,Felsteel Helm,GEAR,DROP,1,6,8,75,1
23519,Felsteel Helm,GEAR,DROP,1,5,8,62,1
23519,Felsteel Helm,GEAR,DROP,1,4,8,50,1
23519,Felsteel Helm,GEAR,DROP,1,6,8,75,1
23519,Felsteel Helm,GEAR,DROP,1,5,8,62,1
14530,Heavy Runecloth Bandage,MISC,TRAINER,14,4673,4704,99,1
41603,Azure Spellthread,MISC,TRAINER,12,120806,124800,96,1
43244,Crystal Citrine Necklace,GEAR,TRAINER,1,20497,24800,82,1
43244,Crystal Citrine Necklace,GEAR,TRAINER,1,19882,24800,80,1
43244,Crystal Citrine Necklace,GEAR,TRAINER,1,20497,24800,82,1
43244,Crystal Citrine Necklace,GEAR,TRAINER,1,19882,24800,80,1
43244,Crystal Citrine Necklace,GEAR,TRAINER,1,20497,24800,82,1
43244,Crystal Citrine Necklace,GEAR,TRAINER,1,19882,24800,80,1
43244,Crystal Citrine Necklace,GEAR,TRAINER,1,20497,24800,82,1
43244,Crystal Citrine Necklace,GEAR,TRAINER,1,19882,24800,80,1
43244,Crystal Citrine Necklace,GEAR,TRAINER,1,20497,24800,82,1
43244,Crystal Citrine Necklace,GEAR,TRAINER,1,19882,24800,80,1
43244,Crystal Citrine Necklace,GEAR,TRAINER,1,20497,24800,82,1
43244,Crystal Citrine Necklace,GEAR,TRAINER,1,19882,24800,80,1
8827,Elixir of Water Walking,ELIXIR_POT,UNSOURCED,5,4628,6180,74,1
23793,Heavy Knothide Leather,INTERMEDIATE,TRAINER,3,20000,25000,80,1
23793,Heavy Knothide Leather,INTERMEDIATE,TRAINER,6,19200,25000,76,1
8544,Mageweave Bandage,MISC,TRAINER,5,872,1010,86,1
44958,Ethereal Oil,INTERMEDIATE,TRAINER,2,88,96,91,1
44958,Ethereal Oil,INTERMEDIATE,TRAINER,8,87,96,90,1
41603,Azure Spellthread,MISC,TRAINER,9,114566,124800,91,1
23785,Hardened Adamantite Tube,INTERMEDIATE,TRAINER,5,1,3,33,1
33568,Borean Leather,INTERMEDIATE,TRAINER,3,12178,13500,90,1
33568,Borean Leather,INTERMEDIATE,TRAINER,2,11812,13500,87,1
41603,Azure Spellthread,MISC,TRAINER,14,99939,124800,80,1
23517,Felsteel Gloves,GEAR,DROP,1,4,6,66,1
23517,Felsteel Gloves,GEAR,DROP,1,3,6,50,1
23517,Felsteel Gloves,GEAR,DROP,1,3,6,50,1
23517,Felsteel Gloves,GEAR,DROP,1,3,6,50,1
23517,Felsteel Gloves,GEAR,DROP,1,4,6,66,1
23517,Felsteel Gloves,GEAR,DROP,1,3,6,50,1
33568,Borean Leather,INTERMEDIATE,TRAINER,9,13096,13500,97,1
41603,Azure Spellthread,MISC,TRAINER,7,105131,124800,84,1
40195,Pygmy Oil,INTERMEDIATE,TRAINER,7,212,300,70,1
22448,Small Prismatic Shard,INTERMEDIATE,TRAINER,17,1,0,0,1
22448,Small Prismatic Shard,INTERMEDIATE,TRAINER,1,1,0,0,1
37663,Titansteel Bar,INTERMEDIATE,TRAINER,9,131353,132000,99,1
37663,Titansteel Bar,INTERMEDIATE,TRAINER,6,127412,132000,96,1
41164,Mammoth Cutters,AMMO,TRAINER,1000,32,34,94,1
41164,Mammoth Cutters,AMMO,TRAINER,1000,30,34,88,1
41164,Mammoth Cutters,AMMO,TRAINER,1000,32,34,94,1
41164,Mammoth Cutters,AMMO,TRAINER,1000,30,34,88,1
41164,Mammoth Cutters,AMMO,TRAINER,1000,32,34,94,1
41164,Mammoth Cutters,AMMO,TRAINER,1000,30,34,88,1
41164,Mammoth Cutters,AMMO,TRAINER,1000,32,34,94,1
41164,Mammoth Cutters,AMMO,TRAINER,1000,30,34,88,1
41164,Mammoth Cutters,AMMO,TRAINER,1000,32,34,94,1
41164,Mammoth Cutters,AMMO,TRAINER,1000,30,34,88,1
41164,Mammoth Cutters,AMMO,TRAINER,1000,32,34,94,1
41164,Mammoth Cutters,AMMO,TRAINER,1000,30,34,88,1
41164,Mammoth Cutters,AMMO,TRAINER,1000,32,34,94,1
41164,Mammoth Cutters,AMMO,TRAINER,1000,30,34,88,1
41164,Mammoth Cutters,AMMO,TRAINER,1000,32,34,94,1
41509,Frostweave Net,MISC,TRAINER,20,8157,9000,90,1
41509,Frostweave Net,MISC,TRAINER,5,7912,9000,87,1
23787,Felsteel Stabilizer,INTERMEDIATE,TRAINER,6,1,2,50,1
23787,Felsteel Stabilizer,INTERMEDIATE,TRAINER,6,1,2,50,1
23518,Felsteel Leggings,GEAR,DROP,1,5,8,62,1
23518,Felsteel Leggings,GEAR,DROP,1,4,8,50,1
23518,Felsteel Leggings,GEAR,DROP,1,4,8,50,1
23518,Felsteel Leggings,GEAR,DROP,1,4,8,50,1
23518,Felsteel Leggings,GEAR,DROP,1,5,8,62,1
10008,White Bandit Mask,GEAR,DROP,1,5008,6023,83,1
10008,White Bandit Mask,GEAR,DROP,1,4957,6023,82,1
10008,White Bandit Mask,GEAR,DROP,1,5008,6023,83,1
10008,White Bandit Mask,GEAR,DROP,1,4957,6023,82,1
10008,White Bandit Mask,GEAR,DROP,1,5008,6023,83,1
10008,White Bandit Mask,GEAR,DROP,1,4957,6023,82,1
10008,White Bandit Mask,GEAR,DROP,1,5008,6023,83,1
10008,White Bandit Mask,GEAR,DROP,1,4957,6023,82,1
10008,White Bandit Mask,GEAR,DROP,1,5008,6023,83,1
10008,White Bandit Mask,GEAR,DROP,1,4957,6023,82,1
44958,Ethereal Oil,INTERMEDIATE,TRAINER,14,74,96,77,1
32833,Purified Jaggal Pearl,GEM_CUT,TRAINER,1,8727,9280,94,1
32833,Purified Jaggal Pearl,GEM_CUT,TRAINER,1,8465,9280,91,1
32833,Purified Jaggal Pearl,GEM_CUT,TRAINER,1,8727,9280,94,1
32833,Purified Jaggal Pearl,GEM_CUT,TRAINER,1,8465,9280,91,1
32833,Purified Jaggal Pearl,GEM_CUT,TRAINER,1,8727,9280,94,1
32833,Purified Jaggal Pearl,GEM_CUT,TRAINER,1,8465,9280,91,1
32833,Purified Jaggal Pearl,GEM_CUT,TRAINER,1,8727,9280,94,1
32833,Purified Jaggal Pearl,GEM_CUT,TRAINER,1,8465,9280,91,1
32833,Purified Jaggal Pearl,GEM_CUT,TRAINER,1,8727,9280,94,1
32833,Purified Jaggal Pearl,GEM_CUT,TRAINER,1,8465,9280,91,1
32833,Purified Jaggal Pearl,GEM_CUT,TRAINER,1,8727,9280,94,1
41163,Titanium Bar,INTERMEDIATE,TRAINER,7,18032,20000,90,1
41163,Titanium Bar,INTERMEDIATE,TRAINER,3,17310,20000,86,1
32833,Purified Jaggal Pearl,GEM_CUT,TRAINER,1,6660,9280,71,1
32833,Purified Jaggal Pearl,GEM_CUT,TRAINER,1,6393,9280,68,1
32833,Purified Jaggal Pearl,GEM_CUT,TRAINER,1,6073,9280,65,1
32833,Purified Jaggal Pearl,GEM_CUT,TRAINER,1,6660,9280,71,1
32833,Purified Jaggal Pearl,GEM_CUT,TRAINER,1,6393,9280,68,1
32833,Purified Jaggal Pearl,GEM_CUT,TRAINER,1,6073,9280,65,1
32833,Purified Jaggal Pearl,GEM_CUT,TRAINER,1,6660,9280,71,1
32833,Purified Jaggal Pearl,GEM_CUT,TRAINER,1,6393,9280,68,1
32833,Purified Jaggal Pearl,GEM_CUT,TRAINER,1,6073,9280,65,1
32833,Purified Jaggal Pearl,GEM_CUT,TRAINER,1,6660,9280,71,1
32833,Purified Jaggal Pearl,GEM_CUT,TRAINER,1,6393,9280,68,1
22448,Small Prismatic Shard,INTERMEDIATE,TRAINER,20,1,0,0,1
22448,Small Prismatic Shard,INTERMEDIATE,TRAINER,4,1,0,0,1
22448,Small Prismatic Shard,INTERMEDIATE,TRAINER,12,1,0,0,1
41510,Bolt of Frostweave,INTERMEDIATE,TRAINER,8,28323,37500,75,1
41165,Saronite Razorheads,AMMO,TRAINER,1000,47,60,78,1
41165,Saronite Razorheads,AMMO,TRAINER,1000,44,60,73,1
41165,Saronite Razorheads,AMMO,TRAINER,1000,43,60,71,1
41165,Saronite Razorheads,AMMO,TRAINER,1000,47,60,78,1
41165,Saronite Razorheads,AMMO,TRAINER,1000,44,60,73,1
41165,Saronite Razorheads,AMMO,TRAINER,1000,43,60,71,1
41165,Saronite Razorheads,AMMO,TRAINER,1000,47,60,78,1
41165,Saronite Razorheads,AMMO,TRAINER,1000,44,60,73,1
41165,Saronite Razorheads,AMMO,TRAINER,1000,43,60,71,1
41165,Saronite Razorheads,AMMO,TRAINER,1000,47,60,78,1
41165,Saronite Razorheads,AMMO,TRAINER,1000,44,60,73,1
44958,Ethereal Oil,INTERMEDIATE,TRAINER,10,72,96,75,1
44958,Ethereal Oil,INTERMEDIATE,TRAINER,1,70,96,72,1
41509,Frostweave Net,MISC,TRAINER,20,7726,9000,85,1
41509,Frostweave Net,MISC,TRAINER,20,7571,9000,84,1
41509,Frostweave Net,MISC,TRAINER,20,7726,9000,85,1
41509,Frostweave Net,MISC,TRAINER,10,7571,9000,84,1
46378,Flask of Pure Mojo,FLASK,TRAINER,5,46244,53450,86,1
46378,Flask of Pure Mojo,FLASK,TRAINER,5,44856,53450,83,1
46378,Flask of Pure Mojo,FLASK,TRAINER,5,43510,53450,81,1
46378,Flask of Pure Mojo,FLASK,TRAINER,3,41769,53450,78,1
23787,Felsteel Stabilizer,INTERMEDIATE,TRAINER,1,1,2,50,1
23787,Felsteel Stabilizer,INTERMEDIATE,TRAINER,10,1,2,50,1
43249,Shadowmight Ring,GEAR,TRAINER,1,38836,48000,80,1
43249,Shadowmight Ring,GEAR,TRAINER,1,37670,48000,78,1
43249,Shadowmight Ring,GEAR,TRAINER,1,36163,48000,75,1
43249,Shadowmight Ring,GEAR,TRAINER,1,35801,48000,74,1
43249,Shadowmight Ring,GEAR,TRAINER,1,38836,48000,80,1
43249,Shadowmight Ring,GEAR,TRAINER,1,37670,48000,78,1
43249,Shadowmight Ring,GEAR,TRAINER,1,36163,48000,75,1
43249,Shadowmight Ring,GEAR,TRAINER,1,35801,48000,74,1
43249,Shadowmight Ring,GEAR,TRAINER,1,38836,48000,80,1
43249,Shadowmight Ring,GEAR,TRAINER,1,37670,48000,78,1
41603,Azure Spellthread,MISC,TRAINER,10,106753,124800,85,1
41509,Frostweave Net,MISC,TRAINER,20,7956,9000,88,1
41509,Frostweave Net,MISC,TRAINER,5,7717,9000,85,1
42420,Shadow Crystal Focusing Lens,MISC,TRAINER,1,18988,20000,94,1
42420,Shadow Crystal Focusing Lens,MISC,TRAINER,1,18418,20000,92,1
42420,Shadow Crystal Focusing Lens,MISC,TRAINER,1,18988,20000,94,1
42420,Shadow Crystal Focusing Lens,MISC,TRAINER,1,18418,20000,92,1
42420,Shadow Crystal Focusing Lens,MISC,TRAINER,1,18988,20000,94,1
42420,Shadow Crystal Focusing Lens,MISC,TRAINER,1,18418,20000,92,1
42420,Shadow Crystal Focusing Lens,MISC,TRAINER,1,18988,20000,94,1
42420,Shadow Crystal Focusing Lens,MISC,TRAINER,1,18418,20000,92,1
42420,Shadow Crystal Focusing Lens,MISC,TRAINER,1,18988,20000,94,1
42420,Shadow Crystal Focusing Lens,MISC,TRAINER,1,18418,20000,92,1
42420,Shadow Crystal Focusing Lens,MISC,TRAINER,1,18988,20000,94,1
45785,Glyph of Life Tap,MISC,UNSOURCED,13,294,315,93,1
43853,Titanium Skeleton Key,MISC,TRAINER,20,5860,7000,83,1
43853,Titanium Skeleton Key,MISC,TRAINER,20,5742,7000,82,1
43853,Titanium Skeleton Key,MISC,TRAINER,20,5454,7000,77,1
43853,Titanium Skeleton Key,MISC,TRAINER,20,5860,7000,83,1
43853,Titanium Skeleton Key,MISC,TRAINER,20,5742,7000,82,1
43853,Titanium Skeleton Key,MISC,TRAINER,20,5454,7000,77,1
43853,Titanium Skeleton Key,MISC,TRAINER,20,5860,7000,83,1
43853,Titanium Skeleton Key,MISC,TRAINER,20,5742,7000,82,1
43853,Titanium Skeleton Key,MISC,TRAINER,20,5454,7000,77,1
43853,Titanium Skeleton Key,MISC,TRAINER,20,5860,7000,83,1
43853,Titanium Skeleton Key,MISC,TRAINER,20,5742,7000,82,1
43853,Titanium Skeleton Key,MISC,TRAINER,20,5454,7000,77,1
43853,Titanium Skeleton Key,MISC,TRAINER,20,5860,7000,83,1
43853,Titanium Skeleton Key,MISC,TRAINER,20,5742,7000,82,1
43853,Titanium Skeleton Key,MISC,TRAINER,20,5454,7000,77,1
36913,Saronite Bar,INTERMEDIATE,TRAINER,7,24543,30000,81,1
36913,Saronite Bar,INTERMEDIATE,TRAINER,2,23806,30000,79,1
4304,Thick Leather,INTERMEDIATE,TRAINER,13,2552,3636,70,1
4304,Thick Leather,INTERMEDIATE,TRAINER,2,2526,3636,69,1
44958,Ethereal Oil,INTERMEDIATE,TRAINER,2,77,96,80,1
44958,Ethereal Oil,INTERMEDIATE,TRAINER,10,75,96,78,1
22448,Small Prismatic Shard,INTERMEDIATE,TRAINER,20,1,0,0,1
22448,Small Prismatic Shard,INTERMEDIATE,TRAINER,8,1,0,0,1
22448,Small Prismatic Shard,INTERMEDIATE,TRAINER,11,1,0,0,1
23518,Felsteel Leggings,GEAR,DROP,1,6,8,75,1
23518,Felsteel Leggings,GEAR,DROP,1,5,8,62,1
23518,Felsteel Leggings,GEAR,DROP,1,4,8,50,1
23518,Felsteel Leggings,GEAR,DROP,1,6,8,75,1
23518,Felsteel Leggings,GEAR,DROP,1,5,8,62,1
23518,Felsteel Leggings,GEAR,DROP,1,4,8,50,1
23518,Felsteel Leggings,GEAR,DROP,1,6,8,75,1
23518,Felsteel Leggings,GEAR,DROP,1,5,8,62,1
23518,Felsteel Leggings,GEAR,DROP,1,4,8,50,1
41604,Sapphire Spellthread,MISC,VENDOR,12,391096,586000,66,1
41510,Bolt of Frostweave,INTERMEDIATE,TRAINER,7,28290,37500,75,1
41510,Bolt of Frostweave,INTERMEDIATE,TRAINER,6,27158,37500,72,1
41509,Frostweave Net,MISC,TRAINER,20,7353,9000,81,1
41509,Frostweave Net,MISC,TRAINER,15,7058,9000,78,1
41164,Mammoth Cutters,AMMO,TRAINER,1000,33,34,97,1
41164,Mammoth Cutters,AMMO,TRAINER,1000,31,34,91,1
41164,Mammoth Cutters,AMMO,TRAINER,1000,29,34,85,1
41164,Mammoth Cutters,AMMO,TRAINER,1000,33,34,97,1
41164,Mammoth Cutters,AMMO,TRAINER,1000,31,34,91,1
41164,Mammoth Cutters,AMMO,TRAINER,1000,29,34,85,1
41164,Mammoth Cutters,AMMO,TRAINER,1000,33,34,97,1
41164,Mammoth Cutters,AMMO,TRAINER,1000,31,34,91,1
41164,Mammoth Cutters,AMMO,TRAINER,1000,29,34,85,1
41164,Mammoth Cutters,AMMO,TRAINER,1000,33,34,97,1
41164,Mammoth Cutters,AMMO,TRAINER,1000,31,34,91,1
23519,Felsteel Helm,GEAR,DROP,1,5,8,62,1
23519,Felsteel Helm,GEAR,DROP,1,4,8,50,1
23519,Felsteel Helm,GEAR,DROP,1,5,8,62,1
23519,Felsteel Helm,GEAR,DROP,1,4,8,50,1
23519,Felsteel Helm,GEAR,DROP,1,5,8,62,1
23519,Felsteel Helm,GEAR,DROP,1,4,8,50,1
23519,Felsteel Helm,GEAR,DROP,1,5,8,62,1
23519,Felsteel Helm,GEAR,DROP,1,4,8,50,1
23519,Felsteel Helm,GEAR,DROP,1,5,8,62,1
32836,Purified Shadow Pearl,GEM_CUT,TRAINER,1,6299,9280,67,1
32836,Purified Shadow Pearl,GEM_CUT,TRAINER,1,6047,9280,65,1
32836,Purified Shadow Pearl,GEM_CUT,TRAINER,1,5805,9280,62,1
32836,Purified Shadow Pearl,GEM_CUT,TRAINER,1,5746,9280,61,1
32836,Purified Shadow Pearl,GEM_CUT,TRAINER,1,6299,9280,67,1
32836,Purified Shadow Pearl,GEM_CUT,TRAINER,1,6047,9280,65,1
32836,Purified Shadow Pearl,GEM_CUT,TRAINER,1,5805,9280,62,1
32836,Purified Shadow Pearl,GEM_CUT,TRAINER,1,5746,9280,61,1
32836,Purified Shadow Pearl,GEM_CUT,TRAINER,1,6299,9280,67,1
32836,Purified Shadow Pearl,GEM_CUT,TRAINER,1,6047,9280,65,1
41509,Frostweave Net,MISC,TRAINER,20,6804,9000,75,1
41509,Frostweave Net,MISC,TRAINER,10,6463,9000,71,1
45785,Glyph of Life Tap,MISC,UNSOURCED,8,288,315,91,1
23517,Felsteel Gloves,GEAR,DROP,1,5,6,83,1
23517,Felsteel Gloves,GEAR,DROP,1,4,6,66,1
23517,Felsteel Gloves,GEAR,DROP,1,3,6,50,1
23517,Felsteel Gloves,GEAR,DROP,1,3,6,50,1
23517,Felsteel Gloves,GEAR,DROP,1,5,6,83,1
23517,Felsteel Gloves,GEAR,DROP,1,4,6,66,1
23517,Felsteel Gloves,GEAR,DROP,1,3,6,50,1
23517,Felsteel Gloves,GEAR,DROP,1,3,6,50,1
23517,Felsteel Gloves,GEAR,DROP,1,5,6,83,1
23517,Felsteel Gloves,GEAR,DROP,1,4,6,66,1
23517,Felsteel Gloves,GEAR,DROP,1,3,6,50,1
23517,Felsteel Gloves,GEAR,DROP,1,3,6,50,1
22448,Small Prismatic Shard,INTERMEDIATE,TRAINER,20,1,0,0,1
22448,Small Prismatic Shard,INTERMEDIATE,TRAINER,5,1,0,0,1
22448,Small Prismatic Shard,INTERMEDIATE,TRAINER,2,1,0,0,1
23787,Felsteel Stabilizer,INTERMEDIATE,TRAINER,5,1,2,50,1
23787,Felsteel Stabilizer,INTERMEDIATE,TRAINER,4,1,2,50,1
24268,Netherweave Net,MISC,TRAINER,20,4717,7200,65,1
24268,Netherweave Net,MISC,TRAINER,8,4528,7200,62,1
41509,Frostweave Net,MISC,TRAINER,20,8010,9000,89,1
41509,Frostweave Net,MISC,TRAINER,20,7609,9000,84,1
41509,Frostweave Net,MISC,TRAINER,20,8010,9000,89,1
41509,Frostweave Net,MISC,TRAINER,5,7609,9000,84,1
33568,Borean Leather,INTERMEDIATE,TRAINER,1,13979,13500,103,1
33568,Borean Leather,INTERMEDIATE,TRAINER,4,13839,13500,102,1
23518,Felsteel Leggings,GEAR,DROP,1,5,8,62,1
23518,Felsteel Leggings,GEAR,DROP,1,4,8,50,1
23518,Felsteel Leggings,GEAR,DROP,1,4,8,50,1
23518,Felsteel Leggings,GEAR,DROP,1,5,8,62,1
23518,Felsteel Leggings,GEAR,DROP,1,4,8,50,1
23518,Felsteel Leggings,GEAR,DROP,1,4,8,50,1
23518,Felsteel Leggings,GEAR,DROP,1,5,8,62,1
23518,Felsteel Leggings,GEAR,DROP,1,4,8,50,1
23518,Felsteel Leggings,GEAR,DROP,1,4,8,50,1
23518,Felsteel Leggings,GEAR,DROP,1,5,8,62,1
23518,Felsteel Leggings,GEAR,DROP,1,4,8,50,1
41165,Saronite Razorheads,AMMO,TRAINER,1000,42,60,70,1
41165,Saronite Razorheads,AMMO,TRAINER,1000,40,60,66,1
41165,Saronite Razorheads,AMMO,TRAINER,1000,38,60,63,1
41165,Saronite Razorheads,AMMO,TRAINER,1000,37,60,61,1
41165,Saronite Razorheads,AMMO,TRAINER,1000,42,60,70,1
45785,Glyph of Life Tap,MISC,UNSOURCED,10,212,315,67,1
23517,Felsteel Gloves,GEAR,DROP,1,4,6,66,1
23517,Felsteel Gloves,GEAR,DROP,1,3,6,50,1
23517,Felsteel Gloves,GEAR,DROP,1,3,6,50,1
23517,Felsteel Gloves,GEAR,DROP,1,4,6,66,1
23517,Felsteel Gloves,GEAR,DROP,1,3,6,50,1
23517,Felsteel Gloves,GEAR,DROP,1,3,6,50,1
23517,Felsteel Gloves,GEAR,DROP,1,4,6,66,1
23517,Felsteel Gloves,GEAR,DROP,1,3,6,50,1
23517,Felsteel Gloves,GEAR,DROP,1,3,6,50,1
23517,Felsteel Gloves,GEAR,DROP,1,4,6,66,1
23517,Felsteel Gloves,GEAR,DROP,1,3,6,50,1
23517,Felsteel Gloves,GEAR,DROP,1,3,6,50,1
23517,Felsteel Gloves,GEAR,DROP,1,4,6,66,1
23517,Felsteel Gloves,GEAR,DROP,1,3,6,50,1
23517,Felsteel Gloves,GEAR,DROP,1,4,6,66,1
23517,Felsteel Gloves,GEAR,DROP,1,3,6,50,1
23517,Felsteel Gloves,GEAR,DROP,1,4,6,66,1
23519,Felsteel Helm,GEAR,DROP,1,6,8,75,1
23519,Felsteel Helm,GEAR,DROP,1,5,8,62,1
23519,Felsteel Helm,GEAR,DROP,1,4,8,50,1
23519,Felsteel Helm,GEAR,DROP,1,6,8,75,1
23519,Felsteel Helm,GEAR,DROP,1,5,8,62,1
23519,Felsteel Helm,GEAR,DROP,1,4,8,50,1
23519,Felsteel Helm,GEAR,DROP,1,6,8,75,1
41601,Shining Spellthread,MISC,TRAINER,15,95846,124800,76,1
22522,Superior Wizard Oil,MISC,VENDOR,1,20997,26039,80,1
22522,Superior Wizard Oil,MISC,VENDOR,1,20577,26039,79,1
22522,Superior Wizard Oil,MISC,VENDOR,1,20165,26039,77,1
22522,Superior Wizard Oil,MISC,VENDOR,1,20997,26039,80,1
22522,Superior Wizard Oil,MISC,VENDOR,1,20577,26039,79,1
22522,Superior Wizard Oil,MISC,VENDOR,1,20165,26039,77,1
22522,Superior Wizard Oil,MISC,VENDOR,1,20997,26039,80,1
41593,Ebonweave,INTERMEDIATE,TRAINER,4,180180,195000,92,1
41593,Ebonweave,INTERMEDIATE,TRAINER,1,171171,195000,87,1
44958,Ethereal Oil,INTERMEDIATE,TRAINER,1,76,96,79,1
44958,Ethereal Oil,INTERMEDIATE,TRAINER,4,72,96,75,1
40195,Pygmy Oil,INTERMEDIATE,TRAINER,4,245,300,81,1
40195,Pygmy Oil,INTERMEDIATE,TRAINER,2,232,300,77,1
34769,Imperial Manta Steak,FOOD,VENDOR,10,32,49,65,1
41601,Shining Spellthread,MISC,TRAINER,14,114266,124800,91,1
41593,Ebonweave,INTERMEDIATE,TRAINER,10,140400,195000,72,1
41593,Ebonweave,INTERMEDIATE,TRAINER,3,137592,195000,70,1
32836,Purified Shadow Pearl,GEM_CUT,TRAINER,1,7740,9280,83,1
32836,Purified Shadow Pearl,GEM_CUT,TRAINER,1,7353,9280,79,1
32836,Purified Shadow Pearl,GEM_CUT,TRAINER,1,6985,9280,75,1
32836,Purified Shadow Pearl,GEM_CUT,TRAINER,1,6915,9280,74,1
32836,Purified Shadow Pearl,GEM_CUT,TRAINER,1,7740,9280,83,1
32836,Purified Shadow Pearl,GEM_CUT,TRAINER,1,7353,9280,79,1
32836,Purified Shadow Pearl,GEM_CUT,TRAINER,1,6985,9280,75,1
32836,Purified Shadow Pearl,GEM_CUT,TRAINER,1,6915,9280,74,1
32836,Purified Shadow Pearl,GEM_CUT,TRAINER,1,7740,9280,83,1
32836,Purified Shadow Pearl,GEM_CUT,TRAINER,1,7353,9280,79,1
32836,Purified Shadow Pearl,GEM_CUT,TRAINER,1,6985,9280,75,1
32836,Purified Shadow Pearl,GEM_CUT,TRAINER,1,6915,9280,74,1
41600,Glacial Bag,BAG,VENDOR,1,929016,990000,93,1
41600,Glacial Bag,BAG,VENDOR,1,882565,990000,89,1
41600,Glacial Bag,BAG,VENDOR,1,838436,990000,84,1
41600,Glacial Bag,BAG,VENDOR,1,929016,990000,93,1
41600,Glacial Bag,BAG,VENDOR,1,882565,990000,89,1
41600,Glacial Bag,BAG,VENDOR,1,838436,990000,84,1
41600,Glacial Bag,BAG,VENDOR,1,929016,990000,93,1
41600,Glacial Bag,BAG,VENDOR,1,882565,990000,89,1
41600,Glacial Bag,BAG,VENDOR,1,838436,990000,84,1
41600,Glacial Bag,BAG,VENDOR,1,929016,990000,93,1
41600,Glacial Bag,BAG,VENDOR,1,882565,990000,89,1
41600,Glacial Bag,BAG,VENDOR,1,838436,990000,84,1
41600,Glacial Bag,BAG,VENDOR,1,929016,990000,93,1
22448,Small Prismatic Shard,INTERMEDIATE,TRAINER,2,1,0,0,1
22448,Small Prismatic Shard,INTERMEDIATE,TRAINER,13,1,0,0,1
8827,Elixir of Water Walking,ELIXIR_POT,UNSOURCED,13,5228,6180,84,1
41163,Titanium Bar,INTERMEDIATE,TRAINER,5,17808,20000,89,1
41163,Titanium Bar,INTERMEDIATE,TRAINER,8,17095,20000,85,1
21754,The Aquamarine Ward,GEAR,DROP,1,7653,9545,80,1
21754,The Aquamarine Ward,GEAR,DROP,1,7499,9545,78,1
21754,The Aquamarine Ward,GEAR,DROP,1,7653,9545,80,1
21754,The Aquamarine Ward,GEAR,DROP,1,7499,9545,78,1
21754,The Aquamarine Ward,GEAR,DROP,1,7653,9545,80,1
21754,The Aquamarine Ward,GEAR,DROP,1,7499,9545,78,1
21754,The Aquamarine Ward,GEAR,DROP,1,7653,9545,80,1
21754,The Aquamarine Ward,GEAR,DROP,1,7499,9545,78,1
21754,The Aquamarine Ward,GEAR,DROP,1,7653,9545,80,1
21754,The Aquamarine Ward,GEAR,DROP,1,7499,9545,78,1
21754,The Aquamarine Ward,GEAR,DROP,1,7653,9545,80,1
21754,The Aquamarine Ward,GEAR,DROP,1,7499,9545,78,1
21754,The Aquamarine Ward,GEAR,DROP,1,7653,9545,80,1
21754,The Aquamarine Ward,GEAR,DROP,1,7499,9545,78,1
21754,The Aquamarine Ward,GEAR,DROP,1,7653,9545,80,1
23518,Felsteel Leggings,GEAR,DROP,1,6,8,75,1
23518,Felsteel Leggings,GEAR,DROP,1,5,8,62,1
23518,Felsteel Leggings,GEAR,DROP,1,4,8,50,1
23518,Felsteel Leggings,GEAR,DROP,1,6,8,75,1
23518,Felsteel Leggings,GEAR,DROP,1,5,8,62,1
23518,Felsteel Leggings,GEAR,DROP,1,4,8,50,1
23518,Felsteel Leggings,GEAR,DROP,1,6,8,75,1
23518,Felsteel Leggings,GEAR,DROP,1,5,8,62,1
41509,Frostweave Net,MISC,TRAINER,20,7920,9000,88,1
41509,Frostweave Net,MISC,TRAINER,15,7840,9000,87,1
41510,Bolt of Frostweave,INTERMEDIATE,TRAINER,8,32298,37500,86,1
41510,Bolt of Frostweave,INTERMEDIATE,TRAINER,1,31006,37500,82,1
41594,Moonshroud,INTERMEDIATE,TRAINER,4,159529,195000,81,1
41594,Moonshroud,INTERMEDIATE,TRAINER,6,151552,195000,77,1
23519,Felsteel Helm,GEAR,DROP,1,6,8,75,1
23519,Felsteel Helm,GEAR,DROP,1,5,8,62,1
23519,Felsteel Helm,GEAR,DROP,1,4,8,50,1
23519,Felsteel Helm,GEAR,DROP,1,6,8,75,1
23519,Felsteel Helm,GEAR,DROP,1,5,8,62,1
23519,Felsteel Helm,GEAR,DROP,1,4,8,50,1
23519,Felsteel Helm,GEAR,DROP,1,6,8,75,1
23519,Felsteel Helm,GEAR,DROP,1,5,8,62,1
23519,Felsteel Helm,GEAR,DROP,1,4,8,50,1
23519,Felsteel Helm,GEAR,DROP,1,6,8,75,1
23519,Felsteel Helm,GEAR,DROP,1,5,8,62,1
23519,Felsteel Helm,GEAR,DROP,1,4,8,50,1
23519,Felsteel Helm,GEAR,DROP,1,6,8,75,1
23519,Felsteel Helm,GEAR,DROP,1,5,8,62,1
23519,Felsteel Helm,GEAR,DROP,1,4,8,50,1
41509,Frostweave Net,MISC,TRAINER,20,6804,9000,75,1
41509,Frostweave Net,MISC,TRAINER,20,6667,9000,74,1
41509,Frostweave Net,MISC,TRAINER,20,6466,9000,71,1
41509,Frostweave Net,MISC,TRAINER,15,6142,9000,68,1
40195,Pygmy Oil,INTERMEDIATE,TRAINER,6,253,300,84,1
40195,Pygmy Oil,INTERMEDIATE,TRAINER,9,240,300,80,1
41163,Titanium Bar,INTERMEDIATE,TRAINER,8,15288,20000,76,1
41163,Titanium Bar,INTERMEDIATE,TRAINER,7,14676,20000,73,1
38411,Iceborne Shoulderpads,GEAR,TRAINER,1,71820,90000,79,1
38411,Iceborne Shoulderpads,GEAR,TRAINER,1,71101,90000,79,1
38411,Iceborne Shoulderpads,GEAR,TRAINER,1,71820,90000,79,1
38411,Iceborne Shoulderpads,GEAR,TRAINER,1,71101,90000,79,1
38411,Iceborne Shoulderpads,GEAR,TRAINER,1,71820,90000,79,1
38411,Iceborne Shoulderpads,GEAR,TRAINER,1,71101,90000,79,1
38411,Iceborne Shoulderpads,GEAR,TRAINER,1,71820,90000,79,1
38411,Iceborne Shoulderpads,GEAR,TRAINER,1,71101,90000,79,1
38411,Iceborne Shoulderpads,GEAR,TRAINER,1,71820,90000,79,1
38411,Iceborne Shoulderpads,GEAR,TRAINER,1,71101,90000,79,1
38411,Iceborne Shoulderpads,GEAR,TRAINER,1,71820,90000,79,1
45785,Glyph of Life Tap,MISC,UNSOURCED,13,258,315,81,1
41509,Frostweave Net,MISC,TRAINER,20,7484,9000,83,1
41509,Frostweave Net,MISC,TRAINER,20,7109,9000,78,1
41509,Frostweave Net,MISC,TRAINER,20,6753,9000,75,1
41509,Frostweave Net,MISC,TRAINER,5,6415,9000,71,1
33568,Borean Leather,INTERMEDIATE,TRAINER,8,12953,13500,95,1
45785,Glyph of Life Tap,MISC,UNSOURCED,8,252,315,80,1
44331,Elixir of Lightning Speed,ELIXIR_POT,UNSOURCED,15,7489,11400,65,1
45778,Glyph of Stoneclaw Totem,MISC,UNSOURCED,11,287,315,91,1
41509,Frostweave Net,MISC,TRAINER,20,7803,9000,86,1
41509,Frostweave Net,MISC,TRAINER,20,7412,9000,82,1
41509,Frostweave Net,MISC,TRAINER,20,7803,9000,86,1
41509,Frostweave Net,MISC,TRAINER,15,7412,9000,82,1
41164,Mammoth Cutters,AMMO,TRAINER,1000,29,34,85,1
41164,Mammoth Cutters,AMMO,TRAINER,1000,27,34,79,1
41164,Mammoth Cutters,AMMO,TRAINER,1000,26,34,76,1
41164,Mammoth Cutters,AMMO,TRAINER,1000,24,34,70,1
41164,Mammoth Cutters,AMMO,TRAINER,1000,29,34,85,1
41164,Mammoth Cutters,AMMO,TRAINER,1000,27,34,79,1
41164,Mammoth Cutters,AMMO,TRAINER,1000,26,34,76,1
41164,Mammoth Cutters,AMMO,TRAINER,1000,24,34,70,1
41164,Mammoth Cutters,AMMO,TRAINER,1000,29,34,85,1
41164,Mammoth Cutters,AMMO,TRAINER,1000,27,34,79,1
41164,Mammoth Cutters,AMMO,TRAINER,1000,26,34,76,1
41164,Mammoth Cutters,AMMO,TRAINER,1000,24,34,70,1
41164,Mammoth Cutters,AMMO,TRAINER,1000,29,34,85,1
41164,Mammoth Cutters,AMMO,TRAINER,1000,27,34,79,1
41164,Mammoth Cutters,AMMO,TRAINER,1000,26,34,76,1
23517,Felsteel Gloves,GEAR,DROP,1,3,6,50,1
23517,Felsteel Gloves,GEAR,DROP,1,3,6,50,1
23517,Felsteel Gloves,GEAR,DROP,1,3,6,50,1
23517,Felsteel Gloves,GEAR,DROP,1,3,6,50,1
23517,Felsteel Gloves,GEAR,DROP,1,3,6,50,1
23517,Felsteel Gloves,GEAR,DROP,1,3,6,50,1
32836,Purified Shadow Pearl,GEM_CUT,TRAINER,1,7750,9280,83,1
32836,Purified Shadow Pearl,GEM_CUT,TRAINER,1,7440,9280,80,1
32836,Purified Shadow Pearl,GEM_CUT,TRAINER,1,7216,9280,77,1
32836,Purified Shadow Pearl,GEM_CUT,TRAINER,1,7750,9280,83,1
32836,Purified Shadow Pearl,GEM_CUT,TRAINER,1,7440,9280,80,1
32836,Purified Shadow Pearl,GEM_CUT,TRAINER,1,7216,9280,77,1
32836,Purified Shadow Pearl,GEM_CUT,TRAINER,1,7750,9280,83,1
32836,Purified Shadow Pearl,GEM_CUT,TRAINER,1,7440,9280,80,1
32836,Purified Shadow Pearl,GEM_CUT,TRAINER,1,7216,9280,77,1
32836,Purified Shadow Pearl,GEM_CUT,TRAINER,1,7750,9280,83,1
32836,Purified Shadow Pearl,GEM_CUT,TRAINER,1,7440,9280,80,1
23787,Felsteel Stabilizer,INTERMEDIATE,TRAINER,12,1,2,50,1
23787,Felsteel Stabilizer,INTERMEDIATE,TRAINER,1,1,2,50,1
42337,Sun Rock Ring,GEAR,TRAINER,1,19453,24800,78,1
42337,Sun Rock Ring,GEAR,TRAINER,1,18674,24800,75,1
42337,Sun Rock Ring,GEAR,TRAINER,1,18113,24800,73,1
42337,Sun Rock Ring,GEAR,TRAINER,1,17569,24800,70,1
42337,Sun Rock Ring,GEAR,TRAINER,1,19453,24800,78,1
42337,Sun Rock Ring,GEAR,TRAINER,1,18674,24800,75,1
42337,Sun Rock Ring,GEAR,TRAINER,1,18113,24800,73,1
42337,Sun Rock Ring,GEAR,TRAINER,1,17569,24800,70,1
22522,Superior Wizard Oil,MISC,VENDOR,1,21052,26039,80,1
22522,Superior Wizard Oil,MISC,VENDOR,1,20841,26039,80,1
22522,Superior Wizard Oil,MISC,VENDOR,1,20215,26039,77,1
22522,Superior Wizard Oil,MISC,VENDOR,1,21052,26039,80,1
22522,Superior Wizard Oil,MISC,VENDOR,1,20841,26039,80,1
22522,Superior Wizard Oil,MISC,VENDOR,1,20215,26039,77,1
22522,Superior Wizard Oil,MISC,VENDOR,1,21052,26039,80,1
22522,Superior Wizard Oil,MISC,VENDOR,1,20841,26039,80,1
22522,Superior Wizard Oil,MISC,VENDOR,1,20215,26039,77,1
41593,Ebonweave,INTERMEDIATE,TRAINER,8,187785,195000,96,1
41593,Ebonweave,INTERMEDIATE,TRAINER,4,182151,195000,93,1
41509,Frostweave Net,MISC,TRAINER,20,7192,9000,79,1
41509,Frostweave Net,MISC,TRAINER,20,7048,9000,78,1
41509,Frostweave Net,MISC,TRAINER,20,6695,9000,74,1
25679,Comfortable Insoles,MISC,VENDOR,8,8611,10000,86,1
23787,Felsteel Stabilizer,INTERMEDIATE,TRAINER,3,1,2,50,1
23787,Felsteel Stabilizer,INTERMEDIATE,TRAINER,8,1,2,50,1
24269,Heavy Netherweave Net,MISC,UNSOURCED,20,9676,14400,67,1
24269,Heavy Netherweave Net,MISC,UNSOURCED,8,9482,14400,65,1
43244,Crystal Citrine Necklace,GEAR,TRAINER,1,18471,24800,74,1
43244,Crystal Citrine Necklace,GEAR,TRAINER,1,18286,24800,73,1
43244,Crystal Citrine Necklace,GEAR,TRAINER,1,17920,24800,72,1
43244,Crystal Citrine Necklace,GEAR,TRAINER,1,18471,24800,74,1
43244,Crystal Citrine Necklace,GEAR,TRAINER,1,18286,24800,73,1
43244,Crystal Citrine Necklace,GEAR,TRAINER,1,17920,24800,72,1
43244,Crystal Citrine Necklace,GEAR,TRAINER,1,18471,24800,74,1
43244,Crystal Citrine Necklace,GEAR,TRAINER,1,18286,24800,73,1
43244,Crystal Citrine Necklace,GEAR,TRAINER,1,17920,24800,72,1
43244,Crystal Citrine Necklace,GEAR,TRAINER,1,18471,24800,74,1
43244,Crystal Citrine Necklace,GEAR,TRAINER,1,18286,24800,73,1
43244,Crystal Citrine Necklace,GEAR,TRAINER,1,17920,24800,72,1
43244,Crystal Citrine Necklace,GEAR,TRAINER,1,18471,24800,74,1
43244,Crystal Citrine Necklace,GEAR,TRAINER,1,18286,24800,73,1
43244,Crystal Citrine Necklace,GEAR,TRAINER,1,17920,24800,72,1
41593,Ebonweave,INTERMEDIATE,TRAINER,6,137865,195000,70,1
41593,Ebonweave,INTERMEDIATE,TRAINER,2,132350,195000,67,1
24268,Netherweave Net,MISC,TRAINER,12,6343,7200,88,1
41509,Frostweave Net,MISC,TRAINER,20,8037,9000,89,1
41509,Frostweave Net,MISC,TRAINER,20,7635,9000,84,1
32833,Purified Jaggal Pearl,GEM_CUT,TRAINER,1,6840,9280,73,1
32833,Purified Jaggal Pearl,GEM_CUT,TRAINER,1,6703,9280,72,1
32833,Purified Jaggal Pearl,GEM_CUT,TRAINER,1,6434,9280,69,1
32833,Purified Jaggal Pearl,GEM_CUT,TRAINER,1,6840,9280,73,1
32833,Purified Jaggal Pearl,GEM_CUT,TRAINER,1,6703,9280,72,1
32833,Purified Jaggal Pearl,GEM_CUT,TRAINER,1,6434,9280,69,1
32833,Purified Jaggal Pearl,GEM_CUT,TRAINER,1,6840,9280,73,1
32833,Purified Jaggal Pearl,GEM_CUT,TRAINER,1,6703,9280,72,1
32833,Purified Jaggal Pearl,GEM_CUT,TRAINER,1,6434,9280,69,1
32833,Purified Jaggal Pearl,GEM_CUT,TRAINER,1,6840,9280,73,1
32833,Purified Jaggal Pearl,GEM_CUT,TRAINER,1,6703,9280,72,1
32833,Purified Jaggal Pearl,GEM_CUT,TRAINER,1,6434,9280,69,1
32833,Purified Jaggal Pearl,GEM_CUT,TRAINER,1,6840,9280,73,1
5966,Guardian Gloves,GEAR,TRAINER,1,3759,4183,89,1
5966,Guardian Gloves,GEAR,TRAINER,1,3721,4183,88,1
5966,Guardian Gloves,GEAR,TRAINER,1,3683,4183,88,1
5966,Guardian Gloves,GEAR,TRAINER,1,3759,4183,89,1
5966,Guardian Gloves,GEAR,TRAINER,1,3721,4183,88,1
5966,Guardian Gloves,GEAR,TRAINER,1,3683,4183,88,1
5966,Guardian Gloves,GEAR,TRAINER,1,3759,4183,89,1
5966,Guardian Gloves,GEAR,TRAINER,1,3721,4183,88,1
5966,Guardian Gloves,GEAR,TRAINER,1,3683,4183,88,1
5966,Guardian Gloves,GEAR,TRAINER,1,3759,4183,89,1
5966,Guardian Gloves,GEAR,TRAINER,1,3721,4183,88,1
5966,Guardian Gloves,GEAR,TRAINER,1,3683,4183,88,1
5966,Guardian Gloves,GEAR,TRAINER,1,3759,4183,89,1
23519,Felsteel Helm,GEAR,DROP,1,4,8,50,1
23519,Felsteel Helm,GEAR,DROP,1,4,8,50,1
23519,Felsteel Helm,GEAR,DROP,1,4,8,50,1
23519,Felsteel Helm,GEAR,DROP,1,4,8,50,1
23519,Felsteel Helm,GEAR,DROP,1,4,8,50,1
23519,Felsteel Helm,GEAR,DROP,1,4,8,50,1
23519,Felsteel Helm,GEAR,DROP,1,4,8,50,1
23519,Felsteel Helm,GEAR,DROP,1,4,8,50,1
23519,Felsteel Helm,GEAR,DROP,1,4,8,50,1
23519,Felsteel Helm,GEAR,DROP,1,4,8,50,1
34766,Poached Northern Sculpin,FOOD,VENDOR,6,39,49,79,1
41594,Moonshroud,INTERMEDIATE,TRAINER,2,152100,195000,78,1
41594,Moonshroud,INTERMEDIATE,TRAINER,3,147537,195000,75,1
23448,Felsteel Bar,INTERMEDIATE,TRAINER,14,79708,76000,104,0
23448,Felsteel Bar,INTERMEDIATE,TRAINER,1,78113,76000,102,0
43244,Crystal Citrine Necklace,GEAR,TRAINER,1,21144,24800,85,1
43244,Crystal Citrine Necklace,GEAR,TRAINER,1,20509,24800,82,1
43244,Crystal Citrine Necklace,GEAR,TRAINER,1,19483,24800,78,1
43244,Crystal Citrine Necklace,GEAR,TRAINER,1,18898,24800,76,1
43244,Crystal Citrine Necklace,GEAR,TRAINER,1,21144,24800,85,1
43244,Crystal Citrine Necklace,GEAR,TRAINER,1,20509,24800,82,1
43244,Crystal Citrine Necklace,GEAR,TRAINER,1,19483,24800,78,1
43244,Crystal Citrine Necklace,GEAR,TRAINER,1,18898,24800,76,1
43244,Crystal Citrine Necklace,GEAR,TRAINER,1,21144,24800,85,1
43244,Crystal Citrine Necklace,GEAR,TRAINER,1,20509,24800,82,1
43244,Crystal Citrine Necklace,GEAR,TRAINER,1,19483,24800,78,1
43244,Crystal Citrine Necklace,GEAR,TRAINER,1,18898,24800,76,1
43244,Crystal Citrine Necklace,GEAR,TRAINER,1,21144,24800,85,1
22448,Small Prismatic Shard,INTERMEDIATE,TRAINER,10,1,0,0,1
22448,Small Prismatic Shard,INTERMEDIATE,TRAINER,8,1,0,0,1
23518,Felsteel Leggings,GEAR,DROP,1,5,8,62,1
23518,Felsteel Leggings,GEAR,DROP,1,4,8,50,1
23518,Felsteel Leggings,GEAR,DROP,1,5,8,62,1
23518,Felsteel Leggings,GEAR,DROP,1,4,8,50,1
23518,Felsteel Leggings,GEAR,DROP,1,5,8,62,1
23518,Felsteel Leggings,GEAR,DROP,1,4,8,50,1
24269,Heavy Netherweave Net,MISC,UNSOURCED,20,10975,14400,76,1
24269,Heavy Netherweave Net,MISC,UNSOURCED,2,10426,14400,72,1
23447,Eternium Bar,INTERMEDIATE,TRAINER,5,20000,20000,100,0
23447,Eternium Bar,INTERMEDIATE,TRAINER,1,20000,20000,100,0
21990,Netherweave Bandage,MISC,TRAINER,6,4183,4800,87,1
23447,Eternium Bar,INTERMEDIATE,TRAINER,7,17056,20000,85,1
43250,Ring of Earthen Might,GEAR,VENDOR,1,81452,88000,92,1
43250,Ring of Earthen Might,GEAR,VENDOR,1,78193,88000,88,1
43250,Ring of Earthen Might,GEAR,VENDOR,1,77411,88000,87,1
43250,Ring of Earthen Might,GEAR,VENDOR,1,81452,88000,92,1
43250,Ring of Earthen Might,GEAR,VENDOR,1,78193,88000,88,1
43250,Ring of Earthen Might,GEAR,VENDOR,1,77411,88000,87,1
43250,Ring of Earthen Might,GEAR,VENDOR,1,81452,88000,92,1
44958,Ethereal Oil,INTERMEDIATE,TRAINER,3,73,96,76,1
44958,Ethereal Oil,INTERMEDIATE,TRAINER,6,72,96,75,1
44958,Ethereal Oil,INTERMEDIATE,TRAINER,6,88,96,91,1
44958,Ethereal Oil,INTERMEDIATE,TRAINER,6,84,96,87,1
22448,Small Prismatic Shard,INTERMEDIATE,TRAINER,15,1,0,0,1
41595,Spellweave,INTERMEDIATE,TRAINER,9,127374,195000,65,1
41595,Spellweave,INTERMEDIATE,TRAINER,3,126100,195000,64,1
41593,Ebonweave,INTERMEDIATE,TRAINER,2,184782,195000,94,1
41593,Ebonweave,INTERMEDIATE,TRAINER,6,175542,195000,90,1
41163,Titanium Bar,INTERMEDIATE,TRAINER,7,13020,20000,65,1
41163,Titanium Bar,INTERMEDIATE,TRAINER,2,12889,20000,64,1
41165,Saronite Razorheads,AMMO,TRAINER,1000,42,60,70,1
41165,Saronite Razorheads,AMMO,TRAINER,1000,40,60,66,1
41165,Saronite Razorheads,AMMO,TRAINER,1000,39,60,65,1
41165,Saronite Razorheads,AMMO,TRAINER,1000,42,60,70,1
41165,Saronite Razorheads,AMMO,TRAINER,1000,40,60,66,1
41165,Saronite Razorheads,AMMO,TRAINER,1000,39,60,65,1
41165,Saronite Razorheads,AMMO,TRAINER,1000,42,60,70,1
41165,Saronite Razorheads,AMMO,TRAINER,1000,40,60,66,1
41165,Saronite Razorheads,AMMO,TRAINER,1000,39,60,65,1
41165,Saronite Razorheads,AMMO,TRAINER,1000,42,60,70,1
41165,Saronite Razorheads,AMMO,TRAINER,1000,40,60,66,1
41165,Saronite Razorheads,AMMO,TRAINER,1000,39,60,65,1
41165,Saronite Razorheads,AMMO,TRAINER,1000,42,60,70,1
23519,Felsteel Helm,GEAR,DROP,1,6,8,75,1
23519,Felsteel Helm,GEAR,DROP,1,5,8,62,1
23519,Felsteel Helm,GEAR,DROP,1,6,8,75,1
23519,Felsteel Helm,GEAR,DROP,1,5,8,62,1
23519,Felsteel Helm,GEAR,DROP,1,6,8,75,1
23519,Felsteel Helm,GEAR,DROP,1,5,8,62,1
23519,Felsteel Helm,GEAR,DROP,1,6,8,75,1
23519,Felsteel Helm,GEAR,DROP,1,5,8,62,1
33568,Borean Leather,INTERMEDIATE,TRAINER,4,11774,13500,87,1
33568,Borean Leather,INTERMEDIATE,TRAINER,7,11420,13500,84,1
15997,Thorium Shells,AMMO,TRAINER,1000,18,22,81,1
15997,Thorium Shells,AMMO,TRAINER,400,17,22,77,1
23517,Felsteel Gloves,GEAR,DROP,1,4,6,66,1
23517,Felsteel Gloves,GEAR,DROP,1,3,6,50,1
23517,Felsteel Gloves,GEAR,DROP,1,4,6,66,1
23517,Felsteel Gloves,GEAR,DROP,1,3,6,50,1
23517,Felsteel Gloves,GEAR,DROP,1,4,6,66,1
23517,Felsteel Gloves,GEAR,DROP,1,3,6,50,1
23517,Felsteel Gloves,GEAR,DROP,1,4,6,66,1
23517,Felsteel Gloves,GEAR,DROP,1,3,6,50,1
23517,Felsteel Gloves,GEAR,DROP,1,4,6,66,1
44331,Elixir of Lightning Speed,ELIXIR_POT,UNSOURCED,5,11183,11400,98,1
44331,Elixir of Lightning Speed,ELIXIR_POT,UNSOURCED,10,10623,11400,93,1
23517,Felsteel Gloves,GEAR,DROP,1,4,6,66,1
23517,Felsteel Gloves,GEAR,DROP,1,3,6,50,1
23517,Felsteel Gloves,GEAR,DROP,1,4,6,66,1
23517,Felsteel Gloves,GEAR,DROP,1,3,6,50,1
23517,Felsteel Gloves,GEAR,DROP,1,4,6,66,1
38436,Frostscale Bracers,GEAR,TRAINER,1,75330,108000,69,1
38436,Frostscale Bracers,GEAR,TRAINER,1,71563,108000,66,1
38436,Frostscale Bracers,GEAR,TRAINER,1,69416,108000,64,1
38436,Frostscale Bracers,GEAR,TRAINER,1,65945,108000,61,1
38436,Frostscale Bracers,GEAR,TRAINER,1,75330,108000,69,1
38436,Frostscale Bracers,GEAR,TRAINER,1,71563,108000,66,1
38436,Frostscale Bracers,GEAR,TRAINER,1,69416,108000,64,1
38436,Frostscale Bracers,GEAR,TRAINER,1,65945,108000,61,1
38436,Frostscale Bracers,GEAR,TRAINER,1,75330,108000,69,1
38436,Frostscale Bracers,GEAR,TRAINER,1,71563,108000,66,1
38436,Frostscale Bracers,GEAR,TRAINER,1,69416,108000,64,1
38436,Frostscale Bracers,GEAR,TRAINER,1,65945,108000,61,1
38436,Frostscale Bracers,GEAR,TRAINER,1,75330,108000,69,1
38436,Frostscale Bracers,GEAR,TRAINER,1,71563,108000,66,1
38436,Frostscale Bracers,GEAR,TRAINER,1,69416,108000,64,1
44958,Ethereal Oil,INTERMEDIATE,TRAINER,7,88,96,91,1
44958,Ethereal Oil,INTERMEDIATE,TRAINER,1,86,96,89,1
23517,Felsteel Gloves,GEAR,DROP,1,4,6,66,1
23517,Felsteel Gloves,GEAR,DROP,1,3,6,50,1
23517,Felsteel Gloves,GEAR,DROP,1,3,6,50,1
23517,Felsteel Gloves,GEAR,DROP,1,3,6,50,1
23517,Felsteel Gloves,GEAR,DROP,1,4,6,66,1
23517,Felsteel Gloves,GEAR,DROP,1,3,6,50,1
23517,Felsteel Gloves,GEAR,DROP,1,3,6,50,1
46378,Flask of Pure Mojo,FLASK,TRAINER,16,43102,53450,80,1
41509,Frostweave Net,MISC,TRAINER,20,6879,9000,76,1
41509,Frostweave Net,MISC,TRAINER,20,6672,9000,74,1
41509,Frostweave Net,MISC,TRAINER,20,6538,9000,72,1
41509,Frostweave Net,MISC,TRAINER,5,6879,9000,76,1
41509,Frostweave Net,MISC,TRAINER,20,7369,9000,81,1
41509,Frostweave Net,MISC,TRAINER,20,7295,9000,81,1
41509,Frostweave Net,MISC,TRAINER,20,7076,9000,78,1
41509,Frostweave Net,MISC,TRAINER,15,7369,9000,81,1
41164,Mammoth Cutters,AMMO,TRAINER,1000,32,34,94,1
41164,Mammoth Cutters,AMMO,TRAINER,1000,30,34,88,1
41164,Mammoth Cutters,AMMO,TRAINER,1000,29,34,85,1
41164,Mammoth Cutters,AMMO,TRAINER,1000,32,34,94,1
41164,Mammoth Cutters,AMMO,TRAINER,1000,30,34,88,1
13506,Potion of Petrification,ELIXIR_POT,DROP,5,468,607,77,1
13506,Potion of Petrification,ELIXIR_POT,DROP,5,453,607,74,1
13506,Potion of Petrification,ELIXIR_POT,DROP,2,434,607,71,1
22448,Small Prismatic Shard,INTERMEDIATE,TRAINER,20,1,0,0,1
22448,Small Prismatic Shard,INTERMEDIATE,TRAINER,3,1,0,0,1
22448,Small Prismatic Shard,INTERMEDIATE,TRAINER,16,1,0,0,1
41164,Mammoth Cutters,AMMO,TRAINER,1000,25,34,73,1
41164,Mammoth Cutters,AMMO,TRAINER,1000,24,34,70,1
41164,Mammoth Cutters,AMMO,TRAINER,1000,23,34,67,1
41164,Mammoth Cutters,AMMO,TRAINER,1000,22,34,64,1
41164,Mammoth Cutters,AMMO,TRAINER,1000,25,34,73,1
41164,Mammoth Cutters,AMMO,TRAINER,1000,24,34,70,1
41164,Mammoth Cutters,AMMO,TRAINER,1000,23,34,67,1
41164,Mammoth Cutters,AMMO,TRAINER,1000,22,34,64,1
22448,Small Prismatic Shard,INTERMEDIATE,TRAINER,20,1,0,0,1
22448,Small Prismatic Shard,INTERMEDIATE,TRAINER,1,1,0,0,1
21887,Knothide Leather,INTERMEDIATE,TRAINER,8,5420,7500,72,1
21887,Knothide Leather,INTERMEDIATE,TRAINER,3,5311,7500,70,1
46377,Flask of Endless Rage,FLASK,TRAINER,5,56925,57500,99,1
46377,Flask of Endless Rage,FLASK,TRAINER,5,56355,57500,98,1
46377,Flask of Endless Rage,FLASK,TRAINER,14,53537,57500,93,1
41164,Mammoth Cutters,AMMO,TRAINER,1000,32,34,94,1
41164,Mammoth Cutters,AMMO,TRAINER,1000,30,34,88,1
41164,Mammoth Cutters,AMMO,TRAINER,1000,28,34,82,1
41164,Mammoth Cutters,AMMO,TRAINER,1000,27,34,79,1
41164,Mammoth Cutters,AMMO,TRAINER,1000,32,34,94,1
41164,Mammoth Cutters,AMMO,TRAINER,1000,30,34,88,1
41164,Mammoth Cutters,AMMO,TRAINER,1000,28,34,82,1
41164,Mammoth Cutters,AMMO,TRAINER,1000,27,34,79,1
41164,Mammoth Cutters,AMMO,TRAINER,1000,32,34,94,1
41164,Mammoth Cutters,AMMO,TRAINER,1000,30,34,88,1
41164,Mammoth Cutters,AMMO,TRAINER,1000,28,34,82,1
41164,Mammoth Cutters,AMMO,TRAINER,1000,27,34,79,1
41164,Mammoth Cutters,AMMO,TRAINER,1000,32,34,94,1
45778,Glyph of Stoneclaw Totem,MISC,UNSOURCED,9,212,315,67,1
43250,Ring of Earthen Might,GEAR,VENDOR,1,67434,88000,76,1
43250,Ring of Earthen Might,GEAR,VENDOR,1,64062,88000,72,1
43250,Ring of Earthen Might,GEAR,VENDOR,1,67434,88000,76,1
43250,Ring of Earthen Might,GEAR,VENDOR,1,64062,88000,72,1
43250,Ring of Earthen Might,GEAR,VENDOR,1,67434,88000,76,1
43250,Ring of Earthen Might,GEAR,VENDOR,1,64062,88000,72,1
43250,Ring of Earthen Might,GEAR,VENDOR,1,67434,88000,76,1
43250,Ring of Earthen Might,GEAR,VENDOR,1,64062,88000,72,1
43250,Ring of Earthen Might,GEAR,VENDOR,1,67434,88000,76,1
41165,Saronite Razorheads,AMMO,TRAINER,1000,47,60,78,1
41165,Saronite Razorheads,AMMO,TRAINER,1000,46,60,76,1
41165,Saronite Razorheads,AMMO,TRAINER,1000,44,60,73,1
41165,Saronite Razorheads,AMMO,TRAINER,1000,43,60,71,1
41165,Saronite Razorheads,AMMO,TRAINER,1000,47,60,78,1
41165,Saronite Razorheads,AMMO,TRAINER,1000,46,60,76,1
41165,Saronite Razorheads,AMMO,TRAINER,1000,44,60,73,1
41165,Saronite Razorheads,AMMO,TRAINER,1000,43,60,71,1
41165,Saronite Razorheads,AMMO,TRAINER,1000,47,60,78,1
41165,Saronite Razorheads,AMMO,TRAINER,1000,46,60,76,1
32833,Purified Jaggal Pearl,GEM_CUT,TRAINER,1,7676,9280,82,1
32833,Purified Jaggal Pearl,GEM_CUT,TRAINER,1,7445,9280,80,1
32833,Purified Jaggal Pearl,GEM_CUT,TRAINER,1,7147,9280,77,1
32833,Purified Jaggal Pearl,GEM_CUT,TRAINER,1,7075,9280,76,1
32833,Purified Jaggal Pearl,GEM_CUT,TRAINER,1,7676,9280,82,1
34767,Firecracker Salmon,FOOD,VENDOR,6,41,49,83,1
41593,Ebonweave,INTERMEDIATE,TRAINER,10,143266,195000,73,1
41593,Ebonweave,INTERMEDIATE,TRAINER,3,137535,195000,70,1
41165,Saronite Razorheads,AMMO,TRAINER,1000,56,60,93,1
41165,Saronite Razorheads,AMMO,TRAINER,1000,53,60,88,1
41165,Saronite Razorheads,AMMO,TRAINER,1000,52,60,86,1
41165,Saronite Razorheads,AMMO,TRAINER,1000,50,60,83,1
41165,Saronite Razorheads,AMMO,TRAINER,1000,56,60,93,1
41165,Saronite Razorheads,AMMO,TRAINER,1000,53,60,88,1
41165,Saronite Razorheads,AMMO,TRAINER,1000,52,60,86,1
41165,Saronite Razorheads,AMMO,TRAINER,1000,50,60,83,1
41165,Saronite Razorheads,AMMO,TRAINER,1000,56,60,93,1
41165,Saronite Razorheads,AMMO,TRAINER,1000,53,60,88,1
41165,Saronite Razorheads,AMMO,TRAINER,1000,52,60,86,1
41165,Saronite Razorheads,AMMO,TRAINER,1000,50,60,83,1
41165,Saronite Razorheads,AMMO,TRAINER,1000,56,60,93,1
40195,Pygmy Oil,INTERMEDIATE,TRAINER,5,245,300,81,1
40195,Pygmy Oil,INTERMEDIATE,TRAINER,5,235,300,78,1
23517,Felsteel Gloves,GEAR,DROP,1,3,6,50,1
23517,Felsteel Gloves,GEAR,DROP,1,3,6,50,1
23517,Felsteel Gloves,GEAR,DROP,1,3,6,50,1
23517,Felsteel Gloves,GEAR,DROP,1,3,6,50,1
23517,Felsteel Gloves,GEAR,DROP,1,3,6,50,1
23517,Felsteel Gloves,GEAR,DROP,1,3,6,50,1
23517,Felsteel Gloves,GEAR,DROP,1,3,6,50,1
23517,Felsteel Gloves,GEAR,DROP,1,3,6,50,1
23787,Felsteel Stabilizer,INTERMEDIATE,TRAINER,1,1,2,50,1
23787,Felsteel Stabilizer,INTERMEDIATE,TRAINER,5,1,2,50,1
23787,Felsteel Stabilizer,INTERMEDIATE,TRAINER,7,1,2,50,1
23787,Felsteel Stabilizer,INTERMEDIATE,TRAINER,4,1,2,50,1
42337,Sun Rock Ring,GEAR,TRAINER,1,23034,24800,92,1
42337,Sun Rock Ring,GEAR,TRAINER,1,22803,24800,91,1
42337,Sun Rock Ring,GEAR,TRAINER,1,21890,24800,88,1
42337,Sun Rock Ring,GEAR,TRAINER,1,23034,24800,92,1
42337,Sun Rock Ring,GEAR,TRAINER,1,22803,24800,91,1
42337,Sun Rock Ring,GEAR,TRAINER,1,21890,24800,88,1
42337,Sun Rock Ring,GEAR,TRAINER,1,23034,24800,92,1
42337,Sun Rock Ring,GEAR,TRAINER,1,22803,24800,91,1
42337,Sun Rock Ring,GEAR,TRAINER,1,21890,24800,88,1
42337,Sun Rock Ring,GEAR,TRAINER,1,23034,24800,92,1
42337,Sun Rock Ring,GEAR,TRAINER,1,22803,24800,91,1
42337,Sun Rock Ring,GEAR,TRAINER,1,21890,24800,88,1
42337,Sun Rock Ring,GEAR,TRAINER,1,23034,24800,92,1
42337,Sun Rock Ring,GEAR,TRAINER,1,22803,24800,91,1
23517,Felsteel Gloves,GEAR,DROP,1,3,6,50,1
23517,Felsteel Gloves,GEAR,DROP,1,3,6,50,1
23517,Felsteel Gloves,GEAR,DROP,1,3,6,50,1
23517,Felsteel Gloves,GEAR,DROP,1,3,6,50,1
23517,Felsteel Gloves,GEAR,DROP,1,3,6,50,1
23517,Felsteel Gloves,GEAR,DROP,1,3,6,50,1
23517,Felsteel Gloves,GEAR,DROP,1,3,6,50,1
23517,Felsteel Gloves,GEAR,DROP,1,3,6,50,1
41593,Ebonweave,INTERMEDIATE,TRAINER,8,145509,195000,74,1
41593,Ebonweave,INTERMEDIATE,TRAINER,4,139688,195000,71,1
23785,Hardened Adamantite Tube,INTERMEDIATE,TRAINER,11,1,3,33,1
45778,Glyph of Stoneclaw Totem,MISC,UNSOURCED,11,210,315,66,1
24269,Heavy Netherweave Net,MISC,UNSOURCED,20,12216,14400,84,1
41509,Frostweave Net,MISC,TRAINER,20,7452,9000,82,1
41509,Frostweave Net,MISC,TRAINER,20,7302,9000,81,1
41509,Frostweave Net,MISC,TRAINER,10,6936,9000,77,1
34769,Imperial Manta Steak,FOOD,VENDOR,5,44,49,89,1
34769,Imperial Manta Steak,FOOD,VENDOR,2,42,49,85,1
10056,Orange Mageweave Shirt,GEAR,TRAINER,1,4769,6998,68,1
10056,Orange Mageweave Shirt,GEAR,TRAINER,1,4578,6998,65,1
10056,Orange Mageweave Shirt,GEAR,TRAINER,1,4532,6998,64,1
10056,Orange Mageweave Shirt,GEAR,TRAINER,1,4769,6998,68,1
10056,Orange Mageweave Shirt,GEAR,TRAINER,1,4578,6998,65,1
10056,Orange Mageweave Shirt,GEAR,TRAINER,1,4532,6998,64,1
10056,Orange Mageweave Shirt,GEAR,TRAINER,1,4769,6998,68,1
10056,Orange Mageweave Shirt,GEAR,TRAINER,1,4578,6998,65,1
10056,Orange Mageweave Shirt,GEAR,TRAINER,1,4532,6998,64,1
10056,Orange Mageweave Shirt,GEAR,TRAINER,1,4769,6998,68,1
10056,Orange Mageweave Shirt,GEAR,TRAINER,1,4578,6998,65,1
22761,Bramblewood Belt,GEAR,VENDOR,1,18699,22849,81,1
22761,Bramblewood Belt,GEAR,VENDOR,1,18138,22849,79,1
22761,Bramblewood Belt,GEAR,VENDOR,1,18699,22849,81,1
22761,Bramblewood Belt,GEAR,VENDOR,1,18138,22849,79,1
22761,Bramblewood Belt,GEAR,VENDOR,1,18699,22849,81,1
22761,Bramblewood Belt,GEAR,VENDOR,1,18138,22849,79,1
22761,Bramblewood Belt,GEAR,VENDOR,1,18699,22849,81,1
22761,Bramblewood Belt,GEAR,VENDOR,1,18138,22849,79,1
22761,Bramblewood Belt,GEAR,VENDOR,1,18699,22849,81,1
22761,Bramblewood Belt,GEAR,VENDOR,1,18138,22849,79,1
22761,Bramblewood Belt,GEAR,VENDOR,1,18699,22849,81,1
22761,Bramblewood Belt,GEAR,VENDOR,1,18138,22849,79,1
22761,Bramblewood Belt,GEAR,VENDOR,1,18699,22849,81,1
22761,Bramblewood Belt,GEAR,VENDOR,1,18138,22849,79,1
22761,Bramblewood Belt,GEAR,VENDOR,1,18699,22849,81,1
25650,Knothide Armor Kit,MISC,TRAINER,10,19838,20000,99,1
25650,Knothide Armor Kit,MISC,TRAINER,1,18846,20000,94,1
24268,Netherweave Net,MISC,TRAINER,16,4636,7200,64,1
41509,Frostweave Net,MISC,TRAINER,20,6327,9000,70,1
41509,Frostweave Net,MISC,TRAINER,20,6010,9000,66,1
44958,Ethereal Oil,INTERMEDIATE,TRAINER,2,93,96,96,1
44958,Ethereal Oil,INTERMEDIATE,TRAINER,9,89,96,92,1
24268,Netherweave Net,MISC,TRAINER,20,6227,7200,86,1
24268,Netherweave Net,MISC,TRAINER,6,5977,7200,83,1
41511,Bolt of Imbued Frostweave,INTERMEDIATE,TRAINER,7,133358,147000,90,1
41511,Bolt of Imbued Frostweave,INTERMEDIATE,TRAINER,3,128023,147000,87,1
41509,Frostweave Net,MISC,TRAINER,20,7938,9000,88,1
41509,Frostweave Net,MISC,TRAINER,20,7858,9000,87,1
38436,Frostscale Bracers,GEAR,TRAINER,1,73321,108000,67,1
38436,Frostscale Bracers,GEAR,TRAINER,1,72587,108000,67,1
38436,Frostscale Bracers,GEAR,TRAINER,1,69683,108000,64,1
38436,Frostscale Bracers,GEAR,TRAINER,1,73321,108000,67,1
38436,Frostscale Bracers,GEAR,TRAINER,1,72587,108000,67,1
38436,Frostscale Bracers,GEAR,TRAINER,1,69683,108000,64,1
44958,Ethereal Oil,INTERMEDIATE,TRAINER,4,78,96,81,1
44958,Ethereal Oil,INTERMEDIATE,TRAINER,3,74,96,77,1
22448,Small Prismatic Shard,INTERMEDIATE,TRAINER,20,1,0,0,1
22448,Small Prismatic Shard,INTERMEDIATE,TRAINER,1,1,0,0,1
41509,Frostweave Net,MISC,TRAINER,20,6912,9000,76,1
41509,Frostweave Net,MISC,TRAINER,20,6842,9000,76,1
41509,Frostweave Net,MISC,TRAINER,20,6912,9000,76,1
40195,Pygmy Oil,INTERMEDIATE,TRAINER,8,251,300,83,1
40195,Pygmy Oil,INTERMEDIATE,TRAINER,3,240,300,80,1
41510,Bolt of Frostweave,INTERMEDIATE,TRAINER,7,31106,37500,82,1
42337,Sun Rock Ring,GEAR,TRAINER,1,15624,24800,63,1
42337,Sun Rock Ring,GEAR,TRAINER,1,14999,24800,60,1
42337,Sun Rock Ring,GEAR,TRAINER,1,14880,24800,60,1
42337,Sun Rock Ring,GEAR,TRAINER,1,14880,24800,60,1
42337,Sun Rock Ring,GEAR,TRAINER,1,15624,24800,63,1
42337,Sun Rock Ring,GEAR,TRAINER,1,14999,24800,60,1
42337,Sun Rock Ring,GEAR,TRAINER,1,14880,24800,60,1
42337,Sun Rock Ring,GEAR,TRAINER,1,14880,24800,60,1
42337,Sun Rock Ring,GEAR,TRAINER,1,15624,24800,63,1
42337,Sun Rock Ring,GEAR,TRAINER,1,14999,24800,60,1
42337,Sun Rock Ring,GEAR,TRAINER,1,14880,24800,60,1
42337,Sun Rock Ring,GEAR,TRAINER,1,14880,24800,60,1
42337,Sun Rock Ring,GEAR,TRAINER,1,15624,24800,63,1
42337,Sun Rock Ring,GEAR,TRAINER,1,14999,24800,60,1
42337,Sun Rock Ring,GEAR,TRAINER,1,14880,24800,60,1
44958,Ethereal Oil,INTERMEDIATE,TRAINER,6,79,96,82,1
44958,Ethereal Oil,INTERMEDIATE,TRAINER,2,75,96,78,1
23519,Felsteel Helm,GEAR,DROP,1,6,8,75,1
23519,Felsteel Helm,GEAR,DROP,1,5,8,62,1
23519,Felsteel Helm,GEAR,DROP,1,4,8,50,1
23519,Felsteel Helm,GEAR,DROP,1,4,8,50,1
23519,Felsteel Helm,GEAR,DROP,1,6,8,75,1
23519,Felsteel Helm,GEAR,DROP,1,5,8,62,1
23519,Felsteel Helm,GEAR,DROP,1,4,8,50,1
23519,Felsteel Helm,GEAR,DROP,1,4,8,50,1
23519,Felsteel Helm,GEAR,DROP,1,6,8,75,1
23519,Felsteel Helm,GEAR,DROP,1,5,8,62,1
23519,Felsteel Helm,GEAR,DROP,1,4,8,50,1
23519,Felsteel Helm,GEAR,DROP,1,4,8,50,1
23519,Felsteel Helm,GEAR,DROP,1,6,8,75,1
34766,Poached Northern Sculpin,FOOD,VENDOR,9,34,49,69,1
44958,Ethereal Oil,INTERMEDIATE,TRAINER,10,69,96,71,1
44958,Ethereal Oil,INTERMEDIATE,TRAINER,1,65,96,67,1
38425,Heavy Borean Leather,INTERMEDIATE,TRAINER,5,47174,54000,87,1
38425,Heavy Borean Leather,INTERMEDIATE,TRAINER,1,46230,54000,85,1
41509,Frostweave Net,MISC,TRAINER,20,7951,9000,88,1
41509,Frostweave Net,MISC,TRAINER,5,7553,9000,83,1
41163,Titanium Bar,INTERMEDIATE,TRAINER,5,13160,20000,65,1
43244,Crystal Citrine Necklace,GEAR,TRAINER,1,17377,24800,70,1
43244,Crystal Citrine Necklace,GEAR,TRAINER,1,17029,24800,68,1
43244,Crystal Citrine Necklace,GEAR,TRAINER,1,16688,24800,67,1
43244,Crystal Citrine Necklace,GEAR,TRAINER,1,17377,24800,70,1
43244,Crystal Citrine Necklace,GEAR,TRAINER,1,17029,24800,68,1
43244,Crystal Citrine Necklace,GEAR,TRAINER,1,16688,24800,67,1
43244,Crystal Citrine Necklace,GEAR,TRAINER,1,17377,24800,70,1
43244,Crystal Citrine Necklace,GEAR,TRAINER,1,17029,24800,68,1
43244,Crystal Citrine Necklace,GEAR,TRAINER,1,16688,24800,67,1
43244,Crystal Citrine Necklace,GEAR,TRAINER,1,17377,24800,70,1
43244,Crystal Citrine Necklace,GEAR,TRAINER,1,17029,24800,68,1
43244,Crystal Citrine Necklace,GEAR,TRAINER,1,16688,24800,67,1
43244,Crystal Citrine Necklace,GEAR,TRAINER,1,17377,24800,70,1
43244,Crystal Citrine Necklace,GEAR,TRAINER,1,17029,24800,68,1
43244,Crystal Citrine Necklace,GEAR,TRAINER,1,16688,24800,67,1
23519,Felsteel Helm,GEAR,DROP,1,6,8,75,1
23519,Felsteel Helm,GEAR,DROP,1,5,8,62,1
23519,Felsteel Helm,GEAR,DROP,1,4,8,50,1
23519,Felsteel Helm,GEAR,DROP,1,6,8,75,1
23519,Felsteel Helm,GEAR,DROP,1,5,8,62,1
23519,Felsteel Helm,GEAR,DROP,1,4,8,50,1
23519,Felsteel Helm,GEAR,DROP,1,6,8,75,1
23519,Felsteel Helm,GEAR,DROP,1,5,8,62,1
23519,Felsteel Helm,GEAR,DROP,1,4,8,50,1
23519,Felsteel Helm,GEAR,DROP,1,6,8,75,1
23519,Felsteel Helm,GEAR,DROP,1,5,8,62,1
23519,Felsteel Helm,GEAR,DROP,1,4,8,50,1
23519,Felsteel Helm,GEAR,DROP,1,6,8,75,1
23519,Felsteel Helm,GEAR,DROP,1,5,8,62,1
40195,Pygmy Oil,INTERMEDIATE,TRAINER,4,251,300,83,1
40195,Pygmy Oil,INTERMEDIATE,TRAINER,1,240,300,80,1
32836,Purified Shadow Pearl,GEM_CUT,TRAINER,1,8963,9280,96,1
32836,Purified Shadow Pearl,GEM_CUT,TRAINER,1,8873,9280,95,1
32836,Purified Shadow Pearl,GEM_CUT,TRAINER,1,8606,9280,92,1
32836,Purified Shadow Pearl,GEM_CUT,TRAINER,1,8963,9280,96,1
32836,Purified Shadow Pearl,GEM_CUT,TRAINER,1,8873,9280,95,1
32836,Purified Shadow Pearl,GEM_CUT,TRAINER,1,8606,9280,92,1
32836,Purified Shadow Pearl,GEM_CUT,TRAINER,1,8963,9280,96,1
32836,Purified Shadow Pearl,GEM_CUT,TRAINER,1,8873,9280,95,1
32836,Purified Shadow Pearl,GEM_CUT,TRAINER,1,8606,9280,92,1
32836,Purified Shadow Pearl,GEM_CUT,TRAINER,1,8963,9280,96,1
32836,Purified Shadow Pearl,GEM_CUT,TRAINER,1,8873,9280,95,1
32836,Purified Shadow Pearl,GEM_CUT,TRAINER,1,8606,9280,92,1
32836,Purified Shadow Pearl,GEM_CUT,TRAINER,1,8963,9280,96,1
32836,Purified Shadow Pearl,GEM_CUT,TRAINER,1,8873,9280,95,1
41165,Saronite Razorheads,AMMO,TRAINER,1000,48,60,80,1
41165,Saronite Razorheads,AMMO,TRAINER,1000,47,60,78,1
41165,Saronite Razorheads,AMMO,TRAINER,1000,46,60,76,1
41165,Saronite Razorheads,AMMO,TRAINER,1000,48,60,80,1
41165,Saronite Razorheads,AMMO,TRAINER,1000,47,60,78,1
36913,Saronite Bar,INTERMEDIATE,TRAINER,4,24960,30000,83,1
36913,Saronite Bar,INTERMEDIATE,TRAINER,8,24460,30000,81,1
22448,Small Prismatic Shard,INTERMEDIATE,TRAINER,6,1,0,0,1
22448,Small Prismatic Shard,INTERMEDIATE,TRAINER,12,1,0,0,1
40195,Pygmy Oil,INTERMEDIATE,TRAINER,7,227,300,75,1
40195,Pygmy Oil,INTERMEDIATE,TRAINER,7,220,300,73,1
44958,Ethereal Oil,INTERMEDIATE,TRAINER,4,63,96,65,1
44958,Ethereal Oil,INTERMEDIATE,TRAINER,1,60,96,62,1
23518,Felsteel Leggings,GEAR,DROP,1,7,8,87,1
23518,Felsteel Leggings,GEAR,DROP,1,6,8,75,1
23518,Felsteel Leggings,GEAR,DROP,1,5,8,62,1
23518,Felsteel Leggings,GEAR,DROP,1,4,8,50,1
23518,Felsteel Leggings,GEAR,DROP,1,7,8,87,1
23518,Felsteel Leggings,GEAR,DROP,1,6,8,75,1
23518,Felsteel Leggings,GEAR,DROP,1,5,8,62,1
23785,Hardened Adamantite Tube,INTERMEDIATE,TRAINER,9,2,3,66,1
23785,Hardened Adamantite Tube,INTERMEDIATE,TRAINER,2,1,3,33,1
41165,Saronite Razorheads,AMMO,TRAINER,1000,50,60,83,1
41165,Saronite Razorheads,AMMO,TRAINER,1000,48,60,80,1
41165,Saronite Razorheads,AMMO,TRAINER,1000,46,60,76,1
41165,Saronite Razorheads,AMMO,TRAINER,1000,50,60,83,1
41165,Saronite Razorheads,AMMO,TRAINER,1000,48,60,80,1
42336,Bloodstone Band,GEAR,TRAINER,1,23188,24800,93,1
42336,Bloodstone Band,GEAR,TRAINER,1,22028,24800,88,1
42336,Bloodstone Band,GEAR,TRAINER,1,23188,24800,93,1
42336,Bloodstone Band,GEAR,TRAINER,1,22028,24800,88,1
42336,Bloodstone Band,GEAR,TRAINER,1,23188,24800,93,1
42336,Bloodstone Band,GEAR,TRAINER,1,22028,24800,88,1
42336,Bloodstone Band,GEAR,TRAINER,1,23188,24800,93,1
42336,Bloodstone Band,GEAR,TRAINER,1,22028,24800,88,1
42336,Bloodstone Band,GEAR,TRAINER,1,23188,24800,93,1
42336,Bloodstone Band,GEAR,TRAINER,1,22028,24800,88,1
42336,Bloodstone Band,GEAR,TRAINER,1,23188,24800,93,1
42336,Bloodstone Band,GEAR,TRAINER,1,22028,24800,88,1
42336,Bloodstone Band,GEAR,TRAINER,1,23188,24800,93,1
42336,Bloodstone Band,GEAR,TRAINER,1,22028,24800,88,1
45735,Glyph of Raptor Strike,MISC,UNSOURCED,8,263,315,83,1
22448,Small Prismatic Shard,INTERMEDIATE,TRAINER,20,1,0,0,1
22448,Small Prismatic Shard,INTERMEDIATE,TRAINER,10,1,0,0,1
23787,Felsteel Stabilizer,INTERMEDIATE,TRAINER,6,1,2,50,1
23787,Felsteel Stabilizer,INTERMEDIATE,TRAINER,7,1,2,50,1
41509,Frostweave Net,MISC,TRAINER,20,5896,9000,65,1
41509,Frostweave Net,MISC,TRAINER,20,5601,9000,62,1
41509,Frostweave Net,MISC,TRAINER,5,5488,9000,60,1
32833,Purified Jaggal Pearl,GEM_CUT,TRAINER,1,7591,9280,81,1
32833,Purified Jaggal Pearl,GEM_CUT,TRAINER,1,7287,9280,78,1
32833,Purified Jaggal Pearl,GEM_CUT,TRAINER,1,7591,9280,81,1
32833,Purified Jaggal Pearl,GEM_CUT,TRAINER,1,7287,9280,78,1
32833,Purified Jaggal Pearl,GEM_CUT,TRAINER,1,7591,9280,81,1
32833,Purified Jaggal Pearl,GEM_CUT,TRAINER,1,7287,9280,78,1
32833,Purified Jaggal Pearl,GEM_CUT,TRAINER,1,7591,9280,81,1
32833,Purified Jaggal Pearl,GEM_CUT,TRAINER,1,7287,9280,78,1
32833,Purified Jaggal Pearl,GEM_CUT,TRAINER,1,7591,9280,81,1
32833,Purified Jaggal Pearl,GEM_CUT,TRAINER,1,7287,9280,78,1
32833,Purified Jaggal Pearl,GEM_CUT,TRAINER,1,7591,9280,81,1
43853,Titanium Skeleton Key,MISC,TRAINER,20,5266,7000,75,1
43853,Titanium Skeleton Key,MISC,TRAINER,20,5160,7000,73,1
43853,Titanium Skeleton Key,MISC,TRAINER,20,4902,7000,70,1
43853,Titanium Skeleton Key,MISC,TRAINER,20,5266,7000,75,1
43853,Titanium Skeleton Key,MISC,TRAINER,20,5160,7000,73,1
43853,Titanium Skeleton Key,MISC,TRAINER,20,4902,7000,70,1
43853,Titanium Skeleton Key,MISC,TRAINER,20,5266,7000,75,1
43853,Titanium Skeleton Key,MISC,TRAINER,20,5160,7000,73,1
43853,Titanium Skeleton Key,MISC,TRAINER,20,4902,7000,70,1
43853,Titanium Skeleton Key,MISC,TRAINER,20,5266,7000,75,1
43853,Titanium Skeleton Key,MISC,TRAINER,20,5160,7000,73,1
43853,Titanium Skeleton Key,MISC,TRAINER,20,4902,7000,70,1
41595,Spellweave,INTERMEDIATE,TRAINER,4,163254,195000,83,1
41595,Spellweave,INTERMEDIATE,TRAINER,5,158356,195000,81,1
32836,Purified Shadow Pearl,GEM_CUT,TRAINER,1,8982,9280,96,1
32836,Purified Shadow Pearl,GEM_CUT,TRAINER,1,8892,9280,95,1
32836,Purified Shadow Pearl,GEM_CUT,TRAINER,1,8447,9280,91,1
32836,Purified Shadow Pearl,GEM_CUT,TRAINER,1,8982,9280,96,1
32836,Purified Shadow Pearl,GEM_CUT,TRAINER,1,8892,9280,95,1
32836,Purified Shadow Pearl,GEM_CUT,TRAINER,1,8447,9280,91,1
32836,Purified Shadow Pearl,GEM_CUT,TRAINER,1,8982,9280,96,1
32836,Purified Shadow Pearl,GEM_CUT,TRAINER,1,8892,9280,95,1
32836,Purified Shadow Pearl,GEM_CUT,TRAINER,1,8447,9280,91,1
32836,Purified Shadow Pearl,GEM_CUT,TRAINER,1,8982,9280,96,1
32836,Purified Shadow Pearl,GEM_CUT,TRAINER,1,8892,9280,95,1
32836,Purified Shadow Pearl,GEM_CUT,TRAINER,1,8447,9280,91,1
32836,Purified Shadow Pearl,GEM_CUT,TRAINER,1,8982,9280,96,1
32836,Purified Shadow Pearl,GEM_CUT,TRAINER,1,8892,9280,95,1
44958,Ethereal Oil,INTERMEDIATE,TRAINER,8,85,96,88,1
44958,Ethereal Oil,INTERMEDIATE,TRAINER,2,84,96,87,1
44958,Ethereal Oil,INTERMEDIATE,TRAINER,2,92,96,95,1
44958,Ethereal Oil,INTERMEDIATE,TRAINER,4,87,96,90,1
24270,Bag of Jewels,BAG,VENDOR,1,16024,20006,80,1
24270,Bag of Jewels,BAG,VENDOR,1,15703,20006,78,1
24270,Bag of Jewels,BAG,VENDOR,1,15388,20006,76,1
24270,Bag of Jewels,BAG,VENDOR,1,16024,20006,80,1
24270,Bag of Jewels,BAG,VENDOR,1,15703,20006,78,1
24270,Bag of Jewels,BAG,VENDOR,1,15388,20006,76,1
24270,Bag of Jewels,BAG,VENDOR,1,16024,20006,80,1
24270,Bag of Jewels,BAG,VENDOR,1,15703,20006,78,1
24270,Bag of Jewels,BAG,VENDOR,1,15388,20006,76,1
24270,Bag of Jewels,BAG,VENDOR,1,16024,20006,80,1
24270,Bag of Jewels,BAG,VENDOR,1,15703,20006,78,1
24270,Bag of Jewels,BAG,VENDOR,1,15388,20006,76,1
24270,Bag of Jewels,BAG,VENDOR,1,16024,20006,80,1
24270,Bag of Jewels,BAG,VENDOR,1,15703,20006,78,1
22448,Small Prismatic Shard,INTERMEDIATE,TRAINER,20,1,0,0,1
22448,Small Prismatic Shard,INTERMEDIATE,TRAINER,20,1,0,0,1
22448,Small Prismatic Shard,INTERMEDIATE,TRAINER,1,1,0,0,1
22448,Small Prismatic Shard,INTERMEDIATE,TRAINER,1,1,0,0,1
41509,Frostweave Net,MISC,TRAINER,20,7320,9000,81,1
41509,Frostweave Net,MISC,TRAINER,20,6954,9000,77,1
41509,Frostweave Net,MISC,TRAINER,10,7320,9000,81,1
42641,Global Thermal Sapper Charge,MISC,TRAINER,20,6665,6900,96,1
42641,Global Thermal Sapper Charge,MISC,TRAINER,5,6531,6900,94,1
24270,Bag of Jewels,BAG,VENDOR,1,15188,20006,75,1
24270,Bag of Jewels,BAG,VENDOR,1,14428,20006,72,1
24270,Bag of Jewels,BAG,VENDOR,1,14139,20006,70,1
24270,Bag of Jewels,BAG,VENDOR,1,13432,20006,67,1
24270,Bag of Jewels,BAG,VENDOR,1,15188,20006,75,1
24270,Bag of Jewels,BAG,VENDOR,1,14428,20006,72,1
24270,Bag of Jewels,BAG,VENDOR,1,14139,20006,70,1
24270,Bag of Jewels,BAG,VENDOR,1,13432,20006,67,1
24270,Bag of Jewels,BAG,VENDOR,1,15188,20006,75,1
24270,Bag of Jewels,BAG,VENDOR,1,14428,20006,72,1
24270,Bag of Jewels,BAG,VENDOR,1,14139,20006,70,1
24270,Bag of Jewels,BAG,VENDOR,1,13432,20006,67,1
24270,Bag of Jewels,BAG,VENDOR,1,15188,20006,75,1
24270,Bag of Jewels,BAG,VENDOR,1,14428,20006,72,1
24270,Bag of Jewels,BAG,VENDOR,1,14139,20006,70,1
44958,Ethereal Oil,INTERMEDIATE,TRAINER,6,74,96,77,1
44958,Ethereal Oil,INTERMEDIATE,TRAINER,4,73,96,76,1
23519,Felsteel Helm,GEAR,DROP,1,6,8,75,1
23519,Felsteel Helm,GEAR,DROP,1,5,8,62,1
23519,Felsteel Helm,GEAR,DROP,1,4,8,50,1
23519,Felsteel Helm,GEAR,DROP,1,6,8,75,1
23519,Felsteel Helm,GEAR,DROP,1,5,8,62,1
23519,Felsteel Helm,GEAR,DROP,1,4,8,50,1
23519,Felsteel Helm,GEAR,DROP,1,6,8,75,1
23519,Felsteel Helm,GEAR,DROP,1,5,8,62,1
23519,Felsteel Helm,GEAR,DROP,1,4,8,50,1
23519,Felsteel Helm,GEAR,DROP,1,6,8,75,1
23519,Felsteel Helm,GEAR,DROP,1,5,8,62,1
23519,Felsteel Helm,GEAR,DROP,1,4,8,50,1
43853,Titanium Skeleton Key,MISC,TRAINER,20,5852,7000,83,1
43853,Titanium Skeleton Key,MISC,TRAINER,20,5559,7000,79,1
43853,Titanium Skeleton Key,MISC,TRAINER,20,5392,7000,77,1
43853,Titanium Skeleton Key,MISC,TRAINER,20,5852,7000,83,1
43853,Titanium Skeleton Key,MISC,TRAINER,20,5559,7000,79,1
43853,Titanium Skeleton Key,MISC,TRAINER,20,5392,7000,77,1
43853,Titanium Skeleton Key,MISC,TRAINER,20,5852,7000,83,1
43853,Titanium Skeleton Key,MISC,TRAINER,20,5559,7000,79,1
8544,Mageweave Bandage,MISC,TRAINER,13,742,1010,73,1
41163,Titanium Bar,INTERMEDIATE,TRAINER,4,17460,20000,87,1
41163,Titanium Bar,INTERMEDIATE,TRAINER,5,17285,20000,86,1
41509,Frostweave Net,MISC,TRAINER,20,7096,9000,78,1
41509,Frostweave Net,MISC,TRAINER,20,6812,9000,75,1
41509,Frostweave Net,MISC,TRAINER,20,7096,9000,78,1
40195,Pygmy Oil,INTERMEDIATE,TRAINER,2,284,300,94,1
40195,Pygmy Oil,INTERMEDIATE,TRAINER,9,275,300,91,1
22522,Superior Wizard Oil,MISC,VENDOR,1,18279,26039,70,1
22522,Superior Wizard Oil,MISC,VENDOR,1,18096,26039,69,1
22522,Superior Wizard Oil,MISC,VENDOR,1,17191,26039,66,1
22522,Superior Wizard Oil,MISC,VENDOR,1,18279,26039,70,1
22522,Superior Wizard Oil,MISC,VENDOR,1,18096,26039,69,1
22522,Superior Wizard Oil,MISC,VENDOR,1,17191,26039,66,1
22522,Superior Wizard Oil,MISC,VENDOR,1,18279,26039,70,1
22522,Superior Wizard Oil,MISC,VENDOR,1,18096,26039,69,1
22522,Superior Wizard Oil,MISC,VENDOR,1,17191,26039,66,1
22522,Superior Wizard Oil,MISC,VENDOR,1,18279,26039,70,1
22522,Superior Wizard Oil,MISC,VENDOR,1,18096,26039,69,1
22522,Superior Wizard Oil,MISC,VENDOR,1,17191,26039,66,1
22522,Superior Wizard Oil,MISC,VENDOR,1,18279,26039,70,1
22522,Superior Wizard Oil,MISC,VENDOR,1,18096,26039,69,1
22522,Superior Wizard Oil,MISC,VENDOR,1,17191,26039,66,1
24269,Heavy Netherweave Net,MISC,UNSOURCED,12,13406,14400,93,1
24269,Heavy Netherweave Net,MISC,UNSOURCED,20,13432,14400,93,1
23518,Felsteel Leggings,GEAR,DROP,1,6,8,75,1
23518,Felsteel Leggings,GEAR,DROP,1,5,8,62,1
23518,Felsteel Leggings,GEAR,DROP,1,4,8,50,1
23518,Felsteel Leggings,GEAR,DROP,1,6,8,75,1
23518,Felsteel Leggings,GEAR,DROP,1,5,8,62,1
23518,Felsteel Leggings,GEAR,DROP,1,4,8,50,1
23518,Felsteel Leggings,GEAR,DROP,1,6,8,75,1
23518,Felsteel Leggings,GEAR,DROP,1,5,8,62,1
23518,Felsteel Leggings,GEAR,DROP,1,4,8,50,1
23787,Felsteel Stabilizer,INTERMEDIATE,TRAINER,2,1,2,50,1
23787,Felsteel Stabilizer,INTERMEDIATE,TRAINER,7,1,2,50,1
13423,Stonescale Oil,INTERMEDIATE,TRAINER,8,79,102,77,1
13423,Stonescale Oil,INTERMEDIATE,TRAINER,5,78,102,76,1
22449,Large Prismatic Shard,INTERMEDIATE,VENDOR,20,170640,240000,71,1
22449,Large Prismatic Shard,INTERMEDIATE,VENDOR,4,165520,240000,68,1
22449,Large Prismatic Shard,INTERMEDIATE,VENDOR,2,158899,240000,66,1
33568,Borean Leather,INTERMEDIATE,TRAINER,6,12101,13500,89,1
41163,Titanium Bar,INTERMEDIATE,TRAINER,10,14484,20000,72,1
41163,Titanium Bar,INTERMEDIATE,TRAINER,2,14049,20000,70,1
41509,Frostweave Net,MISC,TRAINER,20,8721,9000,96,1
41509,Frostweave Net,MISC,TRAINER,10,8372,9000,93,1
42337,Sun Rock Ring,GEAR,TRAINER,1,23560,24800,95,1
42337,Sun Rock Ring,GEAR,TRAINER,1,22382,24800,90,1
42337,Sun Rock Ring,GEAR,TRAINER,1,23560,24800,95,1
42337,Sun Rock Ring,GEAR,TRAINER,1,22382,24800,90,1
42337,Sun Rock Ring,GEAR,TRAINER,1,23560,24800,95,1
42337,Sun Rock Ring,GEAR,TRAINER,1,22382,24800,90,1
42337,Sun Rock Ring,GEAR,TRAINER,1,23560,24800,95,1
23517,Felsteel Gloves,GEAR,DROP,1,4,6,66,1
23517,Felsteel Gloves,GEAR,DROP,1,3,6,50,1
23517,Felsteel Gloves,GEAR,DROP,1,3,6,50,1
23517,Felsteel Gloves,GEAR,DROP,1,3,6,50,1
23517,Felsteel Gloves,GEAR,DROP,1,4,6,66,1
43853,Titanium Skeleton Key,MISC,TRAINER,20,6561,7000,93,1
43853,Titanium Skeleton Key,MISC,TRAINER,20,6298,7000,89,1
43853,Titanium Skeleton Key,MISC,TRAINER,20,6046,7000,86,1
43853,Titanium Skeleton Key,MISC,TRAINER,20,6561,7000,93,1
43853,Titanium Skeleton Key,MISC,TRAINER,20,6298,7000,89,1
43853,Titanium Skeleton Key,MISC,TRAINER,20,6046,7000,86,1
43853,Titanium Skeleton Key,MISC,TRAINER,20,6561,7000,93,1
43853,Titanium Skeleton Key,MISC,TRAINER,20,6298,7000,89,1
43853,Titanium Skeleton Key,MISC,TRAINER,20,6046,7000,86,1
43853,Titanium Skeleton Key,MISC,TRAINER,20,6561,7000,93,1
43853,Titanium Skeleton Key,MISC,TRAINER,20,6298,7000,89,1
43853,Titanium Skeleton Key,MISC,TRAINER,20,6046,7000,86,1
43853,Titanium Skeleton Key,MISC,TRAINER,20,6561,7000,93,1
43853,Titanium Skeleton Key,MISC,TRAINER,20,6298,7000,89,1
43853,Titanium Skeleton Key,MISC,TRAINER,20,5228,7000,74,1
43853,Titanium Skeleton Key,MISC,TRAINER,20,5123,7000,73,1
43853,Titanium Skeleton Key,MISC,TRAINER,20,4918,7000,70,1
43853,Titanium Skeleton Key,MISC,TRAINER,20,4770,7000,68,1
43853,Titanium Skeleton Key,MISC,TRAINER,20,5228,7000,74,1
43853,Titanium Skeleton Key,MISC,TRAINER,20,5123,7000,73,1
43853,Titanium Skeleton Key,MISC,TRAINER,20,4918,7000,70,1
43853,Titanium Skeleton Key,MISC,TRAINER,20,4770,7000,68,1
43853,Titanium Skeleton Key,MISC,TRAINER,20,5228,7000,74,1
43853,Titanium Skeleton Key,MISC,TRAINER,20,5123,7000,73,1
43853,Titanium Skeleton Key,MISC,TRAINER,20,4918,7000,70,1
40195,Pygmy Oil,INTERMEDIATE,TRAINER,11,228,300,76,1
40195,Pygmy Oil,INTERMEDIATE,TRAINER,2,216,300,72,1
32833,Purified Jaggal Pearl,GEM_CUT,TRAINER,1,8410,9280,90,1
32833,Purified Jaggal Pearl,GEM_CUT,TRAINER,1,8325,9280,89,1
32833,Purified Jaggal Pearl,GEM_CUT,TRAINER,1,8158,9280,87,1
32833,Purified Jaggal Pearl,GEM_CUT,TRAINER,1,7913,9280,85,1
32833,Purified Jaggal Pearl,GEM_CUT,TRAINER,1,8410,9280,90,1
32833,Purified Jaggal Pearl,GEM_CUT,TRAINER,1,8325,9280,89,1
41510,Bolt of Frostweave,INTERMEDIATE,TRAINER,4,27195,37500,72,1
41510,Bolt of Frostweave,INTERMEDIATE,TRAINER,7,26923,37500,71,1
22449,Large Prismatic Shard,INTERMEDIATE,VENDOR,20,188928,240000,78,1
22449,Large Prismatic Shard,INTERMEDIATE,VENDOR,5,179481,240000,74,1
22449,Large Prismatic Shard,INTERMEDIATE,VENDOR,5,188928,240000,78,1
41598,Mysterious Bag,BAG,VENDOR,1,627000,750000,83,1
41598,Mysterious Bag,BAG,VENDOR,1,601920,750000,80,1
41598,Mysterious Bag,BAG,VENDOR,1,589881,750000,78,1
41598,Mysterious Bag,BAG,VENDOR,1,627000,750000,83,1
41598,Mysterious Bag,BAG,VENDOR,1,601920,750000,80,1
41598,Mysterious Bag,BAG,VENDOR,1,589881,750000,78,1
23793,Heavy Knothide Leather,INTERMEDIATE,TRAINER,5,24700,25000,98,1
23793,Heavy Knothide Leather,INTERMEDIATE,TRAINER,2,23959,25000,95,1
41509,Frostweave Net,MISC,TRAINER,20,8037,9000,89,1
41509,Frostweave Net,MISC,TRAINER,20,7635,9000,84,1
41509,Frostweave Net,MISC,TRAINER,5,7405,9000,82,1
43258,Purehorn Spaulders,GEAR,TRAINER,1,176814,198000,89,1
43258,Purehorn Spaulders,GEAR,TRAINER,1,169741,198000,85,1
43258,Purehorn Spaulders,GEAR,TRAINER,1,166346,198000,84,1
43258,Purehorn Spaulders,GEAR,TRAINER,1,176814,198000,89,1
43258,Purehorn Spaulders,GEAR,TRAINER,1,169741,198000,85,1
43258,Purehorn Spaulders,GEAR,TRAINER,1,166346,198000,84,1
43258,Purehorn Spaulders,GEAR,TRAINER,1,176814,198000,89,1
43258,Purehorn Spaulders,GEAR,TRAINER,1,169741,198000,85,1
43258,Purehorn Spaulders,GEAR,TRAINER,1,166346,198000,84,1
43258,Purehorn Spaulders,GEAR,TRAINER,1,176814,198000,89,1
43258,Purehorn Spaulders,GEAR,TRAINER,1,169741,198000,85,1
43258,Purehorn Spaulders,GEAR,TRAINER,1,166346,198000,84,1
43258,Purehorn Spaulders,GEAR,TRAINER,1,176814,198000,89,1
41509,Frostweave Net,MISC,TRAINER,20,7776,9000,86,1
41509,Frostweave Net,MISC,TRAINER,20,7620,9000,84,1
41509,Frostweave Net,MISC,TRAINER,20,7239,9000,80,1
23101,Potent Flame Spessarite,GEM_CUT,VENDOR,1,15652,20000,78,1
23101,Potent Flame Spessarite,GEM_CUT,VENDOR,1,15182,20000,75,1
23101,Potent Flame Spessarite,GEM_CUT,VENDOR,1,14574,20000,72,1
23101,Potent Flame Spessarite,GEM_CUT,VENDOR,1,14136,20000,70,1
23101,Potent Flame Spessarite,GEM_CUT,VENDOR,1,15652,20000,78,1
23101,Potent Flame Spessarite,GEM_CUT,VENDOR,1,15182,20000,75,1
23101,Potent Flame Spessarite,GEM_CUT,VENDOR,1,14574,20000,72,1
23101,Potent Flame Spessarite,GEM_CUT,VENDOR,1,14136,20000,70,1
23101,Potent Flame Spessarite,GEM_CUT,VENDOR,1,15652,20000,78,1
23101,Potent Flame Spessarite,GEM_CUT,VENDOR,1,15182,20000,75,1
23101,Potent Flame Spessarite,GEM_CUT,VENDOR,1,14574,20000,72,1
23101,Potent Flame Spessarite,GEM_CUT,VENDOR,1,14136,20000,70,1
23101,Potent Flame Spessarite,GEM_CUT,VENDOR,1,15652,20000,78,1
23101,Potent Flame Spessarite,GEM_CUT,VENDOR,1,15182,20000,75,1
25679,Comfortable Insoles,MISC,VENDOR,10,7519,10000,75,1
25679,Comfortable Insoles,MISC,VENDOR,1,7368,10000,73,1
41367,Dark Jade Focusing Lens,MISC,TRAINER,1,20116,20000,100,1
41367,Dark Jade Focusing Lens,MISC,TRAINER,1,19914,20000,99,1
41367,Dark Jade Focusing Lens,MISC,TRAINER,1,18918,20000,94,1
41367,Dark Jade Focusing Lens,MISC,TRAINER,1,20116,20000,100,1
41367,Dark Jade Focusing Lens,MISC,TRAINER,1,19914,20000,99,1
41367,Dark Jade Focusing Lens,MISC,TRAINER,1,18918,20000,94,1
41367,Dark Jade Focusing Lens,MISC,TRAINER,1,20116,20000,100,1
41367,Dark Jade Focusing Lens,MISC,TRAINER,1,19914,20000,99,1
41367,Dark Jade Focusing Lens,MISC,TRAINER,1,18918,20000,94,1
41367,Dark Jade Focusing Lens,MISC,TRAINER,1,20116,20000,100,1
14530,Heavy Runecloth Bandage,MISC,TRAINER,12,3360,4704,71,1
44958,Ethereal Oil,INTERMEDIATE,TRAINER,8,85,96,88,1
44958,Ethereal Oil,INTERMEDIATE,TRAINER,1,83,96,86,1
41163,Titanium Bar,INTERMEDIATE,TRAINER,10,22140,20000,110,0
41163,Titanium Bar,INTERMEDIATE,TRAINER,4,21918,20000,109,0
40195,Pygmy Oil,INTERMEDIATE,TRAINER,11,245,300,81,1
40195,Pygmy Oil,INTERMEDIATE,TRAINER,1,237,300,79,1
41163,Titanium Bar,INTERMEDIATE,TRAINER,2,17820,20000,89,1
41163,Titanium Bar,INTERMEDIATE,TRAINER,12,16929,20000,84,1
45785,Glyph of Life Tap,MISC,UNSOURCED,12,221,315,70,1
23519,Felsteel Helm,GEAR,DROP,1,6,8,75,1
23519,Felsteel Helm,GEAR,DROP,1,5,8,62,1
23519,Felsteel Helm,GEAR,DROP,1,4,8,50,1
23519,Felsteel Helm,GEAR,DROP,1,6,8,75,1
23519,Felsteel Helm,GEAR,DROP,1,5,8,62,1
23519,Felsteel Helm,GEAR,DROP,1,4,8,50,1
23519,Felsteel Helm,GEAR,DROP,1,6,8,75,1
23519,Felsteel Helm,GEAR,DROP,1,5,8,62,1
23519,Felsteel Helm,GEAR,DROP,1,4,8,50,1
23519,Felsteel Helm,GEAR,DROP,1,6,8,75,1
23519,Felsteel Helm,GEAR,DROP,1,5,8,62,1
23519,Felsteel Helm,GEAR,DROP,1,4,8,50,1
23519,Felsteel Helm,GEAR,DROP,1,6,8,75,1
23519,Felsteel Helm,GEAR,DROP,1,5,8,62,1
23519,Felsteel Helm,GEAR,DROP,1,4,8,50,1
40195,Pygmy Oil,INTERMEDIATE,TRAINER,5,286,300,95,1
41601,Shining Spellthread,MISC,TRAINER,14,111446,124800,89,1
41594,Moonshroud,INTERMEDIATE,TRAINER,5,148473,195000,76,1
41594,Moonshroud,INTERMEDIATE,TRAINER,5,145503,195000,74,1
38375,Borean Armor Kit,MISC,TRAINER,10,26164,36000,72,1
38375,Borean Armor Kit,MISC,TRAINER,2,25640,36000,71,1
44958,Ethereal Oil,INTERMEDIATE,TRAINER,4,91,96,94,1
44958,Ethereal Oil,INTERMEDIATE,TRAINER,5,90,96,93,1
22866,Flask of Pure Death,FLASK,UNSOURCED,20,93234,55500,167,0
22866,Flask of Pure Death,FLASK,UNSOURCED,20,90436,55500,162,0
34767,Firecracker Salmon,FOOD,VENDOR,5,43,49,87,1
34767,Firecracker Salmon,FOOD,VENDOR,4,40,49,81,1
42336,Bloodstone Band,GEAR,TRAINER,1,21360,24800,86,1
42336,Bloodstone Band,GEAR,TRAINER,1,20505,24800,82,1
42336,Bloodstone Band,GEAR,TRAINER,1,21360,24800,86,1
42336,Bloodstone Band,GEAR,TRAINER,1,20505,24800,82,1
42336,Bloodstone Band,GEAR,TRAINER,1,21360,24800,86,1
24270,Bag of Jewels,BAG,VENDOR,1,16328,20006,81,1
24270,Bag of Jewels,BAG,VENDOR,1,16001,20006,79,1
24270,Bag of Jewels,BAG,VENDOR,1,15520,20006,77,1
24270,Bag of Jewels,BAG,VENDOR,1,16328,20006,81,1
24270,Bag of Jewels,BAG,VENDOR,1,16001,20006,79,1
24270,Bag of Jewels,BAG,VENDOR,1,15520,20006,77,1
24270,Bag of Jewels,BAG,VENDOR,1,16328,20006,81,1
24270,Bag of Jewels,BAG,VENDOR,1,16001,20006,79,1
24270,Bag of Jewels,BAG,VENDOR,1,15520,20006,77,1
24270,Bag of Jewels,BAG,VENDOR,1,16328,20006,81,1
24270,Bag of Jewels,BAG,VENDOR,1,16001,20006,79,1
24270,Bag of Jewels,BAG,VENDOR,1,15520,20006,77,1
24270,Bag of Jewels,BAG,VENDOR,1,16328,20006,81,1
24270,Bag of Jewels,BAG,VENDOR,1,16001,20006,79,1
44958,Ethereal Oil,INTERMEDIATE,TRAINER,10,70,96,72,1
44958,Ethereal Oil,INTERMEDIATE,TRAINER,1,66,96,68,1
42337,Sun Rock Ring,GEAR,TRAINER,1,18136,24800,73,1
42337,Sun Rock Ring,GEAR,TRAINER,1,17954,24800,72,1
42337,Sun Rock Ring,GEAR,TRAINER,1,17415,24800,70,1
42337,Sun Rock Ring,GEAR,TRAINER,1,18136,24800,73,1
42337,Sun Rock Ring,GEAR,TRAINER,1,17954,24800,72,1
42337,Sun Rock Ring,GEAR,TRAINER,1,17415,24800,70,1
42337,Sun Rock Ring,GEAR,TRAINER,1,18136,24800,73,1
42337,Sun Rock Ring,GEAR,TRAINER,1,17954,24800,72,1
42337,Sun Rock Ring,GEAR,TRAINER,1,17415,24800,70,1
22448,Small Prismatic Shard,INTERMEDIATE,TRAINER,20,1,0,0,1
22448,Small Prismatic Shard,INTERMEDIATE,TRAINER,6,1,0,0,1
22448,Small Prismatic Shard,INTERMEDIATE,TRAINER,1,1,0,0,1
38402,Arctic Shoulderpads,GEAR,TRAINER,1,76950,90000,85,1
38402,Arctic Shoulderpads,GEAR,TRAINER,1,76180,90000,84,1
38402,Arctic Shoulderpads,GEAR,TRAINER,1,74656,90000,82,1
38402,Arctic Shoulderpads,GEAR,TRAINER,1,73909,90000,82,1
38402,Arctic Shoulderpads,GEAR,TRAINER,1,76950,90000,85,1
38402,Arctic Shoulderpads,GEAR,TRAINER,1,76180,90000,84,1
38402,Arctic Shoulderpads,GEAR,TRAINER,1,74656,90000,82,1
38402,Arctic Shoulderpads,GEAR,TRAINER,1,73909,90000,82,1
38402,Arctic Shoulderpads,GEAR,TRAINER,1,76950,90000,85,1
38402,Arctic Shoulderpads,GEAR,TRAINER,1,76180,90000,84,1
36916,Cobalt Bar,INTERMEDIATE,TRAINER,1,7306,6000,121,0
36916,Cobalt Bar,INTERMEDIATE,TRAINER,7,7086,6000,118,0
33568,Borean Leather,INTERMEDIATE,TRAINER,2,11664,13500,86,1
33568,Borean Leather,INTERMEDIATE,TRAINER,6,11547,13500,85,1
23517,Felsteel Gloves,GEAR,DROP,1,4,6,66,1
23517,Felsteel Gloves,GEAR,DROP,1,3,6,50,1
23517,Felsteel Gloves,GEAR,DROP,1,3,6,50,1
23517,Felsteel Gloves,GEAR,DROP,1,4,6,66,1
23517,Felsteel Gloves,GEAR,DROP,1,3,6,50,1
23517,Felsteel Gloves,GEAR,DROP,1,3,6,50,1
23517,Felsteel Gloves,GEAR,DROP,1,4,6,66,1
23517,Felsteel Gloves,GEAR,DROP,1,3,6,50,1
23517,Felsteel Gloves,GEAR,DROP,1,3,6,50,1
23517,Felsteel Gloves,GEAR,DROP,1,4,6,66,1
23517,Felsteel Gloves,GEAR,DROP,1,3,6,50,1
23517,Felsteel Gloves,GEAR,DROP,1,3,6,50,1
23517,Felsteel Gloves,GEAR,DROP,1,4,6,66,1
23517,Felsteel Gloves,GEAR,DROP,1,3,6,50,1
43853,Titanium Skeleton Key,MISC,TRAINER,20,5922,7000,84,1
43853,Titanium Skeleton Key,MISC,TRAINER,20,5744,7000,82,1
43853,Titanium Skeleton Key,MISC,TRAINER,20,5514,7000,78,1
43853,Titanium Skeleton Key,MISC,TRAINER,20,5922,7000,84,1
43853,Titanium Skeleton Key,MISC,TRAINER,20,5744,7000,82,1
43853,Titanium Skeleton Key,MISC,TRAINER,20,5514,7000,78,1
22448,Small Prismatic Shard,INTERMEDIATE,TRAINER,20,1,0,0,1
22448,Small Prismatic Shard,INTERMEDIATE,TRAINER,20,1,0,0,1
22448,Small Prismatic Shard,INTERMEDIATE,TRAINER,1,1,0,0,1
22448,Small Prismatic Shard,INTERMEDIATE,TRAINER,1,1,0,0,1
23785,Hardened Adamantite Tube,INTERMEDIATE,TRAINER,6,1,3,33,1
23785,Hardened Adamantite Tube,INTERMEDIATE,TRAINER,4,1,3,33,1
23517,Felsteel Gloves,GEAR,DROP,1,4,6,66,1
23517,Felsteel Gloves,GEAR,DROP,1,3,6,50,1
23517,Felsteel Gloves,GEAR,DROP,1,3,6,50,1
23517,Felsteel Gloves,GEAR,DROP,1,4,6,66,1
23517,Felsteel Gloves,GEAR,DROP,1,3,6,50,1
23517,Felsteel Gloves,GEAR,DROP,1,3,6,50,1
23517,Felsteel Gloves,GEAR,DROP,1,4,6,66,1
23517,Felsteel Gloves,GEAR,DROP,1,3,6,50,1
23517,Felsteel Gloves,GEAR,DROP,1,3,6,50,1
23517,Felsteel Gloves,GEAR,DROP,1,4,6,66,1
23517,Felsteel Gloves,GEAR,DROP,1,3,6,50,1
23517,Felsteel Gloves,GEAR,DROP,1,3,6,50,1
41509,Frostweave Net,MISC,TRAINER,20,8362,9000,92,1
41509,Frostweave Net,MISC,TRAINER,10,7943,9000,88,1
24268,Netherweave Net,MISC,TRAINER,10,4848,7200,67,1
23519,Felsteel Helm,GEAR,DROP,1,5,8,62,1
23519,Felsteel Helm,GEAR,DROP,1,4,8,50,1
23519,Felsteel Helm,GEAR,DROP,1,4,8,50,1
23519,Felsteel Helm,GEAR,DROP,1,4,8,50,1
23519,Felsteel Helm,GEAR,DROP,1,5,8,62,1
23519,Felsteel Helm,GEAR,DROP,1,4,8,50,1
23519,Felsteel Helm,GEAR,DROP,1,4,8,50,1
23519,Felsteel Helm,GEAR,DROP,1,4,8,50,1
23519,Felsteel Helm,GEAR,DROP,1,5,8,62,1
23519,Felsteel Helm,GEAR,DROP,1,4,8,50,1
23519,Felsteel Helm,GEAR,DROP,1,4,8,50,1
38425,Heavy Borean Leather,INTERMEDIATE,TRAINER,13,43734,54000,80,1
38425,Heavy Borean Leather,INTERMEDIATE,TRAINER,1,42421,54000,78,1
42641,Global Thermal Sapper Charge,MISC,TRAINER,20,5700,6900,82,1
42641,Global Thermal Sapper Charge,MISC,TRAINER,20,5586,6900,80,1
42641,Global Thermal Sapper Charge,MISC,TRAINER,20,5474,6900,79,1
22448,Small Prismatic Shard,INTERMEDIATE,TRAINER,20,1,0,0,1
22448,Small Prismatic Shard,INTERMEDIATE,TRAINER,4,1,0,0,1
38425,Heavy Borean Leather,INTERMEDIATE,TRAINER,5,48265,54000,89,1
38425,Heavy Borean Leather,INTERMEDIATE,TRAINER,7,47299,54000,87,1
22448,Small Prismatic Shard,INTERMEDIATE,TRAINER,20,1,0,0,1
22448,Small Prismatic Shard,INTERMEDIATE,TRAINER,19,1,0,0,1
41509,Frostweave Net,MISC,TRAINER,20,7986,9000,88,1
41509,Frostweave Net,MISC,TRAINER,20,7586,9000,84,1
41509,Frostweave Net,MISC,TRAINER,20,7510,9000,83,1
41601,Shining Spellthread,MISC,TRAINER,8,99939,124800,80,1
32836,Purified Shadow Pearl,GEM_CUT,TRAINER,1,7939,9280,85,1
32836,Purified Shadow Pearl,GEM_CUT,TRAINER,1,7780,9280,83,1
32836,Purified Shadow Pearl,GEM_CUT,TRAINER,1,7546,9280,81,1
32836,Purified Shadow Pearl,GEM_CUT,TRAINER,1,7319,9280,78,1
32836,Purified Shadow Pearl,GEM_CUT,TRAINER,1,7939,9280,85,1
32836,Purified Shadow Pearl,GEM_CUT,TRAINER,1,7780,9280,83,1
32836,Purified Shadow Pearl,GEM_CUT,TRAINER,1,7546,9280,81,1
32836,Purified Shadow Pearl,GEM_CUT,TRAINER,1,7319,9280,78,1
32836,Purified Shadow Pearl,GEM_CUT,TRAINER,1,7939,9280,85,1
32836,Purified Shadow Pearl,GEM_CUT,TRAINER,1,7780,9280,83,1
32836,Purified Shadow Pearl,GEM_CUT,TRAINER,1,7546,9280,81,1
8827,Elixir of Water Walking,ELIXIR_POT,UNSOURCED,5,6062,6180,98,1
8827,Elixir of Water Walking,ELIXIR_POT,UNSOURCED,5,5819,6180,94,1
8827,Elixir of Water Walking,ELIXIR_POT,UNSOURCED,5,6062,6180,98,1
43853,Titanium Skeleton Key,MISC,TRAINER,20,5007,7000,71,1
43853,Titanium Skeleton Key,MISC,TRAINER,20,4806,7000,68,1
43853,Titanium Skeleton Key,MISC,TRAINER,20,4709,7000,67,1
43853,Titanium Skeleton Key,MISC,TRAINER,20,5007,7000,71,1
43853,Titanium Skeleton Key,MISC,TRAINER,20,4806,7000,68,1
43853,Titanium Skeleton Key,MISC,TRAINER,20,4709,7000,67,1
43853,Titanium Skeleton Key,MISC,TRAINER,20,5007,7000,71,1
43853,Titanium Skeleton Key,MISC,TRAINER,20,4806,7000,68,1
43853,Titanium Skeleton Key,MISC,TRAINER,20,4709,7000,67,1
43252,Windfire Band,GEAR,VENDOR,1,85377,112000,76,1
43252,Windfire Band,GEAR,VENDOR,1,81961,112000,73,1
43252,Windfire Band,GEAR,VENDOR,1,85377,112000,76,1
43252,Windfire Band,GEAR,VENDOR,1,81961,112000,73,1
43252,Windfire Band,GEAR,VENDOR,1,85377,112000,76,1
43252,Windfire Band,GEAR,VENDOR,1,81961,112000,73,1
43252,Windfire Band,GEAR,VENDOR,1,85377,112000,76,1
43252,Windfire Band,GEAR,VENDOR,1,81961,112000,73,1
43252,Windfire Band,GEAR,VENDOR,1,85377,112000,76,1
40195,Pygmy Oil,INTERMEDIATE,TRAINER,1,273,300,91,1
40195,Pygmy Oil,INTERMEDIATE,TRAINER,4,259,300,86,1
41604,Sapphire Spellthread,MISC,VENDOR,9,428541,586000,73,1
41509,Frostweave Net,MISC,TRAINER,20,7761,9000,86,1
41509,Frostweave Net,MISC,TRAINER,20,7372,9000,81,1
41509,Frostweave Net,MISC,TRAINER,20,7761,9000,86,1
42420,Shadow Crystal Focusing Lens,MISC,TRAINER,1,15960,20000,79,1
42420,Shadow Crystal Focusing Lens,MISC,TRAINER,1,15162,20000,75,1
42420,Shadow Crystal Focusing Lens,MISC,TRAINER,1,14403,20000,72,1
42420,Shadow Crystal Focusing Lens,MISC,TRAINER,1,15960,20000,79,1
42420,Shadow Crystal Focusing Lens,MISC,TRAINER,1,15162,20000,75,1
42420,Shadow Crystal Focusing Lens,MISC,TRAINER,1,14403,20000,72,1
42420,Shadow Crystal Focusing Lens,MISC,TRAINER,1,15960,20000,79,1
42420,Shadow Crystal Focusing Lens,MISC,TRAINER,1,15162,20000,75,1
42420,Shadow Crystal Focusing Lens,MISC,TRAINER,1,14403,20000,72,1
42420,Shadow Crystal Focusing Lens,MISC,TRAINER,1,15960,20000,79,1
43969,Frostsavage Belt,GEAR,TRAINER,1,404279,515400,78,1
43969,Frostsavage Belt,GEAR,TRAINER,1,388107,515400,75,1
43969,Frostsavage Belt,GEAR,TRAINER,1,368701,515400,71,1
43969,Frostsavage Belt,GEAR,TRAINER,1,361326,515400,70,1
43969,Frostsavage Belt,GEAR,TRAINER,1,404279,515400,78,1
43969,Frostsavage Belt,GEAR,TRAINER,1,388107,515400,75,1
43969,Frostsavage Belt,GEAR,TRAINER,1,368701,515400,71,1
43969,Frostsavage Belt,GEAR,TRAINER,1,361326,515400,70,1
43969,Frostsavage Belt,GEAR,TRAINER,1,404279,515400,78,1
43969,Frostsavage Belt,GEAR,TRAINER,1,388107,515400,75,1
43969,Frostsavage Belt,GEAR,TRAINER,1,368701,515400,71,1
43969,Frostsavage Belt,GEAR,TRAINER,1,361326,515400,70,1
43969,Frostsavage Belt,GEAR,TRAINER,1,404279,515400,78,1
43969,Frostsavage Belt,GEAR,TRAINER,1,388107,515400,75,1
43969,Frostsavage Belt,GEAR,TRAINER,1,368701,515400,71,1
22448,Small Prismatic Shard,INTERMEDIATE,TRAINER,20,1,0,0,1
22448,Small Prismatic Shard,INTERMEDIATE,TRAINER,4,1,0,0,1
22448,Small Prismatic Shard,INTERMEDIATE,TRAINER,3,1,0,0,1
8176,Nightscape Headband,GEAR,TRAINER,1,7022,6940,101,1
8176,Nightscape Headband,GEAR,TRAINER,1,6951,6940,100,1
8176,Nightscape Headband,GEAR,TRAINER,1,7022,6940,101,1
8176,Nightscape Headband,GEAR,TRAINER,1,6951,6940,100,1
8176,Nightscape Headband,GEAR,TRAINER,1,7022,6940,101,1
8176,Nightscape Headband,GEAR,TRAINER,1,6951,6940,100,1
8176,Nightscape Headband,GEAR,TRAINER,1,7022,6940,101,1
8176,Nightscape Headband,GEAR,TRAINER,1,6951,6940,100,1
8176,Nightscape Headband,GEAR,TRAINER,1,7022,6940,101,1
8176,Nightscape Headband,GEAR,TRAINER,1,6951,6940,100,1
8176,Nightscape Headband,GEAR,TRAINER,1,7022,6940,101,1
8176,Nightscape Headband,GEAR,TRAINER,1,6951,6940,100,1
8176,Nightscape Headband,GEAR,TRAINER,1,7022,6940,101,1
24270,Bag of Jewels,BAG,VENDOR,1,16930,20006,84,1
24270,Bag of Jewels,BAG,VENDOR,1,16760,20006,83,1
24270,Bag of Jewels,BAG,VENDOR,1,16592,20006,82,1
24270,Bag of Jewels,BAG,VENDOR,1,16260,20006,81,1
24270,Bag of Jewels,BAG,VENDOR,1,16930,20006,84,1
41509,Frostweave Net,MISC,TRAINER,20,8553,9000,95,1
41509,Frostweave Net,MISC,TRAINER,20,8296,9000,92,1
22448,Small Prismatic Shard,INTERMEDIATE,TRAINER,20,1,0,0,1
22448,Small Prismatic Shard,INTERMEDIATE,TRAINER,5,1,0,0,1
22448,Small Prismatic Shard,INTERMEDIATE,TRAINER,2,1,0,0,1
23519,Felsteel Helm,GEAR,DROP,1,6,8,75,1
23519,Felsteel Helm,GEAR,DROP,1,5,8,62,1
23519,Felsteel Helm,GEAR,DROP,1,6,8,75,1
23519,Felsteel Helm,GEAR,DROP,1,5,8,62,1
23519,Felsteel Helm,GEAR,DROP,1,6,8,75,1
23519,Felsteel Helm,GEAR,DROP,1,5,8,62,1
23519,Felsteel Helm,GEAR,DROP,1,6,8,75,1
23519,Felsteel Helm,GEAR,DROP,1,5,8,62,1
23785,Hardened Adamantite Tube,INTERMEDIATE,TRAINER,4,1,3,33,1
23785,Hardened Adamantite Tube,INTERMEDIATE,TRAINER,3,1,3,33,1
4305,Bolt of Silk Cloth,INTERMEDIATE,TRAINER,3,2793,2376,117,0
4305,Bolt of Silk Cloth,INTERMEDIATE,TRAINER,3,2737,2376,115,0
44958,Ethereal Oil,INTERMEDIATE,TRAINER,8,72,96,75,1
24269,Heavy Netherweave Net,MISC,UNSOURCED,12,11547,14400,80,1
23447,Eternium Bar,INTERMEDIATE,TRAINER,6,20520,20000,102,1
23447,Eternium Bar,INTERMEDIATE,TRAINER,9,19699,20000,98,1
41510,Bolt of Frostweave,INTERMEDIATE,TRAINER,1,30810,37500,82,1
41510,Bolt of Frostweave,INTERMEDIATE,TRAINER,11,29269,37500,78,1
23518,Felsteel Leggings,GEAR,DROP,1,6,8,75,1
23518,Felsteel Leggings,GEAR,DROP,1,5,8,62,1
23518,Felsteel Leggings,GEAR,DROP,1,4,8,50,1
23518,Felsteel Leggings,GEAR,DROP,1,4,8,50,1
23518,Felsteel Leggings,GEAR,DROP,1,6,8,75,1
23518,Felsteel Leggings,GEAR,DROP,1,5,8,62,1
23518,Felsteel Leggings,GEAR,DROP,1,4,8,50,1
23518,Felsteel Leggings,GEAR,DROP,1,4,8,50,1
23518,Felsteel Leggings,GEAR,DROP,1,6,8,75,1
23518,Felsteel Leggings,GEAR,DROP,1,5,8,62,1
23518,Felsteel Leggings,GEAR,DROP,1,4,8,50,1
23518,Felsteel Leggings,GEAR,DROP,1,4,8,50,1
23518,Felsteel Leggings,GEAR,DROP,1,6,8,75,1
23518,Felsteel Leggings,GEAR,DROP,1,5,8,62,1
22448,Small Prismatic Shard,INTERMEDIATE,TRAINER,20,1,0,0,1
22448,Small Prismatic Shard,INTERMEDIATE,TRAINER,5,1,0,0,1
22448,Small Prismatic Shard,INTERMEDIATE,TRAINER,2,1,0,0,1
44958,Ethereal Oil,INTERMEDIATE,TRAINER,2,86,96,89,1
44958,Ethereal Oil,INTERMEDIATE,TRAINER,3,84,96,87,1
41164,Mammoth Cutters,AMMO,TRAINER,1000,25,34,73,1
41164,Mammoth Cutters,AMMO,TRAINER,1000,24,34,70,1
41164,Mammoth Cutters,AMMO,TRAINER,1000,23,34,67,1
41164,Mammoth Cutters,AMMO,TRAINER,1000,22,34,64,1
41164,Mammoth Cutters,AMMO,TRAINER,1000,25,34,73,1
41164,Mammoth Cutters,AMMO,TRAINER,1000,24,34,70,1
22448,Small Prismatic Shard,INTERMEDIATE,TRAINER,20,1,0,0,1
22448,Small Prismatic Shard,INTERMEDIATE,TRAINER,20,1,0,0,1
22448,Small Prismatic Shard,INTERMEDIATE,TRAINER,4,1,0,0,1
22448,Small Prismatic Shard,INTERMEDIATE,TRAINER,1,1,0,0,1
41595,Spellweave,INTERMEDIATE,TRAINER,4,152139,195000,78,1
41595,Spellweave,INTERMEDIATE,TRAINER,5,149096,195000,76,1
40195,Pygmy Oil,INTERMEDIATE,TRAINER,3,262,300,87,1
40195,Pygmy Oil,INTERMEDIATE,TRAINER,7,259,300,86,1
11371,Dark Iron Bar,INTERMEDIATE,UNSOURCED,5,51756,23040,224,0
41509,Frostweave Net,MISC,TRAINER,20,6741,9000,74,1
41509,Frostweave Net,MISC,TRAINER,10,6538,9000,72,1
43248,Stoneguard Band,GEAR,TRAINER,1,33988,48000,70,1
43248,Stoneguard Band,GEAR,TRAINER,1,32628,48000,67,1
43248,Stoneguard Band,GEAR,TRAINER,1,31649,48000,65,1
43248,Stoneguard Band,GEAR,TRAINER,1,31332,48000,65,1
43248,Stoneguard Band,GEAR,TRAINER,1,33988,48000,70,1
43248,Stoneguard Band,GEAR,TRAINER,1,32628,48000,67,1
43248,Stoneguard Band,GEAR,TRAINER,1,31649,48000,65,1
38433,Arctic Wristguards,GEAR,TRAINER,1,85536,108000,79,1
38433,Arctic Wristguards,GEAR,TRAINER,1,81259,108000,75,1
38433,Arctic Wristguards,GEAR,TRAINER,1,85536,108000,79,1
38433,Arctic Wristguards,GEAR,TRAINER,1,81259,108000,75,1
38433,Arctic Wristguards,GEAR,TRAINER,1,85536,108000,79,1
38433,Arctic Wristguards,GEAR,TRAINER,1,81259,108000,75,1
38433,Arctic Wristguards,GEAR,TRAINER,1,85536,108000,79,1
38433,Arctic Wristguards,GEAR,TRAINER,1,81259,108000,75,1
38433,Arctic Wristguards,GEAR,TRAINER,1,85536,108000,79,1
38433,Arctic Wristguards,GEAR,TRAINER,1,81259,108000,75,1
38433,Arctic Wristguards,GEAR,TRAINER,1,85536,108000,79,1
38433,Arctic Wristguards,GEAR,TRAINER,1,81259,108000,75,1
22448,Small Prismatic Shard,INTERMEDIATE,TRAINER,20,1,0,0,1
22448,Small Prismatic Shard,INTERMEDIATE,TRAINER,1,1,0,0,1
41516,Frostsavage Gloves,GEAR,TRAINER,1,387340,520200,74,1
41516,Frostsavage Gloves,GEAR,TRAINER,1,371846,520200,71,1
41516,Frostsavage Gloves,GEAR,TRAINER,1,353253,520200,67,1
41516,Frostsavage Gloves,GEAR,TRAINER,1,342655,520200,65,1
41516,Frostsavage Gloves,GEAR,TRAINER,1,387340,520200,74,1
41516,Frostsavage Gloves,GEAR,TRAINER,1,371846,520200,71,1
41516,Frostsavage Gloves,GEAR,TRAINER,1,353253,520200,67,1
41516,Frostsavage Gloves,GEAR,TRAINER,1,342655,520200,65,1
41516,Frostsavage Gloves,GEAR,TRAINER,1,387340,520200,74,1
41516,Frostsavage Gloves,GEAR,TRAINER,1,371846,520200,71,1
41516,Frostsavage Gloves,GEAR,TRAINER,1,353253,520200,67,1
41510,Bolt of Frostweave,INTERMEDIATE,TRAINER,1,35268,37500,94,1
41510,Bolt of Frostweave,INTERMEDIATE,TRAINER,12,34209,37500,91,1
44958,Ethereal Oil,INTERMEDIATE,TRAINER,2,79,96,82,1
44958,Ethereal Oil,INTERMEDIATE,TRAINER,3,75,96,78,1
21861,Imbued Netherweave Robe,GEAR,VENDOR,1,60227,65006,92,1
21861,Imbued Netherweave Robe,GEAR,VENDOR,1,59022,65006,90,1
21861,Imbued Netherweave Robe,GEAR,VENDOR,1,56661,65006,87,1
21861,Imbued Netherweave Robe,GEAR,VENDOR,1,53827,65006,82,1
21861,Imbued Netherweave Robe,GEAR,VENDOR,1,60227,65006,92,1
21861,Imbued Netherweave Robe,GEAR,VENDOR,1,59022,65006,90,1
21861,Imbued Netherweave Robe,GEAR,VENDOR,1,56661,65006,87,1
21861,Imbued Netherweave Robe,GEAR,VENDOR,1,53827,65006,82,1
21861,Imbued Netherweave Robe,GEAR,VENDOR,1,60227,65006,92,1
22448,Small Prismatic Shard,INTERMEDIATE,TRAINER,20,1,0,0,1
22448,Small Prismatic Shard,INTERMEDIATE,TRAINER,12,1,0,0,1
22448,Small Prismatic Shard,INTERMEDIATE,TRAINER,1,1,0,0,1
41595,Spellweave,INTERMEDIATE,TRAINER,6,182793,195000,93,1
41595,Spellweave,INTERMEDIATE,TRAINER,7,175481,195000,89,1
41593,Ebonweave,INTERMEDIATE,TRAINER,3,156663,195000,80,1
41593,Ebonweave,INTERMEDIATE,TRAINER,5,151963,195000,77,1
23518,Felsteel Leggings,GEAR,DROP,1,5,8,62,1
23518,Felsteel Leggings,GEAR,DROP,1,4,8,50,1
23518,Felsteel Leggings,GEAR,DROP,1,4,8,50,1
23518,Felsteel Leggings,GEAR,DROP,1,4,8,50,1
23518,Felsteel Leggings,GEAR,DROP,1,5,8,62,1
23518,Felsteel Leggings,GEAR,DROP,1,4,8,50,1
23518,Felsteel Leggings,GEAR,DROP,1,4,8,50,1
23518,Felsteel Leggings,GEAR,DROP,1,4,8,50,1
23518,Felsteel Leggings,GEAR,DROP,1,5,8,62,1
23518,Felsteel Leggings,GEAR,DROP,1,4,8,50,1
23518,Felsteel Leggings,GEAR,DROP,1,4,8,50,1
23518,Felsteel Leggings,GEAR,DROP,1,4,8,50,1
23518,Felsteel Leggings,GEAR,DROP,1,5,8,62,1
23518,Felsteel Leggings,GEAR,DROP,1,4,8,50,1
23518,Felsteel Leggings,GEAR,DROP,1,4,8,50,1
41163,Titanium Bar,INTERMEDIATE,TRAINER,9,16274,20000,81,1
41163,Titanium Bar,INTERMEDIATE,TRAINER,5,15785,20000,78,1
43853,Titanium Skeleton Key,MISC,TRAINER,20,5032,7000,71,1
43853,Titanium Skeleton Key,MISC,TRAINER,20,4931,7000,70,1
43853,Titanium Skeleton Key,MISC,TRAINER,20,5032,7000,71,1
43853,Titanium Skeleton Key,MISC,TRAINER,20,4931,7000,70,1
43853,Titanium Skeleton Key,MISC,TRAINER,20,5032,7000,71,1
43853,Titanium Skeleton Key,MISC,TRAINER,20,4931,7000,70,1
43853,Titanium Skeleton Key,MISC,TRAINER,20,5032,7000,71,1
43853,Titanium Skeleton Key,MISC,TRAINER,20,4931,7000,70,1
43853,Titanium Skeleton Key,MISC,TRAINER,20,5032,7000,71,1
43853,Titanium Skeleton Key,MISC,TRAINER,20,4931,7000,70,1
43853,Titanium Skeleton Key,MISC,TRAINER,20,5032,7000,71,1
14048,Bolt of Runecloth,INTERMEDIATE,TRAINER,8,9202,11760,78,1
14048,Bolt of Runecloth,INTERMEDIATE,TRAINER,7,8741,11760,74,1
41509,Frostweave Net,MISC,TRAINER,20,8415,9000,93,1
41509,Frostweave Net,MISC,TRAINER,15,8246,9000,91,1
41509,Frostweave Net,MISC,TRAINER,20,8613,9000,95,1
41509,Frostweave Net,MISC,TRAINER,15,8440,9000,93,1
24270,Bag of Jewels,BAG,VENDOR,1,16736,20006,83,1
24270,Bag of Jewels,BAG,VENDOR,1,16401,20006,81,1
24270,Bag of Jewels,BAG,VENDOR,1,16736,20006,83,1
24270,Bag of Jewels,BAG,VENDOR,1,16401,20006,81,1
24270,Bag of Jewels,BAG,VENDOR,1,16736,20006,83,1
24270,Bag of Jewels,BAG,VENDOR,1,16401,20006,81,1
24270,Bag of Jewels,BAG,VENDOR,1,16736,20006,83,1
24270,Bag of Jewels,BAG,VENDOR,1,16401,20006,81,1
24270,Bag of Jewels,BAG,VENDOR,1,16736,20006,83,1
24270,Bag of Jewels,BAG,VENDOR,1,16401,20006,81,1
24270,Bag of Jewels,BAG,VENDOR,1,16736,20006,83,1
24270,Bag of Jewels,BAG,VENDOR,1,16401,20006,81,1
24270,Bag of Jewels,BAG,VENDOR,1,16736,20006,83,1
24268,Netherweave Net,MISC,TRAINER,10,5299,7200,73,1
23785,Hardened Adamantite Tube,INTERMEDIATE,TRAINER,6,2,3,66,1
8545,Heavy Mageweave Bandage,MISC,TRAINER,7,1596,2020,79,1
6371,Fire Oil,INTERMEDIATE,TRAINER,6,81,64,126,0
41603,Azure Spellthread,MISC,TRAINER,8,100638,124800,80,1
41165,Saronite Razorheads,AMMO,TRAINER,1000,45,60,75,1
41165,Saronite Razorheads,AMMO,TRAINER,1000,42,60,70,1
41165,Saronite Razorheads,AMMO,TRAINER,1000,40,60,66,1
41165,Saronite Razorheads,AMMO,TRAINER,1000,45,60,75,1
41165,Saronite Razorheads,AMMO,TRAINER,1000,42,60,70,1
41165,Saronite Razorheads,AMMO,TRAINER,1000,40,60,66,1
41165,Saronite Razorheads,AMMO,TRAINER,1000,45,60,75,1
41165,Saronite Razorheads,AMMO,TRAINER,1000,42,60,70,1
41165,Saronite Razorheads,AMMO,TRAINER,1000,40,60,66,1
41165,Saronite Razorheads,AMMO,TRAINER,1000,45,60,75,1
41165,Saronite Razorheads,AMMO,TRAINER,1000,42,60,70,1
41165,Saronite Razorheads,AMMO,TRAINER,1000,40,60,66,1
41165,Saronite Razorheads,AMMO,TRAINER,1000,45,60,75,1
41165,Saronite Razorheads,AMMO,TRAINER,1000,42,60,70,1
44958,Ethereal Oil,INTERMEDIATE,TRAINER,9,65,96,67,1
43249,Shadowmight Ring,GEAR,TRAINER,1,42768,48000,89,1
43249,Shadowmight Ring,GEAR,TRAINER,1,41484,48000,86,1
43249,Shadowmight Ring,GEAR,TRAINER,1,40239,48000,83,1
43249,Shadowmight Ring,GEAR,TRAINER,1,42768,48000,89,1
43249,Shadowmight Ring,GEAR,TRAINER,1,41484,48000,86,1
43249,Shadowmight Ring,GEAR,TRAINER,1,40239,48000,83,1
43249,Shadowmight Ring,GEAR,TRAINER,1,42768,48000,89,1
43249,Shadowmight Ring,GEAR,TRAINER,1,41484,48000,86,1
43249,Shadowmight Ring,GEAR,TRAINER,1,40239,48000,83,1
22448,Small Prismatic Shard,INTERMEDIATE,TRAINER,20,1,0,0,1
22448,Small Prismatic Shard,INTERMEDIATE,TRAINER,7,1,0,0,1
45785,Glyph of Life Tap,MISC,UNSOURCED,8,245,315,77,1
41509,Frostweave Net,MISC,TRAINER,20,7536,9000,83,1
41509,Frostweave Net,MISC,TRAINER,20,7234,9000,80,1
34766,Poached Northern Sculpin,FOOD,VENDOR,5,38,49,77,1
34766,Poached Northern Sculpin,FOOD,VENDOR,1,36,49,73,1
41602,Brilliant Spellthread,MISC,VENDOR,15,492240,586000,84,1
43853,Titanium Skeleton Key,MISC,TRAINER,20,6115,7000,87,1
43853,Titanium Skeleton Key,MISC,TRAINER,20,6053,7000,86,1
43853,Titanium Skeleton Key,MISC,TRAINER,20,6115,7000,87,1
43853,Titanium Skeleton Key,MISC,TRAINER,20,6053,7000,86,1
43853,Titanium Skeleton Key,MISC,TRAINER,20,6115,7000,87,1
43853,Titanium Skeleton Key,MISC,TRAINER,20,6053,7000,86,1
43853,Titanium Skeleton Key,MISC,TRAINER,20,6115,7000,87,1
43853,Titanium Skeleton Key,MISC,TRAINER,20,6053,7000,86,1
43853,Titanium Skeleton Key,MISC,TRAINER,20,6115,7000,87,1
43853,Titanium Skeleton Key,MISC,TRAINER,20,6053,7000,86,1
43853,Titanium Skeleton Key,MISC,TRAINER,20,6115,7000,87,1
41509,Frostweave Net,MISC,TRAINER,20,7711,9000,85,1
41509,Frostweave Net,MISC,TRAINER,20,7479,9000,83,1
34767,Firecracker Salmon,FOOD,VENDOR,5,47,49,95,1
34767,Firecracker Salmon,FOOD,VENDOR,1,46,49,93,1
13423,Stonescale Oil,INTERMEDIATE,TRAINER,9,84,102,82,1
13423,Stonescale Oil,INTERMEDIATE,TRAINER,1,79,102,77,1
22448,Small Prismatic Shard,INTERMEDIATE,TRAINER,20,1,0,0,1
22448,Small Prismatic Shard,INTERMEDIATE,TRAINER,2,1,0,0,1
22448,Small Prismatic Shard,INTERMEDIATE,TRAINER,8,1,0,0,1
41598,Mysterious Bag,BAG,VENDOR,1,612000,750000,81,1
41598,Mysterious Bag,BAG,VENDOR,1,599760,750000,79,1
41598,Mysterious Bag,BAG,VENDOR,1,593762,750000,79,1
41598,Mysterious Bag,BAG,VENDOR,1,581886,750000,77,1
41598,Mysterious Bag,BAG,VENDOR,1,612000,750000,81,1
41598,Mysterious Bag,BAG,VENDOR,1,599760,750000,79,1
23095,Bold Blood Garnet,GEM_CUT,TRAINER,1,14768,20000,73,1
23095,Bold Blood Garnet,GEM_CUT,TRAINER,1,14029,20000,70,1
23095,Bold Blood Garnet,GEM_CUT,TRAINER,1,13467,20000,67,1
23095,Bold Blood Garnet,GEM_CUT,TRAINER,1,12928,20000,64,1
23095,Bold Blood Garnet,GEM_CUT,TRAINER,1,14768,20000,73,1
23095,Bold Blood Garnet,GEM_CUT,TRAINER,1,14029,20000,70,1
23095,Bold Blood Garnet,GEM_CUT,TRAINER,1,13467,20000,67,1
23095,Bold Blood Garnet,GEM_CUT,TRAINER,1,12928,20000,64,1
23095,Bold Blood Garnet,GEM_CUT,TRAINER,1,14768,20000,73,1
23095,Bold Blood Garnet,GEM_CUT,TRAINER,1,14029,20000,70,1
23095,Bold Blood Garnet,GEM_CUT,TRAINER,1,13467,20000,67,1
23095,Bold Blood Garnet,GEM_CUT,TRAINER,1,12928,20000,64,1
23095,Bold Blood Garnet,GEM_CUT,TRAINER,1,14768,20000,73,1
23095,Bold Blood Garnet,GEM_CUT,TRAINER,1,14029,20000,70,1
23095,Bold Blood Garnet,GEM_CUT,TRAINER,1,13467,20000,67,1
41509,Frostweave Net,MISC,TRAINER,20,6726,9000,74,1
41509,Frostweave Net,MISC,TRAINER,20,6658,9000,73,1
41509,Frostweave Net,MISC,TRAINER,20,6391,9000,71,1
41509,Frostweave Net,MISC,TRAINER,15,6726,9000,74,1
40195,Pygmy Oil,INTERMEDIATE,TRAINER,5,219,300,73,1
41509,Frostweave Net,MISC,TRAINER,20,7662,9000,85,1
41509,Frostweave Net,MISC,TRAINER,20,7508,9000,83,1
41509,Frostweave Net,MISC,TRAINER,20,7357,9000,81,1
41509,Frostweave Net,MISC,TRAINER,20,6412,9000,71,1
41509,Frostweave Net,MISC,TRAINER,20,6155,9000,68,1
41509,Frostweave Net,MISC,TRAINER,20,5847,9000,64,1
41509,Frostweave Net,MISC,TRAINER,15,6412,9000,71,1
41509,Frostweave Net,MISC,TRAINER,20,6615,9000,73,1
41509,Frostweave Net,MISC,TRAINER,20,6350,9000,70,1
41509,Frostweave Net,MISC,TRAINER,20,6032,9000,67,1
41509,Frostweave Net,MISC,TRAINER,5,6615,9000,73,1
23573,Hardened Adamantite Bar,INTERMEDIATE,TRAINER,8,180000,180000,100,0
23573,Hardened Adamantite Bar,INTERMEDIATE,TRAINER,3,180000,180000,100,0
24270,Bag of Jewels,BAG,VENDOR,1,14103,20006,70,1
24270,Bag of Jewels,BAG,VENDOR,1,13820,20006,69,1
24270,Bag of Jewels,BAG,VENDOR,1,14103,20006,70,1
24270,Bag of Jewels,BAG,VENDOR,1,13820,20006,69,1
24270,Bag of Jewels,BAG,VENDOR,1,14103,20006,70,1
24270,Bag of Jewels,BAG,VENDOR,1,13820,20006,69,1
24270,Bag of Jewels,BAG,VENDOR,1,14103,20006,70,1
24270,Bag of Jewels,BAG,VENDOR,1,13820,20006,69,1
24270,Bag of Jewels,BAG,VENDOR,1,14103,20006,70,1
24270,Bag of Jewels,BAG,VENDOR,1,13820,20006,69,1
24270,Bag of Jewels,BAG,VENDOR,1,14103,20006,70,1
24270,Bag of Jewels,BAG,VENDOR,1,13820,20006,69,1
41509,Frostweave Net,MISC,TRAINER,20,6955,9000,77,1
41509,Frostweave Net,MISC,TRAINER,20,6746,9000,74,1
41509,Frostweave Net,MISC,TRAINER,20,6678,9000,74,1
41509,Frostweave Net,MISC,TRAINER,15,6955,9000,77,1
17771,Elementium Bar,MISC,DROP,5,6070628,2472560,245,0
36916,Cobalt Bar,INTERMEDIATE,TRAINER,4,5409,6000,90,1
36916,Cobalt Bar,INTERMEDIATE,TRAINER,2,5192,6000,86,1
15997,Thorium Shells,AMMO,TRAINER,1000,18,22,81,1
41511,Bolt of Imbued Frostweave,INTERMEDIATE,TRAINER,3,100871,147000,68,1
41511,Bolt of Imbued Frostweave,INTERMEDIATE,TRAINER,6,95827,147000,65,1
23518,Felsteel Leggings,GEAR,DROP,1,5,8,62,1
23518,Felsteel Leggings,GEAR,DROP,1,4,8,50,1
23518,Felsteel Leggings,GEAR,DROP,1,5,8,62,1
23518,Felsteel Leggings,GEAR,DROP,1,4,8,50,1
23518,Felsteel Leggings,GEAR,DROP,1,5,8,62,1
23518,Felsteel Leggings,GEAR,DROP,1,4,8,50,1
23518,Felsteel Leggings,GEAR,DROP,1,5,8,62,1
23518,Felsteel Leggings,GEAR,DROP,1,4,8,50,1
23518,Felsteel Leggings,GEAR,DROP,1,5,8,62,1
23518,Felsteel Leggings,GEAR,DROP,1,4,8,50,1
23518,Felsteel Leggings,GEAR,DROP,1,5,8,62,1
40195,Pygmy Oil,INTERMEDIATE,TRAINER,11,226,300,75,1
40195,Pygmy Oil,INTERMEDIATE,TRAINER,3,219,300,73,1
23517,Felsteel Gloves,GEAR,DROP,1,4,6,66,1
23517,Felsteel Gloves,GEAR,DROP,1,3,6,50,1
23517,Felsteel Gloves,GEAR,DROP,1,4,6,66,1
23517,Felsteel Gloves,GEAR,DROP,1,3,6,50,1
23517,Felsteel Gloves,GEAR,DROP,1,4,6,66,1
23517,Felsteel Gloves,GEAR,DROP,1,3,6,50,1
23517,Felsteel Gloves,GEAR,DROP,1,4,6,66,1
23517,Felsteel Gloves,GEAR,DROP,1,3,6,50,1
23517,Felsteel Gloves,GEAR,DROP,1,4,6,66,1
3859,Steel Bar,INTERMEDIATE,TRAINER,9,1400,1400,100,0
3859,Steel Bar,INTERMEDIATE,TRAINER,4,1400,1400,100,0
49632,Runescroll of Fortitude,MISC,TRAINER,20,4159,5080,81,1
49632,Runescroll of Fortitude,MISC,TRAINER,20,4117,5080,81,1
49632,Runescroll of Fortitude,MISC,TRAINER,5,4159,5080,81,1
41511,Bolt of Imbued Frostweave,INTERMEDIATE,TRAINER,4,117482,147000,79,1
41511,Bolt of Imbued Frostweave,INTERMEDIATE,TRAINER,6,116307,147000,79,1
33568,Borean Leather,INTERMEDIATE,TRAINER,6,12422,13500,92,1
23785,Hardened Adamantite Tube,INTERMEDIATE,TRAINER,2,2,3,66,1
23785,Hardened Adamantite Tube,INTERMEDIATE,TRAINER,6,1,3,33,1
41510,Bolt of Frostweave,INTERMEDIATE,TRAINER,4,38775,37500,103,1
41510,Bolt of Frostweave,INTERMEDIATE,TRAINER,1,38387,37500,102,1
41510,Bolt of Frostweave,INTERMEDIATE,TRAINER,10,30375,37500,81,1
45778,Glyph of Stoneclaw Totem,MISC,UNSOURCED,15,245,315,77,1
41164,Mammoth Cutters,AMMO,TRAINER,1000,30,34,88,1
41164,Mammoth Cutters,AMMO,TRAINER,1000,29,34,85,1
41164,Mammoth Cutters,AMMO,TRAINER,1000,28,34,82,1
41164,Mammoth Cutters,AMMO,TRAINER,1000,30,34,88,1
41164,Mammoth Cutters,AMMO,TRAINER,1000,29,34,85,1
41164,Mammoth Cutters,AMMO,TRAINER,1000,28,34,82,1
41164,Mammoth Cutters,AMMO,TRAINER,1000,30,34,88,1
41164,Mammoth Cutters,AMMO,TRAINER,1000,29,34,85,1
22448,Small Prismatic Shard,INTERMEDIATE,TRAINER,20,1,0,0,1
22448,Small Prismatic Shard,INTERMEDIATE,TRAINER,20,1,0,0,1
22448,Small Prismatic Shard,INTERMEDIATE,TRAINER,1,1,0,0,1
22448,Small Prismatic Shard,INTERMEDIATE,TRAINER,4,1,0,0,1
43250,Ring of Earthen Might,GEAR,VENDOR,1,78988,88000,89,1
43250,Ring of Earthen Might,GEAR,VENDOR,1,78198,88000,88,1
43250,Ring of Earthen Might,GEAR,VENDOR,1,77416,88000,87,1
43250,Ring of Earthen Might,GEAR,VENDOR,1,75093,88000,85,1
43250,Ring of Earthen Might,GEAR,VENDOR,1,78988,88000,89,1
43250,Ring of Earthen Might,GEAR,VENDOR,1,78198,88000,88,1
43250,Ring of Earthen Might,GEAR,VENDOR,1,77416,88000,87,1
43250,Ring of Earthen Might,GEAR,VENDOR,1,75093,88000,85,1
8173,Thick Armor Kit,MISC,TRAINER,10,5731,6440,88,1
8173,Thick Armor Kit,MISC,TRAINER,5,5444,6440,84,1
41600,Glacial Bag,BAG,VENDOR,1,667755,990000,67,1
41600,Glacial Bag,BAG,VENDOR,1,654399,990000,66,1
41600,Glacial Bag,BAG,VENDOR,1,667755,990000,67,1
41600,Glacial Bag,BAG,VENDOR,1,654399,990000,66,1
41600,Glacial Bag,BAG,VENDOR,1,667755,990000,67,1
41600,Glacial Bag,BAG,VENDOR,1,654399,990000,66,1
41600,Glacial Bag,BAG,VENDOR,1,667755,990000,67,1
41600,Glacial Bag,BAG,VENDOR,1,654399,990000,66,1
41600,Glacial Bag,BAG,VENDOR,1,667755,990000,67,1
41600,Glacial Bag,BAG,VENDOR,1,654399,990000,66,1
41595,Spellweave,INTERMEDIATE,TRAINER,4,139503,195000,71,1
41595,Spellweave,INTERMEDIATE,TRAINER,11,135317,195000,69,1
40772,Gnomish Army Knife,MISC,TRAINER,1,290869,300175,96,1
40772,Gnomish Army Knife,MISC,TRAINER,1,276325,300175,92,1
40772,Gnomish Army Knife,MISC,TRAINER,1,268035,300175,89,1
40772,Gnomish Army Knife,MISC,TRAINER,1,290869,300175,96,1
40772,Gnomish Army Knife,MISC,TRAINER,1,276325,300175,92,1
40772,Gnomish Army Knife,MISC,TRAINER,1,268035,300175,89,1
40772,Gnomish Army Knife,MISC,TRAINER,1,290869,300175,96,1
40772,Gnomish Army Knife,MISC,TRAINER,1,276325,300175,92,1
40195,Pygmy Oil,INTERMEDIATE,TRAINER,4,256,300,85,1
40195,Pygmy Oil,INTERMEDIATE,TRAINER,6,243,300,81,1
24270,Bag of Jewels,BAG,VENDOR,1,18837,20006,94,1
24270,Bag of Jewels,BAG,VENDOR,1,17895,20006,89,1
24270,Bag of Jewels,BAG,VENDOR,1,18837,20006,94,1
24270,Bag of Jewels,BAG,VENDOR,1,17895,20006,89,1
24270,Bag of Jewels,BAG,VENDOR,1,18837,20006,94,1
24270,Bag of Jewels,BAG,VENDOR,1,17895,20006,89,1
41165,Saronite Razorheads,AMMO,TRAINER,1000,40,60,66,1
41165,Saronite Razorheads,AMMO,TRAINER,1000,38,60,63,1
41165,Saronite Razorheads,AMMO,TRAINER,1000,37,60,61,1
41165,Saronite Razorheads,AMMO,TRAINER,1000,40,60,66,1
41165,Saronite Razorheads,AMMO,TRAINER,1000,38,60,63,1
41509,Frostweave Net,MISC,TRAINER,20,7387,9000,82,1
41509,Frostweave Net,MISC,TRAINER,20,7239,9000,80,1
41509,Frostweave Net,MISC,TRAINER,20,7021,9000,78,1
43244,Crystal Citrine Necklace,GEAR,TRAINER,1,19009,24800,76,1
43244,Crystal Citrine Necklace,GEAR,TRAINER,1,18438,24800,74,1
43244,Crystal Citrine Necklace,GEAR,TRAINER,1,18069,24800,72,1
43244,Crystal Citrine Necklace,GEAR,TRAINER,1,19009,24800,76,1
43244,Crystal Citrine Necklace,GEAR,TRAINER,1,18438,24800,74,1
43244,Crystal Citrine Necklace,GEAR,TRAINER,1,18069,24800,72,1
43244,Crystal Citrine Necklace,GEAR,TRAINER,1,19009,24800,76,1
43244,Crystal Citrine Necklace,GEAR,TRAINER,1,18438,24800,74,1
41601,Shining Spellthread,MISC,TRAINER,15,104108,124800,83,1
38375,Borean Armor Kit,MISC,TRAINER,5,26326,36000,73,1
23787,Felsteel Stabilizer,INTERMEDIATE,TRAINER,14,1,2,50,1
23787,Felsteel Stabilizer,INTERMEDIATE,TRAINER,1,1,2,50,1
44958,Ethereal Oil,INTERMEDIATE,TRAINER,5,81,96,84,1
44958,Ethereal Oil,INTERMEDIATE,TRAINER,3,76,96,79,1
44958,Ethereal Oil,INTERMEDIATE,TRAINER,1,76,96,79,1
44958,Ethereal Oil,INTERMEDIATE,TRAINER,6,74,96,77,1
43248,Stoneguard Band,GEAR,TRAINER,1,40824,48000,85,1
43248,Stoneguard Band,GEAR,TRAINER,1,38782,48000,80,1
43248,Stoneguard Band,GEAR,TRAINER,1,36842,48000,76,1
43248,Stoneguard Band,GEAR,TRAINER,1,40824,48000,85,1
43248,Stoneguard Band,GEAR,TRAINER,1,38782,48000,80,1
43248,Stoneguard Band,GEAR,TRAINER,1,36842,48000,76,1
43248,Stoneguard Band,GEAR,TRAINER,1,40824,48000,85,1
43248,Stoneguard Band,GEAR,TRAINER,1,38782,48000,80,1
43248,Stoneguard Band,GEAR,TRAINER,1,36842,48000,76,1
43248,Stoneguard Band,GEAR,TRAINER,1,40824,48000,85,1
43248,Stoneguard Band,GEAR,TRAINER,1,38782,48000,80,1
43248,Stoneguard Band,GEAR,TRAINER,1,36842,48000,76,1
43248,Stoneguard Band,GEAR,TRAINER,1,40824,48000,85,1
43248,Stoneguard Band,GEAR,TRAINER,1,38782,48000,80,1
43853,Titanium Skeleton Key,MISC,TRAINER,20,6260,7000,89,1
43853,Titanium Skeleton Key,MISC,TRAINER,20,6009,7000,85,1
43853,Titanium Skeleton Key,MISC,TRAINER,20,5948,7000,84,1
43853,Titanium Skeleton Key,MISC,TRAINER,20,6260,7000,89,1
43853,Titanium Skeleton Key,MISC,TRAINER,20,6009,7000,85,1
43853,Titanium Skeleton Key,MISC,TRAINER,20,5948,7000,84,1
43853,Titanium Skeleton Key,MISC,TRAINER,20,6260,7000,89,1
43853,Titanium Skeleton Key,MISC,TRAINER,20,6009,7000,85,1
43853,Titanium Skeleton Key,MISC,TRAINER,20,5948,7000,84,1
43853,Titanium Skeleton Key,MISC,TRAINER,20,6260,7000,89,1
43853,Titanium Skeleton Key,MISC,TRAINER,20,6009,7000,85,1
32836,Purified Shadow Pearl,GEM_CUT,TRAINER,1,7239,9280,78,1
32836,Purified Shadow Pearl,GEM_CUT,TRAINER,1,6949,9280,74,1
32836,Purified Shadow Pearl,GEM_CUT,TRAINER,1,6671,9280,71,1
32836,Purified Shadow Pearl,GEM_CUT,TRAINER,1,7239,9280,78,1
32836,Purified Shadow Pearl,GEM_CUT,TRAINER,1,6949,9280,74,1
32836,Purified Shadow Pearl,GEM_CUT,TRAINER,1,6671,9280,71,1
32836,Purified Shadow Pearl,GEM_CUT,TRAINER,1,7239,9280,78,1
32836,Purified Shadow Pearl,GEM_CUT,TRAINER,1,6949,9280,74,1
32836,Purified Shadow Pearl,GEM_CUT,TRAINER,1,6671,9280,71,1
44936,Titanium Plating,MISC,VENDOR,9,118272,176000,67,1
44958,Ethereal Oil,INTERMEDIATE,TRAINER,5,92,96,95,1
44958,Ethereal Oil,INTERMEDIATE,TRAINER,4,90,96,93,1
43250,Ring of Earthen Might,GEAR,VENDOR,1,81928,88000,93,1
43250,Ring of Earthen Might,GEAR,VENDOR,1,77831,88000,88,1
43250,Ring of Earthen Might,GEAR,VENDOR,1,73939,88000,84,1
43250,Ring of Earthen Might,GEAR,VENDOR,1,72460,88000,82,1
43250,Ring of Earthen Might,GEAR,VENDOR,1,81928,88000,93,1
41165,Saronite Razorheads,AMMO,TRAINER,1000,42,60,70,1
41165,Saronite Razorheads,AMMO,TRAINER,1000,40,60,66,1
41165,Saronite Razorheads,AMMO,TRAINER,1000,42,60,70,1
41165,Saronite Razorheads,AMMO,TRAINER,1000,40,60,66,1
41165,Saronite Razorheads,AMMO,TRAINER,1000,42,60,70,1
41165,Saronite Razorheads,AMMO,TRAINER,1000,40,60,66,1
41165,Saronite Razorheads,AMMO,TRAINER,1000,42,60,70,1
41165,Saronite Razorheads,AMMO,TRAINER,1000,40,60,66,1
41603,Azure Spellthread,MISC,TRAINER,5,110547,124800,88,1
22448,Small Prismatic Shard,INTERMEDIATE,TRAINER,20,1,0,0,1
22448,Small Prismatic Shard,INTERMEDIATE,TRAINER,1,1,0,0,1
42337,Sun Rock Ring,GEAR,TRAINER,1,21605,24800,87,1
42337,Sun Rock Ring,GEAR,TRAINER,1,21388,24800,86,1
42337,Sun Rock Ring,GEAR,TRAINER,1,21605,24800,87,1
42337,Sun Rock Ring,GEAR,TRAINER,1,21388,24800,86,1
42337,Sun Rock Ring,GEAR,TRAINER,1,21605,24800,87,1
42337,Sun Rock Ring,GEAR,TRAINER,1,21388,24800,86,1
42337,Sun Rock Ring,GEAR,TRAINER,1,21605,24800,87,1
42337,Sun Rock Ring,GEAR,TRAINER,1,21388,24800,86,1
42337,Sun Rock Ring,GEAR,TRAINER,1,21605,24800,87,1
42337,Sun Rock Ring,GEAR,TRAINER,1,21388,24800,86,1
42337,Sun Rock Ring,GEAR,TRAINER,1,21605,24800,87,1
42337,Sun Rock Ring,GEAR,TRAINER,1,21388,24800,86,1
42337,Sun Rock Ring,GEAR,TRAINER,1,21605,24800,87,1
42337,Sun Rock Ring,GEAR,TRAINER,1,21388,24800,86,1
41604,Sapphire Spellthread,MISC,VENDOR,9,528865,586000,90,1
43853,Titanium Skeleton Key,MISC,TRAINER,20,6517,7000,93,1
43853,Titanium Skeleton Key,MISC,TRAINER,20,6321,7000,90,1
43853,Titanium Skeleton Key,MISC,TRAINER,20,6131,7000,87,1
43853,Titanium Skeleton Key,MISC,TRAINER,20,5885,7000,84,1
43853,Titanium Skeleton Key,MISC,TRAINER,20,6517,7000,93,1
43853,Titanium Skeleton Key,MISC,TRAINER,20,6321,7000,90,1
43853,Titanium Skeleton Key,MISC,TRAINER,20,6131,7000,87,1
43853,Titanium Skeleton Key,MISC,TRAINER,20,5885,7000,84,1
43853,Titanium Skeleton Key,MISC,TRAINER,20,6517,7000,93,1
43853,Titanium Skeleton Key,MISC,TRAINER,20,6321,7000,90,1
43853,Titanium Skeleton Key,MISC,TRAINER,20,6131,7000,87,1
43853,Titanium Skeleton Key,MISC,TRAINER,20,5885,7000,84,1
43853,Titanium Skeleton Key,MISC,TRAINER,20,6517,7000,93,1
43853,Titanium Skeleton Key,MISC,TRAINER,20,6321,7000,90,1
43853,Titanium Skeleton Key,MISC,TRAINER,20,6131,7000,87,1
41600,Glacial Bag,BAG,VENDOR,1,720720,990000,72,1
41600,Glacial Bag,BAG,VENDOR,1,706305,990000,71,1
41600,Glacial Bag,BAG,VENDOR,1,699241,990000,70,1
41600,Glacial Bag,BAG,VENDOR,1,720720,990000,72,1
41600,Glacial Bag,BAG,VENDOR,1,706305,990000,71,1
41600,Glacial Bag,BAG,VENDOR,1,699241,990000,70,1
41600,Glacial Bag,BAG,VENDOR,1,720720,990000,72,1
41600,Glacial Bag,BAG,VENDOR,1,706305,990000,71,1
41600,Glacial Bag,BAG,VENDOR,1,699241,990000,70,1
41600,Glacial Bag,BAG,VENDOR,1,720720,990000,72,1
41600,Glacial Bag,BAG,VENDOR,1,706305,990000,71,1
41600,Glacial Bag,BAG,VENDOR,1,699241,990000,70,1
33568,Borean Leather,INTERMEDIATE,TRAINER,9,11372,13500,84,1
33568,Borean Leather,INTERMEDIATE,TRAINER,1,10917,13500,80,1
22448,Small Prismatic Shard,INTERMEDIATE,TRAINER,5,1,0,0,1
22448,Small Prismatic Shard,INTERMEDIATE,TRAINER,13,1,0,0,1
23785,Hardened Adamantite Tube,INTERMEDIATE,TRAINER,2,2,3,66,1
23785,Hardened Adamantite Tube,INTERMEDIATE,TRAINER,11,1,3,33,1
45778,Glyph of Stoneclaw Totem,MISC,UNSOURCED,14,226,315,71,1
12359,Thorium Bar,INTERMEDIATE,TRAINER,3,1329,1545,86,1
12359,Thorium Bar,INTERMEDIATE,TRAINER,5,1302,1545,84,1
22448,Small Prismatic Shard,INTERMEDIATE,TRAINER,20,1,0,0,1
22448,Small Prismatic Shard,INTERMEDIATE,TRAINER,20,1,0,0,1
22448,Small Prismatic Shard,INTERMEDIATE,TRAINER,2,1,0,0,1
22448,Small Prismatic Shard,INTERMEDIATE,TRAINER,3,1,0,0,1
23519,Felsteel Helm,GEAR,DROP,1,5,8,62,1
23519,Felsteel Helm,GEAR,DROP,1,4,8,50,1
23519,Felsteel Helm,GEAR,DROP,1,5,8,62,1
23519,Felsteel Helm,GEAR,DROP,1,4,8,50,1
23519,Felsteel Helm,GEAR,DROP,1,5,8,62,1
23519,Felsteel Helm,GEAR,DROP,1,4,8,50,1
23519,Felsteel Helm,GEAR,DROP,1,5,8,62,1
23519,Felsteel Helm,GEAR,DROP,1,4,8,50,1
33568,Borean Leather,INTERMEDIATE,TRAINER,4,12495,13500,92,1
33568,Borean Leather,INTERMEDIATE,TRAINER,2,12120,13500,89,1
23787,Felsteel Stabilizer,INTERMEDIATE,TRAINER,4,1,2,50,1
23787,Felsteel Stabilizer,INTERMEDIATE,TRAINER,10,1,2,50,1
38433,Arctic Wristguards,GEAR,TRAINER,1,82047,108000,75,1
38433,Arctic Wristguards,GEAR,TRAINER,1,79585,108000,73,1
38433,Arctic Wristguards,GEAR,TRAINER,1,77993,108000,72,1
38433,Arctic Wristguards,GEAR,TRAINER,1,74093,108000,68,1
38433,Arctic Wristguards,GEAR,TRAINER,1,82047,108000,75,1
38433,Arctic Wristguards,GEAR,TRAINER,1,79585,108000,73,1
38433,Arctic Wristguards,GEAR,TRAINER,1,77993,108000,72,1
22573,Mote of Earth,INTERMEDIATE,TRAINER,10,2262,3200,70,1
22573,Mote of Earth,INTERMEDIATE,TRAINER,10,2194,3200,68,1
22573,Mote of Earth,INTERMEDIATE,TRAINER,10,2150,3200,67,1
22573,Mote of Earth,INTERMEDIATE,TRAINER,10,2262,3200,70,1
22573,Mote of Earth,INTERMEDIATE,TRAINER,10,2194,3200,68,1
22573,Mote of Earth,INTERMEDIATE,TRAINER,10,2150,3200,67,1
22573,Mote of Earth,INTERMEDIATE,TRAINER,10,2262,3200,70,1
22573,Mote of Earth,INTERMEDIATE,TRAINER,10,2194,3200,68,1
22573,Mote of Earth,INTERMEDIATE,TRAINER,10,2150,3200,67,1
22573,Mote of Earth,INTERMEDIATE,TRAINER,10,2262,3200,70,1
22573,Mote of Earth,INTERMEDIATE,TRAINER,5,2194,3200,68,1
22573,Mote of Earth,INTERMEDIATE,TRAINER,5,2150,3200,67,1
41594,Moonshroud,INTERMEDIATE,TRAINER,2,200772,195000,102,0
41594,Moonshroud,INTERMEDIATE,TRAINER,3,195000,195000,100,0
38375,Borean Armor Kit,MISC,TRAINER,10,28458,36000,79,1
38375,Borean Armor Kit,MISC,TRAINER,5,27035,36000,75,1
43244,Crystal Citrine Necklace,GEAR,TRAINER,1,19192,24800,77,1
43244,Crystal Citrine Necklace,GEAR,TRAINER,1,18808,24800,75,1
43244,Crystal Citrine Necklace,GEAR,TRAINER,1,17867,24800,72,1
43244,Crystal Citrine Necklace,GEAR,TRAINER,1,19192,24800,77,1
43244,Crystal Citrine Necklace,GEAR,TRAINER,1,18808,24800,75,1
43244,Crystal Citrine Necklace,GEAR,TRAINER,1,17867,24800,72,1
43244,Crystal Citrine Necklace,GEAR,TRAINER,1,19192,24800,77,1
43244,Crystal Citrine Necklace,GEAR,TRAINER,1,18808,24800,75,1
23785,Hardened Adamantite Tube,INTERMEDIATE,TRAINER,4,2,3,66,1
23785,Hardened Adamantite Tube,INTERMEDIATE,TRAINER,8,1,3,33,1
33568,Borean Leather,INTERMEDIATE,TRAINER,6,10108,13500,74,1
33568,Borean Leather,INTERMEDIATE,TRAINER,3,9602,13500,71,1
22574,Mote of Fire,INTERMEDIATE,TRAINER,10,2327,3200,72,1
22574,Mote of Fire,INTERMEDIATE,TRAINER,10,2303,3200,71,1
22574,Mote of Fire,INTERMEDIATE,TRAINER,10,2233,3200,69,1
22574,Mote of Fire,INTERMEDIATE,TRAINER,10,2327,3200,72,1
22574,Mote of Fire,INTERMEDIATE,TRAINER,10,2303,3200,71,1
22574,Mote of Fire,INTERMEDIATE,TRAINER,10,2233,3200,69,1
22574,Mote of Fire,INTERMEDIATE,TRAINER,10,2327,3200,72,1
22574,Mote of Fire,INTERMEDIATE,TRAINER,10,2303,3200,71,1
22574,Mote of Fire,INTERMEDIATE,TRAINER,10,2233,3200,69,1
22574,Mote of Fire,INTERMEDIATE,TRAINER,10,2327,3200,72,1
22574,Mote of Fire,INTERMEDIATE,TRAINER,10,2303,3200,71,1
22574,Mote of Fire,INTERMEDIATE,TRAINER,9,2233,3200,69,1
22574,Mote of Fire,INTERMEDIATE,TRAINER,1,2327,3200,72,1
38434,Iceborne Wristguards,GEAR,TRAINER,1,77338,108000,71,1
38434,Iceborne Wristguards,GEAR,TRAINER,1,75017,108000,69,1
38434,Iceborne Wristguards,GEAR,TRAINER,1,77338,108000,71,1
38434,Iceborne Wristguards,GEAR,TRAINER,1,75017,108000,69,1
38434,Iceborne Wristguards,GEAR,TRAINER,1,77338,108000,71,1
41163,Titanium Bar,INTERMEDIATE,TRAINER,4,13468,20000,67,1
41163,Titanium Bar,INTERMEDIATE,TRAINER,2,13198,20000,65,1
23787,Felsteel Stabilizer,INTERMEDIATE,TRAINER,3,1,2,50,1
23787,Felsteel Stabilizer,INTERMEDIATE,TRAINER,12,1,2,50,1
44958,Ethereal Oil,INTERMEDIATE,TRAINER,5,77,96,80,1
8170,Rugged Leather,INTERMEDIATE,TRAINER,6,7026,7128,98,1
8170,Rugged Leather,INTERMEDIATE,TRAINER,2,6744,7128,94,1
32833,Purified Jaggal Pearl,GEM_CUT,TRAINER,1,7939,9280,85,1
32833,Purified Jaggal Pearl,GEM_CUT,TRAINER,1,7780,9280,83,1
32833,Purified Jaggal Pearl,GEM_CUT,TRAINER,1,7624,9280,82,1
32833,Purified Jaggal Pearl,GEM_CUT,TRAINER,1,7395,9280,79,1
32833,Purified Jaggal Pearl,GEM_CUT,TRAINER,1,7939,9280,85,1
32833,Purified Jaggal Pearl,GEM_CUT,TRAINER,1,7780,9280,83,1
32833,Purified Jaggal Pearl,GEM_CUT,TRAINER,1,7624,9280,82,1
32833,Purified Jaggal Pearl,GEM_CUT,TRAINER,1,7395,9280,79,1
32833,Purified Jaggal Pearl,GEM_CUT,TRAINER,1,7939,9280,85,1
32833,Purified Jaggal Pearl,GEM_CUT,TRAINER,1,7780,9280,83,1
32833,Purified Jaggal Pearl,GEM_CUT,TRAINER,1,7624,9280,82,1
32833,Purified Jaggal Pearl,GEM_CUT,TRAINER,1,7395,9280,79,1
32833,Purified Jaggal Pearl,GEM_CUT,TRAINER,1,7939,9280,85,1
32833,Purified Jaggal Pearl,GEM_CUT,TRAINER,1,7780,9280,83,1
42337,Sun Rock Ring,GEAR,TRAINER,1,20132,24800,81,1
42337,Sun Rock Ring,GEAR,TRAINER,1,19125,24800,77,1
42337,Sun Rock Ring,GEAR,TRAINER,1,18551,24800,74,1
42337,Sun Rock Ring,GEAR,TRAINER,1,17623,24800,71,1
42337,Sun Rock Ring,GEAR,TRAINER,1,20132,24800,81,1
42337,Sun Rock Ring,GEAR,TRAINER,1,19125,24800,77,1
42337,Sun Rock Ring,GEAR,TRAINER,1,18551,24800,74,1
42337,Sun Rock Ring,GEAR,TRAINER,1,17623,24800,71,1
42337,Sun Rock Ring,GEAR,TRAINER,1,20132,24800,81,1
42337,Sun Rock Ring,GEAR,TRAINER,1,19125,24800,77,1
42337,Sun Rock Ring,GEAR,TRAINER,1,18551,24800,74,1
42337,Sun Rock Ring,GEAR,TRAINER,1,17623,24800,71,1
42337,Sun Rock Ring,GEAR,TRAINER,1,20132,24800,81,1
42337,Sun Rock Ring,GEAR,TRAINER,1,19125,24800,77,1
41595,Spellweave,INTERMEDIATE,TRAINER,11,183300,195000,94,1
41595,Spellweave,INTERMEDIATE,TRAINER,3,179634,195000,92,1
36916,Cobalt Bar,INTERMEDIATE,TRAINER,11,5160,6000,86,1
36916,Cobalt Bar,INTERMEDIATE,TRAINER,3,5056,6000,84,1
43969,Frostsavage Belt,GEAR,TRAINER,1,494371,515400,95,1
43969,Frostsavage Belt,GEAR,TRAINER,1,489427,515400,94,1
43969,Frostsavage Belt,GEAR,TRAINER,1,474744,515400,92,1
43969,Frostsavage Belt,GEAR,TRAINER,1,460501,515400,89,1
43969,Frostsavage Belt,GEAR,TRAINER,1,494371,515400,95,1
43969,Frostsavage Belt,GEAR,TRAINER,1,489427,515400,94,1
43969,Frostsavage Belt,GEAR,TRAINER,1,474744,515400,92,1
43969,Frostsavage Belt,GEAR,TRAINER,1,460501,515400,89,1
43969,Frostsavage Belt,GEAR,TRAINER,1,494371,515400,95,1
43969,Frostsavage Belt,GEAR,TRAINER,1,489427,515400,94,1
43969,Frostsavage Belt,GEAR,TRAINER,1,474744,515400,92,1
43969,Frostsavage Belt,GEAR,TRAINER,1,460501,515400,89,1
43969,Frostsavage Belt,GEAR,TRAINER,1,494371,515400,95,1
43969,Frostsavage Belt,GEAR,TRAINER,1,489427,515400,94,1
43969,Frostsavage Belt,GEAR,TRAINER,1,474744,515400,92,1
23519,Felsteel Helm,GEAR,DROP,1,6,8,75,1
23519,Felsteel Helm,GEAR,DROP,1,5,8,62,1
23519,Felsteel Helm,GEAR,DROP,1,4,8,50,1
23519,Felsteel Helm,GEAR,DROP,1,4,8,50,1
23519,Felsteel Helm,GEAR,DROP,1,6,8,75,1
23519,Felsteel Helm,GEAR,DROP,1,5,8,62,1
23519,Felsteel Helm,GEAR,DROP,1,4,8,50,1
23519,Felsteel Helm,GEAR,DROP,1,4,8,50,1
41601,Shining Spellthread,MISC,TRAINER,14,119708,124800,95,1
41603,Azure Spellthread,MISC,TRAINER,13,110834,124800,88,1
48933,Wormhole Generator: Northrend,GEAR,UNSOURCED,1,231616,352000,65,1
48933,Wormhole Generator: Northrend,GEAR,UNSOURCED,1,224667,352000,63,1
48933,Wormhole Generator: Northrend,GEAR,UNSOURCED,1,220173,352000,62,1
48933,Wormhole Generator: Northrend,GEAR,UNSOURCED,1,211366,352000,60,1
48933,Wormhole Generator: Northrend,GEAR,UNSOURCED,1,231616,352000,65,1
48933,Wormhole Generator: Northrend,GEAR,UNSOURCED,1,224667,352000,63,1
48933,Wormhole Generator: Northrend,GEAR,UNSOURCED,1,220173,352000,62,1
48933,Wormhole Generator: Northrend,GEAR,UNSOURCED,1,211366,352000,60,1
48933,Wormhole Generator: Northrend,GEAR,UNSOURCED,1,231616,352000,65,1
48933,Wormhole Generator: Northrend,GEAR,UNSOURCED,1,224667,352000,63,1
23519,Felsteel Helm,GEAR,DROP,1,6,8,75,1
23519,Felsteel Helm,GEAR,DROP,1,5,8,62,1
23519,Felsteel Helm,GEAR,DROP,1,4,8,50,1
23519,Felsteel Helm,GEAR,DROP,1,6,8,75,1
23519,Felsteel Helm,GEAR,DROP,1,5,8,62,1
23519,Felsteel Helm,GEAR,DROP,1,4,8,50,1
23519,Felsteel Helm,GEAR,DROP,1,6,8,75,1
23519,Felsteel Helm,GEAR,DROP,1,5,8,62,1
41509,Frostweave Net,MISC,TRAINER,20,7581,9000,84,1
41509,Frostweave Net,MISC,TRAINER,20,7353,9000,81,1
41509,Frostweave Net,MISC,TRAINER,20,7132,9000,79,1
41509,Frostweave Net,MISC,TRAINER,10,7060,9000,78,1
33568,Borean Leather,INTERMEDIATE,TRAINER,5,10557,13500,78,1
33568,Borean Leather,INTERMEDIATE,TRAINER,6,10134,13500,75,1
41509,Frostweave Net,MISC,TRAINER,20,8635,9000,95,1
41509,Frostweave Net,MISC,TRAINER,5,8375,9000,93,1
21862,Imbued Netherweave Tunic,GEAR,VENDOR,1,62704,65006,96,1
21862,Imbued Netherweave Tunic,GEAR,VENDOR,1,60822,65006,93,1
21862,Imbued Netherweave Tunic,GEAR,VENDOR,1,57780,65006,88,1
21862,Imbued Netherweave Tunic,GEAR,VENDOR,1,62704,65006,96,1
21862,Imbued Netherweave Tunic,GEAR,VENDOR,1,60822,65006,93,1
21862,Imbued Netherweave Tunic,GEAR,VENDOR,1,57780,65006,88,1
21862,Imbued Netherweave Tunic,GEAR,VENDOR,1,62704,65006,96,1
24270,Bag of Jewels,BAG,VENDOR,1,17056,20006,85,1
24270,Bag of Jewels,BAG,VENDOR,1,16203,20006,80,1
24270,Bag of Jewels,BAG,VENDOR,1,17056,20006,85,1
24270,Bag of Jewels,BAG,VENDOR,1,16203,20006,80,1
24270,Bag of Jewels,BAG,VENDOR,1,17056,20006,85,1
41516,Frostsavage Gloves,GEAR,TRAINER,1,395352,520200,76,1
41516,Frostsavage Gloves,GEAR,TRAINER,1,379537,520200,72,1
41516,Frostsavage Gloves,GEAR,TRAINER,1,368150,520200,70,1
41516,Frostsavage Gloves,GEAR,TRAINER,1,395352,520200,76,1
41516,Frostsavage Gloves,GEAR,TRAINER,1,379537,520200,72,1
41394,Brilliant Titansteel Treads,GEAR,TRAINER,1,541360,670000,80,1
41394,Brilliant Titansteel Treads,GEAR,TRAINER,1,519705,670000,77,1
41394,Brilliant Titansteel Treads,GEAR,TRAINER,1,509310,670000,76,1
41394,Brilliant Titansteel Treads,GEAR,TRAINER,1,541360,670000,80,1
41394,Brilliant Titansteel Treads,GEAR,TRAINER,1,519705,670000,77,1
41394,Brilliant Titansteel Treads,GEAR,TRAINER,1,509310,670000,76,1
41394,Brilliant Titansteel Treads,GEAR,TRAINER,1,541360,670000,80,1
41394,Brilliant Titansteel Treads,GEAR,TRAINER,1,519705,670000,77,1
41394,Brilliant Titansteel Treads,GEAR,TRAINER,1,509310,670000,76,1
41394,Brilliant Titansteel Treads,GEAR,TRAINER,1,541360,670000,80,1
41394,Brilliant Titansteel Treads,GEAR,TRAINER,1,519705,670000,77,1
41394,Brilliant Titansteel Treads,GEAR,TRAINER,1,509310,670000,76,1
41394,Brilliant Titansteel Treads,GEAR,TRAINER,1,541360,670000,80,1
22448,Small Prismatic Shard,INTERMEDIATE,TRAINER,12,1,0,0,1
22448,Small Prismatic Shard,INTERMEDIATE,TRAINER,6,1,0,0,1
43250,Ring of Earthen Might,GEAR,VENDOR,1,71244,88000,80,1
43250,Ring of Earthen Might,GEAR,VENDOR,1,69819,88000,79,1
43250,Ring of Earthen Might,GEAR,VENDOR,1,71244,88000,80,1
43250,Ring of Earthen Might,GEAR,VENDOR,1,69819,88000,79,1
43250,Ring of Earthen Might,GEAR,VENDOR,1,71244,88000,80,1
43250,Ring of Earthen Might,GEAR,VENDOR,1,69819,88000,79,1
32836,Purified Shadow Pearl,GEM_CUT,TRAINER,1,6755,9280,72,1
32836,Purified Shadow Pearl,GEM_CUT,TRAINER,1,6552,9280,70,1
32836,Purified Shadow Pearl,GEM_CUT,TRAINER,1,6755,9280,72,1
32836,Purified Shadow Pearl,GEM_CUT,TRAINER,1,6552,9280,70,1
32836,Purified Shadow Pearl,GEM_CUT,TRAINER,1,6755,9280,72,1
32836,Purified Shadow Pearl,GEM_CUT,TRAINER,1,6552,9280,70,1
32836,Purified Shadow Pearl,GEM_CUT,TRAINER,1,6755,9280,72,1
22448,Small Prismatic Shard,INTERMEDIATE,TRAINER,20,1,0,0,1
22448,Small Prismatic Shard,INTERMEDIATE,TRAINER,6,1,0,0,1
22448,Small Prismatic Shard,INTERMEDIATE,TRAINER,4,1,0,0,1
40195,Pygmy Oil,INTERMEDIATE,TRAINER,3,255,300,85,1
40195,Pygmy Oil,INTERMEDIATE,TRAINER,6,249,300,83,1
41603,Azure Spellthread,MISC,TRAINER,6,123789,124800,99,1
22448,Small Prismatic Shard,INTERMEDIATE,TRAINER,20,1,0,0,1
22448,Small Prismatic Shard,INTERMEDIATE,TRAINER,20,1,0,0,1
22448,Small Prismatic Shard,INTERMEDIATE,TRAINER,1,1,0,0,1
22448,Small Prismatic Shard,INTERMEDIATE,TRAINER,4,1,0,0,1
22445,Arcane Dust,INTERMEDIATE,UNSOURCED,20,3861,5013,77,1
22445,Arcane Dust,INTERMEDIATE,UNSOURCED,10,3822,5013,76,1
22445,Arcane Dust,INTERMEDIATE,UNSOURCED,3,3783,5013,75,1
8170,Rugged Leather,INTERMEDIATE,TRAINER,5,5185,7128,72,1
8170,Rugged Leather,INTERMEDIATE,TRAINER,2,5081,7128,71,1
24268,Netherweave Net,MISC,TRAINER,20,6748,7200,93,1
24268,Netherweave Net,MISC,TRAINER,8,6613,7200,91,1
43249,Shadowmight Ring,GEAR,TRAINER,1,38390,48000,79,1
43249,Shadowmight Ring,GEAR,TRAINER,1,37622,48000,78,1
43249,Shadowmight Ring,GEAR,TRAINER,1,36117,48000,75,1
43249,Shadowmight Ring,GEAR,TRAINER,1,38390,48000,79,1
43249,Shadowmight Ring,GEAR,TRAINER,1,37622,48000,78,1
41163,Titanium Bar,INTERMEDIATE,TRAINER,2,18042,20000,90,1
41163,Titanium Bar,INTERMEDIATE,TRAINER,9,17139,20000,85,1
25679,Comfortable Insoles,MISC,VENDOR,10,8188,10000,81,1
25679,Comfortable Insoles,MISC,VENDOR,5,7860,10000,78,1
49632,Runescroll of Fortitude,MISC,TRAINER,20,4246,5080,83,1
49632,Runescroll of Fortitude,MISC,TRAINER,20,4033,5080,79,1
49632,Runescroll of Fortitude,MISC,TRAINER,20,4246,5080,83,1
49632,Runescroll of Fortitude,MISC,TRAINER,10,4033,5080,79,1
25845,Eternium Rod,INTERMEDIATE,VENDOR,1,94536,80000,118,0
25845,Eternium Rod,INTERMEDIATE,VENDOR,1,89809,80000,112,0
25845,Eternium Rod,INTERMEDIATE,VENDOR,1,86216,80000,107,0
25845,Eternium Rod,INTERMEDIATE,VENDOR,1,94536,80000,118,0
25845,Eternium Rod,INTERMEDIATE,VENDOR,1,89809,80000,112,0
25845,Eternium Rod,INTERMEDIATE,VENDOR,1,86216,80000,107,0
14342,Mooncloth,INTERMEDIATE,VENDOR,8,15906,15200,104,0
14342,Mooncloth,INTERMEDIATE,VENDOR,2,15269,15200,100,0
49632,Runescroll of Fortitude,MISC,TRAINER,20,4249,5080,83,1
49632,Runescroll of Fortitude,MISC,TRAINER,15,4164,5080,81,1
44958,Ethereal Oil,INTERMEDIATE,TRAINER,5,80,96,83,1
44958,Ethereal Oil,INTERMEDIATE,TRAINER,9,76,96,79,1
22448,Small Prismatic Shard,INTERMEDIATE,TRAINER,20,1,0,0,1
22448,Small Prismatic Shard,INTERMEDIATE,TRAINER,3,1,0,0,1
22448,Small Prismatic Shard,INTERMEDIATE,TRAINER,1,1,0,0,1
25679,Comfortable Insoles,MISC,VENDOR,10,7452,10000,74,1
25679,Comfortable Insoles,MISC,VENDOR,4,7153,10000,71,1
38375,Borean Armor Kit,MISC,TRAINER,6,28188,36000,78,1
40217,Mighty Shadow Protection Potion,ELIXIR_POT,DROP,5,8320,10800,77,1
41509,Frostweave Net,MISC,TRAINER,20,8375,9000,93,1
41509,Frostweave Net,MISC,TRAINER,20,8040,9000,89,1
14048,Bolt of Runecloth,INTERMEDIATE,TRAINER,4,8988,11760,76,1
14048,Bolt of Runecloth,INTERMEDIATE,TRAINER,3,8538,11760,72,1
40195,Pygmy Oil,INTERMEDIATE,TRAINER,2,199,300,66,1
40195,Pygmy Oil,INTERMEDIATE,TRAINER,3,189,300,63,1
44958,Ethereal Oil,INTERMEDIATE,TRAINER,8,71,96,73,1
44958,Ethereal Oil,INTERMEDIATE,TRAINER,4,68,96,70,1
32836,Purified Shadow Pearl,GEM_CUT,TRAINER,1,6671,9280,71,1
32836,Purified Shadow Pearl,GEM_CUT,TRAINER,1,6537,9280,70,1
32836,Purified Shadow Pearl,GEM_CUT,TRAINER,1,6340,9280,68,1
32836,Purified Shadow Pearl,GEM_CUT,TRAINER,1,6276,9280,67,1
32836,Purified Shadow Pearl,GEM_CUT,TRAINER,1,6671,9280,71,1
32836,Purified Shadow Pearl,GEM_CUT,TRAINER,1,6537,9280,70,1
32836,Purified Shadow Pearl,GEM_CUT,TRAINER,1,6340,9280,68,1
32836,Purified Shadow Pearl,GEM_CUT,TRAINER,1,6276,9280,67,1
32836,Purified Shadow Pearl,GEM_CUT,TRAINER,1,6671,9280,71,1
32836,Purified Shadow Pearl,GEM_CUT,TRAINER,1,6537,9280,70,1
32836,Purified Shadow Pearl,GEM_CUT,TRAINER,1,6340,9280,68,1
32836,Purified Shadow Pearl,GEM_CUT,TRAINER,1,6276,9280,67,1
32836,Purified Shadow Pearl,GEM_CUT,TRAINER,1,6671,9280,71,1
32836,Purified Shadow Pearl,GEM_CUT,TRAINER,1,6537,9280,70,1
32836,Purified Shadow Pearl,GEM_CUT,TRAINER,1,6340,9280,68,1
41509,Frostweave Net,MISC,TRAINER,20,7560,9000,84,1
41509,Frostweave Net,MISC,TRAINER,20,7257,9000,80,1
23785,Hardened Adamantite Tube,INTERMEDIATE,TRAINER,5,1,3,33,1
23785,Hardened Adamantite Tube,INTERMEDIATE,TRAINER,2,1,3,33,1
3577,Gold Bar,INTERMEDIATE,TRAINER,1,4144,3760,110,0
3577,Gold Bar,INTERMEDIATE,TRAINER,11,4061,3760,108,0
37663,Titansteel Bar,INTERMEDIATE,TRAINER,7,106075,132000,80,1
37663,Titansteel Bar,INTERMEDIATE,TRAINER,2,101832,132000,77,1
41593,Ebonweave,INTERMEDIATE,TRAINER,2,152646,195000,78,1
41593,Ebonweave,INTERMEDIATE,TRAINER,4,149593,195000,76,1
43258,Purehorn Spaulders,GEAR,TRAINER,1,162993,198000,82,1
43258,Purehorn Spaulders,GEAR,TRAINER,1,154843,198000,78,1
43258,Purehorn Spaulders,GEAR,TRAINER,1,162993,198000,82,1
43258,Purehorn Spaulders,GEAR,TRAINER,1,154843,198000,78,1
43258,Purehorn Spaulders,GEAR,TRAINER,1,162993,198000,82,1
43258,Purehorn Spaulders,GEAR,TRAINER,1,154843,198000,78,1
43258,Purehorn Spaulders,GEAR,TRAINER,1,162993,198000,82,1
43258,Purehorn Spaulders,GEAR,TRAINER,1,154843,198000,78,1
8827,Elixir of Water Walking,ELIXIR_POT,UNSOURCED,10,5255,6180,85,1
42103,Moonshroud Gloves,GEAR,TRAINER,1,1351774,1348000,100,1
42103,Moonshroud Gloves,GEAR,TRAINER,1,1338256,1348000,99,1
42103,Moonshroud Gloves,GEAR,TRAINER,1,1271343,1348000,94,1
42103,Moonshroud Gloves,GEAR,TRAINER,1,1220489,1348000,90,1
42103,Moonshroud Gloves,GEAR,TRAINER,1,1351774,1348000,100,1
42103,Moonshroud Gloves,GEAR,TRAINER,1,1338256,1348000,99,1
42103,Moonshroud Gloves,GEAR,TRAINER,1,1271343,1348000,94,1
42103,Moonshroud Gloves,GEAR,TRAINER,1,1220489,1348000,90,1
42103,Moonshroud Gloves,GEAR,TRAINER,1,1351774,1348000,100,1
42103,Moonshroud Gloves,GEAR,TRAINER,1,1338256,1348000,99,1
42103,Moonshroud Gloves,GEAR,TRAINER,1,1271343,1348000,94,1
42103,Moonshroud Gloves,GEAR,TRAINER,1,1220489,1348000,90,1
42103,Moonshroud Gloves,GEAR,TRAINER,1,1351774,1348000,100,1
23785,Hardened Adamantite Tube,INTERMEDIATE,TRAINER,5,2,3,66,1
23785,Hardened Adamantite Tube,INTERMEDIATE,TRAINER,6,1,3,33,1
46377,Flask of Endless Rage,FLASK,TRAINER,20,45816,57500,79,1
46377,Flask of Endless Rage,FLASK,TRAINER,4,44899,57500,78,1
8545,Heavy Mageweave Bandage,MISC,TRAINER,10,1606,2020,79,1
8170,Rugged Leather,INTERMEDIATE,TRAINER,3,6992,7128,98,1
8170,Rugged Leather,INTERMEDIATE,TRAINER,5,6642,7128,93,1
41509,Frostweave Net,MISC,TRAINER,20,7449,9000,82,1
41509,Frostweave Net,MISC,TRAINER,10,7374,9000,81,1
23519,Felsteel Helm,GEAR,DROP,1,5,8,62,1
23519,Felsteel Helm,GEAR,DROP,1,4,8,50,1
23519,Felsteel Helm,GEAR,DROP,1,4,8,50,1
23519,Felsteel Helm,GEAR,DROP,1,4,8,50,1
23519,Felsteel Helm,GEAR,DROP,1,5,8,62,1
23519,Felsteel Helm,GEAR,DROP,1,4,8,50,1
23775,Titanium Toolbox,BAG,VENDOR,1,560000,448000,125,0
23775,Titanium Toolbox,BAG,VENDOR,1,548800,448000,122,0
23775,Titanium Toolbox,BAG,VENDOR,1,521360,448000,116,0
38590,Black Chitinguard Boots,GEAR,TRAINER,1,146767,179400,81,1
38590,Black Chitinguard Boots,GEAR,TRAINER,1,139428,179400,77,1
38590,Black Chitinguard Boots,GEAR,TRAINER,1,138033,179400,76,1
38590,Black Chitinguard Boots,GEAR,TRAINER,1,146767,179400,81,1
38590,Black Chitinguard Boots,GEAR,TRAINER,1,139428,179400,77,1
38590,Black Chitinguard Boots,GEAR,TRAINER,1,138033,179400,76,1
38590,Black Chitinguard Boots,GEAR,TRAINER,1,146767,179400,81,1
38590,Black Chitinguard Boots,GEAR,TRAINER,1,139428,179400,77,1
38590,Black Chitinguard Boots,GEAR,TRAINER,1,138033,179400,76,1
38590,Black Chitinguard Boots,GEAR,TRAINER,1,146767,179400,81,1
38590,Black Chitinguard Boots,GEAR,TRAINER,1,139428,179400,77,1
38590,Black Chitinguard Boots,GEAR,TRAINER,1,138033,179400,76,1
38590,Black Chitinguard Boots,GEAR,TRAINER,1,146767,179400,81,1
22448,Small Prismatic Shard,INTERMEDIATE,TRAINER,20,1,0,0,1
22448,Small Prismatic Shard,INTERMEDIATE,TRAINER,11,1,0,0,1
22448,Small Prismatic Shard,INTERMEDIATE,TRAINER,8,1,0,0,1
43248,Stoneguard Band,GEAR,TRAINER,1,35520,48000,74,1
43248,Stoneguard Band,GEAR,TRAINER,1,35164,48000,73,1
43248,Stoneguard Band,GEAR,TRAINER,1,33757,48000,70,1
43248,Stoneguard Band,GEAR,TRAINER,1,35520,48000,74,1
43248,Stoneguard Band,GEAR,TRAINER,1,35164,48000,73,1
43248,Stoneguard Band,GEAR,TRAINER,1,33757,48000,70,1
21887,Knothide Leather,INTERMEDIATE,TRAINER,6,6207,7500,82,1
32836,Purified Shadow Pearl,GEM_CUT,TRAINER,1,8106,9280,87,1
32836,Purified Shadow Pearl,GEM_CUT,TRAINER,1,8024,9280,86,1
32836,Purified Shadow Pearl,GEM_CUT,TRAINER,1,7943,9280,85,1
32836,Purified Shadow Pearl,GEM_CUT,TRAINER,1,8106,9280,87,1
32836,Purified Shadow Pearl,GEM_CUT,TRAINER,1,8024,9280,86,1
32836,Purified Shadow Pearl,GEM_CUT,TRAINER,1,7943,9280,85,1
32836,Purified Shadow Pearl,GEM_CUT,TRAINER,1,8106,9280,87,1
32836,Purified Shadow Pearl,GEM_CUT,TRAINER,1,8024,9280,86,1
32836,Purified Shadow Pearl,GEM_CUT,TRAINER,1,7943,9280,85,1
32836,Purified Shadow Pearl,GEM_CUT,TRAINER,1,8106,9280,87,1
43250,Ring of Earthen Might,GEAR,VENDOR,1,69564,88000,79,1
43250,Ring of Earthen Might,GEAR,VENDOR,1,66085,88000,75,1
43250,Ring of Earthen Might,GEAR,VENDOR,1,64102,88000,72,1
43250,Ring of Earthen Might,GEAR,VENDOR,1,62819,88000,71,1
43250,Ring of Earthen Might,GEAR,VENDOR,1,69564,88000,79,1
43250,Ring of Earthen Might,GEAR,VENDOR,1,66085,88000,75,1
43250,Ring of Earthen Might,GEAR,VENDOR,1,64102,88000,72,1
43250,Ring of Earthen Might,GEAR,VENDOR,1,62819,88000,71,1
43250,Ring of Earthen Might,GEAR,VENDOR,1,69564,88000,79,1
43250,Ring of Earthen Might,GEAR,VENDOR,1,66085,88000,75,1
41164,Mammoth Cutters,AMMO,TRAINER,1000,30,34,88,1
41164,Mammoth Cutters,AMMO,TRAINER,1000,29,34,85,1
41164,Mammoth Cutters,AMMO,TRAINER,1000,28,34,82,1
41164,Mammoth Cutters,AMMO,TRAINER,1000,30,34,88,1
41164,Mammoth Cutters,AMMO,TRAINER,1000,29,34,85,1
41164,Mammoth Cutters,AMMO,TRAINER,1000,28,34,82,1
41164,Mammoth Cutters,AMMO,TRAINER,1000,30,34,88,1
41164,Mammoth Cutters,AMMO,TRAINER,1000,29,34,85,1
41164,Mammoth Cutters,AMMO,TRAINER,1000,28,34,82,1
41164,Mammoth Cutters,AMMO,TRAINER,1000,30,34,88,1
41164,Mammoth Cutters,AMMO,TRAINER,1000,29,34,85,1
41164,Mammoth Cutters,AMMO,TRAINER,1000,28,34,82,1
41164,Mammoth Cutters,AMMO,TRAINER,1000,30,34,88,1
41164,Mammoth Cutters,AMMO,TRAINER,1000,29,34,85,1
23785,Hardened Adamantite Tube,INTERMEDIATE,TRAINER,3,2,3,66,1
23785,Hardened Adamantite Tube,INTERMEDIATE,TRAINER,3,1,3,33,1
23518,Felsteel Leggings,GEAR,DROP,1,6,8,75,1
23518,Felsteel Leggings,GEAR,DROP,1,5,8,62,1
23518,Felsteel Leggings,GEAR,DROP,1,4,8,50,1
23518,Felsteel Leggings,GEAR,DROP,1,4,8,50,1
23518,Felsteel Leggings,GEAR,DROP,1,6,8,75,1
23518,Felsteel Leggings,GEAR,DROP,1,5,8,62,1
23518,Felsteel Leggings,GEAR,DROP,1,4,8,50,1
23518,Felsteel Leggings,GEAR,DROP,1,4,8,50,1
23518,Felsteel Leggings,GEAR,DROP,1,6,8,75,1
23518,Felsteel Leggings,GEAR,DROP,1,5,8,62,1
23518,Felsteel Leggings,GEAR,DROP,1,4,8,50,1
23518,Felsteel Leggings,GEAR,DROP,1,4,8,50,1
23518,Felsteel Leggings,GEAR,DROP,1,6,8,75,1
23518,Felsteel Leggings,GEAR,DROP,1,5,8,62,1
23518,Felsteel Leggings,GEAR,DROP,1,4,8,50,1
8827,Elixir of Water Walking,ELIXIR_POT,UNSOURCED,5,5798,6180,93,1
8827,Elixir of Water Walking,ELIXIR_POT,UNSOURCED,2,5682,6180,91,1
43249,Shadowmight Ring,GEAR,TRAINER,1,40128,48000,83,1
43249,Shadowmight Ring,GEAR,TRAINER,1,38522,48000,80,1
43249,Shadowmight Ring,GEAR,TRAINER,1,38136,48000,79,1
43249,Shadowmight Ring,GEAR,TRAINER,1,36610,48000,76,1
43249,Shadowmight Ring,GEAR,TRAINER,1,40128,48000,83,1
24272,Shadowcloth,INTERMEDIATE,VENDOR,6,80704,64001,126,0
41509,Frostweave Net,MISC,TRAINER,20,7096,9000,78,1
41509,Frostweave Net,MISC,TRAINER,20,7025,9000,78,1
41509,Frostweave Net,MISC,TRAINER,15,6814,9000,75,1
43248,Stoneguard Band,GEAR,TRAINER,1,48657,48000,101,1
43248,Stoneguard Band,GEAR,TRAINER,1,48170,48000,100,1
43248,Stoneguard Band,GEAR,TRAINER,1,47206,48000,98,1
43248,Stoneguard Band,GEAR,TRAINER,1,48657,48000,101,1
43248,Stoneguard Band,GEAR,TRAINER,1,48170,48000,100,1
43248,Stoneguard Band,GEAR,TRAINER,1,47206,48000,98,1
43248,Stoneguard Band,GEAR,TRAINER,1,48657,48000,101,1
43248,Stoneguard Band,GEAR,TRAINER,1,48170,48000,100,1
43248,Stoneguard Band,GEAR,TRAINER,1,47206,48000,98,1
43248,Stoneguard Band,GEAR,TRAINER,1,48657,48000,101,1
43248,Stoneguard Band,GEAR,TRAINER,1,48170,48000,100,1
43248,Stoneguard Band,GEAR,TRAINER,1,47206,48000,98,1
22448,Small Prismatic Shard,INTERMEDIATE,TRAINER,20,1,0,0,1
22448,Small Prismatic Shard,INTERMEDIATE,TRAINER,20,1,0,0,1
22448,Small Prismatic Shard,INTERMEDIATE,TRAINER,5,1,0,0,1
3827,Mana Potion,ELIXIR_POT,TRAINER,5,911,804,113,0
3827,Mana Potion,ELIXIR_POT,TRAINER,5,883,804,109,0
3827,Mana Potion,ELIXIR_POT,TRAINER,2,911,804,113,0
23517,Felsteel Gloves,GEAR,DROP,1,4,6,66,1
23517,Felsteel Gloves,GEAR,DROP,1,3,6,50,1
23517,Felsteel Gloves,GEAR,DROP,1,3,6,50,1
23517,Felsteel Gloves,GEAR,DROP,1,3,6,50,1
23517,Felsteel Gloves,GEAR,DROP,1,4,6,66,1
23517,Felsteel Gloves,GEAR,DROP,1,3,6,50,1
23517,Felsteel Gloves,GEAR,DROP,1,3,6,50,1
23517,Felsteel Gloves,GEAR,DROP,1,3,6,50,1
23517,Felsteel Gloves,GEAR,DROP,1,4,6,66,1
23517,Felsteel Gloves,GEAR,DROP,1,3,6,50,1
41595,Spellweave,INTERMEDIATE,TRAINER,5,229554,195000,117,0
41595,Spellweave,INTERMEDIATE,TRAINER,8,220371,195000,113,0
41601,Shining Spellthread,MISC,TRAINER,8,113742,124800,91,1
33568,Borean Leather,INTERMEDIATE,TRAINER,8,11955,13500,88,1
33568,Borean Leather,INTERMEDIATE,TRAINER,2,11715,13500,86,1
33568,Borean Leather,INTERMEDIATE,TRAINER,10,12393,13500,91,1
33568,Borean Leather,INTERMEDIATE,TRAINER,2,12021,13500,89,1
8827,Elixir of Water Walking,ELIXIR_POT,UNSOURCED,9,4252,6180,68,1
14529,Runecloth Bandage,MISC,TRAINER,11,2204,2352,93,1
46379,Flask of Stoneblood,FLASK,TRAINER,12,51506,56600,91,1
23787,Felsteel Stabilizer,INTERMEDIATE,TRAINER,3,1,2,50,1
23787,Felsteel Stabilizer,INTERMEDIATE,TRAINER,10,1,2,50,1
46379,Flask of Stoneblood,FLASK,TRAINER,5,49445,56600,87,1
46379,Flask of Stoneblood,FLASK,TRAINER,5,48456,56600,85,1
46379,Flask of Stoneblood,FLASK,TRAINER,20,49445,56600,87,1
23449,Khorium Bar,INTERMEDIATE,TRAINER,5,48500,40000,121,0
23449,Khorium Bar,INTERMEDIATE,TRAINER,1,46075,40000,115,0
44958,Ethereal Oil,INTERMEDIATE,TRAINER,12,81,96,84,1
44958,Ethereal Oil,INTERMEDIATE,TRAINER,2,80,96,83,1
22448,Small Prismatic Shard,INTERMEDIATE,TRAINER,20,1,0,0,1
22448,Small Prismatic Shard,INTERMEDIATE,TRAINER,20,1,0,0,1
22448,Small Prismatic Shard,INTERMEDIATE,TRAINER,1,1,0,0,1
22448,Small Prismatic Shard,INTERMEDIATE,TRAINER,1,1,0,0,1
23519,Felsteel Helm,GEAR,DROP,1,7,8,87,1
23519,Felsteel Helm,GEAR,DROP,1,6,8,75,1
23519,Felsteel Helm,GEAR,DROP,1,7,8,87,1
23519,Felsteel Helm,GEAR,DROP,1,6,8,75,1
23519,Felsteel Helm,GEAR,DROP,1,7,8,87,1
23519,Felsteel Helm,GEAR,DROP,1,6,8,75,1
23519,Felsteel Helm,GEAR,DROP,1,7,8,87,1
23519,Felsteel Helm,GEAR,DROP,1,6,8,75,1
23519,Felsteel Helm,GEAR,DROP,1,7,8,87,1
23519,Felsteel Helm,GEAR,DROP,1,6,8,75,1
23519,Felsteel Helm,GEAR,DROP,1,7,8,87,1
23519,Felsteel Helm,GEAR,DROP,1,6,8,75,1
23519,Felsteel Helm,GEAR,DROP,1,7,8,87,1
23519,Felsteel Helm,GEAR,DROP,1,6,8,75,1
22448,Small Prismatic Shard,INTERMEDIATE,TRAINER,20,1,0,0,1
22448,Small Prismatic Shard,INTERMEDIATE,TRAINER,20,1,0,0,1
22448,Small Prismatic Shard,INTERMEDIATE,TRAINER,1,1,0,0,1
22448,Small Prismatic Shard,INTERMEDIATE,TRAINER,1,1,0,0,1
45778,Glyph of Stoneclaw Totem,MISC,UNSOURCED,11,260,315,82,1
41509,Frostweave Net,MISC,TRAINER,20,7114,9000,79,1
41509,Frostweave Net,MISC,TRAINER,5,6829,9000,75,1
36913,Saronite Bar,INTERMEDIATE,TRAINER,5,31824,30000,106,0
36913,Saronite Bar,INTERMEDIATE,TRAINER,1,35625,30000,118,0
36913,Saronite Bar,INTERMEDIATE,TRAINER,12,34200,30000,114,0
23787,Felsteel Stabilizer,INTERMEDIATE,TRAINER,8,1,2,50,1
41511,Bolt of Imbued Frostweave,INTERMEDIATE,TRAINER,3,130212,147000,88,1
41511,Bolt of Imbued Frostweave,INTERMEDIATE,TRAINER,3,128909,147000,87,1
22445,Arcane Dust,INTERMEDIATE,UNSOURCED,20,4570,5013,91,1
22445,Arcane Dust,INTERMEDIATE,UNSOURCED,1,4524,5013,90,1
32836,Purified Shadow Pearl,GEM_CUT,TRAINER,1,6769,9280,72,1
32836,Purified Shadow Pearl,GEM_CUT,TRAINER,1,6498,9280,70,1
32836,Purified Shadow Pearl,GEM_CUT,TRAINER,1,6769,9280,72,1
32836,Purified Shadow Pearl,GEM_CUT,TRAINER,1,6498,9280,70,1
32836,Purified Shadow Pearl,GEM_CUT,TRAINER,1,6769,9280,72,1
32836,Purified Shadow Pearl,GEM_CUT,TRAINER,1,6498,9280,70,1
32836,Purified Shadow Pearl,GEM_CUT,TRAINER,1,6769,9280,72,1
32836,Purified Shadow Pearl,GEM_CUT,TRAINER,1,6498,9280,70,1
32836,Purified Shadow Pearl,GEM_CUT,TRAINER,1,6769,9280,72,1
32836,Purified Shadow Pearl,GEM_CUT,TRAINER,1,6498,9280,70,1
8545,Heavy Mageweave Bandage,MISC,TRAINER,8,1374,2020,68,1
43258,Purehorn Spaulders,GEAR,TRAINER,1,169884,198000,85,1
43258,Purehorn Spaulders,GEAR,TRAINER,1,164787,198000,83,1
43258,Purehorn Spaulders,GEAR,TRAINER,1,159843,198000,80,1
43258,Purehorn Spaulders,GEAR,TRAINER,1,151850,198000,76,1
43258,Purehorn Spaulders,GEAR,TRAINER,1,169884,198000,85,1
43258,Purehorn Spaulders,GEAR,TRAINER,1,164787,198000,83,1
43258,Purehorn Spaulders,GEAR,TRAINER,1,159843,198000,80,1
43258,Purehorn Spaulders,GEAR,TRAINER,1,151850,198000,76,1
43258,Purehorn Spaulders,GEAR,TRAINER,1,169884,198000,85,1
43258,Purehorn Spaulders,GEAR,TRAINER,1,164787,198000,83,1
43258,Purehorn Spaulders,GEAR,TRAINER,1,159843,198000,80,1
41509,Frostweave Net,MISC,TRAINER,20,7063,9000,78,1
41509,Frostweave Net,MISC,TRAINER,10,6780,9000,75,1
41603,Azure Spellthread,MISC,TRAINER,10,106753,124800,85,1
23519,Felsteel Helm,GEAR,DROP,1,6,8,75,1
23519,Felsteel Helm,GEAR,DROP,1,5,8,62,1
23519,Felsteel Helm,GEAR,DROP,1,6,8,75,1
23519,Felsteel Helm,GEAR,DROP,1,5,8,62,1
23519,Felsteel Helm,GEAR,DROP,1,6,8,75,1
23519,Felsteel Helm,GEAR,DROP,1,5,8,62,1
40215,Mighty Frost Protection Potion,ELIXIR_POT,DROP,12,7961,10800,73,1
14530,Heavy Runecloth Bandage,MISC,TRAINER,6,3657,4704,77,1
41598,Mysterious Bag,BAG,VENDOR,1,702000,750000,93,1
41598,Mysterious Bag,BAG,VENDOR,1,680940,750000,90,1
41598,Mysterious Bag,BAG,VENDOR,1,660511,750000,88,1
41598,Mysterious Bag,BAG,VENDOR,1,702000,750000,93,1
41598,Mysterious Bag,BAG,VENDOR,1,680940,750000,90,1
41598,Mysterious Bag,BAG,VENDOR,1,660511,750000,88,1
45735,Glyph of Raptor Strike,MISC,UNSOURCED,14,272,315,86,1
38434,Iceborne Wristguards,GEAR,TRAINER,1,92718,108000,85,1
38434,Iceborne Wristguards,GEAR,TRAINER,1,88082,108000,81,1
38434,Iceborne Wristguards,GEAR,TRAINER,1,83677,108000,77,1
38434,Iceborne Wristguards,GEAR,TRAINER,1,81166,108000,75,1
38434,Iceborne Wristguards,GEAR,TRAINER,1,92718,108000,85,1
38434,Iceborne Wristguards,GEAR,TRAINER,1,88082,108000,81,1
38434,Iceborne Wristguards,GEAR,TRAINER,1,83677,108000,77,1
38434,Iceborne Wristguards,GEAR,TRAINER,1,81166,108000,75,1
38434,Iceborne Wristguards,GEAR,TRAINER,1,92718,108000,85,1
22448,Small Prismatic Shard,INTERMEDIATE,TRAINER,20,1,0,0,1
22448,Small Prismatic Shard,INTERMEDIATE,TRAINER,17,1,0,0,1
22448,Small Prismatic Shard,INTERMEDIATE,TRAINER,2,1,0,0,1
22445,Arcane Dust,INTERMEDIATE,UNSOURCED,10,4375,5013,87,1
22445,Arcane Dust,INTERMEDIATE,UNSOURCED,8,4287,5013,85,1
44958,Ethereal Oil,INTERMEDIATE,TRAINER,4,75,96,78,1
44958,Ethereal Oil,INTERMEDIATE,TRAINER,2,72,96,75,1
23518,Felsteel Leggings,GEAR,DROP,1,6,8,75,1
23518,Felsteel Leggings,GEAR,DROP,1,5,8,62,1
23518,Felsteel Leggings,GEAR,DROP,1,6,8,75,1
23518,Felsteel Leggings,GEAR,DROP,1,5,8,62,1
23518,Felsteel Leggings,GEAR,DROP,1,6,8,75,1
23518,Felsteel Leggings,GEAR,DROP,1,5,8,62,1
23518,Felsteel Leggings,GEAR,DROP,1,6,8,75,1
23518,Felsteel Leggings,GEAR,DROP,1,5,8,62,1
6338,Silver Rod,INTERMEDIATE,TRAINER,1,359,335,107,0
6338,Silver Rod,INTERMEDIATE,TRAINER,1,341,335,101,0
6338,Silver Rod,INTERMEDIATE,TRAINER,1,337,335,100,0
6338,Silver Rod,INTERMEDIATE,TRAINER,1,335,335,100,0
6338,Silver Rod,INTERMEDIATE,TRAINER,1,359,335,107,0
6338,Silver Rod,INTERMEDIATE,TRAINER,1,341,335,101,0
6338,Silver Rod,INTERMEDIATE,TRAINER,1,337,335,100,0
38375,Borean Armor Kit,MISC,TRAINER,10,24696,36000,68,1
38375,Borean Armor Kit,MISC,TRAINER,1,23955,36000,66,1
41600,Glacial Bag,BAG,VENDOR,1,769923,990000,77,1
41600,Glacial Bag,BAG,VENDOR,1,754524,990000,76,1
41600,Glacial Bag,BAG,VENDOR,1,769923,990000,77,1
41600,Glacial Bag,BAG,VENDOR,1,754524,990000,76,1
41600,Glacial Bag,BAG,VENDOR,1,769923,990000,77,1
41600,Glacial Bag,BAG,VENDOR,1,754524,990000,76,1
41600,Glacial Bag,BAG,VENDOR,1,769923,990000,77,1
41600,Glacial Bag,BAG,VENDOR,1,754524,990000,76,1
41600,Glacial Bag,BAG,VENDOR,1,769923,990000,77,1
41600,Glacial Bag,BAG,VENDOR,1,754524,990000,76,1
41600,Glacial Bag,BAG,VENDOR,1,769923,990000,77,1
41600,Glacial Bag,BAG,VENDOR,1,754524,990000,76,1
41594,Moonshroud,INTERMEDIATE,TRAINER,5,146347,195000,75,1
41594,Moonshroud,INTERMEDIATE,TRAINER,9,144883,195000,74,1
41603,Azure Spellthread,MISC,TRAINER,14,94748,124800,75,1
4623,Lesser Stoneshield Potion,ELIXIR_POT,UNSOURCED,5,5666,2512,225,0
4623,Lesser Stoneshield Potion,ELIXIR_POT,UNSOURCED,2,5552,2512,221,0
23785,Hardened Adamantite Tube,INTERMEDIATE,TRAINER,7,2,3,66,1
23785,Hardened Adamantite Tube,INTERMEDIATE,TRAINER,3,1,3,33,1
40195,Pygmy Oil,INTERMEDIATE,TRAINER,5,250,300,83,1
40195,Pygmy Oil,INTERMEDIATE,TRAINER,1,240,300,80,1
43250,Ring of Earthen Might,GEAR,VENDOR,1,68129,88000,77,1
43250,Ring of Earthen Might,GEAR,VENDOR,1,65403,88000,74,1
43250,Ring of Earthen Might,GEAR,VENDOR,1,64748,88000,73,1
43250,Ring of Earthen Might,GEAR,VENDOR,1,62805,88000,71,1
43250,Ring of Earthen Might,GEAR,VENDOR,1,68129,88000,77,1
43250,Ring of Earthen Might,GEAR,VENDOR,1,65403,88000,74,1
43250,Ring of Earthen Might,GEAR,VENDOR,1,64748,88000,73,1
43250,Ring of Earthen Might,GEAR,VENDOR,1,62805,88000,71,1
43250,Ring of Earthen Might,GEAR,VENDOR,1,68129,88000,77,1
43250,Ring of Earthen Might,GEAR,VENDOR,1,65403,88000,74,1
43250,Ring of Earthen Might,GEAR,VENDOR,1,64748,88000,73,1
22445,Arcane Dust,INTERMEDIATE,UNSOURCED,16,3675,5013,73,1
22445,Arcane Dust,INTERMEDIATE,UNSOURCED,2,3528,5013,70,1
32836,Purified Shadow Pearl,GEM_CUT,TRAINER,1,8379,9280,90,1
32836,Purified Shadow Pearl,GEM_CUT,TRAINER,1,8211,9280,88,1
32836,Purified Shadow Pearl,GEM_CUT,TRAINER,1,7964,9280,85,1
32836,Purified Shadow Pearl,GEM_CUT,TRAINER,1,8379,9280,90,1
32836,Purified Shadow Pearl,GEM_CUT,TRAINER,1,8211,9280,88,1
32836,Purified Shadow Pearl,GEM_CUT,TRAINER,1,7964,9280,85,1
32836,Purified Shadow Pearl,GEM_CUT,TRAINER,1,8379,9280,90,1
32836,Purified Shadow Pearl,GEM_CUT,TRAINER,1,8211,9280,88,1
32836,Purified Shadow Pearl,GEM_CUT,TRAINER,1,7964,9280,85,1
32836,Purified Shadow Pearl,GEM_CUT,TRAINER,1,8379,9280,90,1
32836,Purified Shadow Pearl,GEM_CUT,TRAINER,1,8211,9280,88,1
32836,Purified Shadow Pearl,GEM_CUT,TRAINER,1,7964,9280,85,1
41165,Saronite Razorheads,AMMO,TRAINER,1000,51,60,85,1
41165,Saronite Razorheads,AMMO,TRAINER,1000,48,60,80,1
41165,Saronite Razorheads,AMMO,TRAINER,1000,47,60,78,1
41165,Saronite Razorheads,AMMO,TRAINER,1000,45,60,75,1
41165,Saronite Razorheads,AMMO,TRAINER,1000,51,60,85,1
41165,Saronite Razorheads,AMMO,TRAINER,1000,48,60,80,1
45811,Frostguard Drape,GEAR,TRAINER,1,1065926,924000,115,0
44958,Ethereal Oil,INTERMEDIATE,TRAINER,6,85,96,88,1
44958,Ethereal Oil,INTERMEDIATE,TRAINER,1,83,96,86,1
22445,Arcane Dust,INTERMEDIATE,UNSOURCED,20,4055,5013,80,1
22445,Arcane Dust,INTERMEDIATE,UNSOURCED,20,3973,5013,79,1
22445,Arcane Dust,INTERMEDIATE,UNSOURCED,3,3814,5013,76,1
22445,Arcane Dust,INTERMEDIATE,UNSOURCED,2,3699,5013,73,1
43250,Ring of Earthen Might,GEAR,VENDOR,1,73304,88000,83,1
43250,Ring of Earthen Might,GEAR,VENDOR,1,71104,88000,80,1
43250,Ring of Earthen Might,GEAR,VENDOR,1,68970,88000,78,1
43250,Ring of Earthen Might,GEAR,VENDOR,1,73304,88000,83,1
43250,Ring of Earthen Might,GEAR,VENDOR,1,71104,88000,80,1
43250,Ring of Earthen Might,GEAR,VENDOR,1,68970,88000,78,1
43250,Ring of Earthen Might,GEAR,VENDOR,1,73304,88000,83,1
43250,Ring of Earthen Might,GEAR,VENDOR,1,71104,88000,80,1
43250,Ring of Earthen Might,GEAR,VENDOR,1,68970,88000,78,1
43250,Ring of Earthen Might,GEAR,VENDOR,1,73304,88000,83,1
43250,Ring of Earthen Might,GEAR,VENDOR,1,71104,88000,80,1
43250,Ring of Earthen Might,GEAR,VENDOR,1,68970,88000,78,1
43250,Ring of Earthen Might,GEAR,VENDOR,1,73304,88000,83,1
43250,Ring of Earthen Might,GEAR,VENDOR,1,71104,88000,80,1
43252,Windfire Band,GEAR,VENDOR,1,103062,112000,92,1
43252,Windfire Band,GEAR,VENDOR,1,102031,112000,91,1
43252,Windfire Band,GEAR,VENDOR,1,98970,112000,88,1
43252,Windfire Band,GEAR,VENDOR,1,94021,112000,83,1
43252,Windfire Band,GEAR,VENDOR,1,103062,112000,92,1
43252,Windfire Band,GEAR,VENDOR,1,102031,112000,91,1
43252,Windfire Band,GEAR,VENDOR,1,98970,112000,88,1
43252,Windfire Band,GEAR,VENDOR,1,94021,112000,83,1
43252,Windfire Band,GEAR,VENDOR,1,103062,112000,92,1
43252,Windfire Band,GEAR,VENDOR,1,102031,112000,91,1
43252,Windfire Band,GEAR,VENDOR,1,98970,112000,88,1
43252,Windfire Band,GEAR,VENDOR,1,94021,112000,83,1
36916,Cobalt Bar,INTERMEDIATE,TRAINER,5,5814,6000,96,1
36916,Cobalt Bar,INTERMEDIATE,TRAINER,5,5523,6000,92,1
42336,Bloodstone Band,GEAR,TRAINER,1,21248,24800,85,1
42336,Bloodstone Band,GEAR,TRAINER,1,20398,24800,82,1
42336,Bloodstone Band,GEAR,TRAINER,1,19786,24800,79,1
42336,Bloodstone Band,GEAR,TRAINER,1,19192,24800,77,1
42336,Bloodstone Band,GEAR,TRAINER,1,21248,24800,85,1
42336,Bloodstone Band,GEAR,TRAINER,1,20398,24800,82,1
42336,Bloodstone Band,GEAR,TRAINER,1,19786,24800,79,1
42336,Bloodstone Band,GEAR,TRAINER,1,19192,24800,77,1
42336,Bloodstone Band,GEAR,TRAINER,1,21248,24800,85,1
42336,Bloodstone Band,GEAR,TRAINER,1,20398,24800,82,1
42336,Bloodstone Band,GEAR,TRAINER,1,19786,24800,79,1
42336,Bloodstone Band,GEAR,TRAINER,1,19192,24800,77,1
42336,Bloodstone Band,GEAR,TRAINER,1,21248,24800,85,1
42336,Bloodstone Band,GEAR,TRAINER,1,20398,24800,82,1
42336,Bloodstone Band,GEAR,TRAINER,1,19786,24800,79,1
22448,Small Prismatic Shard,INTERMEDIATE,TRAINER,20,1,0,0,1
22448,Small Prismatic Shard,INTERMEDIATE,TRAINER,2,1,0,0,1
22448,Small Prismatic Shard,INTERMEDIATE,TRAINER,2,1,0,0,1
41601,Shining Spellthread,MISC,TRAINER,9,88957,124800,71,1
22448,Small Prismatic Shard,INTERMEDIATE,TRAINER,20,1,0,0,1
22448,Small Prismatic Shard,INTERMEDIATE,TRAINER,20,1,0,0,1
22448,Small Prismatic Shard,INTERMEDIATE,TRAINER,1,1,0,0,1
22448,Small Prismatic Shard,INTERMEDIATE,TRAINER,4,1,0,0,1
32836,Purified Shadow Pearl,GEM_CUT,TRAINER,1,8410,9280,90,1
32836,Purified Shadow Pearl,GEM_CUT,TRAINER,1,8325,9280,89,1
32836,Purified Shadow Pearl,GEM_CUT,TRAINER,1,8410,9280,90,1
32836,Purified Shadow Pearl,GEM_CUT,TRAINER,1,8325,9280,89,1
32836,Purified Shadow Pearl,GEM_CUT,TRAINER,1,8410,9280,90,1
32836,Purified Shadow Pearl,GEM_CUT,TRAINER,1,8325,9280,89,1
32836,Purified Shadow Pearl,GEM_CUT,TRAINER,1,8410,9280,90,1
32836,Purified Shadow Pearl,GEM_CUT,TRAINER,1,8325,9280,89,1
32836,Purified Shadow Pearl,GEM_CUT,TRAINER,1,8410,9280,90,1
32836,Purified Shadow Pearl,GEM_CUT,TRAINER,1,8325,9280,89,1
32836,Purified Shadow Pearl,GEM_CUT,TRAINER,1,8410,9280,90,1
32836,Purified Shadow Pearl,GEM_CUT,TRAINER,1,8325,9280,89,1
32836,Purified Shadow Pearl,GEM_CUT,TRAINER,1,8410,9280,90,1
32836,Purified Shadow Pearl,GEM_CUT,TRAINER,1,8325,9280,89,1
38373,Frosthide Leg Armor,MISC,TRAINER,7,478241,503200,95,1
23518,Felsteel Leggings,GEAR,DROP,1,4,8,50,1
23518,Felsteel Leggings,GEAR,DROP,1,4,8,50,1
23518,Felsteel Leggings,GEAR,DROP,1,4,8,50,1
23518,Felsteel Leggings,GEAR,DROP,1,4,8,50,1
23518,Felsteel Leggings,GEAR,DROP,1,4,8,50,1
23518,Felsteel Leggings,GEAR,DROP,1,4,8,50,1
23518,Felsteel Leggings,GEAR,DROP,1,4,8,50,1
23518,Felsteel Leggings,GEAR,DROP,1,4,8,50,1
23518,Felsteel Leggings,GEAR,DROP,1,4,8,50,1
23518,Felsteel Leggings,GEAR,DROP,1,4,8,50,1
23518,Felsteel Leggings,GEAR,DROP,1,4,8,50,1
23518,Felsteel Leggings,GEAR,DROP,1,4,8,50,1
23518,Felsteel Leggings,GEAR,DROP,1,4,8,50,1
41593,Ebonweave,INTERMEDIATE,TRAINER,8,187434,195000,96,1
41593,Ebonweave,INTERMEDIATE,TRAINER,4,185559,195000,95,1
41595,Spellweave,INTERMEDIATE,TRAINER,2,195000,195000,100,0
41595,Spellweave,INTERMEDIATE,TRAINER,4,195000,195000,100,0
23517,Felsteel Gloves,GEAR,DROP,1,4,6,66,1
23517,Felsteel Gloves,GEAR,DROP,1,3,6,50,1
23517,Felsteel Gloves,GEAR,DROP,1,4,6,66,1
23517,Felsteel Gloves,GEAR,DROP,1,3,6,50,1
23517,Felsteel Gloves,GEAR,DROP,1,4,6,66,1
23517,Felsteel Gloves,GEAR,DROP,1,3,6,50,1
23517,Felsteel Gloves,GEAR,DROP,1,4,6,66,1
23517,Felsteel Gloves,GEAR,DROP,1,3,6,50,1
23517,Felsteel Gloves,GEAR,DROP,1,4,6,66,1
23517,Felsteel Gloves,GEAR,DROP,1,3,6,50,1
23517,Felsteel Gloves,GEAR,DROP,1,4,6,66,1
23517,Felsteel Gloves,GEAR,DROP,1,3,6,50,1
22574,Mote of Fire,INTERMEDIATE,TRAINER,10,2387,3200,74,1
22574,Mote of Fire,INTERMEDIATE,TRAINER,10,2267,3200,70,1
22574,Mote of Fire,INTERMEDIATE,TRAINER,10,2387,3200,74,1
22574,Mote of Fire,INTERMEDIATE,TRAINER,10,2267,3200,70,1
22574,Mote of Fire,INTERMEDIATE,TRAINER,10,2387,3200,74,1
22574,Mote of Fire,INTERMEDIATE,TRAINER,10,2267,3200,70,1
22574,Mote of Fire,INTERMEDIATE,TRAINER,10,2387,3200,74,1
22574,Mote of Fire,INTERMEDIATE,TRAINER,10,2267,3200,70,1
22574,Mote of Fire,INTERMEDIATE,TRAINER,10,2387,3200,74,1
22574,Mote of Fire,INTERMEDIATE,TRAINER,10,2267,3200,70,1
22574,Mote of Fire,INTERMEDIATE,TRAINER,10,2387,3200,74,1
22574,Mote of Fire,INTERMEDIATE,TRAINER,10,2267,3200,70,1
22574,Mote of Fire,INTERMEDIATE,TRAINER,10,2387,3200,74,1
22574,Mote of Fire,INTERMEDIATE,TRAINER,10,2267,3200,70,1
22574,Mote of Fire,INTERMEDIATE,TRAINER,6,2387,3200,74,1
22574,Mote of Fire,INTERMEDIATE,TRAINER,4,2267,3200,70,1
41593,Ebonweave,INTERMEDIATE,TRAINER,7,168343,195000,86,1
41593,Ebonweave,INTERMEDIATE,TRAINER,5,159925,195000,82,1
22448,Small Prismatic Shard,INTERMEDIATE,TRAINER,20,1,0,0,1
22448,Small Prismatic Shard,INTERMEDIATE,TRAINER,1,1,0,0,1
43248,Stoneguard Band,GEAR,TRAINER,1,44990,48000,93,1
43248,Stoneguard Band,GEAR,TRAINER,1,44540,48000,92,1
43248,Stoneguard Band,GEAR,TRAINER,1,44990,48000,93,1
43248,Stoneguard Band,GEAR,TRAINER,1,44540,48000,92,1
43248,Stoneguard Band,GEAR,TRAINER,1,44990,48000,93,1
43248,Stoneguard Band,GEAR,TRAINER,1,44540,48000,92,1
43248,Stoneguard Band,GEAR,TRAINER,1,44990,48000,93,1
43248,Stoneguard Band,GEAR,TRAINER,1,44540,48000,92,1
43248,Stoneguard Band,GEAR,TRAINER,1,44990,48000,93,1
43248,Stoneguard Band,GEAR,TRAINER,1,44540,48000,92,1
43248,Stoneguard Band,GEAR,TRAINER,1,44990,48000,93,1
41595,Spellweave,INTERMEDIATE,TRAINER,3,183612,195000,94,1
41595,Spellweave,INTERMEDIATE,TRAINER,2,181775,195000,93,1
42420,Shadow Crystal Focusing Lens,MISC,TRAINER,1,19260,20000,96,1
42420,Shadow Crystal Focusing Lens,MISC,TRAINER,1,19067,20000,95,1
42420,Shadow Crystal Focusing Lens,MISC,TRAINER,1,18304,20000,91,1
42420,Shadow Crystal Focusing Lens,MISC,TRAINER,1,19260,20000,96,1
42420,Shadow Crystal Focusing Lens,MISC,TRAINER,1,19067,20000,95,1
42420,Shadow Crystal Focusing Lens,MISC,TRAINER,1,18304,20000,91,1
42420,Shadow Crystal Focusing Lens,MISC,TRAINER,1,19260,20000,96,1
22761,Bramblewood Belt,GEAR,VENDOR,1,19809,22849,86,1
22761,Bramblewood Belt,GEAR,VENDOR,1,19412,22849,84,1
22761,Bramblewood Belt,GEAR,VENDOR,1,18441,22849,80,1
22761,Bramblewood Belt,GEAR,VENDOR,1,17887,22849,78,1
22761,Bramblewood Belt,GEAR,VENDOR,1,19809,22849,86,1
22761,Bramblewood Belt,GEAR,VENDOR,1,19412,22849,84,1
22761,Bramblewood Belt,GEAR,VENDOR,1,18441,22849,80,1
22761,Bramblewood Belt,GEAR,VENDOR,1,17887,22849,78,1
22761,Bramblewood Belt,GEAR,VENDOR,1,19809,22849,86,1
22761,Bramblewood Belt,GEAR,VENDOR,1,19412,22849,84,1
22761,Bramblewood Belt,GEAR,VENDOR,1,18441,22849,80,1
22761,Bramblewood Belt,GEAR,VENDOR,1,17887,22849,78,1
22761,Bramblewood Belt,GEAR,VENDOR,1,19809,22849,86,1
22761,Bramblewood Belt,GEAR,VENDOR,1,19412,22849,84,1
22761,Bramblewood Belt,GEAR,VENDOR,1,18441,22849,80,1
32836,Purified Shadow Pearl,GEM_CUT,TRAINER,1,6744,9280,72,1
32836,Purified Shadow Pearl,GEM_CUT,TRAINER,1,6406,9280,69,1
32836,Purified Shadow Pearl,GEM_CUT,TRAINER,1,6744,9280,72,1
32836,Purified Shadow Pearl,GEM_CUT,TRAINER,1,6406,9280,69,1
32836,Purified Shadow Pearl,GEM_CUT,TRAINER,1,6744,9280,72,1
32836,Purified Shadow Pearl,GEM_CUT,TRAINER,1,6406,9280,69,1
32836,Purified Shadow Pearl,GEM_CUT,TRAINER,1,6744,9280,72,1
32836,Purified Shadow Pearl,GEM_CUT,TRAINER,1,6406,9280,69,1
32836,Purified Shadow Pearl,GEM_CUT,TRAINER,1,6744,9280,72,1
32836,Purified Shadow Pearl,GEM_CUT,TRAINER,1,6406,9280,69,1
32836,Purified Shadow Pearl,GEM_CUT,TRAINER,1,6744,9280,72,1
32836,Purified Shadow Pearl,GEM_CUT,TRAINER,1,6406,9280,69,1
32836,Purified Shadow Pearl,GEM_CUT,TRAINER,1,6744,9280,72,1
43249,Shadowmight Ring,GEAR,TRAINER,1,44774,48000,93,1
43249,Shadowmight Ring,GEAR,TRAINER,1,43430,48000,90,1
43249,Shadowmight Ring,GEAR,TRAINER,1,44774,48000,93,1
43249,Shadowmight Ring,GEAR,TRAINER,1,43430,48000,90,1
43249,Shadowmight Ring,GEAR,TRAINER,1,44774,48000,93,1
43249,Shadowmight Ring,GEAR,TRAINER,1,43430,48000,90,1
43249,Shadowmight Ring,GEAR,TRAINER,1,44774,48000,93,1
43249,Shadowmight Ring,GEAR,TRAINER,1,43430,48000,90,1
43249,Shadowmight Ring,GEAR,TRAINER,1,44774,48000,93,1
43249,Shadowmight Ring,GEAR,TRAINER,1,43430,48000,90,1
41594,Moonshroud,INTERMEDIATE,TRAINER,6,181896,195000,93,1
41511,Bolt of Imbued Frostweave,INTERMEDIATE,TRAINER,8,119952,147000,81,1
41511,Bolt of Imbued Frostweave,INTERMEDIATE,TRAINER,5,116353,147000,79,1
43250,Ring of Earthen Might,GEAR,VENDOR,1,83248,88000,94,1
43250,Ring of Earthen Might,GEAR,VENDOR,1,82415,88000,93,1
43250,Ring of Earthen Might,GEAR,VENDOR,1,79118,88000,89,1
43250,Ring of Earthen Might,GEAR,VENDOR,1,83248,88000,94,1
43250,Ring of Earthen Might,GEAR,VENDOR,1,82415,88000,93,1
43250,Ring of Earthen Might,GEAR,VENDOR,1,79118,88000,89,1
43250,Ring of Earthen Might,GEAR,VENDOR,1,83248,88000,94,1
43250,Ring of Earthen Might,GEAR,VENDOR,1,82415,88000,93,1
43250,Ring of Earthen Might,GEAR,VENDOR,1,79118,88000,89,1
43250,Ring of Earthen Might,GEAR,VENDOR,1,83248,88000,94,1
40150,Deft Ametrine,GEM_CUT,VENDOR,1,340625,250000,136,0
42337,Sun Rock Ring,GEAR,TRAINER,1,19150,24800,77,1
42337,Sun Rock Ring,GEAR,TRAINER,1,18384,24800,74,1
42337,Sun Rock Ring,GEAR,TRAINER,1,18016,24800,72,1
42337,Sun Rock Ring,GEAR,TRAINER,1,19150,24800,77,1
42337,Sun Rock Ring,GEAR,TRAINER,1,18384,24800,74,1
42337,Sun Rock Ring,GEAR,TRAINER,1,18016,24800,72,1
42337,Sun Rock Ring,GEAR,TRAINER,1,19150,24800,77,1
42337,Sun Rock Ring,GEAR,TRAINER,1,18384,24800,74,1
42337,Sun Rock Ring,GEAR,TRAINER,1,18016,24800,72,1
42337,Sun Rock Ring,GEAR,TRAINER,1,19150,24800,77,1
42337,Sun Rock Ring,GEAR,TRAINER,1,18384,24800,74,1
42337,Sun Rock Ring,GEAR,TRAINER,1,18016,24800,72,1
42337,Sun Rock Ring,GEAR,TRAINER,1,19150,24800,77,1
3577,Gold Bar,INTERMEDIATE,TRAINER,1,4831,3760,128,0
3577,Gold Bar,INTERMEDIATE,TRAINER,4,4782,3760,127,0
41509,Frostweave Net,MISC,TRAINER,20,7453,9000,82,1
41509,Frostweave Net,MISC,TRAINER,10,7080,9000,78,1
43249,Shadowmight Ring,GEAR,TRAINER,1,37977,48000,79,1
43249,Shadowmight Ring,GEAR,TRAINER,1,36078,48000,75,1
43249,Shadowmight Ring,GEAR,TRAINER,1,34995,48000,72,1
43249,Shadowmight Ring,GEAR,TRAINER,1,34645,48000,72,1
43249,Shadowmight Ring,GEAR,TRAINER,1,37977,48000,79,1
43249,Shadowmight Ring,GEAR,TRAINER,1,36078,48000,75,1
43249,Shadowmight Ring,GEAR,TRAINER,1,34995,48000,72,1
43249,Shadowmight Ring,GEAR,TRAINER,1,34645,48000,72,1
43249,Shadowmight Ring,GEAR,TRAINER,1,37977,48000,79,1
43249,Shadowmight Ring,GEAR,TRAINER,1,36078,48000,75,1
43249,Shadowmight Ring,GEAR,TRAINER,1,34995,48000,72,1
43249,Shadowmight Ring,GEAR,TRAINER,1,34645,48000,72,1
43249,Shadowmight Ring,GEAR,TRAINER,1,37977,48000,79,1
43249,Shadowmight Ring,GEAR,TRAINER,1,36078,48000,75,1
43249,Shadowmight Ring,GEAR,TRAINER,1,34995,48000,72,1
32836,Purified Shadow Pearl,GEM_CUT,TRAINER,1,6299,9280,67,1
32836,Purified Shadow Pearl,GEM_CUT,TRAINER,1,6173,9280,66,1
32836,Purified Shadow Pearl,GEM_CUT,TRAINER,1,5864,9280,63,1
32836,Purified Shadow Pearl,GEM_CUT,TRAINER,1,5805,9280,62,1
32836,Purified Shadow Pearl,GEM_CUT,TRAINER,1,6299,9280,67,1
32836,Purified Shadow Pearl,GEM_CUT,TRAINER,1,6173,9280,66,1
32836,Purified Shadow Pearl,GEM_CUT,TRAINER,1,5864,9280,63,1
32836,Purified Shadow Pearl,GEM_CUT,TRAINER,1,5805,9280,62,1
32836,Purified Shadow Pearl,GEM_CUT,TRAINER,1,6299,9280,67,1
32836,Purified Shadow Pearl,GEM_CUT,TRAINER,1,6173,9280,66,1
32836,Purified Shadow Pearl,GEM_CUT,TRAINER,1,5864,9280,63,1
41165,Saronite Razorheads,AMMO,TRAINER,1000,49,60,81,1
41165,Saronite Razorheads,AMMO,TRAINER,1000,47,60,78,1
41165,Saronite Razorheads,AMMO,TRAINER,1000,46,60,76,1
41165,Saronite Razorheads,AMMO,TRAINER,1000,43,60,71,1
41165,Saronite Razorheads,AMMO,TRAINER,1000,49,60,81,1
41165,Saronite Razorheads,AMMO,TRAINER,1000,47,60,78,1
41165,Saronite Razorheads,AMMO,TRAINER,1000,46,60,76,1
41165,Saronite Razorheads,AMMO,TRAINER,1000,43,60,71,1
41165,Saronite Razorheads,AMMO,TRAINER,1000,49,60,81,1
41165,Saronite Razorheads,AMMO,TRAINER,1000,47,60,78,1
41165,Saronite Razorheads,AMMO,TRAINER,1000,46,60,76,1
22448,Small Prismatic Shard,INTERMEDIATE,TRAINER,20,1,0,0,1
22448,Small Prismatic Shard,INTERMEDIATE,TRAINER,7,1,0,0,1
41595,Spellweave,INTERMEDIATE,TRAINER,3,180180,195000,92,1
41595,Spellweave,INTERMEDIATE,TRAINER,5,176576,195000,90,1
6037,Truesilver Bar,INTERMEDIATE,TRAINER,5,4723,4120,114,0
6037,Truesilver Bar,INTERMEDIATE,TRAINER,6,4534,4120,110,0
12644,Dense Grinding Stone,INTERMEDIATE,TRAINER,8,7856,5760,136,0
12644,Dense Grinding Stone,INTERMEDIATE,TRAINER,1,7620,5760,132,0
41164,Mammoth Cutters,AMMO,TRAINER,1000,29,34,85,1
41164,Mammoth Cutters,AMMO,TRAINER,1000,28,34,82,1
41164,Mammoth Cutters,AMMO,TRAINER,1000,26,34,76,1
41164,Mammoth Cutters,AMMO,TRAINER,1000,29,34,85,1
41164,Mammoth Cutters,AMMO,TRAINER,1000,28,34,82,1
41164,Mammoth Cutters,AMMO,TRAINER,1000,26,34,76,1
41164,Mammoth Cutters,AMMO,TRAINER,1000,29,34,85,1
41164,Mammoth Cutters,AMMO,TRAINER,1000,28,34,82,1
44958,Ethereal Oil,INTERMEDIATE,TRAINER,10,69,96,71,1
44958,Ethereal Oil,INTERMEDIATE,TRAINER,1,66,96,68,1
8827,Elixir of Water Walking,ELIXIR_POT,UNSOURCED,5,5092,6180,82,1
8827,Elixir of Water Walking,ELIXIR_POT,UNSOURCED,10,4837,6180,78,1
44958,Ethereal Oil,INTERMEDIATE,TRAINER,1,72,96,75,1
44958,Ethereal Oil,INTERMEDIATE,TRAINER,7,70,96,72,1
40217,Mighty Shadow Protection Potion,ELIXIR_POT,DROP,5,9266,10800,85,1
40217,Mighty Shadow Protection Potion,ELIXIR_POT,DROP,2,8802,10800,81,1
41603,Azure Spellthread,MISC,TRAINER,11,116138,124800,93,1
42337,Sun Rock Ring,GEAR,TRAINER,1,17067,24800,68,1
42337,Sun Rock Ring,GEAR,TRAINER,1,16725,24800,67,1
42337,Sun Rock Ring,GEAR,TRAINER,1,17067,24800,68,1
42337,Sun Rock Ring,GEAR,TRAINER,1,16725,24800,67,1
42337,Sun Rock Ring,GEAR,TRAINER,1,17067,24800,68,1
42337,Sun Rock Ring,GEAR,TRAINER,1,16725,24800,67,1
42337,Sun Rock Ring,GEAR,TRAINER,1,17067,24800,68,1
24268,Netherweave Net,MISC,TRAINER,16,5670,7200,78,1
32836,Purified Shadow Pearl,GEM_CUT,TRAINER,1,7839,9280,84,1
32836,Purified Shadow Pearl,GEM_CUT,TRAINER,1,7603,9280,81,1
32836,Purified Shadow Pearl,GEM_CUT,TRAINER,1,7298,9280,78,1
32836,Purified Shadow Pearl,GEM_CUT,TRAINER,1,7079,9280,76,1
32836,Purified Shadow Pearl,GEM_CUT,TRAINER,1,7839,9280,84,1
32836,Purified Shadow Pearl,GEM_CUT,TRAINER,1,7603,9280,81,1
32836,Purified Shadow Pearl,GEM_CUT,TRAINER,1,7298,9280,78,1
32836,Purified Shadow Pearl,GEM_CUT,TRAINER,1,7079,9280,76,1
32836,Purified Shadow Pearl,GEM_CUT,TRAINER,1,7839,9280,84,1
32836,Purified Shadow Pearl,GEM_CUT,TRAINER,1,7603,9280,81,1
22448,Small Prismatic Shard,INTERMEDIATE,TRAINER,20,1,0,0,1
22448,Small Prismatic Shard,INTERMEDIATE,TRAINER,20,1,0,0,1
22448,Small Prismatic Shard,INTERMEDIATE,TRAINER,2,1,0,0,1
21990,Netherweave Bandage,MISC,TRAINER,13,3575,4800,74,1
39774,Midnight Ink,INTERMEDIATE,TRAINER,2,312,300,104,0
39774,Midnight Ink,INTERMEDIATE,TRAINER,6,308,300,102,0
5762,Red Linen Bag,BAG,VENDOR,1,841,598,140,0
6037,Truesilver Bar,INTERMEDIATE,TRAINER,4,5392,4120,130,0
6037,Truesilver Bar,INTERMEDIATE,TRAINER,9,5338,4120,129,0
41164,Mammoth Cutters,AMMO,TRAINER,1000,31,34,91,1
41164,Mammoth Cutters,AMMO,TRAINER,1000,30,34,88,1
41164,Mammoth Cutters,AMMO,TRAINER,1000,29,34,85,1
41164,Mammoth Cutters,AMMO,TRAINER,1000,31,34,91,1
41164,Mammoth Cutters,AMMO,TRAINER,1000,30,34,88,1
41164,Mammoth Cutters,AMMO,TRAINER,1000,29,34,85,1
41164,Mammoth Cutters,AMMO,TRAINER,1000,31,34,91,1
23519,Felsteel Helm,GEAR,DROP,1,5,8,62,1
23519,Felsteel Helm,GEAR,DROP,1,4,8,50,1
23519,Felsteel Helm,GEAR,DROP,1,4,8,50,1
23519,Felsteel Helm,GEAR,DROP,1,4,8,50,1
23519,Felsteel Helm,GEAR,DROP,1,5,8,62,1
23519,Felsteel Helm,GEAR,DROP,1,4,8,50,1
23519,Felsteel Helm,GEAR,DROP,1,4,8,50,1
41509,Frostweave Net,MISC,TRAINER,20,6767,9000,75,1
41509,Frostweave Net,MISC,TRAINER,20,6631,9000,73,1
41509,Frostweave Net,MISC,TRAINER,20,6299,9000,69,1
41509,Frostweave Net,MISC,TRAINER,15,6110,9000,67,1
23518,Felsteel Leggings,GEAR,DROP,1,6,8,75,1
23518,Felsteel Leggings,GEAR,DROP,1,5,8,62,1
23518,Felsteel Leggings,GEAR,DROP,1,4,8,50,1
23518,Felsteel Leggings,GEAR,DROP,1,6,8,75,1
23518,Felsteel Leggings,GEAR,DROP,1,5,8,62,1
23518,Felsteel Leggings,GEAR,DROP,1,4,8,50,1
14530,Heavy Runecloth Bandage,MISC,TRAINER,9,3802,4704,80,1
41593,Ebonweave,INTERMEDIATE,TRAINER,1,182227,195000,93,1
41593,Ebonweave,INTERMEDIATE,TRAINER,14,176760,195000,90,1
32833,Purified Jaggal Pearl,GEM_CUT,TRAINER,1,8778,9280,94,1
32833,Purified Jaggal Pearl,GEM_CUT,TRAINER,1,8514,9280,91,1
32833,Purified Jaggal Pearl,GEM_CUT,TRAINER,1,8778,9280,94,1
32833,Purified Jaggal Pearl,GEM_CUT,TRAINER,1,8514,9280,91,1
32833,Purified Jaggal Pearl,GEM_CUT,TRAINER,1,8778,9280,94,1
32833,Purified Jaggal Pearl,GEM_CUT,TRAINER,1,8514,9280,91,1
32833,Purified Jaggal Pearl,GEM_CUT,TRAINER,1,8778,9280,94,1
32833,Purified Jaggal Pearl,GEM_CUT,TRAINER,1,8514,9280,91,1
32833,Purified Jaggal Pearl,GEM_CUT,TRAINER,1,8778,9280,94,1
32833,Purified Jaggal Pearl,GEM_CUT,TRAINER,1,8514,9280,91,1
41593,Ebonweave,INTERMEDIATE,TRAINER,4,140400,195000,72,1
41593,Ebonweave,INTERMEDIATE,TRAINER,8,138996,195000,71,1
41165,Saronite Razorheads,AMMO,TRAINER,1000,51,60,85,1
41165,Saronite Razorheads,AMMO,TRAINER,1000,48,60,80,1
41165,Saronite Razorheads,AMMO,TRAINER,1000,45,60,75,1
41165,Saronite Razorheads,AMMO,TRAINER,1000,51,60,85,1
41165,Saronite Razorheads,AMMO,TRAINER,1000,48,60,80,1
41165,Saronite Razorheads,AMMO,TRAINER,1000,45,60,75,1
41165,Saronite Razorheads,AMMO,TRAINER,1000,51,60,85,1
41165,Saronite Razorheads,AMMO,TRAINER,1000,48,60,80,1
41165,Saronite Razorheads,AMMO,TRAINER,1000,45,60,75,1
41165,Saronite Razorheads,AMMO,TRAINER,1000,51,60,85,1
41165,Saronite Razorheads,AMMO,TRAINER,1000,48,60,80,1
41165,Saronite Razorheads,AMMO,TRAINER,1000,45,60,75,1
22448,Small Prismatic Shard,INTERMEDIATE,TRAINER,20,1,0,0,1
22448,Small Prismatic Shard,INTERMEDIATE,TRAINER,20,1,0,0,1
22448,Small Prismatic Shard,INTERMEDIATE,TRAINER,5,1,0,0,1
23787,Felsteel Stabilizer,INTERMEDIATE,TRAINER,13,1,2,50,1
23787,Felsteel Stabilizer,INTERMEDIATE,TRAINER,1,1,2,50,1
22448,Small Prismatic Shard,INTERMEDIATE,TRAINER,20,1,0,0,1
22448,Small Prismatic Shard,INTERMEDIATE,TRAINER,9,1,0,0,1
22448,Small Prismatic Shard,INTERMEDIATE,TRAINER,1,1,0,0,1
32836,Purified Shadow Pearl,GEM_CUT,TRAINER,1,8025,9280,86,1
32836,Purified Shadow Pearl,GEM_CUT,TRAINER,1,7944,9280,85,1
32836,Purified Shadow Pearl,GEM_CUT,TRAINER,1,7626,9280,82,1
32836,Purified Shadow Pearl,GEM_CUT,TRAINER,1,8025,9280,86,1
32836,Purified Shadow Pearl,GEM_CUT,TRAINER,1,7944,9280,85,1
21887,Knothide Leather,INTERMEDIATE,TRAINER,14,6300,7500,84,1
41383,Titansteel Bonecrusher,GEAR,TRAINER,1,1359360,1280000,106,0
41383,Titansteel Bonecrusher,GEAR,TRAINER,1,1304985,1280000,101,0
41383,Titansteel Bonecrusher,GEAR,TRAINER,1,1280000,1280000,100,0
34769,Imperial Manta Steak,FOOD,VENDOR,5,35,49,71,1
34769,Imperial Manta Steak,FOOD,VENDOR,3,34,49,69,1
22448,Small Prismatic Shard,INTERMEDIATE,TRAINER,20,1,0,0,1
22448,Small Prismatic Shard,INTERMEDIATE,TRAINER,20,1,0,0,1
22448,Small Prismatic Shard,INTERMEDIATE,TRAINER,5,1,0,0,1
44958,Ethereal Oil,INTERMEDIATE,TRAINER,7,74,96,77,1
44958,Ethereal Oil,INTERMEDIATE,TRAINER,1,70,96,72,1
22445,Arcane Dust,INTERMEDIATE,UNSOURCED,20,3857,5013,76,1
22445,Arcane Dust,INTERMEDIATE,UNSOURCED,8,3779,5013,75,1
22445,Arcane Dust,INTERMEDIATE,UNSOURCED,2,3857,5013,76,1
22448,Small Prismatic Shard,INTERMEDIATE,TRAINER,4,1,0,0,1
22448,Small Prismatic Shard,INTERMEDIATE,TRAINER,14,1,0,0,1
33568,Borean Leather,INTERMEDIATE,TRAINER,9,13197,13500,97,1
33568,Borean Leather,INTERMEDIATE,TRAINER,6,12801,13500,94,1
41511,Bolt of Imbued Frostweave,INTERMEDIATE,TRAINER,3,135828,147000,92,1
41511,Bolt of Imbued Frostweave,INTERMEDIATE,TRAINER,8,129036,147000,87,1
41509,Frostweave Net,MISC,TRAINER,20,7607,9000,84,1
41509,Frostweave Net,MISC,TRAINER,20,7226,9000,80,1
41509,Frostweave Net,MISC,TRAINER,20,7607,9000,84,1
41509,Frostweave Net,MISC,TRAINER,15,7226,9000,80,1
23787,Felsteel Stabilizer,INTERMEDIATE,TRAINER,4,1,2,50,1
23787,Felsteel Stabilizer,INTERMEDIATE,TRAINER,4,1,2,50,1
44554,Flying Carpet,MISC,TRAINER,1,285147,254052,112,0
44554,Flying Carpet,MISC,TRAINER,1,282295,254052,111,0
44554,Flying Carpet,MISC,TRAINER,1,276649,254052,108,0
44554,Flying Carpet,MISC,TRAINER,1,268349,254052,105,0
44554,Flying Carpet,MISC,TRAINER,1,285147,254052,112,0
28100,Volatile Healing Potion,ELIXIR_POT,TRAINER,5,9079,8384,108,0
28100,Volatile Healing Potion,ELIXIR_POT,TRAINER,10,8625,8384,102,0
22448,Small Prismatic Shard,INTERMEDIATE,TRAINER,20,1,0,0,1
22448,Small Prismatic Shard,INTERMEDIATE,TRAINER,1,1,0,0,1
13423,Stonescale Oil,INTERMEDIATE,TRAINER,9,92,102,90,1
23519,Felsteel Helm,GEAR,DROP,1,7,8,87,1
23519,Felsteel Helm,GEAR,DROP,1,6,8,75,1
23519,Felsteel Helm,GEAR,DROP,1,5,8,62,1
23519,Felsteel Helm,GEAR,DROP,1,4,8,50,1
23519,Felsteel Helm,GEAR,DROP,1,7,8,87,1
23519,Felsteel Helm,GEAR,DROP,1,6,8,75,1
23519,Felsteel Helm,GEAR,DROP,1,5,8,62,1
23519,Felsteel Helm,GEAR,DROP,1,4,8,50,1
23519,Felsteel Helm,GEAR,DROP,1,7,8,87,1
23519,Felsteel Helm,GEAR,DROP,1,6,8,75,1
23519,Felsteel Helm,GEAR,DROP,1,5,8,62,1
23519,Felsteel Helm,GEAR,DROP,1,4,8,50,1
23519,Felsteel Helm,GEAR,DROP,1,7,8,87,1
23519,Felsteel Helm,GEAR,DROP,1,6,8,75,1
23519,Felsteel Helm,GEAR,DROP,1,5,8,62,1
22448,Small Prismatic Shard,INTERMEDIATE,TRAINER,20,1,0,0,1
22448,Small Prismatic Shard,INTERMEDIATE,TRAINER,5,1,0,0,1
22448,Small Prismatic Shard,INTERMEDIATE,TRAINER,2,1,0,0,1
33568,Borean Leather,INTERMEDIATE,TRAINER,2,11299,13500,83,1
33568,Borean Leather,INTERMEDIATE,TRAINER,8,10960,13500,81,1
38433,Arctic Wristguards,GEAR,TRAINER,1,99792,108000,92,1
38433,Arctic Wristguards,GEAR,TRAINER,1,96798,108000,89,1
38433,Arctic Wristguards,GEAR,TRAINER,1,99792,108000,92,1
38433,Arctic Wristguards,GEAR,TRAINER,1,96798,108000,89,1
38433,Arctic Wristguards,GEAR,TRAINER,1,99792,108000,92,1
38433,Arctic Wristguards,GEAR,TRAINER,1,96798,108000,89,1
40195,Pygmy Oil,INTERMEDIATE,TRAINER,7,266,300,88,1
40195,Pygmy Oil,INTERMEDIATE,TRAINER,2,263,300,87,1
43253,Ring of Northern Tears,GEAR,VENDOR,1,152028,164000,92,1
43253,Ring of Northern Tears,GEAR,VENDOR,1,150507,164000,91,1
43253,Ring of Northern Tears,GEAR,VENDOR,1,145991,164000,89,1
43253,Ring of Northern Tears,GEAR,VENDOR,1,152028,164000,92,1
43253,Ring of Northern Tears,GEAR,VENDOR,1,150507,164000,91,1
43253,Ring of Northern Tears,GEAR,VENDOR,1,145991,164000,89,1
43253,Ring of Northern Tears,GEAR,VENDOR,1,152028,164000,92,1
43253,Ring of Northern Tears,GEAR,VENDOR,1,150507,164000,91,1
43253,Ring of Northern Tears,GEAR,VENDOR,1,145991,164000,89,1
43253,Ring of Northern Tears,GEAR,VENDOR,1,152028,164000,92,1
43253,Ring of Northern Tears,GEAR,VENDOR,1,150507,164000,91,1
43853,Titanium Skeleton Key,MISC,TRAINER,20,4599,7000,65,1
43853,Titanium Skeleton Key,MISC,TRAINER,20,4415,7000,63,1
43853,Titanium Skeleton Key,MISC,TRAINER,20,4599,7000,65,1
43853,Titanium Skeleton Key,MISC,TRAINER,20,4415,7000,63,1
43853,Titanium Skeleton Key,MISC,TRAINER,20,4599,7000,65,1
43853,Titanium Skeleton Key,MISC,TRAINER,20,4415,7000,63,1
43853,Titanium Skeleton Key,MISC,TRAINER,20,4599,7000,65,1
43853,Titanium Skeleton Key,MISC,TRAINER,20,4415,7000,63,1
44958,Ethereal Oil,INTERMEDIATE,TRAINER,12,79,96,82,1
44958,Ethereal Oil,INTERMEDIATE,TRAINER,2,78,96,81,1
43253,Ring of Northern Tears,GEAR,VENDOR,1,153340,164000,93,1
43253,Ring of Northern Tears,GEAR,VENDOR,1,145673,164000,88,1
43253,Ring of Northern Tears,GEAR,VENDOR,1,153340,164000,93,1
43253,Ring of Northern Tears,GEAR,VENDOR,1,145673,164000,88,1
43253,Ring of Northern Tears,GEAR,VENDOR,1,153340,164000,93,1
43253,Ring of Northern Tears,GEAR,VENDOR,1,145673,164000,88,1
43253,Ring of Northern Tears,GEAR,VENDOR,1,153340,164000,93,1
43253,Ring of Northern Tears,GEAR,VENDOR,1,145673,164000,88,1
44958,Ethereal Oil,INTERMEDIATE,TRAINER,4,76,96,79,1
44958,Ethereal Oil,INTERMEDIATE,TRAINER,5,72,96,75,1
21990,Netherweave Bandage,MISC,TRAINER,7,3420,4800,71,1
13423,Stonescale Oil,INTERMEDIATE,TRAINER,2,85,102,83,1
13423,Stonescale Oil,INTERMEDIATE,TRAINER,7,84,102,82,1
41509,Frostweave Net,MISC,TRAINER,20,7879,9000,87,1
41509,Frostweave Net,MISC,TRAINER,20,7721,9000,85,1
41509,Frostweave Net,MISC,TRAINER,20,7489,9000,83,1
41509,Frostweave Net,MISC,TRAINER,5,7879,9000,87,1
44958,Ethereal Oil,INTERMEDIATE,TRAINER,5,80,96,83,1
44958,Ethereal Oil,INTERMEDIATE,TRAINER,1,79,96,82,1
43853,Titanium Skeleton Key,MISC,TRAINER,20,6879,7000,98,1
43853,Titanium Skeleton Key,MISC,TRAINER,20,6741,7000,96,1
43853,Titanium Skeleton Key,MISC,TRAINER,20,6403,7000,91,1
43853,Titanium Skeleton Key,MISC,TRAINER,20,6146,7000,87,1
43853,Titanium Skeleton Key,MISC,TRAINER,20,6879,7000,98,1
43853,Titanium Skeleton Key,MISC,TRAINER,20,6741,7000,96,1
43853,Titanium Skeleton Key,MISC,TRAINER,20,6403,7000,91,1
43853,Titanium Skeleton Key,MISC,TRAINER,20,6146,7000,87,1
23787,Felsteel Stabilizer,INTERMEDIATE,TRAINER,2,1,2,50,1
23787,Felsteel Stabilizer,INTERMEDIATE,TRAINER,8,1,2,50,1
41593,Ebonweave,INTERMEDIATE,TRAINER,2,131040,195000,67,1
41593,Ebonweave,INTERMEDIATE,TRAINER,7,129729,195000,66,1
41511,Bolt of Imbued Frostweave,INTERMEDIATE,TRAINER,3,158862,147000,108,0
41511,Bolt of Imbued Frostweave,INTERMEDIATE,TRAINER,7,157273,147000,106,0
46378,Flask of Pure Mojo,FLASK,TRAINER,5,51151,53450,95,1
46378,Flask of Pure Mojo,FLASK,TRAINER,5,50127,53450,93,1
46378,Flask of Pure Mojo,FLASK,TRAINER,5,48121,53450,90,1
46378,Flask of Pure Mojo,FLASK,TRAINER,5,46196,53450,86,1
46378,Flask of Pure Mojo,FLASK,TRAINER,10,51151,53450,95,1
23517,Felsteel Gloves,GEAR,DROP,1,4,6,66,1
23517,Felsteel Gloves,GEAR,DROP,1,3,6,50,1
23517,Felsteel Gloves,GEAR,DROP,1,4,6,66,1
23517,Felsteel Gloves,GEAR,DROP,1,3,6,50,1
23517,Felsteel Gloves,GEAR,DROP,1,4,6,66,1
23517,Felsteel Gloves,GEAR,DROP,1,3,6,50,1
43250,Ring of Earthen Might,GEAR,VENDOR,1,65472,88000,74,1
43250,Ring of Earthen Might,GEAR,VENDOR,1,64817,88000,73,1
43250,Ring of Earthen Might,GEAR,VENDOR,1,63520,88000,72,1
43250,Ring of Earthen Might,GEAR,VENDOR,1,65472,88000,74,1
43250,Ring of Earthen Might,GEAR,VENDOR,1,64817,88000,73,1
43250,Ring of Earthen Might,GEAR,VENDOR,1,63520,88000,72,1
43250,Ring of Earthen Might,GEAR,VENDOR,1,65472,88000,74,1
43250,Ring of Earthen Might,GEAR,VENDOR,1,64817,88000,73,1
43250,Ring of Earthen Might,GEAR,VENDOR,1,63520,88000,72,1
43250,Ring of Earthen Might,GEAR,VENDOR,1,65472,88000,74,1
41595,Spellweave,INTERMEDIATE,TRAINER,2,145080,195000,74,1
41595,Spellweave,INTERMEDIATE,TRAINER,4,142178,195000,72,1
38590,Black Chitinguard Boots,GEAR,TRAINER,1,171416,179400,95,1
38590,Black Chitinguard Boots,GEAR,TRAINER,1,164559,179400,91,1
38590,Black Chitinguard Boots,GEAR,TRAINER,1,162913,179400,90,1
38590,Black Chitinguard Boots,GEAR,TRAINER,1,171416,179400,95,1
38590,Black Chitinguard Boots,GEAR,TRAINER,1,164559,179400,91,1
38590,Black Chitinguard Boots,GEAR,TRAINER,1,162913,179400,90,1
38590,Black Chitinguard Boots,GEAR,TRAINER,1,171416,179400,95,1
23519,Felsteel Helm,GEAR,DROP,1,5,8,62,1
23519,Felsteel Helm,GEAR,DROP,1,4,8,50,1
23519,Felsteel Helm,GEAR,DROP,1,4,8,50,1
23519,Felsteel Helm,GEAR,DROP,1,4,8,50,1
23519,Felsteel Helm,GEAR,DROP,1,5,8,62,1
23519,Felsteel Helm,GEAR,DROP,1,4,8,50,1
23519,Felsteel Helm,GEAR,DROP,1,4,8,50,1
23519,Felsteel Helm,GEAR,DROP,1,4,8,50,1
23519,Felsteel Helm,GEAR,DROP,1,5,8,62,1
23519,Felsteel Helm,GEAR,DROP,1,4,8,50,1
23519,Felsteel Helm,GEAR,DROP,1,4,8,50,1
23519,Felsteel Helm,GEAR,DROP,1,4,8,50,1
23519,Felsteel Helm,GEAR,DROP,1,5,8,62,1
23519,Felsteel Helm,GEAR,DROP,1,4,8,50,1
23519,Felsteel Helm,GEAR,DROP,1,4,8,50,1
33568,Borean Leather,INTERMEDIATE,TRAINER,10,12530,13500,92,1
33568,Borean Leather,INTERMEDIATE,TRAINER,4,12154,13500,90,1
43853,Titanium Skeleton Key,MISC,TRAINER,20,5586,7000,79,1
43853,Titanium Skeleton Key,MISC,TRAINER,20,5306,7000,75,1
43853,Titanium Skeleton Key,MISC,TRAINER,20,5093,7000,72,1
43853,Titanium Skeleton Key,MISC,TRAINER,20,4889,7000,69,1
43853,Titanium Skeleton Key,MISC,TRAINER,20,5586,7000,79,1
43853,Titanium Skeleton Key,MISC,TRAINER,20,5306,7000,75,1
43853,Titanium Skeleton Key,MISC,TRAINER,20,5093,7000,72,1
43853,Titanium Skeleton Key,MISC,TRAINER,20,4889,7000,69,1
43853,Titanium Skeleton Key,MISC,TRAINER,20,5586,7000,79,1
43853,Titanium Skeleton Key,MISC,TRAINER,20,5306,7000,75,1
43853,Titanium Skeleton Key,MISC,TRAINER,20,5093,7000,72,1
43853,Titanium Skeleton Key,MISC,TRAINER,20,4889,7000,69,1
43853,Titanium Skeleton Key,MISC,TRAINER,20,5586,7000,79,1
40195,Pygmy Oil,INTERMEDIATE,TRAINER,3,251,300,83,1
40195,Pygmy Oil,INTERMEDIATE,TRAINER,9,248,300,82,1
43565,Durable Nerubhide Cape,GEAR,TRAINER,1,602446,754000,79,1
43565,Durable Nerubhide Cape,GEAR,TRAINER,1,578348,754000,76,1
43565,Durable Nerubhide Cape,GEAR,TRAINER,1,602446,754000,79,1
43565,Durable Nerubhide Cape,GEAR,TRAINER,1,578348,754000,76,1
43565,Durable Nerubhide Cape,GEAR,TRAINER,1,602446,754000,79,1
43565,Durable Nerubhide Cape,GEAR,TRAINER,1,578348,754000,76,1
43565,Durable Nerubhide Cape,GEAR,TRAINER,1,602446,754000,79,1
43565,Durable Nerubhide Cape,GEAR,TRAINER,1,578348,754000,76,1
43565,Durable Nerubhide Cape,GEAR,TRAINER,1,602446,754000,79,1
41509,Frostweave Net,MISC,TRAINER,20,7896,9000,87,1
41509,Frostweave Net,MISC,TRAINER,20,7817,9000,86,1
41509,Frostweave Net,MISC,TRAINER,10,7426,9000,82,1
22574,Mote of Fire,INTERMEDIATE,TRAINER,10,2352,3200,73,1
22574,Mote of Fire,INTERMEDIATE,TRAINER,10,2257,3200,70,1
22574,Mote of Fire,INTERMEDIATE,TRAINER,10,2352,3200,73,1
22574,Mote of Fire,INTERMEDIATE,TRAINER,10,2257,3200,70,1
22574,Mote of Fire,INTERMEDIATE,TRAINER,10,2352,3200,73,1
22574,Mote of Fire,INTERMEDIATE,TRAINER,10,2257,3200,70,1
22574,Mote of Fire,INTERMEDIATE,TRAINER,10,2352,3200,73,1
22574,Mote of Fire,INTERMEDIATE,TRAINER,10,2257,3200,70,1
22574,Mote of Fire,INTERMEDIATE,TRAINER,10,2352,3200,73,1
22574,Mote of Fire,INTERMEDIATE,TRAINER,10,2257,3200,70,1
22574,Mote of Fire,INTERMEDIATE,TRAINER,10,2352,3200,73,1
22574,Mote of Fire,INTERMEDIATE,TRAINER,10,2257,3200,70,1
22574,Mote of Fire,INTERMEDIATE,TRAINER,10,2352,3200,73,1
22574,Mote of Fire,INTERMEDIATE,TRAINER,10,2257,3200,70,1
22574,Mote of Fire,INTERMEDIATE,TRAINER,9,2352,3200,73,1
22574,Mote of Fire,INTERMEDIATE,TRAINER,1,2257,3200,70,1
36916,Cobalt Bar,INTERMEDIATE,TRAINER,3,4896,6000,81,1
36916,Cobalt Bar,INTERMEDIATE,TRAINER,2,4651,6000,77,1
45785,Glyph of Life Tap,MISC,UNSOURCED,12,304,315,96,1
21861,Imbued Netherweave Robe,GEAR,VENDOR,1,54435,65006,83,1
21861,Imbued Netherweave Robe,GEAR,VENDOR,1,52801,65006,81,1
21861,Imbued Netherweave Robe,GEAR,VENDOR,1,51744,65006,79,1
21861,Imbued Netherweave Robe,GEAR,VENDOR,1,54435,65006,83,1
21861,Imbued Netherweave Robe,GEAR,VENDOR,1,52801,65006,81,1
21861,Imbued Netherweave Robe,GEAR,VENDOR,1,51744,65006,79,1
21861,Imbued Netherweave Robe,GEAR,VENDOR,1,54435,65006,83,1
21861,Imbued Netherweave Robe,GEAR,VENDOR,1,52801,65006,81,1
21861,Imbued Netherweave Robe,GEAR,VENDOR,1,51744,65006,79,1
21861,Imbued Netherweave Robe,GEAR,VENDOR,1,54435,65006,83,1
21861,Imbued Netherweave Robe,GEAR,VENDOR,1,52801,65006,81,1
21861,Imbued Netherweave Robe,GEAR,VENDOR,1,51744,65006,79,1
21861,Imbued Netherweave Robe,GEAR,VENDOR,1,54435,65006,83,1
21861,Imbued Netherweave Robe,GEAR,VENDOR,1,52801,65006,81,1
21861,Imbued Netherweave Robe,GEAR,VENDOR,1,51744,65006,79,1
41509,Frostweave Net,MISC,TRAINER,20,8436,9000,93,1
41509,Frostweave Net,MISC,TRAINER,20,8351,9000,92,1
41509,Frostweave Net,MISC,TRAINER,20,8016,9000,89,1
41509,Frostweave Net,MISC,TRAINER,5,8436,9000,93,1
44958,Ethereal Oil,INTERMEDIATE,TRAINER,1,93,96,96,1
44958,Ethereal Oil,INTERMEDIATE,TRAINER,5,92,96,95,1
43117,Dawnstar Ink,INTERMEDIATE,TRAINER,5,205,200,102,0
43117,Dawnstar Ink,INTERMEDIATE,TRAINER,3,202,200,101,0
21845,Primal Mooncloth,INTERMEDIATE,VENDOR,8,91188,64001,142,0
21845,Primal Mooncloth,INTERMEDIATE,VENDOR,4,86628,64001,135,0
32836,Purified Shadow Pearl,GEM_CUT,TRAINER,1,7850,9280,84,1
32836,Purified Shadow Pearl,GEM_CUT,TRAINER,1,7536,9280,81,1
32836,Purified Shadow Pearl,GEM_CUT,TRAINER,1,7850,9280,84,1
32836,Purified Shadow Pearl,GEM_CUT,TRAINER,1,7536,9280,81,1
32836,Purified Shadow Pearl,GEM_CUT,TRAINER,1,7850,9280,84,1
32836,Purified Shadow Pearl,GEM_CUT,TRAINER,1,7536,9280,81,1
34767,Firecracker Salmon,FOOD,VENDOR,5,36,49,73,1
23519,Felsteel Helm,GEAR,DROP,1,6,8,75,1
23519,Felsteel Helm,GEAR,DROP,1,5,8,62,1
23519,Felsteel Helm,GEAR,DROP,1,4,8,50,1
23519,Felsteel Helm,GEAR,DROP,1,6,8,75,1
23519,Felsteel Helm,GEAR,DROP,1,5,8,62,1
21840,Bolt of Netherweave,INTERMEDIATE,TRAINER,2,29378,28800,102,0
21840,Bolt of Netherweave,INTERMEDIATE,TRAINER,4,28800,28800,100,0
43250,Ring of Earthen Might,GEAR,VENDOR,1,74052,88000,84,1
43250,Ring of Earthen Might,GEAR,VENDOR,1,72570,88000,82,1
43250,Ring of Earthen Might,GEAR,VENDOR,1,74052,88000,84,1
43250,Ring of Earthen Might,GEAR,VENDOR,1,72570,88000,82,1
43250,Ring of Earthen Might,GEAR,VENDOR,1,74052,88000,84,1
43250,Ring of Earthen Might,GEAR,VENDOR,1,72570,88000,82,1
43250,Ring of Earthen Might,GEAR,VENDOR,1,74052,88000,84,1
43250,Ring of Earthen Might,GEAR,VENDOR,1,72570,88000,82,1
43250,Ring of Earthen Might,GEAR,VENDOR,1,74052,88000,84,1
43250,Ring of Earthen Might,GEAR,VENDOR,1,72570,88000,82,1
43250,Ring of Earthen Might,GEAR,VENDOR,1,74052,88000,84,1
43250,Ring of Earthen Might,GEAR,VENDOR,1,72570,88000,82,1
22448,Small Prismatic Shard,INTERMEDIATE,TRAINER,9,1,0,0,1
22448,Small Prismatic Shard,INTERMEDIATE,TRAINER,6,1,0,0,1
23446,Adamantite Bar,INTERMEDIATE,TRAINER,13,15561,18000,86,1
22522,Superior Wizard Oil,MISC,VENDOR,1,18997,26039,72,1
22522,Superior Wizard Oil,MISC,VENDOR,1,18047,26039,69,1
22522,Superior Wizard Oil,MISC,VENDOR,1,17144,26039,65,1
22522,Superior Wizard Oil,MISC,VENDOR,1,16286,26039,62,1
22522,Superior Wizard Oil,MISC,VENDOR,1,18997,26039,72,1
22522,Superior Wizard Oil,MISC,VENDOR,1,18047,26039,69,1
22522,Superior Wizard Oil,MISC,VENDOR,1,17144,26039,65,1
22522,Superior Wizard Oil,MISC,VENDOR,1,16286,26039,62,1
22522,Superior Wizard Oil,MISC,VENDOR,1,18997,26039,72,1
22522,Superior Wizard Oil,MISC,VENDOR,1,18047,26039,69,1
22522,Superior Wizard Oil,MISC,VENDOR,1,17144,26039,65,1
22522,Superior Wizard Oil,MISC,VENDOR,1,16286,26039,62,1
44331,Elixir of Lightning Speed,ELIXIR_POT,UNSOURCED,5,8679,11400,76,1
44331,Elixir of Lightning Speed,ELIXIR_POT,UNSOURCED,9,8331,11400,73,1
41509,Frostweave Net,MISC,TRAINER,20,7617,9000,84,1
41509,Frostweave Net,MISC,TRAINER,20,7540,9000,83,1
41509,Frostweave Net,MISC,TRAINER,15,7238,9000,80,1
23787,Felsteel Stabilizer,INTERMEDIATE,TRAINER,1,1,2,50,1
23787,Felsteel Stabilizer,INTERMEDIATE,TRAINER,7,1,2,50,1
43252,Windfire Band,GEAR,VENDOR,1,88614,112000,79,1
43252,Windfire Band,GEAR,VENDOR,1,84183,112000,75,1
43252,Windfire Band,GEAR,VENDOR,1,81657,112000,72,1
43252,Windfire Band,GEAR,VENDOR,1,88614,112000,79,1
43252,Windfire Band,GEAR,VENDOR,1,84183,112000,75,1
43252,Windfire Band,GEAR,VENDOR,1,81657,112000,72,1
43252,Windfire Band,GEAR,VENDOR,1,88614,112000,79,1
43252,Windfire Band,GEAR,VENDOR,1,84183,112000,75,1
44958,Ethereal Oil,INTERMEDIATE,TRAINER,1,89,96,92,1
44958,Ethereal Oil,INTERMEDIATE,TRAINER,10,85,96,88,1
23518,Felsteel Leggings,GEAR,DROP,1,7,8,87,1
23518,Felsteel Leggings,GEAR,DROP,1,6,8,75,1
23518,Felsteel Leggings,GEAR,DROP,1,7,8,87,1
23518,Felsteel Leggings,GEAR,DROP,1,6,8,75,1
23518,Felsteel Leggings,GEAR,DROP,1,7,8,87,1
23518,Felsteel Leggings,GEAR,DROP,1,6,8,75,1
40959,Reinforced Cobalt Chestpiece,GEAR,DROP,1,43908,52800,83,1
40959,Reinforced Cobalt Chestpiece,GEAR,DROP,1,42151,52800,79,1
40959,Reinforced Cobalt Chestpiece,GEAR,DROP,1,43908,52800,83,1
40959,Reinforced Cobalt Chestpiece,GEAR,DROP,1,42151,52800,79,1
40959,Reinforced Cobalt Chestpiece,GEAR,DROP,1,43908,52800,83,1
40959,Reinforced Cobalt Chestpiece,GEAR,DROP,1,42151,52800,79,1
40959,Reinforced Cobalt Chestpiece,GEAR,DROP,1,43908,52800,83,1
40959,Reinforced Cobalt Chestpiece,GEAR,DROP,1,42151,52800,79,1
40959,Reinforced Cobalt Chestpiece,GEAR,DROP,1,43908,52800,83,1
40959,Reinforced Cobalt Chestpiece,GEAR,DROP,1,42151,52800,79,1
40959,Reinforced Cobalt Chestpiece,GEAR,DROP,1,43908,52800,83,1
40959,Reinforced Cobalt Chestpiece,GEAR,DROP,1,42151,52800,79,1
40959,Reinforced Cobalt Chestpiece,GEAR,DROP,1,43908,52800,83,1
22522,Superior Wizard Oil,MISC,VENDOR,1,20851,26039,80,1
22522,Superior Wizard Oil,MISC,VENDOR,1,20016,26039,76,1
22522,Superior Wizard Oil,MISC,VENDOR,1,19215,26039,73,1
22522,Superior Wizard Oil,MISC,VENDOR,1,18254,26039,70,1
22522,Superior Wizard Oil,MISC,VENDOR,1,20851,26039,80,1
43969,Frostsavage Belt,GEAR,TRAINER,1,478909,515400,92,1
43969,Frostsavage Belt,GEAR,TRAINER,1,464541,515400,90,1
43969,Frostsavage Belt,GEAR,TRAINER,1,478909,515400,92,1
43969,Frostsavage Belt,GEAR,TRAINER,1,464541,515400,90,1
43969,Frostsavage Belt,GEAR,TRAINER,1,478909,515400,92,1
43969,Frostsavage Belt,GEAR,TRAINER,1,464541,515400,90,1
43969,Frostsavage Belt,GEAR,TRAINER,1,478909,515400,92,1
31862,Balanced Shadow Draenite,GEM_CUT,DROP,1,42552,20000,212,0
24270,Bag of Jewels,BAG,VENDOR,1,14381,20006,71,1
24270,Bag of Jewels,BAG,VENDOR,1,14237,20006,71,1
24270,Bag of Jewels,BAG,VENDOR,1,13525,20006,67,1
24270,Bag of Jewels,BAG,VENDOR,1,14381,20006,71,1
24270,Bag of Jewels,BAG,VENDOR,1,14237,20006,71,1
24270,Bag of Jewels,BAG,VENDOR,1,13525,20006,67,1
24270,Bag of Jewels,BAG,VENDOR,1,14381,20006,71,1
24270,Bag of Jewels,BAG,VENDOR,1,14237,20006,71,1
24270,Bag of Jewels,BAG,VENDOR,1,13525,20006,67,1
24270,Bag of Jewels,BAG,VENDOR,1,14381,20006,71,1
24270,Bag of Jewels,BAG,VENDOR,1,14237,20006,71,1
24270,Bag of Jewels,BAG,VENDOR,1,13525,20006,67,1
24270,Bag of Jewels,BAG,VENDOR,1,14381,20006,71,1
24270,Bag of Jewels,BAG,VENDOR,1,14237,20006,71,1
24270,Bag of Jewels,BAG,VENDOR,1,13525,20006,67,1
25679,Comfortable Insoles,MISC,VENDOR,10,7719,10000,77,1
25679,Comfortable Insoles,MISC,VENDOR,1,7641,10000,76,1
9197,Elixir of Dream Vision,ELIXIR_POT,DROP,9,18287,5900,309,0
39774,Midnight Ink,INTERMEDIATE,TRAINER,9,355,300,118,0
23785,Hardened Adamantite Tube,INTERMEDIATE,TRAINER,8,1,3,33,1
23785,Hardened Adamantite Tube,INTERMEDIATE,TRAINER,2,1,3,33,1
24269,Heavy Netherweave Net,MISC,UNSOURCED,20,10987,14400,76,1
24269,Heavy Netherweave Net,MISC,UNSOURCED,4,10767,14400,74,1
44331,Elixir of Lightning Speed,ELIXIR_POT,UNSOURCED,5,23237,11400,203,0
44331,Elixir of Lightning Speed,ELIXIR_POT,UNSOURCED,2,22539,11400,197,0
22449,Large Prismatic Shard,INTERMEDIATE,VENDOR,10,194040,240000,80,1
41509,Frostweave Net,MISC,TRAINER,20,6645,9000,73,1
41509,Frostweave Net,MISC,TRAINER,5,6445,9000,71,1
13423,Stonescale Oil,INTERMEDIATE,TRAINER,9,89,102,87,1
13423,Stonescale Oil,INTERMEDIATE,TRAINER,2,86,102,84,1
40217,Mighty Shadow Protection Potion,ELIXIR_POT,DROP,10,6879,10800,63,1
44958,Ethereal Oil,INTERMEDIATE,TRAINER,2,89,96,92,1
44958,Ethereal Oil,INTERMEDIATE,TRAINER,4,84,96,87,1
43250,Ring of Earthen Might,GEAR,VENDOR,1,59752,88000,67,1
43250,Ring of Earthen Might,GEAR,VENDOR,1,56764,88000,64,1
43250,Ring of Earthen Might,GEAR,VENDOR,1,59752,88000,67,1
43250,Ring of Earthen Might,GEAR,VENDOR,1,56764,88000,64,1
43250,Ring of Earthen Might,GEAR,VENDOR,1,59752,88000,67,1
23573,Hardened Adamantite Bar,INTERMEDIATE,TRAINER,4,229896,180000,127,0
23573,Hardened Adamantite Bar,INTERMEDIATE,TRAINER,2,220700,180000,122,0
23793,Heavy Knothide Leather,INTERMEDIATE,TRAINER,11,20692,25000,82,1
23793,Heavy Knothide Leather,INTERMEDIATE,TRAINER,2,20071,25000,80,1
45735,Glyph of Raptor Strike,MISC,UNSOURCED,10,288,315,91,1
41601,Shining Spellthread,MISC,TRAINER,11,82405,124800,66,1
41509,Frostweave Net,MISC,TRAINER,20,7821,9000,86,1
41509,Frostweave Net,MISC,TRAINER,20,7664,9000,85,1
41601,Shining Spellthread,MISC,TRAINER,7,114004,124800,91,1
8827,Elixir of Water Walking,ELIXIR_POT,UNSOURCED,5,5302,6180,85,1
8827,Elixir of Water Walking,ELIXIR_POT,UNSOURCED,6,5036,6180,81,1
41594,Moonshroud,INTERMEDIATE,TRAINER,6,162162,195000,83,1
41594,Moonshroud,INTERMEDIATE,TRAINER,1,155675,195000,79,1
41593,Ebonweave,INTERMEDIATE,TRAINER,3,140400,195000,72,1
41593,Ebonweave,INTERMEDIATE,TRAINER,11,134784,195000,69,1
41509,Frostweave Net,MISC,TRAINER,20,7617,9000,84,1
41509,Frostweave Net,MISC,TRAINER,20,7236,9000,80,1
41509,Frostweave Net,MISC,TRAINER,20,6946,9000,77,1
41509,Frostweave Net,MISC,TRAINER,5,7617,9000,84,1
41165,Saronite Razorheads,AMMO,TRAINER,1000,43,60,71,1
41165,Saronite Razorheads,AMMO,TRAINER,1000,40,60,66,1
41165,Saronite Razorheads,AMMO,TRAINER,1000,39,60,65,1
41165,Saronite Razorheads,AMMO,TRAINER,1000,38,60,63,1
41165,Saronite Razorheads,AMMO,TRAINER,1000,43,60,71,1
41165,Saronite Razorheads,AMMO,TRAINER,1000,40,60,66,1
41165,Saronite Razorheads,AMMO,TRAINER,1000,39,60,65,1
41165,Saronite Razorheads,AMMO,TRAINER,1000,38,60,63,1
41165,Saronite Razorheads,AMMO,TRAINER,1000,43,60,71,1
41165,Saronite Razorheads,AMMO,TRAINER,1000,40,60,66,1
41165,Saronite Razorheads,AMMO,TRAINER,1000,39,60,65,1
41510,Bolt of Frostweave,INTERMEDIATE,TRAINER,4,26325,37500,70,1
41510,Bolt of Frostweave,INTERMEDIATE,TRAINER,5,25008,37500,66,1
44958,Ethereal Oil,INTERMEDIATE,TRAINER,8,70,96,72,1
3486,Heavy Grinding Stone,INTERMEDIATE,TRAINER,1,1142,1035,110,0
3486,Heavy Grinding Stone,INTERMEDIATE,TRAINER,4,1107,1035,106,0
23101,Potent Flame Spessarite,GEM_CUT,VENDOR,1,13490,20000,67,1
23101,Potent Flame Spessarite,GEM_CUT,VENDOR,1,13355,20000,66,1
23101,Potent Flame Spessarite,GEM_CUT,VENDOR,1,13490,20000,67,1
23101,Potent Flame Spessarite,GEM_CUT,VENDOR,1,13355,20000,66,1
23101,Potent Flame Spessarite,GEM_CUT,VENDOR,1,13490,20000,67,1
23101,Potent Flame Spessarite,GEM_CUT,VENDOR,1,13355,20000,66,1
23101,Potent Flame Spessarite,GEM_CUT,VENDOR,1,13490,20000,67,1
23101,Potent Flame Spessarite,GEM_CUT,VENDOR,1,13355,20000,66,1
23101,Potent Flame Spessarite,GEM_CUT,VENDOR,1,13490,20000,67,1
23101,Potent Flame Spessarite,GEM_CUT,VENDOR,1,13355,20000,66,1
23101,Potent Flame Spessarite,GEM_CUT,VENDOR,1,13490,20000,67,1
23101,Potent Flame Spessarite,GEM_CUT,VENDOR,1,13355,20000,66,1
23101,Potent Flame Spessarite,GEM_CUT,VENDOR,1,13490,20000,67,1
41603,Azure Spellthread,MISC,TRAINER,8,97893,124800,78,1
41745,Titanium Rod,INTERMEDIATE,TRAINER,1,99384,80000,124,0
41745,Titanium Rod,INTERMEDIATE,TRAINER,1,97396,80000,121,0
41745,Titanium Rod,INTERMEDIATE,TRAINER,1,95448,80000,119,0
41745,Titanium Rod,INTERMEDIATE,TRAINER,1,99384,80000,124,0
41745,Titanium Rod,INTERMEDIATE,TRAINER,1,97396,80000,121,0
41745,Titanium Rod,INTERMEDIATE,TRAINER,1,95448,80000,119,0
43115,Hunter's Ink,INTERMEDIATE,TRAINER,4,264,200,132,0
43115,Hunter's Ink,INTERMEDIATE,TRAINER,4,261,200,130,0
43249,Shadowmight Ring,GEAR,TRAINER,1,36288,48000,75,1
43249,Shadowmight Ring,GEAR,TRAINER,1,35562,48000,74,1
43249,Shadowmight Ring,GEAR,TRAINER,1,36288,48000,75,1
43249,Shadowmight Ring,GEAR,TRAINER,1,35562,48000,74,1
43249,Shadowmight Ring,GEAR,TRAINER,1,36288,48000,75,1
43249,Shadowmight Ring,GEAR,TRAINER,1,35562,48000,74,1
43249,Shadowmight Ring,GEAR,TRAINER,1,36288,48000,75,1
43249,Shadowmight Ring,GEAR,TRAINER,1,35562,48000,74,1
43249,Shadowmight Ring,GEAR,TRAINER,1,36288,48000,75,1
43249,Shadowmight Ring,GEAR,TRAINER,1,35562,48000,74,1
43249,Shadowmight Ring,GEAR,TRAINER,1,36288,48000,75,1
43249,Shadowmight Ring,GEAR,TRAINER,1,35562,48000,74,1
43249,Shadowmight Ring,GEAR,TRAINER,1,36288,48000,75,1
43249,Shadowmight Ring,GEAR,TRAINER,1,35562,48000,74,1
43249,Shadowmight Ring,GEAR,TRAINER,1,36288,48000,75,1
44958,Ethereal Oil,INTERMEDIATE,TRAINER,6,83,96,86,1
44958,Ethereal Oil,INTERMEDIATE,TRAINER,6,79,96,82,1
41595,Spellweave,INTERMEDIATE,TRAINER,11,173316,195000,88,1
41595,Spellweave,INTERMEDIATE,TRAINER,3,171582,195000,87,1
49632,Runescroll of Fortitude,MISC,TRAINER,20,5212,5080,102,1
49632,Runescroll of Fortitude,MISC,TRAINER,5,4951,5080,97,1
38425,Heavy Borean Leather,INTERMEDIATE,TRAINER,11,42768,54000,79,1
38425,Heavy Borean Leather,INTERMEDIATE,TRAINER,1,41484,54000,76,1
24268,Netherweave Net,MISC,TRAINER,20,6639,7200,92,1
24268,Netherweave Net,MISC,TRAINER,4,6307,7200,87,1
22448,Small Prismatic Shard,INTERMEDIATE,TRAINER,20,1,0,0,1
22448,Small Prismatic Shard,INTERMEDIATE,TRAINER,20,1,0,0,1
22448,Small Prismatic Shard,INTERMEDIATE,TRAINER,4,1,0,0,1
22448,Small Prismatic Shard,INTERMEDIATE,TRAINER,1,1,0,0,1
41511,Bolt of Imbued Frostweave,INTERMEDIATE,TRAINER,2,124450,147000,84,1
41511,Bolt of Imbued Frostweave,INTERMEDIATE,TRAINER,9,121961,147000,82,1
43853,Titanium Skeleton Key,MISC,TRAINER,20,6300,7000,90,1
43853,Titanium Skeleton Key,MISC,TRAINER,20,6174,7000,88,1
43853,Titanium Skeleton Key,MISC,TRAINER,20,5865,7000,83,1
43853,Titanium Skeleton Key,MISC,TRAINER,20,5806,7000,82,1
43853,Titanium Skeleton Key,MISC,TRAINER,20,6300,7000,90,1
43853,Titanium Skeleton Key,MISC,TRAINER,20,6174,7000,88,1
43853,Titanium Skeleton Key,MISC,TRAINER,20,5865,7000,83,1
41595,Spellweave,INTERMEDIATE,TRAINER,1,144144,195000,73,1
41595,Spellweave,INTERMEDIATE,TRAINER,5,138378,195000,70,1
41163,Titanium Bar,INTERMEDIATE,TRAINER,1,15416,20000,77,1
41163,Titanium Bar,INTERMEDIATE,TRAINER,11,15107,20000,75,1
41164,Mammoth Cutters,AMMO,TRAINER,1000,31,34,91,1
41164,Mammoth Cutters,AMMO,TRAINER,1000,29,34,85,1
41164,Mammoth Cutters,AMMO,TRAINER,1000,31,34,91,1
41164,Mammoth Cutters,AMMO,TRAINER,1000,29,34,85,1
41164,Mammoth Cutters,AMMO,TRAINER,1000,31,34,91,1
41164,Mammoth Cutters,AMMO,TRAINER,1000,29,34,85,1
41164,Mammoth Cutters,AMMO,TRAINER,1000,31,34,91,1
41164,Mammoth Cutters,AMMO,TRAINER,1000,29,34,85,1
41164,Mammoth Cutters,AMMO,TRAINER,1000,31,34,91,1
41164,Mammoth Cutters,AMMO,TRAINER,1000,29,34,85,1
41511,Bolt of Imbued Frostweave,INTERMEDIATE,TRAINER,7,116923,147000,79,1
41511,Bolt of Imbued Frostweave,INTERMEDIATE,TRAINER,3,114584,147000,77,1
41163,Titanium Bar,INTERMEDIATE,TRAINER,1,16340,20000,81,1
41163,Titanium Bar,INTERMEDIATE,TRAINER,12,16013,20000,80,1
38425,Heavy Borean Leather,INTERMEDIATE,TRAINER,1,45646,54000,84,1
38425,Heavy Borean Leather,INTERMEDIATE,TRAINER,5,43820,54000,81,1
44939,Lesser Flask of Resistance,FLASK,TRAINER,10,24408,24000,101,0
45773,Emerald Bag,BAG,VENDOR,1,729864,720000,101,1
45773,Emerald Bag,BAG,VENDOR,1,722565,720000,100,1
45773,Emerald Bag,BAG,VENDOR,1,708113,720000,98,1
45773,Emerald Bag,BAG,VENDOR,1,679788,720000,94,1
45773,Emerald Bag,BAG,VENDOR,1,729864,720000,101,1
45773,Emerald Bag,BAG,VENDOR,1,722565,720000,100,1
45773,Emerald Bag,BAG,VENDOR,1,708113,720000,98,1
45773,Emerald Bag,BAG,VENDOR,1,679788,720000,94,1
45773,Emerald Bag,BAG,VENDOR,1,729864,720000,101,1
45773,Emerald Bag,BAG,VENDOR,1,722565,720000,100,1
45773,Emerald Bag,BAG,VENDOR,1,708113,720000,98,1
24268,Netherweave Net,MISC,TRAINER,18,5832,7200,81,1
42103,Moonshroud Gloves,GEAR,TRAINER,1,1285992,1348000,95,1
42103,Moonshroud Gloves,GEAR,TRAINER,1,1273132,1348000,94,1
42103,Moonshroud Gloves,GEAR,TRAINER,1,1234938,1348000,91,1
42103,Moonshroud Gloves,GEAR,TRAINER,1,1210239,1348000,89,1
42103,Moonshroud Gloves,GEAR,TRAINER,1,1285992,1348000,95,1
42103,Moonshroud Gloves,GEAR,TRAINER,1,1273132,1348000,94,1
42103,Moonshroud Gloves,GEAR,TRAINER,1,1234938,1348000,91,1
42103,Moonshroud Gloves,GEAR,TRAINER,1,1210239,1348000,89,1
42103,Moonshroud Gloves,GEAR,TRAINER,1,1285992,1348000,95,1
42103,Moonshroud Gloves,GEAR,TRAINER,1,1273132,1348000,94,1
43250,Ring of Earthen Might,GEAR,VENDOR,1,76137,88000,86,1
43250,Ring of Earthen Might,GEAR,VENDOR,1,75375,88000,85,1
43250,Ring of Earthen Might,GEAR,VENDOR,1,73113,88000,83,1
43250,Ring of Earthen Might,GEAR,VENDOR,1,76137,88000,86,1
43250,Ring of Earthen Might,GEAR,VENDOR,1,75375,88000,85,1
43250,Ring of Earthen Might,GEAR,VENDOR,1,73113,88000,83,1
43250,Ring of Earthen Might,GEAR,VENDOR,1,76137,88000,86,1
43250,Ring of Earthen Might,GEAR,VENDOR,1,75375,88000,85,1
43250,Ring of Earthen Might,GEAR,VENDOR,1,73113,88000,83,1
44958,Ethereal Oil,INTERMEDIATE,TRAINER,9,75,96,78,1
44958,Ethereal Oil,INTERMEDIATE,TRAINER,3,71,96,73,1
41603,Azure Spellthread,MISC,TRAINER,14,102024,124800,81,1
22448,Small Prismatic Shard,INTERMEDIATE,TRAINER,3,1,0,0,1
22448,Small Prismatic Shard,INTERMEDIATE,TRAINER,15,1,0,0,1
37101,Ivory Ink,INTERMEDIATE,UNSOURCED,12,414,150,276,0
37101,Ivory Ink,INTERMEDIATE,UNSOURCED,2,409,150,272,0
40195,Pygmy Oil,INTERMEDIATE,TRAINER,7,283,300,94,1
40195,Pygmy Oil,INTERMEDIATE,TRAINER,8,274,300,91,1
23519,Felsteel Helm,GEAR,DROP,1,6,8,75,1
23519,Felsteel Helm,GEAR,DROP,1,5,8,62,1
23519,Felsteel Helm,GEAR,DROP,1,4,8,50,1
23519,Felsteel Helm,GEAR,DROP,1,4,8,50,1
23519,Felsteel Helm,GEAR,DROP,1,6,8,75,1
23519,Felsteel Helm,GEAR,DROP,1,5,8,62,1
23519,Felsteel Helm,GEAR,DROP,1,6,8,75,1
23519,Felsteel Helm,GEAR,DROP,1,5,8,62,1
23519,Felsteel Helm,GEAR,DROP,1,4,8,50,1
23519,Felsteel Helm,GEAR,DROP,1,6,8,75,1
23519,Felsteel Helm,GEAR,DROP,1,5,8,62,1
23519,Felsteel Helm,GEAR,DROP,1,4,8,50,1
23519,Felsteel Helm,GEAR,DROP,1,6,8,75,1
23519,Felsteel Helm,GEAR,DROP,1,5,8,62,1
23519,Felsteel Helm,GEAR,DROP,1,4,8,50,1
2457,Elixir of Minor Agility,ELIXIR_POT,DROP,5,247,134,184,0
2457,Elixir of Minor Agility,ELIXIR_POT,DROP,5,242,134,180,0
2457,Elixir of Minor Agility,ELIXIR_POT,DROP,10,232,134,173,0
45735,Glyph of Raptor Strike,MISC,UNSOURCED,14,293,315,93,1
41598,Mysterious Bag,BAG,VENDOR,1,627900,750000,83,1
41598,Mysterious Bag,BAG,VENDOR,1,602784,750000,80,1
41598,Mysterious Bag,BAG,VENDOR,1,578672,750000,77,1
41598,Mysterious Bag,BAG,VENDOR,1,627900,750000,83,1
41598,Mysterious Bag,BAG,VENDOR,1,602784,750000,80,1
41598,Mysterious Bag,BAG,VENDOR,1,578672,750000,77,1
41598,Mysterious Bag,BAG,VENDOR,1,627900,750000,83,1
41598,Mysterious Bag,BAG,VENDOR,1,602784,750000,80,1
41598,Mysterious Bag,BAG,VENDOR,1,578672,750000,77,1
41598,Mysterious Bag,BAG,VENDOR,1,627900,750000,83,1
41598,Mysterious Bag,BAG,VENDOR,1,602784,750000,80,1
41598,Mysterious Bag,BAG,VENDOR,1,578672,750000,77,1
41510,Bolt of Frostweave,INTERMEDIATE,TRAINER,5,29017,37500,77,1
41510,Bolt of Frostweave,INTERMEDIATE,TRAINER,6,27566,37500,73,1
24276,Golden Spellthread,MISC,VENDOR,1,464454,405000,114,0
44958,Ethereal Oil,INTERMEDIATE,TRAINER,2,86,96,89,1
44958,Ethereal Oil,INTERMEDIATE,TRAINER,4,84,96,87,1
5762,Red Linen Bag,BAG,VENDOR,1,699,598,116,0
33568,Borean Leather,INTERMEDIATE,TRAINER,4,10989,13500,81,1
33568,Borean Leather,INTERMEDIATE,TRAINER,2,10769,13500,79,1
43969,Frostsavage Belt,GEAR,TRAINER,1,402012,515400,78,1
43969,Frostsavage Belt,GEAR,TRAINER,1,389951,515400,75,1
43969,Frostsavage Belt,GEAR,TRAINER,1,386051,515400,74,1
43969,Frostsavage Belt,GEAR,TRAINER,1,402012,515400,78,1
43969,Frostsavage Belt,GEAR,TRAINER,1,389951,515400,75,1
43969,Frostsavage Belt,GEAR,TRAINER,1,386051,515400,74,1
43969,Frostsavage Belt,GEAR,TRAINER,1,402012,515400,78,1
43969,Frostsavage Belt,GEAR,TRAINER,1,389951,515400,75,1
43969,Frostsavage Belt,GEAR,TRAINER,1,386051,515400,74,1
43969,Frostsavage Belt,GEAR,TRAINER,1,402012,515400,78,1
41165,Saronite Razorheads,AMMO,TRAINER,1000,43,60,71,1
41165,Saronite Razorheads,AMMO,TRAINER,1000,42,60,70,1
41165,Saronite Razorheads,AMMO,TRAINER,1000,43,60,71,1
41165,Saronite Razorheads,AMMO,TRAINER,1000,42,60,70,1
41165,Saronite Razorheads,AMMO,TRAINER,1000,43,60,71,1
41165,Saronite Razorheads,AMMO,TRAINER,1000,42,60,70,1
41165,Saronite Razorheads,AMMO,TRAINER,1000,43,60,71,1
41165,Saronite Razorheads,AMMO,TRAINER,1000,42,60,70,1
41165,Saronite Razorheads,AMMO,TRAINER,1000,43,60,71,1
41165,Saronite Razorheads,AMMO,TRAINER,1000,42,60,70,1
41165,Saronite Razorheads,AMMO,TRAINER,1000,43,60,71,1
41165,Saronite Razorheads,AMMO,TRAINER,1000,42,60,70,1
41165,Saronite Razorheads,AMMO,TRAINER,1000,43,60,71,1
17771,Elementium Bar,MISC,DROP,2,6475634,2472560,261,0
3576,Tin Bar,INTERMEDIATE,TRAINER,4,124,107,115,0
3576,Tin Bar,INTERMEDIATE,TRAINER,7,122,107,114,0
41604,Sapphire Spellthread,MISC,VENDOR,8,560802,586000,95,1
43973,Frostsavage Shoulders,GEAR,TRAINER,1,385780,520200,74,1
43973,Frostsavage Shoulders,GEAR,TRAINER,1,366491,520200,70,1
43973,Frostsavage Shoulders,GEAR,TRAINER,1,355496,520200,68,1
43973,Frostsavage Shoulders,GEAR,TRAINER,1,385780,520200,74,1
43973,Frostsavage Shoulders,GEAR,TRAINER,1,366491,520200,70,1
43970,Frostsavage Boots,GEAR,TRAINER,1,466931,520200,89,1
43970,Frostsavage Boots,GEAR,TRAINER,1,457592,520200,87,1
43970,Frostsavage Boots,GEAR,TRAINER,1,439288,520200,84,1
43970,Frostsavage Boots,GEAR,TRAINER,1,430502,520200,82,1
43970,Frostsavage Boots,GEAR,TRAINER,1,466931,520200,89,1
43970,Frostsavage Boots,GEAR,TRAINER,1,457592,520200,87,1
43970,Frostsavage Boots,GEAR,TRAINER,1,439288,520200,84,1
43970,Frostsavage Boots,GEAR,TRAINER,1,430502,520200,82,1
43970,Frostsavage Boots,GEAR,TRAINER,1,466931,520200,89,1
43970,Frostsavage Boots,GEAR,TRAINER,1,457592,520200,87,1
43970,Frostsavage Boots,GEAR,TRAINER,1,439288,520200,84,1
9210,Ghost Dye,INTERMEDIATE,VENDOR,10,7550,6210,121,0
9210,Ghost Dye,INTERMEDIATE,VENDOR,1,7399,6210,119,0
9210,Ghost Dye,INTERMEDIATE,VENDOR,4,7550,6210,121,0
49632,Runescroll of Fortitude,MISC,TRAINER,20,4343,5080,85,1
49632,Runescroll of Fortitude,MISC,TRAINER,10,4256,5080,83,1
8827,Elixir of Water Walking,ELIXIR_POT,UNSOURCED,8,4403,6180,71,1
41593,Ebonweave,INTERMEDIATE,TRAINER,4,138937,195000,71,1
41593,Ebonweave,INTERMEDIATE,TRAINER,1,136158,195000,69,1
21843,Imbued Netherweave Bag,BAG,VENDOR,1,79385,60005,132,0
42336,Bloodstone Band,GEAR,TRAINER,1,19284,24800,77,1
42336,Bloodstone Band,GEAR,TRAINER,1,18319,24800,73,1
42336,Bloodstone Band,GEAR,TRAINER,1,19284,24800,77,1
42336,Bloodstone Band,GEAR,TRAINER,1,18319,24800,73,1
42336,Bloodstone Band,GEAR,TRAINER,1,19284,24800,77,1
42336,Bloodstone Band,GEAR,TRAINER,1,18319,24800,73,1
42336,Bloodstone Band,GEAR,TRAINER,1,19284,24800,77,1
42336,Bloodstone Band,GEAR,TRAINER,1,18319,24800,73,1
42336,Bloodstone Band,GEAR,TRAINER,1,19284,24800,77,1
42336,Bloodstone Band,GEAR,TRAINER,1,18319,24800,73,1
42336,Bloodstone Band,GEAR,TRAINER,1,19284,24800,77,1
42336,Bloodstone Band,GEAR,TRAINER,1,18319,24800,73,1
42336,Bloodstone Band,GEAR,TRAINER,1,19284,24800,77,1
42336,Bloodstone Band,GEAR,TRAINER,1,18319,24800,73,1
42336,Bloodstone Band,GEAR,TRAINER,1,19284,24800,77,1
41603,Azure Spellthread,MISC,TRAINER,6,93924,124800,75,1
44958,Ethereal Oil,INTERMEDIATE,TRAINER,5,83,96,86,1
44958,Ethereal Oil,INTERMEDIATE,TRAINER,10,79,96,82,1
43249,Shadowmight Ring,GEAR,TRAINER,1,43425,48000,90,1
43249,Shadowmight Ring,GEAR,TRAINER,1,42556,48000,88,1
43249,Shadowmight Ring,GEAR,TRAINER,1,40428,48000,84,1
43249,Shadowmight Ring,GEAR,TRAINER,1,43425,48000,90,1
43249,Shadowmight Ring,GEAR,TRAINER,1,42556,48000,88,1
43249,Shadowmight Ring,GEAR,TRAINER,1,40428,48000,84,1
43249,Shadowmight Ring,GEAR,TRAINER,1,43425,48000,90,1
33568,Borean Leather,INTERMEDIATE,TRAINER,2,11263,13500,83,1
33568,Borean Leather,INTERMEDIATE,TRAINER,6,10812,13500,80,1
43973,Frostsavage Shoulders,GEAR,TRAINER,1,523841,520200,100,1
43973,Frostsavage Shoulders,GEAR,TRAINER,1,502887,520200,96,1
43973,Frostsavage Shoulders,GEAR,TRAINER,1,487800,520200,93,1
43973,Frostsavage Shoulders,GEAR,TRAINER,1,523841,520200,100,1
43973,Frostsavage Shoulders,GEAR,TRAINER,1,502887,520200,96,1
43973,Frostsavage Shoulders,GEAR,TRAINER,1,487800,520200,93,1
43973,Frostsavage Shoulders,GEAR,TRAINER,1,523841,520200,100,1
43973,Frostsavage Shoulders,GEAR,TRAINER,1,502887,520200,96,1
43973,Frostsavage Shoulders,GEAR,TRAINER,1,487800,520200,93,1
43973,Frostsavage Shoulders,GEAR,TRAINER,1,523841,520200,100,1
43973,Frostsavage Shoulders,GEAR,TRAINER,1,502887,520200,96,1
43973,Frostsavage Shoulders,GEAR,TRAINER,1,487800,520200,93,1
43973,Frostsavage Shoulders,GEAR,TRAINER,1,523841,520200,100,1
43973,Frostsavage Shoulders,GEAR,TRAINER,1,502887,520200,96,1
39774,Midnight Ink,INTERMEDIATE,TRAINER,8,378,300,126,0
39774,Midnight Ink,INTERMEDIATE,TRAINER,2,359,300,119,0
43565,Durable Nerubhide Cape,GEAR,TRAINER,1,630344,754000,83,1
43565,Durable Nerubhide Cape,GEAR,TRAINER,1,605130,754000,80,1
43565,Durable Nerubhide Cape,GEAR,TRAINER,1,599078,754000,79,1
43565,Durable Nerubhide Cape,GEAR,TRAINER,1,593087,754000,78,1
43565,Durable Nerubhide Cape,GEAR,TRAINER,1,630344,754000,83,1
43565,Durable Nerubhide Cape,GEAR,TRAINER,1,605130,754000,80,1
43565,Durable Nerubhide Cape,GEAR,TRAINER,1,599078,754000,79,1
43565,Durable Nerubhide Cape,GEAR,TRAINER,1,593087,754000,78,1
34767,Firecracker Salmon,FOOD,VENDOR,5,37,49,75,1
41164,Mammoth Cutters,AMMO,TRAINER,1000,29,34,85,1
41164,Mammoth Cutters,AMMO,TRAINER,1000,28,34,82,1
41164,Mammoth Cutters,AMMO,TRAINER,1000,29,34,85,1
41164,Mammoth Cutters,AMMO,TRAINER,1000,28,34,82,1
41164,Mammoth Cutters,AMMO,TRAINER,1000,29,34,85,1
41164,Mammoth Cutters,AMMO,TRAINER,1000,28,34,82,1
41164,Mammoth Cutters,AMMO,TRAINER,1000,29,34,85,1
41164,Mammoth Cutters,AMMO,TRAINER,1000,28,34,82,1
41164,Mammoth Cutters,AMMO,TRAINER,1000,29,34,85,1
41164,Mammoth Cutters,AMMO,TRAINER,1000,28,34,82,1
41164,Mammoth Cutters,AMMO,TRAINER,1000,29,34,85,1
41164,Mammoth Cutters,AMMO,TRAINER,1000,28,34,82,1
45773,Emerald Bag,BAG,VENDOR,1,658944,720000,91,1
45773,Emerald Bag,BAG,VENDOR,1,645765,720000,89,1
45773,Emerald Bag,BAG,VENDOR,1,613476,720000,85,1
45773,Emerald Bag,BAG,VENDOR,1,588936,720000,81,1
45773,Emerald Bag,BAG,VENDOR,1,658944,720000,91,1
45773,Emerald Bag,BAG,VENDOR,1,645765,720000,89,1
45773,Emerald Bag,BAG,VENDOR,1,613476,720000,85,1
45773,Emerald Bag,BAG,VENDOR,1,588936,720000,81,1
45773,Emerald Bag,BAG,VENDOR,1,658944,720000,91,1
45773,Emerald Bag,BAG,VENDOR,1,645765,720000,89,1
45773,Emerald Bag,BAG,VENDOR,1,613476,720000,85,1
44958,Ethereal Oil,INTERMEDIATE,TRAINER,3,91,96,94,1
44958,Ethereal Oil,INTERMEDIATE,TRAINER,10,89,96,92,1
40217,Mighty Shadow Protection Potion,ELIXIR_POT,DROP,11,9473,10800,87,1
40213,Mighty Arcane Protection Potion,ELIXIR_POT,DROP,5,9140,10800,84,1
40213,Mighty Arcane Protection Potion,ELIXIR_POT,DROP,4,9048,10800,83,1
32836,Purified Shadow Pearl,GEM_CUT,TRAINER,1,6785,9280,73,1
32836,Purified Shadow Pearl,GEM_CUT,TRAINER,1,6717,9280,72,1
32836,Purified Shadow Pearl,GEM_CUT,TRAINER,1,6785,9280,73,1
32836,Purified Shadow Pearl,GEM_CUT,TRAINER,1,6717,9280,72,1
32836,Purified Shadow Pearl,GEM_CUT,TRAINER,1,6785,9280,73,1
32836,Purified Shadow Pearl,GEM_CUT,TRAINER,1,6717,9280,72,1
32836,Purified Shadow Pearl,GEM_CUT,TRAINER,1,6785,9280,73,1
32836,Purified Shadow Pearl,GEM_CUT,TRAINER,1,6717,9280,72,1
32836,Purified Shadow Pearl,GEM_CUT,TRAINER,1,6785,9280,73,1
32836,Purified Shadow Pearl,GEM_CUT,TRAINER,1,6717,9280,72,1
32836,Purified Shadow Pearl,GEM_CUT,TRAINER,1,6785,9280,73,1
32836,Purified Shadow Pearl,GEM_CUT,TRAINER,1,6717,9280,72,1
13511,Flask of Distilled Wisdom,FLASK,DROP,20,26721,13430,198,0
13511,Flask of Distilled Wisdom,FLASK,DROP,20,26186,13430,194,0
43252,Windfire Band,GEAR,VENDOR,1,112313,112000,100,1
43252,Windfire Band,GEAR,VENDOR,1,107820,112000,96,1
43252,Windfire Band,GEAR,VENDOR,1,102429,112000,91,1
43252,Windfire Band,GEAR,VENDOR,1,112313,112000,100,1
43252,Windfire Band,GEAR,VENDOR,1,107820,112000,96,1
43252,Windfire Band,GEAR,VENDOR,1,102429,112000,91,1
43252,Windfire Band,GEAR,VENDOR,1,112313,112000,100,1
43252,Windfire Band,GEAR,VENDOR,1,107820,112000,96,1
43252,Windfire Band,GEAR,VENDOR,1,102429,112000,91,1
43252,Windfire Band,GEAR,VENDOR,1,112313,112000,100,1
43252,Windfire Band,GEAR,VENDOR,1,107820,112000,96,1
43252,Windfire Band,GEAR,VENDOR,1,102429,112000,91,1
22574,Mote of Fire,INTERMEDIATE,TRAINER,10,3619,3200,113,0
22574,Mote of Fire,INTERMEDIATE,TRAINER,10,3474,3200,108,0
22574,Mote of Fire,INTERMEDIATE,TRAINER,10,3619,3200,113,0
22574,Mote of Fire,INTERMEDIATE,TRAINER,10,3474,3200,108,0
22574,Mote of Fire,INTERMEDIATE,TRAINER,10,3619,3200,113,0
22574,Mote of Fire,INTERMEDIATE,TRAINER,10,3474,3200,108,0
38375,Borean Armor Kit,MISC,TRAINER,10,27997,36000,77,1
38375,Borean Armor Kit,MISC,TRAINER,3,27717,36000,76,1
44332,Elixir of Mighty Thoughts,ELIXIR_POT,TRAINER,20,19215,15000,128,0
32194,Delicate Crimson Spinel,GEM_CUT,VENDOR,1,275275,250000,110,0
32194,Delicate Crimson Spinel,GEM_CUT,VENDOR,1,272522,250000,109,0
32194,Delicate Crimson Spinel,GEM_CUT,VENDOR,1,261621,250000,104,0
41603,Azure Spellthread,MISC,TRAINER,4,137779,124800,110,0
43853,Titanium Skeleton Key,MISC,TRAINER,20,5335,7000,76,1
43853,Titanium Skeleton Key,MISC,TRAINER,20,5121,7000,73,1
43853,Titanium Skeleton Key,MISC,TRAINER,20,5069,7000,72,1
43853,Titanium Skeleton Key,MISC,TRAINER,20,5335,7000,76,1
43853,Titanium Skeleton Key,MISC,TRAINER,20,5121,7000,73,1
43853,Titanium Skeleton Key,MISC,TRAINER,20,5069,7000,72,1
43853,Titanium Skeleton Key,MISC,TRAINER,20,5335,7000,76,1
43853,Titanium Skeleton Key,MISC,TRAINER,20,5121,7000,73,1
43853,Titanium Skeleton Key,MISC,TRAINER,20,5069,7000,72,1
43853,Titanium Skeleton Key,MISC,TRAINER,20,5335,7000,76,1
43853,Titanium Skeleton Key,MISC,TRAINER,20,5121,7000,73,1
43853,Titanium Skeleton Key,MISC,TRAINER,20,5069,7000,72,1
36916,Cobalt Bar,INTERMEDIATE,TRAINER,5,4302,6000,71,1
36916,Cobalt Bar,INTERMEDIATE,TRAINER,1,4129,6000,68,1
49632,Runescroll of Fortitude,MISC,TRAINER,20,5140,5080,101,1
49632,Runescroll of Fortitude,MISC,TRAINER,15,5088,5080,100,1
38374,Icescale Leg Armor,MISC,TRAINER,11,444080,610000,72,1
43853,Titanium Skeleton Key,MISC,TRAINER,20,5980,7000,85,1
43853,Titanium Skeleton Key,MISC,TRAINER,20,5800,7000,82,1
43853,Titanium Skeleton Key,MISC,TRAINER,20,5742,7000,82,1
43853,Titanium Skeleton Key,MISC,TRAINER,20,5569,7000,79,1
43853,Titanium Skeleton Key,MISC,TRAINER,20,5980,7000,85,1
43853,Titanium Skeleton Key,MISC,TRAINER,20,5800,7000,82,1
43853,Titanium Skeleton Key,MISC,TRAINER,20,5742,7000,82,1
38425,Heavy Borean Leather,INTERMEDIATE,TRAINER,5,42768,54000,79,1
38425,Heavy Borean Leather,INTERMEDIATE,TRAINER,1,41912,54000,77,1
43249,Shadowmight Ring,GEAR,TRAINER,1,40574,48000,84,1
43249,Shadowmight Ring,GEAR,TRAINER,1,39762,48000,82,1
43249,Shadowmight Ring,GEAR,TRAINER,1,37773,48000,78,1
43249,Shadowmight Ring,GEAR,TRAINER,1,36262,48000,75,1
43249,Shadowmight Ring,GEAR,TRAINER,1,40574,48000,84,1
43249,Shadowmight Ring,GEAR,TRAINER,1,39762,48000,82,1
43249,Shadowmight Ring,GEAR,TRAINER,1,37773,48000,78,1
43249,Shadowmight Ring,GEAR,TRAINER,1,36262,48000,75,1
43249,Shadowmight Ring,GEAR,TRAINER,1,40574,48000,84,1
40217,Mighty Shadow Protection Potion,ELIXIR_POT,DROP,7,10631,10800,98,1
42420,Shadow Crystal Focusing Lens,MISC,TRAINER,1,15010,20000,75,1
42420,Shadow Crystal Focusing Lens,MISC,TRAINER,1,14259,20000,71,1
42420,Shadow Crystal Focusing Lens,MISC,TRAINER,1,13688,20000,68,1
42420,Shadow Crystal Focusing Lens,MISC,TRAINER,1,15010,20000,75,1
42420,Shadow Crystal Focusing Lens,MISC,TRAINER,1,14259,20000,71,1
42420,Shadow Crystal Focusing Lens,MISC,TRAINER,1,13688,20000,68,1
42420,Shadow Crystal Focusing Lens,MISC,TRAINER,1,15010,20000,75,1
42420,Shadow Crystal Focusing Lens,MISC,TRAINER,1,14259,20000,71,1
42420,Shadow Crystal Focusing Lens,MISC,TRAINER,1,13688,20000,68,1
42420,Shadow Crystal Focusing Lens,MISC,TRAINER,1,15010,20000,75,1
42420,Shadow Crystal Focusing Lens,MISC,TRAINER,1,14259,20000,71,1
42420,Shadow Crystal Focusing Lens,MISC,TRAINER,1,13688,20000,68,1
42420,Shadow Crystal Focusing Lens,MISC,TRAINER,1,15010,20000,75,1
44210,Faces of Doom,GEAR,TRAINER,1,335946,302600,111,0
44210,Faces of Doom,GEAR,TRAINER,1,332586,302600,109,0
44210,Faces of Doom,GEAR,TRAINER,1,322608,302600,106,0
41163,Titanium Bar,INTERMEDIATE,TRAINER,2,15194,20000,75,1
41163,Titanium Bar,INTERMEDIATE,TRAINER,4,15042,20000,75,1
42337,Sun Rock Ring,GEAR,TRAINER,1,25410,24800,102,1
42337,Sun Rock Ring,GEAR,TRAINER,1,24647,24800,99,1
42337,Sun Rock Ring,GEAR,TRAINER,1,24154,24800,97,1
42337,Sun Rock Ring,GEAR,TRAINER,1,25410,24800,102,1
42337,Sun Rock Ring,GEAR,TRAINER,1,24647,24800,99,1
42337,Sun Rock Ring,GEAR,TRAINER,1,24154,24800,97,1
42337,Sun Rock Ring,GEAR,TRAINER,1,25410,24800,102,1
42337,Sun Rock Ring,GEAR,TRAINER,1,24647,24800,99,1
42337,Sun Rock Ring,GEAR,TRAINER,1,24154,24800,97,1
42337,Sun Rock Ring,GEAR,TRAINER,1,25410,24800,102,1
42337,Sun Rock Ring,GEAR,TRAINER,1,24647,24800,99,1
42337,Sun Rock Ring,GEAR,TRAINER,1,24154,24800,97,1
42337,Sun Rock Ring,GEAR,TRAINER,1,25410,24800,102,1
42337,Sun Rock Ring,GEAR,TRAINER,1,24647,24800,99,1
13455,Greater Stoneshield Potion,ELIXIR_POT,DROP,5,3751,2351,159,0
13455,Greater Stoneshield Potion,ELIXIR_POT,DROP,5,3713,2351,157,0
13455,Greater Stoneshield Potion,ELIXIR_POT,DROP,1,3751,2351,159,0
41165,Saronite Razorheads,AMMO,TRAINER,1000,51,60,85,1
41165,Saronite Razorheads,AMMO,TRAINER,1000,50,60,83,1
41165,Saronite Razorheads,AMMO,TRAINER,1000,47,60,78,1
41165,Saronite Razorheads,AMMO,TRAINER,1000,46,60,76,1
41165,Saronite Razorheads,AMMO,TRAINER,1000,51,60,85,1
41165,Saronite Razorheads,AMMO,TRAINER,1000,50,60,83,1
43853,Titanium Skeleton Key,MISC,TRAINER,20,6440,7000,92,1
43853,Titanium Skeleton Key,MISC,TRAINER,20,6182,7000,88,1
43853,Titanium Skeleton Key,MISC,TRAINER,20,5996,7000,85,1
43853,Titanium Skeleton Key,MISC,TRAINER,20,5876,7000,83,1
43853,Titanium Skeleton Key,MISC,TRAINER,20,6440,7000,92,1
43853,Titanium Skeleton Key,MISC,TRAINER,20,6182,7000,88,1
43853,Titanium Skeleton Key,MISC,TRAINER,20,5996,7000,85,1
43853,Titanium Skeleton Key,MISC,TRAINER,20,5876,7000,83,1
23519,Felsteel Helm,GEAR,DROP,1,7,8,87,1
23519,Felsteel Helm,GEAR,DROP,1,6,8,75,1
23519,Felsteel Helm,GEAR,DROP,1,7,8,87,1
23519,Felsteel Helm,GEAR,DROP,1,6,8,75,1
23519,Felsteel Helm,GEAR,DROP,1,7,8,87,1
23519,Felsteel Helm,GEAR,DROP,1,6,8,75,1
6370,Blackmouth Oil,INTERMEDIATE,TRAINER,3,57,50,114,0
6370,Blackmouth Oil,INTERMEDIATE,TRAINER,7,54,50,108,0
32200,Solid Empyrean Sapphire,GEM_CUT,VENDOR,1,326400,250000,130,0
44958,Ethereal Oil,INTERMEDIATE,TRAINER,10,67,96,69,1
44958,Ethereal Oil,INTERMEDIATE,TRAINER,4,65,96,67,1
41163,Titanium Bar,INTERMEDIATE,TRAINER,10,16192,20000,80,1
41163,Titanium Bar,INTERMEDIATE,TRAINER,4,15706,20000,78,1
41511,Bolt of Imbued Frostweave,INTERMEDIATE,TRAINER,4,170755,147000,116,0
41511,Bolt of Imbued Frostweave,INTERMEDIATE,TRAINER,5,165632,147000,112,0
44958,Ethereal Oil,INTERMEDIATE,TRAINER,7,94,96,97,1
41164,Mammoth Cutters,AMMO,TRAINER,1000,23,34,67,1
41164,Mammoth Cutters,AMMO,TRAINER,1000,22,34,64,1
41164,Mammoth Cutters,AMMO,TRAINER,1000,21,34,61,1
41164,Mammoth Cutters,AMMO,TRAINER,1000,20,34,58,1
41164,Mammoth Cutters,AMMO,TRAINER,1000,23,34,67,1
41164,Mammoth Cutters,AMMO,TRAINER,1000,22,34,64,1
41164,Mammoth Cutters,AMMO,TRAINER,1000,21,34,61,1
41164,Mammoth Cutters,AMMO,TRAINER,1000,20,34,58,1
41601,Shining Spellthread,MISC,TRAINER,10,100663,124800,80,1
41509,Frostweave Net,MISC,TRAINER,20,6277,9000,69,1
41509,Frostweave Net,MISC,TRAINER,5,6214,9000,69,1
45773,Emerald Bag,BAG,VENDOR,1,593280,720000,82,1
45773,Emerald Bag,BAG,VENDOR,1,575481,720000,79,1
45773,Emerald Bag,BAG,VENDOR,1,569726,720000,79,1
45773,Emerald Bag,BAG,VENDOR,1,564028,720000,78,1
45773,Emerald Bag,BAG,VENDOR,1,593280,720000,82,1
45773,Emerald Bag,BAG,VENDOR,1,575481,720000,79,1
45773,Emerald Bag,BAG,VENDOR,1,569726,720000,79,1
45773,Emerald Bag,BAG,VENDOR,1,564028,720000,78,1
45773,Emerald Bag,BAG,VENDOR,1,593280,720000,82,1
45773,Emerald Bag,BAG,VENDOR,1,575481,720000,79,1
45773,Emerald Bag,BAG,VENDOR,1,569726,720000,79,1
44330,Elixir of Armor Piercing,ELIXIR_POT,UNSOURCED,5,9031,12000,75,1
43249,Shadowmight Ring,GEAR,TRAINER,1,40435,48000,84,1
43249,Shadowmight Ring,GEAR,TRAINER,1,38817,48000,80,1
43249,Shadowmight Ring,GEAR,TRAINER,1,37652,48000,78,1
43249,Shadowmight Ring,GEAR,TRAINER,1,36898,48000,76,1
43249,Shadowmight Ring,GEAR,TRAINER,1,40435,48000,84,1
43249,Shadowmight Ring,GEAR,TRAINER,1,38817,48000,80,1
8827,Elixir of Water Walking,ELIXIR_POT,UNSOURCED,10,6340,6180,102,1
41509,Frostweave Net,MISC,TRAINER,20,6514,9000,72,1
41509,Frostweave Net,MISC,TRAINER,20,6448,9000,71,1
41509,Frostweave Net,MISC,TRAINER,5,6514,9000,72,1
23787,Felsteel Stabilizer,INTERMEDIATE,TRAINER,3,1,2,50,1
23787,Felsteel Stabilizer,INTERMEDIATE,TRAINER,11,1,2,50,1
33568,Borean Leather,INTERMEDIATE,TRAINER,11,12771,13500,94,1
33568,Borean Leather,INTERMEDIATE,TRAINER,4,12515,13500,92,1
43250,Ring of Earthen Might,GEAR,VENDOR,1,78091,88000,88,1
43250,Ring of Earthen Might,GEAR,VENDOR,1,74186,88000,84,1
43250,Ring of Earthen Might,GEAR,VENDOR,1,78091,88000,88,1
43250,Ring of Earthen Might,GEAR,VENDOR,1,74186,88000,84,1
43250,Ring of Earthen Might,GEAR,VENDOR,1,78091,88000,88,1
43250,Ring of Earthen Might,GEAR,VENDOR,1,74186,88000,84,1
43250,Ring of Earthen Might,GEAR,VENDOR,1,78091,88000,88,1
43853,Titanium Skeleton Key,MISC,TRAINER,20,7172,7000,102,1
43853,Titanium Skeleton Key,MISC,TRAINER,20,6885,7000,98,1
43853,Titanium Skeleton Key,MISC,TRAINER,20,6747,7000,96,1
43853,Titanium Skeleton Key,MISC,TRAINER,20,7172,7000,102,1
43853,Titanium Skeleton Key,MISC,TRAINER,20,6885,7000,98,1
21990,Netherweave Bandage,MISC,TRAINER,12,3926,4800,81,1
41593,Ebonweave,INTERMEDIATE,TRAINER,8,154147,195000,79,1
23519,Felsteel Helm,GEAR,DROP,1,5,8,62,1
23519,Felsteel Helm,GEAR,DROP,1,4,8,50,1
23519,Felsteel Helm,GEAR,DROP,1,4,8,50,1
23519,Felsteel Helm,GEAR,DROP,1,4,8,50,1
23519,Felsteel Helm,GEAR,DROP,1,5,8,62,1
23519,Felsteel Helm,GEAR,DROP,1,4,8,50,1
23519,Felsteel Helm,GEAR,DROP,1,4,8,50,1
23519,Felsteel Helm,GEAR,DROP,1,4,8,50,1
23519,Felsteel Helm,GEAR,DROP,1,5,8,62,1
23519,Felsteel Helm,GEAR,DROP,1,4,8,50,1
23519,Felsteel Helm,GEAR,DROP,1,4,8,50,1
23519,Felsteel Helm,GEAR,DROP,1,4,8,50,1
23519,Felsteel Helm,GEAR,DROP,1,5,8,62,1
23519,Felsteel Helm,GEAR,DROP,1,4,8,50,1
23519,Felsteel Helm,GEAR,DROP,1,4,8,50,1
23785,Hardened Adamantite Tube,INTERMEDIATE,TRAINER,1,2,3,66,1
23785,Hardened Adamantite Tube,INTERMEDIATE,TRAINER,13,1,3,33,1
22448,Small Prismatic Shard,INTERMEDIATE,TRAINER,20,1,0,0,1
22448,Small Prismatic Shard,INTERMEDIATE,TRAINER,4,1,0,0,1
41598,Mysterious Bag,BAG,VENDOR,1,962850,750000,128,0
41163,Titanium Bar,INTERMEDIATE,TRAINER,2,19046,20000,95,1
41163,Titanium Bar,INTERMEDIATE,TRAINER,4,18474,20000,92,1
33568,Borean Leather,INTERMEDIATE,TRAINER,7,10489,13500,77,1
33568,Borean Leather,INTERMEDIATE,TRAINER,1,10279,13500,76,1
40142,Inscribed Ametrine,GEM_CUT,VENDOR,1,343400,250000,137,0
40142,Inscribed Ametrine,GEM_CUT,VENDOR,1,333098,250000,133,0
43249,Shadowmight Ring,GEAR,TRAINER,1,42408,48000,88,1
43249,Shadowmight Ring,GEAR,TRAINER,1,41559,48000,86,1
43249,Shadowmight Ring,GEAR,TRAINER,1,39481,48000,82,1
43249,Shadowmight Ring,GEAR,TRAINER,1,42408,48000,88,1
43249,Shadowmight Ring,GEAR,TRAINER,1,41559,48000,86,1
43249,Shadowmight Ring,GEAR,TRAINER,1,39481,48000,82,1
43249,Shadowmight Ring,GEAR,TRAINER,1,42408,48000,88,1
43249,Shadowmight Ring,GEAR,TRAINER,1,41559,48000,86,1
43249,Shadowmight Ring,GEAR,TRAINER,1,39481,48000,82,1
43249,Shadowmight Ring,GEAR,TRAINER,1,42408,48000,88,1
43249,Shadowmight Ring,GEAR,TRAINER,1,41559,48000,86,1
43249,Shadowmight Ring,GEAR,TRAINER,1,39481,48000,82,1
43249,Shadowmight Ring,GEAR,TRAINER,1,42408,48000,88,1
43249,Shadowmight Ring,GEAR,TRAINER,1,41559,48000,86,1
34769,Imperial Manta Steak,FOOD,VENDOR,10,39,49,79,1
46379,Flask of Stoneblood,FLASK,TRAINER,5,36569,56600,64,1
46379,Flask of Stoneblood,FLASK,TRAINER,5,35106,56600,62,1
46379,Flask of Stoneblood,FLASK,TRAINER,5,36569,56600,64,1
46379,Flask of Stoneblood,FLASK,TRAINER,5,35106,56600,62,1
23517,Felsteel Gloves,GEAR,DROP,1,4,6,66,1
23517,Felsteel Gloves,GEAR,DROP,1,3,6,50,1
23517,Felsteel Gloves,GEAR,DROP,1,4,6,66,1
23517,Felsteel Gloves,GEAR,DROP,1,3,6,50,1
23517,Felsteel Gloves,GEAR,DROP,1,4,6,66,1
23517,Felsteel Gloves,GEAR,DROP,1,3,6,50,1
23517,Felsteel Gloves,GEAR,DROP,1,4,6,66,1
23517,Felsteel Gloves,GEAR,DROP,1,3,6,50,1
23517,Felsteel Gloves,GEAR,DROP,1,4,6,66,1
36916,Cobalt Bar,INTERMEDIATE,TRAINER,5,5696,6000,94,1
36916,Cobalt Bar,INTERMEDIATE,TRAINER,4,5468,6000,91,1
23785,Hardened Adamantite Tube,INTERMEDIATE,TRAINER,8,1,3,33,1
43250,Ring of Earthen Might,GEAR,VENDOR,1,69792,88000,79,1
43250,Ring of Earthen Might,GEAR,VENDOR,1,67000,88000,76,1
43250,Ring of Earthen Might,GEAR,VENDOR,1,64990,88000,73,1
43250,Ring of Earthen Might,GEAR,VENDOR,1,69792,88000,79,1
43250,Ring of Earthen Might,GEAR,VENDOR,1,67000,88000,76,1
43250,Ring of Earthen Might,GEAR,VENDOR,1,64990,88000,73,1
43250,Ring of Earthen Might,GEAR,VENDOR,1,69792,88000,79,1
43250,Ring of Earthen Might,GEAR,VENDOR,1,67000,88000,76,1
43250,Ring of Earthen Might,GEAR,VENDOR,1,64990,88000,73,1
43250,Ring of Earthen Might,GEAR,VENDOR,1,69792,88000,79,1
43250,Ring of Earthen Might,GEAR,VENDOR,1,67000,88000,76,1
43250,Ring of Earthen Might,GEAR,VENDOR,1,64990,88000,73,1
43250,Ring of Earthen Might,GEAR,VENDOR,1,69792,88000,79,1
43250,Ring of Earthen Might,GEAR,VENDOR,1,67000,88000,76,1
43250,Ring of Earthen Might,GEAR,VENDOR,1,64990,88000,73,1
40195,Pygmy Oil,INTERMEDIATE,TRAINER,3,220,300,73,1
40195,Pygmy Oil,INTERMEDIATE,TRAINER,12,217,300,72,1
34769,Imperial Manta Steak,FOOD,VENDOR,14,45,49,91,1
41164,Mammoth Cutters,AMMO,TRAINER,1000,24,34,70,1
41164,Mammoth Cutters,AMMO,TRAINER,1000,23,34,67,1
41164,Mammoth Cutters,AMMO,TRAINER,1000,22,34,64,1
41164,Mammoth Cutters,AMMO,TRAINER,1000,24,34,70,1
41164,Mammoth Cutters,AMMO,TRAINER,1000,23,34,67,1
41164,Mammoth Cutters,AMMO,TRAINER,1000,22,34,64,1
41164,Mammoth Cutters,AMMO,TRAINER,1000,24,34,70,1
41164,Mammoth Cutters,AMMO,TRAINER,1000,23,34,67,1
41164,Mammoth Cutters,AMMO,TRAINER,1000,22,34,64,1
41164,Mammoth Cutters,AMMO,TRAINER,1000,24,34,70,1
41164,Mammoth Cutters,AMMO,TRAINER,1000,23,34,67,1
41164,Mammoth Cutters,AMMO,TRAINER,1000,22,34,64,1
3470,Rough Grinding Stone,INTERMEDIATE,TRAINER,12,29,24,120,0
43853,Titanium Skeleton Key,MISC,TRAINER,20,6291,7000,89,1
43853,Titanium Skeleton Key,MISC,TRAINER,20,6165,7000,88,1
43853,Titanium Skeleton Key,MISC,TRAINER,20,6291,7000,89,1
43853,Titanium Skeleton Key,MISC,TRAINER,20,6165,7000,88,1
43853,Titanium Skeleton Key,MISC,TRAINER,20,6291,7000,89,1
43853,Titanium Skeleton Key,MISC,TRAINER,20,6165,7000,88,1
43853,Titanium Skeleton Key,MISC,TRAINER,20,6291,7000,89,1
43853,Titanium Skeleton Key,MISC,TRAINER,20,6165,7000,88,1
43853,Titanium Skeleton Key,MISC,TRAINER,20,6291,7000,89,1
43853,Titanium Skeleton Key,MISC,TRAINER,20,6165,7000,88,1
43853,Titanium Skeleton Key,MISC,TRAINER,20,6291,7000,89,1
43853,Titanium Skeleton Key,MISC,TRAINER,20,6165,7000,88,1
43853,Titanium Skeleton Key,MISC,TRAINER,20,6291,7000,89,1
41603,Azure Spellthread,MISC,TRAINER,8,114965,124800,92,1
45773,Emerald Bag,BAG,VENDOR,1,813960,720000,113,0
45773,Emerald Bag,BAG,VENDOR,1,789541,720000,109,0
43250,Ring of Earthen Might,GEAR,VENDOR,1,62832,88000,71,1
43250,Ring of Earthen Might,GEAR,VENDOR,1,60318,88000,68,1
43250,Ring of Earthen Might,GEAR,VENDOR,1,59714,88000,67,1
43250,Ring of Earthen Might,GEAR,VENDOR,1,62832,88000,71,1
43250,Ring of Earthen Might,GEAR,VENDOR,1,60318,88000,68,1
43250,Ring of Earthen Might,GEAR,VENDOR,1,59714,88000,67,1
41367,Dark Jade Focusing Lens,MISC,TRAINER,1,15088,20000,75,1
41367,Dark Jade Focusing Lens,MISC,TRAINER,1,14333,20000,71,1
41367,Dark Jade Focusing Lens,MISC,TRAINER,1,14189,20000,70,1
41367,Dark Jade Focusing Lens,MISC,TRAINER,1,15088,20000,75,1
41367,Dark Jade Focusing Lens,MISC,TRAINER,1,14333,20000,71,1
41367,Dark Jade Focusing Lens,MISC,TRAINER,1,14189,20000,70,1
41367,Dark Jade Focusing Lens,MISC,TRAINER,1,15088,20000,75,1
41367,Dark Jade Focusing Lens,MISC,TRAINER,1,14333,20000,71,1
41367,Dark Jade Focusing Lens,MISC,TRAINER,1,14189,20000,70,1
41367,Dark Jade Focusing Lens,MISC,TRAINER,1,15088,20000,75,1
41367,Dark Jade Focusing Lens,MISC,TRAINER,1,14333,20000,71,1
41603,Azure Spellthread,MISC,TRAINER,11,86835,124800,69,1
41509,Frostweave Net,MISC,TRAINER,20,7290,9000,81,1
41509,Frostweave Net,MISC,TRAINER,20,7217,9000,80,1
41509,Frostweave Net,MISC,TRAINER,20,6856,9000,76,1
41509,Frostweave Net,MISC,TRAINER,10,7290,9000,81,1
22449,Large Prismatic Shard,INTERMEDIATE,VENDOR,12,248520,240000,103,1
22449,Large Prismatic Shard,INTERMEDIATE,VENDOR,2,241064,240000,100,1
40067,Icy Mana Potion,ELIXIR_POT,TRAINER,10,12000,12000,100,0
46378,Flask of Pure Mojo,FLASK,TRAINER,5,43914,53450,82,1
46378,Flask of Pure Mojo,FLASK,TRAINER,7,42596,53450,79,1
43250,Ring of Earthen Might,GEAR,VENDOR,1,74131,88000,84,1
43250,Ring of Earthen Might,GEAR,VENDOR,1,71165,88000,80,1
43250,Ring of Earthen Might,GEAR,VENDOR,1,70453,88000,80,1
43250,Ring of Earthen Might,GEAR,VENDOR,1,74131,88000,84,1
43250,Ring of Earthen Might,GEAR,VENDOR,1,71165,88000,80,1
43250,Ring of Earthen Might,GEAR,VENDOR,1,70453,88000,80,1
43250,Ring of Earthen Might,GEAR,VENDOR,1,74131,88000,84,1
43250,Ring of Earthen Might,GEAR,VENDOR,1,71165,88000,80,1
43250,Ring of Earthen Might,GEAR,VENDOR,1,70453,88000,80,1
43250,Ring of Earthen Might,GEAR,VENDOR,1,74131,88000,84,1
43250,Ring of Earthen Might,GEAR,VENDOR,1,71165,88000,80,1
43565,Durable Nerubhide Cape,GEAR,TRAINER,1,506688,754000,67,1
43565,Durable Nerubhide Cape,GEAR,TRAINER,1,481353,754000,63,1
43565,Durable Nerubhide Cape,GEAR,TRAINER,1,506688,754000,67,1
43565,Durable Nerubhide Cape,GEAR,TRAINER,1,481353,754000,63,1
43565,Durable Nerubhide Cape,GEAR,TRAINER,1,506688,754000,67,1
43565,Durable Nerubhide Cape,GEAR,TRAINER,1,481353,754000,63,1
43565,Durable Nerubhide Cape,GEAR,TRAINER,1,506688,754000,67,1
43565,Durable Nerubhide Cape,GEAR,TRAINER,1,481353,754000,63,1
43565,Durable Nerubhide Cape,GEAR,TRAINER,1,506688,754000,67,1
43565,Durable Nerubhide Cape,GEAR,TRAINER,1,481353,754000,63,1
43565,Durable Nerubhide Cape,GEAR,TRAINER,1,506688,754000,67,1
43565,Durable Nerubhide Cape,GEAR,TRAINER,1,481353,754000,63,1
43565,Durable Nerubhide Cape,GEAR,TRAINER,1,506688,754000,67,1
43565,Durable Nerubhide Cape,GEAR,TRAINER,1,481353,754000,63,1
49632,Runescroll of Fortitude,MISC,TRAINER,20,4065,5080,80,1
49632,Runescroll of Fortitude,MISC,TRAINER,20,3861,5080,76,1
41595,Spellweave,INTERMEDIATE,TRAINER,8,168714,195000,86,1
41595,Spellweave,INTERMEDIATE,TRAINER,5,161965,195000,83,1
34767,Firecracker Salmon,FOOD,VENDOR,10,39,49,79,1
43248,Stoneguard Band,GEAR,TRAINER,1,39254,48000,81,1
43248,Stoneguard Band,GEAR,TRAINER,1,38861,48000,80,1
43248,Stoneguard Band,GEAR,TRAINER,1,38083,48000,79,1
43248,Stoneguard Band,GEAR,TRAINER,1,39254,48000,81,1
43248,Stoneguard Band,GEAR,TRAINER,1,38861,48000,80,1
23785,Hardened Adamantite Tube,INTERMEDIATE,TRAINER,4,2,3,66,1
23785,Hardened Adamantite Tube,INTERMEDIATE,TRAINER,3,1,3,33,1
41594,Moonshroud,INTERMEDIATE,TRAINER,7,131625,195000,67,1
41594,Moonshroud,INTERMEDIATE,TRAINER,2,128992,195000,66,1
44936,Titanium Plating,MISC,VENDOR,6,158188,176000,89,1
43853,Titanium Skeleton Key,MISC,TRAINER,20,5569,7000,79,1
43853,Titanium Skeleton Key,MISC,TRAINER,20,5457,7000,77,1
43853,Titanium Skeleton Key,MISC,TRAINER,20,5238,7000,74,1
43853,Titanium Skeleton Key,MISC,TRAINER,20,5569,7000,79,1
43853,Titanium Skeleton Key,MISC,TRAINER,20,5457,7000,77,1
43853,Titanium Skeleton Key,MISC,TRAINER,20,5238,7000,74,1
43853,Titanium Skeleton Key,MISC,TRAINER,20,5569,7000,79,1
43853,Titanium Skeleton Key,MISC,TRAINER,20,5457,7000,77,1
43853,Titanium Skeleton Key,MISC,TRAINER,20,5238,7000,74,1
43853,Titanium Skeleton Key,MISC,TRAINER,20,5569,7000,79,1
43853,Titanium Skeleton Key,MISC,TRAINER,20,5457,7000,77,1
43853,Titanium Skeleton Key,MISC,TRAINER,20,5238,7000,74,1
42336,Bloodstone Band,GEAR,TRAINER,1,22696,24800,91,1
42336,Bloodstone Band,GEAR,TRAINER,1,22242,24800,89,1
42336,Bloodstone Band,GEAR,TRAINER,1,21574,24800,86,1
42336,Bloodstone Band,GEAR,TRAINER,1,22696,24800,91,1
42336,Bloodstone Band,GEAR,TRAINER,1,22242,24800,89,1
42336,Bloodstone Band,GEAR,TRAINER,1,21574,24800,86,1
42336,Bloodstone Band,GEAR,TRAINER,1,22696,24800,91,1
45773,Emerald Bag,BAG,VENDOR,1,727272,720000,101,0
43250,Ring of Earthen Might,GEAR,VENDOR,1,68824,88000,78,1
43250,Ring of Earthen Might,GEAR,VENDOR,1,65382,88000,74,1
43250,Ring of Earthen Might,GEAR,VENDOR,1,64074,88000,72,1
43250,Ring of Earthen Might,GEAR,VENDOR,1,68824,88000,78,1
43250,Ring of Earthen Might,GEAR,VENDOR,1,65382,88000,74,1
43250,Ring of Earthen Might,GEAR,VENDOR,1,64074,88000,72,1
43250,Ring of Earthen Might,GEAR,VENDOR,1,68824,88000,78,1
43250,Ring of Earthen Might,GEAR,VENDOR,1,65382,88000,74,1
43250,Ring of Earthen Might,GEAR,VENDOR,1,64074,88000,72,1
40195,Pygmy Oil,INTERMEDIATE,TRAINER,5,213,300,71,1
38590,Black Chitinguard Boots,GEAR,TRAINER,1,131231,179400,73,1
38590,Black Chitinguard Boots,GEAR,TRAINER,1,129918,179400,72,1
38590,Black Chitinguard Boots,GEAR,TRAINER,1,131231,179400,73,1
38590,Black Chitinguard Boots,GEAR,TRAINER,1,129918,179400,72,1
38590,Black Chitinguard Boots,GEAR,TRAINER,1,131231,179400,73,1
38590,Black Chitinguard Boots,GEAR,TRAINER,1,129918,179400,72,1
38590,Black Chitinguard Boots,GEAR,TRAINER,1,131231,179400,73,1
38590,Black Chitinguard Boots,GEAR,TRAINER,1,129918,179400,72,1
38590,Black Chitinguard Boots,GEAR,TRAINER,1,131231,179400,73,1
38590,Black Chitinguard Boots,GEAR,TRAINER,1,129918,179400,72,1
38590,Black Chitinguard Boots,GEAR,TRAINER,1,131231,179400,73,1
38590,Black Chitinguard Boots,GEAR,TRAINER,1,129918,179400,72,1
38590,Black Chitinguard Boots,GEAR,TRAINER,1,131231,179400,73,1
34769,Imperial Manta Steak,FOOD,VENDOR,12,31,49,63,1
22448,Small Prismatic Shard,INTERMEDIATE,TRAINER,1,1,0,0,1
22448,Small Prismatic Shard,INTERMEDIATE,TRAINER,14,1,0,0,1
8827,Elixir of Water Walking,ELIXIR_POT,UNSOURCED,9,5488,6180,88,1
44958,Ethereal Oil,INTERMEDIATE,TRAINER,4,69,96,71,1
44958,Ethereal Oil,INTERMEDIATE,TRAINER,1,67,96,69,1
41165,Saronite Razorheads,AMMO,TRAINER,1000,53,60,88,1
41165,Saronite Razorheads,AMMO,TRAINER,1000,51,60,85,1
41165,Saronite Razorheads,AMMO,TRAINER,1000,48,60,80,1
41165,Saronite Razorheads,AMMO,TRAINER,1000,45,60,75,1
41165,Saronite Razorheads,AMMO,TRAINER,1000,53,60,88,1
41165,Saronite Razorheads,AMMO,TRAINER,1000,51,60,85,1
41511,Bolt of Imbued Frostweave,INTERMEDIATE,TRAINER,4,128184,147000,87,1
41511,Bolt of Imbued Frostweave,INTERMEDIATE,TRAINER,1,121774,147000,82,1
41745,Titanium Rod,INTERMEDIATE,TRAINER,1,88192,80000,110,0
41745,Titanium Rod,INTERMEDIATE,TRAINER,1,85546,80000,106,0
41745,Titanium Rod,INTERMEDIATE,TRAINER,1,88192,80000,110,0
41745,Titanium Rod,INTERMEDIATE,TRAINER,1,85546,80000,106,0
41745,Titanium Rod,INTERMEDIATE,TRAINER,1,88192,80000,110,0
41745,Titanium Rod,INTERMEDIATE,TRAINER,1,85546,80000,106,0
41745,Titanium Rod,INTERMEDIATE,TRAINER,1,88192,80000,110,0
41745,Titanium Rod,INTERMEDIATE,TRAINER,1,85546,80000,106,0
41745,Titanium Rod,INTERMEDIATE,TRAINER,1,88192,80000,110,0
41745,Titanium Rod,INTERMEDIATE,TRAINER,1,85546,80000,106,0
41745,Titanium Rod,INTERMEDIATE,TRAINER,1,88192,80000,110,0
41745,Titanium Rod,INTERMEDIATE,TRAINER,1,85546,80000,106,0
41745,Titanium Rod,INTERMEDIATE,TRAINER,1,88192,80000,110,0
41745,Titanium Rod,INTERMEDIATE,TRAINER,1,85546,80000,106,0
41602,Brilliant Spellthread,MISC,VENDOR,15,578382,586000,98,1
41509,Frostweave Net,MISC,TRAINER,20,6624,9000,73,1
41509,Frostweave Net,MISC,TRAINER,20,6557,9000,72,1
41509,Frostweave Net,MISC,TRAINER,15,6294,9000,69,1
43250,Ring of Earthen Might,GEAR,VENDOR,1,79340,88000,90,1
43250,Ring of Earthen Might,GEAR,VENDOR,1,75373,88000,85,1
43250,Ring of Earthen Might,GEAR,VENDOR,1,79340,88000,90,1
43250,Ring of Earthen Might,GEAR,VENDOR,1,75373,88000,85,1
43250,Ring of Earthen Might,GEAR,VENDOR,1,79340,88000,90,1
43250,Ring of Earthen Might,GEAR,VENDOR,1,75373,88000,85,1
43250,Ring of Earthen Might,GEAR,VENDOR,1,79340,88000,90,1
22448,Small Prismatic Shard,INTERMEDIATE,TRAINER,20,1,0,0,1
22448,Small Prismatic Shard,INTERMEDIATE,TRAINER,1,1,0,0,1
40175,Dazzling Eye of Zul,GEM_CUT,VENDOR,1,330000,250000,132,0
41164,Mammoth Cutters,AMMO,TRAINER,1000,30,34,88,1
41164,Mammoth Cutters,AMMO,TRAINER,1000,29,34,85,1
41164,Mammoth Cutters,AMMO,TRAINER,1000,30,34,88,1
41164,Mammoth Cutters,AMMO,TRAINER,1000,29,34,85,1
41164,Mammoth Cutters,AMMO,TRAINER,1000,30,34,88,1
41164,Mammoth Cutters,AMMO,TRAINER,1000,29,34,85,1
41164,Mammoth Cutters,AMMO,TRAINER,1000,30,34,88,1
41164,Mammoth Cutters,AMMO,TRAINER,1000,29,34,85,1
41164,Mammoth Cutters,AMMO,TRAINER,1000,30,34,88,1
41164,Mammoth Cutters,AMMO,TRAINER,1000,29,34,85,1
41164,Mammoth Cutters,AMMO,TRAINER,1000,30,34,88,1
44958,Ethereal Oil,INTERMEDIATE,TRAINER,13,68,96,70,1
44958,Ethereal Oil,INTERMEDIATE,TRAINER,2,66,96,68,1
49632,Runescroll of Fortitude,MISC,TRAINER,20,4081,5080,80,1
49632,Runescroll of Fortitude,MISC,TRAINER,20,3958,5080,77,1
49632,Runescroll of Fortitude,MISC,TRAINER,5,3918,5080,77,1
22448,Small Prismatic Shard,INTERMEDIATE,TRAINER,20,1,0,0,1
22448,Small Prismatic Shard,INTERMEDIATE,TRAINER,5,1,0,0,1
22448,Small Prismatic Shard,INTERMEDIATE,TRAINER,5,1,0,0,1
22448,Small Prismatic Shard,INTERMEDIATE,TRAINER,20,1,0,0,1
22448,Small Prismatic Shard,INTERMEDIATE,TRAINER,10,1,0,0,1
22448,Small Prismatic Shard,INTERMEDIATE,TRAINER,3,1,0,0,1
41598,Mysterious Bag,BAG,VENDOR,1,606300,750000,80,1
41598,Mysterious Bag,BAG,VENDOR,1,575985,750000,76,1
41598,Mysterious Bag,BAG,VENDOR,1,558705,750000,74,1
41598,Mysterious Bag,BAG,VENDOR,1,606300,750000,80,1
41598,Mysterious Bag,BAG,VENDOR,1,575985,750000,76,1
41598,Mysterious Bag,BAG,VENDOR,1,558705,750000,74,1
41598,Mysterious Bag,BAG,VENDOR,1,606300,750000,80,1
41598,Mysterious Bag,BAG,VENDOR,1,575985,750000,76,1
41598,Mysterious Bag,BAG,VENDOR,1,558705,750000,74,1
41598,Mysterious Bag,BAG,VENDOR,1,606300,750000,80,1
41598,Mysterious Bag,BAG,VENDOR,1,575985,750000,76,1
3486,Heavy Grinding Stone,INTERMEDIATE,TRAINER,4,1280,1035,123,0
3486,Heavy Grinding Stone,INTERMEDIATE,TRAINER,9,1241,1035,119,0
21340,Soul Pouch,BAG,VENDOR,1,101618,80078,126,0
21340,Soul Pouch,BAG,VENDOR,1,100601,80078,125,0
41509,Frostweave Net,MISC,TRAINER,20,8143,9000,90,1
41509,Frostweave Net,MISC,TRAINER,20,8061,9000,89,1
38347,Mammoth Mining Bag,BAG,VENDOR,1,618192,432000,143,0
38347,Mammoth Mining Bag,BAG,VENDOR,1,612010,432000,141,0
38347,Mammoth Mining Bag,BAG,VENDOR,1,593649,432000,137,0
22448,Small Prismatic Shard,INTERMEDIATE,TRAINER,20,1,0,0,1
22448,Small Prismatic Shard,INTERMEDIATE,TRAINER,17,1,0,0,1
22448,Small Prismatic Shard,INTERMEDIATE,TRAINER,2,1,0,0,1
41164,Mammoth Cutters,AMMO,TRAINER,1000,30,34,88,1
41164,Mammoth Cutters,AMMO,TRAINER,1000,29,34,85,1
41164,Mammoth Cutters,AMMO,TRAINER,1000,27,34,79,1
41164,Mammoth Cutters,AMMO,TRAINER,1000,30,34,88,1
41164,Mammoth Cutters,AMMO,TRAINER,1000,29,34,85,1
41164,Mammoth Cutters,AMMO,TRAINER,1000,27,34,79,1
41164,Mammoth Cutters,AMMO,TRAINER,1000,30,34,88,1
41164,Mammoth Cutters,AMMO,TRAINER,1000,29,34,85,1
41164,Mammoth Cutters,AMMO,TRAINER,1000,27,34,79,1
41164,Mammoth Cutters,AMMO,TRAINER,1000,30,34,88,1
41164,Mammoth Cutters,AMMO,TRAINER,1000,29,34,85,1
38409,Iceborne Gloves,GEAR,TRAINER,1,67651,72000,93,1
38409,Iceborne Gloves,GEAR,TRAINER,1,65621,72000,91,1
38409,Iceborne Gloves,GEAR,TRAINER,1,63652,72000,88,1
38409,Iceborne Gloves,GEAR,TRAINER,1,61742,72000,85,1
38409,Iceborne Gloves,GEAR,TRAINER,1,67651,72000,93,1
38409,Iceborne Gloves,GEAR,TRAINER,1,65621,72000,91,1
38409,Iceborne Gloves,GEAR,TRAINER,1,63652,72000,88,1
38409,Iceborne Gloves,GEAR,TRAINER,1,61742,72000,85,1
38409,Iceborne Gloves,GEAR,TRAINER,1,67651,72000,93,1
38409,Iceborne Gloves,GEAR,TRAINER,1,65621,72000,91,1
38409,Iceborne Gloves,GEAR,TRAINER,1,63652,72000,88,1
38409,Iceborne Gloves,GEAR,TRAINER,1,61742,72000,85,1
43258,Purehorn Spaulders,GEAR,TRAINER,1,161865,198000,81,1
43258,Purehorn Spaulders,GEAR,TRAINER,1,160246,198000,80,1
43258,Purehorn Spaulders,GEAR,TRAINER,1,161865,198000,81,1
43258,Purehorn Spaulders,GEAR,TRAINER,1,160246,198000,80,1
43258,Purehorn Spaulders,GEAR,TRAINER,1,161865,198000,81,1
43258,Purehorn Spaulders,GEAR,TRAINER,1,160246,198000,80,1
43258,Purehorn Spaulders,GEAR,TRAINER,1,161865,198000,81,1
43258,Purehorn Spaulders,GEAR,TRAINER,1,160246,198000,80,1
43258,Purehorn Spaulders,GEAR,TRAINER,1,161865,198000,81,1
43258,Purehorn Spaulders,GEAR,TRAINER,1,160246,198000,80,1
43258,Purehorn Spaulders,GEAR,TRAINER,1,161865,198000,81,1
43258,Purehorn Spaulders,GEAR,TRAINER,1,160246,198000,80,1
43258,Purehorn Spaulders,GEAR,TRAINER,1,161865,198000,81,1
43258,Purehorn Spaulders,GEAR,TRAINER,1,160246,198000,80,1
43258,Purehorn Spaulders,GEAR,TRAINER,1,161865,198000,81,1
43252,Windfire Band,GEAR,VENDOR,1,102547,112000,91,1
43252,Windfire Band,GEAR,VENDOR,1,101521,112000,90,1
43252,Windfire Band,GEAR,VENDOR,1,96444,112000,86,1
43252,Windfire Band,GEAR,VENDOR,1,92586,112000,82,1
43252,Windfire Band,GEAR,VENDOR,1,102547,112000,91,1
43252,Windfire Band,GEAR,VENDOR,1,101521,112000,90,1
43252,Windfire Band,GEAR,VENDOR,1,96444,112000,86,1
43252,Windfire Band,GEAR,VENDOR,1,92586,112000,82,1
43252,Windfire Band,GEAR,VENDOR,1,102547,112000,91,1
43252,Windfire Band,GEAR,VENDOR,1,101521,112000,90,1
43252,Windfire Band,GEAR,VENDOR,1,96444,112000,86,1
43252,Windfire Band,GEAR,VENDOR,1,92586,112000,82,1
43252,Windfire Band,GEAR,VENDOR,1,102547,112000,91,1
46378,Flask of Pure Mojo,FLASK,TRAINER,5,58880,53450,110,0
46378,Flask of Pure Mojo,FLASK,TRAINER,5,55936,53450,104,0
24052,Thick Dawnstone,GEM_CUT,DROP,1,373968,120000,311,0
24052,Thick Dawnstone,GEM_CUT,DROP,1,370228,120000,308,0
24052,Thick Dawnstone,GEM_CUT,DROP,1,351716,120000,293,0
3577,Gold Bar,INTERMEDIATE,TRAINER,3,4879,3760,129,0
3577,Gold Bar,INTERMEDIATE,TRAINER,11,4781,3760,127,0
41165,Saronite Razorheads,AMMO,TRAINER,1000,48,60,80,1
41165,Saronite Razorheads,AMMO,TRAINER,1000,47,60,78,1
41165,Saronite Razorheads,AMMO,TRAINER,1000,46,60,76,1
41165,Saronite Razorheads,AMMO,TRAINER,1000,48,60,80,1
41165,Saronite Razorheads,AMMO,TRAINER,1000,47,60,78,1
41165,Saronite Razorheads,AMMO,TRAINER,1000,46,60,76,1
41165,Saronite Razorheads,AMMO,TRAINER,1000,48,60,80,1
41165,Saronite Razorheads,AMMO,TRAINER,1000,47,60,78,1
41165,Saronite Razorheads,AMMO,TRAINER,1000,46,60,76,1
41165,Saronite Razorheads,AMMO,TRAINER,1000,48,60,80,1
41165,Saronite Razorheads,AMMO,TRAINER,1000,47,60,78,1
22448,Small Prismatic Shard,INTERMEDIATE,TRAINER,20,1,0,0,1
22448,Small Prismatic Shard,INTERMEDIATE,TRAINER,5,1,0,0,1
22448,Small Prismatic Shard,INTERMEDIATE,TRAINER,8,1,0,0,1
40100,Lambent Forest Emerald,GEM_CUT,VENDOR,1,184140,150000,122,0
40100,Lambent Forest Emerald,GEM_CUT,VENDOR,1,180457,150000,120,0
23519,Felsteel Helm,GEAR,DROP,1,7,8,87,1
23519,Felsteel Helm,GEAR,DROP,1,6,8,75,1
23519,Felsteel Helm,GEAR,DROP,1,5,8,62,1
23519,Felsteel Helm,GEAR,DROP,1,4,8,50,1
23519,Felsteel Helm,GEAR,DROP,1,7,8,87,1
23519,Felsteel Helm,GEAR,DROP,1,6,8,75,1
23519,Felsteel Helm,GEAR,DROP,1,5,8,62,1
23519,Felsteel Helm,GEAR,DROP,1,4,8,50,1
23519,Felsteel Helm,GEAR,DROP,1,7,8,87,1
23519,Felsteel Helm,GEAR,DROP,1,6,8,75,1
43252,Windfire Band,GEAR,VENDOR,1,96868,112000,86,1
43252,Windfire Band,GEAR,VENDOR,1,92993,112000,83,1
43252,Windfire Band,GEAR,VENDOR,1,96868,112000,86,1
43252,Windfire Band,GEAR,VENDOR,1,92993,112000,83,1
43252,Windfire Band,GEAR,VENDOR,1,96868,112000,86,1
43252,Windfire Band,GEAR,VENDOR,1,92993,112000,83,1
43252,Windfire Band,GEAR,VENDOR,1,96868,112000,86,1
43252,Windfire Band,GEAR,VENDOR,1,92993,112000,83,1
43252,Windfire Band,GEAR,VENDOR,1,96868,112000,86,1
43252,Windfire Band,GEAR,VENDOR,1,92993,112000,83,1
43252,Windfire Band,GEAR,VENDOR,1,96868,112000,86,1
43252,Windfire Band,GEAR,VENDOR,1,92993,112000,83,1
43252,Windfire Band,GEAR,VENDOR,1,96868,112000,86,1
43252,Windfire Band,GEAR,VENDOR,1,92993,112000,83,1
43252,Windfire Band,GEAR,VENDOR,1,96868,112000,86,1
41603,Azure Spellthread,MISC,TRAINER,15,81519,124800,65,1
23573,Hardened Adamantite Bar,INTERMEDIATE,TRAINER,1,180000,180000,100,0
23573,Hardened Adamantite Bar,INTERMEDIATE,TRAINER,4,180000,180000,100,0
23559,Lesser Rune of Warding,MISC,TRAINER,4,19816,18000,110,0
40154,Durable Ametrine,GEM_CUT,VENDOR,1,302500,250000,121,0
40154,Durable Ametrine,GEM_CUT,VENDOR,1,290400,250000,116,0
32836,Purified Shadow Pearl,GEM_CUT,TRAINER,1,7624,9280,82,1
32836,Purified Shadow Pearl,GEM_CUT,TRAINER,1,7319,9280,78,1
32836,Purified Shadow Pearl,GEM_CUT,TRAINER,1,7172,9280,77,1
32836,Purified Shadow Pearl,GEM_CUT,TRAINER,1,7624,9280,82,1
32836,Purified Shadow Pearl,GEM_CUT,TRAINER,1,7319,9280,78,1
32836,Purified Shadow Pearl,GEM_CUT,TRAINER,1,7172,9280,77,1
32836,Purified Shadow Pearl,GEM_CUT,TRAINER,1,7624,9280,82,1
32836,Purified Shadow Pearl,GEM_CUT,TRAINER,1,7319,9280,78,1
32836,Purified Shadow Pearl,GEM_CUT,TRAINER,1,7172,9280,77,1
32836,Purified Shadow Pearl,GEM_CUT,TRAINER,1,7624,9280,82,1
32836,Purified Shadow Pearl,GEM_CUT,TRAINER,1,7319,9280,78,1
32836,Purified Shadow Pearl,GEM_CUT,TRAINER,1,7172,9280,77,1
22445,Arcane Dust,INTERMEDIATE,UNSOURCED,13,4196,5013,83,1
22445,Arcane Dust,INTERMEDIATE,UNSOURCED,2,3986,5013,79,1
42420,Shadow Crystal Focusing Lens,MISC,TRAINER,1,18564,20000,92,1
42420,Shadow Crystal Focusing Lens,MISC,TRAINER,1,17821,20000,89,1
42420,Shadow Crystal Focusing Lens,MISC,TRAINER,1,17108,20000,85,1
42420,Shadow Crystal Focusing Lens,MISC,TRAINER,1,18564,20000,92,1
42420,Shadow Crystal Focusing Lens,MISC,TRAINER,1,17821,20000,89,1
42420,Shadow Crystal Focusing Lens,MISC,TRAINER,1,17108,20000,85,1
42420,Shadow Crystal Focusing Lens,MISC,TRAINER,1,18564,20000,92,1
42420,Shadow Crystal Focusing Lens,MISC,TRAINER,1,17821,20000,89,1
41595,Spellweave,INTERMEDIATE,TRAINER,10,163020,195000,83,1
38375,Borean Armor Kit,MISC,TRAINER,10,31284,36000,86,1
38375,Borean Armor Kit,MISC,TRAINER,4,30971,36000,86,1
23104,Jagged Deep Peridot,GEM_CUT,TRAINER,1,25830,20000,129,0
23104,Jagged Deep Peridot,GEM_CUT,TRAINER,1,25313,20000,126,0
41509,Frostweave Net,MISC,TRAINER,20,8170,9000,90,1
41509,Frostweave Net,MISC,TRAINER,20,7924,9000,88,1
41509,Frostweave Net,MISC,TRAINER,20,8170,9000,90,1
41509,Frostweave Net,MISC,TRAINER,15,7924,9000,88,1
49632,Runescroll of Fortitude,MISC,TRAINER,20,4586,5080,90,1
49632,Runescroll of Fortitude,MISC,TRAINER,20,4540,5080,89,1
41603,Azure Spellthread,MISC,TRAINER,11,125149,124800,100,1
38425,Heavy Borean Leather,INTERMEDIATE,TRAINER,6,61803,54000,114,0
38425,Heavy Borean Leather,INTERMEDIATE,TRAINER,4,58712,54000,108,0
41509,Frostweave Net,MISC,TRAINER,20,6237,9000,69,1
41509,Frostweave Net,MISC,TRAINER,10,6112,9000,67,1
24269,Heavy Netherweave Net,MISC,UNSOURCED,2,35003,14400,243,0
44958,Ethereal Oil,INTERMEDIATE,TRAINER,4,72,96,75,1
44958,Ethereal Oil,INTERMEDIATE,TRAINER,10,70,96,72,1
43853,Titanium Skeleton Key,MISC,TRAINER,20,6529,7000,93,1
43853,Titanium Skeleton Key,MISC,TRAINER,20,6463,7000,92,1
43853,Titanium Skeleton Key,MISC,TRAINER,20,6204,7000,88,1
43853,Titanium Skeleton Key,MISC,TRAINER,20,6529,7000,93,1
43853,Titanium Skeleton Key,MISC,TRAINER,20,6463,7000,92,1
43853,Titanium Skeleton Key,MISC,TRAINER,20,6204,7000,88,1
38399,Trapper's Traveling Pack,BAG,VENDOR,1,564537,432000,130,0
22448,Small Prismatic Shard,INTERMEDIATE,TRAINER,9,1,0,0,1
22448,Small Prismatic Shard,INTERMEDIATE,TRAINER,9,1,0,0,1
40026,Purified Twilight Opal,GEM_CUT,DROP,1,432135,150000,288,0
40026,Purified Twilight Opal,GEM_CUT,DROP,1,419170,150000,279,0
40026,Purified Twilight Opal,GEM_CUT,DROP,1,410786,150000,273,0
40217,Mighty Shadow Protection Potion,ELIXIR_POT,DROP,9,9639,10800,89,1
24036,Flashing Living Ruby,GEM_CUT,DROP,1,222264,120000,185,0
24036,Flashing Living Ruby,GEM_CUT,DROP,1,220041,120000,183,0
24036,Flashing Living Ruby,GEM_CUT,DROP,1,215640,120000,179,0
22448,Small Prismatic Shard,INTERMEDIATE,TRAINER,20,1,0,0,1
22448,Small Prismatic Shard,INTERMEDIATE,TRAINER,13,1,0,0,1
22448,Small Prismatic Shard,INTERMEDIATE,TRAINER,3,1,0,0,1
22448,Small Prismatic Shard,INTERMEDIATE,TRAINER,20,1,0,0,1
22448,Small Prismatic Shard,INTERMEDIATE,TRAINER,6,1,0,0,1
22448,Small Prismatic Shard,INTERMEDIATE,TRAINER,4,1,0,0,1
23519,Felsteel Helm,GEAR,DROP,1,6,8,75,1
23519,Felsteel Helm,GEAR,DROP,1,5,8,62,1
23519,Felsteel Helm,GEAR,DROP,1,4,8,50,1
23519,Felsteel Helm,GEAR,DROP,1,4,8,50,1
23519,Felsteel Helm,GEAR,DROP,1,6,8,75,1
23519,Felsteel Helm,GEAR,DROP,1,5,8,62,1
23519,Felsteel Helm,GEAR,DROP,1,4,8,50,1
8827,Elixir of Water Walking,ELIXIR_POT,UNSOURCED,11,5518,6180,89,1
22445,Arcane Dust,INTERMEDIATE,UNSOURCED,20,4397,5013,87,1
22445,Arcane Dust,INTERMEDIATE,UNSOURCED,3,4353,5013,86,1
22445,Arcane Dust,INTERMEDIATE,UNSOURCED,1,4135,5013,82,1
40217,Mighty Shadow Protection Potion,ELIXIR_POT,DROP,5,9943,10800,92,1
40217,Mighty Shadow Protection Potion,ELIXIR_POT,DROP,5,9445,10800,87,1
40217,Mighty Shadow Protection Potion,ELIXIR_POT,DROP,5,9943,10800,92,1
21990,Netherweave Bandage,MISC,TRAINER,6,4233,4800,88,1
21844,Bolt of Soulcloth,INTERMEDIATE,VENDOR,1,183456,144000,127,0
21844,Bolt of Soulcloth,INTERMEDIATE,VENDOR,5,176117,144000,122,0
44958,Ethereal Oil,INTERMEDIATE,TRAINER,6,82,96,85,1
44958,Ethereal Oil,INTERMEDIATE,TRAINER,7,79,96,82,1
46379,Flask of Stoneblood,FLASK,TRAINER,5,38012,56600,67,1
46379,Flask of Stoneblood,FLASK,TRAINER,9,36111,56600,63,1
40215,Mighty Frost Protection Potion,ELIXIR_POT,DROP,5,9140,10800,84,1
40215,Mighty Frost Protection Potion,ELIXIR_POT,DROP,4,8774,10800,81,1
41164,Mammoth Cutters,AMMO,TRAINER,1000,27,34,79,1
41164,Mammoth Cutters,AMMO,TRAINER,1000,25,34,73,1
41164,Mammoth Cutters,AMMO,TRAINER,1000,24,34,70,1
41164,Mammoth Cutters,AMMO,TRAINER,1000,23,34,67,1
41164,Mammoth Cutters,AMMO,TRAINER,1000,27,34,79,1
41164,Mammoth Cutters,AMMO,TRAINER,1000,25,34,73,1
41164,Mammoth Cutters,AMMO,TRAINER,1000,24,34,70,1
41164,Mammoth Cutters,AMMO,TRAINER,1000,23,34,67,1
41164,Mammoth Cutters,AMMO,TRAINER,1000,27,34,79,1
41164,Mammoth Cutters,AMMO,TRAINER,1000,25,34,73,1
41164,Mammoth Cutters,AMMO,TRAINER,1000,24,34,70,1
41164,Mammoth Cutters,AMMO,TRAINER,1000,23,34,67,1
41164,Mammoth Cutters,AMMO,TRAINER,1000,27,34,79,1
41164,Mammoth Cutters,AMMO,TRAINER,1000,25,34,73,1
41164,Mammoth Cutters,AMMO,TRAINER,1000,24,34,70,1
32217,Inscribed Pyrestone,GEM_CUT,DROP,1,499800,250000,199,0
32217,Inscribed Pyrestone,GEM_CUT,DROP,1,474810,250000,189,0
42336,Bloodstone Band,GEAR,TRAINER,1,22833,24800,92,1
42336,Bloodstone Band,GEAR,TRAINER,1,21919,24800,88,1
42336,Bloodstone Band,GEAR,TRAINER,1,22833,24800,92,1
42336,Bloodstone Band,GEAR,TRAINER,1,21919,24800,88,1
42336,Bloodstone Band,GEAR,TRAINER,1,22833,24800,92,1
42336,Bloodstone Band,GEAR,TRAINER,1,21919,24800,88,1
42336,Bloodstone Band,GEAR,TRAINER,1,22833,24800,92,1
42336,Bloodstone Band,GEAR,TRAINER,1,21919,24800,88,1
42336,Bloodstone Band,GEAR,TRAINER,1,22833,24800,92,1
42336,Bloodstone Band,GEAR,TRAINER,1,21919,24800,88,1
42336,Bloodstone Band,GEAR,TRAINER,1,22833,24800,92,1
43973,Frostsavage Shoulders,GEAR,TRAINER,1,484098,520200,93,1
43973,Frostsavage Shoulders,GEAR,TRAINER,1,464734,520200,89,1
43973,Frostsavage Shoulders,GEAR,TRAINER,1,484098,520200,93,1
43973,Frostsavage Shoulders,GEAR,TRAINER,1,464734,520200,89,1
43973,Frostsavage Shoulders,GEAR,TRAINER,1,484098,520200,93,1
43973,Frostsavage Shoulders,GEAR,TRAINER,1,464734,520200,89,1
43973,Frostsavage Shoulders,GEAR,TRAINER,1,484098,520200,93,1
43973,Frostsavage Shoulders,GEAR,TRAINER,1,464734,520200,89,1
43973,Frostsavage Shoulders,GEAR,TRAINER,1,484098,520200,93,1
43973,Frostsavage Shoulders,GEAR,TRAINER,1,464734,520200,89,1
43973,Frostsavage Shoulders,GEAR,TRAINER,1,484098,520200,93,1
41601,Shining Spellthread,MISC,TRAINER,9,89856,124800,72,1
23518,Felsteel Leggings,GEAR,DROP,1,4,8,50,1
23518,Felsteel Leggings,GEAR,DROP,1,4,8,50,1
23518,Felsteel Leggings,GEAR,DROP,1,4,8,50,1
23518,Felsteel Leggings,GEAR,DROP,1,4,8,50,1
23518,Felsteel Leggings,GEAR,DROP,1,4,8,50,1
23518,Felsteel Leggings,GEAR,DROP,1,4,8,50,1
23518,Felsteel Leggings,GEAR,DROP,1,4,8,50,1
23518,Felsteel Leggings,GEAR,DROP,1,4,8,50,1
23518,Felsteel Leggings,GEAR,DROP,1,4,8,50,1
23518,Felsteel Leggings,GEAR,DROP,1,4,8,50,1
41165,Saronite Razorheads,AMMO,TRAINER,1000,47,60,78,1
41165,Saronite Razorheads,AMMO,TRAINER,1000,46,60,76,1
41165,Saronite Razorheads,AMMO,TRAINER,1000,45,60,75,1
41165,Saronite Razorheads,AMMO,TRAINER,1000,42,60,70,1
41165,Saronite Razorheads,AMMO,TRAINER,1000,47,60,78,1
41164,Mammoth Cutters,AMMO,TRAINER,1000,27,34,79,1
41164,Mammoth Cutters,AMMO,TRAINER,1000,26,34,76,1
41164,Mammoth Cutters,AMMO,TRAINER,1000,27,34,79,1
41164,Mammoth Cutters,AMMO,TRAINER,1000,26,34,76,1
41164,Mammoth Cutters,AMMO,TRAINER,1000,27,34,79,1
41164,Mammoth Cutters,AMMO,TRAINER,1000,24,34,70,1
41164,Mammoth Cutters,AMMO,TRAINER,1000,23,34,67,1
41164,Mammoth Cutters,AMMO,TRAINER,1000,21,34,61,1
41164,Mammoth Cutters,AMMO,TRAINER,1000,24,34,70,1
41164,Mammoth Cutters,AMMO,TRAINER,1000,23,34,67,1
41164,Mammoth Cutters,AMMO,TRAINER,1000,21,34,61,1
41164,Mammoth Cutters,AMMO,TRAINER,1000,24,34,70,1
41164,Mammoth Cutters,AMMO,TRAINER,1000,23,34,67,1
41164,Mammoth Cutters,AMMO,TRAINER,1000,21,34,61,1
41164,Mammoth Cutters,AMMO,TRAINER,1000,24,34,70,1
41164,Mammoth Cutters,AMMO,TRAINER,1000,23,34,67,1
41164,Mammoth Cutters,AMMO,TRAINER,1000,21,34,61,1
41165,Saronite Razorheads,AMMO,TRAINER,1000,46,60,76,1
41165,Saronite Razorheads,AMMO,TRAINER,1000,44,60,73,1
41165,Saronite Razorheads,AMMO,TRAINER,1000,43,60,71,1
41165,Saronite Razorheads,AMMO,TRAINER,1000,46,60,76,1
41165,Saronite Razorheads,AMMO,TRAINER,1000,44,60,73,1
41165,Saronite Razorheads,AMMO,TRAINER,1000,43,60,71,1
41165,Saronite Razorheads,AMMO,TRAINER,1000,46,60,76,1
41165,Saronite Razorheads,AMMO,TRAINER,1000,44,60,73,1
44958,Ethereal Oil,INTERMEDIATE,TRAINER,7,73,96,76,1
44958,Ethereal Oil,INTERMEDIATE,TRAINER,3,70,96,72,1
43253,Ring of Northern Tears,GEAR,VENDOR,1,142548,164000,86,1
43253,Ring of Northern Tears,GEAR,VENDOR,1,136846,164000,83,1
43253,Ring of Northern Tears,GEAR,VENDOR,1,135477,164000,82,1
43253,Ring of Northern Tears,GEAR,VENDOR,1,132767,164000,80,1
43253,Ring of Northern Tears,GEAR,VENDOR,1,142548,164000,86,1
43253,Ring of Northern Tears,GEAR,VENDOR,1,136846,164000,83,1
43253,Ring of Northern Tears,GEAR,VENDOR,1,135477,164000,82,1
43253,Ring of Northern Tears,GEAR,VENDOR,1,132767,164000,80,1
43253,Ring of Northern Tears,GEAR,VENDOR,1,142548,164000,86,1
43253,Ring of Northern Tears,GEAR,VENDOR,1,136846,164000,83,1
43253,Ring of Northern Tears,GEAR,VENDOR,1,135477,164000,82,1
43253,Ring of Northern Tears,GEAR,VENDOR,1,132767,164000,80,1
43253,Ring of Northern Tears,GEAR,VENDOR,1,142548,164000,86,1
42641,Global Thermal Sapper Charge,MISC,TRAINER,20,4556,6900,66,1
42641,Global Thermal Sapper Charge,MISC,TRAINER,20,4510,6900,65,1
42641,Global Thermal Sapper Charge,MISC,TRAINER,15,4556,6900,66,1
25845,Eternium Rod,INTERMEDIATE,VENDOR,1,116176,80000,145,0
25845,Eternium Rod,INTERMEDIATE,VENDOR,1,110367,80000,137,0
25845,Eternium Rod,INTERMEDIATE,VENDOR,1,109263,80000,136,0
25845,Eternium Rod,INTERMEDIATE,VENDOR,1,103799,80000,129,0
25845,Eternium Rod,INTERMEDIATE,VENDOR,1,116176,80000,145,0
25845,Eternium Rod,INTERMEDIATE,VENDOR,1,110367,80000,137,0
25845,Eternium Rod,INTERMEDIATE,VENDOR,1,109263,80000,136,0
25845,Eternium Rod,INTERMEDIATE,VENDOR,1,103799,80000,129,0
25845,Eternium Rod,INTERMEDIATE,VENDOR,1,116176,80000,145,0
25845,Eternium Rod,INTERMEDIATE,VENDOR,1,110367,80000,137,0
25845,Eternium Rod,INTERMEDIATE,VENDOR,1,109263,80000,136,0
25845,Eternium Rod,INTERMEDIATE,VENDOR,1,103799,80000,129,0
25845,Eternium Rod,INTERMEDIATE,VENDOR,1,116176,80000,145,0
25845,Eternium Rod,INTERMEDIATE,VENDOR,1,110367,80000,137,0
25845,Eternium Rod,INTERMEDIATE,VENDOR,1,109263,80000,136,0
22445,Arcane Dust,INTERMEDIATE,UNSOURCED,20,4416,5013,88,1
22445,Arcane Dust,INTERMEDIATE,UNSOURCED,6,4239,5013,84,1
22445,Arcane Dust,INTERMEDIATE,UNSOURCED,7,4111,5013,82,1
8827,Elixir of Water Walking,ELIXIR_POT,UNSOURCED,9,4338,6180,70,1
23449,Khorium Bar,INTERMEDIATE,TRAINER,4,44520,40000,111,0
23449,Khorium Bar,INTERMEDIATE,TRAINER,4,42739,40000,106,0
44939,Lesser Flask of Resistance,FLASK,TRAINER,8,25214,24000,105,0
23519,Felsteel Helm,GEAR,DROP,1,6,8,75,1
23519,Felsteel Helm,GEAR,DROP,1,5,8,62,1
23519,Felsteel Helm,GEAR,DROP,1,4,8,50,1
23519,Felsteel Helm,GEAR,DROP,1,6,8,75,1
23519,Felsteel Helm,GEAR,DROP,1,5,8,62,1
41600,Glacial Bag,BAG,VENDOR,1,779328,990000,78,1
41600,Glacial Bag,BAG,VENDOR,1,748154,990000,75,1
41600,Glacial Bag,BAG,VENDOR,1,710746,990000,71,1
41600,Glacial Bag,BAG,VENDOR,1,682316,990000,68,1
41600,Glacial Bag,BAG,VENDOR,1,779328,990000,78,1
41600,Glacial Bag,BAG,VENDOR,1,748154,990000,75,1
41600,Glacial Bag,BAG,VENDOR,1,710746,990000,71,1
41600,Glacial Bag,BAG,VENDOR,1,682316,990000,68,1
22448,Small Prismatic Shard,INTERMEDIATE,TRAINER,20,1,0,0,1
22448,Small Prismatic Shard,INTERMEDIATE,TRAINER,2,1,0,0,1
22448,Small Prismatic Shard,INTERMEDIATE,TRAINER,8,1,0,0,1
42113,Spellweave Gloves,GEAR,TRAINER,1,1348000,1348000,100,0
42113,Spellweave Gloves,GEAR,TRAINER,1,1348000,1348000,100,0
42113,Spellweave Gloves,GEAR,TRAINER,1,1348000,1348000,100,0
40079,Lesser Flask of Toughness,FLASK,TRAINER,5,23150,21000,110,0
40079,Lesser Flask of Toughness,FLASK,TRAINER,1,22455,21000,106,0
44939,Lesser Flask of Resistance,FLASK,TRAINER,5,24000,24000,100,0
44939,Lesser Flask of Resistance,FLASK,TRAINER,5,24000,24000,100,0
44939,Lesser Flask of Resistance,FLASK,TRAINER,3,24000,24000,100,0
44939,Lesser Flask of Resistance,FLASK,TRAINER,5,26937,24000,112,0
44939,Lesser Flask of Resistance,FLASK,TRAINER,11,25859,24000,107,0
40128,Quick King's Amber,GEM_CUT,VENDOR,1,327000,250000,130,0
33092,Healing Potion Injector,ELIXIR_POT,DROP,5,34345,18400,186,0
33092,Healing Potion Injector,ELIXIR_POT,DROP,20,32971,18400,179,0
33092,Healing Potion Injector,ELIXIR_POT,DROP,20,31652,18400,172,0
33092,Healing Potion Injector,ELIXIR_POT,DROP,20,34345,18400,186,0
33092,Healing Potion Injector,ELIXIR_POT,DROP,5,32971,18400,179,0
33092,Healing Potion Injector,ELIXIR_POT,DROP,5,31652,18400,172,0
33092,Healing Potion Injector,ELIXIR_POT,DROP,5,34345,18400,186,0
33092,Healing Potion Injector,ELIXIR_POT,DROP,20,32971,18400,179,0
33092,Healing Potion Injector,ELIXIR_POT,DROP,20,31652,18400,172,0
33092,Healing Potion Injector,ELIXIR_POT,DROP,20,34345,18400,186,0
33092,Healing Potion Injector,ELIXIR_POT,DROP,20,32971,18400,179,0
33092,Healing Potion Injector,ELIXIR_POT,DROP,5,31652,18400,172,0
33092,Healing Potion Injector,ELIXIR_POT,DROP,20,34345,18400,186,0
33092,Healing Potion Injector,ELIXIR_POT,DROP,5,32971,18400,179,0
33092,Healing Potion Injector,ELIXIR_POT,DROP,5,31652,18400,172,0
33092,Healing Potion Injector,ELIXIR_POT,DROP,20,34345,18400,186,0
33092,Healing Potion Injector,ELIXIR_POT,DROP,5,32971,18400,179,0
33092,Healing Potion Injector,ELIXIR_POT,DROP,20,31652,18400,172,0
33092,Healing Potion Injector,ELIXIR_POT,DROP,5,34345,18400,186,0
33092,Healing Potion Injector,ELIXIR_POT,DROP,20,32971,18400,179,0
33092,Healing Potion Injector,ELIXIR_POT,DROP,5,31652,18400,172,0
33092,Healing Potion Injector,ELIXIR_POT,DROP,5,34345,18400,186,0
33092,Healing Potion Injector,ELIXIR_POT,DROP,5,32971,18400,179,0
33092,Healing Potion Injector,ELIXIR_POT,DROP,20,31652,18400,172,0
33092,Healing Potion Injector,ELIXIR_POT,DROP,5,34345,18400,186,0
33092,Healing Potion Injector,ELIXIR_POT,DROP,15,32971,18400,179,0
22251,Cenarion Herb Bag,BAG,VENDOR,1,95919,79933,119,0
22251,Cenarion Herb Bag,BAG,VENDOR,1,93041,79933,116,0
22448,Small Prismatic Shard,INTERMEDIATE,TRAINER,20,1,0,0,1
22448,Small Prismatic Shard,INTERMEDIATE,TRAINER,7,1,0,0,1
22448,Small Prismatic Shard,INTERMEDIATE,TRAINER,3,1,0,0,1
32836,Purified Shadow Pearl,GEM_CUT,TRAINER,1,7431,9280,80,1
32836,Purified Shadow Pearl,GEM_CUT,TRAINER,1,7208,9280,77,1
32836,Purified Shadow Pearl,GEM_CUT,TRAINER,1,7135,9280,76,1
32836,Purified Shadow Pearl,GEM_CUT,TRAINER,1,7431,9280,80,1
32836,Purified Shadow Pearl,GEM_CUT,TRAINER,1,7208,9280,77,1
32836,Purified Shadow Pearl,GEM_CUT,TRAINER,1,7135,9280,76,1
32836,Purified Shadow Pearl,GEM_CUT,TRAINER,1,7431,9280,80,1
32836,Purified Shadow Pearl,GEM_CUT,TRAINER,1,7208,9280,77,1
32836,Purified Shadow Pearl,GEM_CUT,TRAINER,1,7135,9280,76,1
32836,Purified Shadow Pearl,GEM_CUT,TRAINER,1,7431,9280,80,1
32836,Purified Shadow Pearl,GEM_CUT,TRAINER,1,7208,9280,77,1
32836,Purified Shadow Pearl,GEM_CUT,TRAINER,1,7135,9280,76,1
32836,Purified Shadow Pearl,GEM_CUT,TRAINER,1,7431,9280,80,1
32836,Purified Shadow Pearl,GEM_CUT,TRAINER,1,7208,9280,77,1
32836,Purified Shadow Pearl,GEM_CUT,TRAINER,1,7135,9280,76,1
41598,Mysterious Bag,BAG,VENDOR,1,652500,750000,87,1
41598,Mysterious Bag,BAG,VENDOR,1,632925,750000,84,1
41598,Mysterious Bag,BAG,VENDOR,1,652500,750000,87,1
41598,Mysterious Bag,BAG,VENDOR,1,632925,750000,84,1
41598,Mysterious Bag,BAG,VENDOR,1,652500,750000,87,1
41598,Mysterious Bag,BAG,VENDOR,1,632925,750000,84,1
41598,Mysterious Bag,BAG,VENDOR,1,652500,750000,87,1
41594,Moonshroud,INTERMEDIATE,TRAINER,11,147420,195000,75,1
41594,Moonshroud,INTERMEDIATE,TRAINER,2,140049,195000,71,1
43853,Titanium Skeleton Key,MISC,TRAINER,20,6552,7000,93,1
43853,Titanium Skeleton Key,MISC,TRAINER,20,6420,7000,91,1
43853,Titanium Skeleton Key,MISC,TRAINER,20,6552,7000,93,1
43853,Titanium Skeleton Key,MISC,TRAINER,20,6420,7000,91,1
43853,Titanium Skeleton Key,MISC,TRAINER,20,6552,7000,93,1
43853,Titanium Skeleton Key,MISC,TRAINER,20,6420,7000,91,1
8172,Cured Thick Hide,INTERMEDIATE,TRAINER,9,5008,4545,110,0
8172,Cured Thick Hide,INTERMEDIATE,TRAINER,1,4807,4545,105,0
41367,Dark Jade Focusing Lens,MISC,TRAINER,1,19184,20000,95,1
41367,Dark Jade Focusing Lens,MISC,TRAINER,1,18800,20000,94,1
41367,Dark Jade Focusing Lens,MISC,TRAINER,1,17860,20000,89,1
41367,Dark Jade Focusing Lens,MISC,TRAINER,1,19184,20000,95,1
41367,Dark Jade Focusing Lens,MISC,TRAINER,1,18800,20000,94,1
41367,Dark Jade Focusing Lens,MISC,TRAINER,1,17860,20000,89,1
41367,Dark Jade Focusing Lens,MISC,TRAINER,1,19184,20000,95,1
41367,Dark Jade Focusing Lens,MISC,TRAINER,1,18800,20000,94,1
41367,Dark Jade Focusing Lens,MISC,TRAINER,1,17860,20000,89,1
41367,Dark Jade Focusing Lens,MISC,TRAINER,1,19184,20000,95,1
41367,Dark Jade Focusing Lens,MISC,TRAINER,1,18800,20000,94,1
41367,Dark Jade Focusing Lens,MISC,TRAINER,1,17860,20000,89,1
41367,Dark Jade Focusing Lens,MISC,TRAINER,1,19184,20000,95,1
41367,Dark Jade Focusing Lens,MISC,TRAINER,1,18800,20000,94,1
41367,Dark Jade Focusing Lens,MISC,TRAINER,1,17860,20000,89,1
45778,Glyph of Stoneclaw Totem,MISC,UNSOURCED,12,303,315,96,1
41603,Azure Spellthread,MISC,TRAINER,5,111870,124800,89,1
43969,Frostsavage Belt,GEAR,TRAINER,1,369954,515400,71,1
43969,Frostsavage Belt,GEAR,TRAINER,1,366254,515400,71,1
43969,Frostsavage Belt,GEAR,TRAINER,1,369954,515400,71,1
43969,Frostsavage Belt,GEAR,TRAINER,1,366254,515400,71,1
43969,Frostsavage Belt,GEAR,TRAINER,1,369954,515400,71,1
43969,Frostsavage Belt,GEAR,TRAINER,1,366254,515400,71,1
43969,Frostsavage Belt,GEAR,TRAINER,1,369954,515400,71,1
43969,Frostsavage Belt,GEAR,TRAINER,1,366254,515400,71,1
43969,Frostsavage Belt,GEAR,TRAINER,1,369954,515400,71,1
43969,Frostsavage Belt,GEAR,TRAINER,1,366254,515400,71,1
43969,Frostsavage Belt,GEAR,TRAINER,1,369954,515400,71,1
43969,Frostsavage Belt,GEAR,TRAINER,1,366254,515400,71,1
10050,Mageweave Bag,BAG,TRAINER,1,17635,16992,103,0
10050,Mageweave Bag,BAG,TRAINER,1,17105,16992,100,0
10050,Mageweave Bag,BAG,TRAINER,1,17635,16992,103,0
44331,Elixir of Lightning Speed,ELIXIR_POT,UNSOURCED,5,11588,11400,101,1
44331,Elixir of Lightning Speed,ELIXIR_POT,UNSOURCED,2,11008,11400,96,1
36916,Cobalt Bar,INTERMEDIATE,TRAINER,6,4575,6000,76,1
36916,Cobalt Bar,INTERMEDIATE,TRAINER,7,4437,6000,73,1
22448,Small Prismatic Shard,INTERMEDIATE,TRAINER,20,1,0,0,1
22448,Small Prismatic Shard,INTERMEDIATE,TRAINER,20,1,0,0,1
22448,Small Prismatic Shard,INTERMEDIATE,TRAINER,4,1,0,0,1
22448,Small Prismatic Shard,INTERMEDIATE,TRAINER,1,1,0,0,1
41509,Frostweave Net,MISC,TRAINER,20,8613,9000,95,1
41509,Frostweave Net,MISC,TRAINER,10,8526,9000,94,1
22448,Small Prismatic Shard,INTERMEDIATE,TRAINER,20,1,0,0,1
22448,Small Prismatic Shard,INTERMEDIATE,TRAINER,20,1,0,0,1
22448,Small Prismatic Shard,INTERMEDIATE,TRAINER,2,1,0,0,1
22448,Small Prismatic Shard,INTERMEDIATE,TRAINER,3,1,0,0,1
40955,Horned Cobalt Helm,GEAR,TRAINER,1,38860,48000,80,1
40955,Horned Cobalt Helm,GEAR,TRAINER,1,37305,48000,77,1
40955,Horned Cobalt Helm,GEAR,TRAINER,1,38860,48000,80,1
40955,Horned Cobalt Helm,GEAR,TRAINER,1,37305,48000,77,1
40955,Horned Cobalt Helm,GEAR,TRAINER,1,38860,48000,80,1
40955,Horned Cobalt Helm,GEAR,TRAINER,1,37305,48000,77,1
40955,Horned Cobalt Helm,GEAR,TRAINER,1,38860,48000,80,1
40955,Horned Cobalt Helm,GEAR,TRAINER,1,37305,48000,77,1
40955,Horned Cobalt Helm,GEAR,TRAINER,1,38860,48000,80,1
40955,Horned Cobalt Helm,GEAR,TRAINER,1,37305,48000,77,1
40955,Horned Cobalt Helm,GEAR,TRAINER,1,38860,48000,80,1
40955,Horned Cobalt Helm,GEAR,TRAINER,1,37305,48000,77,1
40955,Horned Cobalt Helm,GEAR,TRAINER,1,38860,48000,80,1
38425,Heavy Borean Leather,INTERMEDIATE,TRAINER,10,37422,54000,69,1
38425,Heavy Borean Leather,INTERMEDIATE,TRAINER,5,36299,54000,67,1
21861,Imbued Netherweave Robe,GEAR,VENDOR,1,58036,65006,89,1
21861,Imbued Netherweave Robe,GEAR,VENDOR,1,55134,65006,84,1
21861,Imbued Netherweave Robe,GEAR,VENDOR,1,58036,65006,89,1
21861,Imbued Netherweave Robe,GEAR,VENDOR,1,55134,65006,84,1
21861,Imbued Netherweave Robe,GEAR,VENDOR,1,58036,65006,89,1
43970,Frostsavage Boots,GEAR,TRAINER,1,451845,520200,86,1
43970,Frostsavage Boots,GEAR,TRAINER,1,447326,520200,85,1
43970,Frostsavage Boots,GEAR,TRAINER,1,451845,520200,86,1
43970,Frostsavage Boots,GEAR,TRAINER,1,447326,520200,85,1
43970,Frostsavage Boots,GEAR,TRAINER,1,451845,520200,86,1
41603,Azure Spellthread,MISC,TRAINER,12,94848,124800,76,1
41165,Saronite Razorheads,AMMO,TRAINER,1000,42,60,70,1
41165,Saronite Razorheads,AMMO,TRAINER,1000,40,60,66,1
41165,Saronite Razorheads,AMMO,TRAINER,1000,42,60,70,1
41165,Saronite Razorheads,AMMO,TRAINER,1000,40,60,66,1
41165,Saronite Razorheads,AMMO,TRAINER,1000,42,60,70,1
41165,Saronite Razorheads,AMMO,TRAINER,1000,40,60,66,1
41165,Saronite Razorheads,AMMO,TRAINER,1000,42,60,70,1
41165,Saronite Razorheads,AMMO,TRAINER,1000,40,60,66,1
41165,Saronite Razorheads,AMMO,TRAINER,1000,42,60,70,1
41165,Saronite Razorheads,AMMO,TRAINER,1000,40,60,66,1
10051,Red Mageweave Bag,BAG,TRAINER,1,24465,20092,121,0
10051,Red Mageweave Bag,BAG,TRAINER,1,23975,20092,119,0
25843,Fel Iron Rod,INTERMEDIATE,TRAINER,1,83916,72000,116,0
25843,Fel Iron Rod,INTERMEDIATE,TRAINER,1,82237,72000,114,0
25843,Fel Iron Rod,INTERMEDIATE,TRAINER,1,78947,72000,109,0
25843,Fel Iron Rod,INTERMEDIATE,TRAINER,1,83916,72000,116,0
25843,Fel Iron Rod,INTERMEDIATE,TRAINER,1,82237,72000,114,0
25843,Fel Iron Rod,INTERMEDIATE,TRAINER,1,78947,72000,109,0
25843,Fel Iron Rod,INTERMEDIATE,TRAINER,1,83916,72000,116,0
25843,Fel Iron Rod,INTERMEDIATE,TRAINER,1,82237,72000,114,0
25843,Fel Iron Rod,INTERMEDIATE,TRAINER,1,78947,72000,109,0
25843,Fel Iron Rod,INTERMEDIATE,TRAINER,1,83916,72000,116,0
25843,Fel Iron Rod,INTERMEDIATE,TRAINER,1,82237,72000,114,0
25843,Fel Iron Rod,INTERMEDIATE,TRAINER,1,78947,72000,109,0
20963,Mithril Filigree,INTERMEDIATE,TRAINER,8,3252,3012,107,0
20963,Mithril Filigree,INTERMEDIATE,TRAINER,3,3154,3012,104,0
32836,Purified Shadow Pearl,GEM_CUT,TRAINER,1,8375,9280,90,1
32836,Purified Shadow Pearl,GEM_CUT,TRAINER,1,7956,9280,85,1
32836,Purified Shadow Pearl,GEM_CUT,TRAINER,1,7637,9280,82,1
32836,Purified Shadow Pearl,GEM_CUT,TRAINER,1,8375,9280,90,1
32836,Purified Shadow Pearl,GEM_CUT,TRAINER,1,7956,9280,85,1
32836,Purified Shadow Pearl,GEM_CUT,TRAINER,1,7637,9280,82,1
32836,Purified Shadow Pearl,GEM_CUT,TRAINER,1,8375,9280,90,1
32836,Purified Shadow Pearl,GEM_CUT,TRAINER,1,7956,9280,85,1
32836,Purified Shadow Pearl,GEM_CUT,TRAINER,1,7637,9280,82,1
32836,Purified Shadow Pearl,GEM_CUT,TRAINER,1,8375,9280,90,1
32836,Purified Shadow Pearl,GEM_CUT,TRAINER,1,7956,9280,85,1
32836,Purified Shadow Pearl,GEM_CUT,TRAINER,1,7637,9280,82,1
34490,Bag of Many Hides,BAG,DROP,1,1279033,627500,203,0
34490,Bag of Many Hides,BAG,DROP,1,1215081,627500,193,0
34490,Bag of Many Hides,BAG,DROP,1,1178628,627500,187,0
24028,Delicate Living Ruby,GEM_CUT,DROP,1,177120,120000,147,0
24028,Delicate Living Ruby,GEM_CUT,DROP,1,175348,120000,146,0
25843,Fel Iron Rod,INTERMEDIATE,TRAINER,1,81396,72000,113,0
25843,Fel Iron Rod,INTERMEDIATE,TRAINER,1,77326,72000,107,0
25843,Fel Iron Rod,INTERMEDIATE,TRAINER,1,76552,72000,106,0
25843,Fel Iron Rod,INTERMEDIATE,TRAINER,1,74255,72000,103,0
25843,Fel Iron Rod,INTERMEDIATE,TRAINER,1,81396,72000,113,0
25843,Fel Iron Rod,INTERMEDIATE,TRAINER,1,77326,72000,107,0
25843,Fel Iron Rod,INTERMEDIATE,TRAINER,1,76552,72000,106,0
25843,Fel Iron Rod,INTERMEDIATE,TRAINER,1,74255,72000,103,0
25843,Fel Iron Rod,INTERMEDIATE,TRAINER,1,81396,72000,113,0
25843,Fel Iron Rod,INTERMEDIATE,TRAINER,1,77326,72000,107,0
25843,Fel Iron Rod,INTERMEDIATE,TRAINER,1,76552,72000,106,0
25843,Fel Iron Rod,INTERMEDIATE,TRAINER,1,74255,72000,103,0
25843,Fel Iron Rod,INTERMEDIATE,TRAINER,1,81396,72000,113,0
25843,Fel Iron Rod,INTERMEDIATE,TRAINER,1,77326,72000,107,0
25843,Fel Iron Rod,INTERMEDIATE,TRAINER,1,76552,72000,106,0
38433,Arctic Wristguards,GEAR,TRAINER,1,102340,108000,94,1
38433,Arctic Wristguards,GEAR,TRAINER,1,99269,108000,91,1
38433,Arctic Wristguards,GEAR,TRAINER,1,98276,108000,90,1
38433,Arctic Wristguards,GEAR,TRAINER,1,102340,108000,94,1
38433,Arctic Wristguards,GEAR,TRAINER,1,99269,108000,91,1
38433,Arctic Wristguards,GEAR,TRAINER,1,98276,108000,90,1
38433,Arctic Wristguards,GEAR,TRAINER,1,102340,108000,94,1
38433,Arctic Wristguards,GEAR,TRAINER,1,99269,108000,91,1
38433,Arctic Wristguards,GEAR,TRAINER,1,98276,108000,90,1
38433,Arctic Wristguards,GEAR,TRAINER,1,102340,108000,94,1
38433,Arctic Wristguards,GEAR,TRAINER,1,99269,108000,91,1
38433,Arctic Wristguards,GEAR,TRAINER,1,98276,108000,90,1
38433,Arctic Wristguards,GEAR,TRAINER,1,102340,108000,94,1
22448,Small Prismatic Shard,INTERMEDIATE,TRAINER,20,1,0,0,1
22448,Small Prismatic Shard,INTERMEDIATE,TRAINER,3,1,0,0,1
22448,Small Prismatic Shard,INTERMEDIATE,TRAINER,4,1,0,0,1
22445,Arcane Dust,INTERMEDIATE,UNSOURCED,20,4263,5013,85,1
22445,Arcane Dust,INTERMEDIATE,UNSOURCED,1,4049,5013,80,1
36916,Cobalt Bar,INTERMEDIATE,TRAINER,12,5406,6000,90,1
36916,Cobalt Bar,INTERMEDIATE,TRAINER,1,5297,6000,88,1
41516,Frostsavage Gloves,GEAR,TRAINER,1,365700,520200,70,1
41516,Frostsavage Gloves,GEAR,TRAINER,1,351072,520200,67,1
41516,Frostsavage Gloves,GEAR,TRAINER,1,347561,520200,66,1
41516,Frostsavage Gloves,GEAR,TRAINER,1,337134,520200,64,1
41516,Frostsavage Gloves,GEAR,TRAINER,1,365700,520200,70,1
41516,Frostsavage Gloves,GEAR,TRAINER,1,351072,520200,67,1
41516,Frostsavage Gloves,GEAR,TRAINER,1,347561,520200,66,1
22448,Small Prismatic Shard,INTERMEDIATE,TRAINER,20,1,0,0,1
22448,Small Prismatic Shard,INTERMEDIATE,TRAINER,20,1,0,0,1
22448,Small Prismatic Shard,INTERMEDIATE,TRAINER,2,1,0,0,1
22448,Small Prismatic Shard,INTERMEDIATE,TRAINER,3,1,0,0,1
34766,Poached Northern Sculpin,FOOD,VENDOR,5,43,49,87,1
34766,Poached Northern Sculpin,FOOD,VENDOR,4,40,49,81,1
40195,Pygmy Oil,INTERMEDIATE,TRAINER,7,229,300,76,1
40195,Pygmy Oil,INTERMEDIATE,TRAINER,4,226,300,75,1
22448,Small Prismatic Shard,INTERMEDIATE,TRAINER,20,1,0,0,1
22448,Small Prismatic Shard,INTERMEDIATE,TRAINER,9,1,0,0,1
22448,Small Prismatic Shard,INTERMEDIATE,TRAINER,1,1,0,0,1
22445,Arcane Dust,INTERMEDIATE,UNSOURCED,20,4197,5013,83,1
22445,Arcane Dust,INTERMEDIATE,UNSOURCED,2,4071,5013,81,1
22445,Arcane Dust,INTERMEDIATE,UNSOURCED,5,3908,5013,77,1
38375,Borean Armor Kit,MISC,TRAINER,5,28173,36000,78,1
43116,Lion's Ink,INTERMEDIATE,TRAINER,7,366,300,122,0
43116,Lion's Ink,INTERMEDIATE,TRAINER,3,355,300,118,0
38425,Heavy Borean Leather,INTERMEDIATE,TRAINER,2,46656,54000,86,1
38425,Heavy Borean Leather,INTERMEDIATE,TRAINER,10,44789,54000,82,1
41598,Mysterious Bag,BAG,VENDOR,1,685125,750000,91,1
41598,Mysterious Bag,BAG,VENDOR,1,650868,750000,86,1
41598,Mysterious Bag,BAG,VENDOR,1,618324,750000,82,1
41598,Mysterious Bag,BAG,VENDOR,1,685125,750000,91,1
41598,Mysterious Bag,BAG,VENDOR,1,650868,750000,86,1
41598,Mysterious Bag,BAG,VENDOR,1,618324,750000,82,1
41598,Mysterious Bag,BAG,VENDOR,1,685125,750000,91,1
3823,Lesser Invisibility Potion,ELIXIR_POT,TRAINER,20,1019,1019,100,0
23775,Titanium Toolbox,BAG,VENDOR,1,658022,448000,146,0
23775,Titanium Toolbox,BAG,VENDOR,1,625120,448000,139,0
41598,Mysterious Bag,BAG,VENDOR,1,627900,750000,83,1
41598,Mysterious Bag,BAG,VENDOR,1,602784,750000,80,1
41598,Mysterious Bag,BAG,VENDOR,1,627900,750000,83,1
41598,Mysterious Bag,BAG,VENDOR,1,602784,750000,80,1
41598,Mysterious Bag,BAG,VENDOR,1,627900,750000,83,1
41598,Mysterious Bag,BAG,VENDOR,1,602784,750000,80,1
41598,Mysterious Bag,BAG,VENDOR,1,627900,750000,83,1
23448,Felsteel Bar,INTERMEDIATE,TRAINER,4,92355,76000,121,0
23448,Felsteel Bar,INTERMEDIATE,TRAINER,1,87737,76000,115,0
41603,Azure Spellthread,MISC,TRAINER,6,113792,124800,91,1
23519,Felsteel Helm,GEAR,DROP,1,7,8,87,1
23519,Felsteel Helm,GEAR,DROP,1,6,8,75,1
23519,Felsteel Helm,GEAR,DROP,1,7,8,87,1
23519,Felsteel Helm,GEAR,DROP,1,6,8,75,1
23519,Felsteel Helm,GEAR,DROP,1,7,8,87,1
23519,Felsteel Helm,GEAR,DROP,1,6,8,75,1
23519,Felsteel Helm,GEAR,DROP,1,7,8,87,1
23519,Felsteel Helm,GEAR,DROP,1,6,8,75,1
23519,Felsteel Helm,GEAR,DROP,1,7,8,87,1
23519,Felsteel Helm,GEAR,DROP,1,6,8,75,1
23519,Felsteel Helm,GEAR,DROP,1,7,8,87,1
23519,Felsteel Helm,GEAR,DROP,1,6,8,75,1
22851,Flask of Fortification,FLASK,UNSOURCED,20,75951,48500,156,0
22851,Flask of Fortification,FLASK,UNSOURCED,20,73672,48500,151,0
49632,Runescroll of Fortitude,MISC,TRAINER,20,3967,5080,78,1
49632,Runescroll of Fortitude,MISC,TRAINER,20,3847,5080,75,1
49632,Runescroll of Fortitude,MISC,TRAINER,5,3654,5080,71,1
44958,Ethereal Oil,INTERMEDIATE,TRAINER,5,65,96,67,1
44958,Ethereal Oil,INTERMEDIATE,TRAINER,4,63,96,65,1
21876,Primal Mooncloth Bag,BAG,VENDOR,1,609991,504000,121,0
22448,Small Prismatic Shard,INTERMEDIATE,TRAINER,20,1,0,0,1
22448,Small Prismatic Shard,INTERMEDIATE,TRAINER,7,1,0,0,1
33568,Borean Leather,INTERMEDIATE,TRAINER,5,12653,13500,93,1
33568,Borean Leather,INTERMEDIATE,TRAINER,5,12146,13500,89,1
41595,Spellweave,INTERMEDIATE,TRAINER,2,148044,195000,75,1
41595,Spellweave,INTERMEDIATE,TRAINER,8,142122,195000,72,1
22445,Arcane Dust,INTERMEDIATE,UNSOURCED,20,3523,5013,70,1
22445,Arcane Dust,INTERMEDIATE,UNSOURCED,6,3417,5013,68,1
22445,Arcane Dust,INTERMEDIATE,UNSOURCED,1,3382,5013,67,1
41509,Frostweave Net,MISC,TRAINER,20,7021,9000,78,1
41509,Frostweave Net,MISC,TRAINER,10,6950,9000,77,1
22866,Flask of Pure Death,FLASK,UNSOURCED,5,119696,55500,215,0
22866,Flask of Pure Death,FLASK,UNSOURCED,5,116105,55500,209,0
43252,Windfire Band,GEAR,VENDOR,1,103040,112000,92,1
43252,Windfire Band,GEAR,VENDOR,1,100979,112000,90,1
43252,Windfire Band,GEAR,VENDOR,1,103040,112000,92,1
43252,Windfire Band,GEAR,VENDOR,1,100979,112000,90,1
43252,Windfire Band,GEAR,VENDOR,1,103040,112000,92,1
43252,Windfire Band,GEAR,VENDOR,1,100979,112000,90,1
43252,Windfire Band,GEAR,VENDOR,1,103040,112000,92,1
43252,Windfire Band,GEAR,VENDOR,1,100979,112000,90,1
43252,Windfire Band,GEAR,VENDOR,1,103040,112000,92,1
43252,Windfire Band,GEAR,VENDOR,1,100979,112000,90,1
21842,Bolt of Imbued Netherweave,INTERMEDIATE,VENDOR,10,114770,82026,139,0
21842,Bolt of Imbued Netherweave,INTERMEDIATE,VENDOR,3,109031,82026,132,0
41165,Saronite Razorheads,AMMO,TRAINER,1000,61,60,101,1
41165,Saronite Razorheads,AMMO,TRAINER,1000,59,60,98,1
41165,Saronite Razorheads,AMMO,TRAINER,1000,58,60,96,1
41165,Saronite Razorheads,AMMO,TRAINER,1000,61,60,101,1
41165,Saronite Razorheads,AMMO,TRAINER,1000,59,60,98,1
41165,Saronite Razorheads,AMMO,TRAINER,1000,58,60,96,1
41165,Saronite Razorheads,AMMO,TRAINER,1000,61,60,101,1
41165,Saronite Razorheads,AMMO,TRAINER,1000,59,60,98,1
22448,Small Prismatic Shard,INTERMEDIATE,TRAINER,20,1,0,0,1
22448,Small Prismatic Shard,INTERMEDIATE,TRAINER,7,1,0,0,1
22448,Small Prismatic Shard,INTERMEDIATE,TRAINER,3,1,0,0,1
44958,Ethereal Oil,INTERMEDIATE,TRAINER,1,66,96,68,1
44958,Ethereal Oil,INTERMEDIATE,TRAINER,5,65,96,67,1
24269,Heavy Netherweave Net,MISC,UNSOURCED,20,10476,14400,72,1
41164,Mammoth Cutters,AMMO,TRAINER,1000,24,34,70,1
41164,Mammoth Cutters,AMMO,TRAINER,1000,23,34,67,1
41164,Mammoth Cutters,AMMO,TRAINER,1000,24,34,70,1
41164,Mammoth Cutters,AMMO,TRAINER,1000,23,34,67,1
41164,Mammoth Cutters,AMMO,TRAINER,1000,24,34,70,1
41164,Mammoth Cutters,AMMO,TRAINER,1000,23,34,67,1
41164,Mammoth Cutters,AMMO,TRAINER,1000,24,34,70,1
41164,Mammoth Cutters,AMMO,TRAINER,1000,23,34,67,1
41164,Mammoth Cutters,AMMO,TRAINER,1000,24,34,70,1
41164,Mammoth Cutters,AMMO,TRAINER,1000,23,34,67,1
41164,Mammoth Cutters,AMMO,TRAINER,1000,24,34,70,1
41164,Mammoth Cutters,AMMO,TRAINER,1000,23,34,67,1
41164,Mammoth Cutters,AMMO,TRAINER,1000,24,34,70,1
44330,Elixir of Armor Piercing,ELIXIR_POT,UNSOURCED,5,10264,12000,85,1
44330,Elixir of Armor Piercing,ELIXIR_POT,UNSOURCED,5,10058,12000,83,1
44330,Elixir of Armor Piercing,ELIXIR_POT,UNSOURCED,1,9555,12000,79,1
41165,Saronite Razorheads,AMMO,TRAINER,1000,48,60,80,1
41165,Saronite Razorheads,AMMO,TRAINER,1000,46,60,76,1
41165,Saronite Razorheads,AMMO,TRAINER,1000,43,60,71,1
41165,Saronite Razorheads,AMMO,TRAINER,1000,48,60,80,1
41165,Saronite Razorheads,AMMO,TRAINER,1000,46,60,76,1
44442,Bugsquashers,GEAR,TRAINER,1,231646,231000,100,1
44442,Bugsquashers,GEAR,TRAINER,1,227013,231000,98,1
44442,Bugsquashers,GEAR,TRAINER,1,222472,231000,96,1
44442,Bugsquashers,GEAR,TRAINER,1,231646,231000,100,1
44442,Bugsquashers,GEAR,TRAINER,1,227013,231000,98,1
44442,Bugsquashers,GEAR,TRAINER,1,222472,231000,96,1
44442,Bugsquashers,GEAR,TRAINER,1,231646,231000,100,1
44442,Bugsquashers,GEAR,TRAINER,1,227013,231000,98,1
8827,Elixir of Water Walking,ELIXIR_POT,UNSOURCED,9,4123,6180,66,1
23518,Felsteel Leggings,GEAR,DROP,1,5,8,62,1
23518,Felsteel Leggings,GEAR,DROP,1,4,8,50,1
23518,Felsteel Leggings,GEAR,DROP,1,4,8,50,1
23518,Felsteel Leggings,GEAR,DROP,1,4,8,50,1
23518,Felsteel Leggings,GEAR,DROP,1,5,8,62,1
23518,Felsteel Leggings,GEAR,DROP,1,4,8,50,1
23518,Felsteel Leggings,GEAR,DROP,1,4,8,50,1
23518,Felsteel Leggings,GEAR,DROP,1,4,8,50,1
41509,Frostweave Net,MISC,TRAINER,20,6110,9000,67,1
41509,Frostweave Net,MISC,TRAINER,20,5804,9000,64,1
41509,Frostweave Net,MISC,TRAINER,20,6110,9000,67,1
41509,Frostweave Net,MISC,TRAINER,10,5804,9000,64,1
41510,Bolt of Frostweave,INTERMEDIATE,TRAINER,1,29006,37500,77,1
41510,Bolt of Frostweave,INTERMEDIATE,TRAINER,4,28135,37500,75,1
23519,Felsteel Helm,GEAR,DROP,1,5,8,62,1
23519,Felsteel Helm,GEAR,DROP,1,4,8,50,1
23519,Felsteel Helm,GEAR,DROP,1,4,8,50,1
23519,Felsteel Helm,GEAR,DROP,1,5,8,62,1
23519,Felsteel Helm,GEAR,DROP,1,4,8,50,1
23519,Felsteel Helm,GEAR,DROP,1,4,8,50,1
41509,Frostweave Net,MISC,TRAINER,20,6615,9000,73,1
41509,Frostweave Net,MISC,TRAINER,20,6482,9000,72,1
41509,Frostweave Net,MISC,TRAINER,20,6615,9000,73,1
41509,Frostweave Net,MISC,TRAINER,15,6482,9000,72,1
41165,Saronite Razorheads,AMMO,TRAINER,1000,48,60,80,1
41165,Saronite Razorheads,AMMO,TRAINER,1000,46,60,76,1
41165,Saronite Razorheads,AMMO,TRAINER,1000,48,60,80,1
41165,Saronite Razorheads,AMMO,TRAINER,1000,46,60,76,1
41165,Saronite Razorheads,AMMO,TRAINER,1000,48,60,80,1
41165,Saronite Razorheads,AMMO,TRAINER,1000,46,60,76,1
41165,Saronite Razorheads,AMMO,TRAINER,1000,48,60,80,1
41165,Saronite Razorheads,AMMO,TRAINER,1000,46,60,76,1
41165,Saronite Razorheads,AMMO,TRAINER,1000,48,60,80,1
22522,Superior Wizard Oil,MISC,VENDOR,1,20981,26039,80,1
22522,Superior Wizard Oil,MISC,VENDOR,1,20561,26039,78,1
22522,Superior Wizard Oil,MISC,VENDOR,1,19738,26039,75,1
22522,Superior Wizard Oil,MISC,VENDOR,1,20981,26039,80,1
22522,Superior Wizard Oil,MISC,VENDOR,1,20561,26039,78,1
22522,Superior Wizard Oil,MISC,VENDOR,1,19738,26039,75,1
22522,Superior Wizard Oil,MISC,VENDOR,1,20981,26039,80,1
22522,Superior Wizard Oil,MISC,VENDOR,1,20561,26039,78,1
22522,Superior Wizard Oil,MISC,VENDOR,1,19738,26039,75,1
22522,Superior Wizard Oil,MISC,VENDOR,1,20981,26039,80,1
22522,Superior Wizard Oil,MISC,VENDOR,1,20561,26039,78,1
22522,Superior Wizard Oil,MISC,VENDOR,1,19738,26039,75,1
22522,Superior Wizard Oil,MISC,VENDOR,1,20981,26039,80,1
22522,Superior Wizard Oil,MISC,VENDOR,1,20561,26039,78,1
44958,Ethereal Oil,INTERMEDIATE,TRAINER,7,83,96,86,1
44958,Ethereal Oil,INTERMEDIATE,TRAINER,5,80,96,83,1
43253,Ring of Northern Tears,GEAR,VENDOR,1,149535,164000,91,1
43253,Ring of Northern Tears,GEAR,VENDOR,1,145048,164000,88,1
43253,Ring of Northern Tears,GEAR,VENDOR,1,143597,164000,87,1
43253,Ring of Northern Tears,GEAR,VENDOR,1,149535,164000,91,1
43253,Ring of Northern Tears,GEAR,VENDOR,1,145048,164000,88,1
43253,Ring of Northern Tears,GEAR,VENDOR,1,143597,164000,87,1
43253,Ring of Northern Tears,GEAR,VENDOR,1,149535,164000,91,1
43253,Ring of Northern Tears,GEAR,VENDOR,1,145048,164000,88,1
43253,Ring of Northern Tears,GEAR,VENDOR,1,143597,164000,87,1
43253,Ring of Northern Tears,GEAR,VENDOR,1,149535,164000,91,1
43253,Ring of Northern Tears,GEAR,VENDOR,1,145048,164000,88,1
24268,Netherweave Net,MISC,TRAINER,20,6544,7200,90,1
24268,Netherweave Net,MISC,TRAINER,10,6347,7200,88,1
22445,Arcane Dust,INTERMEDIATE,UNSOURCED,20,3329,5013,66,1
22445,Arcane Dust,INTERMEDIATE,UNSOURCED,9,3295,5013,65,1
22445,Arcane Dust,INTERMEDIATE,UNSOURCED,7,3130,5013,62,1
36916,Cobalt Bar,INTERMEDIATE,TRAINER,2,4423,6000,73,1
36916,Cobalt Bar,INTERMEDIATE,TRAINER,5,4334,6000,72,1
44958,Ethereal Oil,INTERMEDIATE,TRAINER,3,85,96,88,1
44958,Ethereal Oil,INTERMEDIATE,TRAINER,3,81,96,84,1
44958,Ethereal Oil,INTERMEDIATE,TRAINER,14,72,96,75,1
6371,Fire Oil,INTERMEDIATE,TRAINER,7,81,64,126,0
6371,Fire Oil,INTERMEDIATE,TRAINER,4,78,64,121,0
42336,Bloodstone Band,GEAR,TRAINER,1,23086,24800,93,1
42336,Bloodstone Band,GEAR,TRAINER,1,21931,24800,88,1
42336,Bloodstone Band,GEAR,TRAINER,1,21492,24800,86,1
42336,Bloodstone Band,GEAR,TRAINER,1,20632,24800,83,1
42336,Bloodstone Band,GEAR,TRAINER,1,23086,24800,93,1
42336,Bloodstone Band,GEAR,TRAINER,1,21931,24800,88,1
42336,Bloodstone Band,GEAR,TRAINER,1,21492,24800,86,1
42336,Bloodstone Band,GEAR,TRAINER,1,20632,24800,83,1
42337,Sun Rock Ring,GEAR,TRAINER,1,17528,24800,70,1
42337,Sun Rock Ring,GEAR,TRAINER,1,17177,24800,69,1
42337,Sun Rock Ring,GEAR,TRAINER,1,16661,24800,67,1
42337,Sun Rock Ring,GEAR,TRAINER,1,16494,24800,66,1
42337,Sun Rock Ring,GEAR,TRAINER,1,17528,24800,70,1
42337,Sun Rock Ring,GEAR,TRAINER,1,17177,24800,69,1
42337,Sun Rock Ring,GEAR,TRAINER,1,16661,24800,67,1
43252,Windfire Band,GEAR,VENDOR,1,74995,112000,66,1
43252,Windfire Band,GEAR,VENDOR,1,71245,112000,63,1
43252,Windfire Band,GEAR,VENDOR,1,69820,112000,62,1
43252,Windfire Band,GEAR,VENDOR,1,74995,112000,66,1
43252,Windfire Band,GEAR,VENDOR,1,71245,112000,63,1
43252,Windfire Band,GEAR,VENDOR,1,69820,112000,62,1
43252,Windfire Band,GEAR,VENDOR,1,74995,112000,66,1
43252,Windfire Band,GEAR,VENDOR,1,71245,112000,63,1
43252,Windfire Band,GEAR,VENDOR,1,69820,112000,62,1
3575,Iron Bar,INTERMEDIATE,TRAINER,12,1124,900,124,0
41601,Shining Spellthread,MISC,TRAINER,8,116138,124800,93,1
44442,Bugsquashers,GEAR,TRAINER,1,206999,231000,89,1
44442,Bugsquashers,GEAR,TRAINER,1,204929,231000,88,1
44442,Bugsquashers,GEAR,TRAINER,1,194682,231000,84,1
44442,Bugsquashers,GEAR,TRAINER,1,206999,231000,89,1
44442,Bugsquashers,GEAR,TRAINER,1,204929,231000,88,1
44442,Bugsquashers,GEAR,TRAINER,1,194682,231000,84,1
44442,Bugsquashers,GEAR,TRAINER,1,206999,231000,89,1
44442,Bugsquashers,GEAR,TRAINER,1,204929,231000,88,1
44442,Bugsquashers,GEAR,TRAINER,1,194682,231000,84,1
44442,Bugsquashers,GEAR,TRAINER,1,206999,231000,89,1
44442,Bugsquashers,GEAR,TRAINER,1,204929,231000,88,1
44442,Bugsquashers,GEAR,TRAINER,1,194682,231000,84,1
44442,Bugsquashers,GEAR,TRAINER,1,206999,231000,89,1
44442,Bugsquashers,GEAR,TRAINER,1,204929,231000,88,1
41164,Mammoth Cutters,AMMO,TRAINER,1000,22,34,64,1
41164,Mammoth Cutters,AMMO,TRAINER,1000,21,34,61,1
41164,Mammoth Cutters,AMMO,TRAINER,1000,20,34,58,1
41164,Mammoth Cutters,AMMO,TRAINER,1000,22,34,64,1
41164,Mammoth Cutters,AMMO,TRAINER,1000,21,34,61,1
41164,Mammoth Cutters,AMMO,TRAINER,1000,20,34,58,1
41164,Mammoth Cutters,AMMO,TRAINER,1000,22,34,64,1
41164,Mammoth Cutters,AMMO,TRAINER,1000,21,34,61,1
41600,Glacial Bag,BAG,VENDOR,1,657657,990000,66,1
41600,Glacial Bag,BAG,VENDOR,1,637927,990000,64,1
41600,Glacial Bag,BAG,VENDOR,1,657657,990000,66,1
41600,Glacial Bag,BAG,VENDOR,1,637927,990000,64,1
41600,Glacial Bag,BAG,VENDOR,1,657657,990000,66,1
41600,Glacial Bag,BAG,VENDOR,1,637927,990000,64,1
41600,Glacial Bag,BAG,VENDOR,1,657657,990000,66,1
41600,Glacial Bag,BAG,VENDOR,1,637927,990000,64,1
22448,Small Prismatic Shard,INTERMEDIATE,TRAINER,20,1,0,0,1
22448,Small Prismatic Shard,INTERMEDIATE,TRAINER,6,1,0,0,1
22448,Small Prismatic Shard,INTERMEDIATE,TRAINER,1,1,0,0,1
43248,Stoneguard Band,GEAR,TRAINER,1,36806,48000,76,1
43248,Stoneguard Band,GEAR,TRAINER,1,34965,48000,72,1
43248,Stoneguard Band,GEAR,TRAINER,1,34265,48000,71,1
43248,Stoneguard Band,GEAR,TRAINER,1,32551,48000,67,1
43248,Stoneguard Band,GEAR,TRAINER,1,36806,48000,76,1
43248,Stoneguard Band,GEAR,TRAINER,1,34965,48000,72,1
43248,Stoneguard Band,GEAR,TRAINER,1,34265,48000,71,1
43248,Stoneguard Band,GEAR,TRAINER,1,32551,48000,67,1
43248,Stoneguard Band,GEAR,TRAINER,1,36806,48000,76,1
43248,Stoneguard Band,GEAR,TRAINER,1,34965,48000,72,1
43248,Stoneguard Band,GEAR,TRAINER,1,34265,48000,71,1
43248,Stoneguard Band,GEAR,TRAINER,1,32551,48000,67,1
43248,Stoneguard Band,GEAR,TRAINER,1,36806,48000,76,1
43248,Stoneguard Band,GEAR,TRAINER,1,34965,48000,72,1
8827,Elixir of Water Walking,ELIXIR_POT,UNSOURCED,8,5200,6180,84,1
34769,Imperial Manta Steak,FOOD,VENDOR,5,41,49,83,1
43974,Frostsavage Bracers,GEAR,TRAINER,1,538593,515400,104,0
36916,Cobalt Bar,INTERMEDIATE,TRAINER,1,5332,6000,88,1
36916,Cobalt Bar,INTERMEDIATE,TRAINER,6,5118,6000,85,1
24029,Teardrop Living Ruby,GEM_CUT,DROP,1,243180,120000,202,0
24029,Teardrop Living Ruby,GEM_CUT,DROP,1,238316,120000,198,0
44958,Ethereal Oil,INTERMEDIATE,TRAINER,13,76,96,79,1
42337,Sun Rock Ring,GEAR,TRAINER,1,18376,24800,74,1
42337,Sun Rock Ring,GEAR,TRAINER,1,17640,24800,71,1
42337,Sun Rock Ring,GEAR,TRAINER,1,17287,24800,69,1
42337,Sun Rock Ring,GEAR,TRAINER,1,18376,24800,74,1
42337,Sun Rock Ring,GEAR,TRAINER,1,17640,24800,71,1
42337,Sun Rock Ring,GEAR,TRAINER,1,17287,24800,69,1
42337,Sun Rock Ring,GEAR,TRAINER,1,18376,24800,74,1
42337,Sun Rock Ring,GEAR,TRAINER,1,17640,24800,71,1
42337,Sun Rock Ring,GEAR,TRAINER,1,17287,24800,69,1
42337,Sun Rock Ring,GEAR,TRAINER,1,18376,24800,74,1
42337,Sun Rock Ring,GEAR,TRAINER,1,17640,24800,71,1
8827,Elixir of Water Walking,ELIXIR_POT,UNSOURCED,5,5735,6180,92,1
8827,Elixir of Water Walking,ELIXIR_POT,UNSOURCED,3,5620,6180,90,1
22854,Flask of Relentless Assault,FLASK,UNSOURCED,16,81189,45000,180,0
43853,Titanium Skeleton Key,MISC,TRAINER,20,4894,7000,69,1
43853,Titanium Skeleton Key,MISC,TRAINER,20,4747,7000,67,1
43853,Titanium Skeleton Key,MISC,TRAINER,20,4699,7000,67,1
43853,Titanium Skeleton Key,MISC,TRAINER,20,4464,7000,63,1
43853,Titanium Skeleton Key,MISC,TRAINER,20,4894,7000,69,1
43853,Titanium Skeleton Key,MISC,TRAINER,20,4747,7000,67,1
43853,Titanium Skeleton Key,MISC,TRAINER,20,4699,7000,67,1
43853,Titanium Skeleton Key,MISC,TRAINER,20,4464,7000,63,1
43853,Titanium Skeleton Key,MISC,TRAINER,20,4894,7000,69,1
43853,Titanium Skeleton Key,MISC,TRAINER,20,4747,7000,67,1
43853,Titanium Skeleton Key,MISC,TRAINER,20,4699,7000,67,1
43853,Titanium Skeleton Key,MISC,TRAINER,20,4464,7000,63,1
43853,Titanium Skeleton Key,MISC,TRAINER,20,4894,7000,69,1
43853,Titanium Skeleton Key,MISC,TRAINER,20,4747,7000,67,1
11128,Golden Rod,INTERMEDIATE,TRAINER,1,4315,3880,111,0
11128,Golden Rod,INTERMEDIATE,TRAINER,1,4271,3880,110,0
11128,Golden Rod,INTERMEDIATE,TRAINER,1,4315,3880,111,0
11128,Golden Rod,INTERMEDIATE,TRAINER,1,4271,3880,110,0
11128,Golden Rod,INTERMEDIATE,TRAINER,1,4315,3880,111,0
11128,Golden Rod,INTERMEDIATE,TRAINER,1,4271,3880,110,0
11128,Golden Rod,INTERMEDIATE,TRAINER,1,4315,3880,111,0
11128,Golden Rod,INTERMEDIATE,TRAINER,1,4271,3880,110,0
11128,Golden Rod,INTERMEDIATE,TRAINER,1,4315,3880,111,0
11128,Golden Rod,INTERMEDIATE,TRAINER,1,4271,3880,110,0
11128,Golden Rod,INTERMEDIATE,TRAINER,1,4315,3880,111,0
11128,Golden Rod,INTERMEDIATE,TRAINER,1,4271,3880,110,0
11128,Golden Rod,INTERMEDIATE,TRAINER,1,4315,3880,111,0
38404,Arctic Boots,GEAR,TRAINER,1,56311,72000,78,1
38404,Arctic Boots,GEAR,TRAINER,1,55747,72000,77,1
38404,Arctic Boots,GEAR,TRAINER,1,56311,72000,78,1
38404,Arctic Boots,GEAR,TRAINER,1,55747,72000,77,1
38404,Arctic Boots,GEAR,TRAINER,1,56311,72000,78,1
38404,Arctic Boots,GEAR,TRAINER,1,55747,72000,77,1
38404,Arctic Boots,GEAR,TRAINER,1,56311,72000,78,1
38404,Arctic Boots,GEAR,TRAINER,1,55747,72000,77,1
38404,Arctic Boots,GEAR,TRAINER,1,56311,72000,78,1
38404,Arctic Boots,GEAR,TRAINER,1,55747,72000,77,1
38404,Arctic Boots,GEAR,TRAINER,1,56311,72000,78,1
44331,Elixir of Lightning Speed,ELIXIR_POT,UNSOURCED,7,9943,11400,87,1
44331,Elixir of Lightning Speed,ELIXIR_POT,UNSOURCED,5,9880,11400,86,1
44331,Elixir of Lightning Speed,ELIXIR_POT,UNSOURCED,1,9386,11400,82,1
41509,Frostweave Net,MISC,TRAINER,20,6863,9000,76,1
41509,Frostweave Net,MISC,TRAINER,20,6588,9000,73,1
41509,Frostweave Net,MISC,TRAINER,20,6324,9000,70,1
41509,Frostweave Net,MISC,TRAINER,15,6863,9000,76,1
22448,Small Prismatic Shard,INTERMEDIATE,TRAINER,20,1,0,0,1
22448,Small Prismatic Shard,INTERMEDIATE,TRAINER,2,1,0,0,1
22448,Small Prismatic Shard,INTERMEDIATE,TRAINER,2,1,0,0,1
37663,Titansteel Bar,INTERMEDIATE,TRAINER,5,88096,132000,66,1
37663,Titansteel Bar,INTERMEDIATE,TRAINER,2,86334,132000,65,1
43853,Titanium Skeleton Key,MISC,TRAINER,20,4989,7000,71,1
43853,Titanium Skeleton Key,MISC,TRAINER,20,4839,7000,69,1
43853,Titanium Skeleton Key,MISC,TRAINER,20,4989,7000,71,1
43853,Titanium Skeleton Key,MISC,TRAINER,20,4839,7000,69,1
43853,Titanium Skeleton Key,MISC,TRAINER,20,4989,7000,71,1
43853,Titanium Skeleton Key,MISC,TRAINER,20,4839,7000,69,1
43853,Titanium Skeleton Key,MISC,TRAINER,20,4989,7000,71,1
43853,Titanium Skeleton Key,MISC,TRAINER,20,4839,7000,69,1
43853,Titanium Skeleton Key,MISC,TRAINER,20,4989,7000,71,1
41603,Azure Spellthread,MISC,TRAINER,10,88957,124800,71,1
6037,Truesilver Bar,INTERMEDIATE,TRAINER,1,4835,4120,117,0
6037,Truesilver Bar,INTERMEDIATE,TRAINER,4,4689,4120,113,0
40101,Tense Forest Emerald,GEM_CUT,VENDOR,1,195570,150000,130,0
23519,Felsteel Helm,GEAR,DROP,1,7,8,87,1
23519,Felsteel Helm,GEAR,DROP,1,6,8,75,1
23519,Felsteel Helm,GEAR,DROP,1,5,8,62,1
23519,Felsteel Helm,GEAR,DROP,1,4,8,50,1
23519,Felsteel Helm,GEAR,DROP,1,7,8,87,1
23519,Felsteel Helm,GEAR,DROP,1,6,8,75,1
41164,Mammoth Cutters,AMMO,TRAINER,1000,29,34,85,1
41164,Mammoth Cutters,AMMO,TRAINER,1000,27,34,79,1
41164,Mammoth Cutters,AMMO,TRAINER,1000,29,34,85,1
41164,Mammoth Cutters,AMMO,TRAINER,1000,27,34,79,1
41164,Mammoth Cutters,AMMO,TRAINER,1000,29,34,85,1
41164,Mammoth Cutters,AMMO,TRAINER,1000,27,34,79,1
41164,Mammoth Cutters,AMMO,TRAINER,1000,29,34,85,1
41164,Mammoth Cutters,AMMO,TRAINER,1000,27,34,79,1
41164,Mammoth Cutters,AMMO,TRAINER,1000,29,34,85,1
41600,Glacial Bag,BAG,VENDOR,1,681813,990000,68,1
41600,Glacial Bag,BAG,VENDOR,1,674994,990000,68,1
41600,Glacial Bag,BAG,VENDOR,1,647994,990000,65,1
41600,Glacial Bag,BAG,VENDOR,1,681813,990000,68,1
41600,Glacial Bag,BAG,VENDOR,1,674994,990000,68,1
4234,Heavy Leather,INTERMEDIATE,TRAINER,9,1173,1090,107,0
4234,Heavy Leather,INTERMEDIATE,TRAINER,4,1149,1090,105,0
23519,Felsteel Helm,GEAR,DROP,1,4,8,50,1
23519,Felsteel Helm,GEAR,DROP,1,4,8,50,1
23519,Felsteel Helm,GEAR,DROP,1,4,8,50,1
23519,Felsteel Helm,GEAR,DROP,1,4,8,50,1
23519,Felsteel Helm,GEAR,DROP,1,4,8,50,1
23519,Felsteel Helm,GEAR,DROP,1,4,8,50,1
23519,Felsteel Helm,GEAR,DROP,1,4,8,50,1
23519,Felsteel Helm,GEAR,DROP,1,4,8,50,1
49632,Runescroll of Fortitude,MISC,TRAINER,20,4470,5080,87,1
49632,Runescroll of Fortitude,MISC,TRAINER,20,4291,5080,84,1
49632,Runescroll of Fortitude,MISC,TRAINER,20,4470,5080,87,1
49632,Runescroll of Fortitude,MISC,TRAINER,15,4291,5080,84,1
22823,Elixir of Camouflage,ELIXIR_POT,VENDOR,15,13877,10400,133,0
41594,Moonshroud,INTERMEDIATE,TRAINER,3,129538,195000,66,1
41594,Moonshroud,INTERMEDIATE,TRAINER,3,128242,195000,65,1
44958,Ethereal Oil,INTERMEDIATE,TRAINER,5,70,96,72,1
44958,Ethereal Oil,INTERMEDIATE,TRAINER,2,67,96,69,1
41509,Frostweave Net,MISC,TRAINER,20,9123,9000,101,1
41509,Frostweave Net,MISC,TRAINER,20,9031,9000,100,1
41509,Frostweave Net,MISC,TRAINER,20,8760,9000,97,1
41509,Frostweave Net,MISC,TRAINER,10,9123,9000,101,1
22522,Superior Wizard Oil,MISC,VENDOR,1,21392,26039,82,1
22522,Superior Wizard Oil,MISC,VENDOR,1,20750,26039,79,1
22522,Superior Wizard Oil,MISC,VENDOR,1,20335,26039,78,1
22522,Superior Wizard Oil,MISC,VENDOR,1,19521,26039,74,1
22522,Superior Wizard Oil,MISC,VENDOR,1,21392,26039,82,1
22522,Superior Wizard Oil,MISC,VENDOR,1,20750,26039,79,1
22522,Superior Wizard Oil,MISC,VENDOR,1,20335,26039,78,1
22522,Superior Wizard Oil,MISC,VENDOR,1,19521,26039,74,1
22522,Superior Wizard Oil,MISC,VENDOR,1,21392,26039,82,1
22522,Superior Wizard Oil,MISC,VENDOR,1,20750,26039,79,1
22522,Superior Wizard Oil,MISC,VENDOR,1,20335,26039,78,1
22522,Superior Wizard Oil,MISC,VENDOR,1,19521,26039,74,1
22522,Superior Wizard Oil,MISC,VENDOR,1,21392,26039,82,1
22522,Superior Wizard Oil,MISC,VENDOR,1,20750,26039,79,1
22522,Superior Wizard Oil,MISC,VENDOR,1,20335,26039,78,1
43248,Stoneguard Band,GEAR,TRAINER,1,33638,48000,70,1
43248,Stoneguard Band,GEAR,TRAINER,1,33301,48000,69,1
43248,Stoneguard Band,GEAR,TRAINER,1,32301,48000,67,1
43248,Stoneguard Band,GEAR,TRAINER,1,31331,48000,65,1
43248,Stoneguard Band,GEAR,TRAINER,1,33638,48000,70,1
43248,Stoneguard Band,GEAR,TRAINER,1,33301,48000,69,1
43248,Stoneguard Band,GEAR,TRAINER,1,32301,48000,67,1
43248,Stoneguard Band,GEAR,TRAINER,1,31331,48000,65,1
43248,Stoneguard Band,GEAR,TRAINER,1,33638,48000,70,1
43248,Stoneguard Band,GEAR,TRAINER,1,33301,48000,69,1
43248,Stoneguard Band,GEAR,TRAINER,1,32301,48000,67,1
22573,Mote of Earth,INTERMEDIATE,TRAINER,10,3473,3200,108,0
22573,Mote of Earth,INTERMEDIATE,TRAINER,10,3334,3200,104,0
22573,Mote of Earth,INTERMEDIATE,TRAINER,10,3267,3200,102,0
22573,Mote of Earth,INTERMEDIATE,TRAINER,10,3473,3200,108,0
22573,Mote of Earth,INTERMEDIATE,TRAINER,10,3334,3200,104,0
22573,Mote of Earth,INTERMEDIATE,TRAINER,10,3267,3200,102,0
22573,Mote of Earth,INTERMEDIATE,TRAINER,6,3473,3200,108,0
22573,Mote of Earth,INTERMEDIATE,TRAINER,4,3334,3200,104,0
11128,Golden Rod,INTERMEDIATE,TRAINER,1,4440,3880,114,0
11128,Golden Rod,INTERMEDIATE,TRAINER,1,4306,3880,110,0
11128,Golden Rod,INTERMEDIATE,TRAINER,1,4176,3880,107,0
11128,Golden Rod,INTERMEDIATE,TRAINER,1,4092,3880,105,0
11128,Golden Rod,INTERMEDIATE,TRAINER,1,4440,3880,114,0
11128,Golden Rod,INTERMEDIATE,TRAINER,1,4306,3880,110,0
11128,Golden Rod,INTERMEDIATE,TRAINER,1,4176,3880,107,0
11128,Golden Rod,INTERMEDIATE,TRAINER,1,4092,3880,105,0
11128,Golden Rod,INTERMEDIATE,TRAINER,1,4440,3880,114,0
11128,Golden Rod,INTERMEDIATE,TRAINER,1,4306,3880,110,0
22445,Arcane Dust,INTERMEDIATE,UNSOURCED,20,4368,5013,87,1
22445,Arcane Dust,INTERMEDIATE,UNSOURCED,20,4236,5013,84,1
22445,Arcane Dust,INTERMEDIATE,UNSOURCED,1,4066,5013,81,1
22445,Arcane Dust,INTERMEDIATE,UNSOURCED,1,3903,5013,77,1
44958,Ethereal Oil,INTERMEDIATE,TRAINER,2,75,96,78,1
44958,Ethereal Oil,INTERMEDIATE,TRAINER,6,72,96,75,1
24270,Bag of Jewels,BAG,VENDOR,1,17008,20006,85,1
24270,Bag of Jewels,BAG,VENDOR,1,16497,20006,82,1
24270,Bag of Jewels,BAG,VENDOR,1,17008,20006,85,1
24270,Bag of Jewels,BAG,VENDOR,1,16497,20006,82,1
24270,Bag of Jewels,BAG,VENDOR,1,17008,20006,85,1
24270,Bag of Jewels,BAG,VENDOR,1,16497,20006,82,1
24270,Bag of Jewels,BAG,VENDOR,1,17008,20006,85,1
24270,Bag of Jewels,BAG,VENDOR,1,16497,20006,82,1
24270,Bag of Jewels,BAG,VENDOR,1,17008,20006,85,1
24270,Bag of Jewels,BAG,VENDOR,1,16497,20006,82,1
24270,Bag of Jewels,BAG,VENDOR,1,17008,20006,85,1
24270,Bag of Jewels,BAG,VENDOR,1,16497,20006,82,1
24270,Bag of Jewels,BAG,VENDOR,1,17008,20006,85,1
24270,Bag of Jewels,BAG,VENDOR,1,16497,20006,82,1
24270,Bag of Jewels,BAG,VENDOR,1,17008,20006,85,1
41601,Shining Spellthread,MISC,TRAINER,6,115689,124800,92,1
22448,Small Prismatic Shard,INTERMEDIATE,TRAINER,20,1,0,0,1
22448,Small Prismatic Shard,INTERMEDIATE,TRAINER,20,1,0,0,1
22448,Small Prismatic Shard,INTERMEDIATE,TRAINER,5,1,0,0,1
22248,Enchanted Runecloth Bag,BAG,VENDOR,1,649750,551525,117,0
22248,Enchanted Runecloth Bag,BAG,VENDOR,1,636755,551525,115,0
2840,Copper Bar,INTERMEDIATE,UNSOURCED,2,46,20,230,0
2840,Copper Bar,INTERMEDIATE,UNSOURCED,6,45,20,225,0
41164,Mammoth Cutters,AMMO,TRAINER,1000,24,34,70,1
41164,Mammoth Cutters,AMMO,TRAINER,1000,23,34,67,1
41164,Mammoth Cutters,AMMO,TRAINER,1000,24,34,70,1
41164,Mammoth Cutters,AMMO,TRAINER,1000,23,34,67,1
41164,Mammoth Cutters,AMMO,TRAINER,1000,24,34,70,1
41164,Mammoth Cutters,AMMO,TRAINER,1000,23,34,67,1
41164,Mammoth Cutters,AMMO,TRAINER,1000,24,34,70,1
41164,Mammoth Cutters,AMMO,TRAINER,1000,23,34,67,1
41164,Mammoth Cutters,AMMO,TRAINER,1000,24,34,70,1
41164,Mammoth Cutters,AMMO,TRAINER,1000,23,34,67,1
41164,Mammoth Cutters,AMMO,TRAINER,1000,24,34,70,1
41164,Mammoth Cutters,AMMO,TRAINER,1000,23,34,67,1
41164,Mammoth Cutters,AMMO,TRAINER,1000,24,34,70,1
41164,Mammoth Cutters,AMMO,TRAINER,1000,23,34,67,1
41164,Mammoth Cutters,AMMO,TRAINER,1000,24,34,70,1
46376,Flask of the Frost Wyrm,FLASK,TRAINER,20,79352,65000,122,0
46376,Flask of the Frost Wyrm,FLASK,TRAINER,14,76177,65000,117,0
35128,Hardened Khorium,INTERMEDIATE,DROP,2,204157,120001,170,0
35128,Hardened Khorium,INTERMEDIATE,DROP,5,198032,120001,165,0
41165,Saronite Razorheads,AMMO,TRAINER,1000,49,60,81,1
41165,Saronite Razorheads,AMMO,TRAINER,1000,47,60,78,1
41165,Saronite Razorheads,AMMO,TRAINER,1000,46,60,76,1
41165,Saronite Razorheads,AMMO,TRAINER,1000,44,60,73,1
41165,Saronite Razorheads,AMMO,TRAINER,1000,49,60,81,1
41165,Saronite Razorheads,AMMO,TRAINER,1000,47,60,78,1
41165,Saronite Razorheads,AMMO,TRAINER,1000,46,60,76,1
41165,Saronite Razorheads,AMMO,TRAINER,1000,44,60,73,1
41165,Saronite Razorheads,AMMO,TRAINER,1000,49,60,81,1
44958,Ethereal Oil,INTERMEDIATE,TRAINER,12,78,96,81,1
40195,Pygmy Oil,INTERMEDIATE,TRAINER,9,392,300,130,0
40195,Pygmy Oil,INTERMEDIATE,TRAINER,3,380,300,126,0
22448,Small Prismatic Shard,INTERMEDIATE,TRAINER,20,1,0,0,1
22448,Small Prismatic Shard,INTERMEDIATE,TRAINER,20,1,0,0,1
22448,Small Prismatic Shard,INTERMEDIATE,TRAINER,3,1,0,0,1
22448,Small Prismatic Shard,INTERMEDIATE,TRAINER,2,1,0,0,1
8827,Elixir of Water Walking,ELIXIR_POT,UNSOURCED,5,4954,6180,80,1
38373,Frosthide Leg Armor,MISC,TRAINER,10,396270,503200,78,1
41598,Mysterious Bag,BAG,VENDOR,1,705375,750000,94,1
41598,Mysterious Bag,BAG,VENDOR,1,670106,750000,89,1
41598,Mysterious Bag,BAG,VENDOR,1,663404,750000,88,1
41598,Mysterious Bag,BAG,VENDOR,1,705375,750000,94,1
41598,Mysterious Bag,BAG,VENDOR,1,670106,750000,89,1
41598,Mysterious Bag,BAG,VENDOR,1,663404,750000,88,1
41598,Mysterious Bag,BAG,VENDOR,1,705375,750000,94,1
41598,Mysterious Bag,BAG,VENDOR,1,670106,750000,89,1
41598,Mysterious Bag,BAG,VENDOR,1,663404,750000,88,1
41598,Mysterious Bag,BAG,VENDOR,1,705375,750000,94,1
41598,Mysterious Bag,BAG,VENDOR,1,670106,750000,89,1
41598,Mysterious Bag,BAG,VENDOR,1,663404,750000,88,1
41598,Mysterious Bag,BAG,VENDOR,1,705375,750000,94,1
41598,Mysterious Bag,BAG,VENDOR,1,670106,750000,89,1
41598,Mysterious Bag,BAG,VENDOR,1,663404,750000,88,1
41595,Spellweave,INTERMEDIATE,TRAINER,1,140400,195000,72,1
41595,Spellweave,INTERMEDIATE,TRAINER,8,138996,195000,71,1
21990,Netherweave Bandage,MISC,TRAINER,11,4239,4800,88,1
29540,Reinforced Mining Bag,BAG,VENDOR,1,315252,278000,113,0
38375,Borean Armor Kit,MISC,TRAINER,10,31363,36000,87,1
22448,Small Prismatic Shard,INTERMEDIATE,TRAINER,20,1,0,0,1
22448,Small Prismatic Shard,INTERMEDIATE,TRAINER,1,1,0,0,1
4339,Bolt of Mageweave,INTERMEDIATE,TRAINER,1,5890,5050,116,0
4339,Bolt of Mageweave,INTERMEDIATE,TRAINER,11,5654,5050,111,0
21845,Primal Mooncloth,INTERMEDIATE,VENDOR,5,78445,64001,122,0
21845,Primal Mooncloth,INTERMEDIATE,VENDOR,6,76876,64001,120,0
8827,Elixir of Water Walking,ELIXIR_POT,UNSOURCED,8,5405,6180,87,1
7966,Solid Grinding Stone,INTERMEDIATE,TRAINER,2,2602,2352,110,0
7966,Solid Grinding Stone,INTERMEDIATE,TRAINER,4,2471,2352,105,0
38590,Black Chitinguard Boots,GEAR,TRAINER,1,120485,179400,67,1
38590,Black Chitinguard Boots,GEAR,TRAINER,1,118075,179400,65,1
38590,Black Chitinguard Boots,GEAR,TRAINER,1,120485,179400,67,1
38590,Black Chitinguard Boots,GEAR,TRAINER,1,118075,179400,65,1
38590,Black Chitinguard Boots,GEAR,TRAINER,1,120485,179400,67,1
38425,Heavy Borean Leather,INTERMEDIATE,TRAINER,5,38723,54000,71,1
38425,Heavy Borean Leather,INTERMEDIATE,TRAINER,5,37174,54000,68,1
25896,Powerful Earthstorm Diamond,GEM_CUT,VENDOR,1,417312,360000,115,0
25896,Powerful Earthstorm Diamond,GEM_CUT,VENDOR,1,413138,360000,114,0
8827,Elixir of Water Walking,ELIXIR_POT,UNSOURCED,5,5053,6180,81,1
8827,Elixir of Water Walking,ELIXIR_POT,UNSOURCED,5,4901,6180,79,1
8827,Elixir of Water Walking,ELIXIR_POT,UNSOURCED,4,4802,6180,77,1
41594,Moonshroud,INTERMEDIATE,TRAINER,1,187102,195000,95,1
41594,Moonshroud,INTERMEDIATE,TRAINER,5,181488,195000,93,1
13510,Flask of the Titans,FLASK,DROP,5,48871,16860,289,0
13510,Flask of the Titans,FLASK,DROP,5,47404,16860,281,0
13510,Flask of the Titans,FLASK,DROP,2,48871,16860,289,0
21872,Ebon Shadowbag,BAG,VENDOR,1,459122,408000,112,0
21872,Ebon Shadowbag,BAG,VENDOR,1,436165,408000,106,0
21872,Ebon Shadowbag,BAG,VENDOR,1,427441,408000,104,0
22445,Arcane Dust,INTERMEDIATE,UNSOURCED,20,4014,5013,80,1
22445,Arcane Dust,INTERMEDIATE,UNSOURCED,20,3853,5013,76,1
22445,Arcane Dust,INTERMEDIATE,UNSOURCED,1,3737,5013,74,1
22445,Arcane Dust,INTERMEDIATE,UNSOURCED,1,4014,5013,80,1
22445,Arcane Dust,INTERMEDIATE,UNSOURCED,20,4287,5013,85,1
22445,Arcane Dust,INTERMEDIATE,UNSOURCED,1,4115,5013,82,1
8827,Elixir of Water Walking,ELIXIR_POT,UNSOURCED,13,5180,6180,83,1
43248,Stoneguard Band,GEAR,TRAINER,1,37632,48000,78,1
43248,Stoneguard Band,GEAR,TRAINER,1,35750,48000,74,1
43248,Stoneguard Band,GEAR,TRAINER,1,35035,48000,72,1
43248,Stoneguard Band,GEAR,TRAINER,1,37632,48000,78,1
43248,Stoneguard Band,GEAR,TRAINER,1,35750,48000,74,1
43248,Stoneguard Band,GEAR,TRAINER,1,35035,48000,72,1
43248,Stoneguard Band,GEAR,TRAINER,1,37632,48000,78,1
43248,Stoneguard Band,GEAR,TRAINER,1,35750,48000,74,1
43248,Stoneguard Band,GEAR,TRAINER,1,35035,48000,72,1
43248,Stoneguard Band,GEAR,TRAINER,1,37632,48000,78,1
43248,Stoneguard Band,GEAR,TRAINER,1,35750,48000,74,1
43248,Stoneguard Band,GEAR,TRAINER,1,35035,48000,72,1
43248,Stoneguard Band,GEAR,TRAINER,1,37632,48000,78,1
43248,Stoneguard Band,GEAR,TRAINER,1,35750,48000,74,1
43248,Stoneguard Band,GEAR,TRAINER,1,35035,48000,72,1
4305,Bolt of Silk Cloth,INTERMEDIATE,TRAINER,11,2821,2376,118,0
42641,Global Thermal Sapper Charge,MISC,TRAINER,20,5259,6900,76,1
42641,Global Thermal Sapper Charge,MISC,TRAINER,20,5153,6900,74,1
42641,Global Thermal Sapper Charge,MISC,TRAINER,20,4895,6900,70,1
42641,Global Thermal Sapper Charge,MISC,TRAINER,15,4699,6900,68,1
8827,Elixir of Water Walking,ELIXIR_POT,UNSOURCED,5,4654,6180,75,1
8827,Elixir of Water Walking,ELIXIR_POT,UNSOURCED,8,4467,6180,72,1
38590,Black Chitinguard Boots,GEAR,TRAINER,1,132468,179400,73,1
38590,Black Chitinguard Boots,GEAR,TRAINER,1,131143,179400,73,1
38590,Black Chitinguard Boots,GEAR,TRAINER,1,124585,179400,69,1
38590,Black Chitinguard Boots,GEAR,TRAINER,1,123339,179400,68,1
38590,Black Chitinguard Boots,GEAR,TRAINER,1,132468,179400,73,1
38590,Black Chitinguard Boots,GEAR,TRAINER,1,131143,179400,73,1
38590,Black Chitinguard Boots,GEAR,TRAINER,1,124585,179400,69,1
38590,Black Chitinguard Boots,GEAR,TRAINER,1,123339,179400,68,1
38590,Black Chitinguard Boots,GEAR,TRAINER,1,132468,179400,73,1
38590,Black Chitinguard Boots,GEAR,TRAINER,1,131143,179400,73,1
38590,Black Chitinguard Boots,GEAR,TRAINER,1,124585,179400,69,1
38590,Black Chitinguard Boots,GEAR,TRAINER,1,123339,179400,68,1
40213,Mighty Arcane Protection Potion,ELIXIR_POT,DROP,5,25401,10800,235,0
40213,Mighty Arcane Protection Potion,ELIXIR_POT,DROP,5,24638,10800,228,0
40213,Mighty Arcane Protection Potion,ELIXIR_POT,DROP,8,25401,10800,235,0
31079,Mercurial Adamantite,INTERMEDIATE,TRAINER,5,96629,86000,112,0
31079,Mercurial Adamantite,INTERMEDIATE,TRAINER,3,93730,86000,108,0
40146,Fierce Ametrine,GEM_CUT,VENDOR,1,362425,250000,144,0
40146,Fierce Ametrine,GEM_CUT,VENDOR,1,355176,250000,142,0
40146,Fierce Ametrine,GEM_CUT,VENDOR,1,337417,250000,134,0
3577,Gold Bar,INTERMEDIATE,TRAINER,6,4335,3760,115,0
3577,Gold Bar,INTERMEDIATE,TRAINER,1,4161,3760,110,0
23519,Felsteel Helm,GEAR,DROP,1,4,8,50,1
23519,Felsteel Helm,GEAR,DROP,1,4,8,50,1
23519,Felsteel Helm,GEAR,DROP,1,4,8,50,1
23519,Felsteel Helm,GEAR,DROP,1,4,8,50,1
23519,Felsteel Helm,GEAR,DROP,1,4,8,50,1
23519,Felsteel Helm,GEAR,DROP,1,4,8,50,1
23519,Felsteel Helm,GEAR,DROP,1,4,8,50,1
23519,Felsteel Helm,GEAR,DROP,1,4,8,50,1
23519,Felsteel Helm,GEAR,DROP,1,4,8,50,1
23519,Felsteel Helm,GEAR,DROP,1,4,8,50,1
23519,Felsteel Helm,GEAR,DROP,1,4,8,50,1
23519,Felsteel Helm,GEAR,DROP,1,4,8,50,1
23519,Felsteel Helm,GEAR,DROP,1,4,8,50,1
23519,Felsteel Helm,GEAR,DROP,1,4,8,50,1
41602,Brilliant Spellthread,MISC,VENDOR,11,481457,586000,82,1
13510,Flask of the Titans,FLASK,DROP,10,29575,16860,175,0
40772,Gnomish Army Knife,MISC,TRAINER,1,267455,300175,89,1
40772,Gnomish Army Knife,MISC,TRAINER,1,262105,300175,87,1
40772,Gnomish Army Knife,MISC,TRAINER,1,256862,300175,85,1
40772,Gnomish Army Knife,MISC,TRAINER,1,249156,300175,83,1
40772,Gnomish Army Knife,MISC,TRAINER,1,267455,300175,89,1
40772,Gnomish Army Knife,MISC,TRAINER,1,262105,300175,87,1
40772,Gnomish Army Knife,MISC,TRAINER,1,256862,300175,85,1
40772,Gnomish Army Knife,MISC,TRAINER,1,249156,300175,83,1
40772,Gnomish Army Knife,MISC,TRAINER,1,267455,300175,89,1
23106,Dazzling Deep Peridot,GEM_CUT,VENDOR,1,25460,20000,127,0
22522,Superior Wizard Oil,MISC,VENDOR,1,19130,26039,73,1
22522,Superior Wizard Oil,MISC,VENDOR,1,18938,26039,72,1
22522,Superior Wizard Oil,MISC,VENDOR,1,19130,26039,73,1
22522,Superior Wizard Oil,MISC,VENDOR,1,18938,26039,72,1
22522,Superior Wizard Oil,MISC,VENDOR,1,19130,26039,73,1
22522,Superior Wizard Oil,MISC,VENDOR,1,18938,26039,72,1
22522,Superior Wizard Oil,MISC,VENDOR,1,19130,26039,73,1
22850,Super Rejuvenation Potion,ELIXIR_POT,UNSOURCED,5,58800,32000,183,0
22850,Super Rejuvenation Potion,ELIXIR_POT,UNSOURCED,11,56448,32000,176,0
43853,Titanium Skeleton Key,MISC,TRAINER,20,6409,7000,91,1
43853,Titanium Skeleton Key,MISC,TRAINER,20,6216,7000,88,1
43853,Titanium Skeleton Key,MISC,TRAINER,20,6409,7000,91,1
43853,Titanium Skeleton Key,MISC,TRAINER,20,6216,7000,88,1
43853,Titanium Skeleton Key,MISC,TRAINER,20,6409,7000,91,1
43853,Titanium Skeleton Key,MISC,TRAINER,20,6216,7000,88,1
43853,Titanium Skeleton Key,MISC,TRAINER,20,6409,7000,91,1
43853,Titanium Skeleton Key,MISC,TRAINER,20,6216,7000,88,1
41594,Moonshroud,INTERMEDIATE,TRAINER,2,259545,195000,133,0
41594,Moonshroud,INTERMEDIATE,TRAINER,9,251758,195000,129,0
41593,Ebonweave,INTERMEDIATE,TRAINER,5,195000,195000,100,0
41593,Ebonweave,INTERMEDIATE,TRAINER,3,195000,195000,100,0
44331,Elixir of Lightning Speed,ELIXIR_POT,UNSOURCED,8,10934,11400,95,1
43853,Titanium Skeleton Key,MISC,TRAINER,20,5929,7000,84,1
43853,Titanium Skeleton Key,MISC,TRAINER,20,5869,7000,83,1
43853,Titanium Skeleton Key,MISC,TRAINER,20,5929,7000,84,1
43853,Titanium Skeleton Key,MISC,TRAINER,20,5869,7000,83,1
43853,Titanium Skeleton Key,MISC,TRAINER,20,5929,7000,84,1
43853,Titanium Skeleton Key,MISC,TRAINER,20,5869,7000,83,1
43853,Titanium Skeleton Key,MISC,TRAINER,20,5929,7000,84,1
43853,Titanium Skeleton Key,MISC,TRAINER,20,5869,7000,83,1
43853,Titanium Skeleton Key,MISC,TRAINER,20,5929,7000,84,1
43853,Titanium Skeleton Key,MISC,TRAINER,20,5869,7000,83,1
43853,Titanium Skeleton Key,MISC,TRAINER,20,5929,7000,84,1
49632,Runescroll of Fortitude,MISC,TRAINER,20,4532,5080,89,1
49632,Runescroll of Fortitude,MISC,TRAINER,10,4486,5080,88,1
40151,Luminous Ametrine,GEM_CUT,VENDOR,1,308050,250000,123,0
22522,Superior Wizard Oil,MISC,VENDOR,1,24918,26039,95,1
22522,Superior Wizard Oil,MISC,VENDOR,1,24419,26039,93,1
22522,Superior Wizard Oil,MISC,VENDOR,1,23198,26039,89,1
22522,Superior Wizard Oil,MISC,VENDOR,1,24918,26039,95,1
22522,Superior Wizard Oil,MISC,VENDOR,1,24419,26039,93,1
22522,Superior Wizard Oil,MISC,VENDOR,1,23198,26039,89,1
22522,Superior Wizard Oil,MISC,VENDOR,1,24918,26039,95,1
22522,Superior Wizard Oil,MISC,VENDOR,1,24419,26039,93,1
22522,Superior Wizard Oil,MISC,VENDOR,1,23198,26039,89,1
22522,Superior Wizard Oil,MISC,VENDOR,1,24918,26039,95,1
22522,Superior Wizard Oil,MISC,VENDOR,1,24419,26039,93,1
22522,Superior Wizard Oil,MISC,VENDOR,1,23198,26039,89,1
32836,Purified Shadow Pearl,GEM_CUT,TRAINER,1,8341,9280,89,1
32836,Purified Shadow Pearl,GEM_CUT,TRAINER,1,8174,9280,88,1
32836,Purified Shadow Pearl,GEM_CUT,TRAINER,1,7847,9280,84,1
32836,Purified Shadow Pearl,GEM_CUT,TRAINER,1,7768,9280,83,1
32836,Purified Shadow Pearl,GEM_CUT,TRAINER,1,8341,9280,89,1
32836,Purified Shadow Pearl,GEM_CUT,TRAINER,1,8174,9280,88,1
32836,Purified Shadow Pearl,GEM_CUT,TRAINER,1,7847,9280,84,1
32836,Purified Shadow Pearl,GEM_CUT,TRAINER,1,7768,9280,83,1
32836,Purified Shadow Pearl,GEM_CUT,TRAINER,1,8341,9280,89,1
32836,Purified Shadow Pearl,GEM_CUT,TRAINER,1,8174,9280,88,1
22448,Small Prismatic Shard,INTERMEDIATE,TRAINER,20,1,0,0,1
22448,Small Prismatic Shard,INTERMEDIATE,TRAINER,1,1,0,0,1
22448,Small Prismatic Shard,INTERMEDIATE,TRAINER,6,1,0,0,1
40173,Turbid Eye of Zul,GEM_CUT,VENDOR,1,304425,250000,121,0
38407,Iceborne Boots,GEAR,TRAINER,1,85284,90000,94,1
38407,Iceborne Boots,GEAR,TRAINER,1,81019,90000,90,1
38407,Iceborne Boots,GEAR,TRAINER,1,85284,90000,94,1
38407,Iceborne Boots,GEAR,TRAINER,1,81019,90000,90,1
38407,Iceborne Boots,GEAR,TRAINER,1,85284,90000,94,1
38407,Iceborne Boots,GEAR,TRAINER,1,81019,90000,90,1
22448,Small Prismatic Shard,INTERMEDIATE,TRAINER,20,1,0,0,1
22448,Small Prismatic Shard,INTERMEDIATE,TRAINER,10,1,0,0,1
23519,Felsteel Helm,GEAR,DROP,1,6,8,75,1
23519,Felsteel Helm,GEAR,DROP,1,5,8,62,1
23519,Felsteel Helm,GEAR,DROP,1,4,8,50,1
23519,Felsteel Helm,GEAR,DROP,1,6,8,75,1
23519,Felsteel Helm,GEAR,DROP,1,5,8,62,1
23519,Felsteel Helm,GEAR,DROP,1,4,8,50,1
23519,Felsteel Helm,GEAR,DROP,1,6,8,75,1
23519,Felsteel Helm,GEAR,DROP,1,5,8,62,1
23519,Felsteel Helm,GEAR,DROP,1,4,8,50,1
23519,Felsteel Helm,GEAR,DROP,1,6,8,75,1
23519,Felsteel Helm,GEAR,DROP,1,5,8,62,1
23519,Felsteel Helm,GEAR,DROP,1,4,8,50,1
23519,Felsteel Helm,GEAR,DROP,1,6,8,75,1
22448,Small Prismatic Shard,INTERMEDIATE,TRAINER,20,1,0,0,1
22448,Small Prismatic Shard,INTERMEDIATE,TRAINER,4,1,0,0,1
22448,Small Prismatic Shard,INTERMEDIATE,TRAINER,15,1,0,0,1
2996,Bolt of Linen Cloth,INTERMEDIATE,UNSOURCED,3,240,112,214,0
2996,Bolt of Linen Cloth,INTERMEDIATE,UNSOURCED,2,228,112,203,0
42336,Bloodstone Band,GEAR,TRAINER,1,20311,24800,81,1
42336,Bloodstone Band,GEAR,TRAINER,1,19498,24800,78,1
42336,Bloodstone Band,GEAR,TRAINER,1,18523,24800,74,1
42336,Bloodstone Band,GEAR,TRAINER,1,17596,24800,70,1
42336,Bloodstone Band,GEAR,TRAINER,1,20311,24800,81,1
42336,Bloodstone Band,GEAR,TRAINER,1,19498,24800,78,1
42336,Bloodstone Band,GEAR,TRAINER,1,18523,24800,74,1
42336,Bloodstone Band,GEAR,TRAINER,1,17596,24800,70,1
42336,Bloodstone Band,GEAR,TRAINER,1,20311,24800,81,1
42336,Bloodstone Band,GEAR,TRAINER,1,19498,24800,78,1
42336,Bloodstone Band,GEAR,TRAINER,1,18523,24800,74,1
42336,Bloodstone Band,GEAR,TRAINER,1,17596,24800,70,1
42336,Bloodstone Band,GEAR,TRAINER,1,20311,24800,81,1
41509,Frostweave Net,MISC,TRAINER,20,7128,9000,79,1
41509,Frostweave Net,MISC,TRAINER,20,6914,9000,76,1
41509,Frostweave Net,MISC,TRAINER,5,6844,9000,76,1
42101,Ebonweave Robe,GEAR,TRAINER,1,2811650,2122000,132,0
42101,Ebonweave Robe,GEAR,TRAINER,1,2699184,2122000,127,0
41164,Mammoth Cutters,AMMO,TRAINER,1000,25,34,73,1
41164,Mammoth Cutters,AMMO,TRAINER,1000,24,34,70,1
41164,Mammoth Cutters,AMMO,TRAINER,1000,23,34,67,1
41164,Mammoth Cutters,AMMO,TRAINER,1000,25,34,73,1
41164,Mammoth Cutters,AMMO,TRAINER,1000,24,34,70,1
41164,Mammoth Cutters,AMMO,TRAINER,1000,23,34,67,1
41164,Mammoth Cutters,AMMO,TRAINER,1000,25,34,73,1
41164,Mammoth Cutters,AMMO,TRAINER,1000,24,34,70,1
44958,Ethereal Oil,INTERMEDIATE,TRAINER,2,80,96,83,1
44958,Ethereal Oil,INTERMEDIATE,TRAINER,10,79,96,82,1
23787,Felsteel Stabilizer,INTERMEDIATE,TRAINER,1,1,2,50,1
23787,Felsteel Stabilizer,INTERMEDIATE,TRAINER,5,1,2,50,1
43124,Ethereal Ink,INTERMEDIATE,TRAINER,10,381,300,127,0
43124,Ethereal Ink,INTERMEDIATE,TRAINER,5,369,300,123,0
23115,Thick Golden Draenite,GEM_CUT,VENDOR,1,23432,20000,117,0
41603,Azure Spellthread,MISC,TRAINER,12,86261,124800,69,1
8827,Elixir of Water Walking,ELIXIR_POT,UNSOURCED,13,5459,6180,88,1
43258,Purehorn Spaulders,GEAR,TRAINER,1,153648,198000,77,1
43258,Purehorn Spaulders,GEAR,TRAINER,1,145965,198000,73,1
43258,Purehorn Spaulders,GEAR,TRAINER,1,144505,198000,72,1
43258,Purehorn Spaulders,GEAR,TRAINER,1,153648,198000,77,1
43258,Purehorn Spaulders,GEAR,TRAINER,1,145965,198000,73,1
43258,Purehorn Spaulders,GEAR,TRAINER,1,144505,198000,72,1
43258,Purehorn Spaulders,GEAR,TRAINER,1,153648,198000,77,1
43258,Purehorn Spaulders,GEAR,TRAINER,1,145965,198000,73,1
43258,Purehorn Spaulders,GEAR,TRAINER,1,144505,198000,72,1
43258,Purehorn Spaulders,GEAR,TRAINER,1,153648,198000,77,1
43258,Purehorn Spaulders,GEAR,TRAINER,1,145965,198000,73,1
43258,Purehorn Spaulders,GEAR,TRAINER,1,144505,198000,72,1
42641,Global Thermal Sapper Charge,MISC,TRAINER,20,6141,6900,89,1
42641,Global Thermal Sapper Charge,MISC,TRAINER,20,6018,6900,87,1
42641,Global Thermal Sapper Charge,MISC,TRAINER,5,5717,6900,82,1
43244,Crystal Citrine Necklace,GEAR,TRAINER,1,21144,24800,85,1
43244,Crystal Citrine Necklace,GEAR,TRAINER,1,20932,24800,84,1
43244,Crystal Citrine Necklace,GEAR,TRAINER,1,21144,24800,85,1
43244,Crystal Citrine Necklace,GEAR,TRAINER,1,20932,24800,84,1
43244,Crystal Citrine Necklace,GEAR,TRAINER,1,21144,24800,85,1
43244,Crystal Citrine Necklace,GEAR,TRAINER,1,20932,24800,84,1
43244,Crystal Citrine Necklace,GEAR,TRAINER,1,21144,24800,85,1
43244,Crystal Citrine Necklace,GEAR,TRAINER,1,20932,24800,84,1
43244,Crystal Citrine Necklace,GEAR,TRAINER,1,21144,24800,85,1
43244,Crystal Citrine Necklace,GEAR,TRAINER,1,20932,24800,84,1
43244,Crystal Citrine Necklace,GEAR,TRAINER,1,21144,24800,85,1
43244,Crystal Citrine Necklace,GEAR,TRAINER,1,20932,24800,84,1
43244,Crystal Citrine Necklace,GEAR,TRAINER,1,21144,24800,85,1
48933,Wormhole Generator: Northrend,GEAR,UNSOURCED,1,257417,352000,73,1
48933,Wormhole Generator: Northrend,GEAR,UNSOURCED,1,252268,352000,71,1
48933,Wormhole Generator: Northrend,GEAR,UNSOURCED,1,257417,352000,73,1
48933,Wormhole Generator: Northrend,GEAR,UNSOURCED,1,252268,352000,71,1
48933,Wormhole Generator: Northrend,GEAR,UNSOURCED,1,257417,352000,73,1
48933,Wormhole Generator: Northrend,GEAR,UNSOURCED,1,252268,352000,71,1
48933,Wormhole Generator: Northrend,GEAR,UNSOURCED,1,257417,352000,73,1
48933,Wormhole Generator: Northrend,GEAR,UNSOURCED,1,252268,352000,71,1
24037,Lustrous Star of Elune,GEM_CUT,DROP,1,255060,120000,212,0
24037,Lustrous Star of Elune,GEM_CUT,DROP,1,242307,120000,201,0
24037,Lustrous Star of Elune,GEM_CUT,DROP,1,255060,120000,212,0
42336,Bloodstone Band,GEAR,TRAINER,1,18848,24800,76,1
42336,Bloodstone Band,GEAR,TRAINER,1,18282,24800,73,1
42336,Bloodstone Band,GEAR,TRAINER,1,17550,24800,70,1
42336,Bloodstone Band,GEAR,TRAINER,1,18848,24800,76,1
42336,Bloodstone Band,GEAR,TRAINER,1,18282,24800,73,1
42336,Bloodstone Band,GEAR,TRAINER,1,17550,24800,70,1
42336,Bloodstone Band,GEAR,TRAINER,1,18848,24800,76,1
42336,Bloodstone Band,GEAR,TRAINER,1,18282,24800,73,1
42336,Bloodstone Band,GEAR,TRAINER,1,17550,24800,70,1
33092,Healing Potion Injector,ELIXIR_POT,DROP,5,43630,18400,237,0
33092,Healing Potion Injector,ELIXIR_POT,DROP,5,42757,18400,232,0
33092,Healing Potion Injector,ELIXIR_POT,DROP,5,43630,18400,237,0
33092,Healing Potion Injector,ELIXIR_POT,DROP,20,42757,18400,232,0
33092,Healing Potion Injector,ELIXIR_POT,DROP,20,43630,18400,237,0
33092,Healing Potion Injector,ELIXIR_POT,DROP,20,42757,18400,232,0
33092,Healing Potion Injector,ELIXIR_POT,DROP,20,43630,18400,237,0
33092,Healing Potion Injector,ELIXIR_POT,DROP,20,42757,18400,232,0
33092,Healing Potion Injector,ELIXIR_POT,DROP,5,43630,18400,237,0
33092,Healing Potion Injector,ELIXIR_POT,DROP,5,42757,18400,232,0
33092,Healing Potion Injector,ELIXIR_POT,DROP,20,43630,18400,237,0
33092,Healing Potion Injector,ELIXIR_POT,DROP,20,42757,18400,232,0
33092,Healing Potion Injector,ELIXIR_POT,DROP,5,43630,18400,237,0
33092,Healing Potion Injector,ELIXIR_POT,DROP,20,42757,18400,232,0
33092,Healing Potion Injector,ELIXIR_POT,DROP,20,43630,18400,237,0
33092,Healing Potion Injector,ELIXIR_POT,DROP,5,42757,18400,232,0
33092,Healing Potion Injector,ELIXIR_POT,DROP,5,43630,18400,237,0
22448,Small Prismatic Shard,INTERMEDIATE,TRAINER,20,1,0,0,1
22448,Small Prismatic Shard,INTERMEDIATE,TRAINER,3,1,0,0,1
22448,Small Prismatic Shard,INTERMEDIATE,TRAINER,4,1,0,0,1
40095,Misty Forest Emerald,GEM_CUT,DROP,1,475785,150000,317,0
40095,Misty Forest Emerald,GEM_CUT,DROP,1,466269,150000,310,0
43121,Fiery Ink,INTERMEDIATE,TRAINER,7,216,200,108,0
43121,Fiery Ink,INTERMEDIATE,TRAINER,2,211,200,105,0
22761,Bramblewood Belt,GEAR,VENDOR,1,18713,22849,81,1
22761,Bramblewood Belt,GEAR,VENDOR,1,18525,22849,81,1
22761,Bramblewood Belt,GEAR,VENDOR,1,17969,22849,78,1
22761,Bramblewood Belt,GEAR,VENDOR,1,18713,22849,81,1
22761,Bramblewood Belt,GEAR,VENDOR,1,18525,22849,81,1
22761,Bramblewood Belt,GEAR,VENDOR,1,17969,22849,78,1
22761,Bramblewood Belt,GEAR,VENDOR,1,18713,22849,81,1
22761,Bramblewood Belt,GEAR,VENDOR,1,18525,22849,81,1
22761,Bramblewood Belt,GEAR,VENDOR,1,17969,22849,78,1
22761,Bramblewood Belt,GEAR,VENDOR,1,18713,22849,81,1
22761,Bramblewood Belt,GEAR,VENDOR,1,18525,22849,81,1
22761,Bramblewood Belt,GEAR,VENDOR,1,17969,22849,78,1
34769,Imperial Manta Steak,FOOD,VENDOR,5,38,49,77,1
34769,Imperial Manta Steak,FOOD,VENDOR,5,37,49,75,1
34769,Imperial Manta Steak,FOOD,VENDOR,5,36,49,73,1
40958,Reinforced Cobalt Legplates,GEAR,DROP,1,37118,52800,70,1
40958,Reinforced Cobalt Legplates,GEAR,DROP,1,35262,52800,66,1
40958,Reinforced Cobalt Legplates,GEAR,DROP,1,34909,52800,66,1
40958,Reinforced Cobalt Legplates,GEAR,DROP,1,37118,52800,70,1
40958,Reinforced Cobalt Legplates,GEAR,DROP,1,35262,52800,66,1
40958,Reinforced Cobalt Legplates,GEAR,DROP,1,34909,52800,66,1
40958,Reinforced Cobalt Legplates,GEAR,DROP,1,37118,52800,70,1
40958,Reinforced Cobalt Legplates,GEAR,DROP,1,35262,52800,66,1
40958,Reinforced Cobalt Legplates,GEAR,DROP,1,34909,52800,66,1
40958,Reinforced Cobalt Legplates,GEAR,DROP,1,37118,52800,70,1
40958,Reinforced Cobalt Legplates,GEAR,DROP,1,35262,52800,66,1
40958,Reinforced Cobalt Legplates,GEAR,DROP,1,34909,52800,66,1
44331,Elixir of Lightning Speed,ELIXIR_POT,UNSOURCED,5,8317,11400,72,1
8827,Elixir of Water Walking,ELIXIR_POT,UNSOURCED,14,5166,6180,83,1
44330,Elixir of Armor Piercing,ELIXIR_POT,UNSOURCED,5,10206,12000,85,1
44330,Elixir of Armor Piercing,ELIXIR_POT,UNSOURCED,1,10001,12000,83,1
32205,Smooth Lionseye,GEM_CUT,VENDOR,1,310575,250000,124,0
32205,Smooth Lionseye,GEM_CUT,VENDOR,1,307469,250000,122,0
43127,Snowfall Ink,INTERMEDIATE,TRAINER,6,511,400,127,0
23518,Felsteel Leggings,GEAR,DROP,1,7,8,87,1
23518,Felsteel Leggings,GEAR,DROP,1,6,8,75,1
23518,Felsteel Leggings,GEAR,DROP,1,5,8,62,1
23518,Felsteel Leggings,GEAR,DROP,1,7,8,87,1
23518,Felsteel Leggings,GEAR,DROP,1,6,8,75,1
23518,Felsteel Leggings,GEAR,DROP,1,5,8,62,1
23518,Felsteel Leggings,GEAR,DROP,1,7,8,87,1
22448,Small Prismatic Shard,INTERMEDIATE,TRAINER,20,1,0,0,1
22448,Small Prismatic Shard,INTERMEDIATE,TRAINER,3,1,0,0,1
22448,Small Prismatic Shard,INTERMEDIATE,TRAINER,1,1,0,0,1
41604,Sapphire Spellthread,MISC,VENDOR,10,512164,586000,87,1
22445,Arcane Dust,INTERMEDIATE,UNSOURCED,20,4237,5013,84,1
22445,Arcane Dust,INTERMEDIATE,UNSOURCED,2,4067,5013,81,1
22445,Arcane Dust,INTERMEDIATE,UNSOURCED,17,3863,5013,77,1
25844,Adamantite Rod,INTERMEDIATE,VENDOR,1,216342,180000,120,0
25844,Adamantite Rod,INTERMEDIATE,VENDOR,1,212015,180000,117,0
25844,Adamantite Rod,INTERMEDIATE,VENDOR,1,216342,180000,120,0
25844,Adamantite Rod,INTERMEDIATE,VENDOR,1,212015,180000,117,0
25844,Adamantite Rod,INTERMEDIATE,VENDOR,1,216342,180000,120,0
25844,Adamantite Rod,INTERMEDIATE,VENDOR,1,212015,180000,117,0
25844,Adamantite Rod,INTERMEDIATE,VENDOR,1,216342,180000,120,0
23787,Felsteel Stabilizer,INTERMEDIATE,TRAINER,9,1,2,50,1
23787,Felsteel Stabilizer,INTERMEDIATE,TRAINER,1,1,2,50,1
43566,Ice Striker's Cloak,GEAR,TRAINER,1,596775,730000,81,1
43566,Ice Striker's Cloak,GEAR,TRAINER,1,578871,730000,79,1
43566,Ice Striker's Cloak,GEAR,TRAINER,1,549927,730000,75,1
43566,Ice Striker's Cloak,GEAR,TRAINER,1,533429,730000,73,1
43566,Ice Striker's Cloak,GEAR,TRAINER,1,596775,730000,81,1
43566,Ice Striker's Cloak,GEAR,TRAINER,1,578871,730000,79,1
43566,Ice Striker's Cloak,GEAR,TRAINER,1,549927,730000,75,1
43566,Ice Striker's Cloak,GEAR,TRAINER,1,533429,730000,73,1
43566,Ice Striker's Cloak,GEAR,TRAINER,1,596775,730000,81,1
43566,Ice Striker's Cloak,GEAR,TRAINER,1,578871,730000,79,1
43566,Ice Striker's Cloak,GEAR,TRAINER,1,549927,730000,75,1
43566,Ice Striker's Cloak,GEAR,TRAINER,1,533429,730000,73,1
43566,Ice Striker's Cloak,GEAR,TRAINER,1,596775,730000,81,1
43566,Ice Striker's Cloak,GEAR,TRAINER,1,578871,730000,79,1
44958,Ethereal Oil,INTERMEDIATE,TRAINER,4,75,96,78,1
44958,Ethereal Oil,INTERMEDIATE,TRAINER,3,73,96,76,1
41509,Frostweave Net,MISC,TRAINER,20,8037,9000,89,1
41509,Frostweave Net,MISC,TRAINER,20,7715,9000,85,1
41509,Frostweave Net,MISC,TRAINER,5,8037,9000,89,1
43249,Shadowmight Ring,GEAR,TRAINER,1,40320,48000,84,1
43249,Shadowmight Ring,GEAR,TRAINER,1,38304,48000,79,1
43249,Shadowmight Ring,GEAR,TRAINER,1,40320,48000,84,1
43249,Shadowmight Ring,GEAR,TRAINER,1,38304,48000,79,1
43249,Shadowmight Ring,GEAR,TRAINER,1,40320,48000,84,1
43249,Shadowmight Ring,GEAR,TRAINER,1,38304,48000,79,1
43249,Shadowmight Ring,GEAR,TRAINER,1,40320,48000,84,1
43249,Shadowmight Ring,GEAR,TRAINER,1,38304,48000,79,1
43249,Shadowmight Ring,GEAR,TRAINER,1,40320,48000,84,1
43249,Shadowmight Ring,GEAR,TRAINER,1,38304,48000,79,1
43249,Shadowmight Ring,GEAR,TRAINER,1,40320,48000,84,1
43249,Shadowmight Ring,GEAR,TRAINER,1,38304,48000,79,1
43249,Shadowmight Ring,GEAR,TRAINER,1,40320,48000,84,1
40130,Shifting Dreadstone,GEM_CUT,VENDOR,1,321300,250000,128,0
40130,Shifting Dreadstone,GEM_CUT,VENDOR,1,311661,250000,124,0
41165,Saronite Razorheads,AMMO,TRAINER,1000,44,60,73,1
41165,Saronite Razorheads,AMMO,TRAINER,1000,43,60,71,1
41165,Saronite Razorheads,AMMO,TRAINER,1000,44,60,73,1
41165,Saronite Razorheads,AMMO,TRAINER,1000,43,60,71,1
41165,Saronite Razorheads,AMMO,TRAINER,1000,44,60,73,1
41165,Saronite Razorheads,AMMO,TRAINER,1000,43,60,71,1
41165,Saronite Razorheads,AMMO,TRAINER,1000,44,60,73,1
41165,Saronite Razorheads,AMMO,TRAINER,1000,43,60,71,1
41165,Saronite Razorheads,AMMO,TRAINER,1000,44,60,73,1
41165,Saronite Razorheads,AMMO,TRAINER,1000,43,60,71,1
41165,Saronite Razorheads,AMMO,TRAINER,1000,44,60,73,1
41165,Saronite Razorheads,AMMO,TRAINER,1000,43,60,71,1
41165,Saronite Razorheads,AMMO,TRAINER,1000,44,60,73,1
43258,Purehorn Spaulders,GEAR,TRAINER,1,161112,198000,81,1
43258,Purehorn Spaulders,GEAR,TRAINER,1,156278,198000,78,1
43258,Purehorn Spaulders,GEAR,TRAINER,1,161112,198000,81,1
43258,Purehorn Spaulders,GEAR,TRAINER,1,156278,198000,78,1
43258,Purehorn Spaulders,GEAR,TRAINER,1,161112,198000,81,1
43258,Purehorn Spaulders,GEAR,TRAINER,1,156278,198000,78,1
43258,Purehorn Spaulders,GEAR,TRAINER,1,161112,198000,81,1
43258,Purehorn Spaulders,GEAR,TRAINER,1,156278,198000,78,1
43258,Purehorn Spaulders,GEAR,TRAINER,1,161112,198000,81,1
43258,Purehorn Spaulders,GEAR,TRAINER,1,156278,198000,78,1
43258,Purehorn Spaulders,GEAR,TRAINER,1,161112,198000,81,1
43258,Purehorn Spaulders,GEAR,TRAINER,1,156278,198000,78,1
43258,Purehorn Spaulders,GEAR,TRAINER,1,161112,198000,81,1
43258,Purehorn Spaulders,GEAR,TRAINER,1,156278,198000,78,1
43258,Purehorn Spaulders,GEAR,TRAINER,1,161112,198000,81,1
24270,Bag of Jewels,BAG,VENDOR,1,24422,20006,122,0
24270,Bag of Jewels,BAG,VENDOR,1,23200,20006,115,0
38374,Icescale Leg Armor,MISC,TRAINER,8,478484,610000,78,1
8827,Elixir of Water Walking,ELIXIR_POT,UNSOURCED,6,4420,6180,71,1
41164,Mammoth Cutters,AMMO,TRAINER,1000,29,34,85,1
41164,Mammoth Cutters,AMMO,TRAINER,1000,28,34,82,1
41164,Mammoth Cutters,AMMO,TRAINER,1000,27,34,79,1
41164,Mammoth Cutters,AMMO,TRAINER,1000,29,34,85,1
41164,Mammoth Cutters,AMMO,TRAINER,1000,28,34,82,1
41164,Mammoth Cutters,AMMO,TRAINER,1000,27,34,79,1
41164,Mammoth Cutters,AMMO,TRAINER,1000,29,34,85,1
41164,Mammoth Cutters,AMMO,TRAINER,1000,28,34,82,1
38425,Heavy Borean Leather,INTERMEDIATE,TRAINER,1,34506,54000,63,1
38425,Heavy Borean Leather,INTERMEDIATE,TRAINER,14,33470,54000,61,1
23518,Felsteel Leggings,GEAR,DROP,1,6,8,75,1
23518,Felsteel Leggings,GEAR,DROP,1,5,8,62,1
23518,Felsteel Leggings,GEAR,DROP,1,4,8,50,1
23518,Felsteel Leggings,GEAR,DROP,1,4,8,50,1
23518,Felsteel Leggings,GEAR,DROP,1,6,8,75,1
23518,Felsteel Leggings,GEAR,DROP,1,5,8,62,1
23518,Felsteel Leggings,GEAR,DROP,1,4,8,50,1
23518,Felsteel Leggings,GEAR,DROP,1,4,8,50,1
23518,Felsteel Leggings,GEAR,DROP,1,6,8,75,1
23518,Felsteel Leggings,GEAR,DROP,1,5,8,62,1
23518,Felsteel Leggings,GEAR,DROP,1,4,8,50,1
23518,Felsteel Leggings,GEAR,DROP,1,4,8,50,1
23518,Felsteel Leggings,GEAR,DROP,1,6,8,75,1
23518,Felsteel Leggings,GEAR,DROP,1,5,8,62,1
23518,Felsteel Leggings,GEAR,DROP,1,4,8,50,1
20963,Mithril Filigree,INTERMEDIATE,TRAINER,1,3524,3012,116,0
20963,Mithril Filigree,INTERMEDIATE,TRAINER,4,3347,3012,111,0
22449,Large Prismatic Shard,INTERMEDIATE,VENDOR,6,226800,240000,94,1
22449,Large Prismatic Shard,INTERMEDIATE,VENDOR,8,219996,240000,91,1
36913,Saronite Bar,INTERMEDIATE,TRAINER,8,34317,30000,114,0
36913,Saronite Bar,INTERMEDIATE,TRAINER,1,33287,30000,110,0
41509,Frostweave Net,MISC,TRAINER,20,8681,9000,96,1
41509,Frostweave Net,MISC,TRAINER,15,8507,9000,94,1
23517,Felsteel Gloves,GEAR,DROP,1,5,6,83,1
23517,Felsteel Gloves,GEAR,DROP,1,4,6,66,1
23517,Felsteel Gloves,GEAR,DROP,1,3,6,50,1
23517,Felsteel Gloves,GEAR,DROP,1,3,6,50,1
23517,Felsteel Gloves,GEAR,DROP,1,5,6,83,1
23517,Felsteel Gloves,GEAR,DROP,1,4,6,66,1
23517,Felsteel Gloves,GEAR,DROP,1,3,6,50,1
23517,Felsteel Gloves,GEAR,DROP,1,3,6,50,1
23517,Felsteel Gloves,GEAR,DROP,1,5,6,83,1
23517,Felsteel Gloves,GEAR,DROP,1,4,6,66,1
23517,Felsteel Gloves,GEAR,DROP,1,3,6,50,1
23517,Felsteel Gloves,GEAR,DROP,1,3,6,50,1
23517,Felsteel Gloves,GEAR,DROP,1,5,6,83,1
23517,Felsteel Gloves,GEAR,DROP,1,4,6,66,1
23517,Felsteel Gloves,GEAR,DROP,1,3,6,50,1
41595,Spellweave,INTERMEDIATE,TRAINER,10,138138,195000,70,1
41595,Spellweave,INTERMEDIATE,TRAINER,3,133993,195000,68,1
4231,Cured Light Hide,INTERMEDIATE,TRAINER,5,422,347,121,0
8827,Elixir of Water Walking,ELIXIR_POT,UNSOURCED,14,5472,6180,88,1
21841,Netherweave Bag,BAG,TRAINER,1,134168,101000,132,0
21841,Netherweave Bag,BAG,TRAINER,1,128801,101000,127,0
21841,Netherweave Bag,BAG,TRAINER,1,127512,101000,126,0
34769,Imperial Manta Steak,FOOD,VENDOR,5,34,49,69,1
34769,Imperial Manta Steak,FOOD,VENDOR,1,32,49,65,1
24270,Bag of Jewels,BAG,VENDOR,1,21095,20006,105,0
24270,Bag of Jewels,BAG,VENDOR,1,20040,20006,100,0
41516,Frostsavage Gloves,GEAR,TRAINER,1,521656,520200,100,1
41516,Frostsavage Gloves,GEAR,TRAINER,1,516439,520200,99,1
41516,Frostsavage Gloves,GEAR,TRAINER,1,490617,520200,94,1
41516,Frostsavage Gloves,GEAR,TRAINER,1,475898,520200,91,1
41516,Frostsavage Gloves,GEAR,TRAINER,1,521656,520200,100,1
41516,Frostsavage Gloves,GEAR,TRAINER,1,516439,520200,99,1
41516,Frostsavage Gloves,GEAR,TRAINER,1,490617,520200,94,1
41516,Frostsavage Gloves,GEAR,TRAINER,1,475898,520200,91,1
41516,Frostsavage Gloves,GEAR,TRAINER,1,521656,520200,100,1
41516,Frostsavage Gloves,GEAR,TRAINER,1,516439,520200,99,1
41516,Frostsavage Gloves,GEAR,TRAINER,1,490617,520200,94,1
41516,Frostsavage Gloves,GEAR,TRAINER,1,475898,520200,91,1
41516,Frostsavage Gloves,GEAR,TRAINER,1,521656,520200,100,1
41516,Frostsavage Gloves,GEAR,TRAINER,1,516439,520200,99,1
24274,Runic Spellthread,MISC,VENDOR,3,510867,405000,126,0
40142,Inscribed Ametrine,GEM_CUT,VENDOR,1,285600,250000,114,0
40142,Inscribed Ametrine,GEM_CUT,VENDOR,1,279888,250000,111,0
22448,Small Prismatic Shard,INTERMEDIATE,TRAINER,20,1,0,0,1
22448,Small Prismatic Shard,INTERMEDIATE,TRAINER,20,1,0,0,1
22448,Small Prismatic Shard,INTERMEDIATE,TRAINER,2,1,0,0,1
22448,Small Prismatic Shard,INTERMEDIATE,TRAINER,3,1,0,0,1
36916,Cobalt Bar,INTERMEDIATE,TRAINER,7,5090,6000,84,1
36916,Cobalt Bar,INTERMEDIATE,TRAINER,1,4886,6000,81,1
41165,Saronite Razorheads,AMMO,TRAINER,1000,53,60,88,1
41165,Saronite Razorheads,AMMO,TRAINER,1000,50,60,83,1
41165,Saronite Razorheads,AMMO,TRAINER,1000,53,60,88,1
41165,Saronite Razorheads,AMMO,TRAINER,1000,50,60,83,1
41165,Saronite Razorheads,AMMO,TRAINER,1000,53,60,88,1
42337,Sun Rock Ring,GEAR,TRAINER,1,19344,24800,78,1
42337,Sun Rock Ring,GEAR,TRAINER,1,18376,24800,74,1
42337,Sun Rock Ring,GEAR,TRAINER,1,17457,24800,70,1
42337,Sun Rock Ring,GEAR,TRAINER,1,16584,24800,66,1
42337,Sun Rock Ring,GEAR,TRAINER,1,19344,24800,78,1
42337,Sun Rock Ring,GEAR,TRAINER,1,18376,24800,74,1
42337,Sun Rock Ring,GEAR,TRAINER,1,17457,24800,70,1
42337,Sun Rock Ring,GEAR,TRAINER,1,16584,24800,66,1
42337,Sun Rock Ring,GEAR,TRAINER,1,19344,24800,78,1
42337,Sun Rock Ring,GEAR,TRAINER,1,18376,24800,74,1
42337,Sun Rock Ring,GEAR,TRAINER,1,17457,24800,70,1
42337,Sun Rock Ring,GEAR,TRAINER,1,16584,24800,66,1
42337,Sun Rock Ring,GEAR,TRAINER,1,19344,24800,78,1
41510,Bolt of Frostweave,INTERMEDIATE,TRAINER,1,50625,37500,135,0
41510,Bolt of Frostweave,INTERMEDIATE,TRAINER,6,48093,37500,128,0
41604,Sapphire Spellthread,MISC,VENDOR,1,805750,586000,137,0
35128,Hardened Khorium,INTERMEDIATE,DROP,6,283861,120001,236,0
35128,Hardened Khorium,INTERMEDIATE,DROP,1,272506,120001,227,0
22522,Superior Wizard Oil,MISC,VENDOR,1,23288,26039,89,1
22522,Superior Wizard Oil,MISC,VENDOR,1,22589,26039,86,1
22522,Superior Wizard Oil,MISC,VENDOR,1,23288,26039,89,1
22522,Superior Wizard Oil,MISC,VENDOR,1,22589,26039,86,1
22522,Superior Wizard Oil,MISC,VENDOR,1,23288,26039,89,1
22522,Superior Wizard Oil,MISC,VENDOR,1,22589,26039,86,1
22522,Superior Wizard Oil,MISC,VENDOR,1,23288,26039,89,1
22522,Superior Wizard Oil,MISC,VENDOR,1,22589,26039,86,1
42641,Global Thermal Sapper Charge,MISC,TRAINER,20,5092,6900,73,1
42641,Global Thermal Sapper Charge,MISC,TRAINER,20,4939,6900,71,1
42641,Global Thermal Sapper Charge,MISC,TRAINER,20,4840,6900,70,1
42641,Global Thermal Sapper Charge,MISC,TRAINER,10,4743,6900,68,1
20817,Bronze Setting,INTERMEDIATE,TRAINER,1,128,124,103,0
20817,Bronze Setting,INTERMEDIATE,TRAINER,6,124,124,100,0
41603,Azure Spellthread,MISC,TRAINER,1,149997,124800,120,0
21862,Imbued Netherweave Tunic,GEAR,VENDOR,1,49052,65006,75,1
21862,Imbued Netherweave Tunic,GEAR,VENDOR,1,48070,65006,73,1
21862,Imbued Netherweave Tunic,GEAR,VENDOR,1,49052,65006,75,1
21862,Imbued Netherweave Tunic,GEAR,VENDOR,1,48070,65006,73,1
21862,Imbued Netherweave Tunic,GEAR,VENDOR,1,49052,65006,75,1
31079,Mercurial Adamantite,INTERMEDIATE,TRAINER,4,89990,86000,104,0
31079,Mercurial Adamantite,INTERMEDIATE,TRAINER,5,87290,86000,101,0
40958,Reinforced Cobalt Legplates,GEAR,DROP,1,45048,52800,85,1
40958,Reinforced Cobalt Legplates,GEAR,DROP,1,43246,52800,81,1
40958,Reinforced Cobalt Legplates,GEAR,DROP,1,45048,52800,85,1
40958,Reinforced Cobalt Legplates,GEAR,DROP,1,43246,52800,81,1
40958,Reinforced Cobalt Legplates,GEAR,DROP,1,45048,52800,85,1
40958,Reinforced Cobalt Legplates,GEAR,DROP,1,43246,52800,81,1
40958,Reinforced Cobalt Legplates,GEAR,DROP,1,45048,52800,85,1
40958,Reinforced Cobalt Legplates,GEAR,DROP,1,43246,52800,81,1
44331,Elixir of Lightning Speed,ELIXIR_POT,UNSOURCED,11,11100,11400,97,1
41509,Frostweave Net,MISC,TRAINER,20,8290,9000,92,1
41509,Frostweave Net,MISC,TRAINER,10,8124,9000,90,1
22448,Small Prismatic Shard,INTERMEDIATE,TRAINER,4,1,0,0,1
22448,Small Prismatic Shard,INTERMEDIATE,TRAINER,11,1,0,0,1
41598,Mysterious Bag,BAG,VENDOR,1,594000,750000,79,1
41598,Mysterious Bag,BAG,VENDOR,1,582120,750000,77,1
41598,Mysterious Bag,BAG,VENDOR,1,564656,750000,75,1
41598,Mysterious Bag,BAG,VENDOR,1,594000,750000,79,1
41598,Mysterious Bag,BAG,VENDOR,1,582120,750000,77,1
41598,Mysterious Bag,BAG,VENDOR,1,564656,750000,75,1
41598,Mysterious Bag,BAG,VENDOR,1,594000,750000,79,1
41598,Mysterious Bag,BAG,VENDOR,1,582120,750000,77,1
41598,Mysterious Bag,BAG,VENDOR,1,564656,750000,75,1
41598,Mysterious Bag,BAG,VENDOR,1,594000,750000,79,1
41598,Mysterious Bag,BAG,VENDOR,1,582120,750000,77,1
41598,Mysterious Bag,BAG,VENDOR,1,564656,750000,75,1
8172,Cured Thick Hide,INTERMEDIATE,TRAINER,5,4545,4545,100,0
8172,Cured Thick Hide,INTERMEDIATE,TRAINER,1,4545,4545,100,0
22448,Small Prismatic Shard,INTERMEDIATE,TRAINER,20,1,0,0,1
22448,Small Prismatic Shard,INTERMEDIATE,TRAINER,2,1,0,0,1
22448,Small Prismatic Shard,INTERMEDIATE,TRAINER,11,1,0,0,1
22448,Small Prismatic Shard,INTERMEDIATE,TRAINER,20,1,0,0,1
22448,Small Prismatic Shard,INTERMEDIATE,TRAINER,2,1,0,0,1
22448,Small Prismatic Shard,INTERMEDIATE,TRAINER,8,1,0,0,1
36916,Cobalt Bar,INTERMEDIATE,TRAINER,3,4998,6000,83,1
36916,Cobalt Bar,INTERMEDIATE,TRAINER,4,4948,6000,82,1
43853,Titanium Skeleton Key,MISC,TRAINER,20,5924,7000,84,1
43853,Titanium Skeleton Key,MISC,TRAINER,20,5687,7000,81,1
43853,Titanium Skeleton Key,MISC,TRAINER,20,5459,7000,77,1
43853,Titanium Skeleton Key,MISC,TRAINER,20,5295,7000,75,1
43853,Titanium Skeleton Key,MISC,TRAINER,20,5924,7000,84,1
43853,Titanium Skeleton Key,MISC,TRAINER,20,5687,7000,81,1
43853,Titanium Skeleton Key,MISC,TRAINER,20,5459,7000,77,1
43853,Titanium Skeleton Key,MISC,TRAINER,20,5295,7000,75,1
43853,Titanium Skeleton Key,MISC,TRAINER,20,5924,7000,84,1
41164,Mammoth Cutters,AMMO,TRAINER,1000,26,34,76,1
41164,Mammoth Cutters,AMMO,TRAINER,1000,25,34,73,1
41164,Mammoth Cutters,AMMO,TRAINER,1000,24,34,70,1
41164,Mammoth Cutters,AMMO,TRAINER,1000,23,34,67,1
41164,Mammoth Cutters,AMMO,TRAINER,1000,26,34,76,1
41164,Mammoth Cutters,AMMO,TRAINER,1000,25,34,73,1
41164,Mammoth Cutters,AMMO,TRAINER,1000,24,34,70,1
41601,Shining Spellthread,MISC,TRAINER,11,119408,124800,95,1
36913,Saronite Bar,INTERMEDIATE,TRAINER,3,33120,30000,110,0
36913,Saronite Bar,INTERMEDIATE,TRAINER,7,31464,30000,104,0
42337,Sun Rock Ring,GEAR,TRAINER,1,18168,24800,73,1
42337,Sun Rock Ring,GEAR,TRAINER,1,17259,24800,69,1
42337,Sun Rock Ring,GEAR,TRAINER,1,16913,24800,68,1
42337,Sun Rock Ring,GEAR,TRAINER,1,16067,24800,64,1
42337,Sun Rock Ring,GEAR,TRAINER,1,18168,24800,73,1
42337,Sun Rock Ring,GEAR,TRAINER,1,17259,24800,69,1
42337,Sun Rock Ring,GEAR,TRAINER,1,16913,24800,68,1
42337,Sun Rock Ring,GEAR,TRAINER,1,16067,24800,64,1
38374,Icescale Leg Armor,MISC,TRAINER,12,462624,610000,75,1
38347,Mammoth Mining Bag,BAG,VENDOR,1,589248,432000,136,0
33568,Borean Leather,INTERMEDIATE,TRAINER,1,10868,13500,80,1
33568,Borean Leather,INTERMEDIATE,TRAINER,7,10759,13500,79,1
44331,Elixir of Lightning Speed,ELIXIR_POT,UNSOURCED,5,9183,11400,80,1
43565,Durable Nerubhide Cape,GEAR,TRAINER,1,714490,754000,94,1
43565,Durable Nerubhide Cape,GEAR,TRAINER,1,685910,754000,90,1
43565,Durable Nerubhide Cape,GEAR,TRAINER,1,658473,754000,87,1
43565,Durable Nerubhide Cape,GEAR,TRAINER,1,632134,754000,83,1
43565,Durable Nerubhide Cape,GEAR,TRAINER,1,714490,754000,94,1
43565,Durable Nerubhide Cape,GEAR,TRAINER,1,685910,754000,90,1
43565,Durable Nerubhide Cape,GEAR,TRAINER,1,658473,754000,87,1
43565,Durable Nerubhide Cape,GEAR,TRAINER,1,632134,754000,83,1
43565,Durable Nerubhide Cape,GEAR,TRAINER,1,714490,754000,94,1
43565,Durable Nerubhide Cape,GEAR,TRAINER,1,685910,754000,90,1
43565,Durable Nerubhide Cape,GEAR,TRAINER,1,658473,754000,87,1
22522,Superior Wizard Oil,MISC,VENDOR,1,21768,26039,83,1
22522,Superior Wizard Oil,MISC,VENDOR,1,21550,26039,82,1
22522,Superior Wizard Oil,MISC,VENDOR,1,21119,26039,81,1
22522,Superior Wizard Oil,MISC,VENDOR,1,21768,26039,83,1
22522,Superior Wizard Oil,MISC,VENDOR,1,21550,26039,82,1
23519,Felsteel Helm,GEAR,DROP,1,6,8,75,1
23519,Felsteel Helm,GEAR,DROP,1,5,8,62,1
23519,Felsteel Helm,GEAR,DROP,1,6,8,75,1
23519,Felsteel Helm,GEAR,DROP,1,5,8,62,1
23519,Felsteel Helm,GEAR,DROP,1,6,8,75,1
23519,Felsteel Helm,GEAR,DROP,1,5,8,62,1
23519,Felsteel Helm,GEAR,DROP,1,6,8,75,1
23519,Felsteel Helm,GEAR,DROP,1,5,8,62,1
23519,Felsteel Helm,GEAR,DROP,1,6,8,75,1
23519,Felsteel Helm,GEAR,DROP,1,5,8,62,1
23519,Felsteel Helm,GEAR,DROP,1,6,8,75,1
23519,Felsteel Helm,GEAR,DROP,1,5,8,62,1
23519,Felsteel Helm,GEAR,DROP,1,6,8,75,1
23519,Felsteel Helm,GEAR,DROP,1,5,8,62,1
33208,Flask of Chromatic Wonder,FLASK,VENDOR,20,46310,36000,128,0
33208,Flask of Chromatic Wonder,FLASK,VENDOR,12,44457,36000,123,0
43249,Shadowmight Ring,GEAR,TRAINER,1,48134,48000,100,1
43249,Shadowmight Ring,GEAR,TRAINER,1,45727,48000,95,1
43249,Shadowmight Ring,GEAR,TRAINER,1,43440,48000,90,1
43249,Shadowmight Ring,GEAR,TRAINER,1,43005,48000,89,1
43249,Shadowmight Ring,GEAR,TRAINER,1,48134,48000,100,1
23519,Felsteel Helm,GEAR,DROP,1,6,8,75,1
23519,Felsteel Helm,GEAR,DROP,1,5,8,62,1
23519,Felsteel Helm,GEAR,DROP,1,4,8,50,1
23519,Felsteel Helm,GEAR,DROP,1,4,8,50,1
23519,Felsteel Helm,GEAR,DROP,1,6,8,75,1
23519,Felsteel Helm,GEAR,DROP,1,5,8,62,1
23519,Felsteel Helm,GEAR,DROP,1,4,8,50,1
23519,Felsteel Helm,GEAR,DROP,1,4,8,50,1
23519,Felsteel Helm,GEAR,DROP,1,6,8,75,1
23519,Felsteel Helm,GEAR,DROP,1,5,8,62,1
38434,Iceborne Wristguards,GEAR,TRAINER,1,99522,108000,92,1
38434,Iceborne Wristguards,GEAR,TRAINER,1,96536,108000,89,1
38434,Iceborne Wristguards,GEAR,TRAINER,1,92674,108000,85,1
38434,Iceborne Wristguards,GEAR,TRAINER,1,99522,108000,92,1
38434,Iceborne Wristguards,GEAR,TRAINER,1,96536,108000,89,1
38434,Iceborne Wristguards,GEAR,TRAINER,1,92674,108000,85,1
33093,Mana Potion Injector,ELIXIR_POT,DROP,20,26395,14400,183,0
33093,Mana Potion Injector,ELIXIR_POT,DROP,5,25339,14400,175,0
33093,Mana Potion Injector,ELIXIR_POT,DROP,5,26395,14400,183,0
33093,Mana Potion Injector,ELIXIR_POT,DROP,20,25339,14400,175,0
33093,Mana Potion Injector,ELIXIR_POT,DROP,5,26395,14400,183,0
33093,Mana Potion Injector,ELIXIR_POT,DROP,5,25339,14400,175,0
33093,Mana Potion Injector,ELIXIR_POT,DROP,5,26395,14400,183,0
33093,Mana Potion Injector,ELIXIR_POT,DROP,5,25339,14400,175,0
33093,Mana Potion Injector,ELIXIR_POT,DROP,20,26395,14400,183,0
33093,Mana Potion Injector,ELIXIR_POT,DROP,5,25339,14400,175,0
33093,Mana Potion Injector,ELIXIR_POT,DROP,5,26395,14400,183,0
22448,Small Prismatic Shard,INTERMEDIATE,TRAINER,20,1,0,0,1
22448,Small Prismatic Shard,INTERMEDIATE,TRAINER,20,1,0,0,1
22448,Small Prismatic Shard,INTERMEDIATE,TRAINER,2,1,0,0,1
43853,Titanium Skeleton Key,MISC,TRAINER,20,6140,7000,87,1
43853,Titanium Skeleton Key,MISC,TRAINER,20,5833,7000,83,1
43853,Titanium Skeleton Key,MISC,TRAINER,20,6140,7000,87,1
43853,Titanium Skeleton Key,MISC,TRAINER,20,5833,7000,83,1
43853,Titanium Skeleton Key,MISC,TRAINER,20,6140,7000,87,1
43853,Titanium Skeleton Key,MISC,TRAINER,20,5833,7000,83,1
43853,Titanium Skeleton Key,MISC,TRAINER,20,6140,7000,87,1
43853,Titanium Skeleton Key,MISC,TRAINER,20,5833,7000,83,1
43853,Titanium Skeleton Key,MISC,TRAINER,20,6140,7000,87,1
43853,Titanium Skeleton Key,MISC,TRAINER,20,5833,7000,83,1
43853,Titanium Skeleton Key,MISC,TRAINER,20,6140,7000,87,1
43853,Titanium Skeleton Key,MISC,TRAINER,20,5833,7000,83,1
43853,Titanium Skeleton Key,MISC,TRAINER,20,6140,7000,87,1
44446,Pack of Endless Pockets,BAG,TRAINER,1,452088,432000,104,0
44446,Pack of Endless Pockets,BAG,TRAINER,1,434004,432000,100,0
46379,Flask of Stoneblood,FLASK,TRAINER,5,67829,56600,119,0
46379,Flask of Stoneblood,FLASK,TRAINER,5,66472,56600,117,0
46379,Flask of Stoneblood,FLASK,TRAINER,5,67829,56600,119,0
46379,Flask of Stoneblood,FLASK,TRAINER,5,66472,56600,117,0
46379,Flask of Stoneblood,FLASK,TRAINER,16,67829,56600,119,0
23115,Thick Golden Draenite,GEM_CUT,VENDOR,1,22878,20000,114,0
23115,Thick Golden Draenite,GEM_CUT,VENDOR,1,21962,20000,109,0
23115,Thick Golden Draenite,GEM_CUT,VENDOR,1,21742,20000,108,0
22448,Small Prismatic Shard,INTERMEDIATE,TRAINER,13,1,0,0,1
22448,Small Prismatic Shard,INTERMEDIATE,TRAINER,2,1,0,0,1
41165,Saronite Razorheads,AMMO,TRAINER,1000,57,60,95,1
41165,Saronite Razorheads,AMMO,TRAINER,1000,55,60,91,1
41165,Saronite Razorheads,AMMO,TRAINER,1000,57,60,95,1
41165,Saronite Razorheads,AMMO,TRAINER,1000,55,60,91,1
41165,Saronite Razorheads,AMMO,TRAINER,1000,57,60,95,1
42337,Sun Rock Ring,GEAR,TRAINER,1,22166,24800,89,1
42337,Sun Rock Ring,GEAR,TRAINER,1,21722,24800,87,1
42337,Sun Rock Ring,GEAR,TRAINER,1,22166,24800,89,1
42337,Sun Rock Ring,GEAR,TRAINER,1,21722,24800,87,1
42337,Sun Rock Ring,GEAR,TRAINER,1,22166,24800,89,1
42337,Sun Rock Ring,GEAR,TRAINER,1,21722,24800,87,1
22573,Mote of Earth,INTERMEDIATE,TRAINER,10,3526,3200,110,0
22573,Mote of Earth,INTERMEDIATE,TRAINER,10,3384,3200,105,0
22573,Mote of Earth,INTERMEDIATE,TRAINER,10,3214,3200,100,0
22573,Mote of Earth,INTERMEDIATE,TRAINER,10,3200,3200,100,0
22573,Mote of Earth,INTERMEDIATE,TRAINER,10,3526,3200,110,0
22573,Mote of Earth,INTERMEDIATE,TRAINER,8,3384,3200,105,0
22573,Mote of Earth,INTERMEDIATE,TRAINER,2,3214,3200,100,0
41595,Spellweave,INTERMEDIATE,TRAINER,14,188799,195000,96,1
41595,Spellweave,INTERMEDIATE,TRAINER,1,179359,195000,91,1
40195,Pygmy Oil,INTERMEDIATE,TRAINER,2,255,300,85,1
40195,Pygmy Oil,INTERMEDIATE,TRAINER,9,242,300,80,1
41163,Titanium Bar,INTERMEDIATE,TRAINER,10,17850,20000,89,1
41598,Mysterious Bag,BAG,VENDOR,1,727575,750000,97,1
41598,Mysterious Bag,BAG,VENDOR,1,713023,750000,95,1
41598,Mysterious Bag,BAG,VENDOR,1,727575,750000,97,1
41598,Mysterious Bag,BAG,VENDOR,1,713023,750000,95,1
41598,Mysterious Bag,BAG,VENDOR,1,727575,750000,97,1
41598,Mysterious Bag,BAG,VENDOR,1,713023,750000,95,1
41598,Mysterious Bag,BAG,VENDOR,1,727575,750000,97,1
41598,Mysterious Bag,BAG,VENDOR,1,713023,750000,95,1
41598,Mysterious Bag,BAG,VENDOR,1,727575,750000,97,1
41598,Mysterious Bag,BAG,VENDOR,1,713023,750000,95,1
41598,Mysterious Bag,BAG,VENDOR,1,727575,750000,97,1
45773,Emerald Bag,BAG,VENDOR,1,948672,720000,131,0
45773,Emerald Bag,BAG,VENDOR,1,920211,720000,127,0
36916,Cobalt Bar,INTERMEDIATE,TRAINER,5,5022,6000,83,1
36916,Cobalt Bar,INTERMEDIATE,TRAINER,6,4821,6000,80,1
22448,Small Prismatic Shard,INTERMEDIATE,TRAINER,20,1,0,0,1
22448,Small Prismatic Shard,INTERMEDIATE,TRAINER,20,1,0,0,1
22448,Small Prismatic Shard,INTERMEDIATE,TRAINER,2,1,0,0,1
22448,Small Prismatic Shard,INTERMEDIATE,TRAINER,8,1,0,0,1
22448,Small Prismatic Shard,INTERMEDIATE,TRAINER,10,1,0,0,1
44958,Ethereal Oil,INTERMEDIATE,TRAINER,3,79,96,82,1
44958,Ethereal Oil,INTERMEDIATE,TRAINER,2,76,96,79,1
23787,Felsteel Stabilizer,INTERMEDIATE,TRAINER,2,1,2,50,1
23787,Felsteel Stabilizer,INTERMEDIATE,TRAINER,6,1,2,50,1
41595,Spellweave,INTERMEDIATE,TRAINER,10,176748,195000,90,1
41595,Spellweave,INTERMEDIATE,TRAINER,2,171445,195000,87,1
43248,Stoneguard Band,GEAR,TRAINER,1,34560,48000,72,1
43248,Stoneguard Band,GEAR,TRAINER,1,33868,48000,70,1
43248,Stoneguard Band,GEAR,TRAINER,1,32174,48000,67,1
43248,Stoneguard Band,GEAR,TRAINER,1,34560,48000,72,1
43248,Stoneguard Band,GEAR,TRAINER,1,33868,48000,70,1
43248,Stoneguard Band,GEAR,TRAINER,1,32174,48000,67,1
43248,Stoneguard Band,GEAR,TRAINER,1,34560,48000,72,1
43248,Stoneguard Band,GEAR,TRAINER,1,33868,48000,70,1
43248,Stoneguard Band,GEAR,TRAINER,1,32174,48000,67,1
43248,Stoneguard Band,GEAR,TRAINER,1,34560,48000,72,1
43248,Stoneguard Band,GEAR,TRAINER,1,33868,48000,70,1
43248,Stoneguard Band,GEAR,TRAINER,1,32174,48000,67,1
43248,Stoneguard Band,GEAR,TRAINER,1,34560,48000,72,1
43248,Stoneguard Band,GEAR,TRAINER,1,33868,48000,70,1
34766,Poached Northern Sculpin,FOOD,VENDOR,8,37,49,75,1
21845,Primal Mooncloth,INTERMEDIATE,VENDOR,2,87181,64001,136,0
21845,Primal Mooncloth,INTERMEDIATE,VENDOR,8,86309,64001,134,0
40078,Elixir of Mighty Fortitude,ELIXIR_POT,TRAINER,5,18361,18000,102,0
40078,Elixir of Mighty Fortitude,ELIXIR_POT,TRAINER,5,18177,18000,100,0
22449,Large Prismatic Shard,INTERMEDIATE,VENDOR,13,210888,240000,87,1
22449,Large Prismatic Shard,INTERMEDIATE,VENDOR,1,200343,240000,83,1
33092,Healing Potion Injector,ELIXIR_POT,DROP,20,40185,18400,218,0
33092,Healing Potion Injector,ELIXIR_POT,DROP,5,39381,18400,214,0
33092,Healing Potion Injector,ELIXIR_POT,DROP,5,40185,18400,218,0
33092,Healing Potion Injector,ELIXIR_POT,DROP,20,39381,18400,214,0
33092,Healing Potion Injector,ELIXIR_POT,DROP,20,40185,18400,218,0
33092,Healing Potion Injector,ELIXIR_POT,DROP,5,39381,18400,214,0
33092,Healing Potion Injector,ELIXIR_POT,DROP,5,40185,18400,218,0
33092,Healing Potion Injector,ELIXIR_POT,DROP,5,39381,18400,214,0
33092,Healing Potion Injector,ELIXIR_POT,DROP,5,40185,18400,218,0
33092,Healing Potion Injector,ELIXIR_POT,DROP,20,39381,18400,214,0
33092,Healing Potion Injector,ELIXIR_POT,DROP,20,40185,18400,218,0
33092,Healing Potion Injector,ELIXIR_POT,DROP,5,39381,18400,214,0
33092,Healing Potion Injector,ELIXIR_POT,DROP,5,40185,18400,218,0
33092,Healing Potion Injector,ELIXIR_POT,DROP,5,39381,18400,214,0
33092,Healing Potion Injector,ELIXIR_POT,DROP,20,40185,18400,218,0
33092,Healing Potion Injector,ELIXIR_POT,DROP,5,39381,18400,214,0
33092,Healing Potion Injector,ELIXIR_POT,DROP,20,40185,18400,218,0
33092,Healing Potion Injector,ELIXIR_POT,DROP,20,39381,18400,214,0
33092,Healing Potion Injector,ELIXIR_POT,DROP,5,40185,18400,218,0
33092,Healing Potion Injector,ELIXIR_POT,DROP,5,39381,18400,214,0
33092,Healing Potion Injector,ELIXIR_POT,DROP,5,40185,18400,218,0
33092,Healing Potion Injector,ELIXIR_POT,DROP,5,39381,18400,214,0
33092,Healing Potion Injector,ELIXIR_POT,DROP,5,40185,18400,218,0
33092,Healing Potion Injector,ELIXIR_POT,DROP,20,39381,18400,214,0
33092,Healing Potion Injector,ELIXIR_POT,DROP,20,40185,18400,218,0
33092,Healing Potion Injector,ELIXIR_POT,DROP,5,39381,18400,214,0
40077,Crazy Alchemist's Potion,ELIXIR_POT,UNSOURCED,12,12295,12000,102,1
17771,Elementium Bar,MISC,DROP,5,4682781,2472560,189,0
5765,Black Silk Pack,BAG,DROP,1,41735,13280,314,0
5765,Black Silk Pack,BAG,DROP,1,40482,13280,304,0
5765,Black Silk Pack,BAG,DROP,1,41735,13280,314,0
49632,Runescroll of Fortitude,MISC,TRAINER,20,3949,5080,77,1
49632,Runescroll of Fortitude,MISC,TRAINER,10,3909,5080,76,1
13513,Flask of Chromatic Resistance,FLASK,DROP,20,56650,20250,279,0
13513,Flask of Chromatic Resistance,FLASK,DROP,5,56083,20250,276,0
13513,Flask of Chromatic Resistance,FLASK,DROP,5,56650,20250,279,0
23517,Felsteel Gloves,GEAR,DROP,1,3,6,50,1
23517,Felsteel Gloves,GEAR,DROP,1,3,6,50,1
23517,Felsteel Gloves,GEAR,DROP,1,3,6,50,1
23517,Felsteel Gloves,GEAR,DROP,1,3,6,50,1
23517,Felsteel Gloves,GEAR,DROP,1,3,6,50,1
22522,Superior Wizard Oil,MISC,VENDOR,1,22133,26039,84,1
22522,Superior Wizard Oil,MISC,VENDOR,1,21911,26039,84,1
22522,Superior Wizard Oil,MISC,VENDOR,1,22133,26039,84,1
22522,Superior Wizard Oil,MISC,VENDOR,1,21911,26039,84,1
22522,Superior Wizard Oil,MISC,VENDOR,1,22133,26039,84,1
22522,Superior Wizard Oil,MISC,VENDOR,1,21911,26039,84,1
22522,Superior Wizard Oil,MISC,VENDOR,1,22133,26039,84,1
22522,Superior Wizard Oil,MISC,VENDOR,1,21911,26039,84,1
22522,Superior Wizard Oil,MISC,VENDOR,1,22133,26039,84,1
22522,Superior Wizard Oil,MISC,VENDOR,1,21911,26039,84,1
3728,Tasty Lion Steak,FOOD,UNSOURCED,18,1867,812,229,0
45773,Emerald Bag,BAG,VENDOR,1,852048,720000,118,0
45773,Emerald Bag,BAG,VENDOR,1,835007,720000,115,0
45773,Emerald Bag,BAG,VENDOR,1,852048,720000,118,0
8827,Elixir of Water Walking,ELIXIR_POT,UNSOURCED,5,5005,6180,80,1
8827,Elixir of Water Walking,ELIXIR_POT,UNSOURCED,1,4754,6180,76,1
41165,Saronite Razorheads,AMMO,TRAINER,1000,56,60,93,1
41165,Saronite Razorheads,AMMO,TRAINER,1000,53,60,88,1
41165,Saronite Razorheads,AMMO,TRAINER,1000,56,60,93,1
41165,Saronite Razorheads,AMMO,TRAINER,1000,53,60,88,1
41165,Saronite Razorheads,AMMO,TRAINER,1000,56,60,93,1
41165,Saronite Razorheads,AMMO,TRAINER,1000,53,60,88,1
41165,Saronite Razorheads,AMMO,TRAINER,1000,56,60,93,1
36916,Cobalt Bar,INTERMEDIATE,TRAINER,4,5438,6000,90,1
36916,Cobalt Bar,INTERMEDIATE,TRAINER,3,5329,6000,88,1
44958,Ethereal Oil,INTERMEDIATE,TRAINER,11,77,96,80,1
44958,Ethereal Oil,INTERMEDIATE,TRAINER,3,75,96,78,1
43566,Ice Striker's Cloak,GEAR,TRAINER,1,654372,730000,89,1
43566,Ice Striker's Cloak,GEAR,TRAINER,1,647828,730000,88,1
43566,Ice Striker's Cloak,GEAR,TRAINER,1,634871,730000,86,1
43566,Ice Striker's Cloak,GEAR,TRAINER,1,609476,730000,83,1
43566,Ice Striker's Cloak,GEAR,TRAINER,1,654372,730000,89,1
43566,Ice Striker's Cloak,GEAR,TRAINER,1,647828,730000,88,1
2841,Bronze Bar,INTERMEDIATE,TRAINER,8,74,62,119,0
2841,Bronze Bar,INTERMEDIATE,TRAINER,12,72,62,116,0
23775,Titanium Toolbox,BAG,VENDOR,1,592704,448000,132,0
41165,Saronite Razorheads,AMMO,TRAINER,1000,47,60,78,1
41165,Saronite Razorheads,AMMO,TRAINER,1000,46,60,76,1
41165,Saronite Razorheads,AMMO,TRAINER,1000,43,60,71,1
41165,Saronite Razorheads,AMMO,TRAINER,1000,47,60,78,1
41165,Saronite Razorheads,AMMO,TRAINER,1000,46,60,76,1
41165,Saronite Razorheads,AMMO,TRAINER,1000,43,60,71,1
41165,Saronite Razorheads,AMMO,TRAINER,1000,47,60,78,1
41165,Saronite Razorheads,AMMO,TRAINER,1000,46,60,76,1
41165,Saronite Razorheads,AMMO,TRAINER,1000,43,60,71,1
41165,Saronite Razorheads,AMMO,TRAINER,1000,47,60,78,1
41165,Saronite Razorheads,AMMO,TRAINER,1000,46,60,76,1
41165,Saronite Razorheads,AMMO,TRAINER,1000,43,60,71,1
42420,Shadow Crystal Focusing Lens,MISC,TRAINER,1,14980,20000,74,1
42420,Shadow Crystal Focusing Lens,MISC,TRAINER,1,14830,20000,74,1
42420,Shadow Crystal Focusing Lens,MISC,TRAINER,1,14681,20000,73,1
42420,Shadow Crystal Focusing Lens,MISC,TRAINER,1,14980,20000,74,1
42420,Shadow Crystal Focusing Lens,MISC,TRAINER,1,14830,20000,74,1
42420,Shadow Crystal Focusing Lens,MISC,TRAINER,1,14681,20000,73,1
42420,Shadow Crystal Focusing Lens,MISC,TRAINER,1,14980,20000,74,1
42420,Shadow Crystal Focusing Lens,MISC,TRAINER,1,14830,20000,74,1
42420,Shadow Crystal Focusing Lens,MISC,TRAINER,1,14681,20000,73,1
36916,Cobalt Bar,INTERMEDIATE,TRAINER,5,5174,6000,86,1
36916,Cobalt Bar,INTERMEDIATE,TRAINER,1,5122,6000,85,1
40217,Mighty Shadow Protection Potion,ELIXIR_POT,DROP,5,11065,10800,102,1
40217,Mighty Shadow Protection Potion,ELIXIR_POT,DROP,9,10622,10800,98,1
20963,Mithril Filigree,INTERMEDIATE,TRAINER,4,3808,3012,126,0
20963,Mithril Filigree,INTERMEDIATE,TRAINER,1,3655,3012,121,0
8827,Elixir of Water Walking,ELIXIR_POT,UNSOURCED,8,4944,6180,80,1
4339,Bolt of Mageweave,INTERMEDIATE,TRAINER,1,6018,5050,119,0
4339,Bolt of Mageweave,INTERMEDIATE,TRAINER,9,5717,5050,113,0
44331,Elixir of Lightning Speed,ELIXIR_POT,UNSOURCED,6,10465,11400,91,1
43969,Frostsavage Belt,GEAR,TRAINER,1,432059,515400,83,1
43969,Frostsavage Belt,GEAR,TRAINER,1,414776,515400,80,1
43969,Frostsavage Belt,GEAR,TRAINER,1,432059,515400,83,1
43969,Frostsavage Belt,GEAR,TRAINER,1,414776,515400,80,1
43969,Frostsavage Belt,GEAR,TRAINER,1,432059,515400,83,1
43969,Frostsavage Belt,GEAR,TRAINER,1,414776,515400,80,1
43969,Frostsavage Belt,GEAR,TRAINER,1,432059,515400,83,1
43969,Frostsavage Belt,GEAR,TRAINER,1,414776,515400,80,1
43969,Frostsavage Belt,GEAR,TRAINER,1,432059,515400,83,1
23785,Hardened Adamantite Tube,INTERMEDIATE,TRAINER,8,2,3,66,1
23785,Hardened Adamantite Tube,INTERMEDIATE,TRAINER,4,1,3,33,1
13512,Flask of Supreme Power,FLASK,DROP,5,17682,11430,154,0
13512,Flask of Supreme Power,FLASK,DROP,20,16797,11430,146,0
13512,Flask of Supreme Power,FLASK,DROP,5,15957,11430,139,0
13512,Flask of Supreme Power,FLASK,DROP,8,15797,11430,138,0
41164,Mammoth Cutters,AMMO,TRAINER,1000,29,34,85,1
41164,Mammoth Cutters,AMMO,TRAINER,1000,28,34,82,1
41164,Mammoth Cutters,AMMO,TRAINER,1000,26,34,76,1
41164,Mammoth Cutters,AMMO,TRAINER,1000,25,34,73,1
41164,Mammoth Cutters,AMMO,TRAINER,1000,29,34,85,1
41164,Mammoth Cutters,AMMO,TRAINER,1000,28,34,82,1
41164,Mammoth Cutters,AMMO,TRAINER,1000,26,34,76,1
8827,Elixir of Water Walking,ELIXIR_POT,UNSOURCED,5,5753,6180,93,1
8827,Elixir of Water Walking,ELIXIR_POT,UNSOURCED,7,5465,6180,88,1
40865,Noise Machine,GEAR,TRAINER,1,205670,249600,82,1
40865,Noise Machine,GEAR,TRAINER,1,201556,249600,80,1
40865,Noise Machine,GEAR,TRAINER,1,195509,249600,78,1
40865,Noise Machine,GEAR,TRAINER,1,191598,249600,76,1
40865,Noise Machine,GEAR,TRAINER,1,205670,249600,82,1
40865,Noise Machine,GEAR,TRAINER,1,201556,249600,80,1
40865,Noise Machine,GEAR,TRAINER,1,195509,249600,78,1
40865,Noise Machine,GEAR,TRAINER,1,191598,249600,76,1
40865,Noise Machine,GEAR,TRAINER,1,205670,249600,82,1
40865,Noise Machine,GEAR,TRAINER,1,201556,249600,80,1
40865,Noise Machine,GEAR,TRAINER,1,195509,249600,78,1
41509,Frostweave Net,MISC,TRAINER,20,5942,9000,66,1
41509,Frostweave Net,MISC,TRAINER,20,5704,9000,63,1
40865,Noise Machine,GEAR,TRAINER,1,192192,249600,77,1
40865,Noise Machine,GEAR,TRAINER,1,186426,249600,74,1
40865,Noise Machine,GEAR,TRAINER,1,180833,249600,72,1
40865,Noise Machine,GEAR,TRAINER,1,192192,249600,77,1
40865,Noise Machine,GEAR,TRAINER,1,186426,249600,74,1
40865,Noise Machine,GEAR,TRAINER,1,180833,249600,72,1
40865,Noise Machine,GEAR,TRAINER,1,192192,249600,77,1
40865,Noise Machine,GEAR,TRAINER,1,186426,249600,74,1
40865,Noise Machine,GEAR,TRAINER,1,180833,249600,72,1
40865,Noise Machine,GEAR,TRAINER,1,192192,249600,77,1
40865,Noise Machine,GEAR,TRAINER,1,186426,249600,74,1
43566,Ice Striker's Cloak,GEAR,TRAINER,1,594220,730000,81,1
43566,Ice Striker's Cloak,GEAR,TRAINER,1,564509,730000,77,1
43566,Ice Striker's Cloak,GEAR,TRAINER,1,553218,730000,75,1
43566,Ice Striker's Cloak,GEAR,TRAINER,1,594220,730000,81,1
43566,Ice Striker's Cloak,GEAR,TRAINER,1,564509,730000,77,1
43566,Ice Striker's Cloak,GEAR,TRAINER,1,553218,730000,75,1
43566,Ice Striker's Cloak,GEAR,TRAINER,1,594220,730000,81,1
43566,Ice Striker's Cloak,GEAR,TRAINER,1,564509,730000,77,1
43566,Ice Striker's Cloak,GEAR,TRAINER,1,553218,730000,75,1
43566,Ice Striker's Cloak,GEAR,TRAINER,1,594220,730000,81,1
43566,Ice Striker's Cloak,GEAR,TRAINER,1,564509,730000,77,1
43566,Ice Striker's Cloak,GEAR,TRAINER,1,553218,730000,75,1
22449,Large Prismatic Shard,INTERMEDIATE,VENDOR,20,214272,240000,89,1
23447,Eternium Bar,INTERMEDIATE,TRAINER,8,21384,20000,106,0
23447,Eternium Bar,INTERMEDIATE,TRAINER,3,20742,20000,103,0
4240,Woolen Bag,BAG,TRAINER,1,1600,1324,120,0
4240,Woolen Bag,BAG,TRAINER,1,1568,1324,118,0
4240,Woolen Bag,BAG,TRAINER,1,1552,1324,117,0
40116,Flashing Cardinal Ruby,GEM_CUT,VENDOR,1,276850,250000,110,0
40116,Flashing Cardinal Ruby,GEM_CUT,VENDOR,1,268544,250000,107,0
40116,Flashing Cardinal Ruby,GEM_CUT,VENDOR,1,263173,250000,105,0
24268,Netherweave Net,MISC,TRAINER,18,5469,7200,75,1
9210,Ghost Dye,INTERMEDIATE,VENDOR,10,7511,6210,120,0
9210,Ghost Dye,INTERMEDIATE,VENDOR,4,7210,6210,116,0
33093,Mana Potion Injector,ELIXIR_POT,DROP,20,39640,14400,275,0
33093,Mana Potion Injector,ELIXIR_POT,DROP,5,38450,14400,267,0
33093,Mana Potion Injector,ELIXIR_POT,DROP,5,37296,14400,259,0
33093,Mana Potion Injector,ELIXIR_POT,DROP,20,36177,14400,251,0
33093,Mana Potion Injector,ELIXIR_POT,DROP,5,39640,14400,275,0
33093,Mana Potion Injector,ELIXIR_POT,DROP,5,38450,14400,267,0
33093,Mana Potion Injector,ELIXIR_POT,DROP,20,37296,14400,259,0
33093,Mana Potion Injector,ELIXIR_POT,DROP,5,36177,14400,251,0
33093,Mana Potion Injector,ELIXIR_POT,DROP,20,39640,14400,275,0
33093,Mana Potion Injector,ELIXIR_POT,DROP,5,38450,14400,267,0
33093,Mana Potion Injector,ELIXIR_POT,DROP,20,37296,14400,259,0
33093,Mana Potion Injector,ELIXIR_POT,DROP,5,36177,14400,251,0
33093,Mana Potion Injector,ELIXIR_POT,DROP,20,39640,14400,275,0
33093,Mana Potion Injector,ELIXIR_POT,DROP,5,38450,14400,267,0
33093,Mana Potion Injector,ELIXIR_POT,DROP,20,37296,14400,259,0
33093,Mana Potion Injector,ELIXIR_POT,DROP,5,36177,14400,251,0
33093,Mana Potion Injector,ELIXIR_POT,DROP,20,39640,14400,275,0
33093,Mana Potion Injector,ELIXIR_POT,DROP,20,38450,14400,267,0
33093,Mana Potion Injector,ELIXIR_POT,DROP,20,37296,14400,259,0
33093,Mana Potion Injector,ELIXIR_POT,DROP,20,36177,14400,251,0
33093,Mana Potion Injector,ELIXIR_POT,DROP,5,39640,14400,275,0
33093,Mana Potion Injector,ELIXIR_POT,DROP,20,38450,14400,267,0
33093,Mana Potion Injector,ELIXIR_POT,DROP,5,37296,14400,259,0
33093,Mana Potion Injector,ELIXIR_POT,DROP,5,36177,14400,251,0
33093,Mana Potion Injector,ELIXIR_POT,DROP,20,39640,14400,275,0
8827,Elixir of Water Walking,ELIXIR_POT,UNSOURCED,5,5048,6180,81,1
8827,Elixir of Water Walking,ELIXIR_POT,UNSOURCED,3,4997,6180,80,1
6037,Truesilver Bar,INTERMEDIATE,TRAINER,3,4975,4120,120,0
6037,Truesilver Bar,INTERMEDIATE,TRAINER,6,4726,4120,114,0
42337,Sun Rock Ring,GEAR,TRAINER,1,21218,24800,85,1
42337,Sun Rock Ring,GEAR,TRAINER,1,20793,24800,83,1
42337,Sun Rock Ring,GEAR,TRAINER,1,20377,24800,82,1
42337,Sun Rock Ring,GEAR,TRAINER,1,21218,24800,85,1
42337,Sun Rock Ring,GEAR,TRAINER,1,20793,24800,83,1
42337,Sun Rock Ring,GEAR,TRAINER,1,20377,24800,82,1
42337,Sun Rock Ring,GEAR,TRAINER,1,21218,24800,85,1
42337,Sun Rock Ring,GEAR,TRAINER,1,20793,24800,83,1
42337,Sun Rock Ring,GEAR,TRAINER,1,20377,24800,82,1
42337,Sun Rock Ring,GEAR,TRAINER,1,21218,24800,85,1
42337,Sun Rock Ring,GEAR,TRAINER,1,20793,24800,83,1
44958,Ethereal Oil,INTERMEDIATE,TRAINER,4,64,96,66,1
44958,Ethereal Oil,INTERMEDIATE,TRAINER,2,63,96,65,1
23787,Felsteel Stabilizer,INTERMEDIATE,TRAINER,1,1,2,50,1
23787,Felsteel Stabilizer,INTERMEDIATE,TRAINER,13,1,2,50,1
41509,Frostweave Net,MISC,TRAINER,20,6426,9000,71,1
41509,Frostweave Net,MISC,TRAINER,20,6361,9000,70,1
41509,Frostweave Net,MISC,TRAINER,10,6170,9000,68,1
32203,Stormy Empyrean Sapphire,GEM_CUT,DROP,1,407100,250000,162,0
32203,Stormy Empyrean Sapphire,GEM_CUT,DROP,1,398958,250000,159,0
32203,Stormy Empyrean Sapphire,GEM_CUT,DROP,1,390978,250000,156,0
22445,Arcane Dust,INTERMEDIATE,UNSOURCED,20,4181,5013,83,1
22445,Arcane Dust,INTERMEDIATE,UNSOURCED,15,3971,5013,79,1
22445,Arcane Dust,INTERMEDIATE,UNSOURCED,4,3931,5013,78,1
38402,Arctic Shoulderpads,GEAR,TRAINER,1,77040,90000,85,1
38402,Arctic Shoulderpads,GEAR,TRAINER,1,74728,90000,83,1
38402,Arctic Shoulderpads,GEAR,TRAINER,1,77040,90000,85,1
38402,Arctic Shoulderpads,GEAR,TRAINER,1,74728,90000,83,1
38402,Arctic Shoulderpads,GEAR,TRAINER,1,77040,90000,85,1
38402,Arctic Shoulderpads,GEAR,TRAINER,1,74728,90000,83,1
38402,Arctic Shoulderpads,GEAR,TRAINER,1,77040,90000,85,1
38402,Arctic Shoulderpads,GEAR,TRAINER,1,64152,90000,71,1
38402,Arctic Shoulderpads,GEAR,TRAINER,1,62868,90000,69,1
38402,Arctic Shoulderpads,GEAR,TRAINER,1,64152,90000,71,1
38402,Arctic Shoulderpads,GEAR,TRAINER,1,62868,90000,69,1
38402,Arctic Shoulderpads,GEAR,TRAINER,1,64152,90000,71,1
38402,Arctic Shoulderpads,GEAR,TRAINER,1,62868,90000,69,1
38402,Arctic Shoulderpads,GEAR,TRAINER,1,64152,90000,71,1
38402,Arctic Shoulderpads,GEAR,TRAINER,1,62868,90000,69,1
38402,Arctic Shoulderpads,GEAR,TRAINER,1,64152,90000,71,1
40955,Horned Cobalt Helm,GEAR,TRAINER,1,36360,48000,75,1
40955,Horned Cobalt Helm,GEAR,TRAINER,1,35996,48000,74,1
40955,Horned Cobalt Helm,GEAR,TRAINER,1,35276,48000,73,1
40955,Horned Cobalt Helm,GEAR,TRAINER,1,36360,48000,75,1
40955,Horned Cobalt Helm,GEAR,TRAINER,1,35996,48000,74,1
40955,Horned Cobalt Helm,GEAR,TRAINER,1,35276,48000,73,1
40955,Horned Cobalt Helm,GEAR,TRAINER,1,36360,48000,75,1
40955,Horned Cobalt Helm,GEAR,TRAINER,1,35996,48000,74,1
40955,Horned Cobalt Helm,GEAR,TRAINER,1,35276,48000,73,1
40955,Horned Cobalt Helm,GEAR,TRAINER,1,36360,48000,75,1
40955,Horned Cobalt Helm,GEAR,TRAINER,1,35996,48000,74,1
40955,Horned Cobalt Helm,GEAR,TRAINER,1,35276,48000,73,1
36916,Cobalt Bar,INTERMEDIATE,TRAINER,1,7832,6000,130,0
36916,Cobalt Bar,INTERMEDIATE,TRAINER,6,7675,6000,127,0
22445,Arcane Dust,INTERMEDIATE,UNSOURCED,20,4344,5013,86,1
22445,Arcane Dust,INTERMEDIATE,UNSOURCED,4,4213,5013,84,1
22445,Arcane Dust,INTERMEDIATE,UNSOURCED,6,4128,5013,82,1
40958,Reinforced Cobalt Legplates,GEAR,DROP,1,38776,52800,73,1
40958,Reinforced Cobalt Legplates,GEAR,DROP,1,38000,52800,71,1
40958,Reinforced Cobalt Legplates,GEAR,DROP,1,37620,52800,71,1
40958,Reinforced Cobalt Legplates,GEAR,DROP,1,38776,52800,73,1
40958,Reinforced Cobalt Legplates,GEAR,DROP,1,38000,52800,71,1
40958,Reinforced Cobalt Legplates,GEAR,DROP,1,37620,52800,71,1
40958,Reinforced Cobalt Legplates,GEAR,DROP,1,38776,52800,73,1
40958,Reinforced Cobalt Legplates,GEAR,DROP,1,38000,52800,71,1
40958,Reinforced Cobalt Legplates,GEAR,DROP,1,37620,52800,71,1
40958,Reinforced Cobalt Legplates,GEAR,DROP,1,38776,52800,73,1
40958,Reinforced Cobalt Legplates,GEAR,DROP,1,38000,52800,71,1
40958,Reinforced Cobalt Legplates,GEAR,DROP,1,37620,52800,71,1
40958,Reinforced Cobalt Legplates,GEAR,DROP,1,38776,52800,73,1
40958,Reinforced Cobalt Legplates,GEAR,DROP,1,38000,52800,71,1
40958,Reinforced Cobalt Legplates,GEAR,DROP,1,37620,52800,71,1
4339,Bolt of Mageweave,INTERMEDIATE,TRAINER,7,6666,5050,132,0
4339,Bolt of Mageweave,INTERMEDIATE,TRAINER,5,6532,5050,129,0
44331,Elixir of Lightning Speed,ELIXIR_POT,UNSOURCED,12,10218,11400,89,1
22445,Arcane Dust,INTERMEDIATE,UNSOURCED,20,3309,5013,66,1
22445,Arcane Dust,INTERMEDIATE,UNSOURCED,20,3275,5013,65,1
22445,Arcane Dust,INTERMEDIATE,UNSOURCED,2,3209,5013,64,1
42500,Titanium Shield Spike,MISC,TRAINER,5,61200,80000,76,1
42500,Titanium Shield Spike,MISC,TRAINER,2,58752,80000,73,1
41594,Moonshroud,INTERMEDIATE,TRAINER,6,171346,195000,87,1
41594,Moonshroud,INTERMEDIATE,TRAINER,2,169632,195000,86,1
24272,Shadowcloth,INTERMEDIATE,VENDOR,12,84231,64001,131,0
24272,Shadowcloth,INTERMEDIATE,VENDOR,3,80019,64001,125,0
23793,Heavy Knothide Leather,INTERMEDIATE,TRAINER,1,22540,25000,90,1
23793,Heavy Knothide Leather,INTERMEDIATE,TRAINER,10,21863,25000,87,1
41595,Spellweave,INTERMEDIATE,TRAINER,1,132385,195000,67,1
41595,Spellweave,INTERMEDIATE,TRAINER,11,129737,195000,66,1
31079,Mercurial Adamantite,INTERMEDIATE,TRAINER,1,95614,86000,111,0
31079,Mercurial Adamantite,INTERMEDIATE,TRAINER,7,91789,86000,106,0
40115,Subtle Cardinal Ruby,GEM_CUT,VENDOR,1,288925,250000,115,0
42100,Moonshroud Robe,GEAR,TRAINER,1,2291760,2122000,108,0
42100,Moonshroud Robe,GEAR,TRAINER,1,2268842,2122000,106,0
41595,Spellweave,INTERMEDIATE,TRAINER,1,197964,195000,101,1
41595,Spellweave,INTERMEDIATE,TRAINER,9,190045,195000,97,1
5765,Black Silk Pack,BAG,DROP,1,32575,13280,245,0
5765,Black Silk Pack,BAG,DROP,1,31597,13280,237,0
43853,Titanium Skeleton Key,MISC,TRAINER,20,5551,7000,79,1
43853,Titanium Skeleton Key,MISC,TRAINER,20,5495,7000,78,1
43853,Titanium Skeleton Key,MISC,TRAINER,20,5220,7000,74,1
43853,Titanium Skeleton Key,MISC,TRAINER,20,5063,7000,72,1
43853,Titanium Skeleton Key,MISC,TRAINER,20,5551,7000,79,1
43853,Titanium Skeleton Key,MISC,TRAINER,20,5495,7000,78,1
43853,Titanium Skeleton Key,MISC,TRAINER,20,5220,7000,74,1
43853,Titanium Skeleton Key,MISC,TRAINER,20,5063,7000,72,1
43853,Titanium Skeleton Key,MISC,TRAINER,20,5551,7000,79,1
43853,Titanium Skeleton Key,MISC,TRAINER,20,5495,7000,78,1
43853,Titanium Skeleton Key,MISC,TRAINER,20,5220,7000,74,1
43853,Titanium Skeleton Key,MISC,TRAINER,20,5063,7000,72,1
43853,Titanium Skeleton Key,MISC,TRAINER,20,5551,7000,79,1
43853,Titanium Skeleton Key,MISC,TRAINER,20,5495,7000,78,1
43853,Titanium Skeleton Key,MISC,TRAINER,20,5220,7000,74,1
40104,Intricate Forest Emerald,GEM_CUT,VENDOR,1,186675,150000,124,0
40104,Intricate Forest Emerald,GEM_CUT,VENDOR,1,182941,150000,121,0
40104,Intricate Forest Emerald,GEM_CUT,VENDOR,1,173793,150000,115,0
38399,Trapper's Traveling Pack,BAG,VENDOR,1,479520,432000,111,0
42336,Bloodstone Band,GEAR,TRAINER,1,21791,24800,87,1
42336,Bloodstone Band,GEAR,TRAINER,1,20701,24800,83,1
42336,Bloodstone Band,GEAR,TRAINER,1,19872,24800,80,1
42336,Bloodstone Band,GEAR,TRAINER,1,21791,24800,87,1
42336,Bloodstone Band,GEAR,TRAINER,1,20701,24800,83,1
42336,Bloodstone Band,GEAR,TRAINER,1,19872,24800,80,1
42336,Bloodstone Band,GEAR,TRAINER,1,21791,24800,87,1
42336,Bloodstone Band,GEAR,TRAINER,1,20701,24800,83,1
42336,Bloodstone Band,GEAR,TRAINER,1,19872,24800,80,1
42336,Bloodstone Band,GEAR,TRAINER,1,21791,24800,87,1
42336,Bloodstone Band,GEAR,TRAINER,1,20701,24800,83,1
42336,Bloodstone Band,GEAR,TRAINER,1,19872,24800,80,1
23517,Felsteel Gloves,GEAR,DROP,1,3,6,50,1
23517,Felsteel Gloves,GEAR,DROP,1,3,6,50,1
23517,Felsteel Gloves,GEAR,DROP,1,3,6,50,1
23517,Felsteel Gloves,GEAR,DROP,1,3,6,50,1
23517,Felsteel Gloves,GEAR,DROP,1,3,6,50,1
23517,Felsteel Gloves,GEAR,DROP,1,3,6,50,1
23517,Felsteel Gloves,GEAR,DROP,1,3,6,50,1
23517,Felsteel Gloves,GEAR,DROP,1,3,6,50,1
23517,Felsteel Gloves,GEAR,DROP,1,3,6,50,1
23517,Felsteel Gloves,GEAR,DROP,1,3,6,50,1
23517,Felsteel Gloves,GEAR,DROP,1,3,6,50,1
23517,Felsteel Gloves,GEAR,DROP,1,3,6,50,1
23517,Felsteel Gloves,GEAR,DROP,1,3,6,50,1
23517,Felsteel Gloves,GEAR,DROP,1,3,6,50,1
23517,Felsteel Gloves,GEAR,DROP,1,3,6,50,1
41509,Frostweave Net,MISC,TRAINER,20,7698,9000,85,1
41509,Frostweave Net,MISC,TRAINER,20,7467,9000,82,1
41165,Saronite Razorheads,AMMO,TRAINER,1000,41,60,68,1
41165,Saronite Razorheads,AMMO,TRAINER,1000,40,60,66,1
41165,Saronite Razorheads,AMMO,TRAINER,1000,41,60,68,1
41165,Saronite Razorheads,AMMO,TRAINER,1000,40,60,66,1
41165,Saronite Razorheads,AMMO,TRAINER,1000,41,60,68,1
41165,Saronite Razorheads,AMMO,TRAINER,1000,40,60,66,1
41165,Saronite Razorheads,AMMO,TRAINER,1000,41,60,68,1
41165,Saronite Razorheads,AMMO,TRAINER,1000,40,60,66,1
41165,Saronite Razorheads,AMMO,TRAINER,1000,41,60,68,1
41165,Saronite Razorheads,AMMO,TRAINER,1000,40,60,66,1
41165,Saronite Razorheads,AMMO,TRAINER,1000,41,60,68,1
41165,Saronite Razorheads,AMMO,TRAINER,1000,40,60,66,1
41165,Saronite Razorheads,AMMO,TRAINER,1000,41,60,68,1
41165,Saronite Razorheads,AMMO,TRAINER,1000,40,60,66,1
41165,Saronite Razorheads,AMMO,TRAINER,1000,41,60,68,1
40077,Crazy Alchemist's Potion,ELIXIR_POT,UNSOURCED,10,11280,12000,94,1
44331,Elixir of Lightning Speed,ELIXIR_POT,UNSOURCED,5,9603,11400,84,1
40102,Turbid Forest Emerald,GEM_CUT,VENDOR,1,172500,150000,115,0
40102,Turbid Forest Emerald,GEM_CUT,VENDOR,1,170775,150000,113,0
22445,Arcane Dust,INTERMEDIATE,UNSOURCED,12,3420,5013,68,1
22445,Arcane Dust,INTERMEDIATE,UNSOURCED,3,3283,5013,65,1
4305,Bolt of Silk Cloth,INTERMEDIATE,TRAINER,10,3093,2376,130,0
41511,Bolt of Imbued Frostweave,INTERMEDIATE,TRAINER,5,150616,147000,102,1
41511,Bolt of Imbued Frostweave,INTERMEDIATE,TRAINER,8,146097,147000,99,1
8827,Elixir of Water Walking,ELIXIR_POT,UNSOURCED,5,5694,6180,92,1
8827,Elixir of Water Walking,ELIXIR_POT,UNSOURCED,7,5466,6180,88,1
43244,Crystal Citrine Necklace,GEAR,TRAINER,1,20732,24800,83,1
43244,Crystal Citrine Necklace,GEAR,TRAINER,1,20524,24800,82,1
43244,Crystal Citrine Necklace,GEAR,TRAINER,1,19908,24800,80,1
43244,Crystal Citrine Necklace,GEAR,TRAINER,1,19708,24800,79,1
43244,Crystal Citrine Necklace,GEAR,TRAINER,1,20732,24800,83,1
43244,Crystal Citrine Necklace,GEAR,TRAINER,1,20524,24800,82,1
43244,Crystal Citrine Necklace,GEAR,TRAINER,1,19908,24800,80,1
43244,Crystal Citrine Necklace,GEAR,TRAINER,1,19708,24800,79,1
43244,Crystal Citrine Necklace,GEAR,TRAINER,1,20732,24800,83,1
43244,Crystal Citrine Necklace,GEAR,TRAINER,1,20524,24800,82,1
43244,Crystal Citrine Necklace,GEAR,TRAINER,1,19908,24800,80,1
43244,Crystal Citrine Necklace,GEAR,TRAINER,1,19708,24800,79,1
43244,Crystal Citrine Necklace,GEAR,TRAINER,1,20732,24800,83,1
41595,Spellweave,INTERMEDIATE,TRAINER,5,154381,195000,79,1
41595,Spellweave,INTERMEDIATE,TRAINER,4,146661,195000,75,1
8827,Elixir of Water Walking,ELIXIR_POT,UNSOURCED,7,5320,6180,86,1
43116,Lion's Ink,INTERMEDIATE,TRAINER,5,364,300,121,0
43116,Lion's Ink,INTERMEDIATE,TRAINER,6,349,300,116,0
23774,Fel Iron Toolbox,BAG,VENDOR,1,120057,104000,115,0
23774,Fel Iron Toolbox,BAG,VENDOR,1,118856,104000,114,0
22445,Arcane Dust,INTERMEDIATE,UNSOURCED,20,4916,5013,98,1
22445,Arcane Dust,INTERMEDIATE,UNSOURCED,20,4768,5013,95,1
22445,Arcane Dust,INTERMEDIATE,UNSOURCED,3,4624,5013,92,1
22445,Arcane Dust,INTERMEDIATE,UNSOURCED,2,4916,5013,98,1
13511,Flask of Distilled Wisdom,FLASK,DROP,5,39838,13430,296,0
13511,Flask of Distilled Wisdom,FLASK,DROP,5,38244,13430,284,0
13511,Flask of Distilled Wisdom,FLASK,DROP,6,39838,13430,296,0
40865,Noise Machine,GEAR,TRAINER,1,228009,249600,91,1
40865,Noise Machine,GEAR,TRAINER,1,225728,249600,90,1
40865,Noise Machine,GEAR,TRAINER,1,228009,249600,91,1
40865,Noise Machine,GEAR,TRAINER,1,225728,249600,90,1
40865,Noise Machine,GEAR,TRAINER,1,228009,249600,91,1
40865,Noise Machine,GEAR,TRAINER,1,225728,249600,90,1
40865,Noise Machine,GEAR,TRAINER,1,228009,249600,91,1
40865,Noise Machine,GEAR,TRAINER,1,225728,249600,90,1
40865,Noise Machine,GEAR,TRAINER,1,228009,249600,91,1
40865,Noise Machine,GEAR,TRAINER,1,225728,249600,90,1
40865,Noise Machine,GEAR,TRAINER,1,228009,249600,91,1
40865,Noise Machine,GEAR,TRAINER,1,225728,249600,90,1
40865,Noise Machine,GEAR,TRAINER,1,228009,249600,91,1
40772,Gnomish Army Knife,MISC,TRAINER,1,227111,300175,75,1
40772,Gnomish Army Knife,MISC,TRAINER,1,215755,300175,71,1
40772,Gnomish Army Knife,MISC,TRAINER,1,207124,300175,69,1
40772,Gnomish Army Knife,MISC,TRAINER,1,205052,300175,68,1
40772,Gnomish Army Knife,MISC,TRAINER,1,227111,300175,75,1
40772,Gnomish Army Knife,MISC,TRAINER,1,215755,300175,71,1
40772,Gnomish Army Knife,MISC,TRAINER,1,207124,300175,69,1
40772,Gnomish Army Knife,MISC,TRAINER,1,205052,300175,68,1
40772,Gnomish Army Knife,MISC,TRAINER,1,227111,300175,75,1
40772,Gnomish Army Knife,MISC,TRAINER,1,215755,300175,71,1
38372,Nerubian Leg Armor,MISC,TRAINER,2,243190,222600,109,0
41163,Titanium Bar,INTERMEDIATE,TRAINER,8,15300,20000,76,1
41163,Titanium Bar,INTERMEDIATE,TRAINER,5,14841,20000,74,1
44330,Elixir of Armor Piercing,ELIXIR_POT,UNSOURCED,5,8626,12000,71,1
44330,Elixir of Armor Piercing,ELIXIR_POT,UNSOURCED,3,8453,12000,70,1
43853,Titanium Skeleton Key,MISC,TRAINER,20,7161,7000,102,1
43853,Titanium Skeleton Key,MISC,TRAINER,20,7089,7000,101,1
43853,Titanium Skeleton Key,MISC,TRAINER,20,7161,7000,102,1
43853,Titanium Skeleton Key,MISC,TRAINER,20,7089,7000,101,1
43853,Titanium Skeleton Key,MISC,TRAINER,20,7161,7000,102,1
43853,Titanium Skeleton Key,MISC,TRAINER,20,7089,7000,101,1
43853,Titanium Skeleton Key,MISC,TRAINER,20,7161,7000,102,1
43853,Titanium Skeleton Key,MISC,TRAINER,20,7089,7000,101,1
43853,Titanium Skeleton Key,MISC,TRAINER,20,7161,7000,102,1
43853,Titanium Skeleton Key,MISC,TRAINER,20,7089,7000,101,1
43853,Titanium Skeleton Key,MISC,TRAINER,20,7161,7000,102,1
43853,Titanium Skeleton Key,MISC,TRAINER,20,7089,7000,101,1
43853,Titanium Skeleton Key,MISC,TRAINER,20,7161,7000,102,1
43248,Stoneguard Band,GEAR,TRAINER,1,40454,48000,84,1
43248,Stoneguard Band,GEAR,TRAINER,1,40049,48000,83,1
43248,Stoneguard Band,GEAR,TRAINER,1,40454,48000,84,1
43248,Stoneguard Band,GEAR,TRAINER,1,40049,48000,83,1
43248,Stoneguard Band,GEAR,TRAINER,1,40454,48000,84,1
43248,Stoneguard Band,GEAR,TRAINER,1,40049,48000,83,1
43248,Stoneguard Band,GEAR,TRAINER,1,40454,48000,84,1
43248,Stoneguard Band,GEAR,TRAINER,1,40049,48000,83,1
43248,Stoneguard Band,GEAR,TRAINER,1,40454,48000,84,1
43248,Stoneguard Band,GEAR,TRAINER,1,40049,48000,83,1
43248,Stoneguard Band,GEAR,TRAINER,1,40454,48000,84,1
43248,Stoneguard Band,GEAR,TRAINER,1,40049,48000,83,1
43248,Stoneguard Band,GEAR,TRAINER,1,40454,48000,84,1
41601,Shining Spellthread,MISC,TRAINER,14,113505,124800,90,1
46378,Flask of Pure Mojo,FLASK,TRAINER,5,54390,53450,101,0
46378,Flask of Pure Mojo,FLASK,TRAINER,5,53450,53450,100,0
46378,Flask of Pure Mojo,FLASK,TRAINER,5,53450,53450,100,0
46378,Flask of Pure Mojo,FLASK,TRAINER,5,53450,53450,100,0
46378,Flask of Pure Mojo,FLASK,TRAINER,2,54390,53450,101,0
21841,Netherweave Bag,BAG,TRAINER,1,112392,101000,111,0
21841,Netherweave Bag,BAG,TRAINER,1,109020,101000,107,0
21841,Netherweave Bag,BAG,TRAINER,1,105749,101000,104,0
43970,Frostsavage Boots,GEAR,TRAINER,1,358261,520200,68,1
43970,Frostsavage Boots,GEAR,TRAINER,1,340347,520200,65,1
43970,Frostsavage Boots,GEAR,TRAINER,1,323329,520200,62,1
43970,Frostsavage Boots,GEAR,TRAINER,1,358261,520200,68,1
43970,Frostsavage Boots,GEAR,TRAINER,1,340347,520200,65,1
43970,Frostsavage Boots,GEAR,TRAINER,1,323329,520200,62,1
43970,Frostsavage Boots,GEAR,TRAINER,1,358261,520200,68,1
43970,Frostsavage Boots,GEAR,TRAINER,1,340347,520200,65,1
43970,Frostsavage Boots,GEAR,TRAINER,1,323329,520200,62,1
43970,Frostsavage Boots,GEAR,TRAINER,1,358261,520200,68,1
43970,Frostsavage Boots,GEAR,TRAINER,1,340347,520200,65,1
43970,Frostsavage Boots,GEAR,TRAINER,1,323329,520200,62,1
43970,Frostsavage Boots,GEAR,TRAINER,1,358261,520200,68,1
43970,Frostsavage Boots,GEAR,TRAINER,1,340347,520200,65,1
43970,Frostsavage Boots,GEAR,TRAINER,1,323329,520200,62,1
41511,Bolt of Imbued Frostweave,INTERMEDIATE,TRAINER,4,147646,147000,100,1
41511,Bolt of Imbued Frostweave,INTERMEDIATE,TRAINER,6,143216,147000,97,1
41165,Saronite Razorheads,AMMO,TRAINER,1000,51,60,85,1
41165,Saronite Razorheads,AMMO,TRAINER,1000,48,60,80,1
41165,Saronite Razorheads,AMMO,TRAINER,1000,51,60,85,1
41165,Saronite Razorheads,AMMO,TRAINER,1000,48,60,80,1
41165,Saronite Razorheads,AMMO,TRAINER,1000,51,60,85,1
41165,Saronite Razorheads,AMMO,TRAINER,1000,48,60,80,1
41165,Saronite Razorheads,AMMO,TRAINER,1000,51,60,85,1
41165,Saronite Razorheads,AMMO,TRAINER,1000,48,60,80,1
41165,Saronite Razorheads,AMMO,TRAINER,1000,51,60,85,1
22445,Arcane Dust,INTERMEDIATE,UNSOURCED,5,4288,5013,85,1
22445,Arcane Dust,INTERMEDIATE,UNSOURCED,13,4073,5013,81,1
14048,Bolt of Runecloth,INTERMEDIATE,TRAINER,5,13088,11760,111,0
14048,Bolt of Runecloth,INTERMEDIATE,TRAINER,3,12433,11760,105,0
45810,Cloak of Crimson Snow,GEAR,TRAINER,1,1145760,924000,124,0
45810,Cloak of Crimson Snow,GEAR,TRAINER,1,1111387,924000,120,0
45810,Cloak of Crimson Snow,GEAR,TRAINER,1,1089159,924000,117,0
2842,Silver Bar,INTERMEDIATE,TRAINER,15,319,303,105,0
40099,Shining Forest Emerald,GEM_CUT,DROP,1,255960,150000,170,0
41601,Shining Spellthread,MISC,TRAINER,8,93924,124800,75,1
43127,Snowfall Ink,INTERMEDIATE,TRAINER,4,516,400,129,0
43127,Snowfall Ink,INTERMEDIATE,TRAINER,1,490,400,122,0
42336,Bloodstone Band,GEAR,TRAINER,1,20757,24800,83,1
42336,Bloodstone Band,GEAR,TRAINER,1,19926,24800,80,1
42336,Bloodstone Band,GEAR,TRAINER,1,19328,24800,77,1
42336,Bloodstone Band,GEAR,TRAINER,1,18748,24800,75,1
42336,Bloodstone Band,GEAR,TRAINER,1,20757,24800,83,1
42336,Bloodstone Band,GEAR,TRAINER,1,19926,24800,80,1
42336,Bloodstone Band,GEAR,TRAINER,1,19328,24800,77,1
42336,Bloodstone Band,GEAR,TRAINER,1,18748,24800,75,1
12644,Dense Grinding Stone,INTERMEDIATE,TRAINER,7,5810,5760,100,0
21990,Netherweave Bandage,MISC,TRAINER,13,3636,4800,75,1
43566,Ice Striker's Cloak,GEAR,TRAINER,1,622544,730000,85,1
43566,Ice Striker's Cloak,GEAR,TRAINER,1,610093,730000,83,1
43566,Ice Striker's Cloak,GEAR,TRAINER,1,579588,730000,79,1
43566,Ice Striker's Cloak,GEAR,TRAINER,1,622544,730000,85,1
43566,Ice Striker's Cloak,GEAR,TRAINER,1,610093,730000,83,1
43566,Ice Striker's Cloak,GEAR,TRAINER,1,579588,730000,79,1
43566,Ice Striker's Cloak,GEAR,TRAINER,1,622544,730000,85,1
43566,Ice Striker's Cloak,GEAR,TRAINER,1,610093,730000,83,1
43566,Ice Striker's Cloak,GEAR,TRAINER,1,579588,730000,79,1
43566,Ice Striker's Cloak,GEAR,TRAINER,1,622544,730000,85,1
43566,Ice Striker's Cloak,GEAR,TRAINER,1,610093,730000,83,1
43566,Ice Striker's Cloak,GEAR,TRAINER,1,579588,730000,79,1
41345,Daunting Legplates,GEAR,TRAINER,1,375091,444000,84,1
41345,Daunting Legplates,GEAR,TRAINER,1,367589,444000,82,1
41345,Daunting Legplates,GEAR,TRAINER,1,352885,444000,79,1
41345,Daunting Legplates,GEAR,TRAINER,1,375091,444000,84,1
41345,Daunting Legplates,GEAR,TRAINER,1,367589,444000,82,1
41603,Azure Spellthread,MISC,TRAINER,13,94423,124800,75,1
6041,Steel Weapon Chain,MISC,DROP,3,18560,12264,151,0
41165,Saronite Razorheads,AMMO,TRAINER,1000,43,60,71,1
41165,Saronite Razorheads,AMMO,TRAINER,1000,40,60,66,1
41165,Saronite Razorheads,AMMO,TRAINER,1000,39,60,65,1
41165,Saronite Razorheads,AMMO,TRAINER,1000,37,60,61,1
41165,Saronite Razorheads,AMMO,TRAINER,1000,43,60,71,1
41165,Saronite Razorheads,AMMO,TRAINER,1000,40,60,66,1
41165,Saronite Razorheads,AMMO,TRAINER,1000,39,60,65,1
41165,Saronite Razorheads,AMMO,TRAINER,1000,37,60,61,1
41603,Azure Spellthread,MISC,TRAINER,9,94199,124800,75,1
41603,Azure Spellthread,MISC,TRAINER,15,111296,124800,89,1
41165,Saronite Razorheads,AMMO,TRAINER,1000,49,60,81,1
41165,Saronite Razorheads,AMMO,TRAINER,1000,47,60,78,1
41165,Saronite Razorheads,AMMO,TRAINER,1000,44,60,73,1
41165,Saronite Razorheads,AMMO,TRAINER,1000,49,60,81,1
41165,Saronite Razorheads,AMMO,TRAINER,1000,47,60,78,1
41165,Saronite Razorheads,AMMO,TRAINER,1000,44,60,73,1
41165,Saronite Razorheads,AMMO,TRAINER,1000,49,60,81,1
41165,Saronite Razorheads,AMMO,TRAINER,1000,47,60,78,1
41165,Saronite Razorheads,AMMO,TRAINER,1000,44,60,73,1
41165,Saronite Razorheads,AMMO,TRAINER,1000,49,60,81,1
49632,Runescroll of Fortitude,MISC,TRAINER,20,3702,5080,72,1
49632,Runescroll of Fortitude,MISC,TRAINER,20,3627,5080,71,1
49632,Runescroll of Fortitude,MISC,TRAINER,15,3702,5080,72,1
41745,Titanium Rod,INTERMEDIATE,TRAINER,1,82720,80000,103,0
41745,Titanium Rod,INTERMEDIATE,TRAINER,1,81892,80000,102,0
41745,Titanium Rod,INTERMEDIATE,TRAINER,1,80000,80000,100,0
41745,Titanium Rod,INTERMEDIATE,TRAINER,1,82720,80000,103,0
41745,Titanium Rod,INTERMEDIATE,TRAINER,1,81892,80000,102,0
41745,Titanium Rod,INTERMEDIATE,TRAINER,1,80000,80000,100,0
41745,Titanium Rod,INTERMEDIATE,TRAINER,1,82720,80000,103,0
41745,Titanium Rod,INTERMEDIATE,TRAINER,1,81892,80000,102,0
41745,Titanium Rod,INTERMEDIATE,TRAINER,1,80000,80000,100,0
22854,Flask of Relentless Assault,FLASK,UNSOURCED,20,105894,45000,235,0
22854,Flask of Relentless Assault,FLASK,UNSOURCED,5,101658,45000,225,0
22854,Flask of Relentless Assault,FLASK,UNSOURCED,1,98608,45000,219,0
41392,Tempered Titansteel Treads,GEAR,TRAINER,1,534660,670000,79,1
41392,Tempered Titansteel Treads,GEAR,TRAINER,1,529313,670000,79,1
41392,Tempered Titansteel Treads,GEAR,TRAINER,1,534660,670000,79,1
41392,Tempered Titansteel Treads,GEAR,TRAINER,1,529313,670000,79,1
41392,Tempered Titansteel Treads,GEAR,TRAINER,1,534660,670000,79,1
41392,Tempered Titansteel Treads,GEAR,TRAINER,1,529313,670000,79,1
41392,Tempered Titansteel Treads,GEAR,TRAINER,1,534660,670000,79,1
41392,Tempered Titansteel Treads,GEAR,TRAINER,1,529313,670000,79,1
41392,Tempered Titansteel Treads,GEAR,TRAINER,1,534660,670000,79,1
41392,Tempered Titansteel Treads,GEAR,TRAINER,1,529313,670000,79,1
41392,Tempered Titansteel Treads,GEAR,TRAINER,1,534660,670000,79,1
41392,Tempered Titansteel Treads,GEAR,TRAINER,1,529313,670000,79,1
38399,Trapper's Traveling Pack,BAG,VENDOR,1,609033,432000,140,0
38399,Trapper's Traveling Pack,BAG,VENDOR,1,596852,432000,138,0
6338,Silver Rod,INTERMEDIATE,TRAINER,1,335,335,100,0
6338,Silver Rod,INTERMEDIATE,TRAINER,1,335,335,100,0
6338,Silver Rod,INTERMEDIATE,TRAINER,1,335,335,100,0
6338,Silver Rod,INTERMEDIATE,TRAINER,1,335,335,100,0
6338,Silver Rod,INTERMEDIATE,TRAINER,1,335,335,100,0
6338,Silver Rod,INTERMEDIATE,TRAINER,1,335,335,100,0
6338,Silver Rod,INTERMEDIATE,TRAINER,1,335,335,100,0
6338,Silver Rod,INTERMEDIATE,TRAINER,1,335,335,100,0
6338,Silver Rod,INTERMEDIATE,TRAINER,1,335,335,100,0
33092,Healing Potion Injector,ELIXIR_POT,DROP,20,37241,18400,202,0
33092,Healing Potion Injector,ELIXIR_POT,DROP,5,36868,18400,200,0
33092,Healing Potion Injector,ELIXIR_POT,DROP,5,37241,18400,202,0
33092,Healing Potion Injector,ELIXIR_POT,DROP,20,36868,18400,200,0
33092,Healing Potion Injector,ELIXIR_POT,DROP,20,37241,18400,202,0
33092,Healing Potion Injector,ELIXIR_POT,DROP,20,36868,18400,200,0
33092,Healing Potion Injector,ELIXIR_POT,DROP,5,37241,18400,202,0
33092,Healing Potion Injector,ELIXIR_POT,DROP,5,36868,18400,200,0
33092,Healing Potion Injector,ELIXIR_POT,DROP,20,37241,18400,202,0
33092,Healing Potion Injector,ELIXIR_POT,DROP,5,36868,18400,200,0
33092,Healing Potion Injector,ELIXIR_POT,DROP,5,37241,18400,202,0
33092,Healing Potion Injector,ELIXIR_POT,DROP,20,36868,18400,200,0
33092,Healing Potion Injector,ELIXIR_POT,DROP,5,37241,18400,202,0
33092,Healing Potion Injector,ELIXIR_POT,DROP,5,36868,18400,200,0
33092,Healing Potion Injector,ELIXIR_POT,DROP,5,37241,18400,202,0
33092,Healing Potion Injector,ELIXIR_POT,DROP,20,36868,18400,200,0
33092,Healing Potion Injector,ELIXIR_POT,DROP,5,37241,18400,202,0
33092,Healing Potion Injector,ELIXIR_POT,DROP,20,36868,18400,200,0
33092,Healing Potion Injector,ELIXIR_POT,DROP,20,37241,18400,202,0
33092,Healing Potion Injector,ELIXIR_POT,DROP,5,36868,18400,200,0
33092,Healing Potion Injector,ELIXIR_POT,DROP,5,37241,18400,202,0
33092,Healing Potion Injector,ELIXIR_POT,DROP,20,36868,18400,200,0
33092,Healing Potion Injector,ELIXIR_POT,DROP,5,37241,18400,202,0
33092,Healing Potion Injector,ELIXIR_POT,DROP,20,36868,18400,200,0
33092,Healing Potion Injector,ELIXIR_POT,DROP,5,37241,18400,202,0
33092,Healing Potion Injector,ELIXIR_POT,DROP,5,36868,18400,200,0
33092,Healing Potion Injector,ELIXIR_POT,DROP,5,37241,18400,202,0
43853,Titanium Skeleton Key,MISC,TRAINER,20,6853,7000,97,1
43853,Titanium Skeleton Key,MISC,TRAINER,20,6510,7000,93,1
43853,Titanium Skeleton Key,MISC,TRAINER,20,6853,7000,97,1
43853,Titanium Skeleton Key,MISC,TRAINER,20,6510,7000,93,1
43853,Titanium Skeleton Key,MISC,TRAINER,20,6853,7000,97,1
43853,Titanium Skeleton Key,MISC,TRAINER,20,6510,7000,93,1
43853,Titanium Skeleton Key,MISC,TRAINER,20,6853,7000,97,1
41601,Shining Spellthread,MISC,TRAINER,6,118485,124800,94,1
43853,Titanium Skeleton Key,MISC,TRAINER,20,5793,7000,82,1
43853,Titanium Skeleton Key,MISC,TRAINER,20,5561,7000,79,1
43853,Titanium Skeleton Key,MISC,TRAINER,20,5793,7000,82,1
43853,Titanium Skeleton Key,MISC,TRAINER,20,5561,7000,79,1
43853,Titanium Skeleton Key,MISC,TRAINER,20,5793,7000,82,1
43853,Titanium Skeleton Key,MISC,TRAINER,20,5561,7000,79,1
43853,Titanium Skeleton Key,MISC,TRAINER,20,5793,7000,82,1
43853,Titanium Skeleton Key,MISC,TRAINER,20,5561,7000,79,1
43853,Titanium Skeleton Key,MISC,TRAINER,20,5793,7000,82,1
43853,Titanium Skeleton Key,MISC,TRAINER,20,5561,7000,79,1
43853,Titanium Skeleton Key,MISC,TRAINER,20,5793,7000,82,1
43853,Titanium Skeleton Key,MISC,TRAINER,20,5561,7000,79,1
43853,Titanium Skeleton Key,MISC,TRAINER,20,5793,7000,82,1
43853,Titanium Skeleton Key,MISC,TRAINER,20,5561,7000,79,1
40133,Purified Dreadstone,GEM_CUT,VENDOR,1,360400,250000,144,0
40133,Purified Dreadstone,GEM_CUT,VENDOR,1,349588,250000,139,0
40133,Purified Dreadstone,GEM_CUT,VENDOR,1,339100,250000,135,0
10841,Goldthorn Tea,FOOD,UNSOURCED,5,490,232,211,0
10841,Goldthorn Tea,FOOD,UNSOURCED,5,480,232,206,0
10841,Goldthorn Tea,FOOD,UNSOURCED,20,475,232,204,0
10841,Goldthorn Tea,FOOD,UNSOURCED,14,456,232,196,0
41510,Bolt of Frostweave,INTERMEDIATE,TRAINER,8,42896,37500,114,0
37101,Ivory Ink,INTERMEDIATE,UNSOURCED,4,368,150,245,0
37101,Ivory Ink,INTERMEDIATE,UNSOURCED,1,353,150,235,0
22445,Arcane Dust,INTERMEDIATE,UNSOURCED,16,3383,5013,67,1
22445,Arcane Dust,INTERMEDIATE,UNSOURCED,2,3349,5013,66,1
17771,Elementium Bar,MISC,DROP,5,4380387,2472560,177,0
43853,Titanium Skeleton Key,MISC,TRAINER,20,5912,7000,84,1
43853,Titanium Skeleton Key,MISC,TRAINER,20,5793,7000,82,1
43853,Titanium Skeleton Key,MISC,TRAINER,20,5912,7000,84,1
43853,Titanium Skeleton Key,MISC,TRAINER,20,5793,7000,82,1
43853,Titanium Skeleton Key,MISC,TRAINER,20,5912,7000,84,1
43853,Titanium Skeleton Key,MISC,TRAINER,20,5793,7000,82,1
43853,Titanium Skeleton Key,MISC,TRAINER,20,5912,7000,84,1
43853,Titanium Skeleton Key,MISC,TRAINER,20,5793,7000,82,1
43853,Titanium Skeleton Key,MISC,TRAINER,20,5912,7000,84,1
43853,Titanium Skeleton Key,MISC,TRAINER,20,5793,7000,82,1
43853,Titanium Skeleton Key,MISC,TRAINER,20,5912,7000,84,1
43853,Titanium Skeleton Key,MISC,TRAINER,20,5793,7000,82,1
43853,Titanium Skeleton Key,MISC,TRAINER,20,5912,7000,84,1
22445,Arcane Dust,INTERMEDIATE,UNSOURCED,20,3452,5013,68,1
22445,Arcane Dust,INTERMEDIATE,UNSOURCED,8,3313,5013,66,1
22445,Arcane Dust,INTERMEDIATE,UNSOURCED,11,3147,5013,62,1
41595,Spellweave,INTERMEDIATE,TRAINER,2,180999,195000,92,1
41595,Spellweave,INTERMEDIATE,TRAINER,3,179189,195000,91,1
22866,Flask of Pure Death,FLASK,UNSOURCED,20,122527,55500,220,0
22866,Flask of Pure Death,FLASK,UNSOURCED,4,118851,55500,214,0
41597,Abyssal Bag,BAG,VENDOR,1,901425,750000,120,0
41597,Abyssal Bag,BAG,VENDOR,1,856353,750000,114,0
46378,Flask of Pure Mojo,FLASK,TRAINER,20,34635,53450,64,1
46378,Flask of Pure Mojo,FLASK,TRAINER,6,33249,53450,62,1
44210,Faces of Doom,GEAR,TRAINER,1,336188,302600,111,0
38433,Arctic Wristguards,GEAR,TRAINER,1,98172,108000,90,1
38433,Arctic Wristguards,GEAR,TRAINER,1,93263,108000,86,1
38433,Arctic Wristguards,GEAR,TRAINER,1,91397,108000,84,1
38433,Arctic Wristguards,GEAR,TRAINER,1,87741,108000,81,1
38433,Arctic Wristguards,GEAR,TRAINER,1,98172,108000,90,1
38433,Arctic Wristguards,GEAR,TRAINER,1,93263,108000,86,1
38433,Arctic Wristguards,GEAR,TRAINER,1,91397,108000,84,1
38433,Arctic Wristguards,GEAR,TRAINER,1,87741,108000,81,1
38433,Arctic Wristguards,GEAR,TRAINER,1,98172,108000,90,1
38433,Arctic Wristguards,GEAR,TRAINER,1,93263,108000,86,1
38433,Arctic Wristguards,GEAR,TRAINER,1,91397,108000,84,1
38433,Arctic Wristguards,GEAR,TRAINER,1,87741,108000,81,1
38433,Arctic Wristguards,GEAR,TRAINER,1,98172,108000,90,1
43969,Frostsavage Belt,GEAR,TRAINER,1,419535,515400,81,1
43969,Frostsavage Belt,GEAR,TRAINER,1,398558,515400,77,1
43969,Frostsavage Belt,GEAR,TRAINER,1,419535,515400,81,1
43969,Frostsavage Belt,GEAR,TRAINER,1,398558,515400,77,1
43969,Frostsavage Belt,GEAR,TRAINER,1,419535,515400,81,1
43969,Frostsavage Belt,GEAR,TRAINER,1,398558,515400,77,1
43969,Frostsavage Belt,GEAR,TRAINER,1,419535,515400,81,1
43969,Frostsavage Belt,GEAR,TRAINER,1,398558,515400,77,1
43969,Frostsavage Belt,GEAR,TRAINER,1,419535,515400,81,1
43969,Frostsavage Belt,GEAR,TRAINER,1,398558,515400,77,1
43969,Frostsavage Belt,GEAR,TRAINER,1,419535,515400,81,1
43969,Frostsavage Belt,GEAR,TRAINER,1,398558,515400,77,1
36913,Saronite Bar,INTERMEDIATE,TRAINER,4,22050,30000,73,1
36913,Saronite Bar,INTERMEDIATE,TRAINER,7,21388,30000,71,1
25890,Destructive Skyfire Diamond,GEM_CUT,DROP,1,1064196,360000,295,0
25890,Destructive Skyfire Diamond,GEM_CUT,DROP,1,1032270,360000,286,0
25890,Destructive Skyfire Diamond,GEM_CUT,DROP,1,990979,360000,275,0
22522,Superior Wizard Oil,MISC,VENDOR,1,21351,26039,81,1
22522,Superior Wizard Oil,MISC,VENDOR,1,20710,26039,79,1
22522,Superior Wizard Oil,MISC,VENDOR,1,21351,26039,81,1
22522,Superior Wizard Oil,MISC,VENDOR,1,20710,26039,79,1
22522,Superior Wizard Oil,MISC,VENDOR,1,21351,26039,81,1
22522,Superior Wizard Oil,MISC,VENDOR,1,20710,26039,79,1
22522,Superior Wizard Oil,MISC,VENDOR,1,21351,26039,81,1
22522,Superior Wizard Oil,MISC,VENDOR,1,20710,26039,79,1
22522,Superior Wizard Oil,MISC,VENDOR,1,21351,26039,81,1
23787,Felsteel Stabilizer,INTERMEDIATE,TRAINER,13,1,2,50,1
23787,Felsteel Stabilizer,INTERMEDIATE,TRAINER,10,1,2,50,1
23787,Felsteel Stabilizer,INTERMEDIATE,TRAINER,4,1,2,50,1
20816,Delicate Copper Wire,INTERMEDIATE,UNSOURCED,1,106,40,265,0
20816,Delicate Copper Wire,INTERMEDIATE,UNSOURCED,10,100,40,250,0
2460,Elixir of Tongues (NYI),ELIXIR_POT,UNSOURCED,5,782,334,234,0
2460,Elixir of Tongues (NYI),ELIXIR_POT,UNSOURCED,2,766,334,229,0
4241,Green Woolen Bag,BAG,DROP,1,3581,1832,195,0
4241,Green Woolen Bag,BAG,DROP,1,3473,1832,189,0
4241,Green Woolen Bag,BAG,DROP,1,3299,1832,180,0
44331,Elixir of Lightning Speed,ELIXIR_POT,UNSOURCED,5,9129,11400,80,1
44331,Elixir of Lightning Speed,ELIXIR_POT,UNSOURCED,5,8946,11400,78,1
43973,Frostsavage Shoulders,GEAR,TRAINER,1,457776,520200,88,1
43973,Frostsavage Shoulders,GEAR,TRAINER,1,434887,520200,83,1
43973,Frostsavage Shoulders,GEAR,TRAINER,1,457776,520200,88,1
43973,Frostsavage Shoulders,GEAR,TRAINER,1,434887,520200,83,1
43973,Frostsavage Shoulders,GEAR,TRAINER,1,457776,520200,88,1
43973,Frostsavage Shoulders,GEAR,TRAINER,1,434887,520200,83,1
43973,Frostsavage Shoulders,GEAR,TRAINER,1,457776,520200,88,1
43973,Frostsavage Shoulders,GEAR,TRAINER,1,434887,520200,83,1
43973,Frostsavage Shoulders,GEAR,TRAINER,1,457776,520200,88,1
43973,Frostsavage Shoulders,GEAR,TRAINER,1,434887,520200,83,1
43973,Frostsavage Shoulders,GEAR,TRAINER,1,457776,520200,88,1
44325,Elixir of Accuracy,ELIXIR_POT,UNSOURCED,5,43068,15000,287,0
44325,Elixir of Accuracy,ELIXIR_POT,UNSOURCED,1,42206,15000,281,0
22522,Superior Wizard Oil,MISC,VENDOR,1,24476,26039,93,1
22522,Superior Wizard Oil,MISC,VENDOR,1,23741,26039,91,1
22522,Superior Wizard Oil,MISC,VENDOR,1,22791,26039,87,1
22522,Superior Wizard Oil,MISC,VENDOR,1,24476,26039,93,1
22522,Superior Wizard Oil,MISC,VENDOR,1,23741,26039,91,1
22522,Superior Wizard Oil,MISC,VENDOR,1,22791,26039,87,1
22522,Superior Wizard Oil,MISC,VENDOR,1,24476,26039,93,1
22522,Superior Wizard Oil,MISC,VENDOR,1,23741,26039,91,1
22522,Superior Wizard Oil,MISC,VENDOR,1,22791,26039,87,1
22522,Superior Wizard Oil,MISC,VENDOR,1,24476,26039,93,1
22522,Superior Wizard Oil,MISC,VENDOR,1,23741,26039,91,1
22522,Superior Wizard Oil,MISC,VENDOR,1,22791,26039,87,1
38436,Frostscale Bracers,GEAR,TRAINER,1,85730,108000,79,1
38436,Frostscale Bracers,GEAR,TRAINER,1,81443,108000,75,1
38436,Frostscale Bracers,GEAR,TRAINER,1,85730,108000,79,1
38436,Frostscale Bracers,GEAR,TRAINER,1,81443,108000,75,1
38436,Frostscale Bracers,GEAR,TRAINER,1,85730,108000,79,1
38436,Frostscale Bracers,GEAR,TRAINER,1,81443,108000,75,1
41594,Moonshroud,INTERMEDIATE,TRAINER,10,159412,195000,81,1
41594,Moonshroud,INTERMEDIATE,TRAINER,1,153035,195000,78,1
21990,Netherweave Bandage,MISC,TRAINER,12,3433,4800,71,1
13510,Flask of the Titans,FLASK,DROP,10,50074,16860,296,0
48933,Wormhole Generator: Northrend,GEAR,UNSOURCED,1,256256,352000,72,1
48933,Wormhole Generator: Northrend,GEAR,UNSOURCED,1,246005,352000,69,1
48933,Wormhole Generator: Northrend,GEAR,UNSOURCED,1,256256,352000,72,1
48933,Wormhole Generator: Northrend,GEAR,UNSOURCED,1,246005,352000,69,1
48933,Wormhole Generator: Northrend,GEAR,UNSOURCED,1,256256,352000,72,1
48933,Wormhole Generator: Northrend,GEAR,UNSOURCED,1,246005,352000,69,1
48933,Wormhole Generator: Northrend,GEAR,UNSOURCED,1,256256,352000,72,1
48933,Wormhole Generator: Northrend,GEAR,UNSOURCED,1,246005,352000,69,1
48933,Wormhole Generator: Northrend,GEAR,UNSOURCED,1,256256,352000,72,1
5081,Kodo Hide Bag,BAG,UNSOURCED,1,1499,853,175,0
5081,Kodo Hide Bag,BAG,UNSOURCED,1,1424,853,166,0
5081,Kodo Hide Bag,BAG,UNSOURCED,1,1367,853,160,0
32213,Balanced Shadowsong Amethyst,GEM_CUT,VENDOR,1,295000,250000,118,0
23787,Felsteel Stabilizer,INTERMEDIATE,TRAINER,5,1,2,50,1
23787,Felsteel Stabilizer,INTERMEDIATE,TRAINER,3,1,2,50,1
41603,Azure Spellthread,MISC,TRAINER,14,101038,124800,80,1
40077,Crazy Alchemist's Potion,ELIXIR_POT,UNSOURCED,5,11299,12000,94,1
40077,Crazy Alchemist's Potion,ELIXIR_POT,UNSOURCED,1,10734,12000,89,1
43258,Purehorn Spaulders,GEAR,TRAINER,1,168339,198000,85,1
43258,Purehorn Spaulders,GEAR,TRAINER,1,159922,198000,80,1
43258,Purehorn Spaulders,GEAR,TRAINER,1,156723,198000,79,1
43258,Purehorn Spaulders,GEAR,TRAINER,1,155155,198000,78,1
43258,Purehorn Spaulders,GEAR,TRAINER,1,168339,198000,85,1
43253,Ring of Northern Tears,GEAR,VENDOR,1,116505,164000,71,1
43253,Ring of Northern Tears,GEAR,VENDOR,1,115339,164000,70,1
43253,Ring of Northern Tears,GEAR,VENDOR,1,116505,164000,71,1
43253,Ring of Northern Tears,GEAR,VENDOR,1,115339,164000,70,1
43253,Ring of Northern Tears,GEAR,VENDOR,1,116505,164000,71,1
43253,Ring of Northern Tears,GEAR,VENDOR,1,115339,164000,70,1
43253,Ring of Northern Tears,GEAR,VENDOR,1,116505,164000,71,1
43253,Ring of Northern Tears,GEAR,VENDOR,1,115339,164000,70,1
43253,Ring of Northern Tears,GEAR,VENDOR,1,116505,164000,71,1
43253,Ring of Northern Tears,GEAR,VENDOR,1,115339,164000,70,1
43253,Ring of Northern Tears,GEAR,VENDOR,1,116505,164000,71,1
8827,Elixir of Water Walking,ELIXIR_POT,UNSOURCED,5,5537,6180,89,1
41601,Shining Spellthread,MISC,TRAINER,8,101836,124800,81,1
41603,Azure Spellthread,MISC,TRAINER,12,93849,124800,75,1
46376,Flask of the Frost Wyrm,FLASK,TRAINER,20,68445,65000,105,0
46376,Flask of the Frost Wyrm,FLASK,TRAINER,20,65707,65000,101,0
8827,Elixir of Water Walking,ELIXIR_POT,UNSOURCED,5,5355,6180,86,1
8827,Elixir of Water Walking,ELIXIR_POT,UNSOURCED,4,5140,6180,83,1
43250,Ring of Earthen Might,GEAR,VENDOR,1,64864,88000,73,1
43250,Ring of Earthen Might,GEAR,VENDOR,1,62269,88000,70,1
43250,Ring of Earthen Might,GEAR,VENDOR,1,59155,88000,67,1
43250,Ring of Earthen Might,GEAR,VENDOR,1,56197,88000,63,1
43250,Ring of Earthen Might,GEAR,VENDOR,1,64864,88000,73,1
43250,Ring of Earthen Might,GEAR,VENDOR,1,62269,88000,70,1
43250,Ring of Earthen Might,GEAR,VENDOR,1,59155,88000,67,1
43250,Ring of Earthen Might,GEAR,VENDOR,1,56197,88000,63,1
41167,Heartseeker Scope,MISC,TRAINER,5,574080,600000,95,1
41167,Heartseeker Scope,MISC,TRAINER,5,545376,600000,90,1
41167,Heartseeker Scope,MISC,TRAINER,2,523560,600000,87,1
22449,Large Prismatic Shard,INTERMEDIATE,VENDOR,20,197736,240000,82,1
22449,Large Prismatic Shard,INTERMEDIATE,VENDOR,2,187849,240000,78,1
38590,Black Chitinguard Boots,GEAR,TRAINER,1,163881,179400,91,1
38590,Black Chitinguard Boots,GEAR,TRAINER,1,158964,179400,88,1
38590,Black Chitinguard Boots,GEAR,TRAINER,1,152605,179400,85,1
38590,Black Chitinguard Boots,GEAR,TRAINER,1,163881,179400,91,1
38590,Black Chitinguard Boots,GEAR,TRAINER,1,158964,179400,88,1
38590,Black Chitinguard Boots,GEAR,TRAINER,1,152605,179400,85,1
38590,Black Chitinguard Boots,GEAR,TRAINER,1,163881,179400,91,1
38590,Black Chitinguard Boots,GEAR,TRAINER,1,158964,179400,88,1
38590,Black Chitinguard Boots,GEAR,TRAINER,1,152605,179400,85,1
38590,Black Chitinguard Boots,GEAR,TRAINER,1,163881,179400,91,1
38590,Black Chitinguard Boots,GEAR,TRAINER,1,158964,179400,88,1
8827,Elixir of Water Walking,ELIXIR_POT,UNSOURCED,12,5753,6180,93,1
8827,Elixir of Water Walking,ELIXIR_POT,UNSOURCED,12,4511,6180,72,1
43120,Celestial Ink,INTERMEDIATE,TRAINER,4,352,300,117,0
43120,Celestial Ink,INTERMEDIATE,TRAINER,10,334,300,111,0
46377,Flask of Endless Rage,FLASK,TRAINER,20,51543,57500,89,1
46377,Flask of Endless Rage,FLASK,TRAINER,5,49481,57500,86,1
46377,Flask of Endless Rage,FLASK,TRAINER,5,47006,57500,81,1
2997,Bolt of Woolen Cloth,INTERMEDIATE,TRAINER,5,472,408,115,0
2997,Bolt of Woolen Cloth,INTERMEDIATE,TRAINER,4,448,408,109,0
41595,Spellweave,INTERMEDIATE,TRAINER,2,154284,195000,79,1
41595,Spellweave,INTERMEDIATE,TRAINER,5,148112,195000,75,1
41509,Frostweave Net,MISC,TRAINER,20,6683,9000,74,1
41509,Frostweave Net,MISC,TRAINER,20,6616,9000,73,1
41509,Frostweave Net,MISC,TRAINER,5,6683,9000,74,1
24270,Bag of Jewels,BAG,VENDOR,1,13863,20006,69,1
24270,Bag of Jewels,BAG,VENDOR,1,13724,20006,68,1
24270,Bag of Jewels,BAG,VENDOR,1,13449,20006,67,1
24270,Bag of Jewels,BAG,VENDOR,1,13863,20006,69,1
24270,Bag of Jewels,BAG,VENDOR,1,13724,20006,68,1
24270,Bag of Jewels,BAG,VENDOR,1,13449,20006,67,1
24270,Bag of Jewels,BAG,VENDOR,1,13863,20006,69,1
24270,Bag of Jewels,BAG,VENDOR,1,13724,20006,68,1
24270,Bag of Jewels,BAG,VENDOR,1,13449,20006,67,1
24270,Bag of Jewels,BAG,VENDOR,1,13863,20006,69,1
24270,Bag of Jewels,BAG,VENDOR,1,13724,20006,68,1
24270,Bag of Jewels,BAG,VENDOR,1,13449,20006,67,1
24270,Bag of Jewels,BAG,VENDOR,1,13863,20006,69,1
24270,Bag of Jewels,BAG,VENDOR,1,13724,20006,68,1
41594,Moonshroud,INTERMEDIATE,TRAINER,8,151632,195000,77,1
41594,Moonshroud,INTERMEDIATE,TRAINER,4,147083,195000,75,1
35128,Hardened Khorium,INTERMEDIATE,DROP,5,329186,120001,274,0
40772,Gnomish Army Knife,MISC,TRAINER,1,274209,300175,91,1
40772,Gnomish Army Knife,MISC,TRAINER,1,260498,300175,86,1
40772,Gnomish Army Knife,MISC,TRAINER,1,274209,300175,91,1
40772,Gnomish Army Knife,MISC,TRAINER,1,260498,300175,86,1
40772,Gnomish Army Knife,MISC,TRAINER,1,274209,300175,91,1
40772,Gnomish Army Knife,MISC,TRAINER,1,260498,300175,86,1
40772,Gnomish Army Knife,MISC,TRAINER,1,274209,300175,91,1
40772,Gnomish Army Knife,MISC,TRAINER,1,260498,300175,86,1
40772,Gnomish Army Knife,MISC,TRAINER,1,274209,300175,91,1
7966,Solid Grinding Stone,INTERMEDIATE,TRAINER,2,2352,2352,100,0
7966,Solid Grinding Stone,INTERMEDIATE,TRAINER,3,2352,2352,100,0
22246,Enchanted Mageweave Pouch,BAG,VENDOR,1,55041,43512,126,0
22246,Enchanted Mageweave Pouch,BAG,VENDOR,1,52839,43512,121,0
41593,Ebonweave,INTERMEDIATE,TRAINER,2,187785,195000,96,1
41593,Ebonweave,INTERMEDIATE,TRAINER,11,184029,195000,94,1
41593,Ebonweave,INTERMEDIATE,TRAINER,13,139230,195000,71,1
41593,Ebonweave,INTERMEDIATE,TRAINER,1,137837,195000,70,1
42641,Global Thermal Sapper Charge,MISC,TRAINER,20,6768,6900,98,1
42641,Global Thermal Sapper Charge,MISC,TRAINER,5,6497,6900,94,1
25844,Adamantite Rod,INTERMEDIATE,VENDOR,1,258930,180000,143,0
25844,Adamantite Rod,INTERMEDIATE,VENDOR,1,251162,180000,139,0
25844,Adamantite Rod,INTERMEDIATE,VENDOR,1,241115,180000,133,0
25844,Adamantite Rod,INTERMEDIATE,VENDOR,1,258930,180000,143,0
25844,Adamantite Rod,INTERMEDIATE,VENDOR,1,251162,180000,139,0
25844,Adamantite Rod,INTERMEDIATE,VENDOR,1,241115,180000,133,0
25844,Adamantite Rod,INTERMEDIATE,VENDOR,1,258930,180000,143,0
25844,Adamantite Rod,INTERMEDIATE,VENDOR,1,251162,180000,139,0
25844,Adamantite Rod,INTERMEDIATE,VENDOR,1,241115,180000,133,0
25844,Adamantite Rod,INTERMEDIATE,VENDOR,1,258930,180000,143,0
25844,Adamantite Rod,INTERMEDIATE,VENDOR,1,251162,180000,139,0
25844,Adamantite Rod,INTERMEDIATE,VENDOR,1,241115,180000,133,0
25844,Adamantite Rod,INTERMEDIATE,VENDOR,1,258930,180000,143,0
25844,Adamantite Rod,INTERMEDIATE,VENDOR,1,251162,180000,139,0
25844,Adamantite Rod,INTERMEDIATE,VENDOR,1,241115,180000,133,0
3576,Tin Bar,INTERMEDIATE,TRAINER,10,143,107,133,0
3576,Tin Bar,INTERMEDIATE,TRAINER,1,135,107,126,0
43123,Ink of the Sky,INTERMEDIATE,TRAINER,8,224,200,112,0
22522,Superior Wizard Oil,MISC,VENDOR,1,23669,26039,90,1
22522,Superior Wizard Oil,MISC,VENDOR,1,22722,26039,87,1
22522,Superior Wizard Oil,MISC,VENDOR,1,21813,26039,83,1
22522,Superior Wizard Oil,MISC,VENDOR,1,20940,26039,80,1
22522,Superior Wizard Oil,MISC,VENDOR,1,23669,26039,90,1
22522,Superior Wizard Oil,MISC,VENDOR,1,22722,26039,87,1
22522,Superior Wizard Oil,MISC,VENDOR,1,21813,26039,83,1
22522,Superior Wizard Oil,MISC,VENDOR,1,20940,26039,80,1
41593,Ebonweave,INTERMEDIATE,TRAINER,1,181525,195000,93,1
41593,Ebonweave,INTERMEDIATE,TRAINER,9,172448,195000,88,1
41511,Bolt of Imbued Frostweave,INTERMEDIATE,TRAINER,1,190806,147000,129,0
41511,Bolt of Imbued Frostweave,INTERMEDIATE,TRAINER,11,188897,147000,128,0
40195,Pygmy Oil,INTERMEDIATE,TRAINER,12,300,300,100,1
40195,Pygmy Oil,INTERMEDIATE,TRAINER,2,294,300,98,1
4339,Bolt of Mageweave,INTERMEDIATE,TRAINER,4,6217,5050,123,0
4339,Bolt of Mageweave,INTERMEDIATE,TRAINER,5,5906,5050,116,0
44958,Ethereal Oil,INTERMEDIATE,TRAINER,6,70,96,72,1
44958,Ethereal Oil,INTERMEDIATE,TRAINER,3,67,96,69,1
38375,Borean Armor Kit,MISC,TRAINER,9,33642,36000,93,1
2319,Medium Leather,INTERMEDIATE,TRAINER,8,372,372,100,0
2319,Medium Leather,INTERMEDIATE,TRAINER,1,372,372,100,0
43250,Ring of Earthen Might,GEAR,VENDOR,1,80880,88000,91,1
43250,Ring of Earthen Might,GEAR,VENDOR,1,76836,88000,87,1
43250,Ring of Earthen Might,GEAR,VENDOR,1,72994,88000,82,1
43250,Ring of Earthen Might,GEAR,VENDOR,1,69344,88000,78,1
43250,Ring of Earthen Might,GEAR,VENDOR,1,80880,88000,91,1
43250,Ring of Earthen Might,GEAR,VENDOR,1,76836,88000,87,1
43250,Ring of Earthen Might,GEAR,VENDOR,1,72994,88000,82,1
43250,Ring of Earthen Might,GEAR,VENDOR,1,69344,88000,78,1
23518,Felsteel Leggings,GEAR,DROP,1,6,8,75,1
23518,Felsteel Leggings,GEAR,DROP,1,5,8,62,1
23518,Felsteel Leggings,GEAR,DROP,1,4,8,50,1
23518,Felsteel Leggings,GEAR,DROP,1,4,8,50,1
23518,Felsteel Leggings,GEAR,DROP,1,6,8,75,1
23518,Felsteel Leggings,GEAR,DROP,1,5,8,62,1
23518,Felsteel Leggings,GEAR,DROP,1,4,8,50,1
23518,Felsteel Leggings,GEAR,DROP,1,4,8,50,1
23518,Felsteel Leggings,GEAR,DROP,1,6,8,75,1
23518,Felsteel Leggings,GEAR,DROP,1,5,8,62,1
23518,Felsteel Leggings,GEAR,DROP,1,4,8,50,1
23518,Felsteel Leggings,GEAR,DROP,1,4,8,50,1
23793,Heavy Knothide Leather,INTERMEDIATE,TRAINER,5,20750,25000,83,1
23793,Heavy Knothide Leather,INTERMEDIATE,TRAINER,5,20127,25000,80,1
41603,Azure Spellthread,MISC,TRAINER,6,81519,124800,65,1
12655,Enchanted Thorium Bar,INTERMEDIATE,TRAINER,12,36825,36825,100,0
22252,Satchel of Cenarius,BAG,VENDOR,1,166734,154900,107,0
23793,Heavy Knothide Leather,INTERMEDIATE,TRAINER,8,17760,25000,71,1
23793,Heavy Knothide Leather,INTERMEDIATE,TRAINER,4,16872,25000,67,1
24272,Shadowcloth,INTERMEDIATE,VENDOR,12,78017,64001,121,0
41164,Mammoth Cutters,AMMO,TRAINER,1000,25,34,73,1
41164,Mammoth Cutters,AMMO,TRAINER,1000,24,34,70,1
41164,Mammoth Cutters,AMMO,TRAINER,1000,25,34,73,1
41164,Mammoth Cutters,AMMO,TRAINER,1000,24,34,70,1
41164,Mammoth Cutters,AMMO,TRAINER,1000,25,34,73,1
41164,Mammoth Cutters,AMMO,TRAINER,1000,24,34,70,1
41164,Mammoth Cutters,AMMO,TRAINER,1000,25,34,73,1
41164,Mammoth Cutters,AMMO,TRAINER,1000,24,34,70,1
41164,Mammoth Cutters,AMMO,TRAINER,1000,25,34,73,1
41164,Mammoth Cutters,AMMO,TRAINER,1000,24,34,70,1
41164,Mammoth Cutters,AMMO,TRAINER,1000,25,34,73,1
41164,Mammoth Cutters,AMMO,TRAINER,1000,24,34,70,1
41164,Mammoth Cutters,AMMO,TRAINER,1000,25,34,73,1
43853,Titanium Skeleton Key,MISC,TRAINER,20,6167,7000,88,1
43853,Titanium Skeleton Key,MISC,TRAINER,20,6043,7000,86,1
43853,Titanium Skeleton Key,MISC,TRAINER,20,5861,7000,83,1
43853,Titanium Skeleton Key,MISC,TRAINER,20,5567,7000,79,1
43853,Titanium Skeleton Key,MISC,TRAINER,20,6167,7000,88,1
43853,Titanium Skeleton Key,MISC,TRAINER,20,6043,7000,86,1
43853,Titanium Skeleton Key,MISC,TRAINER,20,5861,7000,83,1
43853,Titanium Skeleton Key,MISC,TRAINER,20,5567,7000,79,1
43853,Titanium Skeleton Key,MISC,TRAINER,20,6167,7000,88,1
43853,Titanium Skeleton Key,MISC,TRAINER,20,6043,7000,86,1
43853,Titanium Skeleton Key,MISC,TRAINER,20,5861,7000,83,1
43853,Titanium Skeleton Key,MISC,TRAINER,20,5567,7000,79,1
43853,Titanium Skeleton Key,MISC,TRAINER,20,6167,7000,88,1
43853,Titanium Skeleton Key,MISC,TRAINER,20,6043,7000,86,1
43853,Titanium Skeleton Key,MISC,TRAINER,20,5861,7000,83,1
38375,Borean Armor Kit,MISC,TRAINER,6,34070,36000,94,1
43853,Titanium Skeleton Key,MISC,TRAINER,20,5519,7000,78,1
43853,Titanium Skeleton Key,MISC,TRAINER,20,5353,7000,76,1
43853,Titanium Skeleton Key,MISC,TRAINER,20,5138,7000,73,1
43853,Titanium Skeleton Key,MISC,TRAINER,20,4881,7000,69,1
43853,Titanium Skeleton Key,MISC,TRAINER,20,5519,7000,78,1
43853,Titanium Skeleton Key,MISC,TRAINER,20,5353,7000,76,1
12655,Enchanted Thorium Bar,INTERMEDIATE,TRAINER,6,46988,36825,127,0
42641,Global Thermal Sapper Charge,MISC,TRAINER,20,4834,6900,70,1
42641,Global Thermal Sapper Charge,MISC,TRAINER,20,4785,6900,69,1
41165,Saronite Razorheads,AMMO,TRAINER,1000,53,60,88,1
41165,Saronite Razorheads,AMMO,TRAINER,1000,50,60,83,1
41165,Saronite Razorheads,AMMO,TRAINER,1000,48,60,80,1
41165,Saronite Razorheads,AMMO,TRAINER,1000,47,60,78,1
41165,Saronite Razorheads,AMMO,TRAINER,1000,53,60,88,1
41165,Saronite Razorheads,AMMO,TRAINER,1000,50,60,83,1
33092,Healing Potion Injector,ELIXIR_POT,DROP,20,49680,18400,270,0
33092,Healing Potion Injector,ELIXIR_POT,DROP,5,48686,18400,264,0
33092,Healing Potion Injector,ELIXIR_POT,DROP,5,49680,18400,270,0
33092,Healing Potion Injector,ELIXIR_POT,DROP,5,48686,18400,264,0
33092,Healing Potion Injector,ELIXIR_POT,DROP,20,49680,18400,270,0
33092,Healing Potion Injector,ELIXIR_POT,DROP,5,48686,18400,264,0
33092,Healing Potion Injector,ELIXIR_POT,DROP,5,49680,18400,270,0
33092,Healing Potion Injector,ELIXIR_POT,DROP,5,48686,18400,264,0
33092,Healing Potion Injector,ELIXIR_POT,DROP,5,49680,18400,270,0
33092,Healing Potion Injector,ELIXIR_POT,DROP,5,48686,18400,264,0
33092,Healing Potion Injector,ELIXIR_POT,DROP,20,49680,18400,270,0
33092,Healing Potion Injector,ELIXIR_POT,DROP,20,48686,18400,264,0
33092,Healing Potion Injector,ELIXIR_POT,DROP,5,49680,18400,270,0
33092,Healing Potion Injector,ELIXIR_POT,DROP,5,48686,18400,264,0
33092,Healing Potion Injector,ELIXIR_POT,DROP,20,49680,18400,270,0
33092,Healing Potion Injector,ELIXIR_POT,DROP,20,48686,18400,264,0
33092,Healing Potion Injector,ELIXIR_POT,DROP,5,49680,18400,270,0
33092,Healing Potion Injector,ELIXIR_POT,DROP,5,48686,18400,264,0
33092,Healing Potion Injector,ELIXIR_POT,DROP,20,49680,18400,270,0
33092,Healing Potion Injector,ELIXIR_POT,DROP,5,48686,18400,264,0
33092,Healing Potion Injector,ELIXIR_POT,DROP,5,49680,18400,270,0
33092,Healing Potion Injector,ELIXIR_POT,DROP,20,48686,18400,264,0
33092,Healing Potion Injector,ELIXIR_POT,DROP,20,49680,18400,270,0
33092,Healing Potion Injector,ELIXIR_POT,DROP,20,48686,18400,264,0
33092,Healing Potion Injector,ELIXIR_POT,DROP,5,49680,18400,270,0
33092,Healing Potion Injector,ELIXIR_POT,DROP,5,48686,18400,264,0
33092,Healing Potion Injector,ELIXIR_POT,DROP,5,49680,18400,270,0
33092,Healing Potion Injector,ELIXIR_POT,DROP,20,48686,18400,264,0
33092,Healing Potion Injector,ELIXIR_POT,DROP,5,49680,18400,270,0
33092,Healing Potion Injector,ELIXIR_POT,DROP,20,48686,18400,264,0
33092,Healing Potion Injector,ELIXIR_POT,DROP,20,49680,18400,270,0
33092,Healing Potion Injector,ELIXIR_POT,DROP,5,48686,18400,264,0
33092,Healing Potion Injector,ELIXIR_POT,DROP,20,49680,18400,270,0
33092,Healing Potion Injector,ELIXIR_POT,DROP,5,48686,18400,264,0
33092,Healing Potion Injector,ELIXIR_POT,DROP,5,49680,18400,270,0
33092,Healing Potion Injector,ELIXIR_POT,DROP,5,48686,18400,264,0
33092,Healing Potion Injector,ELIXIR_POT,DROP,10,49680,18400,270,0
46378,Flask of Pure Mojo,FLASK,TRAINER,20,37179,53450,69,1
46378,Flask of Pure Mojo,FLASK,TRAINER,5,35320,53450,66,1
46378,Flask of Pure Mojo,FLASK,TRAINER,5,37179,53450,69,1
2841,Bronze Bar,INTERMEDIATE,TRAINER,5,64,62,103,0
2841,Bronze Bar,INTERMEDIATE,TRAINER,5,63,62,101,0
40769,Scrapbot Construction Kit,INTERMEDIATE,UNSOURCED,20,153120,60000,255,0
40769,Scrapbot Construction Kit,INTERMEDIATE,UNSOURCED,2,151588,60000,252,0
40769,Scrapbot Construction Kit,INTERMEDIATE,UNSOURCED,8,145524,60000,242,0
41165,Saronite Razorheads,AMMO,TRAINER,1000,54,60,90,1
41165,Saronite Razorheads,AMMO,TRAINER,1000,52,60,86,1
41165,Saronite Razorheads,AMMO,TRAINER,1000,50,60,83,1
41165,Saronite Razorheads,AMMO,TRAINER,1000,54,60,90,1
41165,Saronite Razorheads,AMMO,TRAINER,1000,52,60,86,1
41165,Saronite Razorheads,AMMO,TRAINER,1000,50,60,83,1
41165,Saronite Razorheads,AMMO,TRAINER,1000,54,60,90,1
41165,Saronite Razorheads,AMMO,TRAINER,1000,52,60,86,1
41165,Saronite Razorheads,AMMO,TRAINER,1000,50,60,83,1
22445,Arcane Dust,INTERMEDIATE,UNSOURCED,20,4285,5013,85,1
22445,Arcane Dust,INTERMEDIATE,UNSOURCED,3,4199,5013,83,1
22445,Arcane Dust,INTERMEDIATE,UNSOURCED,1,3989,5013,79,1
44958,Ethereal Oil,INTERMEDIATE,TRAINER,7,65,96,67,1
44958,Ethereal Oil,INTERMEDIATE,TRAINER,2,61,96,63,1
33568,Borean Leather,INTERMEDIATE,TRAINER,10,12514,13500,92,1
33568,Borean Leather,INTERMEDIATE,TRAINER,3,11888,13500,88,1
48933,Wormhole Generator: Northrend,GEAR,UNSOURCED,1,329929,352000,93,1
48933,Wormhole Generator: Northrend,GEAR,UNSOURCED,1,326629,352000,92,1
48933,Wormhole Generator: Northrend,GEAR,UNSOURCED,1,329929,352000,93,1
48933,Wormhole Generator: Northrend,GEAR,UNSOURCED,1,326629,352000,92,1
48933,Wormhole Generator: Northrend,GEAR,UNSOURCED,1,329929,352000,93,1
48933,Wormhole Generator: Northrend,GEAR,UNSOURCED,1,326629,352000,92,1
48933,Wormhole Generator: Northrend,GEAR,UNSOURCED,1,329929,352000,93,1
48933,Wormhole Generator: Northrend,GEAR,UNSOURCED,1,326629,352000,92,1
41602,Brilliant Spellthread,MISC,VENDOR,7,463174,586000,79,1
22251,Cenarion Herb Bag,BAG,VENDOR,1,91123,79933,113,0
43250,Ring of Earthen Might,GEAR,VENDOR,1,79200,88000,90,1
43250,Ring of Earthen Might,GEAR,VENDOR,1,76824,88000,87,1
43250,Ring of Earthen Might,GEAR,VENDOR,1,79200,88000,90,1
43250,Ring of Earthen Might,GEAR,VENDOR,1,76824,88000,87,1
43250,Ring of Earthen Might,GEAR,VENDOR,1,79200,88000,90,1
43250,Ring of Earthen Might,GEAR,VENDOR,1,76824,88000,87,1
43250,Ring of Earthen Might,GEAR,VENDOR,1,79200,88000,90,1
23787,Felsteel Stabilizer,INTERMEDIATE,TRAINER,8,1,2,50,1
23787,Felsteel Stabilizer,INTERMEDIATE,TRAINER,7,1,2,50,1
45808,Runed Mana Band,GEAR,TRAINER,1,441014,340000,129,0
45808,Runed Mana Band,GEAR,TRAINER,1,436603,340000,128,0
45808,Runed Mana Band,GEAR,TRAINER,1,414772,340000,121,0
41164,Mammoth Cutters,AMMO,TRAINER,1000,32,34,94,1
41164,Mammoth Cutters,AMMO,TRAINER,1000,30,34,88,1
41164,Mammoth Cutters,AMMO,TRAINER,1000,32,34,94,1
41164,Mammoth Cutters,AMMO,TRAINER,1000,30,34,88,1
41164,Mammoth Cutters,AMMO,TRAINER,1000,32,34,94,1
41164,Mammoth Cutters,AMMO,TRAINER,1000,30,34,88,1
4240,Woolen Bag,BAG,TRAINER,1,1585,1324,119,0
4240,Woolen Bag,BAG,TRAINER,1,1521,1324,114,0
4240,Woolen Bag,BAG,TRAINER,1,1585,1324,119,0
22449,Large Prismatic Shard,INTERMEDIATE,VENDOR,14,201960,240000,84,1
22449,Large Prismatic Shard,INTERMEDIATE,VENDOR,2,197920,240000,82,1
41594,Moonshroud,INTERMEDIATE,TRAINER,8,166452,195000,85,1
41594,Moonshroud,INTERMEDIATE,TRAINER,1,159793,195000,81,1
9060,Inlaid Mithril Cylinder,INTERMEDIATE,UNSOURCED,3,25629,15410,166,0
9060,Inlaid Mithril Cylinder,INTERMEDIATE,UNSOURCED,2,24603,15410,159,0
46378,Flask of Pure Mojo,FLASK,TRAINER,10,38772,53450,72,1
14342,Mooncloth,INTERMEDIATE,VENDOR,15,20234,15200,133,0
20816,Delicate Copper Wire,INTERMEDIATE,UNSOURCED,14,104,40,260,0
22845,Major Arcane Protection Potion,ELIXIR_POT,DROP,20,35900,18400,195,0
22845,Major Arcane Protection Potion,ELIXIR_POT,DROP,5,34105,18400,185,0
22845,Major Arcane Protection Potion,ELIXIR_POT,DROP,5,32399,18400,176,0
2319,Medium Leather,INTERMEDIATE,TRAINER,1,418,372,112,0
2319,Medium Leather,INTERMEDIATE,TRAINER,6,401,372,107,0
41511,Bolt of Imbued Frostweave,INTERMEDIATE,TRAINER,1,119055,147000,80,1
41511,Bolt of Imbued Frostweave,INTERMEDIATE,TRAINER,12,117864,147000,80,1
21342,Core Felcloth Bag,BAG,DROP,1,794703,353768,224,0
4234,Heavy Leather,INTERMEDIATE,TRAINER,8,1090,1090,100,0
4234,Heavy Leather,INTERMEDIATE,TRAINER,1,1090,1090,100,0
44837,Spice Bread Stuffing,FOOD,DROP,12,60,24,250,0
12359,Thorium Bar,INTERMEDIATE,TRAINER,3,1919,1545,124,0
12359,Thorium Bar,INTERMEDIATE,TRAINER,7,1899,1545,122,0
21991,Heavy Netherweave Bandage,MISC,TRAINER,10,9715,9600,101,1
14529,Runecloth Bandage,MISC,TRAINER,12,2018,2352,85,1
41745,Titanium Rod,INTERMEDIATE,TRAINER,1,104000,80000,130,0
41745,Titanium Rod,INTERMEDIATE,TRAINER,1,99840,80000,124,0
41745,Titanium Rod,INTERMEDIATE,TRAINER,1,104000,80000,130,0
41745,Titanium Rod,INTERMEDIATE,TRAINER,1,99840,80000,124,0
41745,Titanium Rod,INTERMEDIATE,TRAINER,1,104000,80000,130,0
41745,Titanium Rod,INTERMEDIATE,TRAINER,1,99840,80000,124,0
41745,Titanium Rod,INTERMEDIATE,TRAINER,1,104000,80000,130,0
41745,Titanium Rod,INTERMEDIATE,TRAINER,1,99840,80000,124,0
44331,Elixir of Lightning Speed,ELIXIR_POT,UNSOURCED,15,8980,11400,78,1
41163,Titanium Bar,INTERMEDIATE,TRAINER,2,16008,20000,80,1
41163,Titanium Bar,INTERMEDIATE,TRAINER,3,15207,20000,76,1
23519,Felsteel Helm,GEAR,DROP,1,6,8,75,1
23519,Felsteel Helm,GEAR,DROP,1,5,8,62,1
23519,Felsteel Helm,GEAR,DROP,1,6,8,75,1
23519,Felsteel Helm,GEAR,DROP,1,5,8,62,1
23519,Felsteel Helm,GEAR,DROP,1,6,8,75,1
23519,Felsteel Helm,GEAR,DROP,1,5,8,62,1
23519,Felsteel Helm,GEAR,DROP,1,6,8,75,1
23519,Felsteel Helm,GEAR,DROP,1,5,8,62,1
23519,Felsteel Helm,GEAR,DROP,1,6,8,75,1
23519,Felsteel Helm,GEAR,DROP,1,5,8,62,1
46378,Flask of Pure Mojo,FLASK,TRAINER,20,40622,53450,76,1
46378,Flask of Pure Mojo,FLASK,TRAINER,2,38997,53450,72,1
22249,Big Bag of Enchantment,BAG,DROP,1,1009872,568430,177,0
22249,Big Bag of Enchantment,BAG,DROP,1,959378,568430,168,0
22249,Big Bag of Enchantment,BAG,DROP,1,911409,568430,160,0
23775,Titanium Toolbox,BAG,VENDOR,1,470803,448000,105,0
23775,Titanium Toolbox,BAG,VENDOR,1,448000,448000,100,0
40079,Lesser Flask of Toughness,FLASK,TRAINER,19,21999,21000,104,0
2841,Bronze Bar,INTERMEDIATE,TRAINER,11,68,62,109,0
2841,Bronze Bar,INTERMEDIATE,TRAINER,3,67,62,108,0
46377,Flask of Endless Rage,FLASK,TRAINER,20,48564,57500,84,1
46377,Flask of Endless Rage,FLASK,TRAINER,6,46621,57500,81,1
44936,Titanium Plating,MISC,VENDOR,13,144460,176000,82,1
23785,Hardened Adamantite Tube,INTERMEDIATE,TRAINER,1,2,3,66,1
23785,Hardened Adamantite Tube,INTERMEDIATE,TRAINER,8,1,3,33,1
45773,Emerald Bag,BAG,VENDOR,1,894672,720000,124,0
45773,Emerald Bag,BAG,VENDOR,1,858885,720000,119,0
43853,Titanium Skeleton Key,MISC,TRAINER,20,5938,7000,84,1
43853,Titanium Skeleton Key,MISC,TRAINER,20,5878,7000,83,1
43853,Titanium Skeleton Key,MISC,TRAINER,20,5938,7000,84,1
43853,Titanium Skeleton Key,MISC,TRAINER,20,5878,7000,83,1
43853,Titanium Skeleton Key,MISC,TRAINER,20,5938,7000,84,1
21841,Netherweave Bag,BAG,TRAINER,1,103323,101000,102,0
21841,Netherweave Bag,BAG,TRAINER,1,101000,101000,100,0
25845,Eternium Rod,INTERMEDIATE,VENDOR,1,110240,80000,137,0
25845,Eternium Rod,INTERMEDIATE,VENDOR,1,108035,80000,135,0
25845,Eternium Rod,INTERMEDIATE,VENDOR,1,105874,80000,132,0
25845,Eternium Rod,INTERMEDIATE,VENDOR,1,110240,80000,137,0
25845,Eternium Rod,INTERMEDIATE,VENDOR,1,108035,80000,135,0
25845,Eternium Rod,INTERMEDIATE,VENDOR,1,105874,80000,132,0
25845,Eternium Rod,INTERMEDIATE,VENDOR,1,110240,80000,137,0
25845,Eternium Rod,INTERMEDIATE,VENDOR,1,108035,80000,135,0
25845,Eternium Rod,INTERMEDIATE,VENDOR,1,105874,80000,132,0
25845,Eternium Rod,INTERMEDIATE,VENDOR,1,110240,80000,137,0
25845,Eternium Rod,INTERMEDIATE,VENDOR,1,108035,80000,135,0
25845,Eternium Rod,INTERMEDIATE,VENDOR,1,105874,80000,132,0
25845,Eternium Rod,INTERMEDIATE,VENDOR,1,110240,80000,137,0
25845,Eternium Rod,INTERMEDIATE,VENDOR,1,108035,80000,135,0
25845,Eternium Rod,INTERMEDIATE,VENDOR,1,105874,80000,132,0
13513,Flask of Chromatic Resistance,FLASK,DROP,5,32602,20250,160,0
13513,Flask of Chromatic Resistance,FLASK,DROP,7,31297,20250,154,0
33093,Mana Potion Injector,ELIXIR_POT,DROP,5,25115,14400,174,0
33093,Mana Potion Injector,ELIXIR_POT,DROP,20,23859,14400,165,0
33093,Mana Potion Injector,ELIXIR_POT,DROP,20,25115,14400,174,0
33093,Mana Potion Injector,ELIXIR_POT,DROP,5,23859,14400,165,0
33093,Mana Potion Injector,ELIXIR_POT,DROP,20,25115,14400,174,0
33093,Mana Potion Injector,ELIXIR_POT,DROP,5,23859,14400,165,0
33093,Mana Potion Injector,ELIXIR_POT,DROP,20,25115,14400,174,0
33093,Mana Potion Injector,ELIXIR_POT,DROP,20,23859,14400,165,0
33093,Mana Potion Injector,ELIXIR_POT,DROP,20,25115,14400,174,0
33093,Mana Potion Injector,ELIXIR_POT,DROP,5,23859,14400,165,0
33093,Mana Potion Injector,ELIXIR_POT,DROP,20,25115,14400,174,0
33093,Mana Potion Injector,ELIXIR_POT,DROP,5,23859,14400,165,0
33093,Mana Potion Injector,ELIXIR_POT,DROP,20,25115,14400,174,0
33093,Mana Potion Injector,ELIXIR_POT,DROP,5,23859,14400,165,0
33093,Mana Potion Injector,ELIXIR_POT,DROP,20,25115,14400,174,0
33093,Mana Potion Injector,ELIXIR_POT,DROP,20,23859,14400,165,0
33093,Mana Potion Injector,ELIXIR_POT,DROP,20,25115,14400,174,0
33093,Mana Potion Injector,ELIXIR_POT,DROP,5,23859,14400,165,0
33093,Mana Potion Injector,ELIXIR_POT,DROP,5,25115,14400,174,0
33093,Mana Potion Injector,ELIXIR_POT,DROP,20,23859,14400,165,0
33093,Mana Potion Injector,ELIXIR_POT,DROP,5,25115,14400,174,0
33093,Mana Potion Injector,ELIXIR_POT,DROP,5,23859,14400,165,0
33093,Mana Potion Injector,ELIXIR_POT,DROP,20,25115,14400,174,0
33093,Mana Potion Injector,ELIXIR_POT,DROP,10,23859,14400,165,0
3662,Crocolisk Steak,FOOD,VENDOR,5,138,107,128,0
3662,Crocolisk Steak,FOOD,VENDOR,5,136,107,127,0
3662,Crocolisk Steak,FOOD,VENDOR,5,138,107,128,0
3662,Crocolisk Steak,FOOD,VENDOR,1,136,107,127,0
22448,Small Prismatic Shard,INTERMEDIATE,TRAINER,20,1,0,0,1
22448,Small Prismatic Shard,INTERMEDIATE,TRAINER,5,1,0,0,1
22448,Small Prismatic Shard,INTERMEDIATE,TRAINER,2,1,0,0,1
38347,Mammoth Mining Bag,BAG,VENDOR,1,511142,432000,118,0
38347,Mammoth Mining Bag,BAG,VENDOR,1,500919,432000,115,0
41594,Moonshroud,INTERMEDIATE,TRAINER,5,222007,195000,113,0
41594,Moonshroud,INTERMEDIATE,TRAINER,7,215346,195000,110,0
43258,Purehorn Spaulders,GEAR,TRAINER,1,136362,198000,68,1
43258,Purehorn Spaulders,GEAR,TRAINER,1,132271,198000,66,1
43258,Purehorn Spaulders,GEAR,TRAINER,1,136362,198000,68,1
43258,Purehorn Spaulders,GEAR,TRAINER,1,132271,198000,66,1
43258,Purehorn Spaulders,GEAR,TRAINER,1,136362,198000,68,1
43258,Purehorn Spaulders,GEAR,TRAINER,1,132271,198000,66,1
43258,Purehorn Spaulders,GEAR,TRAINER,1,136362,198000,68,1
43258,Purehorn Spaulders,GEAR,TRAINER,1,132271,198000,66,1
43258,Purehorn Spaulders,GEAR,TRAINER,1,136362,198000,68,1
43258,Purehorn Spaulders,GEAR,TRAINER,1,132271,198000,66,1
43258,Purehorn Spaulders,GEAR,TRAINER,1,136362,198000,68,1
43258,Purehorn Spaulders,GEAR,TRAINER,1,132271,198000,66,1
41593,Ebonweave,INTERMEDIATE,TRAINER,8,134784,195000,69,1
41593,Ebonweave,INTERMEDIATE,TRAINER,7,130740,195000,67,1
23826,The Bigger One,INTERMEDIATE,TRAINER,20,45021,40870,110,0
23826,The Bigger One,INTERMEDIATE,TRAINER,4,43220,40870,105,0
23118,Solid Azure Moonstone,GEM_CUT,TRAINER,1,21840,20000,109,0
22445,Arcane Dust,INTERMEDIATE,UNSOURCED,20,5000,5013,99,1
22445,Arcane Dust,INTERMEDIATE,UNSOURCED,3,4850,5013,96,1
22445,Arcane Dust,INTERMEDIATE,UNSOURCED,4,4704,5013,93,1
40170,Seer's Eye of Zul,GEM_CUT,VENDOR,1,312750,250000,125,0
40170,Seer's Eye of Zul,GEM_CUT,VENDOR,1,309622,250000,123,0
43118,Jadefire Ink,INTERMEDIATE,TRAINER,5,314,300,104,0
41593,Ebonweave,INTERMEDIATE,TRAINER,8,145665,195000,74,1
41593,Ebonweave,INTERMEDIATE,TRAINER,6,142751,195000,73,1
45773,Emerald Bag,BAG,VENDOR,1,892800,720000,124,0
45773,Emerald Bag,BAG,VENDOR,1,883872,720000,122,0
45773,Emerald Bag,BAG,VENDOR,1,875033,720000,121,0
22445,Arcane Dust,INTERMEDIATE,UNSOURCED,20,4294,5013,85,1
22445,Arcane Dust,INTERMEDIATE,UNSOURCED,1,4122,5013,82,1
22445,Arcane Dust,INTERMEDIATE,UNSOURCED,9,4294,5013,85,1
22248,Enchanted Runecloth Bag,BAG,VENDOR,1,669440,551525,121,0
22248,Enchanted Runecloth Bag,BAG,VENDOR,1,662745,551525,120,0
14046,Runecloth Bag,BAG,VENDOR,1,66958,61005,109,0
21861,Imbued Netherweave Robe,GEAR,VENDOR,1,52862,65006,81,1
21861,Imbued Netherweave Robe,GEAR,VENDOR,1,51276,65006,78,1
21861,Imbued Netherweave Robe,GEAR,VENDOR,1,48712,65006,74,1
21861,Imbued Netherweave Robe,GEAR,VENDOR,1,52862,65006,81,1
21861,Imbued Netherweave Robe,GEAR,VENDOR,1,51276,65006,78,1
21861,Imbued Netherweave Robe,GEAR,VENDOR,1,48712,65006,74,1
21861,Imbued Netherweave Robe,GEAR,VENDOR,1,52862,65006,81,1
21861,Imbued Netherweave Robe,GEAR,VENDOR,1,51276,65006,78,1
21861,Imbued Netherweave Robe,GEAR,VENDOR,1,48712,65006,74,1
21861,Imbued Netherweave Robe,GEAR,VENDOR,1,52862,65006,81,1
21861,Imbued Netherweave Robe,GEAR,VENDOR,1,51276,65006,78,1
43970,Frostsavage Boots,GEAR,TRAINER,1,459856,520200,88,1
43970,Frostsavage Boots,GEAR,TRAINER,1,441461,520200,84,1
43970,Frostsavage Boots,GEAR,TRAINER,1,428217,520200,82,1
43970,Frostsavage Boots,GEAR,TRAINER,1,406806,520200,78,1
43970,Frostsavage Boots,GEAR,TRAINER,1,459856,520200,88,1
43970,Frostsavage Boots,GEAR,TRAINER,1,441461,520200,84,1
43970,Frostsavage Boots,GEAR,TRAINER,1,428217,520200,82,1
41604,Sapphire Spellthread,MISC,VENDOR,15,452860,586000,77,1
43969,Frostsavage Belt,GEAR,TRAINER,1,431389,515400,83,1
43969,Frostsavage Belt,GEAR,TRAINER,1,409819,515400,79,1
43969,Frostsavage Belt,GEAR,TRAINER,1,405720,515400,78,1
43969,Frostsavage Belt,GEAR,TRAINER,1,431389,515400,83,1
43969,Frostsavage Belt,GEAR,TRAINER,1,409819,515400,79,1
43969,Frostsavage Belt,GEAR,TRAINER,1,405720,515400,78,1
4236,Cured Heavy Hide,INTERMEDIATE,TRAINER,12,1696,1350,125,0
4236,Cured Heavy Hide,INTERMEDIATE,TRAINER,1,1662,1350,123,0
23110,Shifting Shadow Draenite,GEM_CUT,VENDOR,1,27948,20000,139,0
7966,Solid Grinding Stone,INTERMEDIATE,TRAINER,1,2664,2352,113,0
7966,Solid Grinding Stone,INTERMEDIATE,TRAINER,12,2637,2352,112,0
38373,Frosthide Leg Armor,MISC,TRAINER,9,416649,503200,82,1
44330,Elixir of Armor Piercing,ELIXIR_POT,UNSOURCED,11,8730,12000,72,1
2840,Copper Bar,INTERMEDIATE,UNSOURCED,5,37,20,185,0
2840,Copper Bar,INTERMEDIATE,UNSOURCED,4,35,20,175,0
22866,Flask of Pure Death,FLASK,UNSOURCED,20,132467,55500,238,0
22866,Flask of Pure Death,FLASK,UNSOURCED,20,125843,55500,226,0
38402,Arctic Shoulderpads,GEAR,TRAINER,1,73062,90000,81,1
38402,Arctic Shoulderpads,GEAR,TRAINER,1,71600,90000,79,1
38402,Arctic Shoulderpads,GEAR,TRAINER,1,73062,90000,81,1
38402,Arctic Shoulderpads,GEAR,TRAINER,1,71600,90000,79,1
38402,Arctic Shoulderpads,GEAR,TRAINER,1,73062,90000,81,1
38402,Arctic Shoulderpads,GEAR,TRAINER,1,71600,90000,79,1
38402,Arctic Shoulderpads,GEAR,TRAINER,1,73062,90000,81,1
38402,Arctic Shoulderpads,GEAR,TRAINER,1,71600,90000,79,1
38402,Arctic Shoulderpads,GEAR,TRAINER,1,73062,90000,81,1
38402,Arctic Shoulderpads,GEAR,TRAINER,1,71600,90000,79,1
38402,Arctic Shoulderpads,GEAR,TRAINER,1,73062,90000,81,1
38402,Arctic Shoulderpads,GEAR,TRAINER,1,71600,90000,79,1
38402,Arctic Shoulderpads,GEAR,TRAINER,1,73062,90000,81,1
40128,Quick King's Amber,GEM_CUT,VENDOR,1,351750,250000,140,0
46378,Flask of Pure Mojo,FLASK,TRAINER,12,46725,53450,87,1
41594,Moonshroud,INTERMEDIATE,TRAINER,4,149526,195000,76,1
41594,Moonshroud,INTERMEDIATE,TRAINER,2,146535,195000,75,1
5472,Kaldorei Spider Kabob,FOOD,UNSOURCED,19,53,18,294,0
42724,Ornate Saronite Gauntlets,GEAR,TRAINER,1,402278,384000,104,0
42724,Ornate Saronite Gauntlets,GEAR,TRAINER,1,394232,384000,102,0
42724,Ornate Saronite Gauntlets,GEAR,TRAINER,1,384000,384000,100,0
41598,Mysterious Bag,BAG,VENDOR,1,511875,750000,68,1
41598,Mysterious Bag,BAG,VENDOR,1,491400,750000,65,1
41598,Mysterious Bag,BAG,VENDOR,1,511875,750000,68,1
41598,Mysterious Bag,BAG,VENDOR,1,491400,750000,65,1
41598,Mysterious Bag,BAG,VENDOR,1,511875,750000,68,1
41598,Mysterious Bag,BAG,VENDOR,1,491400,750000,65,1
41598,Mysterious Bag,BAG,VENDOR,1,511875,750000,68,1
3470,Rough Grinding Stone,INTERMEDIATE,TRAINER,12,26,24,108,0
22574,Mote of Fire,INTERMEDIATE,TRAINER,10,4040,3200,126,0
22574,Mote of Fire,INTERMEDIATE,TRAINER,10,3999,3200,124,0
22574,Mote of Fire,INTERMEDIATE,TRAINER,10,4040,3200,126,0
22574,Mote of Fire,INTERMEDIATE,TRAINER,10,3999,3200,124,0
22574,Mote of Fire,INTERMEDIATE,TRAINER,10,4040,3200,126,0
41164,Mammoth Cutters,AMMO,TRAINER,1000,22,34,64,1
41164,Mammoth Cutters,AMMO,TRAINER,1000,20,34,58,1
41164,Mammoth Cutters,AMMO,TRAINER,1000,20,34,58,1
41164,Mammoth Cutters,AMMO,TRAINER,1000,20,34,58,1
41164,Mammoth Cutters,AMMO,TRAINER,1000,22,34,64,1
41164,Mammoth Cutters,AMMO,TRAINER,1000,20,34,58,1
41164,Mammoth Cutters,AMMO,TRAINER,1000,20,34,58,1
41164,Mammoth Cutters,AMMO,TRAINER,1000,20,34,58,1
41164,Mammoth Cutters,AMMO,TRAINER,1000,22,34,64,1
41164,Mammoth Cutters,AMMO,TRAINER,1000,20,34,58,1
41164,Mammoth Cutters,AMMO,TRAINER,1000,20,34,58,1
41164,Mammoth Cutters,AMMO,TRAINER,1000,20,34,58,1
41164,Mammoth Cutters,AMMO,TRAINER,1000,22,34,64,1
41600,Glacial Bag,BAG,VENDOR,1,782496,990000,79,1
41600,Glacial Bag,BAG,VENDOR,1,774671,990000,78,1
41600,Glacial Bag,BAG,VENDOR,1,735937,990000,74,1
41600,Glacial Bag,BAG,VENDOR,1,782496,990000,79,1
41600,Glacial Bag,BAG,VENDOR,1,774671,990000,78,1
41600,Glacial Bag,BAG,VENDOR,1,735937,990000,74,1
41600,Glacial Bag,BAG,VENDOR,1,782496,990000,79,1
41600,Glacial Bag,BAG,VENDOR,1,774671,990000,78,1
22522,Superior Wizard Oil,MISC,VENDOR,1,25309,26039,97,1
22522,Superior Wizard Oil,MISC,VENDOR,1,24549,26039,94,1
22522,Superior Wizard Oil,MISC,VENDOR,1,24303,26039,93,1
22522,Superior Wizard Oil,MISC,VENDOR,1,23087,26039,88,1
22522,Superior Wizard Oil,MISC,VENDOR,1,25309,26039,97,1
22522,Superior Wizard Oil,MISC,VENDOR,1,24549,26039,94,1
22522,Superior Wizard Oil,MISC,VENDOR,1,24303,26039,93,1
22522,Superior Wizard Oil,MISC,VENDOR,1,23087,26039,88,1
22522,Superior Wizard Oil,MISC,VENDOR,1,25309,26039,97,1
22522,Superior Wizard Oil,MISC,VENDOR,1,24549,26039,94,1
22522,Superior Wizard Oil,MISC,VENDOR,1,24303,26039,93,1
22522,Superior Wizard Oil,MISC,VENDOR,1,23087,26039,88,1
22522,Superior Wizard Oil,MISC,VENDOR,1,25309,26039,97,1
22522,Superior Wizard Oil,MISC,VENDOR,1,24549,26039,94,1
22522,Superior Wizard Oil,MISC,VENDOR,1,24303,26039,93,1
43115,Hunter's Ink,INTERMEDIATE,TRAINER,5,217,200,108,0
43115,Hunter's Ink,INTERMEDIATE,TRAINER,6,212,200,106,0
46378,Flask of Pure Mojo,FLASK,TRAINER,5,44737,53450,83,1
46378,Flask of Pure Mojo,FLASK,TRAINER,5,43842,53450,82,1
46378,Flask of Pure Mojo,FLASK,TRAINER,5,43403,53450,81,1
46378,Flask of Pure Mojo,FLASK,TRAINER,3,44737,53450,83,1
8827,Elixir of Water Walking,ELIXIR_POT,UNSOURCED,5,5778,6180,93,1
8827,Elixir of Water Walking,ELIXIR_POT,UNSOURCED,7,5662,6180,91,1
29540,Reinforced Mining Bag,BAG,VENDOR,1,367182,278000,132,0
29540,Reinforced Mining Bag,BAG,VENDOR,1,359838,278000,129,0
44958,Ethereal Oil,INTERMEDIATE,TRAINER,13,80,96,83,1
44958,Ethereal Oil,INTERMEDIATE,TRAINER,2,78,96,81,1
45773,Emerald Bag,BAG,VENDOR,1,549072,720000,76,1
45773,Emerald Bag,BAG,VENDOR,1,532599,720000,73,1
45773,Emerald Bag,BAG,VENDOR,1,549072,720000,76,1
45773,Emerald Bag,BAG,VENDOR,1,532599,720000,73,1
45773,Emerald Bag,BAG,VENDOR,1,549072,720000,76,1
23108,Glowing Shadow Draenite,GEM_CUT,TRAINER,1,25942,20000,129,0
23108,Glowing Shadow Draenite,GEM_CUT,TRAINER,1,25163,20000,125,0
23108,Glowing Shadow Draenite,GEM_CUT,TRAINER,1,24659,20000,123,0
11128,Golden Rod,INTERMEDIATE,TRAINER,1,4077,3880,105,0
11128,Golden Rod,INTERMEDIATE,TRAINER,1,3913,3880,100,0
11128,Golden Rod,INTERMEDIATE,TRAINER,1,4077,3880,105,0
11128,Golden Rod,INTERMEDIATE,TRAINER,1,3913,3880,100,0
11128,Golden Rod,INTERMEDIATE,TRAINER,1,4077,3880,105,0
11128,Golden Rod,INTERMEDIATE,TRAINER,1,3913,3880,100,0
11128,Golden Rod,INTERMEDIATE,TRAINER,1,4077,3880,105,0
11128,Golden Rod,INTERMEDIATE,TRAINER,1,3913,3880,100,0
11128,Golden Rod,INTERMEDIATE,TRAINER,1,4077,3880,105,0
11128,Golden Rod,INTERMEDIATE,TRAINER,1,3913,3880,100,0
11128,Golden Rod,INTERMEDIATE,TRAINER,1,4077,3880,105,0
11128,Golden Rod,INTERMEDIATE,TRAINER,1,3913,3880,100,0
23787,Felsteel Stabilizer,INTERMEDIATE,TRAINER,3,1,2,50,1
23787,Felsteel Stabilizer,INTERMEDIATE,TRAINER,4,1,2,50,1
42727,Ornate Saronite Pauldrons,GEAR,TRAINER,1,464601,384000,120,0
42727,Ornate Saronite Pauldrons,GEAR,TRAINER,1,455308,384000,118,0
42727,Ornate Saronite Pauldrons,GEAR,TRAINER,1,450754,384000,117,0
41598,Mysterious Bag,BAG,VENDOR,1,571725,750000,76,1
41598,Mysterious Bag,BAG,VENDOR,1,548856,750000,73,1
41598,Mysterious Bag,BAG,VENDOR,1,543367,750000,72,1
41598,Mysterious Bag,BAG,VENDOR,1,537933,750000,71,1
41598,Mysterious Bag,BAG,VENDOR,1,571725,750000,76,1
41598,Mysterious Bag,BAG,VENDOR,1,548856,750000,73,1
41598,Mysterious Bag,BAG,VENDOR,1,543367,750000,72,1
41598,Mysterious Bag,BAG,VENDOR,1,537933,750000,71,1
41598,Mysterious Bag,BAG,VENDOR,1,571725,750000,76,1
41598,Mysterious Bag,BAG,VENDOR,1,548856,750000,73,1
41598,Mysterious Bag,BAG,VENDOR,1,543367,750000,72,1
41598,Mysterious Bag,BAG,VENDOR,1,537933,750000,71,1
43853,Titanium Skeleton Key,MISC,TRAINER,20,4662,7000,66,1
43853,Titanium Skeleton Key,MISC,TRAINER,20,4475,7000,63,1
43853,Titanium Skeleton Key,MISC,TRAINER,20,4385,7000,62,1
43853,Titanium Skeleton Key,MISC,TRAINER,20,4200,7000,60,1
43853,Titanium Skeleton Key,MISC,TRAINER,20,4662,7000,66,1
43853,Titanium Skeleton Key,MISC,TRAINER,20,4475,7000,63,1
43853,Titanium Skeleton Key,MISC,TRAINER,20,4385,7000,62,1
43853,Titanium Skeleton Key,MISC,TRAINER,20,4200,7000,60,1
43853,Titanium Skeleton Key,MISC,TRAINER,20,4662,7000,66,1
43853,Titanium Skeleton Key,MISC,TRAINER,20,4475,7000,63,1
43853,Titanium Skeleton Key,MISC,TRAINER,20,4385,7000,62,1
43853,Titanium Skeleton Key,MISC,TRAINER,20,4200,7000,60,1
43853,Titanium Skeleton Key,MISC,TRAINER,20,4662,7000,66,1
43853,Titanium Skeleton Key,MISC,TRAINER,20,4475,7000,63,1
43853,Titanium Skeleton Key,MISC,TRAINER,20,4385,7000,62,1
43970,Frostsavage Boots,GEAR,TRAINER,1,581947,520200,111,0
41165,Saronite Razorheads,AMMO,TRAINER,1000,46,60,76,1
41165,Saronite Razorheads,AMMO,TRAINER,1000,43,60,71,1
41165,Saronite Razorheads,AMMO,TRAINER,1000,42,60,70,1
41165,Saronite Razorheads,AMMO,TRAINER,1000,46,60,76,1
41165,Saronite Razorheads,AMMO,TRAINER,1000,43,60,71,1
41165,Saronite Razorheads,AMMO,TRAINER,1000,42,60,70,1
41165,Saronite Razorheads,AMMO,TRAINER,1000,46,60,76,1
41165,Saronite Razorheads,AMMO,TRAINER,1000,43,60,71,1
41165,Saronite Razorheads,AMMO,TRAINER,1000,42,60,70,1
41165,Saronite Razorheads,AMMO,TRAINER,1000,46,60,76,1
41165,Saronite Razorheads,AMMO,TRAINER,1000,43,60,71,1
43853,Titanium Skeleton Key,MISC,TRAINER,20,5218,7000,74,1
43853,Titanium Skeleton Key,MISC,TRAINER,20,5061,7000,72,1
43853,Titanium Skeleton Key,MISC,TRAINER,20,5218,7000,74,1
43853,Titanium Skeleton Key,MISC,TRAINER,20,5061,7000,72,1
43853,Titanium Skeleton Key,MISC,TRAINER,20,5218,7000,74,1
43853,Titanium Skeleton Key,MISC,TRAINER,20,5061,7000,72,1
43853,Titanium Skeleton Key,MISC,TRAINER,20,5218,7000,74,1
43853,Titanium Skeleton Key,MISC,TRAINER,20,5061,7000,72,1
43853,Titanium Skeleton Key,MISC,TRAINER,20,5218,7000,74,1
43853,Titanium Skeleton Key,MISC,TRAINER,20,5061,7000,72,1
43853,Titanium Skeleton Key,MISC,TRAINER,20,5218,7000,74,1
43853,Titanium Skeleton Key,MISC,TRAINER,20,5061,7000,72,1
43853,Titanium Skeleton Key,MISC,TRAINER,20,5218,7000,74,1
43853,Titanium Skeleton Key,MISC,TRAINER,20,5061,7000,72,1
23781,Elemental Blasting Powder,INTERMEDIATE,TRAINER,20,2399,1935,123,0
23781,Elemental Blasting Powder,INTERMEDIATE,TRAINER,4,2327,1935,120,0
23781,Elemental Blasting Powder,INTERMEDIATE,TRAINER,8,2399,1935,123,0
43853,Titanium Skeleton Key,MISC,TRAINER,20,4622,7000,66,1
43853,Titanium Skeleton Key,MISC,TRAINER,20,4437,7000,63,1
43853,Titanium Skeleton Key,MISC,TRAINER,20,4303,7000,61,1
43853,Titanium Skeleton Key,MISC,TRAINER,20,4622,7000,66,1
43853,Titanium Skeleton Key,MISC,TRAINER,20,4437,7000,63,1
43853,Titanium Skeleton Key,MISC,TRAINER,20,4303,7000,61,1
43853,Titanium Skeleton Key,MISC,TRAINER,20,4622,7000,66,1
43853,Titanium Skeleton Key,MISC,TRAINER,20,4437,7000,63,1
43853,Titanium Skeleton Key,MISC,TRAINER,20,4303,7000,61,1
43853,Titanium Skeleton Key,MISC,TRAINER,20,4622,7000,66,1
43853,Titanium Skeleton Key,MISC,TRAINER,20,4437,7000,63,1
43853,Titanium Skeleton Key,MISC,TRAINER,20,4303,7000,61,1
43853,Titanium Skeleton Key,MISC,TRAINER,20,4622,7000,66,1
41509,Frostweave Net,MISC,TRAINER,20,7084,9000,78,1
41509,Frostweave Net,MISC,TRAINER,20,7013,9000,77,1
41509,Frostweave Net,MISC,TRAINER,20,6942,9000,77,1
41164,Mammoth Cutters,AMMO,TRAINER,1000,27,34,79,1
41164,Mammoth Cutters,AMMO,TRAINER,1000,25,34,73,1
41164,Mammoth Cutters,AMMO,TRAINER,1000,24,34,70,1
41164,Mammoth Cutters,AMMO,TRAINER,1000,27,34,79,1
41164,Mammoth Cutters,AMMO,TRAINER,1000,25,34,73,1
41164,Mammoth Cutters,AMMO,TRAINER,1000,24,34,70,1
41164,Mammoth Cutters,AMMO,TRAINER,1000,27,34,79,1
41164,Mammoth Cutters,AMMO,TRAINER,1000,25,34,73,1
41164,Mammoth Cutters,AMMO,TRAINER,1000,24,34,70,1
41164,Mammoth Cutters,AMMO,TRAINER,1000,27,34,79,1
41164,Mammoth Cutters,AMMO,TRAINER,1000,25,34,73,1
41164,Mammoth Cutters,AMMO,TRAINER,1000,24,34,70,1
41164,Mammoth Cutters,AMMO,TRAINER,1000,27,34,79,1
41601,Shining Spellthread,MISC,TRAINER,5,94423,124800,75,1
46377,Flask of Endless Rage,FLASK,TRAINER,5,50807,57500,88,1
46377,Flask of Endless Rage,FLASK,TRAINER,5,48774,57500,84,1
46377,Flask of Endless Rage,FLASK,TRAINER,5,48286,57500,83,1
46377,Flask of Endless Rage,FLASK,TRAINER,5,50807,57500,88,1
46377,Flask of Endless Rage,FLASK,TRAINER,2,48774,57500,84,1
43252,Windfire Band,GEAR,VENDOR,1,101808,112000,90,1
43252,Windfire Band,GEAR,VENDOR,1,97735,112000,87,1
43252,Windfire Band,GEAR,VENDOR,1,101808,112000,90,1
43252,Windfire Band,GEAR,VENDOR,1,97735,112000,87,1
43252,Windfire Band,GEAR,VENDOR,1,101808,112000,90,1
43252,Windfire Band,GEAR,VENDOR,1,97735,112000,87,1
41598,Mysterious Bag,BAG,VENDOR,1,648600,750000,86,1
41598,Mysterious Bag,BAG,VENDOR,1,642114,750000,85,1
41598,Mysterious Bag,BAG,VENDOR,1,635692,750000,84,1
41598,Mysterious Bag,BAG,VENDOR,1,622978,750000,83,1
41598,Mysterious Bag,BAG,VENDOR,1,648600,750000,86,1
41598,Mysterious Bag,BAG,VENDOR,1,642114,750000,85,1
22252,Satchel of Cenarius,BAG,VENDOR,1,180954,154900,116,0
22252,Satchel of Cenarius,BAG,VENDOR,1,179144,154900,115,0
41600,Glacial Bag,BAG,VENDOR,1,1834272,990000,185,0
35316,Reckless Noble Topaz,GEM_CUT,VENDOR,1,150876,120000,125,0
33092,Healing Potion Injector,ELIXIR_POT,DROP,20,51236,18400,278,0
33092,Healing Potion Injector,ELIXIR_POT,DROP,5,48674,18400,264,0
33092,Healing Potion Injector,ELIXIR_POT,DROP,20,51236,18400,278,0
33092,Healing Potion Injector,ELIXIR_POT,DROP,20,48674,18400,264,0
33092,Healing Potion Injector,ELIXIR_POT,DROP,5,51236,18400,278,0
33092,Healing Potion Injector,ELIXIR_POT,DROP,20,48674,18400,264,0
33092,Healing Potion Injector,ELIXIR_POT,DROP,20,51236,18400,278,0
33092,Healing Potion Injector,ELIXIR_POT,DROP,5,48674,18400,264,0
33092,Healing Potion Injector,ELIXIR_POT,DROP,20,51236,18400,278,0
33092,Healing Potion Injector,ELIXIR_POT,DROP,20,48674,18400,264,0
33092,Healing Potion Injector,ELIXIR_POT,DROP,20,51236,18400,278,0
33092,Healing Potion Injector,ELIXIR_POT,DROP,20,48674,18400,264,0
33092,Healing Potion Injector,ELIXIR_POT,DROP,5,51236,18400,278,0
33092,Healing Potion Injector,ELIXIR_POT,DROP,20,48674,18400,264,0
33092,Healing Potion Injector,ELIXIR_POT,DROP,5,51236,18400,278,0
33092,Healing Potion Injector,ELIXIR_POT,DROP,20,48674,18400,264,0
33092,Healing Potion Injector,ELIXIR_POT,DROP,20,51236,18400,278,0
33092,Healing Potion Injector,ELIXIR_POT,DROP,5,48674,18400,264,0
33092,Healing Potion Injector,ELIXIR_POT,DROP,20,51236,18400,278,0
33092,Healing Potion Injector,ELIXIR_POT,DROP,5,48674,18400,264,0
33092,Healing Potion Injector,ELIXIR_POT,DROP,20,51236,18400,278,0
33092,Healing Potion Injector,ELIXIR_POT,DROP,5,48674,18400,264,0
33092,Healing Potion Injector,ELIXIR_POT,DROP,5,51236,18400,278,0
33092,Healing Potion Injector,ELIXIR_POT,DROP,5,48674,18400,264,0
33092,Healing Potion Injector,ELIXIR_POT,DROP,5,51236,18400,278,0
33092,Healing Potion Injector,ELIXIR_POT,DROP,5,48674,18400,264,0
33092,Healing Potion Injector,ELIXIR_POT,DROP,5,51236,18400,278,0
33092,Healing Potion Injector,ELIXIR_POT,DROP,5,48674,18400,264,0
33092,Healing Potion Injector,ELIXIR_POT,DROP,10,51236,18400,278,0
41165,Saronite Razorheads,AMMO,TRAINER,1000,42,60,70,1
41165,Saronite Razorheads,AMMO,TRAINER,1000,41,60,68,1
41165,Saronite Razorheads,AMMO,TRAINER,1000,40,60,66,1
41165,Saronite Razorheads,AMMO,TRAINER,1000,38,60,63,1
41165,Saronite Razorheads,AMMO,TRAINER,1000,42,60,70,1
41165,Saronite Razorheads,AMMO,TRAINER,1000,41,60,68,1
41165,Saronite Razorheads,AMMO,TRAINER,1000,40,60,66,1
41165,Saronite Razorheads,AMMO,TRAINER,1000,38,60,63,1
41165,Saronite Razorheads,AMMO,TRAINER,1000,42,60,70,1
41165,Saronite Razorheads,AMMO,TRAINER,1000,41,60,68,1
41165,Saronite Razorheads,AMMO,TRAINER,1000,40,60,66,1
41600,Glacial Bag,BAG,VENDOR,1,1558557,990000,157,0
41595,Spellweave,INTERMEDIATE,TRAINER,10,152607,195000,78,1
41595,Spellweave,INTERMEDIATE,TRAINER,2,146502,195000,75,1
43121,Fiery Ink,INTERMEDIATE,TRAINER,6,231,200,115,0
43121,Fiery Ink,INTERMEDIATE,TRAINER,5,224,200,112,0
22445,Arcane Dust,INTERMEDIATE,UNSOURCED,20,4728,5013,94,1
22445,Arcane Dust,INTERMEDIATE,UNSOURCED,4,4633,5013,92,1
37663,Titansteel Bar,INTERMEDIATE,TRAINER,2,143748,132000,108,0
37663,Titansteel Bar,INTERMEDIATE,TRAINER,7,140873,132000,106,0
42093,Frostmoon Pants,GEAR,TRAINER,1,1443592,1272000,113,0
42093,Frostmoon Pants,GEAR,TRAINER,1,1400284,1272000,110,0
13462,Purification Potion,ELIXIR_POT,TRAINER,5,6708,5590,120,0
13462,Purification Potion,ELIXIR_POT,TRAINER,5,6573,5590,117,0
13462,Purification Potion,ELIXIR_POT,TRAINER,4,6708,5590,120,0
23519,Felsteel Helm,GEAR,DROP,1,5,8,62,1
23519,Felsteel Helm,GEAR,DROP,1,4,8,50,1
23519,Felsteel Helm,GEAR,DROP,1,4,8,50,1
23519,Felsteel Helm,GEAR,DROP,1,4,8,50,1
23519,Felsteel Helm,GEAR,DROP,1,5,8,62,1
41603,Azure Spellthread,MISC,TRAINER,9,86112,124800,69,1
38399,Trapper's Traveling Pack,BAG,VENDOR,1,547300,432000,126,0
43435,Eviscerator's Bindings,GEAR,VENDOR,1,635572,456000,139,0
43435,Eviscerator's Bindings,GEAR,VENDOR,1,603793,456000,132,0
43435,Eviscerator's Bindings,GEAR,VENDOR,1,579641,456000,127,0
38375,Borean Armor Kit,MISC,TRAINER,5,25574,36000,71,1
7279,Small Leather Ammo Pouch,MISC,TRAINER,1,357,319,111,0
7279,Small Leather Ammo Pouch,MISC,TRAINER,1,339,319,106,0
7279,Small Leather Ammo Pouch,MISC,TRAINER,1,335,319,105,0
43252,Windfire Band,GEAR,VENDOR,1,75801,112000,67,1
43252,Windfire Band,GEAR,VENDOR,1,74284,112000,66,1
43252,Windfire Band,GEAR,VENDOR,1,75801,112000,67,1
43252,Windfire Band,GEAR,VENDOR,1,74284,112000,66,1
43252,Windfire Band,GEAR,VENDOR,1,75801,112000,67,1
43252,Windfire Band,GEAR,VENDOR,1,74284,112000,66,1
43252,Windfire Band,GEAR,VENDOR,1,75801,112000,67,1
43252,Windfire Band,GEAR,VENDOR,1,74284,112000,66,1
43252,Windfire Band,GEAR,VENDOR,1,75801,112000,67,1
43252,Windfire Band,GEAR,VENDOR,1,74284,112000,66,1
43252,Windfire Band,GEAR,VENDOR,1,75801,112000,67,1
13423,Stonescale Oil,INTERMEDIATE,TRAINER,10,131,102,128,0
13423,Stonescale Oil,INTERMEDIATE,TRAINER,5,127,102,124,0
43853,Titanium Skeleton Key,MISC,TRAINER,20,6053,7000,86,1
43853,Titanium Skeleton Key,MISC,TRAINER,20,5750,7000,82,1
43853,Titanium Skeleton Key,MISC,TRAINER,20,5520,7000,78,1
43853,Titanium Skeleton Key,MISC,TRAINER,20,5299,7000,75,1
43853,Titanium Skeleton Key,MISC,TRAINER,20,6053,7000,86,1
43853,Titanium Skeleton Key,MISC,TRAINER,20,5750,7000,82,1
43853,Titanium Skeleton Key,MISC,TRAINER,20,5520,7000,78,1
43853,Titanium Skeleton Key,MISC,TRAINER,20,5299,7000,75,1
43853,Titanium Skeleton Key,MISC,TRAINER,20,6053,7000,86,1
43853,Titanium Skeleton Key,MISC,TRAINER,20,5750,7000,82,1
43853,Titanium Skeleton Key,MISC,TRAINER,20,5520,7000,78,1
43853,Titanium Skeleton Key,MISC,TRAINER,20,5299,7000,75,1
43853,Titanium Skeleton Key,MISC,TRAINER,20,6053,7000,86,1
24271,Spellcloth,INTERMEDIATE,VENDOR,8,88781,64001,138,0
24271,Spellcloth,INTERMEDIATE,VENDOR,6,87005,64001,135,0
41601,Shining Spellthread,MISC,TRAINER,5,98741,124800,79,1
5765,Black Silk Pack,BAG,DROP,1,25385,13280,191,0
4305,Bolt of Silk Cloth,INTERMEDIATE,TRAINER,4,2565,2376,107,0
4305,Bolt of Silk Cloth,INTERMEDIATE,TRAINER,1,2488,2376,104,0
44446,Pack of Endless Pockets,BAG,TRAINER,1,532094,432000,123,0
44446,Pack of Endless Pockets,BAG,TRAINER,1,521452,432000,120,0
33092,Healing Potion Injector,ELIXIR_POT,DROP,20,38106,18400,207,0
33092,Healing Potion Injector,ELIXIR_POT,DROP,5,37724,18400,205,0
33092,Healing Potion Injector,ELIXIR_POT,DROP,20,36215,18400,196,0
33092,Healing Potion Injector,ELIXIR_POT,DROP,5,35852,18400,194,0
33092,Healing Potion Injector,ELIXIR_POT,DROP,5,38106,18400,207,0
33092,Healing Potion Injector,ELIXIR_POT,DROP,20,37724,18400,205,0
33092,Healing Potion Injector,ELIXIR_POT,DROP,20,36215,18400,196,0
33092,Healing Potion Injector,ELIXIR_POT,DROP,20,35852,18400,194,0
33092,Healing Potion Injector,ELIXIR_POT,DROP,5,38106,18400,207,0
33092,Healing Potion Injector,ELIXIR_POT,DROP,20,37724,18400,205,0
33092,Healing Potion Injector,ELIXIR_POT,DROP,20,36215,18400,196,0
41164,Mammoth Cutters,AMMO,TRAINER,1000,24,34,70,1
41164,Mammoth Cutters,AMMO,TRAINER,1000,23,34,67,1
41164,Mammoth Cutters,AMMO,TRAINER,1000,24,34,70,1
41164,Mammoth Cutters,AMMO,TRAINER,1000,23,34,67,1
41164,Mammoth Cutters,AMMO,TRAINER,1000,24,34,70,1
41164,Mammoth Cutters,AMMO,TRAINER,1000,23,34,67,1
41164,Mammoth Cutters,AMMO,TRAINER,1000,24,34,70,1
41164,Mammoth Cutters,AMMO,TRAINER,1000,23,34,67,1
41164,Mammoth Cutters,AMMO,TRAINER,1000,24,34,70,1
41164,Mammoth Cutters,AMMO,TRAINER,1000,23,34,67,1
39774,Midnight Ink,INTERMEDIATE,TRAINER,1,353,300,117,0
39774,Midnight Ink,INTERMEDIATE,TRAINER,7,349,300,116,0
41509,Frostweave Net,MISC,TRAINER,20,6750,9000,75,1
41509,Frostweave Net,MISC,TRAINER,20,6682,9000,74,1
33568,Borean Leather,INTERMEDIATE,TRAINER,2,10689,13500,79,1
33568,Borean Leather,INTERMEDIATE,TRAINER,5,10582,13500,78,1
13511,Flask of Distilled Wisdom,FLASK,DROP,5,33956,13430,252,0
13511,Flask of Distilled Wisdom,FLASK,DROP,5,32258,13430,240,0
41598,Mysterious Bag,BAG,VENDOR,1,519750,750000,69,1
41598,Mysterious Bag,BAG,VENDOR,1,493762,750000,65,1
41598,Mysterious Bag,BAG,VENDOR,1,478949,750000,63,1
41598,Mysterious Bag,BAG,VENDOR,1,474159,750000,63,1
41598,Mysterious Bag,BAG,VENDOR,1,519750,750000,69,1
41598,Mysterious Bag,BAG,VENDOR,1,493762,750000,65,1
41598,Mysterious Bag,BAG,VENDOR,1,478949,750000,63,1
41598,Mysterious Bag,BAG,VENDOR,1,474159,750000,63,1
41598,Mysterious Bag,BAG,VENDOR,1,519750,750000,69,1
41598,Mysterious Bag,BAG,VENDOR,1,493762,750000,65,1
29540,Reinforced Mining Bag,BAG,VENDOR,1,375856,278000,135,0
29540,Reinforced Mining Bag,BAG,VENDOR,1,357063,278000,128,0
29540,Reinforced Mining Bag,BAG,VENDOR,1,346351,278000,124,0
22522,Superior Wizard Oil,MISC,VENDOR,1,18497,26039,71,1
22522,Superior Wizard Oil,MISC,VENDOR,1,17572,26039,67,1
22522,Superior Wizard Oil,MISC,VENDOR,1,18497,26039,71,1
22522,Superior Wizard Oil,MISC,VENDOR,1,17572,26039,67,1
22522,Superior Wizard Oil,MISC,VENDOR,1,18497,26039,71,1
22522,Superior Wizard Oil,MISC,VENDOR,1,17572,26039,67,1
22522,Superior Wizard Oil,MISC,VENDOR,1,18497,26039,71,1
8827,Elixir of Water Walking,ELIXIR_POT,UNSOURCED,7,4282,6180,69,1
43250,Ring of Earthen Might,GEAR,VENDOR,1,79763,88000,90,1
43250,Ring of Earthen Might,GEAR,VENDOR,1,78965,88000,89,1
43250,Ring of Earthen Might,GEAR,VENDOR,1,77385,88000,87,1
43250,Ring of Earthen Might,GEAR,VENDOR,1,76611,88000,87,1
43250,Ring of Earthen Might,GEAR,VENDOR,1,79763,88000,90,1
43250,Ring of Earthen Might,GEAR,VENDOR,1,78965,88000,89,1
43250,Ring of Earthen Might,GEAR,VENDOR,1,77385,88000,87,1
43117,Dawnstar Ink,INTERMEDIATE,TRAINER,4,200,200,100,0
43117,Dawnstar Ink,INTERMEDIATE,TRAINER,1,200,200,100,0
41379,Impassive Skyflare Diamond,GEM_CUT,UNSOURCED,1,724176,360000,201,0
42641,Global Thermal Sapper Charge,MISC,TRAINER,20,6680,6900,96,1
42641,Global Thermal Sapper Charge,MISC,TRAINER,20,6479,6900,93,1
42641,Global Thermal Sapper Charge,MISC,TRAINER,5,6349,6900,92,1
21845,Primal Mooncloth,INTERMEDIATE,VENDOR,11,78081,64001,121,0
21845,Primal Mooncloth,INTERMEDIATE,VENDOR,2,76519,64001,119,0
4339,Bolt of Mageweave,INTERMEDIATE,TRAINER,3,5283,5050,104,0
4339,Bolt of Mageweave,INTERMEDIATE,TRAINER,9,5177,5050,102,0
40026,Purified Twilight Opal,GEM_CUT,DROP,1,363480,150000,242,0
43119,Royal Ink,INTERMEDIATE,TRAINER,1,224,200,112,0
43119,Royal Ink,INTERMEDIATE,TRAINER,4,217,200,108,0
8827,Elixir of Water Walking,ELIXIR_POT,UNSOURCED,14,4888,6180,79,1
42100,Moonshroud Robe,GEAR,TRAINER,1,2194148,2122000,103,0
22445,Arcane Dust,INTERMEDIATE,UNSOURCED,20,3993,5013,79,1
22445,Arcane Dust,INTERMEDIATE,UNSOURCED,20,3913,5013,78,1
22445,Arcane Dust,INTERMEDIATE,UNSOURCED,4,3873,5013,77,1
22445,Arcane Dust,INTERMEDIATE,UNSOURCED,1,3993,5013,79,1
14155,Mooncloth Bag,BAG,DROP,1,133522,59935,222,0
14155,Mooncloth Bag,BAG,DROP,1,132186,59935,220,0
44936,Titanium Plating,MISC,VENDOR,8,129888,176000,73,1
27658,Roasted Clefthoof,FOOD,VENDOR,5,1697,1200,141,0
27658,Roasted Clefthoof,FOOD,VENDOR,5,1612,1200,134,0
27658,Roasted Clefthoof,FOOD,VENDOR,5,1531,1200,127,0
27658,Roasted Clefthoof,FOOD,VENDOR,1,1485,1200,123,0
41593,Ebonweave,INTERMEDIATE,TRAINER,2,177723,195000,91,1
41593,Ebonweave,INTERMEDIATE,TRAINER,4,170614,195000,87,1
23787,Felsteel Stabilizer,INTERMEDIATE,TRAINER,13,1,2,50,1
22445,Arcane Dust,INTERMEDIATE,UNSOURCED,20,4534,5013,90,1
22445,Arcane Dust,INTERMEDIATE,UNSOURCED,20,4307,5013,85,1
22445,Arcane Dust,INTERMEDIATE,UNSOURCED,5,4177,5013,83,1
43853,Titanium Skeleton Key,MISC,TRAINER,20,5243,7000,74,1
43853,Titanium Skeleton Key,MISC,TRAINER,20,5138,7000,73,1
43853,Titanium Skeleton Key,MISC,TRAINER,20,5243,7000,74,1
43853,Titanium Skeleton Key,MISC,TRAINER,20,5138,7000,73,1
43853,Titanium Skeleton Key,MISC,TRAINER,20,5243,7000,74,1
46378,Flask of Pure Mojo,FLASK,TRAINER,20,45570,53450,85,1
46378,Flask of Pure Mojo,FLASK,TRAINER,5,43747,53450,81,1
46378,Flask of Pure Mojo,FLASK,TRAINER,5,41997,53450,78,1
22854,Flask of Relentless Assault,FLASK,UNSOURCED,5,81900,45000,182,0
22854,Flask of Relentless Assault,FLASK,UNSOURCED,5,81081,45000,180,0
22854,Flask of Relentless Assault,FLASK,UNSOURCED,5,79459,45000,176,0
22854,Flask of Relentless Assault,FLASK,UNSOURCED,5,81900,45000,182,0
29540,Reinforced Mining Bag,BAG,VENDOR,1,363290,278000,130,0
29540,Reinforced Mining Bag,BAG,VENDOR,1,352391,278000,126,0
29540,Reinforced Mining Bag,BAG,VENDOR,1,348867,278000,125,0
43117,Dawnstar Ink,INTERMEDIATE,TRAINER,1,227,200,113,0
43117,Dawnstar Ink,INTERMEDIATE,TRAINER,10,224,200,112,0
3470,Rough Grinding Stone,INTERMEDIATE,TRAINER,12,24,24,100,0
3470,Rough Grinding Stone,INTERMEDIATE,TRAINER,3,24,24,100,0
2318,Light Leather,INTERMEDIATE,UNSOURCED,5,225,132,170,0
5081,Kodo Hide Bag,BAG,UNSOURCED,1,1690,853,198,0
23787,Felsteel Stabilizer,INTERMEDIATE,TRAINER,5,1,2,50,1
23787,Felsteel Stabilizer,INTERMEDIATE,TRAINER,3,1,2,50,1
32204,Brilliant Lionseye,GEM_CUT,VENDOR,1,293800,250000,117,0
32204,Brilliant Lionseye,GEM_CUT,VENDOR,1,279110,250000,111,0
41163,Titanium Bar,INTERMEDIATE,TRAINER,7,16200,20000,81,1
41163,Titanium Bar,INTERMEDIATE,TRAINER,5,15876,20000,79,1
41594,Moonshroud,INTERMEDIATE,TRAINER,8,171990,195000,88,1
41594,Moonshroud,INTERMEDIATE,TRAINER,3,170270,195000,87,1
31862,Balanced Shadow Draenite,GEM_CUT,DROP,1,28500,20000,142,0
31862,Balanced Shadow Draenite,GEM_CUT,DROP,1,28215,20000,141,0
44958,Ethereal Oil,INTERMEDIATE,TRAINER,3,71,96,73,1
44958,Ethereal Oil,INTERMEDIATE,TRAINER,5,68,96,70,1
3470,Rough Grinding Stone,INTERMEDIATE,TRAINER,8,24,24,100,0
3470,Rough Grinding Stone,INTERMEDIATE,TRAINER,4,24,24,100,0
17771,Elementium Bar,MISC,DROP,3,4337859,2472560,175,0
44958,Ethereal Oil,INTERMEDIATE,TRAINER,5,93,96,96,1
44958,Ethereal Oil,INTERMEDIATE,TRAINER,2,89,96,92,1
34490,Bag of Many Hides,BAG,DROP,1,847125,627500,135,0
41163,Titanium Bar,INTERMEDIATE,TRAINER,4,18952,20000,94,1
41163,Titanium Bar,INTERMEDIATE,TRAINER,1,18004,20000,90,1
41164,Mammoth Cutters,AMMO,TRAINER,1000,22,34,64,1
41164,Mammoth Cutters,AMMO,TRAINER,1000,21,34,61,1
41164,Mammoth Cutters,AMMO,TRAINER,1000,20,34,58,1
41164,Mammoth Cutters,AMMO,TRAINER,1000,20,34,58,1
41164,Mammoth Cutters,AMMO,TRAINER,1000,22,34,64,1
41164,Mammoth Cutters,AMMO,TRAINER,1000,21,34,61,1
41164,Mammoth Cutters,AMMO,TRAINER,1000,20,34,58,1
41164,Mammoth Cutters,AMMO,TRAINER,1000,20,34,58,1
41164,Mammoth Cutters,AMMO,TRAINER,1000,22,34,64,1
41164,Mammoth Cutters,AMMO,TRAINER,1000,21,34,61,1
41164,Mammoth Cutters,AMMO,TRAINER,1000,20,34,58,1
41164,Mammoth Cutters,AMMO,TRAINER,1000,20,34,58,1
23785,Hardened Adamantite Tube,INTERMEDIATE,TRAINER,3,2,3,66,1
23785,Hardened Adamantite Tube,INTERMEDIATE,TRAINER,6,1,3,33,1
43853,Titanium Skeleton Key,MISC,TRAINER,20,5623,7000,80,1
43853,Titanium Skeleton Key,MISC,TRAINER,20,5566,7000,79,1
43853,Titanium Skeleton Key,MISC,TRAINER,20,5510,7000,78,1
43853,Titanium Skeleton Key,MISC,TRAINER,20,5623,7000,80,1
43853,Titanium Skeleton Key,MISC,TRAINER,20,5566,7000,79,1
43853,Titanium Skeleton Key,MISC,TRAINER,20,5510,7000,78,1
43853,Titanium Skeleton Key,MISC,TRAINER,20,5623,7000,80,1
43853,Titanium Skeleton Key,MISC,TRAINER,20,5566,7000,79,1
43853,Titanium Skeleton Key,MISC,TRAINER,20,5510,7000,78,1
43853,Titanium Skeleton Key,MISC,TRAINER,20,5623,7000,80,1
43853,Titanium Skeleton Key,MISC,TRAINER,20,5566,7000,79,1
43853,Titanium Skeleton Key,MISC,TRAINER,20,5510,7000,78,1
14530,Heavy Runecloth Bandage,MISC,TRAINER,8,4099,4704,87,1
3478,Coarse Grinding Stone,INTERMEDIATE,TRAINER,4,178,178,100,0
3478,Coarse Grinding Stone,INTERMEDIATE,TRAINER,2,178,178,100,0
38347,Mammoth Mining Bag,BAG,VENDOR,1,576979,432000,133,0
38347,Mammoth Mining Bag,BAG,VENDOR,1,571209,432000,132,0
38347,Mammoth Mining Bag,BAG,VENDOR,1,565496,432000,130,0
22252,Satchel of Cenarius,BAG,VENDOR,1,171427,154900,110,0
23787,Felsteel Stabilizer,INTERMEDIATE,TRAINER,8,1,2,50,1
23787,Felsteel Stabilizer,INTERMEDIATE,TRAINER,1,1,2,50,1
41387,Tempered Titansteel Helm,GEAR,TRAINER,1,808500,770000,105,0
36913,Saronite Bar,INTERMEDIATE,TRAINER,1,25380,30000,84,1
36913,Saronite Bar,INTERMEDIATE,TRAINER,4,24364,30000,81,1
21991,Heavy Netherweave Bandage,MISC,TRAINER,10,7008,9600,73,1
32833,Purified Jaggal Pearl,GEM_CUT,TRAINER,1,10684,9280,115,0
22246,Enchanted Mageweave Pouch,BAG,VENDOR,1,49707,43512,114,0
22246,Enchanted Mageweave Pouch,BAG,VENDOR,1,47221,43512,108,0
22246,Enchanted Mageweave Pouch,BAG,VENDOR,1,46276,43512,106,0
43250,Ring of Earthen Might,GEAR,VENDOR,1,62726,88000,71,1
43250,Ring of Earthen Might,GEAR,VENDOR,1,61471,88000,69,1
43250,Ring of Earthen Might,GEAR,VENDOR,1,60856,88000,69,1
43250,Ring of Earthen Might,GEAR,VENDOR,1,62726,88000,71,1
43250,Ring of Earthen Might,GEAR,VENDOR,1,61471,88000,69,1
43250,Ring of Earthen Might,GEAR,VENDOR,1,60856,88000,69,1
43250,Ring of Earthen Might,GEAR,VENDOR,1,62726,88000,71,1
43250,Ring of Earthen Might,GEAR,VENDOR,1,61471,88000,69,1
43250,Ring of Earthen Might,GEAR,VENDOR,1,60856,88000,69,1
43250,Ring of Earthen Might,GEAR,VENDOR,1,62726,88000,71,1
43250,Ring of Earthen Might,GEAR,VENDOR,1,61471,88000,69,1
43250,Ring of Earthen Might,GEAR,VENDOR,1,60856,88000,69,1
44958,Ethereal Oil,INTERMEDIATE,TRAINER,1,61,96,63,1
44958,Ethereal Oil,INTERMEDIATE,TRAINER,12,59,96,61,1
5473,Scorpid Surprise,FOOD,VENDOR,5,54,46,117,0
5473,Scorpid Surprise,FOOD,VENDOR,3,51,46,110,0
21845,Primal Mooncloth,INTERMEDIATE,VENDOR,2,71597,64001,111,0
21845,Primal Mooncloth,INTERMEDIATE,VENDOR,7,70165,64001,109,0
8827,Elixir of Water Walking,ELIXIR_POT,UNSOURCED,7,4182,6180,67,1
9060,Inlaid Mithril Cylinder,INTERMEDIATE,UNSOURCED,9,28153,15410,182,0
9060,Inlaid Mithril Cylinder,INTERMEDIATE,UNSOURCED,2,27871,15410,180,0
22445,Arcane Dust,INTERMEDIATE,UNSOURCED,20,4773,5013,95,1
22445,Arcane Dust,INTERMEDIATE,UNSOURCED,13,4534,5013,90,1
22445,Arcane Dust,INTERMEDIATE,UNSOURCED,6,4773,5013,95,1
22445,Arcane Dust,INTERMEDIATE,UNSOURCED,20,3946,5013,78,1
22445,Arcane Dust,INTERMEDIATE,UNSOURCED,3,3867,5013,77,1
22445,Arcane Dust,INTERMEDIATE,UNSOURCED,7,3712,5013,74,1
8827,Elixir of Water Walking,ELIXIR_POT,UNSOURCED,5,5698,6180,92,1
8827,Elixir of Water Walking,ELIXIR_POT,UNSOURCED,10,5641,6180,91,1
41599,Frostweave Bag,BAG,TRAINER,1,1018302,942000,108,0
37663,Titansteel Bar,INTERMEDIATE,TRAINER,12,111724,132000,84,1
37663,Titansteel Bar,INTERMEDIATE,TRAINER,1,106137,132000,80,1
23518,Felsteel Leggings,GEAR,DROP,1,6,8,75,1
23518,Felsteel Leggings,GEAR,DROP,1,5,8,62,1
23518,Felsteel Leggings,GEAR,DROP,1,6,8,75,1
23518,Felsteel Leggings,GEAR,DROP,1,5,8,62,1
23518,Felsteel Leggings,GEAR,DROP,1,6,8,75,1
24062,Enduring Talasite,GEM_CUT,DROP,1,357696,120000,298,0
24062,Enduring Talasite,GEM_CUT,DROP,1,346965,120000,289,0
41594,Moonshroud,INTERMEDIATE,TRAINER,9,184275,195000,94,1
41594,Moonshroud,INTERMEDIATE,TRAINER,2,175061,195000,89,1
3860,Mithril Bar,INTERMEDIATE,TRAINER,5,2039,1545,131,0
21991,Heavy Netherweave Bandage,MISC,TRAINER,15,8846,9600,92,1
41595,Spellweave,INTERMEDIATE,TRAINER,2,167076,195000,85,1
41595,Spellweave,INTERMEDIATE,TRAINER,7,160392,195000,82,1
13510,Flask of the Titans,FLASK,DROP,5,50720,16860,300,0
13510,Flask of the Titans,FLASK,DROP,20,48184,16860,285,0
13510,Flask of the Titans,FLASK,DROP,3,50720,16860,300,0
4238,Linen Bag,BAG,TRAINER,1,452,366,123,0
40117,Fractured Cardinal Ruby,GEM_CUT,VENDOR,1,291375,250000,116,0
40117,Fractured Cardinal Ruby,GEM_CUT,VENDOR,1,279720,250000,111,0
2840,Copper Bar,INTERMEDIATE,UNSOURCED,3,40,20,200,0
2840,Copper Bar,INTERMEDIATE,UNSOURCED,5,38,20,190,0
44446,Pack of Endless Pockets,BAG,TRAINER,1,583891,432000,135,0
44446,Pack of Endless Pockets,BAG,TRAINER,1,554696,432000,128,0
44446,Pack of Endless Pockets,BAG,TRAINER,1,538055,432000,124,0
31079,Mercurial Adamantite,INTERMEDIATE,TRAINER,3,112126,86000,130,0
31079,Mercurial Adamantite,INTERMEDIATE,TRAINER,2,107640,86000,125,0
38425,Heavy Borean Leather,INTERMEDIATE,TRAINER,3,52272,54000,96,1
38425,Heavy Borean Leather,INTERMEDIATE,TRAINER,7,50181,54000,92,1
41594,Moonshroud,INTERMEDIATE,TRAINER,4,159666,195000,81,1
41594,Moonshroud,INTERMEDIATE,TRAINER,6,156472,195000,80,1
41367,Dark Jade Focusing Lens,MISC,TRAINER,1,24990,20000,124,0
41367,Dark Jade Focusing Lens,MISC,TRAINER,1,24490,20000,122,0
41367,Dark Jade Focusing Lens,MISC,TRAINER,1,23755,20000,118,0
41367,Dark Jade Focusing Lens,MISC,TRAINER,1,23517,20000,117,0
42942,Baked Manta Ray,FOOD,TRAINER,5,48,48,100,0
42942,Baked Manta Ray,FOOD,TRAINER,5,48,48,100,0
42942,Baked Manta Ray,FOOD,TRAINER,5,48,48,100,0
42942,Baked Manta Ray,FOOD,TRAINER,5,48,48,100,0
24269,Heavy Netherweave Net,MISC,UNSOURCED,10,42456,14400,294,0
13513,Flask of Chromatic Resistance,FLASK,DROP,20,52868,20250,261,0
13513,Flask of Chromatic Resistance,FLASK,DROP,5,51281,20250,253,0
13513,Flask of Chromatic Resistance,FLASK,DROP,5,52868,20250,261,0
13513,Flask of Chromatic Resistance,FLASK,DROP,10,51281,20250,253,0
21341,Felcloth Bag,BAG,UNSOURCED,1,538545,199240,270,0
21341,Felcloth Bag,BAG,UNSOURCED,1,522388,199240,262,0
31861,Great Dawnstone,GEM_CUT,DROP,1,191160,120000,159,0
31861,Great Dawnstone,GEM_CUT,DROP,1,187336,120000,156,0
31861,Great Dawnstone,GEM_CUT,DROP,1,191160,120000,159,0
41593,Ebonweave,INTERMEDIATE,TRAINER,2,150306,195000,77,1
41593,Ebonweave,INTERMEDIATE,TRAINER,7,148802,195000,76,1
23775,Titanium Toolbox,BAG,VENDOR,1,548352,448000,122,0
23775,Titanium Toolbox,BAG,VENDOR,1,542868,448000,121,0
23775,Titanium Toolbox,BAG,VENDOR,1,521153,448000,116,0
8827,Elixir of Water Walking,ELIXIR_POT,UNSOURCED,5,5798,6180,93,1
8827,Elixir of Water Walking,ELIXIR_POT,UNSOURCED,5,5740,6180,92,1
8827,Elixir of Water Walking,ELIXIR_POT,UNSOURCED,5,5798,6180,93,1
43273,Overcast Boots,GEAR,VENDOR,1,683850,564000,121,0
22445,Arcane Dust,INTERMEDIATE,UNSOURCED,20,4714,5013,94,1
22445,Arcane Dust,INTERMEDIATE,UNSOURCED,1,4666,5013,93,1
41598,Mysterious Bag,BAG,VENDOR,1,913275,750000,121,0
43970,Frostsavage Boots,GEAR,TRAINER,1,435407,520200,83,1
43970,Frostsavage Boots,GEAR,TRAINER,1,426698,520200,82,1
43970,Frostsavage Boots,GEAR,TRAINER,1,435407,520200,83,1
43970,Frostsavage Boots,GEAR,TRAINER,1,426698,520200,82,1
43970,Frostsavage Boots,GEAR,TRAINER,1,435407,520200,83,1
43970,Frostsavage Boots,GEAR,TRAINER,1,426698,520200,82,1
43970,Frostsavage Boots,GEAR,TRAINER,1,435407,520200,83,1
43970,Frostsavage Boots,GEAR,TRAINER,1,426698,520200,82,1
43970,Frostsavage Boots,GEAR,TRAINER,1,435407,520200,83,1
43970,Frostsavage Boots,GEAR,TRAINER,1,426698,520200,82,1
43970,Frostsavage Boots,GEAR,TRAINER,1,435407,520200,83,1
34482,Leatherworker's Satchel,BAG,TRAINER,1,255192,245000,104,0
34482,Leatherworker's Satchel,BAG,TRAINER,1,252640,245000,103,0
39469,Moonglow Ink,INTERMEDIATE,TRAINER,4,353,300,117,0
39469,Moonglow Ink,INTERMEDIATE,TRAINER,4,349,300,116,0
44210,Faces of Doom,GEAR,TRAINER,1,380791,302600,125,0
44210,Faces of Doom,GEAR,TRAINER,1,373175,302600,123,0
44210,Faces of Doom,GEAR,TRAINER,1,365711,302600,120,0
22851,Flask of Fortification,FLASK,UNSOURCED,5,99439,48500,205,0
22851,Flask of Fortification,FLASK,UNSOURCED,5,97450,48500,200,0
22851,Flask of Fortification,FLASK,UNSOURCED,5,93552,48500,192,0
22851,Flask of Fortification,FLASK,UNSOURCED,5,89809,48500,185,0
22851,Flask of Fortification,FLASK,UNSOURCED,5,99439,48500,205,0
22851,Flask of Fortification,FLASK,UNSOURCED,11,97450,48500,200,0
44836,Pumpkin Pie,FOOD,DROP,5,16,8,200,0
44836,Pumpkin Pie,FOOD,DROP,4,15,8,187,0
41595,Spellweave,INTERMEDIATE,TRAINER,4,167427,195000,85,1
41595,Spellweave,INTERMEDIATE,TRAINER,5,159055,195000,81,1
40081,Potion of Nightmares,ELIXIR_POT,TRAINER,14,18126,15000,120,0
38433,Arctic Wristguards,GEAR,TRAINER,1,89812,108000,83,1
38433,Arctic Wristguards,GEAR,TRAINER,1,88015,108000,81,1
38433,Arctic Wristguards,GEAR,TRAINER,1,89812,108000,83,1
38433,Arctic Wristguards,GEAR,TRAINER,1,88015,108000,81,1
38433,Arctic Wristguards,GEAR,TRAINER,1,89812,108000,83,1
38433,Arctic Wristguards,GEAR,TRAINER,1,88015,108000,81,1
38433,Arctic Wristguards,GEAR,TRAINER,1,89812,108000,83,1
38433,Arctic Wristguards,GEAR,TRAINER,1,88015,108000,81,1
38433,Arctic Wristguards,GEAR,TRAINER,1,89812,108000,83,1
38433,Arctic Wristguards,GEAR,TRAINER,1,88015,108000,81,1
23517,Felsteel Gloves,GEAR,DROP,1,5,6,83,1
23517,Felsteel Gloves,GEAR,DROP,1,4,6,66,1
23517,Felsteel Gloves,GEAR,DROP,1,3,6,50,1
23517,Felsteel Gloves,GEAR,DROP,1,5,6,83,1
23517,Felsteel Gloves,GEAR,DROP,1,4,6,66,1
23517,Felsteel Gloves,GEAR,DROP,1,3,6,50,1
23517,Felsteel Gloves,GEAR,DROP,1,5,6,83,1
23517,Felsteel Gloves,GEAR,DROP,1,4,6,66,1
23517,Felsteel Gloves,GEAR,DROP,1,3,6,50,1
23517,Felsteel Gloves,GEAR,DROP,1,5,6,83,1
23517,Felsteel Gloves,GEAR,DROP,1,4,6,66,1
23517,Felsteel Gloves,GEAR,DROP,1,3,6,50,1
32205,Smooth Lionseye,GEM_CUT,VENDOR,1,288750,250000,115,0
32205,Smooth Lionseye,GEM_CUT,VENDOR,1,277200,250000,110,0
22445,Arcane Dust,INTERMEDIATE,UNSOURCED,20,4290,5013,85,1
22445,Arcane Dust,INTERMEDIATE,UNSOURCED,20,4075,5013,81,1
22445,Arcane Dust,INTERMEDIATE,UNSOURCED,1,3871,5013,77,1
22445,Arcane Dust,INTERMEDIATE,UNSOURCED,1,3793,5013,75,1
44331,Elixir of Lightning Speed,ELIXIR_POT,UNSOURCED,5,10000,11400,87,1
44331,Elixir of Lightning Speed,ELIXIR_POT,UNSOURCED,5,9700,11400,85,1
38375,Borean Armor Kit,MISC,TRAINER,10,31374,36000,87,1
38375,Borean Armor Kit,MISC,TRAINER,1,30432,36000,84,1
23519,Felsteel Helm,GEAR,DROP,1,5,8,62,1
23519,Felsteel Helm,GEAR,DROP,1,4,8,50,1
23519,Felsteel Helm,GEAR,DROP,1,5,8,62,1
23519,Felsteel Helm,GEAR,DROP,1,4,8,50,1
23519,Felsteel Helm,GEAR,DROP,1,5,8,62,1
23519,Felsteel Helm,GEAR,DROP,1,4,8,50,1
23519,Felsteel Helm,GEAR,DROP,1,5,8,62,1
23519,Felsteel Helm,GEAR,DROP,1,4,8,50,1
23519,Felsteel Helm,GEAR,DROP,1,5,8,62,1
23519,Felsteel Helm,GEAR,DROP,1,4,8,50,1
41599,Frostweave Bag,BAG,TRAINER,1,942000,942000,100,0
41599,Frostweave Bag,BAG,TRAINER,1,942000,942000,100,0
41599,Frostweave Bag,BAG,TRAINER,1,942000,942000,100,0
22445,Arcane Dust,INTERMEDIATE,UNSOURCED,20,4612,5013,92,1
22445,Arcane Dust,INTERMEDIATE,UNSOURCED,17,4381,5013,87,1
22445,Arcane Dust,INTERMEDIATE,UNSOURCED,2,4612,5013,92,1
33568,Borean Leather,INTERMEDIATE,TRAINER,8,9598,13500,71,1
33568,Borean Leather,INTERMEDIATE,TRAINER,5,9406,13500,69,1
17771,Elementium Bar,MISC,DROP,5,6733274,2472560,272,0
44331,Elixir of Lightning Speed,ELIXIR_POT,UNSOURCED,5,10150,11400,89,1
44331,Elixir of Lightning Speed,ELIXIR_POT,UNSOURCED,5,9845,11400,86,1
44331,Elixir of Lightning Speed,ELIXIR_POT,UNSOURCED,5,10150,11400,89,1
21991,Heavy Netherweave Bandage,MISC,TRAINER,9,7811,9600,81,1
23449,Khorium Bar,INTERMEDIATE,TRAINER,3,42840,40000,107,0
23449,Khorium Bar,INTERMEDIATE,TRAINER,8,41126,40000,102,0
23446,Adamantite Bar,INTERMEDIATE,TRAINER,4,18273,18000,101,0
23446,Adamantite Bar,INTERMEDIATE,TRAINER,3,18000,18000,100,0
41594,Moonshroud,INTERMEDIATE,TRAINER,2,188955,195000,96,1
41594,Moonshroud,INTERMEDIATE,TRAINER,7,187065,195000,95,1
33568,Borean Leather,INTERMEDIATE,TRAINER,5,12771,13500,94,1
33568,Borean Leather,INTERMEDIATE,TRAINER,7,12260,13500,90,1
33568,Borean Leather,INTERMEDIATE,TRAINER,10,10631,13500,78,1
33568,Borean Leather,INTERMEDIATE,TRAINER,5,10312,13500,76,1
44958,Ethereal Oil,INTERMEDIATE,TRAINER,6,70,96,72,1
44958,Ethereal Oil,INTERMEDIATE,TRAINER,1,66,96,68,1
13513,Flask of Chromatic Resistance,FLASK,DROP,5,54735,20250,270,0
13513,Flask of Chromatic Resistance,FLASK,DROP,5,52545,20250,259,0
13513,Flask of Chromatic Resistance,FLASK,DROP,20,50443,20250,249,0
13513,Flask of Chromatic Resistance,FLASK,DROP,5,47920,20250,236,0
13513,Flask of Chromatic Resistance,FLASK,DROP,5,54735,20250,270,0
21990,Netherweave Bandage,MISC,TRAINER,15,3757,4800,78,1
41164,Mammoth Cutters,AMMO,TRAINER,1000,25,34,73,1
41164,Mammoth Cutters,AMMO,TRAINER,1000,24,34,70,1
41164,Mammoth Cutters,AMMO,TRAINER,1000,22,34,64,1
41164,Mammoth Cutters,AMMO,TRAINER,1000,21,34,61,1
41164,Mammoth Cutters,AMMO,TRAINER,1000,25,34,73,1
41164,Mammoth Cutters,AMMO,TRAINER,1000,24,34,70,1
41164,Mammoth Cutters,AMMO,TRAINER,1000,22,34,64,1
42103,Moonshroud Gloves,GEAR,TRAINER,1,1113717,1348000,82,1
42103,Moonshroud Gloves,GEAR,TRAINER,1,1069168,1348000,79,1
42103,Moonshroud Gloves,GEAR,TRAINER,1,1047784,1348000,77,1
42103,Moonshroud Gloves,GEAR,TRAINER,1,995394,1348000,73,1
42103,Moonshroud Gloves,GEAR,TRAINER,1,1113717,1348000,82,1
42103,Moonshroud Gloves,GEAR,TRAINER,1,1069168,1348000,79,1
42103,Moonshroud Gloves,GEAR,TRAINER,1,1047784,1348000,77,1
42103,Moonshroud Gloves,GEAR,TRAINER,1,995394,1348000,73,1
42103,Moonshroud Gloves,GEAR,TRAINER,1,1113717,1348000,82,1
42103,Moonshroud Gloves,GEAR,TRAINER,1,1069168,1348000,79,1
42103,Moonshroud Gloves,GEAR,TRAINER,1,1047784,1348000,77,1
42103,Moonshroud Gloves,GEAR,TRAINER,1,995394,1348000,73,1
42103,Moonshroud Gloves,GEAR,TRAINER,1,1113717,1348000,82,1
41164,Mammoth Cutters,AMMO,TRAINER,1000,26,34,76,1
41164,Mammoth Cutters,AMMO,TRAINER,1000,24,34,70,1
41164,Mammoth Cutters,AMMO,TRAINER,1000,23,34,67,1
41164,Mammoth Cutters,AMMO,TRAINER,1000,26,34,76,1
41164,Mammoth Cutters,AMMO,TRAINER,1000,24,34,70,1
41164,Mammoth Cutters,AMMO,TRAINER,1000,23,34,67,1
41164,Mammoth Cutters,AMMO,TRAINER,1000,26,34,76,1
41164,Mammoth Cutters,AMMO,TRAINER,1000,24,34,70,1
41164,Mammoth Cutters,AMMO,TRAINER,1000,23,34,67,1
5763,Red Woolen Bag,BAG,VENDOR,1,2310,1782,129,0
5763,Red Woolen Bag,BAG,VENDOR,1,2194,1782,123,0
21841,Netherweave Bag,BAG,TRAINER,1,113968,101000,112,0
21841,Netherweave Bag,BAG,TRAINER,1,109409,101000,108,0
41164,Mammoth Cutters,AMMO,TRAINER,1000,27,34,79,1
41164,Mammoth Cutters,AMMO,TRAINER,1000,25,34,73,1
41164,Mammoth Cutters,AMMO,TRAINER,1000,24,34,70,1
41164,Mammoth Cutters,AMMO,TRAINER,1000,27,34,79,1
41164,Mammoth Cutters,AMMO,TRAINER,1000,25,34,73,1
41164,Mammoth Cutters,AMMO,TRAINER,1000,24,34,70,1
41164,Mammoth Cutters,AMMO,TRAINER,1000,27,34,79,1
41164,Mammoth Cutters,AMMO,TRAINER,1000,25,34,73,1
41164,Mammoth Cutters,AMMO,TRAINER,1000,24,34,70,1
41164,Mammoth Cutters,AMMO,TRAINER,1000,27,34,79,1
41510,Bolt of Frostweave,INTERMEDIATE,TRAINER,2,48262,37500,128,0
41510,Bolt of Frostweave,INTERMEDIATE,TRAINER,12,45848,37500,122,0
41594,Moonshroud,INTERMEDIATE,TRAINER,11,186615,195000,95,1
44442,Bugsquashers,GEAR,TRAINER,1,204019,231000,88,1
44442,Bugsquashers,GEAR,TRAINER,1,199938,231000,86,1
44442,Bugsquashers,GEAR,TRAINER,1,191940,231000,83,1
44442,Bugsquashers,GEAR,TRAINER,1,188101,231000,81,1
44442,Bugsquashers,GEAR,TRAINER,1,204019,231000,88,1
44442,Bugsquashers,GEAR,TRAINER,1,199938,231000,86,1
44442,Bugsquashers,GEAR,TRAINER,1,191940,231000,83,1
44442,Bugsquashers,GEAR,TRAINER,1,188101,231000,81,1
44442,Bugsquashers,GEAR,TRAINER,1,204019,231000,88,1
44442,Bugsquashers,GEAR,TRAINER,1,199938,231000,86,1
44442,Bugsquashers,GEAR,TRAINER,1,191940,231000,83,1
44442,Bugsquashers,GEAR,TRAINER,1,188101,231000,81,1
44442,Bugsquashers,GEAR,TRAINER,1,204019,231000,88,1
41595,Spellweave,INTERMEDIATE,TRAINER,7,156370,195000,80,1
3928,Superior Healing Potion,ELIXIR_POT,TRAINER,17,1581,1581,100,0
21752,Thorium Setting,INTERMEDIATE,TRAINER,5,1868,1545,120,0
21752,Thorium Setting,INTERMEDIATE,TRAINER,4,1793,1545,116,0
21842,Bolt of Imbued Netherweave,INTERMEDIATE,VENDOR,5,114442,82026,139,0
21842,Bolt of Imbued Netherweave,INTERMEDIATE,VENDOR,6,109864,82026,133,0
41601,Shining Spellthread,MISC,TRAINER,10,116812,124800,93,1
41163,Titanium Bar,INTERMEDIATE,TRAINER,9,17072,20000,85,1
41163,Titanium Bar,INTERMEDIATE,TRAINER,2,16730,20000,83,1
43969,Frostsavage Belt,GEAR,TRAINER,1,405722,515400,78,1
43969,Frostsavage Belt,GEAR,TRAINER,1,389493,515400,75,1
43969,Frostsavage Belt,GEAR,TRAINER,1,373913,515400,72,1
43969,Frostsavage Belt,GEAR,TRAINER,1,405722,515400,78,1
43969,Frostsavage Belt,GEAR,TRAINER,1,389493,515400,75,1
43969,Frostsavage Belt,GEAR,TRAINER,1,373913,515400,72,1
43969,Frostsavage Belt,GEAR,TRAINER,1,405722,515400,78,1
43969,Frostsavage Belt,GEAR,TRAINER,1,389493,515400,75,1
43969,Frostsavage Belt,GEAR,TRAINER,1,373913,515400,72,1
43969,Frostsavage Belt,GEAR,TRAINER,1,405722,515400,78,1
43969,Frostsavage Belt,GEAR,TRAINER,1,389493,515400,75,1
43969,Frostsavage Belt,GEAR,TRAINER,1,373913,515400,72,1
40077,Crazy Alchemist's Potion,ELIXIR_POT,UNSOURCED,14,8760,12000,73,1
45773,Emerald Bag,BAG,VENDOR,1,500976,720000,69,1
45773,Emerald Bag,BAG,VENDOR,1,485946,720000,67,1
45773,Emerald Bag,BAG,VENDOR,1,481086,720000,66,1
45773,Emerald Bag,BAG,VENDOR,1,461842,720000,64,1
45773,Emerald Bag,BAG,VENDOR,1,500976,720000,69,1
45773,Emerald Bag,BAG,VENDOR,1,485946,720000,67,1
45773,Emerald Bag,BAG,VENDOR,1,481086,720000,66,1
45773,Emerald Bag,BAG,VENDOR,1,461842,720000,64,1
45773,Emerald Bag,BAG,VENDOR,1,500976,720000,69,1
45773,Emerald Bag,BAG,VENDOR,1,485946,720000,67,1
45773,Emerald Bag,BAG,VENDOR,1,481086,720000,66,1
22445,Arcane Dust,INTERMEDIATE,UNSOURCED,16,4246,5013,84,1
22445,Arcane Dust,INTERMEDIATE,UNSOURCED,2,4118,5013,82,1
23519,Felsteel Helm,GEAR,DROP,1,6,8,75,1
23519,Felsteel Helm,GEAR,DROP,1,5,8,62,1
23519,Felsteel Helm,GEAR,DROP,1,6,8,75,1
23519,Felsteel Helm,GEAR,DROP,1,5,8,62,1
23519,Felsteel Helm,GEAR,DROP,1,6,8,75,1
23519,Felsteel Helm,GEAR,DROP,1,5,8,62,1
22445,Arcane Dust,INTERMEDIATE,UNSOURCED,10,3753,5013,74,1
22445,Arcane Dust,INTERMEDIATE,UNSOURCED,8,3640,5013,72,1
21752,Thorium Setting,INTERMEDIATE,TRAINER,1,1962,1545,126,0
21752,Thorium Setting,INTERMEDIATE,TRAINER,14,1883,1545,121,0
41129,Brilliant Saronite Breastplate,GEAR,TRAINER,1,465653,422400,110,0
37663,Titansteel Bar,INTERMEDIATE,TRAINER,7,114166,132000,86,1
37663,Titansteel Bar,INTERMEDIATE,TRAINER,5,113024,132000,85,1
9210,Ghost Dye,INTERMEDIATE,VENDOR,4,7700,6210,123,0
9210,Ghost Dye,INTERMEDIATE,VENDOR,2,7546,6210,121,0
41598,Mysterious Bag,BAG,VENDOR,1,655200,750000,87,1
41598,Mysterious Bag,BAG,VENDOR,1,628992,750000,83,1
41598,Mysterious Bag,BAG,VENDOR,1,655200,750000,87,1
41598,Mysterious Bag,BAG,VENDOR,1,628992,750000,83,1
41598,Mysterious Bag,BAG,VENDOR,1,655200,750000,87,1
41598,Mysterious Bag,BAG,VENDOR,1,628992,750000,83,1
41598,Mysterious Bag,BAG,VENDOR,1,655200,750000,87,1
22445,Arcane Dust,INTERMEDIATE,UNSOURCED,2,3966,5013,79,1
22445,Arcane Dust,INTERMEDIATE,UNSOURCED,16,3767,5013,75,1
46378,Flask of Pure Mojo,FLASK,TRAINER,5,60612,53450,113,0
46378,Flask of Pure Mojo,FLASK,TRAINER,17,60005,53450,112,0
20817,Bronze Setting,INTERMEDIATE,TRAINER,11,124,124,100,0
20817,Bronze Setting,INTERMEDIATE,TRAINER,2,124,124,100,0
43969,Frostsavage Belt,GEAR,TRAINER,1,465148,515400,90,1
43969,Frostsavage Belt,GEAR,TRAINER,1,441890,515400,85,1
43969,Frostsavage Belt,GEAR,TRAINER,1,419795,515400,81,1
43969,Frostsavage Belt,GEAR,TRAINER,1,411399,515400,79,1
43969,Frostsavage Belt,GEAR,TRAINER,1,465148,515400,90,1
43969,Frostsavage Belt,GEAR,TRAINER,1,441890,515400,85,1
43969,Frostsavage Belt,GEAR,TRAINER,1,419795,515400,81,1
43969,Frostsavage Belt,GEAR,TRAINER,1,411399,515400,79,1
43969,Frostsavage Belt,GEAR,TRAINER,1,465148,515400,90,1
43969,Frostsavage Belt,GEAR,TRAINER,1,441890,515400,85,1
43969,Frostsavage Belt,GEAR,TRAINER,1,419795,515400,81,1
23447,Eternium Bar,INTERMEDIATE,TRAINER,2,22236,20000,111,0
23447,Eternium Bar,INTERMEDIATE,TRAINER,10,22013,20000,110,0
22522,Superior Wizard Oil,MISC,VENDOR,1,24288,26039,93,1
22522,Superior Wizard Oil,MISC,VENDOR,1,23073,26039,88,1
22522,Superior Wizard Oil,MISC,VENDOR,1,21919,26039,84,1
22522,Superior Wizard Oil,MISC,VENDOR,1,21480,26039,82,1
22522,Superior Wizard Oil,MISC,VENDOR,1,24288,26039,93,1
22522,Superior Wizard Oil,MISC,VENDOR,1,23073,26039,88,1
22522,Superior Wizard Oil,MISC,VENDOR,1,21919,26039,84,1
22522,Superior Wizard Oil,MISC,VENDOR,1,21480,26039,82,1
22522,Superior Wizard Oil,MISC,VENDOR,1,24288,26039,93,1
22522,Superior Wizard Oil,MISC,VENDOR,1,23073,26039,88,1
22445,Arcane Dust,INTERMEDIATE,UNSOURCED,20,3694,5013,73,1
22445,Arcane Dust,INTERMEDIATE,UNSOURCED,18,3583,5013,71,1
22445,Arcane Dust,INTERMEDIATE,UNSOURCED,1,3694,5013,73,1
33092,Healing Potion Injector,ELIXIR_POT,DROP,20,29509,18400,160,0
33092,Healing Potion Injector,ELIXIR_POT,DROP,20,28328,18400,153,0
33092,Healing Potion Injector,ELIXIR_POT,DROP,5,27761,18400,150,0
33092,Healing Potion Injector,ELIXIR_POT,DROP,20,26928,18400,146,0
33092,Healing Potion Injector,ELIXIR_POT,DROP,5,29509,18400,160,0
33092,Healing Potion Injector,ELIXIR_POT,DROP,5,28328,18400,153,0
33092,Healing Potion Injector,ELIXIR_POT,DROP,20,27761,18400,150,0
33092,Healing Potion Injector,ELIXIR_POT,DROP,5,26928,18400,146,0
33092,Healing Potion Injector,ELIXIR_POT,DROP,20,29509,18400,160,0
33092,Healing Potion Injector,ELIXIR_POT,DROP,5,28328,18400,153,0
33092,Healing Potion Injector,ELIXIR_POT,DROP,5,27761,18400,150,0
33092,Healing Potion Injector,ELIXIR_POT,DROP,20,26928,18400,146,0
33092,Healing Potion Injector,ELIXIR_POT,DROP,5,29509,18400,160,0
33092,Healing Potion Injector,ELIXIR_POT,DROP,20,28328,18400,153,0
33092,Healing Potion Injector,ELIXIR_POT,DROP,20,27761,18400,150,0
33092,Healing Potion Injector,ELIXIR_POT,DROP,20,26928,18400,146,0
33092,Healing Potion Injector,ELIXIR_POT,DROP,20,29509,18400,160,0
33092,Healing Potion Injector,ELIXIR_POT,DROP,5,28328,18400,153,0
33092,Healing Potion Injector,ELIXIR_POT,DROP,5,27761,18400,150,0
33092,Healing Potion Injector,ELIXIR_POT,DROP,5,26928,18400,146,0
33092,Healing Potion Injector,ELIXIR_POT,DROP,20,29509,18400,160,0
33092,Healing Potion Injector,ELIXIR_POT,DROP,20,28328,18400,153,0
33092,Healing Potion Injector,ELIXIR_POT,DROP,20,27761,18400,150,0
33092,Healing Potion Injector,ELIXIR_POT,DROP,5,26928,18400,146,0
33092,Healing Potion Injector,ELIXIR_POT,DROP,5,29509,18400,160,0
43249,Shadowmight Ring,GEAR,TRAINER,1,41817,48000,87,1
43249,Shadowmight Ring,GEAR,TRAINER,1,40144,48000,83,1
43249,Shadowmight Ring,GEAR,TRAINER,1,39341,48000,81,1
43249,Shadowmight Ring,GEAR,TRAINER,1,41817,48000,87,1
43249,Shadowmight Ring,GEAR,TRAINER,1,40144,48000,83,1
43249,Shadowmight Ring,GEAR,TRAINER,1,39341,48000,81,1
43249,Shadowmight Ring,GEAR,TRAINER,1,41817,48000,87,1
43249,Shadowmight Ring,GEAR,TRAINER,1,40144,48000,83,1
43249,Shadowmight Ring,GEAR,TRAINER,1,39341,48000,81,1
22252,Satchel of Cenarius,BAG,VENDOR,1,188234,154900,121,0
13511,Flask of Distilled Wisdom,FLASK,DROP,5,36758,13430,273,0
13511,Flask of Distilled Wisdom,FLASK,DROP,17,36022,13430,268,0
2841,Bronze Bar,INTERMEDIATE,TRAINER,14,62,62,100,0
2841,Bronze Bar,INTERMEDIATE,TRAINER,2,62,62,100,0
41594,Moonshroud,INTERMEDIATE,TRAINER,1,204282,195000,104,0
41594,Moonshroud,INTERMEDIATE,TRAINER,8,198153,195000,101,0
43250,Ring of Earthen Might,GEAR,VENDOR,1,67161,88000,76,1
43250,Ring of Earthen Might,GEAR,VENDOR,1,65817,88000,74,1
43250,Ring of Earthen Might,GEAR,VENDOR,1,65158,88000,74,1
43250,Ring of Earthen Might,GEAR,VENDOR,1,63854,88000,72,1
43250,Ring of Earthen Might,GEAR,VENDOR,1,67161,88000,76,1
43250,Ring of Earthen Might,GEAR,VENDOR,1,65817,88000,74,1
43250,Ring of Earthen Might,GEAR,VENDOR,1,65158,88000,74,1
41510,Bolt of Frostweave,INTERMEDIATE,TRAINER,1,45105,37500,120,0
41510,Bolt of Frostweave,INTERMEDIATE,TRAINER,5,44653,37500,119,0
13513,Flask of Chromatic Resistance,FLASK,DROP,5,34335,20250,169,0
13513,Flask of Chromatic Resistance,FLASK,DROP,5,32961,20250,162,0
13513,Flask of Chromatic Resistance,FLASK,DROP,5,34335,20250,169,0
13513,Flask of Chromatic Resistance,FLASK,DROP,3,32961,20250,162,0
44331,Elixir of Lightning Speed,ELIXIR_POT,UNSOURCED,5,11059,11400,97,1
44330,Elixir of Armor Piercing,ELIXIR_POT,UNSOURCED,5,11107,12000,92,1
44330,Elixir of Armor Piercing,ELIXIR_POT,UNSOURCED,2,10662,12000,88,1
43253,Ring of Northern Tears,GEAR,VENDOR,1,157932,164000,96,1
43253,Ring of Northern Tears,GEAR,VENDOR,1,156352,164000,95,1
43253,Ring of Northern Tears,GEAR,VENDOR,1,154788,164000,94,1
43253,Ring of Northern Tears,GEAR,VENDOR,1,150144,164000,91,1
43253,Ring of Northern Tears,GEAR,VENDOR,1,157932,164000,96,1
43253,Ring of Northern Tears,GEAR,VENDOR,1,156352,164000,95,1
43253,Ring of Northern Tears,GEAR,VENDOR,1,154788,164000,94,1
43253,Ring of Northern Tears,GEAR,VENDOR,1,150144,164000,91,1
43253,Ring of Northern Tears,GEAR,VENDOR,1,157932,164000,96,1
43253,Ring of Northern Tears,GEAR,VENDOR,1,156352,164000,95,1
43253,Ring of Northern Tears,GEAR,VENDOR,1,154788,164000,94,1
43253,Ring of Northern Tears,GEAR,VENDOR,1,150144,164000,91,1
43253,Ring of Northern Tears,GEAR,VENDOR,1,157932,164000,96,1
43253,Ring of Northern Tears,GEAR,VENDOR,1,156352,164000,95,1
6037,Truesilver Bar,INTERMEDIATE,TRAINER,9,5284,4120,128,0
6037,Truesilver Bar,INTERMEDIATE,TRAINER,1,5231,4120,126,0
22445,Arcane Dust,INTERMEDIATE,UNSOURCED,20,3843,5013,76,1
22445,Arcane Dust,INTERMEDIATE,UNSOURCED,20,3689,5013,73,1
22445,Arcane Dust,INTERMEDIATE,UNSOURCED,5,3843,5013,76,1
32851,Cauldron of Major Nature Protection,MISC,UNSOURCED,1,542820,166000,327,0
8827,Elixir of Water Walking,ELIXIR_POT,UNSOURCED,6,4710,6180,76,1
43853,Titanium Skeleton Key,MISC,TRAINER,20,5712,7000,81,1
43853,Titanium Skeleton Key,MISC,TRAINER,20,5426,7000,77,1
43853,Titanium Skeleton Key,MISC,TRAINER,20,5154,7000,73,1
43853,Titanium Skeleton Key,MISC,TRAINER,20,5712,7000,81,1
43853,Titanium Skeleton Key,MISC,TRAINER,20,5426,7000,77,1
43853,Titanium Skeleton Key,MISC,TRAINER,20,5154,7000,73,1
43853,Titanium Skeleton Key,MISC,TRAINER,20,5712,7000,81,1
43853,Titanium Skeleton Key,MISC,TRAINER,20,5426,7000,77,1
43853,Titanium Skeleton Key,MISC,TRAINER,20,5154,7000,73,1
43853,Titanium Skeleton Key,MISC,TRAINER,20,5712,7000,81,1
43853,Titanium Skeleton Key,MISC,TRAINER,20,5426,7000,77,1
43853,Titanium Skeleton Key,MISC,TRAINER,20,5154,7000,73,1
43853,Titanium Skeleton Key,MISC,TRAINER,20,5712,7000,81,1
43853,Titanium Skeleton Key,MISC,TRAINER,20,5426,7000,77,1
43853,Titanium Skeleton Key,MISC,TRAINER,20,5154,7000,73,1
45773,Emerald Bag,BAG,VENDOR,1,894240,720000,124,0
32062,Elixir of Major Fortitude,ELIXIR_POT,TRAINER,17,13445,12800,105,0
21991,Heavy Netherweave Bandage,MISC,TRAINER,14,9374,9600,97,1
43125,Darkflame Ink,INTERMEDIATE,TRAINER,5,217,200,108,0
43125,Darkflame Ink,INTERMEDIATE,TRAINER,4,206,200,103,0
38590,Black Chitinguard Boots,GEAR,TRAINER,1,149834,179400,83,1
38590,Black Chitinguard Boots,GEAR,TRAINER,1,148335,179400,82,1
38590,Black Chitinguard Boots,GEAR,TRAINER,1,149834,179400,83,1
38590,Black Chitinguard Boots,GEAR,TRAINER,1,148335,179400,82,1
38590,Black Chitinguard Boots,GEAR,TRAINER,1,149834,179400,83,1
38590,Black Chitinguard Boots,GEAR,TRAINER,1,148335,179400,82,1
38590,Black Chitinguard Boots,GEAR,TRAINER,1,149834,179400,83,1
38590,Black Chitinguard Boots,GEAR,TRAINER,1,148335,179400,82,1
38590,Black Chitinguard Boots,GEAR,TRAINER,1,149834,179400,83,1
38590,Black Chitinguard Boots,GEAR,TRAINER,1,148335,179400,82,1
43123,Ink of the Sky,INTERMEDIATE,TRAINER,5,200,200,100,0
43123,Ink of the Sky,INTERMEDIATE,TRAINER,5,200,200,100,0
5762,Red Linen Bag,BAG,VENDOR,1,711,598,118,0
5762,Red Linen Bag,BAG,VENDOR,1,696,598,116,0
5762,Red Linen Bag,BAG,VENDOR,1,711,598,118,0
8827,Elixir of Water Walking,ELIXIR_POT,UNSOURCED,13,4093,6180,66,1
46379,Flask of Stoneblood,FLASK,TRAINER,5,68921,56600,121,0
46379,Flask of Stoneblood,FLASK,TRAINER,20,66164,56600,116,0
46379,Flask of Stoneblood,FLASK,TRAINER,9,63517,56600,112,0
23782,Fel Iron Casing,INTERMEDIATE,TRAINER,5,39960,36000,111,0
23782,Fel Iron Casing,INTERMEDIATE,TRAINER,3,38761,36000,107,0
4238,Linen Bag,BAG,TRAINER,1,366,366,100,0
43118,Jadefire Ink,INTERMEDIATE,TRAINER,5,351,300,117,0
43118,Jadefire Ink,INTERMEDIATE,TRAINER,4,347,300,115,0
41164,Mammoth Cutters,AMMO,TRAINER,1000,29,34,85,1
41164,Mammoth Cutters,AMMO,TRAINER,1000,27,34,79,1
41164,Mammoth Cutters,AMMO,TRAINER,1000,25,34,73,1
41164,Mammoth Cutters,AMMO,TRAINER,1000,29,34,85,1
41164,Mammoth Cutters,AMMO,TRAINER,1000,27,34,79,1
41164,Mammoth Cutters,AMMO,TRAINER,1000,25,34,73,1
41164,Mammoth Cutters,AMMO,TRAINER,1000,29,34,85,1
41164,Mammoth Cutters,AMMO,TRAINER,1000,27,34,79,1
41164,Mammoth Cutters,AMMO,TRAINER,1000,25,34,73,1
41164,Mammoth Cutters,AMMO,TRAINER,1000,29,34,85,1
41164,Mammoth Cutters,AMMO,TRAINER,1000,27,34,79,1
41164,Mammoth Cutters,AMMO,TRAINER,1000,25,34,73,1
41164,Mammoth Cutters,AMMO,TRAINER,1000,29,34,85,1
41164,Mammoth Cutters,AMMO,TRAINER,1000,27,34,79,1
41164,Mammoth Cutters,AMMO,TRAINER,1000,25,34,73,1
4231,Cured Light Hide,INTERMEDIATE,TRAINER,6,399,347,114,0
44936,Titanium Plating,MISC,VENDOR,7,147206,176000,83,1
40159,Stark Ametrine,GEM_CUT,VENDOR,1,324300,250000,129,0
40159,Stark Ametrine,GEM_CUT,VENDOR,1,317814,250000,127,0
42641,Global Thermal Sapper Charge,MISC,TRAINER,20,5851,6900,84,1
42641,Global Thermal Sapper Charge,MISC,TRAINER,5,5675,6900,82,1
41164,Mammoth Cutters,AMMO,TRAINER,1000,28,34,82,1
41164,Mammoth Cutters,AMMO,TRAINER,1000,26,34,76,1
41164,Mammoth Cutters,AMMO,TRAINER,1000,28,34,82,1
41164,Mammoth Cutters,AMMO,TRAINER,1000,26,34,76,1
41164,Mammoth Cutters,AMMO,TRAINER,1000,28,34,82,1
41164,Mammoth Cutters,AMMO,TRAINER,1000,26,34,76,1
41164,Mammoth Cutters,AMMO,TRAINER,1000,28,34,82,1
41164,Mammoth Cutters,AMMO,TRAINER,1000,26,34,76,1
41164,Mammoth Cutters,AMMO,TRAINER,1000,28,34,82,1
41164,Mammoth Cutters,AMMO,TRAINER,1000,26,34,76,1
41164,Mammoth Cutters,AMMO,TRAINER,1000,28,34,82,1
41164,Mammoth Cutters,AMMO,TRAINER,1000,26,34,76,1
41164,Mammoth Cutters,AMMO,TRAINER,1000,28,34,82,1
41164,Mammoth Cutters,AMMO,TRAINER,1000,26,34,76,1
41164,Mammoth Cutters,AMMO,TRAINER,1000,28,34,82,1
40077,Crazy Alchemist's Potion,ELIXIR_POT,UNSOURCED,5,9480,12000,79,1
40077,Crazy Alchemist's Potion,ELIXIR_POT,UNSOURCED,1,9290,12000,77,1
46378,Flask of Pure Mojo,FLASK,TRAINER,20,63904,53450,119,0
46378,Flask of Pure Mojo,FLASK,TRAINER,5,63264,53450,118,0
46378,Flask of Pure Mojo,FLASK,TRAINER,3,60733,53450,113,0
42420,Shadow Crystal Focusing Lens,MISC,TRAINER,1,26596,20000,132,0
38375,Borean Armor Kit,MISC,TRAINER,7,30405,36000,84,1
41603,Azure Spellthread,MISC,TRAINER,5,120182,124800,96,1
44331,Elixir of Lightning Speed,ELIXIR_POT,UNSOURCED,11,10032,11400,88,1
41164,Mammoth Cutters,AMMO,TRAINER,1000,31,34,91,1
41164,Mammoth Cutters,AMMO,TRAINER,1000,29,34,85,1
41164,Mammoth Cutters,AMMO,TRAINER,1000,28,34,82,1
41164,Mammoth Cutters,AMMO,TRAINER,1000,31,34,91,1
41164,Mammoth Cutters,AMMO,TRAINER,1000,29,34,85,1
41164,Mammoth Cutters,AMMO,TRAINER,1000,28,34,82,1
41164,Mammoth Cutters,AMMO,TRAINER,1000,31,34,91,1
41164,Mammoth Cutters,AMMO,TRAINER,1000,29,34,85,1
41164,Mammoth Cutters,AMMO,TRAINER,1000,28,34,82,1
41164,Mammoth Cutters,AMMO,TRAINER,1000,31,34,91,1
41164,Mammoth Cutters,AMMO,TRAINER,1000,29,34,85,1
41985,Silky Iceshard Boots,GEAR,TRAINER,1,1233000,1233000,100,0
41985,Silky Iceshard Boots,GEAR,TRAINER,1,1233000,1233000,100,0
21841,Netherweave Bag,BAG,TRAINER,1,117766,101000,116,0
21841,Netherweave Bag,BAG,TRAINER,1,115410,101000,114,0
44936,Titanium Plating,MISC,VENDOR,9,142560,176000,81,1
41600,Glacial Bag,BAG,VENDOR,1,985149,990000,99,1
41600,Glacial Bag,BAG,VENDOR,1,945743,990000,95,1
41600,Glacial Bag,BAG,VENDOR,1,898455,990000,90,1
41600,Glacial Bag,BAG,VENDOR,1,862516,990000,87,1
41600,Glacial Bag,BAG,VENDOR,1,985149,990000,99,1
41600,Glacial Bag,BAG,VENDOR,1,945743,990000,95,1
41600,Glacial Bag,BAG,VENDOR,1,898455,990000,90,1
41600,Glacial Bag,BAG,VENDOR,1,862516,990000,87,1
41600,Glacial Bag,BAG,VENDOR,1,985149,990000,99,1
9060,Inlaid Mithril Cylinder,INTERMEDIATE,UNSOURCED,7,39646,15410,257,0
9060,Inlaid Mithril Cylinder,INTERMEDIATE,UNSOURCED,5,38060,15410,246,0
40072,Elixir of Spirit,ELIXIR_POT,TRAINER,5,17671,15000,117,0
40072,Elixir of Spirit,ELIXIR_POT,TRAINER,1,17317,15000,115,0
2996,Bolt of Linen Cloth,INTERMEDIATE,UNSOURCED,7,332,112,296,0
2996,Bolt of Linen Cloth,INTERMEDIATE,UNSOURCED,4,328,112,292,0
21841,Netherweave Bag,BAG,TRAINER,1,116099,101000,114,0
21841,Netherweave Bag,BAG,TRAINER,1,113777,101000,112,0
21876,Primal Mooncloth Bag,BAG,VENDOR,1,683827,504000,135,0
21876,Primal Mooncloth Bag,BAG,VENDOR,1,656473,504000,130,0
21876,Primal Mooncloth Bag,BAG,VENDOR,1,623649,504000,123,0
41165,Saronite Razorheads,AMMO,TRAINER,1000,51,60,85,1
41165,Saronite Razorheads,AMMO,TRAINER,1000,48,60,80,1
41165,Saronite Razorheads,AMMO,TRAINER,1000,45,60,75,1
41165,Saronite Razorheads,AMMO,TRAINER,1000,51,60,85,1
41165,Saronite Razorheads,AMMO,TRAINER,1000,48,60,80,1
41165,Saronite Razorheads,AMMO,TRAINER,1000,45,60,75,1
41165,Saronite Razorheads,AMMO,TRAINER,1000,51,60,85,1
3575,Iron Bar,INTERMEDIATE,TRAINER,12,973,900,108,0
41594,Moonshroud,INTERMEDIATE,TRAINER,6,216801,195000,111,0
41594,Moonshroud,INTERMEDIATE,TRAINER,2,212464,195000,108,0
21990,Netherweave Bandage,MISC,TRAINER,10,4259,4800,88,1
3486,Heavy Grinding Stone,INTERMEDIATE,TRAINER,13,1150,1035,111,0
3486,Heavy Grinding Stone,INTERMEDIATE,TRAINER,1,1104,1035,106,0
22449,Large Prismatic Shard,INTERMEDIATE,VENDOR,1,183600,240000,76,1
22449,Large Prismatic Shard,INTERMEDIATE,VENDOR,13,174420,240000,72,1
43853,Titanium Skeleton Key,MISC,TRAINER,20,5551,7000,79,1
43853,Titanium Skeleton Key,MISC,TRAINER,20,5439,7000,77,1
43853,Titanium Skeleton Key,MISC,TRAINER,20,5551,7000,79,1
43853,Titanium Skeleton Key,MISC,TRAINER,20,5439,7000,77,1
43853,Titanium Skeleton Key,MISC,TRAINER,20,5551,7000,79,1
43853,Titanium Skeleton Key,MISC,TRAINER,20,5439,7000,77,1
43853,Titanium Skeleton Key,MISC,TRAINER,20,5551,7000,79,1
43853,Titanium Skeleton Key,MISC,TRAINER,20,5439,7000,77,1
43853,Titanium Skeleton Key,MISC,TRAINER,20,5551,7000,79,1
43853,Titanium Skeleton Key,MISC,TRAINER,20,5439,7000,77,1
43853,Titanium Skeleton Key,MISC,TRAINER,20,5551,7000,79,1
43853,Titanium Skeleton Key,MISC,TRAINER,20,5439,7000,77,1
43853,Titanium Skeleton Key,MISC,TRAINER,20,5551,7000,79,1
43853,Titanium Skeleton Key,MISC,TRAINER,20,5439,7000,77,1
33568,Borean Leather,INTERMEDIATE,TRAINER,1,11404,13500,84,1
33568,Borean Leather,INTERMEDIATE,TRAINER,11,11175,13500,82,1
23573,Hardened Adamantite Bar,INTERMEDIATE,TRAINER,5,213750,180000,118,0
23573,Hardened Adamantite Bar,INTERMEDIATE,TRAINER,5,211612,180000,117,0
5763,Red Woolen Bag,BAG,VENDOR,1,2220,1782,124,0
25890,Destructive Skyfire Diamond,GEM_CUT,DROP,1,687600,360000,191,0
40104,Intricate Forest Emerald,GEM_CUT,VENDOR,1,181350,150000,120,0
40104,Intricate Forest Emerald,GEM_CUT,VENDOR,1,174096,150000,116,0
40104,Intricate Forest Emerald,GEM_CUT,VENDOR,1,181350,150000,120,0
4304,Thick Leather,INTERMEDIATE,TRAINER,7,4045,3636,111,0
4304,Thick Leather,INTERMEDIATE,TRAINER,6,3923,3636,107,0
43853,Titanium Skeleton Key,MISC,TRAINER,20,5775,7000,82,1
43853,Titanium Skeleton Key,MISC,TRAINER,20,5544,7000,79,1
43853,Titanium Skeleton Key,MISC,TRAINER,20,5775,7000,82,1
43853,Titanium Skeleton Key,MISC,TRAINER,20,5544,7000,79,1
43853,Titanium Skeleton Key,MISC,TRAINER,20,5775,7000,82,1
43853,Titanium Skeleton Key,MISC,TRAINER,20,5544,7000,79,1
43853,Titanium Skeleton Key,MISC,TRAINER,20,5775,7000,82,1
43853,Titanium Skeleton Key,MISC,TRAINER,20,5544,7000,79,1
43853,Titanium Skeleton Key,MISC,TRAINER,20,5775,7000,82,1
43853,Titanium Skeleton Key,MISC,TRAINER,20,5544,7000,79,1
43853,Titanium Skeleton Key,MISC,TRAINER,20,5775,7000,82,1
43853,Titanium Skeleton Key,MISC,TRAINER,20,5544,7000,79,1
43853,Titanium Skeleton Key,MISC,TRAINER,20,5775,7000,82,1
43853,Titanium Skeleton Key,MISC,TRAINER,20,5544,7000,79,1
43853,Titanium Skeleton Key,MISC,TRAINER,20,5775,7000,82,1
22449,Large Prismatic Shard,INTERMEDIATE,VENDOR,13,206712,240000,86,1
22449,Large Prismatic Shard,INTERMEDIATE,VENDOR,7,196376,240000,81,1
22445,Arcane Dust,INTERMEDIATE,UNSOURCED,20,4346,5013,86,1
22445,Arcane Dust,INTERMEDIATE,UNSOURCED,6,4302,5013,85,1
22445,Arcane Dust,INTERMEDIATE,UNSOURCED,13,4346,5013,86,1
44958,Ethereal Oil,INTERMEDIATE,TRAINER,6,79,96,82,1
44958,Ethereal Oil,INTERMEDIATE,TRAINER,5,76,96,79,1
38322,Iron-bound Tome,GEAR,TRAINER,1,302600,302600,100,0
38322,Iron-bound Tome,GEAR,TRAINER,1,302600,302600,100,0
41595,Spellweave,INTERMEDIATE,TRAINER,3,248508,195000,127,0
41595,Spellweave,INTERMEDIATE,TRAINER,12,241052,195000,123,0
22449,Large Prismatic Shard,INTERMEDIATE,VENDOR,8,190968,240000,79,1
22449,Large Prismatic Shard,INTERMEDIATE,VENDOR,8,183329,240000,76,1
21845,Primal Mooncloth,INTERMEDIATE,VENDOR,3,71597,64001,111,0
21845,Primal Mooncloth,INTERMEDIATE,VENDOR,6,68733,64001,107,0
22866,Flask of Pure Death,FLASK,UNSOURCED,5,179820,55500,324,0
22866,Flask of Pure Death,FLASK,UNSOURCED,5,172627,55500,311,0
22866,Flask of Pure Death,FLASK,UNSOURCED,20,169174,55500,304,0
22866,Flask of Pure Death,FLASK,UNSOURCED,5,160715,55500,289,0
22866,Flask of Pure Death,FLASK,UNSOURCED,5,179820,55500,324,0
43121,Fiery Ink,INTERMEDIATE,TRAINER,4,240,200,120,0
43121,Fiery Ink,INTERMEDIATE,TRAINER,3,237,200,118,0
43253,Ring of Northern Tears,GEAR,VENDOR,1,128346,164000,78,1
43253,Ring of Northern Tears,GEAR,VENDOR,1,127062,164000,77,1
43253,Ring of Northern Tears,GEAR,VENDOR,1,123250,164000,75,1
43253,Ring of Northern Tears,GEAR,VENDOR,1,118320,164000,72,1
43253,Ring of Northern Tears,GEAR,VENDOR,1,128346,164000,78,1
43253,Ring of Northern Tears,GEAR,VENDOR,1,127062,164000,77,1
33093,Mana Potion Injector,ELIXIR_POT,DROP,20,36360,14400,252,0
33093,Mana Potion Injector,ELIXIR_POT,DROP,5,35269,14400,244,0
33093,Mana Potion Injector,ELIXIR_POT,DROP,5,33858,14400,235,0
33093,Mana Potion Injector,ELIXIR_POT,DROP,5,36360,14400,252,0
33093,Mana Potion Injector,ELIXIR_POT,DROP,20,35269,14400,244,0
33093,Mana Potion Injector,ELIXIR_POT,DROP,20,33858,14400,235,0
33093,Mana Potion Injector,ELIXIR_POT,DROP,5,36360,14400,252,0
33093,Mana Potion Injector,ELIXIR_POT,DROP,5,35269,14400,244,0
33093,Mana Potion Injector,ELIXIR_POT,DROP,20,33858,14400,235,0
33093,Mana Potion Injector,ELIXIR_POT,DROP,15,36360,14400,252,0
41985,Silky Iceshard Boots,GEAR,TRAINER,1,1639643,1233000,132,0
41985,Silky Iceshard Boots,GEAR,TRAINER,1,1623246,1233000,131,0
41985,Silky Iceshard Boots,GEAR,TRAINER,1,1639643,1233000,132,0
41601,Shining Spellthread,MISC,TRAINER,7,123027,124800,98,1
11128,Golden Rod,INTERMEDIATE,TRAINER,1,3880,3880,100,0
11128,Golden Rod,INTERMEDIATE,TRAINER,1,3880,3880,100,0
11128,Golden Rod,INTERMEDIATE,TRAINER,1,3880,3880,100,0
11128,Golden Rod,INTERMEDIATE,TRAINER,1,3880,3880,100,0
11128,Golden Rod,INTERMEDIATE,TRAINER,1,3880,3880,100,0
11128,Golden Rod,INTERMEDIATE,TRAINER,1,3880,3880,100,0
43122,Shimmering Ink,INTERMEDIATE,TRAINER,8,324,300,108,0
43122,Shimmering Ink,INTERMEDIATE,TRAINER,5,314,300,104,0
21340,Soul Pouch,BAG,VENDOR,1,95852,80078,119,0
21340,Soul Pouch,BAG,VENDOR,1,92976,80078,116,0
21340,Soul Pouch,BAG,VENDOR,1,91116,80078,113,0
32216,Royal Shadowsong Amethyst,GEM_CUT,VENDOR,1,344500,250000,137,0
34490,Bag of Many Hides,BAG,DROP,1,1638528,627500,261,0
25844,Adamantite Rod,INTERMEDIATE,VENDOR,1,229680,180000,127,0
25844,Adamantite Rod,INTERMEDIATE,VENDOR,1,220492,180000,122,0
25844,Adamantite Rod,INTERMEDIATE,VENDOR,1,216082,180000,120,0
25844,Adamantite Rod,INTERMEDIATE,VENDOR,1,229680,180000,127,0
25844,Adamantite Rod,INTERMEDIATE,VENDOR,1,220492,180000,122,0
25844,Adamantite Rod,INTERMEDIATE,VENDOR,1,216082,180000,120,0
25844,Adamantite Rod,INTERMEDIATE,VENDOR,1,229680,180000,127,0
25844,Adamantite Rod,INTERMEDIATE,VENDOR,1,220492,180000,122,0
25844,Adamantite Rod,INTERMEDIATE,VENDOR,1,216082,180000,120,0
25844,Adamantite Rod,INTERMEDIATE,VENDOR,1,229680,180000,127,0
41165,Saronite Razorheads,AMMO,TRAINER,1000,52,60,86,1
41165,Saronite Razorheads,AMMO,TRAINER,1000,50,60,83,1
41165,Saronite Razorheads,AMMO,TRAINER,1000,48,60,80,1
41165,Saronite Razorheads,AMMO,TRAINER,1000,52,60,86,1
41165,Saronite Razorheads,AMMO,TRAINER,1000,50,60,83,1
41165,Saronite Razorheads,AMMO,TRAINER,1000,48,60,80,1
41165,Saronite Razorheads,AMMO,TRAINER,1000,52,60,86,1
41165,Saronite Razorheads,AMMO,TRAINER,1000,50,60,83,1
41165,Saronite Razorheads,AMMO,TRAINER,1000,48,60,80,1
41165,Saronite Razorheads,AMMO,TRAINER,1000,52,60,86,1
22834,Elixir of Major Defense,ELIXIR_POT,VENDOR,8,18659,17000,109,0
41603,Azure Spellthread,MISC,TRAINER,12,111870,124800,89,1
41165,Saronite Razorheads,AMMO,TRAINER,1000,43,60,71,1
41165,Saronite Razorheads,AMMO,TRAINER,1000,42,60,70,1
41165,Saronite Razorheads,AMMO,TRAINER,1000,43,60,71,1
41165,Saronite Razorheads,AMMO,TRAINER,1000,42,60,70,1
41165,Saronite Razorheads,AMMO,TRAINER,1000,43,60,71,1
41165,Saronite Razorheads,AMMO,TRAINER,1000,42,60,70,1
41165,Saronite Razorheads,AMMO,TRAINER,1000,43,60,71,1
41165,Saronite Razorheads,AMMO,TRAINER,1000,42,60,70,1
41165,Saronite Razorheads,AMMO,TRAINER,1000,43,60,71,1
41165,Saronite Razorheads,AMMO,TRAINER,1000,42,60,70,1
41165,Saronite Razorheads,AMMO,TRAINER,1000,43,60,71,1
41165,Saronite Razorheads,AMMO,TRAINER,1000,42,60,70,1
41165,Saronite Razorheads,AMMO,TRAINER,1000,43,60,71,1
41163,Titanium Bar,INTERMEDIATE,TRAINER,3,16116,20000,80,1
41163,Titanium Bar,INTERMEDIATE,TRAINER,7,15793,20000,78,1
43566,Ice Striker's Cloak,GEAR,TRAINER,1,486180,730000,66,1
43566,Ice Striker's Cloak,GEAR,TRAINER,1,471594,730000,64,1
43566,Ice Striker's Cloak,GEAR,TRAINER,1,486180,730000,66,1
43566,Ice Striker's Cloak,GEAR,TRAINER,1,471594,730000,64,1
43566,Ice Striker's Cloak,GEAR,TRAINER,1,486180,730000,66,1
43566,Ice Striker's Cloak,GEAR,TRAINER,1,471594,730000,64,1
9060,Inlaid Mithril Cylinder,INTERMEDIATE,UNSOURCED,6,44997,15410,291,0
9060,Inlaid Mithril Cylinder,INTERMEDIATE,UNSOURCED,9,44547,15410,289,0
22445,Arcane Dust,INTERMEDIATE,UNSOURCED,20,3646,5013,72,1
22445,Arcane Dust,INTERMEDIATE,UNSOURCED,6,3609,5013,71,1
22445,Arcane Dust,INTERMEDIATE,UNSOURCED,1,3536,5013,70,1
41595,Spellweave,INTERMEDIATE,TRAINER,2,132756,195000,68,1
41595,Spellweave,INTERMEDIATE,TRAINER,6,130100,195000,66,1
23774,Fel Iron Toolbox,BAG,VENDOR,1,136188,104000,130,0
23774,Fel Iron Toolbox,BAG,VENDOR,1,134826,104000,129,0
23774,Fel Iron Toolbox,BAG,VENDOR,1,130781,104000,125,0
41594,Moonshroud,INTERMEDIATE,TRAINER,6,213739,195000,109,0
41594,Moonshroud,INTERMEDIATE,TRAINER,3,209464,195000,107,0
40054,Empowered Monarch Topaz,GEM_CUT,VENDOR,1,189390,150000,126,0
44331,Elixir of Lightning Speed,ELIXIR_POT,UNSOURCED,13,8536,11400,74,1
46379,Flask of Stoneblood,FLASK,TRAINER,16,42789,56600,75,1
5762,Red Linen Bag,BAG,VENDOR,1,766,598,128,0
5762,Red Linen Bag,BAG,VENDOR,1,727,598,121,0
46376,Flask of the Frost Wyrm,FLASK,TRAINER,20,77350,65000,119,0
46376,Flask of the Frost Wyrm,FLASK,TRAINER,8,75029,65000,115,0
41163,Titanium Bar,INTERMEDIATE,TRAINER,6,13680,20000,68,1
41163,Titanium Bar,INTERMEDIATE,TRAINER,4,12996,20000,64,1
41511,Bolt of Imbued Frostweave,INTERMEDIATE,TRAINER,5,175429,147000,119,0
41599,Frostweave Bag,BAG,TRAINER,1,1047315,942000,111,0
38425,Heavy Borean Leather,INTERMEDIATE,TRAINER,1,53352,54000,98,1
38425,Heavy Borean Leather,INTERMEDIATE,TRAINER,4,50684,54000,93,1
36913,Saronite Bar,INTERMEDIATE,TRAINER,7,37605,30000,125,0
36913,Saronite Bar,INTERMEDIATE,TRAINER,1,37228,30000,124,0
43853,Titanium Skeleton Key,MISC,TRAINER,20,6575,7000,93,1
43853,Titanium Skeleton Key,MISC,TRAINER,20,6312,7000,90,1
43853,Titanium Skeleton Key,MISC,TRAINER,20,6059,7000,86,1
43853,Titanium Skeleton Key,MISC,TRAINER,20,5816,7000,83,1
43853,Titanium Skeleton Key,MISC,TRAINER,20,6575,7000,93,1
43853,Titanium Skeleton Key,MISC,TRAINER,20,6312,7000,90,1
43853,Titanium Skeleton Key,MISC,TRAINER,20,6059,7000,86,1
43853,Titanium Skeleton Key,MISC,TRAINER,20,5816,7000,83,1
12213,Carrion Surprise,FOOD,VENDOR,16,436,383,113,0
24270,Bag of Jewels,BAG,VENDOR,1,18971,20006,94,1
24270,Bag of Jewels,BAG,VENDOR,1,18212,20006,91,1
24270,Bag of Jewels,BAG,VENDOR,1,18029,20006,90,1
24270,Bag of Jewels,BAG,VENDOR,1,17307,20006,86,1
24270,Bag of Jewels,BAG,VENDOR,1,18971,20006,94,1
24270,Bag of Jewels,BAG,VENDOR,1,18212,20006,91,1
24270,Bag of Jewels,BAG,VENDOR,1,18029,20006,90,1
24270,Bag of Jewels,BAG,VENDOR,1,17307,20006,86,1
44958,Ethereal Oil,INTERMEDIATE,TRAINER,2,72,96,75,1
44958,Ethereal Oil,INTERMEDIATE,TRAINER,9,69,96,71,1
41595,Spellweave,INTERMEDIATE,TRAINER,8,232401,195000,119,0
41595,Spellweave,INTERMEDIATE,TRAINER,5,230076,195000,117,0
23819,Elemental Seaforium Charge,INTERMEDIATE,VENDOR,10,31135,20935,148,0
23819,Elemental Seaforium Charge,INTERMEDIATE,VENDOR,10,29578,20935,141,0
23819,Elemental Seaforium Charge,INTERMEDIATE,VENDOR,2,29282,20935,139,0
4405,Crude Scope,MISC,TRAINER,4,289,276,104,0
41165,Saronite Razorheads,AMMO,TRAINER,1000,47,60,78,1
41165,Saronite Razorheads,AMMO,TRAINER,1000,45,60,75,1
41165,Saronite Razorheads,AMMO,TRAINER,1000,42,60,70,1
41165,Saronite Razorheads,AMMO,TRAINER,1000,40,60,66,1
41165,Saronite Razorheads,AMMO,TRAINER,1000,47,60,78,1
41165,Saronite Razorheads,AMMO,TRAINER,1000,45,60,75,1
41165,Saronite Razorheads,AMMO,TRAINER,1000,42,60,70,1
41165,Saronite Razorheads,AMMO,TRAINER,1000,40,60,66,1
41165,Saronite Razorheads,AMMO,TRAINER,1000,47,60,78,1
41165,Saronite Razorheads,AMMO,TRAINER,1000,45,60,75,1
41165,Saronite Razorheads,AMMO,TRAINER,1000,42,60,70,1
41165,Saronite Razorheads,AMMO,TRAINER,1000,40,60,66,1
21991,Heavy Netherweave Bandage,MISC,TRAINER,11,8954,9600,93,1
41597,Abyssal Bag,BAG,VENDOR,1,928200,750000,123,0
41597,Abyssal Bag,BAG,VENDOR,1,891072,750000,118,0
41597,Abyssal Bag,BAG,VENDOR,1,855429,750000,114,0
41595,Spellweave,INTERMEDIATE,TRAINER,15,177840,195000,91,1
43853,Titanium Skeleton Key,MISC,TRAINER,20,5390,7000,77,1
43853,Titanium Skeleton Key,MISC,TRAINER,20,5282,7000,75,1
43853,Titanium Skeleton Key,MISC,TRAINER,20,5123,7000,73,1
43853,Titanium Skeleton Key,MISC,TRAINER,20,5390,7000,77,1
43853,Titanium Skeleton Key,MISC,TRAINER,20,5282,7000,75,1
43853,Titanium Skeleton Key,MISC,TRAINER,20,5123,7000,73,1
43853,Titanium Skeleton Key,MISC,TRAINER,20,5390,7000,77,1
43853,Titanium Skeleton Key,MISC,TRAINER,20,5282,7000,75,1
43853,Titanium Skeleton Key,MISC,TRAINER,20,5123,7000,73,1
31673,Crunchy Serpent,FOOD,VENDOR,5,1694,1200,141,0
31673,Crunchy Serpent,FOOD,VENDOR,15,1660,1200,138,0
41594,Moonshroud,INTERMEDIATE,TRAINER,1,166803,195000,85,1
41594,Moonshroud,INTERMEDIATE,TRAINER,5,161798,195000,82,1
43973,Frostsavage Shoulders,GEAR,TRAINER,1,439725,520200,84,1
43973,Frostsavage Shoulders,GEAR,TRAINER,1,417738,520200,80,1
43973,Frostsavage Shoulders,GEAR,TRAINER,1,439725,520200,84,1
43973,Frostsavage Shoulders,GEAR,TRAINER,1,417738,520200,80,1
43973,Frostsavage Shoulders,GEAR,TRAINER,1,439725,520200,84,1
43973,Frostsavage Shoulders,GEAR,TRAINER,1,417738,520200,80,1
43973,Frostsavage Shoulders,GEAR,TRAINER,1,439725,520200,84,1
43973,Frostsavage Shoulders,GEAR,TRAINER,1,417738,520200,80,1
43973,Frostsavage Shoulders,GEAR,TRAINER,1,439725,520200,84,1
43973,Frostsavage Shoulders,GEAR,TRAINER,1,417738,520200,80,1
43973,Frostsavage Shoulders,GEAR,TRAINER,1,439725,520200,84,1
5765,Black Silk Pack,BAG,DROP,1,36323,13280,273,0
5765,Black Silk Pack,BAG,DROP,1,34870,13280,262,0
5765,Black Silk Pack,BAG,DROP,1,26182,13280,197,0
23819,Elemental Seaforium Charge,INTERMEDIATE,VENDOR,10,23949,20935,114,0
23819,Elemental Seaforium Charge,INTERMEDIATE,VENDOR,10,22991,20935,109,0
23819,Elemental Seaforium Charge,INTERMEDIATE,VENDOR,3,23949,20935,114,0
23819,Elemental Seaforium Charge,INTERMEDIATE,VENDOR,5,22991,20935,109,0
43436,Eviscerator's Gauntlets,GEAR,VENDOR,1,414540,564000,73,1
43436,Eviscerator's Gauntlets,GEAR,VENDOR,1,397958,564000,70,1
43436,Eviscerator's Gauntlets,GEAR,VENDOR,1,414540,564000,73,1
43436,Eviscerator's Gauntlets,GEAR,VENDOR,1,397958,564000,70,1
43436,Eviscerator's Gauntlets,GEAR,VENDOR,1,414540,564000,73,1
43436,Eviscerator's Gauntlets,GEAR,VENDOR,1,397958,564000,70,1
43436,Eviscerator's Gauntlets,GEAR,VENDOR,1,414540,564000,73,1
43436,Eviscerator's Gauntlets,GEAR,VENDOR,1,397958,564000,70,1
43436,Eviscerator's Gauntlets,GEAR,VENDOR,1,414540,564000,73,1
43436,Eviscerator's Gauntlets,GEAR,VENDOR,1,397958,564000,70,1
43436,Eviscerator's Gauntlets,GEAR,VENDOR,1,414540,564000,73,1
43436,Eviscerator's Gauntlets,GEAR,VENDOR,1,397958,564000,70,1
41595,Spellweave,INTERMEDIATE,TRAINER,2,223060,195000,114,0
41595,Spellweave,INTERMEDIATE,TRAINER,7,218598,195000,112,0
22246,Enchanted Mageweave Pouch,BAG,VENDOR,1,50038,43512,114,0
46376,Flask of the Frost Wyrm,FLASK,TRAINER,5,67574,65000,103,0
46376,Flask of the Frost Wyrm,FLASK,TRAINER,13,65000,65000,100,0
929,Healing Potion,ELIXIR_POT,TRAINER,8,326,288,113,0
44331,Elixir of Lightning Speed,ELIXIR_POT,UNSOURCED,5,8417,11400,73,1
44331,Elixir of Lightning Speed,ELIXIR_POT,UNSOURCED,4,8164,11400,71,1
33092,Healing Potion Injector,ELIXIR_POT,DROP,5,58276,18400,316,0
33092,Healing Potion Injector,ELIXIR_POT,DROP,5,55362,18400,300,0
33092,Healing Potion Injector,ELIXIR_POT,DROP,5,54254,18400,294,0
33092,Healing Potion Injector,ELIXIR_POT,DROP,5,58276,18400,316,0
33092,Healing Potion Injector,ELIXIR_POT,DROP,5,55362,18400,300,0
33092,Healing Potion Injector,ELIXIR_POT,DROP,5,54254,18400,294,0
33092,Healing Potion Injector,ELIXIR_POT,DROP,20,58276,18400,316,0
33092,Healing Potion Injector,ELIXIR_POT,DROP,5,55362,18400,300,0
33092,Healing Potion Injector,ELIXIR_POT,DROP,5,54254,18400,294,0
33092,Healing Potion Injector,ELIXIR_POT,DROP,20,58276,18400,316,0
33092,Healing Potion Injector,ELIXIR_POT,DROP,20,55362,18400,300,0
33092,Healing Potion Injector,ELIXIR_POT,DROP,20,54254,18400,294,0
33092,Healing Potion Injector,ELIXIR_POT,DROP,20,58276,18400,316,0
33092,Healing Potion Injector,ELIXIR_POT,DROP,20,55362,18400,300,0
33092,Healing Potion Injector,ELIXIR_POT,DROP,20,54254,18400,294,0
33092,Healing Potion Injector,ELIXIR_POT,DROP,5,58276,18400,316,0
33092,Healing Potion Injector,ELIXIR_POT,DROP,15,55362,18400,300,0
6338,Silver Rod,INTERMEDIATE,TRAINER,1,337,335,100,0
6338,Silver Rod,INTERMEDIATE,TRAINER,1,335,335,100,0
6338,Silver Rod,INTERMEDIATE,TRAINER,1,337,335,100,0
6338,Silver Rod,INTERMEDIATE,TRAINER,1,335,335,100,0
6338,Silver Rod,INTERMEDIATE,TRAINER,1,337,335,100,0
6338,Silver Rod,INTERMEDIATE,TRAINER,1,335,335,100,0
6338,Silver Rod,INTERMEDIATE,TRAINER,1,337,335,100,0
6338,Silver Rod,INTERMEDIATE,TRAINER,1,335,335,100,0
6338,Silver Rod,INTERMEDIATE,TRAINER,1,337,335,100,0
6338,Silver Rod,INTERMEDIATE,TRAINER,1,335,335,100,0
38347,Mammoth Mining Bag,BAG,VENDOR,1,546436,432000,126,0
38347,Mammoth Mining Bag,BAG,VENDOR,1,540971,432000,125,0
41164,Mammoth Cutters,AMMO,TRAINER,1000,28,34,82,1
41164,Mammoth Cutters,AMMO,TRAINER,1000,26,34,76,1
41164,Mammoth Cutters,AMMO,TRAINER,1000,25,34,73,1
41164,Mammoth Cutters,AMMO,TRAINER,1000,28,34,82,1
41164,Mammoth Cutters,AMMO,TRAINER,1000,26,34,76,1
41164,Mammoth Cutters,AMMO,TRAINER,1000,25,34,73,1
41164,Mammoth Cutters,AMMO,TRAINER,1000,28,34,82,1
41164,Mammoth Cutters,AMMO,TRAINER,1000,26,34,76,1
41164,Mammoth Cutters,AMMO,TRAINER,1000,25,34,73,1
41164,Mammoth Cutters,AMMO,TRAINER,1000,28,34,82,1
41164,Mammoth Cutters,AMMO,TRAINER,1000,26,34,76,1
41164,Mammoth Cutters,AMMO,TRAINER,1000,25,34,73,1
41164,Mammoth Cutters,AMMO,TRAINER,1000,28,34,82,1
41164,Mammoth Cutters,AMMO,TRAINER,1000,26,34,76,1
41164,Mammoth Cutters,AMMO,TRAINER,1000,25,34,73,1
43853,Titanium Skeleton Key,MISC,TRAINER,20,5493,7000,78,1
43853,Titanium Skeleton Key,MISC,TRAINER,20,5273,7000,75,1
43853,Titanium Skeleton Key,MISC,TRAINER,20,5062,7000,72,1
43853,Titanium Skeleton Key,MISC,TRAINER,20,4808,7000,68,1
43853,Titanium Skeleton Key,MISC,TRAINER,20,5493,7000,78,1
43853,Titanium Skeleton Key,MISC,TRAINER,20,5273,7000,75,1
43853,Titanium Skeleton Key,MISC,TRAINER,20,5062,7000,72,1
34490,Bag of Many Hides,BAG,DROP,1,1244834,627500,198,0
34490,Bag of Many Hides,BAG,DROP,1,1195040,627500,190,0
41594,Moonshroud,INTERMEDIATE,TRAINER,4,146016,195000,74,1
41594,Moonshroud,INTERMEDIATE,TRAINER,3,144555,195000,74,1
22449,Large Prismatic Shard,INTERMEDIATE,VENDOR,20,234624,240000,97,1
22449,Large Prismatic Shard,INTERMEDIATE,VENDOR,4,232277,240000,96,1
22449,Large Prismatic Shard,INTERMEDIATE,VENDOR,2,225308,240000,93,1
4377,Heavy Blasting Powder,INTERMEDIATE,TRAINER,2,405,345,117,0
4377,Heavy Blasting Powder,INTERMEDIATE,TRAINER,12,392,345,113,0
22522,Superior Wizard Oil,MISC,VENDOR,1,17315,26039,66,1
22522,Superior Wizard Oil,MISC,VENDOR,1,16968,26039,65,1
22522,Superior Wizard Oil,MISC,VENDOR,1,17315,26039,66,1
22522,Superior Wizard Oil,MISC,VENDOR,1,16968,26039,65,1
22522,Superior Wizard Oil,MISC,VENDOR,1,17315,26039,66,1
22522,Superior Wizard Oil,MISC,VENDOR,1,16968,26039,65,1
22522,Superior Wizard Oil,MISC,VENDOR,1,17315,26039,66,1
22522,Superior Wizard Oil,MISC,VENDOR,1,16968,26039,65,1
20816,Delicate Copper Wire,INTERMEDIATE,UNSOURCED,2,78,40,195,0
20816,Delicate Copper Wire,INTERMEDIATE,UNSOURCED,8,77,40,192,0
33092,Healing Potion Injector,ELIXIR_POT,DROP,20,39683,18400,215,0
33092,Healing Potion Injector,ELIXIR_POT,DROP,5,38492,18400,209,0
33092,Healing Potion Injector,ELIXIR_POT,DROP,5,39683,18400,215,0
33092,Healing Potion Injector,ELIXIR_POT,DROP,20,38492,18400,209,0
33092,Healing Potion Injector,ELIXIR_POT,DROP,20,39683,18400,215,0
33092,Healing Potion Injector,ELIXIR_POT,DROP,20,38492,18400,209,0
33092,Healing Potion Injector,ELIXIR_POT,DROP,5,39683,18400,215,0
33092,Healing Potion Injector,ELIXIR_POT,DROP,20,38492,18400,209,0
33092,Healing Potion Injector,ELIXIR_POT,DROP,5,39683,18400,215,0
33092,Healing Potion Injector,ELIXIR_POT,DROP,5,38492,18400,209,0
33092,Healing Potion Injector,ELIXIR_POT,DROP,5,39683,18400,215,0
33092,Healing Potion Injector,ELIXIR_POT,DROP,20,38492,18400,209,0
33092,Healing Potion Injector,ELIXIR_POT,DROP,5,39683,18400,215,0
33092,Healing Potion Injector,ELIXIR_POT,DROP,5,38492,18400,209,0
33092,Healing Potion Injector,ELIXIR_POT,DROP,5,39683,18400,215,0
33092,Healing Potion Injector,ELIXIR_POT,DROP,20,38492,18400,209,0
33092,Healing Potion Injector,ELIXIR_POT,DROP,20,39683,18400,215,0
33092,Healing Potion Injector,ELIXIR_POT,DROP,20,38492,18400,209,0
33092,Healing Potion Injector,ELIXIR_POT,DROP,20,39683,18400,215,0
33092,Healing Potion Injector,ELIXIR_POT,DROP,5,38492,18400,209,0
33092,Healing Potion Injector,ELIXIR_POT,DROP,5,39683,18400,215,0
33092,Healing Potion Injector,ELIXIR_POT,DROP,5,38492,18400,209,0
8827,Elixir of Water Walking,ELIXIR_POT,UNSOURCED,5,5995,6180,97,1
8827,Elixir of Water Walking,ELIXIR_POT,UNSOURCED,4,5695,6180,92,1
33092,Healing Potion Injector,ELIXIR_POT,DROP,20,37352,18400,203,0
33092,Healing Potion Injector,ELIXIR_POT,DROP,5,36604,18400,198,0
33092,Healing Potion Injector,ELIXIR_POT,DROP,5,35871,18400,194,0
33092,Healing Potion Injector,ELIXIR_POT,DROP,5,35512,18400,193,0
33092,Healing Potion Injector,ELIXIR_POT,DROP,20,37352,18400,203,0
33092,Healing Potion Injector,ELIXIR_POT,DROP,5,36604,18400,198,0
33092,Healing Potion Injector,ELIXIR_POT,DROP,20,35871,18400,194,0
33092,Healing Potion Injector,ELIXIR_POT,DROP,20,35512,18400,193,0
33092,Healing Potion Injector,ELIXIR_POT,DROP,5,37352,18400,203,0
33092,Healing Potion Injector,ELIXIR_POT,DROP,5,36604,18400,198,0
33092,Healing Potion Injector,ELIXIR_POT,DROP,20,35871,18400,194,0
33092,Healing Potion Injector,ELIXIR_POT,DROP,5,35512,18400,193,0
33092,Healing Potion Injector,ELIXIR_POT,DROP,5,37352,18400,203,0
33092,Healing Potion Injector,ELIXIR_POT,DROP,5,36604,18400,198,0
33092,Healing Potion Injector,ELIXIR_POT,DROP,5,35871,18400,194,0
33092,Healing Potion Injector,ELIXIR_POT,DROP,20,35512,18400,193,0
33092,Healing Potion Injector,ELIXIR_POT,DROP,20,37352,18400,203,0
33092,Healing Potion Injector,ELIXIR_POT,DROP,5,36604,18400,198,0
33092,Healing Potion Injector,ELIXIR_POT,DROP,5,35871,18400,194,0
33092,Healing Potion Injector,ELIXIR_POT,DROP,5,35512,18400,193,0
33092,Healing Potion Injector,ELIXIR_POT,DROP,15,37352,18400,203,0
32194,Delicate Crimson Spinel,GEM_CUT,VENDOR,1,363000,250000,145,0
32194,Delicate Crimson Spinel,GEM_CUT,VENDOR,1,348480,250000,139,0
32194,Delicate Crimson Spinel,GEM_CUT,VENDOR,1,338025,250000,135,0
41745,Titanium Rod,INTERMEDIATE,TRAINER,1,98208,80000,122,0
41745,Titanium Rod,INTERMEDIATE,TRAINER,1,97225,80000,121,0
41745,Titanium Rod,INTERMEDIATE,TRAINER,1,98208,80000,122,0
41745,Titanium Rod,INTERMEDIATE,TRAINER,1,97225,80000,121,0
41745,Titanium Rod,INTERMEDIATE,TRAINER,1,98208,80000,122,0
41745,Titanium Rod,INTERMEDIATE,TRAINER,1,97225,80000,121,0
41745,Titanium Rod,INTERMEDIATE,TRAINER,1,98208,80000,122,0
41745,Titanium Rod,INTERMEDIATE,TRAINER,1,97225,80000,121,0
41745,Titanium Rod,INTERMEDIATE,TRAINER,1,98208,80000,122,0
41745,Titanium Rod,INTERMEDIATE,TRAINER,1,97225,80000,121,0
41745,Titanium Rod,INTERMEDIATE,TRAINER,1,98208,80000,122,0
41745,Titanium Rod,INTERMEDIATE,TRAINER,1,97225,80000,121,0
41745,Titanium Rod,INTERMEDIATE,TRAINER,1,98208,80000,122,0
41745,Titanium Rod,INTERMEDIATE,TRAINER,1,97225,80000,121,0
44958,Ethereal Oil,INTERMEDIATE,TRAINER,1,80,96,83,1
44958,Ethereal Oil,INTERMEDIATE,TRAINER,10,76,96,79,1
41595,Spellweave,INTERMEDIATE,TRAINER,9,155590,195000,79,1
41595,Spellweave,INTERMEDIATE,TRAINER,3,147810,195000,75,1
21843,Imbued Netherweave Bag,BAG,VENDOR,1,76446,60005,127,0
21843,Imbued Netherweave Bag,BAG,VENDOR,1,74152,60005,123,0
21843,Imbued Netherweave Bag,BAG,VENDOR,1,71185,60005,118,0
41604,Sapphire Spellthread,MISC,VENDOR,10,469386,586000,80,1
21842,Bolt of Imbued Netherweave,INTERMEDIATE,VENDOR,4,110184,82026,134,0
21842,Bolt of Imbued Netherweave,INTERMEDIATE,VENDOR,8,109082,82026,132,0
46378,Flask of Pure Mojo,FLASK,TRAINER,12,37040,53450,69,1
38411,Iceborne Shoulderpads,GEAR,TRAINER,1,58590,90000,65,1
38411,Iceborne Shoulderpads,GEAR,TRAINER,1,55660,90000,61,1
38411,Iceborne Shoulderpads,GEAR,TRAINER,1,54000,90000,60,1
38411,Iceborne Shoulderpads,GEAR,TRAINER,1,58590,90000,65,1
38411,Iceborne Shoulderpads,GEAR,TRAINER,1,55660,90000,61,1
38411,Iceborne Shoulderpads,GEAR,TRAINER,1,54000,90000,60,1
38411,Iceborne Shoulderpads,GEAR,TRAINER,1,58590,90000,65,1
38411,Iceborne Shoulderpads,GEAR,TRAINER,1,55660,90000,61,1
38411,Iceborne Shoulderpads,GEAR,TRAINER,1,54000,90000,60,1
38411,Iceborne Shoulderpads,GEAR,TRAINER,1,58590,90000,65,1
38411,Iceborne Shoulderpads,GEAR,TRAINER,1,55660,90000,61,1
33092,Healing Potion Injector,ELIXIR_POT,DROP,20,34533,18400,187,0
33092,Healing Potion Injector,ELIXIR_POT,DROP,20,32806,18400,178,0
33092,Healing Potion Injector,ELIXIR_POT,DROP,5,34533,18400,187,0
33092,Healing Potion Injector,ELIXIR_POT,DROP,20,32806,18400,178,0
33092,Healing Potion Injector,ELIXIR_POT,DROP,5,34533,18400,187,0
33092,Healing Potion Injector,ELIXIR_POT,DROP,5,32806,18400,178,0
33092,Healing Potion Injector,ELIXIR_POT,DROP,20,34533,18400,187,0
33092,Healing Potion Injector,ELIXIR_POT,DROP,5,32806,18400,178,0
33092,Healing Potion Injector,ELIXIR_POT,DROP,20,34533,18400,187,0
43566,Ice Striker's Cloak,GEAR,TRAINER,1,691748,730000,94,1
43566,Ice Striker's Cloak,GEAR,TRAINER,1,677913,730000,92,1
43566,Ice Striker's Cloak,GEAR,TRAINER,1,664354,730000,91,1
43566,Ice Striker's Cloak,GEAR,TRAINER,1,691748,730000,94,1
43566,Ice Striker's Cloak,GEAR,TRAINER,1,677913,730000,92,1
43566,Ice Striker's Cloak,GEAR,TRAINER,1,664354,730000,91,1
43566,Ice Striker's Cloak,GEAR,TRAINER,1,691748,730000,94,1
43566,Ice Striker's Cloak,GEAR,TRAINER,1,677913,730000,92,1
43566,Ice Striker's Cloak,GEAR,TRAINER,1,664354,730000,91,1
43566,Ice Striker's Cloak,GEAR,TRAINER,1,691748,730000,94,1
43566,Ice Striker's Cloak,GEAR,TRAINER,1,677913,730000,92,1
45813,Sky Sapphire Amulet,GEAR,TRAINER,1,360162,340000,105,0
41394,Brilliant Titansteel Treads,GEAR,TRAINER,1,535330,670000,79,1
41394,Brilliant Titansteel Treads,GEAR,TRAINER,1,529976,670000,79,1
41394,Brilliant Titansteel Treads,GEAR,TRAINER,1,508776,670000,75,1
41394,Brilliant Titansteel Treads,GEAR,TRAINER,1,535330,670000,79,1
41394,Brilliant Titansteel Treads,GEAR,TRAINER,1,529976,670000,79,1
41394,Brilliant Titansteel Treads,GEAR,TRAINER,1,508776,670000,75,1
41394,Brilliant Titansteel Treads,GEAR,TRAINER,1,535330,670000,79,1
41394,Brilliant Titansteel Treads,GEAR,TRAINER,1,529976,670000,79,1
41394,Brilliant Titansteel Treads,GEAR,TRAINER,1,508776,670000,75,1
41394,Brilliant Titansteel Treads,GEAR,TRAINER,1,535330,670000,79,1
41394,Brilliant Titansteel Treads,GEAR,TRAINER,1,529976,670000,79,1
41394,Brilliant Titansteel Treads,GEAR,TRAINER,1,508776,670000,75,1
41394,Brilliant Titansteel Treads,GEAR,TRAINER,1,535330,670000,79,1
41394,Brilliant Titansteel Treads,GEAR,TRAINER,1,529976,670000,79,1
41394,Brilliant Titansteel Treads,GEAR,TRAINER,1,508776,670000,75,1
25844,Adamantite Rod,INTERMEDIATE,VENDOR,1,192060,180000,106,0
25844,Adamantite Rod,INTERMEDIATE,VENDOR,1,186298,180000,103,0
25844,Adamantite Rod,INTERMEDIATE,VENDOR,1,180000,180000,100,0
25844,Adamantite Rod,INTERMEDIATE,VENDOR,1,192060,180000,106,0
25844,Adamantite Rod,INTERMEDIATE,VENDOR,1,186298,180000,103,0
25844,Adamantite Rod,INTERMEDIATE,VENDOR,1,180000,180000,100,0
25844,Adamantite Rod,INTERMEDIATE,VENDOR,1,192060,180000,106,0
25844,Adamantite Rod,INTERMEDIATE,VENDOR,1,186298,180000,103,0
25844,Adamantite Rod,INTERMEDIATE,VENDOR,1,180000,180000,100,0
25844,Adamantite Rod,INTERMEDIATE,VENDOR,1,192060,180000,106,0
42641,Global Thermal Sapper Charge,MISC,TRAINER,20,5365,6900,77,1
42641,Global Thermal Sapper Charge,MISC,TRAINER,20,5096,6900,73,1
41604,Sapphire Spellthread,MISC,VENDOR,11,553770,586000,94,1
2997,Bolt of Woolen Cloth,INTERMEDIATE,TRAINER,6,414,408,101,0
44939,Lesser Flask of Resistance,FLASK,TRAINER,5,28728,24000,119,0
44939,Lesser Flask of Resistance,FLASK,TRAINER,5,27291,24000,113,0
44939,Lesser Flask of Resistance,FLASK,TRAINER,3,28728,24000,119,0
21843,Imbued Netherweave Bag,BAG,VENDOR,1,76181,60005,126,0
41595,Spellweave,INTERMEDIATE,TRAINER,10,164268,195000,84,1
4339,Bolt of Mageweave,INTERMEDIATE,TRAINER,3,5499,5050,108,0
4339,Bolt of Mageweave,INTERMEDIATE,TRAINER,8,5334,5050,105,0
3860,Mithril Bar,INTERMEDIATE,TRAINER,3,2055,1545,133,0
3860,Mithril Bar,INTERMEDIATE,TRAINER,5,1993,1545,128,0
44939,Lesser Flask of Resistance,FLASK,TRAINER,5,32400,24000,135,0
44939,Lesser Flask of Resistance,FLASK,TRAINER,5,30780,24000,128,0
44939,Lesser Flask of Resistance,FLASK,TRAINER,5,32400,24000,135,0
44939,Lesser Flask of Resistance,FLASK,TRAINER,4,30780,24000,128,0
33093,Mana Potion Injector,ELIXIR_POT,DROP,5,21980,14400,152,0
33093,Mana Potion Injector,ELIXIR_POT,DROP,20,21760,14400,151,0
33093,Mana Potion Injector,ELIXIR_POT,DROP,20,21980,14400,152,0
33093,Mana Potion Injector,ELIXIR_POT,DROP,20,21760,14400,151,0
33093,Mana Potion Injector,ELIXIR_POT,DROP,5,21980,14400,152,0
33093,Mana Potion Injector,ELIXIR_POT,DROP,20,21760,14400,151,0
33093,Mana Potion Injector,ELIXIR_POT,DROP,20,21980,14400,152,0
33093,Mana Potion Injector,ELIXIR_POT,DROP,20,21760,14400,151,0
33093,Mana Potion Injector,ELIXIR_POT,DROP,5,21980,14400,152,0
33093,Mana Potion Injector,ELIXIR_POT,DROP,5,21760,14400,151,0
33093,Mana Potion Injector,ELIXIR_POT,DROP,5,21980,14400,152,0
33093,Mana Potion Injector,ELIXIR_POT,DROP,20,21760,14400,151,0
33093,Mana Potion Injector,ELIXIR_POT,DROP,5,21980,14400,152,0
33093,Mana Potion Injector,ELIXIR_POT,DROP,5,21760,14400,151,0
33093,Mana Potion Injector,ELIXIR_POT,DROP,5,21980,14400,152,0
33093,Mana Potion Injector,ELIXIR_POT,DROP,5,21760,14400,151,0
33093,Mana Potion Injector,ELIXIR_POT,DROP,20,21980,14400,152,0
33093,Mana Potion Injector,ELIXIR_POT,DROP,5,21760,14400,151,0
33093,Mana Potion Injector,ELIXIR_POT,DROP,20,21980,14400,152,0
33093,Mana Potion Injector,ELIXIR_POT,DROP,20,21760,14400,151,0
33093,Mana Potion Injector,ELIXIR_POT,DROP,20,21980,14400,152,0
33093,Mana Potion Injector,ELIXIR_POT,DROP,5,21760,14400,151,0
33093,Mana Potion Injector,ELIXIR_POT,DROP,5,21980,14400,152,0
33093,Mana Potion Injector,ELIXIR_POT,DROP,20,21760,14400,151,0
33093,Mana Potion Injector,ELIXIR_POT,DROP,5,21980,14400,152,0
33093,Mana Potion Injector,ELIXIR_POT,DROP,20,21760,14400,151,0
33093,Mana Potion Injector,ELIXIR_POT,DROP,20,21980,14400,152,0
33093,Mana Potion Injector,ELIXIR_POT,DROP,5,21760,14400,151,0
33093,Mana Potion Injector,ELIXIR_POT,DROP,5,21980,14400,152,0
33093,Mana Potion Injector,ELIXIR_POT,DROP,5,21760,14400,151,0
33093,Mana Potion Injector,ELIXIR_POT,DROP,5,21980,14400,152,0
33093,Mana Potion Injector,ELIXIR_POT,DROP,5,21760,14400,151,0
33093,Mana Potion Injector,ELIXIR_POT,DROP,5,21980,14400,152,0
33093,Mana Potion Injector,ELIXIR_POT,DROP,5,21760,14400,151,0
33093,Mana Potion Injector,ELIXIR_POT,DROP,5,21980,14400,152,0
33093,Mana Potion Injector,ELIXIR_POT,DROP,5,21760,14400,151,0
33093,Mana Potion Injector,ELIXIR_POT,DROP,10,21980,14400,152,0
23518,Felsteel Leggings,GEAR,DROP,1,5,8,62,1
23518,Felsteel Leggings,GEAR,DROP,1,4,8,50,1
23518,Felsteel Leggings,GEAR,DROP,1,4,8,50,1
23518,Felsteel Leggings,GEAR,DROP,1,4,8,50,1
23518,Felsteel Leggings,GEAR,DROP,1,5,8,62,1
23518,Felsteel Leggings,GEAR,DROP,1,4,8,50,1
23518,Felsteel Leggings,GEAR,DROP,1,4,8,50,1
23518,Felsteel Leggings,GEAR,DROP,1,4,8,50,1
23518,Felsteel Leggings,GEAR,DROP,1,5,8,62,1
23518,Felsteel Leggings,GEAR,DROP,1,4,8,50,1
23518,Felsteel Leggings,GEAR,DROP,1,4,8,50,1
23518,Felsteel Leggings,GEAR,DROP,1,4,8,50,1
23518,Felsteel Leggings,GEAR,DROP,1,5,8,62,1
6371,Fire Oil,INTERMEDIATE,TRAINER,7,78,64,121,0
6371,Fire Oil,INTERMEDIATE,TRAINER,4,74,64,115,0
46378,Flask of Pure Mojo,FLASK,TRAINER,20,39884,53450,74,1
46378,Flask of Pure Mojo,FLASK,TRAINER,5,39086,53450,73,1
46378,Flask of Pure Mojo,FLASK,TRAINER,5,38695,53450,72,1
42113,Spellweave Gloves,GEAR,TRAINER,1,1388440,1348000,103,0
42113,Spellweave Gloves,GEAR,TRAINER,1,1348000,1348000,100,0
41593,Ebonweave,INTERMEDIATE,TRAINER,5,125989,195000,64,1
41593,Ebonweave,INTERMEDIATE,TRAINER,2,119689,195000,61,1
22449,Large Prismatic Shard,INTERMEDIATE,VENDOR,1,182952,240000,76,1
22449,Large Prismatic Shard,INTERMEDIATE,VENDOR,9,181122,240000,75,1
7966,Solid Grinding Stone,INTERMEDIATE,TRAINER,14,2567,2352,109,0
22449,Large Prismatic Shard,INTERMEDIATE,VENDOR,6,192600,240000,80,1
22449,Large Prismatic Shard,INTERMEDIATE,VENDOR,4,182970,240000,76,1
43250,Ring of Earthen Might,GEAR,VENDOR,1,75275,88000,85,1
43250,Ring of Earthen Might,GEAR,VENDOR,1,71511,88000,81,1
43250,Ring of Earthen Might,GEAR,VENDOR,1,70795,88000,80,1
43250,Ring of Earthen Might,GEAR,VENDOR,1,70087,88000,79,1
43250,Ring of Earthen Might,GEAR,VENDOR,1,75275,88000,85,1
43250,Ring of Earthen Might,GEAR,VENDOR,1,71511,88000,81,1
43250,Ring of Earthen Might,GEAR,VENDOR,1,70795,88000,80,1
43250,Ring of Earthen Might,GEAR,VENDOR,1,70087,88000,79,1
43250,Ring of Earthen Might,GEAR,VENDOR,1,75275,88000,85,1
21845,Primal Mooncloth,INTERMEDIATE,VENDOR,8,73396,64001,114,0
21845,Primal Mooncloth,INTERMEDIATE,VENDOR,1,70460,64001,110,0
21991,Heavy Netherweave Bandage,MISC,TRAINER,15,9244,9600,96,1
38322,Iron-bound Tome,GEAR,TRAINER,1,332073,302600,109,0
38322,Iron-bound Tome,GEAR,TRAINER,1,322110,302600,106,0
38322,Iron-bound Tome,GEAR,TRAINER,1,318888,302600,105,0
46377,Flask of Endless Rage,FLASK,TRAINER,20,41860,57500,72,1
46377,Flask of Endless Rage,FLASK,TRAINER,2,40185,57500,69,1
22853,Flask of Mighty Restoration,FLASK,UNSOURCED,5,95598,45000,212,0
22853,Flask of Mighty Restoration,FLASK,UNSOURCED,5,90818,45000,201,0
46377,Flask of Endless Rage,FLASK,TRAINER,18,51888,57500,90,1
43119,Royal Ink,INTERMEDIATE,TRAINER,4,262,200,131,0
43119,Royal Ink,INTERMEDIATE,TRAINER,2,248,200,124,0
22449,Large Prismatic Shard,INTERMEDIATE,VENDOR,14,181800,240000,75,1
22449,Large Prismatic Shard,INTERMEDIATE,VENDOR,2,178164,240000,74,1
12644,Dense Grinding Stone,INTERMEDIATE,TRAINER,2,5760,5760,100,0
12644,Dense Grinding Stone,INTERMEDIATE,TRAINER,7,5760,5760,100,0
32204,Brilliant Lionseye,GEM_CUT,VENDOR,1,270250,250000,108,0
27655,Ravager Dog,FOOD,VENDOR,5,1343,1200,111,0
27655,Ravager Dog,FOOD,VENDOR,13,1302,1200,108,0
2318,Light Leather,INTERMEDIATE,UNSOURCED,2,343,132,259,0
2318,Light Leather,INTERMEDIATE,UNSOURCED,8,339,132,256,0
22449,Large Prismatic Shard,INTERMEDIATE,VENDOR,3,192600,240000,80,1
22449,Large Prismatic Shard,INTERMEDIATE,VENDOR,9,190674,240000,79,1
3576,Tin Bar,INTERMEDIATE,TRAINER,7,107,107,100,0
3576,Tin Bar,INTERMEDIATE,TRAINER,8,107,107,100,0
23519,Felsteel Helm,GEAR,DROP,1,4,8,50,1
23519,Felsteel Helm,GEAR,DROP,1,4,8,50,1
23519,Felsteel Helm,GEAR,DROP,1,4,8,50,1
23519,Felsteel Helm,GEAR,DROP,1,4,8,50,1
23519,Felsteel Helm,GEAR,DROP,1,4,8,50,1
23519,Felsteel Helm,GEAR,DROP,1,4,8,50,1
23519,Felsteel Helm,GEAR,DROP,1,4,8,50,1
45773,Emerald Bag,BAG,VENDOR,1,617760,720000,85,1
45773,Emerald Bag,BAG,VENDOR,1,586872,720000,81,1
45773,Emerald Bag,BAG,VENDOR,1,581003,720000,80,1
45773,Emerald Bag,BAG,VENDOR,1,551952,720000,76,1
45773,Emerald Bag,BAG,VENDOR,1,617760,720000,85,1
45773,Emerald Bag,BAG,VENDOR,1,586872,720000,81,1
45773,Emerald Bag,BAG,VENDOR,1,581003,720000,80,1
45773,Emerald Bag,BAG,VENDOR,1,551952,720000,76,1
38399,Trapper's Traveling Pack,BAG,VENDOR,1,612144,432000,141,0
38399,Trapper's Traveling Pack,BAG,VENDOR,1,587658,432000,136,0
38399,Trapper's Traveling Pack,BAG,VENDOR,1,612144,432000,141,0
5762,Red Linen Bag,BAG,VENDOR,1,705,598,117,0
5762,Red Linen Bag,BAG,VENDOR,1,690,598,115,0
43459,Giantmaim Bracers,GEAR,VENDOR,1,917112,1030000,89,1
43459,Giantmaim Bracers,GEAR,VENDOR,1,871256,1030000,84,1
43459,Giantmaim Bracers,GEAR,VENDOR,1,853830,1030000,82,1
43459,Giantmaim Bracers,GEAR,VENDOR,1,811138,1030000,78,1
43459,Giantmaim Bracers,GEAR,VENDOR,1,917112,1030000,89,1
43459,Giantmaim Bracers,GEAR,VENDOR,1,871256,1030000,84,1
43459,Giantmaim Bracers,GEAR,VENDOR,1,853830,1030000,82,1
43459,Giantmaim Bracers,GEAR,VENDOR,1,811138,1030000,78,1
42641,Global Thermal Sapper Charge,MISC,TRAINER,20,5337,6900,77,1
42641,Global Thermal Sapper Charge,MISC,TRAINER,20,5070,6900,73,1
42641,Global Thermal Sapper Charge,MISC,TRAINER,20,5337,6900,77,1
42641,Global Thermal Sapper Charge,MISC,TRAINER,10,5070,6900,73,1
40217,Mighty Shadow Protection Potion,ELIXIR_POT,DROP,5,27264,10800,252,0
40217,Mighty Shadow Protection Potion,ELIXIR_POT,DROP,3,26718,10800,247,0
44446,Pack of Endless Pockets,BAG,TRAINER,1,541036,432000,125,0
45773,Emerald Bag,BAG,VENDOR,1,1047744,720000,145,0
45773,Emerald Bag,BAG,VENDOR,1,1037266,720000,144,0
45773,Emerald Bag,BAG,VENDOR,1,995775,720000,138,0
41593,Ebonweave,INTERMEDIATE,TRAINER,4,230256,195000,118,0
41593,Ebonweave,INTERMEDIATE,TRAINER,4,225650,195000,115,0
13511,Flask of Distilled Wisdom,FLASK,DROP,20,32264,13430,240,0
46378,Flask of Pure Mojo,FLASK,TRAINER,20,49472,53450,92,1
46378,Flask of Pure Mojo,FLASK,TRAINER,5,47987,53450,89,1
46378,Flask of Pure Mojo,FLASK,TRAINER,1,49472,53450,92,1
7071,Iron Buckle,INTERMEDIATE,TRAINER,5,450,450,100,0
7071,Iron Buckle,INTERMEDIATE,TRAINER,5,450,450,100,0
7071,Iron Buckle,INTERMEDIATE,TRAINER,5,450,450,100,0
7071,Iron Buckle,INTERMEDIATE,TRAINER,5,450,450,100,0
7071,Iron Buckle,INTERMEDIATE,TRAINER,5,450,450,100,0
7071,Iron Buckle,INTERMEDIATE,TRAINER,1,450,450,100,0
41598,Mysterious Bag,BAG,VENDOR,1,696600,750000,92,1
41598,Mysterious Bag,BAG,VENDOR,1,661770,750000,88,1
41598,Mysterious Bag,BAG,VENDOR,1,696600,750000,92,1
41598,Mysterious Bag,BAG,VENDOR,1,661770,750000,88,1
41598,Mysterious Bag,BAG,VENDOR,1,696600,750000,92,1
41598,Mysterious Bag,BAG,VENDOR,1,661770,750000,88,1
3486,Heavy Grinding Stone,INTERMEDIATE,TRAINER,3,1035,1035,100,0
3486,Heavy Grinding Stone,INTERMEDIATE,TRAINER,3,1035,1035,100,0
38322,Iron-bound Tome,GEAR,TRAINER,1,302600,302600,100,0
38322,Iron-bound Tome,GEAR,TRAINER,1,302600,302600,100,0
38322,Iron-bound Tome,GEAR,TRAINER,1,302600,302600,100,0
43478,Gigantic Feast,FOOD,VENDOR,16,2916,2593,112,0
40767,Sonic Booster,GEAR,TRAINER,1,179758,230400,78,1
40767,Sonic Booster,GEAR,TRAINER,1,172567,230400,74,1
40767,Sonic Booster,GEAR,TRAINER,1,179758,230400,78,1
40767,Sonic Booster,GEAR,TRAINER,1,172567,230400,74,1
40767,Sonic Booster,GEAR,TRAINER,1,179758,230400,78,1
40767,Sonic Booster,GEAR,TRAINER,1,172567,230400,74,1
43253,Ring of Northern Tears,GEAR,VENDOR,1,149076,164000,90,1
43253,Ring of Northern Tears,GEAR,VENDOR,1,144603,164000,88,1
43253,Ring of Northern Tears,GEAR,VENDOR,1,138818,164000,84,1
43253,Ring of Northern Tears,GEAR,VENDOR,1,149076,164000,90,1
43253,Ring of Northern Tears,GEAR,VENDOR,1,144603,164000,88,1
43253,Ring of Northern Tears,GEAR,VENDOR,1,138818,164000,84,1
43253,Ring of Northern Tears,GEAR,VENDOR,1,149076,164000,90,1
41165,Saronite Razorheads,AMMO,TRAINER,1000,59,60,98,1
41165,Saronite Razorheads,AMMO,TRAINER,1000,58,60,96,1
41165,Saronite Razorheads,AMMO,TRAINER,1000,55,60,91,1
41165,Saronite Razorheads,AMMO,TRAINER,1000,54,60,90,1
41165,Saronite Razorheads,AMMO,TRAINER,1000,59,60,98,1
41165,Saronite Razorheads,AMMO,TRAINER,1000,58,60,96,1
41165,Saronite Razorheads,AMMO,TRAINER,1000,55,60,91,1
41165,Saronite Razorheads,AMMO,TRAINER,1000,54,60,90,1
41165,Saronite Razorheads,AMMO,TRAINER,1000,59,60,98,1
41516,Frostsavage Gloves,GEAR,TRAINER,1,487583,520200,93,1
41516,Frostsavage Gloves,GEAR,TRAINER,1,472955,520200,90,1
41516,Frostsavage Gloves,GEAR,TRAINER,1,487583,520200,93,1
41516,Frostsavage Gloves,GEAR,TRAINER,1,472955,520200,90,1
41516,Frostsavage Gloves,GEAR,TRAINER,1,487583,520200,93,1
41516,Frostsavage Gloves,GEAR,TRAINER,1,472955,520200,90,1
41516,Frostsavage Gloves,GEAR,TRAINER,1,487583,520200,93,1
41516,Frostsavage Gloves,GEAR,TRAINER,1,472955,520200,90,1
4238,Linen Bag,BAG,TRAINER,1,446,366,121,0
4238,Linen Bag,BAG,TRAINER,1,428,366,116,0
4238,Linen Bag,BAG,TRAINER,1,423,366,115,0
32409,Relentless Earthstorm Diamond,GEM_CUT,UNSOURCED,1,576720,360000,160,0
32409,Relentless Earthstorm Diamond,GEM_CUT,UNSOURCED,1,559418,360000,155,0
32409,Relentless Earthstorm Diamond,GEM_CUT,UNSOURCED,1,537041,360000,149,0
40135,Mysterious Dreadstone,GEM_CUT,VENDOR,1,328600,250000,131,0
46377,Flask of Endless Rage,FLASK,TRAINER,20,51175,57500,89,1
46377,Flask of Endless Rage,FLASK,TRAINER,8,49639,57500,86,1
41516,Frostsavage Gloves,GEAR,TRAINER,1,425419,520200,81,1
41516,Frostsavage Gloves,GEAR,TRAINER,1,416910,520200,80,1
41516,Frostsavage Gloves,GEAR,TRAINER,1,404402,520200,77,1
41516,Frostsavage Gloves,GEAR,TRAINER,1,388225,520200,74,1
41516,Frostsavage Gloves,GEAR,TRAINER,1,425419,520200,81,1
41516,Frostsavage Gloves,GEAR,TRAINER,1,416910,520200,80,1
41516,Frostsavage Gloves,GEAR,TRAINER,1,404402,520200,77,1
41516,Frostsavage Gloves,GEAR,TRAINER,1,388225,520200,74,1
41516,Frostsavage Gloves,GEAR,TRAINER,1,425419,520200,81,1
41516,Frostsavage Gloves,GEAR,TRAINER,1,416910,520200,80,1
41516,Frostsavage Gloves,GEAR,TRAINER,1,404402,520200,77,1
41345,Daunting Legplates,GEAR,TRAINER,1,396847,444000,89,1
41345,Daunting Legplates,GEAR,TRAINER,1,392878,444000,88,1
41345,Daunting Legplates,GEAR,TRAINER,1,377162,444000,84,1
41345,Daunting Legplates,GEAR,TRAINER,1,396847,444000,89,1
41345,Daunting Legplates,GEAR,TRAINER,1,392878,444000,88,1
41345,Daunting Legplates,GEAR,TRAINER,1,377162,444000,84,1
41345,Daunting Legplates,GEAR,TRAINER,1,396847,444000,89,1
41345,Daunting Legplates,GEAR,TRAINER,1,392878,444000,88,1
41345,Daunting Legplates,GEAR,TRAINER,1,377162,444000,84,1
41345,Daunting Legplates,GEAR,TRAINER,1,396847,444000,89,1
41345,Daunting Legplates,GEAR,TRAINER,1,392878,444000,88,1
41345,Daunting Legplates,GEAR,TRAINER,1,377162,444000,84,1
41345,Daunting Legplates,GEAR,TRAINER,1,396847,444000,89,1
41345,Daunting Legplates,GEAR,TRAINER,1,392878,444000,88,1
41345,Daunting Legplates,GEAR,TRAINER,1,377162,444000,84,1
41600,Glacial Bag,BAG,VENDOR,1,1910700,990000,193,0
8170,Rugged Leather,INTERMEDIATE,TRAINER,10,7996,7128,112,0
8170,Rugged Leather,INTERMEDIATE,TRAINER,1,7836,7128,109,0
23774,Fel Iron Toolbox,BAG,VENDOR,1,128793,104000,123,0
23774,Fel Iron Toolbox,BAG,VENDOR,1,123641,104000,118,0
23100,Glinting Flame Spessarite,GEM_CUT,TRAINER,1,21560,20000,107,0
23100,Glinting Flame Spessarite,GEM_CUT,TRAINER,1,21128,20000,105,0
24272,Shadowcloth,INTERMEDIATE,VENDOR,1,73255,64001,114,0
24272,Shadowcloth,INTERMEDIATE,VENDOR,8,71057,64001,111,0
16206,Arcanite Rod,INTERMEDIATE,TRAINER,1,125775,123600,101,0
16206,Arcanite Rod,INTERMEDIATE,TRAINER,1,124517,123600,100,0
16206,Arcanite Rod,INTERMEDIATE,TRAINER,1,123600,123600,100,0
16206,Arcanite Rod,INTERMEDIATE,TRAINER,1,123600,123600,100,0
16206,Arcanite Rod,INTERMEDIATE,TRAINER,1,125775,123600,101,0
16206,Arcanite Rod,INTERMEDIATE,TRAINER,1,124517,123600,100,0
16206,Arcanite Rod,INTERMEDIATE,TRAINER,1,123600,123600,100,0
16206,Arcanite Rod,INTERMEDIATE,TRAINER,1,123600,123600,100,0
16206,Arcanite Rod,INTERMEDIATE,TRAINER,1,125775,123600,101,0
16206,Arcanite Rod,INTERMEDIATE,TRAINER,1,124517,123600,100,0
16206,Arcanite Rod,INTERMEDIATE,TRAINER,1,123600,123600,100,0
16206,Arcanite Rod,INTERMEDIATE,TRAINER,1,123600,123600,100,0
16206,Arcanite Rod,INTERMEDIATE,TRAINER,1,125775,123600,101,0
16206,Arcanite Rod,INTERMEDIATE,TRAINER,1,124517,123600,100,0
16206,Arcanite Rod,INTERMEDIATE,TRAINER,1,123600,123600,100,0
40131,Tenuous Dreadstone,GEM_CUT,VENDOR,1,295750,250000,118,0
24270,Bag of Jewels,BAG,VENDOR,1,24114,20006,120,0
24270,Bag of Jewels,BAG,VENDOR,1,23872,20006,119,0
38375,Borean Armor Kit,MISC,TRAINER,6,31471,36000,87,1
40079,Lesser Flask of Toughness,FLASK,TRAINER,16,21000,21000,100,0
22522,Superior Wizard Oil,MISC,VENDOR,1,21854,26039,83,1
22522,Superior Wizard Oil,MISC,VENDOR,1,20761,26039,79,1
22522,Superior Wizard Oil,MISC,VENDOR,1,20345,26039,78,1
22522,Superior Wizard Oil,MISC,VENDOR,1,21854,26039,83,1
22522,Superior Wizard Oil,MISC,VENDOR,1,20761,26039,79,1
22522,Superior Wizard Oil,MISC,VENDOR,1,20345,26039,78,1
22522,Superior Wizard Oil,MISC,VENDOR,1,21854,26039,83,1
22522,Superior Wizard Oil,MISC,VENDOR,1,20761,26039,79,1
22522,Superior Wizard Oil,MISC,VENDOR,1,20345,26039,78,1
22522,Superior Wizard Oil,MISC,VENDOR,1,21854,26039,83,1
22522,Superior Wizard Oil,MISC,VENDOR,1,20761,26039,79,1
22522,Superior Wizard Oil,MISC,VENDOR,1,20345,26039,78,1
14048,Bolt of Runecloth,INTERMEDIATE,TRAINER,2,14958,11760,127,0
14048,Bolt of Runecloth,INTERMEDIATE,TRAINER,6,14359,11760,122,0
13928,Grilled Squid,FOOD,VENDOR,15,212,202,104,0
40177,Lambent Eye of Zul,GEM_CUT,VENDOR,1,321300,250000,128,0
22831,Elixir of Major Agility,ELIXIR_POT,VENDOR,5,16111,12000,134,0
22831,Elixir of Major Agility,ELIXIR_POT,VENDOR,4,15466,12000,128,0
42546,Mana Injector Kit,INTERMEDIATE,TRAINER,20,36594,45600,80,1
42546,Mana Injector Kit,INTERMEDIATE,TRAINER,20,35496,45600,77,1
42546,Mana Injector Kit,INTERMEDIATE,TRAINER,20,36594,45600,80,1
42546,Mana Injector Kit,INTERMEDIATE,TRAINER,20,35496,45600,77,1
42546,Mana Injector Kit,INTERMEDIATE,TRAINER,20,36594,45600,80,1
42546,Mana Injector Kit,INTERMEDIATE,TRAINER,2,35496,45600,77,1
42546,Mana Injector Kit,INTERMEDIATE,TRAINER,2,36594,45600,80,1
22866,Flask of Pure Death,FLASK,UNSOURCED,5,92929,55500,167,0
22866,Flask of Pure Death,FLASK,UNSOURCED,5,91999,55500,165,0
22866,Flask of Pure Death,FLASK,UNSOURCED,5,92929,55500,167,0
22866,Flask of Pure Death,FLASK,UNSOURCED,5,91999,55500,165,0
22866,Flask of Pure Death,FLASK,UNSOURCED,6,92929,55500,167,0
38434,Iceborne Wristguards,GEAR,TRAINER,1,105948,108000,98,1
38434,Iceborne Wristguards,GEAR,TRAINER,1,104888,108000,97,1
38434,Iceborne Wristguards,GEAR,TRAINER,1,105948,108000,98,1
38434,Iceborne Wristguards,GEAR,TRAINER,1,104888,108000,97,1
38434,Iceborne Wristguards,GEAR,TRAINER,1,105948,108000,98,1
38434,Iceborne Wristguards,GEAR,TRAINER,1,104888,108000,97,1
34482,Leatherworker's Satchel,BAG,TRAINER,1,271999,245000,111,0
34482,Leatherworker's Satchel,BAG,TRAINER,1,269279,245000,109,0
34482,Leatherworker's Satchel,BAG,TRAINER,1,263893,245000,107,0
32193,Bold Crimson Spinel,GEM_CUT,VENDOR,1,343750,250000,137,0
32193,Bold Crimson Spinel,GEM_CUT,VENDOR,1,330000,250000,132,0
22866,Flask of Pure Death,FLASK,UNSOURCED,5,140958,55500,253,0
22866,Flask of Pure Death,FLASK,UNSOURCED,5,133910,55500,241,0
22866,Flask of Pure Death,FLASK,UNSOURCED,4,140958,55500,253,0
1710,Greater Healing Potion,ELIXIR_POT,TRAINER,16,591,465,127,0
42111,Ebonweave Gloves,GEAR,TRAINER,1,1539955,1348000,114,0
42111,Ebonweave Gloves,GEAR,TRAINER,1,1524555,1348000,113,0
21844,Bolt of Soulcloth,INTERMEDIATE,VENDOR,9,202478,144000,140,0
13513,Flask of Chromatic Resistance,FLASK,DROP,20,45684,20250,225,0
13513,Flask of Chromatic Resistance,FLASK,DROP,4,43856,20250,216,0
4304,Thick Leather,INTERMEDIATE,TRAINER,8,4223,3636,116,0
4304,Thick Leather,INTERMEDIATE,TRAINER,6,4138,3636,113,0
6338,Silver Rod,INTERMEDIATE,TRAINER,1,367,335,109,0
6338,Silver Rod,INTERMEDIATE,TRAINER,1,352,335,105,0
6338,Silver Rod,INTERMEDIATE,TRAINER,1,367,335,109,0
6338,Silver Rod,INTERMEDIATE,TRAINER,1,352,335,105,0
6338,Silver Rod,INTERMEDIATE,TRAINER,1,367,335,109,0
6338,Silver Rod,INTERMEDIATE,TRAINER,1,352,335,105,0
6338,Silver Rod,INTERMEDIATE,TRAINER,1,367,335,109,0
6338,Silver Rod,INTERMEDIATE,TRAINER,1,352,335,105,0
6338,Silver Rod,INTERMEDIATE,TRAINER,1,367,335,109,0
6338,Silver Rod,INTERMEDIATE,TRAINER,1,352,335,105,0
6338,Silver Rod,INTERMEDIATE,TRAINER,1,367,335,109,0
6338,Silver Rod,INTERMEDIATE,TRAINER,1,352,335,105,0
6338,Silver Rod,INTERMEDIATE,TRAINER,1,367,335,109,0
38375,Borean Armor Kit,MISC,TRAINER,10,24026,36000,66,1
38375,Borean Armor Kit,MISC,TRAINER,4,23785,36000,66,1
33092,Healing Potion Injector,ELIXIR_POT,DROP,5,32678,18400,177,0
33092,Healing Potion Injector,ELIXIR_POT,DROP,5,31697,18400,172,0
33092,Healing Potion Injector,ELIXIR_POT,DROP,5,30746,18400,167,0
33092,Healing Potion Injector,ELIXIR_POT,DROP,5,29823,18400,162,0
33092,Healing Potion Injector,ELIXIR_POT,DROP,5,32678,18400,177,0
33092,Healing Potion Injector,ELIXIR_POT,DROP,20,31697,18400,172,0
33092,Healing Potion Injector,ELIXIR_POT,DROP,5,30746,18400,167,0
33092,Healing Potion Injector,ELIXIR_POT,DROP,20,29823,18400,162,0
33092,Healing Potion Injector,ELIXIR_POT,DROP,5,32678,18400,177,0
33092,Healing Potion Injector,ELIXIR_POT,DROP,20,31697,18400,172,0
33092,Healing Potion Injector,ELIXIR_POT,DROP,20,30746,18400,167,0
33092,Healing Potion Injector,ELIXIR_POT,DROP,5,29823,18400,162,0
33092,Healing Potion Injector,ELIXIR_POT,DROP,5,32678,18400,177,0
33092,Healing Potion Injector,ELIXIR_POT,DROP,20,31697,18400,172,0
33092,Healing Potion Injector,ELIXIR_POT,DROP,20,30746,18400,167,0
33092,Healing Potion Injector,ELIXIR_POT,DROP,5,29823,18400,162,0
33092,Healing Potion Injector,ELIXIR_POT,DROP,20,32678,18400,177,0
33092,Healing Potion Injector,ELIXIR_POT,DROP,20,31697,18400,172,0
33092,Healing Potion Injector,ELIXIR_POT,DROP,5,30746,18400,167,0
33092,Healing Potion Injector,ELIXIR_POT,DROP,5,29823,18400,162,0
33092,Healing Potion Injector,ELIXIR_POT,DROP,20,32678,18400,177,0
33092,Healing Potion Injector,ELIXIR_POT,DROP,5,31697,18400,172,0
33092,Healing Potion Injector,ELIXIR_POT,DROP,5,30746,18400,167,0
33092,Healing Potion Injector,ELIXIR_POT,DROP,20,29823,18400,162,0
33092,Healing Potion Injector,ELIXIR_POT,DROP,5,32678,18400,177,0
33092,Healing Potion Injector,ELIXIR_POT,DROP,5,31697,18400,172,0
33092,Healing Potion Injector,ELIXIR_POT,DROP,20,30746,18400,167,0
33092,Healing Potion Injector,ELIXIR_POT,DROP,20,29823,18400,162,0
33092,Healing Potion Injector,ELIXIR_POT,DROP,20,32678,18400,177,0
33092,Healing Potion Injector,ELIXIR_POT,DROP,20,31697,18400,172,0
44958,Ethereal Oil,INTERMEDIATE,TRAINER,1,74,96,77,1
44958,Ethereal Oil,INTERMEDIATE,TRAINER,10,71,96,73,1
33093,Mana Potion Injector,ELIXIR_POT,DROP,20,26055,14400,180,0
33093,Mana Potion Injector,ELIXIR_POT,DROP,5,25794,14400,179,0
33093,Mana Potion Injector,ELIXIR_POT,DROP,20,25020,14400,173,0
33093,Mana Potion Injector,ELIXIR_POT,DROP,5,24519,14400,170,0
33093,Mana Potion Injector,ELIXIR_POT,DROP,20,26055,14400,180,0
33093,Mana Potion Injector,ELIXIR_POT,DROP,5,25794,14400,179,0
33093,Mana Potion Injector,ELIXIR_POT,DROP,5,25020,14400,173,0
33093,Mana Potion Injector,ELIXIR_POT,DROP,5,24519,14400,170,0
33093,Mana Potion Injector,ELIXIR_POT,DROP,20,26055,14400,180,0
33093,Mana Potion Injector,ELIXIR_POT,DROP,5,25794,14400,179,0
33093,Mana Potion Injector,ELIXIR_POT,DROP,20,25020,14400,173,0
33093,Mana Potion Injector,ELIXIR_POT,DROP,20,24519,14400,170,0
33093,Mana Potion Injector,ELIXIR_POT,DROP,20,26055,14400,180,0
33093,Mana Potion Injector,ELIXIR_POT,DROP,5,25794,14400,179,0
33093,Mana Potion Injector,ELIXIR_POT,DROP,5,25020,14400,173,0
33093,Mana Potion Injector,ELIXIR_POT,DROP,20,24519,14400,170,0
22246,Enchanted Mageweave Pouch,BAG,VENDOR,1,55807,43512,128,0
21845,Primal Mooncloth,INTERMEDIATE,VENDOR,4,76000,64001,118,0
21845,Primal Mooncloth,INTERMEDIATE,VENDOR,1,73720,64001,115,0
46377,Flask of Endless Rage,FLASK,TRAINER,20,75267,57500,130,0
46377,Flask of Endless Rage,FLASK,TRAINER,14,73761,57500,128,0
44939,Lesser Flask of Resistance,FLASK,TRAINER,5,31248,24000,130,0
44939,Lesser Flask of Resistance,FLASK,TRAINER,5,29685,24000,123,0
44939,Lesser Flask of Resistance,FLASK,TRAINER,5,28200,24000,117,0
41165,Saronite Razorheads,AMMO,TRAINER,1000,52,60,86,1
41165,Saronite Razorheads,AMMO,TRAINER,1000,50,60,83,1
41165,Saronite Razorheads,AMMO,TRAINER,1000,49,60,81,1
41165,Saronite Razorheads,AMMO,TRAINER,1000,52,60,86,1
41165,Saronite Razorheads,AMMO,TRAINER,1000,50,60,83,1
41165,Saronite Razorheads,AMMO,TRAINER,1000,49,60,81,1
41165,Saronite Razorheads,AMMO,TRAINER,1000,52,60,86,1
41165,Saronite Razorheads,AMMO,TRAINER,1000,50,60,83,1
41165,Saronite Razorheads,AMMO,TRAINER,1000,49,60,81,1
41165,Saronite Razorheads,AMMO,TRAINER,1000,52,60,86,1
41165,Saronite Razorheads,AMMO,TRAINER,1000,50,60,83,1
41165,Saronite Razorheads,AMMO,TRAINER,1000,49,60,81,1
41165,Saronite Razorheads,AMMO,TRAINER,1000,52,60,86,1
41603,Azure Spellthread,MISC,TRAINER,3,130865,124800,104,0
41163,Titanium Bar,INTERMEDIATE,TRAINER,13,17112,20000,85,1
13511,Flask of Distilled Wisdom,FLASK,DROP,5,30247,13430,225,0
13511,Flask of Distilled Wisdom,FLASK,DROP,11,29642,13430,220,0
38375,Borean Armor Kit,MISC,TRAINER,10,32270,36000,89,1
38375,Borean Armor Kit,MISC,TRAINER,2,31947,36000,88,1
46379,Flask of Stoneblood,FLASK,TRAINER,10,61167,56600,108,0
41163,Titanium Bar,INTERMEDIATE,TRAINER,5,17670,20000,88,1
41163,Titanium Bar,INTERMEDIATE,TRAINER,5,16963,20000,84,1
4361,Copper Tube,INTERMEDIATE,TRAINER,6,155,140,110,0
4361,Copper Tube,INTERMEDIATE,TRAINER,2,150,140,107,0
23774,Fel Iron Toolbox,BAG,VENDOR,1,121513,104000,116,0
23774,Fel Iron Toolbox,BAG,VENDOR,1,117867,104000,113,0
17771,Elementium Bar,MISC,DROP,1,4106426,2472560,166,0
38405,Arctic Belt,GEAR,TRAINER,1,75087,90000,83,1
38405,Arctic Belt,GEAR,TRAINER,1,71332,90000,79,1
38405,Arctic Belt,GEAR,TRAINER,1,69192,90000,76,1
38405,Arctic Belt,GEAR,TRAINER,1,75087,90000,83,1
38405,Arctic Belt,GEAR,TRAINER,1,71332,90000,79,1
38405,Arctic Belt,GEAR,TRAINER,1,69192,90000,76,1
38405,Arctic Belt,GEAR,TRAINER,1,75087,90000,83,1
38405,Arctic Belt,GEAR,TRAINER,1,71332,90000,79,1
23573,Hardened Adamantite Bar,INTERMEDIATE,TRAINER,5,209916,180000,116,0
23573,Hardened Adamantite Bar,INTERMEDIATE,TRAINER,2,207816,180000,115,0
34482,Leatherworker's Satchel,BAG,TRAINER,1,258352,245000,105,0
34482,Leatherworker's Satchel,BAG,TRAINER,1,245434,245000,100,0
13513,Flask of Chromatic Resistance,FLASK,DROP,5,56133,20250,277,0
13513,Flask of Chromatic Resistance,FLASK,DROP,9,55571,20250,274,0
34490,Bag of Many Hides,BAG,DROP,1,1593159,627500,253,0
43566,Ice Striker's Cloak,GEAR,TRAINER,1,512460,730000,70,1
43566,Ice Striker's Cloak,GEAR,TRAINER,1,497086,730000,68,1
43566,Ice Striker's Cloak,GEAR,TRAINER,1,512460,730000,70,1
43566,Ice Striker's Cloak,GEAR,TRAINER,1,497086,730000,68,1
43566,Ice Striker's Cloak,GEAR,TRAINER,1,512460,730000,70,1
40099,Shining Forest Emerald,GEM_CUT,DROP,1,477420,150000,318,0
40099,Shining Forest Emerald,GEM_CUT,DROP,1,472645,150000,315,0
41598,Mysterious Bag,BAG,VENDOR,1,1111800,750000,148,0
41598,Mysterious Bag,BAG,VENDOR,1,1078446,750000,143,0
22522,Superior Wizard Oil,MISC,VENDOR,1,21721,26039,83,1
22522,Superior Wizard Oil,MISC,VENDOR,1,21069,26039,80,1
22522,Superior Wizard Oil,MISC,VENDOR,1,20858,26039,80,1
22522,Superior Wizard Oil,MISC,VENDOR,1,21721,26039,83,1
22522,Superior Wizard Oil,MISC,VENDOR,1,21069,26039,80,1
22522,Superior Wizard Oil,MISC,VENDOR,1,20858,26039,80,1
16206,Arcanite Rod,INTERMEDIATE,TRAINER,1,146737,123600,118,0
16206,Arcanite Rod,INTERMEDIATE,TRAINER,1,143802,123600,116,0
16206,Arcanite Rod,INTERMEDIATE,TRAINER,1,136611,123600,110,0
16206,Arcanite Rod,INTERMEDIATE,TRAINER,1,133878,123600,108,0
16206,Arcanite Rod,INTERMEDIATE,TRAINER,1,146737,123600,118,0
16206,Arcanite Rod,INTERMEDIATE,TRAINER,1,143802,123600,116,0
16206,Arcanite Rod,INTERMEDIATE,TRAINER,1,136611,123600,110,0
16206,Arcanite Rod,INTERMEDIATE,TRAINER,1,133878,123600,108,0
16206,Arcanite Rod,INTERMEDIATE,TRAINER,1,146737,123600,118,0
41597,Abyssal Bag,BAG,VENDOR,1,833250,750000,111,0
41597,Abyssal Bag,BAG,VENDOR,1,816585,750000,108,0
41597,Abyssal Bag,BAG,VENDOR,1,792087,750000,105,0
31079,Mercurial Adamantite,INTERMEDIATE,TRAINER,7,86000,86000,100,0
31079,Mercurial Adamantite,INTERMEDIATE,TRAINER,3,86000,86000,100,0
21342,Core Felcloth Bag,BAG,DROP,1,1032612,353768,291,0
21342,Core Felcloth Bag,BAG,DROP,1,991307,353768,280,0
21342,Core Felcloth Bag,BAG,DROP,1,941741,353768,266,0
4240,Woolen Bag,BAG,TRAINER,1,1349,1324,101,0
4240,Woolen Bag,BAG,TRAINER,1,1324,1324,100,0
46378,Flask of Pure Mojo,FLASK,TRAINER,20,57811,53450,108,0
46378,Flask of Pure Mojo,FLASK,TRAINER,2,55498,53450,103,0
22854,Flask of Relentless Assault,FLASK,UNSOURCED,5,73872,45000,164,0
22854,Flask of Relentless Assault,FLASK,UNSOURCED,5,73133,45000,162,0
22854,Flask of Relentless Assault,FLASK,UNSOURCED,5,73872,45000,164,0
22854,Flask of Relentless Assault,FLASK,UNSOURCED,19,73133,45000,162,0
16766,Undermine Clam Chowder,FOOD,VENDOR,5,413,331,124,0
16766,Undermine Clam Chowder,FOOD,VENDOR,5,392,331,118,0
16766,Undermine Clam Chowder,FOOD,VENDOR,4,380,331,114,0
40160,Stalwart Ametrine,GEM_CUT,VENDOR,1,295200,250000,118,0
41604,Sapphire Spellthread,MISC,VENDOR,7,395257,586000,67,1
46378,Flask of Pure Mojo,FLASK,TRAINER,5,36666,53450,68,1
46378,Flask of Pure Mojo,FLASK,TRAINER,5,35199,53450,65,1
46378,Flask of Pure Mojo,FLASK,TRAINER,2,33791,53450,63,1
41165,Saronite Razorheads,AMMO,TRAINER,1000,37,60,61,1
41165,Saronite Razorheads,AMMO,TRAINER,1000,36,60,60,1
41165,Saronite Razorheads,AMMO,TRAINER,1000,36,60,60,1
41165,Saronite Razorheads,AMMO,TRAINER,1000,37,60,61,1
41165,Saronite Razorheads,AMMO,TRAINER,1000,36,60,60,1
41165,Saronite Razorheads,AMMO,TRAINER,1000,36,60,60,1
41165,Saronite Razorheads,AMMO,TRAINER,1000,37,60,61,1
41165,Saronite Razorheads,AMMO,TRAINER,1000,36,60,60,1
41165,Saronite Razorheads,AMMO,TRAINER,1000,36,60,60,1
41165,Saronite Razorheads,AMMO,TRAINER,1000,37,60,61,1
41165,Saronite Razorheads,AMMO,TRAINER,1000,36,60,60,1
22854,Flask of Relentless Assault,FLASK,UNSOURCED,20,110092,45000,244,0
22854,Flask of Relentless Assault,FLASK,UNSOURCED,4,108991,45000,242,0
43121,Fiery Ink,INTERMEDIATE,TRAINER,6,249,200,124,0
43121,Fiery Ink,INTERMEDIATE,TRAINER,5,241,200,120,0
13511,Flask of Distilled Wisdom,FLASK,DROP,20,28485,13430,212,0
13511,Flask of Distilled Wisdom,FLASK,DROP,10,27915,13430,207,0
42103,Moonshroud Gloves,GEAR,TRAINER,1,1467972,1348000,108,0
42103,Moonshroud Gloves,GEAR,TRAINER,1,1394573,1348000,103,0
38375,Borean Armor Kit,MISC,TRAINER,5,25041,36000,69,1
41510,Bolt of Frostweave,INTERMEDIATE,TRAINER,5,39543,37500,105,0
41510,Bolt of Frostweave,INTERMEDIATE,TRAINER,9,38356,37500,102,0
25845,Eternium Rod,INTERMEDIATE,VENDOR,1,101080,80000,126,0
25845,Eternium Rod,INTERMEDIATE,VENDOR,1,97036,80000,121,0
25845,Eternium Rod,INTERMEDIATE,VENDOR,1,92184,80000,115,0
25845,Eternium Rod,INTERMEDIATE,VENDOR,1,101080,80000,126,0
25845,Eternium Rod,INTERMEDIATE,VENDOR,1,97036,80000,121,0
25845,Eternium Rod,INTERMEDIATE,VENDOR,1,92184,80000,115,0
25845,Eternium Rod,INTERMEDIATE,VENDOR,1,101080,80000,126,0
41516,Frostsavage Gloves,GEAR,TRAINER,1,419073,520200,80,1
41516,Frostsavage Gloves,GEAR,TRAINER,1,414882,520200,79,1
41516,Frostsavage Gloves,GEAR,TRAINER,1,398286,520200,76,1
41516,Frostsavage Gloves,GEAR,TRAINER,1,390320,520200,75,1
41516,Frostsavage Gloves,GEAR,TRAINER,1,419073,520200,80,1
41516,Frostsavage Gloves,GEAR,TRAINER,1,414882,520200,79,1
41516,Frostsavage Gloves,GEAR,TRAINER,1,398286,520200,76,1
41516,Frostsavage Gloves,GEAR,TRAINER,1,390320,520200,75,1
41516,Frostsavage Gloves,GEAR,TRAINER,1,419073,520200,80,1
41516,Frostsavage Gloves,GEAR,TRAINER,1,414882,520200,79,1
41516,Frostsavage Gloves,GEAR,TRAINER,1,398286,520200,76,1
41516,Frostsavage Gloves,GEAR,TRAINER,1,390320,520200,75,1
41516,Frostsavage Gloves,GEAR,TRAINER,1,419073,520200,80,1
41516,Frostsavage Gloves,GEAR,TRAINER,1,414882,520200,79,1
43969,Frostsavage Belt,GEAR,TRAINER,1,349905,515400,67,1
43969,Frostsavage Belt,GEAR,TRAINER,1,335908,515400,65,1
43969,Frostsavage Belt,GEAR,TRAINER,1,349905,515400,67,1
43969,Frostsavage Belt,GEAR,TRAINER,1,335908,515400,65,1
43969,Frostsavage Belt,GEAR,TRAINER,1,349905,515400,67,1
43969,Frostsavage Belt,GEAR,TRAINER,1,335908,515400,65,1
43969,Frostsavage Belt,GEAR,TRAINER,1,349905,515400,67,1
43969,Frostsavage Belt,GEAR,TRAINER,1,335908,515400,65,1
43969,Frostsavage Belt,GEAR,TRAINER,1,349905,515400,67,1
43969,Frostsavage Belt,GEAR,TRAINER,1,335908,515400,65,1
41380,Austere Earthsiege Diamond,GEM_CUT,UNSOURCED,1,595944,360000,165,0
41380,Austere Earthsiege Diamond,GEM_CUT,UNSOURCED,1,589984,360000,163,0
41165,Saronite Razorheads,AMMO,TRAINER,1000,49,60,81,1
41165,Saronite Razorheads,AMMO,TRAINER,1000,48,60,80,1
41165,Saronite Razorheads,AMMO,TRAINER,1000,49,60,81,1
41165,Saronite Razorheads,AMMO,TRAINER,1000,48,60,80,1
41165,Saronite Razorheads,AMMO,TRAINER,1000,49,60,81,1
41165,Saronite Razorheads,AMMO,TRAINER,1000,48,60,80,1
41165,Saronite Razorheads,AMMO,TRAINER,1000,49,60,81,1
41165,Saronite Razorheads,AMMO,TRAINER,1000,48,60,80,1
41165,Saronite Razorheads,AMMO,TRAINER,1000,49,60,81,1
41165,Saronite Razorheads,AMMO,TRAINER,1000,48,60,80,1
41165,Saronite Razorheads,AMMO,TRAINER,1000,49,60,81,1
41165,Saronite Razorheads,AMMO,TRAINER,1000,48,60,80,1
41165,Saronite Razorheads,AMMO,TRAINER,1000,49,60,81,1
41165,Saronite Razorheads,AMMO,TRAINER,1000,48,60,80,1
41165,Saronite Razorheads,AMMO,TRAINER,1000,49,60,81,1
33093,Mana Potion Injector,ELIXIR_POT,DROP,5,29001,14400,201,0
33093,Mana Potion Injector,ELIXIR_POT,DROP,20,27550,14400,191,0
33093,Mana Potion Injector,ELIXIR_POT,DROP,20,26172,14400,181,0
33093,Mana Potion Injector,ELIXIR_POT,DROP,5,24863,14400,172,0
33093,Mana Potion Injector,ELIXIR_POT,DROP,20,29001,14400,201,0
33093,Mana Potion Injector,ELIXIR_POT,DROP,5,27550,14400,191,0
33093,Mana Potion Injector,ELIXIR_POT,DROP,5,26172,14400,181,0
33093,Mana Potion Injector,ELIXIR_POT,DROP,20,24863,14400,172,0
33093,Mana Potion Injector,ELIXIR_POT,DROP,5,29001,14400,201,0
33093,Mana Potion Injector,ELIXIR_POT,DROP,5,27550,14400,191,0
33093,Mana Potion Injector,ELIXIR_POT,DROP,20,26172,14400,181,0
33093,Mana Potion Injector,ELIXIR_POT,DROP,20,24863,14400,172,0
33093,Mana Potion Injector,ELIXIR_POT,DROP,5,29001,14400,201,0
33093,Mana Potion Injector,ELIXIR_POT,DROP,5,27550,14400,191,0
33093,Mana Potion Injector,ELIXIR_POT,DROP,20,26172,14400,181,0
33093,Mana Potion Injector,ELIXIR_POT,DROP,20,24863,14400,172,0
41600,Glacial Bag,BAG,VENDOR,1,801009,990000,80,1
41600,Glacial Bag,BAG,VENDOR,1,792998,990000,80,1
41600,Glacial Bag,BAG,VENDOR,1,769208,990000,77,1
41600,Glacial Bag,BAG,VENDOR,1,801009,990000,80,1
41600,Glacial Bag,BAG,VENDOR,1,792998,990000,80,1
41600,Glacial Bag,BAG,VENDOR,1,769208,990000,77,1
41600,Glacial Bag,BAG,VENDOR,1,801009,990000,80,1
41600,Glacial Bag,BAG,VENDOR,1,792998,990000,80,1
41600,Glacial Bag,BAG,VENDOR,1,769208,990000,77,1
41600,Glacial Bag,BAG,VENDOR,1,801009,990000,80,1
41600,Glacial Bag,BAG,VENDOR,1,792998,990000,80,1
41600,Glacial Bag,BAG,VENDOR,1,769208,990000,77,1
41600,Glacial Bag,BAG,VENDOR,1,801009,990000,80,1
24271,Spellcloth,INTERMEDIATE,VENDOR,3,85697,64001,133,0
24271,Spellcloth,INTERMEDIATE,VENDOR,3,83983,64001,131,0
38404,Arctic Boots,GEAR,TRAINER,1,56721,72000,78,1
38404,Arctic Boots,GEAR,TRAINER,1,55586,72000,77,1
38404,Arctic Boots,GEAR,TRAINER,1,56721,72000,78,1
38404,Arctic Boots,GEAR,TRAINER,1,55586,72000,77,1
38404,Arctic Boots,GEAR,TRAINER,1,56721,72000,78,1
38404,Arctic Boots,GEAR,TRAINER,1,55586,72000,77,1
38404,Arctic Boots,GEAR,TRAINER,1,56721,72000,78,1
45773,Emerald Bag,BAG,VENDOR,1,863136,720000,119,0
45773,Emerald Bag,BAG,VENDOR,1,854504,720000,118,0
13459,Greater Shadow Protection Potion,ELIXIR_POT,DROP,10,5117,1812,282,0
41163,Titanium Bar,INTERMEDIATE,TRAINER,5,18786,20000,93,1
41163,Titanium Bar,INTERMEDIATE,TRAINER,9,18034,20000,90,1
23518,Felsteel Leggings,GEAR,DROP,1,6,8,75,1
23518,Felsteel Leggings,GEAR,DROP,1,5,8,62,1
23518,Felsteel Leggings,GEAR,DROP,1,6,8,75,1
23518,Felsteel Leggings,GEAR,DROP,1,5,8,62,1
23518,Felsteel Leggings,GEAR,DROP,1,6,8,75,1
23518,Felsteel Leggings,GEAR,DROP,1,5,8,62,1
23518,Felsteel Leggings,GEAR,DROP,1,6,8,75,1
23518,Felsteel Leggings,GEAR,DROP,1,5,8,62,1
23518,Felsteel Leggings,GEAR,DROP,1,6,8,75,1
23518,Felsteel Leggings,GEAR,DROP,1,5,8,62,1
23518,Felsteel Leggings,GEAR,DROP,1,6,8,75,1
38399,Trapper's Traveling Pack,BAG,VENDOR,1,526305,432000,121,0
38399,Trapper's Traveling Pack,BAG,VENDOR,1,510515,432000,118,0
38399,Trapper's Traveling Pack,BAG,VENDOR,1,490094,432000,113,0
2841,Bronze Bar,INTERMEDIATE,TRAINER,10,68,62,109,0
2841,Bronze Bar,INTERMEDIATE,TRAINER,10,64,62,103,0
20817,Bronze Setting,INTERMEDIATE,TRAINER,5,139,124,112,0
20817,Bronze Setting,INTERMEDIATE,TRAINER,6,133,124,107,0
14048,Bolt of Runecloth,INTERMEDIATE,TRAINER,8,11760,11760,100,0
43249,Shadowmight Ring,GEAR,TRAINER,1,32832,48000,68,1
43249,Shadowmight Ring,GEAR,TRAINER,1,32503,48000,67,1
43249,Shadowmight Ring,GEAR,TRAINER,1,31527,48000,65,1
43249,Shadowmight Ring,GEAR,TRAINER,1,32832,48000,68,1
43249,Shadowmight Ring,GEAR,TRAINER,1,32503,48000,67,1
43249,Shadowmight Ring,GEAR,TRAINER,1,31527,48000,65,1
43249,Shadowmight Ring,GEAR,TRAINER,1,32832,48000,68,1
43249,Shadowmight Ring,GEAR,TRAINER,1,32503,48000,67,1
41593,Ebonweave,INTERMEDIATE,TRAINER,4,225459,195000,115,0
41593,Ebonweave,INTERMEDIATE,TRAINER,11,220949,195000,113,0
46379,Flask of Stoneblood,FLASK,TRAINER,20,39370,56600,69,1
29540,Reinforced Mining Bag,BAG,VENDOR,1,402321,278000,144,0
29540,Reinforced Mining Bag,BAG,VENDOR,1,386228,278000,138,0
43250,Ring of Earthen Might,GEAR,VENDOR,1,73304,88000,83,1
43250,Ring of Earthen Might,GEAR,VENDOR,1,71837,88000,81,1
43250,Ring of Earthen Might,GEAR,VENDOR,1,70400,88000,80,1
43250,Ring of Earthen Might,GEAR,VENDOR,1,68288,88000,77,1
43250,Ring of Earthen Might,GEAR,VENDOR,1,73304,88000,83,1
20963,Mithril Filigree,INTERMEDIATE,TRAINER,2,3252,3012,107,0
20963,Mithril Filigree,INTERMEDIATE,TRAINER,5,3089,3012,102,0
7966,Solid Grinding Stone,INTERMEDIATE,TRAINER,6,3069,2352,130,0
7966,Solid Grinding Stone,INTERMEDIATE,TRAINER,4,3038,2352,129,0
25843,Fel Iron Rod,INTERMEDIATE,TRAINER,1,83109,72000,115,0
25843,Fel Iron Rod,INTERMEDIATE,TRAINER,1,79784,72000,110,0
25843,Fel Iron Rod,INTERMEDIATE,TRAINER,1,75794,72000,105,0
25843,Fel Iron Rod,INTERMEDIATE,TRAINER,1,83109,72000,115,0
25843,Fel Iron Rod,INTERMEDIATE,TRAINER,1,79784,72000,110,0
25843,Fel Iron Rod,INTERMEDIATE,TRAINER,1,75794,72000,105,0
25843,Fel Iron Rod,INTERMEDIATE,TRAINER,1,83109,72000,115,0
25843,Fel Iron Rod,INTERMEDIATE,TRAINER,1,79784,72000,110,0
25843,Fel Iron Rod,INTERMEDIATE,TRAINER,1,75794,72000,105,0
25843,Fel Iron Rod,INTERMEDIATE,TRAINER,1,83109,72000,115,0
25843,Fel Iron Rod,INTERMEDIATE,TRAINER,1,79784,72000,110,0
9210,Ghost Dye,INTERMEDIATE,VENDOR,10,8785,6210,141,0
9210,Ghost Dye,INTERMEDIATE,VENDOR,1,8345,6210,134,0
9210,Ghost Dye,INTERMEDIATE,VENDOR,3,8094,6210,130,0
41598,Mysterious Bag,BAG,VENDOR,1,637500,750000,85,1
41598,Mysterious Bag,BAG,VENDOR,1,624750,750000,83,1
41598,Mysterious Bag,BAG,VENDOR,1,606007,750000,80,1
41598,Mysterious Bag,BAG,VENDOR,1,637500,750000,85,1
41598,Mysterious Bag,BAG,VENDOR,1,624750,750000,83,1
41598,Mysterious Bag,BAG,VENDOR,1,606007,750000,80,1
41598,Mysterious Bag,BAG,VENDOR,1,637500,750000,85,1
41598,Mysterious Bag,BAG,VENDOR,1,624750,750000,83,1
41598,Mysterious Bag,BAG,VENDOR,1,606007,750000,80,1
41598,Mysterious Bag,BAG,VENDOR,1,637500,750000,85,1
41598,Mysterious Bag,BAG,VENDOR,1,624750,750000,83,1
41598,Mysterious Bag,BAG,VENDOR,1,606007,750000,80,1
41598,Mysterious Bag,BAG,VENDOR,1,637500,750000,85,1
41598,Mysterious Bag,BAG,VENDOR,1,624750,750000,83,1
41598,Mysterious Bag,BAG,VENDOR,1,606007,750000,80,1
4231,Cured Light Hide,INTERMEDIATE,TRAINER,1,397,347,114,0
4231,Cured Light Hide,INTERMEDIATE,TRAINER,5,381,347,109,0
41598,Mysterious Bag,BAG,VENDOR,1,585000,750000,78,1
41598,Mysterious Bag,BAG,VENDOR,1,567450,750000,75,1
41598,Mysterious Bag,BAG,VENDOR,1,550426,750000,73,1
41598,Mysterious Bag,BAG,VENDOR,1,539417,750000,71,1
41598,Mysterious Bag,BAG,VENDOR,1,585000,750000,78,1
41598,Mysterious Bag,BAG,VENDOR,1,567450,750000,75,1
41598,Mysterious Bag,BAG,VENDOR,1,550426,750000,73,1
41598,Mysterious Bag,BAG,VENDOR,1,539417,750000,71,1
41598,Mysterious Bag,BAG,VENDOR,1,585000,750000,78,1
41598,Mysterious Bag,BAG,VENDOR,1,567450,750000,75,1
41598,Mysterious Bag,BAG,VENDOR,1,550426,750000,73,1
41598,Mysterious Bag,BAG,VENDOR,1,539417,750000,71,1
41598,Mysterious Bag,BAG,VENDOR,1,585000,750000,78,1
41164,Mammoth Cutters,AMMO,TRAINER,1000,23,34,67,1
41164,Mammoth Cutters,AMMO,TRAINER,1000,22,34,64,1
41164,Mammoth Cutters,AMMO,TRAINER,1000,21,34,61,1
41164,Mammoth Cutters,AMMO,TRAINER,1000,20,34,58,1
41164,Mammoth Cutters,AMMO,TRAINER,1000,23,34,67,1
41164,Mammoth Cutters,AMMO,TRAINER,1000,22,34,64,1
41164,Mammoth Cutters,AMMO,TRAINER,1000,21,34,61,1
41164,Mammoth Cutters,AMMO,TRAINER,1000,20,34,58,1
41164,Mammoth Cutters,AMMO,TRAINER,1000,23,34,67,1
41164,Mammoth Cutters,AMMO,TRAINER,1000,22,34,64,1
41164,Mammoth Cutters,AMMO,TRAINER,1000,21,34,61,1
41164,Mammoth Cutters,AMMO,TRAINER,1000,20,34,58,1
41164,Mammoth Cutters,AMMO,TRAINER,1000,23,34,67,1
41164,Mammoth Cutters,AMMO,TRAINER,1000,22,34,64,1
9312,Blue Firework,MISC,VENDOR,5,418,317,131,0
9312,Blue Firework,MISC,VENDOR,4,401,317,126,0
34490,Bag of Many Hides,BAG,DROP,1,1861416,627500,296,0
34490,Bag of Many Hides,BAG,DROP,1,1824187,627500,290,0
34490,Bag of Many Hides,BAG,DROP,1,1769461,627500,281,0
38347,Mammoth Mining Bag,BAG,VENDOR,1,560260,432000,129,0
38347,Mammoth Mining Bag,BAG,VENDOR,1,543452,432000,125,0
22866,Flask of Pure Death,FLASK,UNSOURCED,20,105810,55500,190,0
22866,Flask of Pure Death,FLASK,UNSOURCED,5,104751,55500,188,0
22866,Flask of Pure Death,FLASK,UNSOURCED,11,103703,55500,186,0
23774,Fel Iron Toolbox,BAG,VENDOR,1,157570,104000,151,0
23774,Fel Iron Toolbox,BAG,VENDOR,1,151267,104000,145,0
4231,Cured Light Hide,INTERMEDIATE,TRAINER,1,458,347,131,0
4231,Cured Light Hide,INTERMEDIATE,TRAINER,14,439,347,126,0
44939,Lesser Flask of Resistance,FLASK,TRAINER,9,27993,24000,116,0
23775,Titanium Toolbox,BAG,VENDOR,1,530611,448000,118,0
35759,Forceful Seaspray Emerald,GEM_CUT,VENDOR,1,330125,250000,132,0
35759,Forceful Seaspray Emerald,GEM_CUT,VENDOR,1,326823,250000,130,0
35759,Forceful Seaspray Emerald,GEM_CUT,VENDOR,1,330125,250000,132,0
2862,Rough Sharpening Stone,MISC,UNSOURCED,5,28,12,233,0
41351,Savage Saronite Pauldrons,GEAR,TRAINER,1,412224,384000,107,0
40164,Timeless Eye of Zul,GEM_CUT,VENDOR,1,313875,250000,125,0
40164,Timeless Eye of Zul,GEM_CUT,VENDOR,1,298181,250000,119,0
42546,Mana Injector Kit,INTERMEDIATE,TRAINER,20,37091,45600,81,1
42546,Mana Injector Kit,INTERMEDIATE,TRAINER,20,35607,45600,78,1
42546,Mana Injector Kit,INTERMEDIATE,TRAINER,20,34182,45600,74,1
42546,Mana Injector Kit,INTERMEDIATE,TRAINER,20,37091,45600,81,1
42546,Mana Injector Kit,INTERMEDIATE,TRAINER,7,35607,45600,78,1
42546,Mana Injector Kit,INTERMEDIATE,TRAINER,9,34182,45600,74,1
22251,Cenarion Herb Bag,BAG,VENDOR,1,102729,79933,128,0
22251,Cenarion Herb Bag,BAG,VENDOR,1,97592,79933,122,0
41594,Moonshroud,INTERMEDIATE,TRAINER,2,231562,195000,118,0
41594,Moonshroud,INTERMEDIATE,TRAINER,3,222299,195000,113,0
21991,Heavy Netherweave Bandage,MISC,TRAINER,14,8025,9600,83,1
21991,Heavy Netherweave Bandage,MISC,TRAINER,5,8999,9600,93,1
25845,Eternium Rod,INTERMEDIATE,VENDOR,1,106000,80000,132,0
25845,Eternium Rod,INTERMEDIATE,VENDOR,1,100700,80000,125,0
25845,Eternium Rod,INTERMEDIATE,VENDOR,1,95665,80000,119,0
25845,Eternium Rod,INTERMEDIATE,VENDOR,1,106000,80000,132,0
25845,Eternium Rod,INTERMEDIATE,VENDOR,1,100700,80000,125,0
25845,Eternium Rod,INTERMEDIATE,VENDOR,1,95665,80000,119,0
25845,Eternium Rod,INTERMEDIATE,VENDOR,1,106000,80000,132,0
25845,Eternium Rod,INTERMEDIATE,VENDOR,1,100700,80000,125,0
44210,Faces of Doom,GEAR,TRAINER,1,357068,302600,118,0
44210,Faces of Doom,GEAR,TRAINER,1,349926,302600,115,0
13510,Flask of the Titans,FLASK,DROP,20,52005,16860,308,0
43853,Titanium Skeleton Key,MISC,TRAINER,20,5728,7000,81,1
43853,Titanium Skeleton Key,MISC,TRAINER,20,5613,7000,80,1
43853,Titanium Skeleton Key,MISC,TRAINER,20,5444,7000,77,1
43853,Titanium Skeleton Key,MISC,TRAINER,20,5728,7000,81,1
43853,Titanium Skeleton Key,MISC,TRAINER,20,5613,7000,80,1
43853,Titanium Skeleton Key,MISC,TRAINER,20,5444,7000,77,1
43853,Titanium Skeleton Key,MISC,TRAINER,20,5728,7000,81,1
43853,Titanium Skeleton Key,MISC,TRAINER,20,5613,7000,80,1
43853,Titanium Skeleton Key,MISC,TRAINER,20,5444,7000,77,1
43853,Titanium Skeleton Key,MISC,TRAINER,20,5728,7000,81,1
43853,Titanium Skeleton Key,MISC,TRAINER,20,5613,7000,80,1
43853,Titanium Skeleton Key,MISC,TRAINER,20,5444,7000,77,1
43853,Titanium Skeleton Key,MISC,TRAINER,20,5728,7000,81,1
12644,Dense Grinding Stone,INTERMEDIATE,TRAINER,7,6169,5760,107,0
12644,Dense Grinding Stone,INTERMEDIATE,TRAINER,1,5983,5760,103,0
43252,Windfire Band,GEAR,VENDOR,1,83888,112000,74,1
43252,Windfire Band,GEAR,VENDOR,1,79693,112000,71,1
43252,Windfire Band,GEAR,VENDOR,1,75708,112000,67,1
43252,Windfire Band,GEAR,VENDOR,1,83888,112000,74,1
43252,Windfire Band,GEAR,VENDOR,1,79693,112000,71,1
43252,Windfire Band,GEAR,VENDOR,1,75708,112000,67,1
43252,Windfire Band,GEAR,VENDOR,1,83888,112000,74,1
43252,Windfire Band,GEAR,VENDOR,1,79693,112000,71,1
43252,Windfire Band,GEAR,VENDOR,1,75708,112000,67,1
43252,Windfire Band,GEAR,VENDOR,1,83888,112000,74,1
43252,Windfire Band,GEAR,VENDOR,1,79693,112000,71,1
43252,Windfire Band,GEAR,VENDOR,1,75708,112000,67,1
43252,Windfire Band,GEAR,VENDOR,1,83888,112000,74,1
43252,Windfire Band,GEAR,VENDOR,1,79693,112000,71,1
43252,Windfire Band,GEAR,VENDOR,1,75708,112000,67,1
46377,Flask of Endless Rage,FLASK,TRAINER,20,63652,57500,110,0
46377,Flask of Endless Rage,FLASK,TRAINER,5,62378,57500,108,0
46377,Flask of Endless Rage,FLASK,TRAINER,5,59259,57500,103,0
14155,Mooncloth Bag,BAG,DROP,1,160026,59935,266,0
14155,Mooncloth Bag,BAG,DROP,1,158425,59935,264,0
14155,Mooncloth Bag,BAG,DROP,1,155256,59935,259,0
32836,Purified Shadow Pearl,GEM_CUT,TRAINER,1,10245,9280,110,0
32836,Purified Shadow Pearl,GEM_CUT,TRAINER,1,10142,9280,109,0
33208,Flask of Chromatic Wonder,FLASK,VENDOR,5,45489,36000,126,0
33208,Flask of Chromatic Wonder,FLASK,VENDOR,20,43214,36000,120,0
33208,Flask of Chromatic Wonder,FLASK,VENDOR,3,41485,36000,115,0
46379,Flask of Stoneblood,FLASK,TRAINER,5,56600,56600,100,0
46379,Flask of Stoneblood,FLASK,TRAINER,20,56600,56600,100,0
46379,Flask of Stoneblood,FLASK,TRAINER,3,56600,56600,100,0
23447,Eternium Bar,INTERMEDIATE,TRAINER,1,24400,20000,122,0
23447,Eternium Bar,INTERMEDIATE,TRAINER,8,23668,20000,118,0
4234,Heavy Leather,INTERMEDIATE,TRAINER,6,1121,1090,102,0
4234,Heavy Leather,INTERMEDIATE,TRAINER,4,1090,1090,100,0
24029,Teardrop Living Ruby,GEM_CUT,DROP,1,317520,120000,264,0
24029,Teardrop Living Ruby,GEM_CUT,DROP,1,304819,120000,254,0
41165,Saronite Razorheads,AMMO,TRAINER,1000,56,60,93,1
41165,Saronite Razorheads,AMMO,TRAINER,1000,54,60,90,1
41165,Saronite Razorheads,AMMO,TRAINER,1000,56,60,93,1
41165,Saronite Razorheads,AMMO,TRAINER,1000,54,60,90,1
41165,Saronite Razorheads,AMMO,TRAINER,1000,56,60,93,1
41165,Saronite Razorheads,AMMO,TRAINER,1000,54,60,90,1
41165,Saronite Razorheads,AMMO,TRAINER,1000,56,60,93,1
11144,Truesilver Rod,INTERMEDIATE,TRAINER,1,5947,4720,125,0
11144,Truesilver Rod,INTERMEDIATE,TRAINER,1,5828,4720,123,0
11144,Truesilver Rod,INTERMEDIATE,TRAINER,1,5947,4720,125,0
11144,Truesilver Rod,INTERMEDIATE,TRAINER,1,5828,4720,123,0
11144,Truesilver Rod,INTERMEDIATE,TRAINER,1,5947,4720,125,0
11144,Truesilver Rod,INTERMEDIATE,TRAINER,1,5828,4720,123,0
11144,Truesilver Rod,INTERMEDIATE,TRAINER,1,5947,4720,125,0
11144,Truesilver Rod,INTERMEDIATE,TRAINER,1,5828,4720,123,0
11144,Truesilver Rod,INTERMEDIATE,TRAINER,1,5947,4720,125,0
11144,Truesilver Rod,INTERMEDIATE,TRAINER,1,5828,4720,123,0
11144,Truesilver Rod,INTERMEDIATE,TRAINER,1,5947,4720,125,0
11144,Truesilver Rod,INTERMEDIATE,TRAINER,1,5828,4720,123,0
11144,Truesilver Rod,INTERMEDIATE,TRAINER,1,5947,4720,125,0
33568,Borean Leather,INTERMEDIATE,TRAINER,5,11340,13500,84,1
33568,Borean Leather,INTERMEDIATE,TRAINER,1,10999,13500,81,1
41600,Glacial Bag,BAG,VENDOR,1,985149,990000,99,1
41600,Glacial Bag,BAG,VENDOR,1,965446,990000,97,1
41600,Glacial Bag,BAG,VENDOR,1,926828,990000,93,1
41600,Glacial Bag,BAG,VENDOR,1,985149,990000,99,1
41600,Glacial Bag,BAG,VENDOR,1,965446,990000,97,1
41600,Glacial Bag,BAG,VENDOR,1,926828,990000,93,1
41600,Glacial Bag,BAG,VENDOR,1,985149,990000,99,1
41600,Glacial Bag,BAG,VENDOR,1,965446,990000,97,1
41600,Glacial Bag,BAG,VENDOR,1,926828,990000,93,1
41600,Glacial Bag,BAG,VENDOR,1,985149,990000,99,1
41600,Glacial Bag,BAG,VENDOR,1,965446,990000,97,1
41600,Glacial Bag,BAG,VENDOR,1,926828,990000,93,1
41600,Glacial Bag,BAG,VENDOR,1,985149,990000,99,1
41600,Glacial Bag,BAG,VENDOR,1,965446,990000,97,1
41509,Frostweave Net,MISC,TRAINER,20,7970,9000,88,1
41509,Frostweave Net,MISC,TRAINER,20,7730,9000,85,1
41595,Spellweave,INTERMEDIATE,TRAINER,1,159315,195000,81,1
41595,Spellweave,INTERMEDIATE,TRAINER,12,157721,195000,80,1
43969,Frostsavage Belt,GEAR,TRAINER,1,377582,515400,73,1
43969,Frostsavage Belt,GEAR,TRAINER,1,373806,515400,72,1
43969,Frostsavage Belt,GEAR,TRAINER,1,362591,515400,70,1
43969,Frostsavage Belt,GEAR,TRAINER,1,348087,515400,67,1
43969,Frostsavage Belt,GEAR,TRAINER,1,377582,515400,73,1
43969,Frostsavage Belt,GEAR,TRAINER,1,373806,515400,72,1
43969,Frostsavage Belt,GEAR,TRAINER,1,362591,515400,70,1
43969,Frostsavage Belt,GEAR,TRAINER,1,348087,515400,67,1
43969,Frostsavage Belt,GEAR,TRAINER,1,377582,515400,73,1
43969,Frostsavage Belt,GEAR,TRAINER,1,373806,515400,72,1
43969,Frostsavage Belt,GEAR,TRAINER,1,362591,515400,70,1
43969,Frostsavage Belt,GEAR,TRAINER,1,348087,515400,67,1
5081,Kodo Hide Bag,BAG,UNSOURCED,1,1295,853,151,0
5081,Kodo Hide Bag,BAG,UNSOURCED,1,1256,853,147,0
5081,Kodo Hide Bag,BAG,UNSOURCED,1,1193,853,139,0
40119,Solid Majestic Zircon,GEM_CUT,VENDOR,1,316800,250000,126,0
40119,Solid Majestic Zircon,GEM_CUT,VENDOR,1,307296,250000,122,0
40119,Solid Majestic Zircon,GEM_CUT,VENDOR,1,316800,250000,126,0
31868,Wicked Noble Topaz,GEM_CUT,DROP,1,349248,120000,291,0
43124,Ethereal Ink,INTERMEDIATE,TRAINER,4,310,300,103,0
43124,Ethereal Ink,INTERMEDIATE,TRAINER,1,306,300,102,0
41600,Glacial Bag,BAG,VENDOR,1,2110482,990000,213,0
46378,Flask of Pure Mojo,FLASK,TRAINER,20,67538,53450,126,0
46378,Flask of Pure Mojo,FLASK,TRAINER,5,66187,53450,123,0
46378,Flask of Pure Mojo,FLASK,TRAINER,1,65525,53450,122,0
29540,Reinforced Mining Bag,BAG,VENDOR,1,336129,278000,120,0
29540,Reinforced Mining Bag,BAG,VENDOR,1,319322,278000,114,0
29540,Reinforced Mining Bag,BAG,VENDOR,1,336129,278000,120,0
41092,Glyph of Judgement,MISC,TRAINER,1,428,425,100,0
40114,Bright Cardinal Ruby,GEM_CUT,VENDOR,1,304425,250000,121,0
40772,Gnomish Army Knife,MISC,TRAINER,1,204869,300175,68,1
40772,Gnomish Army Knife,MISC,TRAINER,1,202820,300175,67,1
40772,Gnomish Army Knife,MISC,TRAINER,1,196735,300175,65,1
40772,Gnomish Army Knife,MISC,TRAINER,1,190832,300175,63,1
40772,Gnomish Army Knife,MISC,TRAINER,1,204869,300175,68,1
40772,Gnomish Army Knife,MISC,TRAINER,1,202820,300175,67,1
40772,Gnomish Army Knife,MISC,TRAINER,1,196735,300175,65,1
40772,Gnomish Army Knife,MISC,TRAINER,1,190832,300175,63,1
40772,Gnomish Army Knife,MISC,TRAINER,1,204869,300175,68,1
40772,Gnomish Army Knife,MISC,TRAINER,1,202820,300175,67,1
40772,Gnomish Army Knife,MISC,TRAINER,1,196735,300175,65,1
40772,Gnomish Army Knife,MISC,TRAINER,1,190832,300175,63,1
40772,Gnomish Army Knife,MISC,TRAINER,1,204869,300175,68,1
40772,Gnomish Army Knife,MISC,TRAINER,1,202820,300175,67,1
33093,Mana Potion Injector,ELIXIR_POT,DROP,5,45299,14400,314,0
33093,Mana Potion Injector,ELIXIR_POT,DROP,5,43487,14400,301,0
33093,Mana Potion Injector,ELIXIR_POT,DROP,20,45299,14400,314,0
33093,Mana Potion Injector,ELIXIR_POT,DROP,20,43487,14400,301,0
33093,Mana Potion Injector,ELIXIR_POT,DROP,20,45299,14400,314,0
33093,Mana Potion Injector,ELIXIR_POT,DROP,20,43487,14400,301,0
33093,Mana Potion Injector,ELIXIR_POT,DROP,5,45299,14400,314,0
33093,Mana Potion Injector,ELIXIR_POT,DROP,5,43487,14400,301,0
33093,Mana Potion Injector,ELIXIR_POT,DROP,5,45299,14400,314,0
33093,Mana Potion Injector,ELIXIR_POT,DROP,15,43487,14400,301,0
44210,Faces of Doom,GEAR,TRAINER,1,310830,302600,102,0
44210,Faces of Doom,GEAR,TRAINER,1,307721,302600,101,0
25844,Adamantite Rod,INTERMEDIATE,VENDOR,1,246582,180000,136,0
25844,Adamantite Rod,INTERMEDIATE,VENDOR,1,241650,180000,134,0
25844,Adamantite Rod,INTERMEDIATE,VENDOR,1,236817,180000,131,0
25844,Adamantite Rod,INTERMEDIATE,VENDOR,1,224976,180000,124,0
25844,Adamantite Rod,INTERMEDIATE,VENDOR,1,246582,180000,136,0
13459,Greater Shadow Protection Potion,ELIXIR_POT,DROP,5,2708,1812,149,0
13459,Greater Shadow Protection Potion,ELIXIR_POT,DROP,9,2653,1812,146,0
21845,Primal Mooncloth,INTERMEDIATE,VENDOR,5,79872,64001,124,0
21845,Primal Mooncloth,INTERMEDIATE,VENDOR,5,75878,64001,118,0
22449,Large Prismatic Shard,INTERMEDIATE,VENDOR,20,220584,240000,91,1
22449,Large Prismatic Shard,INTERMEDIATE,VENDOR,1,213966,240000,89,1
22449,Large Prismatic Shard,INTERMEDIATE,VENDOR,9,211826,240000,88,1
13512,Flask of Supreme Power,FLASK,DROP,14,17431,11430,152,0
23114,Gleaming Golden Draenite,GEM_CUT,VENDOR,1,27948,20000,139,0
23114,Gleaming Golden Draenite,GEM_CUT,VENDOR,1,27109,20000,135,0
24272,Shadowcloth,INTERMEDIATE,VENDOR,7,77786,64001,121,0
24272,Shadowcloth,INTERMEDIATE,VENDOR,7,75452,64001,117,0
43250,Ring of Earthen Might,GEAR,VENDOR,1,82658,88000,93,1
43250,Ring of Earthen Might,GEAR,VENDOR,1,81831,88000,92,1
43250,Ring of Earthen Might,GEAR,VENDOR,1,77739,88000,88,1
43250,Ring of Earthen Might,GEAR,VENDOR,1,82658,88000,93,1
43250,Ring of Earthen Might,GEAR,VENDOR,1,81831,88000,92,1
43250,Ring of Earthen Might,GEAR,VENDOR,1,77739,88000,88,1
43250,Ring of Earthen Might,GEAR,VENDOR,1,82658,88000,93,1
43250,Ring of Earthen Might,GEAR,VENDOR,1,81831,88000,92,1
43250,Ring of Earthen Might,GEAR,VENDOR,1,77739,88000,88,1
38347,Mammoth Mining Bag,BAG,VENDOR,1,457056,432000,105,0
38347,Mammoth Mining Bag,BAG,VENDOR,1,447914,432000,103,0
41165,Saronite Razorheads,AMMO,TRAINER,1000,43,60,71,1
41165,Saronite Razorheads,AMMO,TRAINER,1000,41,60,68,1
41165,Saronite Razorheads,AMMO,TRAINER,1000,38,60,63,1
41165,Saronite Razorheads,AMMO,TRAINER,1000,43,60,71,1
41165,Saronite Razorheads,AMMO,TRAINER,1000,41,60,68,1
41165,Saronite Razorheads,AMMO,TRAINER,1000,38,60,63,1
41165,Saronite Razorheads,AMMO,TRAINER,1000,43,60,71,1
41165,Saronite Razorheads,AMMO,TRAINER,1000,41,60,68,1
41165,Saronite Razorheads,AMMO,TRAINER,1000,38,60,63,1
41165,Saronite Razorheads,AMMO,TRAINER,1000,43,60,71,1
41165,Saronite Razorheads,AMMO,TRAINER,1000,41,60,68,1
41165,Saronite Razorheads,AMMO,TRAINER,1000,38,60,63,1
41165,Saronite Razorheads,AMMO,TRAINER,1000,43,60,71,1
41165,Saronite Razorheads,AMMO,TRAINER,1000,41,60,68,1
41165,Saronite Razorheads,AMMO,TRAINER,1000,38,60,63,1
43250,Ring of Earthen Might,GEAR,VENDOR,1,63835,88000,72,1
43250,Ring of Earthen Might,GEAR,VENDOR,1,63196,88000,71,1
43250,Ring of Earthen Might,GEAR,VENDOR,1,61932,88000,70,1
43250,Ring of Earthen Might,GEAR,VENDOR,1,60693,88000,68,1
43250,Ring of Earthen Might,GEAR,VENDOR,1,63835,88000,72,1
43250,Ring of Earthen Might,GEAR,VENDOR,1,63196,88000,71,1
5763,Red Woolen Bag,BAG,VENDOR,1,2370,1782,132,0
21844,Bolt of Soulcloth,INTERMEDIATE,VENDOR,10,169920,144000,118,0
21844,Bolt of Soulcloth,INTERMEDIATE,VENDOR,3,161424,144000,112,0
9210,Ghost Dye,INTERMEDIATE,VENDOR,10,8085,6210,130,0
9210,Ghost Dye,INTERMEDIATE,VENDOR,5,7680,6210,123,0
22522,Superior Wizard Oil,MISC,VENDOR,1,20247,26039,77,1
22522,Superior Wizard Oil,MISC,VENDOR,1,19842,26039,76,1
22522,Superior Wizard Oil,MISC,VENDOR,1,19246,26039,73,1
22522,Superior Wizard Oil,MISC,VENDOR,1,20247,26039,77,1
22522,Superior Wizard Oil,MISC,VENDOR,1,19842,26039,76,1
22522,Superior Wizard Oil,MISC,VENDOR,1,19246,26039,73,1
22522,Superior Wizard Oil,MISC,VENDOR,1,20247,26039,77,1
22522,Superior Wizard Oil,MISC,VENDOR,1,19842,26039,76,1
22522,Superior Wizard Oil,MISC,VENDOR,1,19246,26039,73,1
22522,Superior Wizard Oil,MISC,VENDOR,1,20247,26039,77,1
22522,Superior Wizard Oil,MISC,VENDOR,1,19842,26039,76,1
22522,Superior Wizard Oil,MISC,VENDOR,1,19246,26039,73,1
22522,Superior Wizard Oil,MISC,VENDOR,1,20247,26039,77,1
22522,Superior Wizard Oil,MISC,VENDOR,1,19842,26039,76,1
44958,Ethereal Oil,INTERMEDIATE,TRAINER,5,109,96,113,0
45773,Emerald Bag,BAG,VENDOR,1,659232,720000,91,1
45773,Emerald Bag,BAG,VENDOR,1,632862,720000,87,1
45773,Emerald Bag,BAG,VENDOR,1,626533,720000,87,1
45773,Emerald Bag,BAG,VENDOR,1,607737,720000,84,1
45773,Emerald Bag,BAG,VENDOR,1,659232,720000,91,1
45773,Emerald Bag,BAG,VENDOR,1,632862,720000,87,1
45773,Emerald Bag,BAG,VENDOR,1,626533,720000,87,1
22445,Arcane Dust,INTERMEDIATE,UNSOURCED,20,3579,5013,71,1
22445,Arcane Dust,INTERMEDIATE,UNSOURCED,2,3543,5013,70,1
22445,Arcane Dust,INTERMEDIATE,UNSOURCED,2,3472,5013,69,1
14048,Bolt of Runecloth,INTERMEDIATE,TRAINER,10,12474,11760,106,0
40182,Shattered Eye of Zul,GEM_CUT,VENDOR,1,310000,250000,124,0
40182,Shattered Eye of Zul,GEM_CUT,VENDOR,1,300700,250000,120,0
40182,Shattered Eye of Zul,GEM_CUT,VENDOR,1,294686,250000,117,0
33208,Flask of Chromatic Wonder,FLASK,VENDOR,20,42688,36000,118,0
40148,Glinting Ametrine,GEM_CUT,VENDOR,1,260400,250000,104,0
40148,Glinting Ametrine,GEM_CUT,VENDOR,1,257796,250000,103,0
42641,Global Thermal Sapper Charge,MISC,TRAINER,20,6603,6900,95,1
42641,Global Thermal Sapper Charge,MISC,TRAINER,20,6338,6900,91,1
42641,Global Thermal Sapper Charge,MISC,TRAINER,10,6603,6900,95,1
22449,Large Prismatic Shard,INTERMEDIATE,VENDOR,16,185328,240000,77,1
22449,Large Prismatic Shard,INTERMEDIATE,VENDOR,4,183474,240000,76,1
38433,Arctic Wristguards,GEAR,TRAINER,1,86378,108000,79,1
38433,Arctic Wristguards,GEAR,TRAINER,1,83786,108000,77,1
38433,Arctic Wristguards,GEAR,TRAINER,1,79596,108000,73,1
38433,Arctic Wristguards,GEAR,TRAINER,1,86378,108000,79,1
38433,Arctic Wristguards,GEAR,TRAINER,1,83786,108000,77,1
38433,Arctic Wristguards,GEAR,TRAINER,1,79596,108000,73,1
22248,Enchanted Runecloth Bag,BAG,VENDOR,1,741249,551525,134,0
22248,Enchanted Runecloth Bag,BAG,VENDOR,1,726424,551525,131,0
22449,Large Prismatic Shard,INTERMEDIATE,VENDOR,20,209280,240000,87,1
22449,Large Prismatic Shard,INTERMEDIATE,VENDOR,8,198816,240000,82,1
42641,Global Thermal Sapper Charge,MISC,TRAINER,20,5005,6900,72,1
42641,Global Thermal Sapper Charge,MISC,TRAINER,20,4854,6900,70,1
42641,Global Thermal Sapper Charge,MISC,TRAINER,10,5005,6900,72,1
22449,Large Prismatic Shard,INTERMEDIATE,VENDOR,8,183912,240000,76,1
22449,Large Prismatic Shard,INTERMEDIATE,VENDOR,4,176555,240000,73,1
43250,Ring of Earthen Might,GEAR,VENDOR,1,68376,88000,77,1
43250,Ring of Earthen Might,GEAR,VENDOR,1,66324,88000,75,1
43250,Ring of Earthen Might,GEAR,VENDOR,1,68376,88000,77,1
43250,Ring of Earthen Might,GEAR,VENDOR,1,66324,88000,75,1
43250,Ring of Earthen Might,GEAR,VENDOR,1,68376,88000,77,1
43250,Ring of Earthen Might,GEAR,VENDOR,1,66324,88000,75,1
43250,Ring of Earthen Might,GEAR,VENDOR,1,68376,88000,77,1
43250,Ring of Earthen Might,GEAR,VENDOR,1,66324,88000,75,1
43250,Ring of Earthen Might,GEAR,VENDOR,1,68376,88000,77,1
22252,Satchel of Cenarius,BAG,VENDOR,1,217944,154900,140,0
22252,Satchel of Cenarius,BAG,VENDOR,1,213585,154900,137,0
22252,Satchel of Cenarius,BAG,VENDOR,1,207177,154900,133,0
21841,Netherweave Bag,BAG,TRAINER,1,101000,101000,100,0
21841,Netherweave Bag,BAG,TRAINER,1,101000,101000,100,0
21991,Heavy Netherweave Bandage,MISC,TRAINER,10,8640,9600,90,1
41600,Glacial Bag,BAG,VENDOR,1,847044,990000,85,1
41600,Glacial Bag,BAG,VENDOR,1,804691,990000,81,1
41600,Glacial Bag,BAG,VENDOR,1,764456,990000,77,1
41600,Glacial Bag,BAG,VENDOR,1,749166,990000,75,1
41600,Glacial Bag,BAG,VENDOR,1,847044,990000,85,1
41600,Glacial Bag,BAG,VENDOR,1,804691,990000,81,1
42641,Global Thermal Sapper Charge,MISC,TRAINER,20,6259,6900,90,1
42641,Global Thermal Sapper Charge,MISC,TRAINER,20,6133,6900,88,1
42641,Global Thermal Sapper Charge,MISC,TRAINER,20,5826,6900,84,1
42641,Global Thermal Sapper Charge,MISC,TRAINER,10,5651,6900,81,1
41394,Brilliant Titansteel Treads,GEAR,TRAINER,1,591744,670000,88,1
41394,Brilliant Titansteel Treads,GEAR,TRAINER,1,562156,670000,83,1
41394,Brilliant Titansteel Treads,GEAR,TRAINER,1,534048,670000,79,1
41394,Brilliant Titansteel Treads,GEAR,TRAINER,1,591744,670000,88,1
41394,Brilliant Titansteel Treads,GEAR,TRAINER,1,562156,670000,83,1
41394,Brilliant Titansteel Treads,GEAR,TRAINER,1,534048,670000,79,1
41394,Brilliant Titansteel Treads,GEAR,TRAINER,1,591744,670000,88,1
41394,Brilliant Titansteel Treads,GEAR,TRAINER,1,562156,670000,83,1
41394,Brilliant Titansteel Treads,GEAR,TRAINER,1,534048,670000,79,1
41394,Brilliant Titansteel Treads,GEAR,TRAINER,1,591744,670000,88,1
41394,Brilliant Titansteel Treads,GEAR,TRAINER,1,562156,670000,83,1
41394,Brilliant Titansteel Treads,GEAR,TRAINER,1,534048,670000,79,1
41394,Brilliant Titansteel Treads,GEAR,TRAINER,1,591744,670000,88,1
22861,Flask of Blinding Light,FLASK,UNSOURCED,20,91405,52000,175,0
724,Goretusk Liver Pie,FOOD,VENDOR,11,125,100,125,0
7071,Iron Buckle,INTERMEDIATE,TRAINER,5,485,450,107,0
7071,Iron Buckle,INTERMEDIATE,TRAINER,5,480,450,106,0
7071,Iron Buckle,INTERMEDIATE,TRAINER,3,460,450,102,0
7071,Iron Buckle,INTERMEDIATE,TRAINER,1,485,450,107,0
41146,Sun Scope,INTERMEDIATE,TRAINER,2,178083,220400,80,1
41146,Sun Scope,INTERMEDIATE,TRAINER,3,172740,220400,78,1
41163,Titanium Bar,INTERMEDIATE,TRAINER,6,21624,20000,108,0
41163,Titanium Bar,INTERMEDIATE,TRAINER,5,20759,20000,103,0
12359,Thorium Bar,INTERMEDIATE,TRAINER,7,1718,1545,111,0
29540,Reinforced Mining Bag,BAG,VENDOR,1,393092,278000,141,0
29540,Reinforced Mining Bag,BAG,VENDOR,1,389161,278000,139,0
29540,Reinforced Mining Bag,BAG,VENDOR,1,381377,278000,137,0
41163,Titanium Bar,INTERMEDIATE,TRAINER,1,19364,20000,96,1
41163,Titanium Bar,INTERMEDIATE,TRAINER,9,18976,20000,94,1
31861,Great Dawnstone,GEM_CUT,DROP,1,263064,120000,219,0
43253,Ring of Northern Tears,GEAR,VENDOR,1,146124,164000,89,1
43253,Ring of Northern Tears,GEAR,VENDOR,1,143201,164000,87,1
43253,Ring of Northern Tears,GEAR,VENDOR,1,137472,164000,83,1
43253,Ring of Northern Tears,GEAR,VENDOR,1,146124,164000,89,1
43253,Ring of Northern Tears,GEAR,VENDOR,1,143201,164000,87,1
43253,Ring of Northern Tears,GEAR,VENDOR,1,137472,164000,83,1
43253,Ring of Northern Tears,GEAR,VENDOR,1,146124,164000,89,1
43253,Ring of Northern Tears,GEAR,VENDOR,1,143201,164000,87,1
43253,Ring of Northern Tears,GEAR,VENDOR,1,137472,164000,83,1
32210,Great Lionseye,GEM_CUT,DROP,1,686200,250000,274,0
32210,Great Lionseye,GEM_CUT,DROP,1,672476,250000,268,0
2313,Medium Armor Kit,MISC,TRAINER,5,1079,882,122,0
7966,Solid Grinding Stone,INTERMEDIATE,TRAINER,7,2352,2352,100,0
7966,Solid Grinding Stone,INTERMEDIATE,TRAINER,1,2352,2352,100,0
5765,Black Silk Pack,BAG,DROP,1,29322,13280,220,0
5765,Black Silk Pack,BAG,DROP,1,29028,13280,218,0
5765,Black Silk Pack,BAG,DROP,1,29322,13280,220,0
22449,Large Prismatic Shard,INTERMEDIATE,VENDOR,12,181272,240000,75,1
22449,Large Prismatic Shard,INTERMEDIATE,VENDOR,8,174021,240000,72,1
13511,Flask of Distilled Wisdom,FLASK,DROP,5,34348,13430,255,0
13511,Flask of Distilled Wisdom,FLASK,DROP,20,32974,13430,245,0
13511,Flask of Distilled Wisdom,FLASK,DROP,11,34348,13430,255,0
14342,Mooncloth,INTERMEDIATE,VENDOR,3,20462,15200,134,0
14342,Mooncloth,INTERMEDIATE,VENDOR,10,19643,15200,129,0
43252,Windfire Band,GEAR,VENDOR,1,87897,112000,78,1
43252,Windfire Band,GEAR,VENDOR,1,84381,112000,75,1
43252,Windfire Band,GEAR,VENDOR,1,87897,112000,78,1
43252,Windfire Band,GEAR,VENDOR,1,84381,112000,75,1
43252,Windfire Band,GEAR,VENDOR,1,87897,112000,78,1
43252,Windfire Band,GEAR,VENDOR,1,84381,112000,75,1
43252,Windfire Band,GEAR,VENDOR,1,87897,112000,78,1
43252,Windfire Band,GEAR,VENDOR,1,84381,112000,75,1
43252,Windfire Band,GEAR,VENDOR,1,87897,112000,78,1
43252,Windfire Band,GEAR,VENDOR,1,84381,112000,75,1
43252,Windfire Band,GEAR,VENDOR,1,87897,112000,78,1
43252,Windfire Band,GEAR,VENDOR,1,84381,112000,75,1
13442,Mighty Rage Potion,ELIXIR_POT,TRAINER,5,3788,3320,114,0
13442,Mighty Rage Potion,ELIXIR_POT,TRAINER,3,3750,3320,112,0
7071,Iron Buckle,INTERMEDIATE,TRAINER,5,551,450,122,0
7071,Iron Buckle,INTERMEDIATE,TRAINER,5,539,450,119,0
7071,Iron Buckle,INTERMEDIATE,TRAINER,5,517,450,114,0
7071,Iron Buckle,INTERMEDIATE,TRAINER,5,501,450,111,0
7071,Iron Buckle,INTERMEDIATE,TRAINER,5,551,450,122,0
7071,Iron Buckle,INTERMEDIATE,TRAINER,1,539,450,119,0
7071,Iron Buckle,INTERMEDIATE,TRAINER,2,517,450,114,0
41745,Titanium Rod,INTERMEDIATE,TRAINER,1,94848,80000,118,0
41745,Titanium Rod,INTERMEDIATE,TRAINER,1,93899,80000,117,0
41745,Titanium Rod,INTERMEDIATE,TRAINER,1,92960,80000,116,0
41745,Titanium Rod,INTERMEDIATE,TRAINER,1,94848,80000,118,0
41745,Titanium Rod,INTERMEDIATE,TRAINER,1,93899,80000,117,0
41745,Titanium Rod,INTERMEDIATE,TRAINER,1,92960,80000,116,0
41745,Titanium Rod,INTERMEDIATE,TRAINER,1,94848,80000,118,0
41745,Titanium Rod,INTERMEDIATE,TRAINER,1,93899,80000,117,0
41745,Titanium Rod,INTERMEDIATE,TRAINER,1,92960,80000,116,0
41745,Titanium Rod,INTERMEDIATE,TRAINER,1,94848,80000,118,0
41745,Titanium Rod,INTERMEDIATE,TRAINER,1,93899,80000,117,0
41745,Titanium Rod,INTERMEDIATE,TRAINER,1,92960,80000,116,0
34490,Bag of Many Hides,BAG,DROP,1,1132637,627500,180,0
34490,Bag of Many Hides,BAG,DROP,1,1109984,627500,176,0
41745,Titanium Rod,INTERMEDIATE,TRAINER,1,84240,80000,105,0
41745,Titanium Rod,INTERMEDIATE,TRAINER,1,82555,80000,103,0
41745,Titanium Rod,INTERMEDIATE,TRAINER,1,84240,80000,105,0
41745,Titanium Rod,INTERMEDIATE,TRAINER,1,82555,80000,103,0
41745,Titanium Rod,INTERMEDIATE,TRAINER,1,84240,80000,105,0
41745,Titanium Rod,INTERMEDIATE,TRAINER,1,82555,80000,103,0
41745,Titanium Rod,INTERMEDIATE,TRAINER,1,84240,80000,105,0
41745,Titanium Rod,INTERMEDIATE,TRAINER,1,82555,80000,103,0
41745,Titanium Rod,INTERMEDIATE,TRAINER,1,84240,80000,105,0
41745,Titanium Rod,INTERMEDIATE,TRAINER,1,82555,80000,103,0
38225,Mycah's Botanical Bag,BAG,VENDOR,1,324713,272000,119,0
38225,Mycah's Botanical Bag,BAG,VENDOR,1,321465,272000,118,0
38225,Mycah's Botanical Bag,BAG,VENDOR,1,305391,272000,112,0
2841,Bronze Bar,INTERMEDIATE,TRAINER,1,62,62,100,0
2841,Bronze Bar,INTERMEDIATE,TRAINER,13,62,62,100,0
22854,Flask of Relentless Assault,FLASK,UNSOURCED,5,86674,45000,192,0
22854,Flask of Relentless Assault,FLASK,UNSOURCED,20,84073,45000,186,0
22854,Flask of Relentless Assault,FLASK,UNSOURCED,3,86674,45000,192,0
38347,Mammoth Mining Bag,BAG,VENDOR,1,513086,432000,118,0
41554,Black Duskweave Robe,GEAR,TRAINER,1,1162507,915000,127,0
41554,Black Duskweave Robe,GEAR,TRAINER,1,1116006,915000,121,0
41554,Black Duskweave Robe,GEAR,TRAINER,1,1082525,915000,118,0
22839,Destruction Potion,ELIXIR_POT,DROP,5,55290,20000,276,0
22839,Destruction Potion,ELIXIR_POT,DROP,3,53078,20000,265,0
12644,Dense Grinding Stone,INTERMEDIATE,TRAINER,2,6413,5760,111,0
12644,Dense Grinding Stone,INTERMEDIATE,TRAINER,4,6284,5760,109,0
23774,Fel Iron Toolbox,BAG,VENDOR,1,137592,104000,132,0
38425,Heavy Borean Leather,INTERMEDIATE,TRAINER,2,52488,54000,97,1
38425,Heavy Borean Leather,INTERMEDIATE,TRAINER,7,50913,54000,94,1
46377,Flask of Endless Rage,FLASK,TRAINER,18,55671,57500,96,1
11144,Truesilver Rod,INTERMEDIATE,TRAINER,1,6070,4720,128,0
11144,Truesilver Rod,INTERMEDIATE,TRAINER,1,5887,4720,124,0
11144,Truesilver Rod,INTERMEDIATE,TRAINER,1,5651,4720,119,0
11144,Truesilver Rod,INTERMEDIATE,TRAINER,1,6070,4720,128,0
11144,Truesilver Rod,INTERMEDIATE,TRAINER,1,5887,4720,124,0
11144,Truesilver Rod,INTERMEDIATE,TRAINER,1,5651,4720,119,0
11144,Truesilver Rod,INTERMEDIATE,TRAINER,1,6070,4720,128,0
11144,Truesilver Rod,INTERMEDIATE,TRAINER,1,5887,4720,124,0
11144,Truesilver Rod,INTERMEDIATE,TRAINER,1,5651,4720,119,0
11144,Truesilver Rod,INTERMEDIATE,TRAINER,1,6070,4720,128,0
11144,Truesilver Rod,INTERMEDIATE,TRAINER,1,5887,4720,124,0
11144,Truesilver Rod,INTERMEDIATE,TRAINER,1,5651,4720,119,0
11144,Truesilver Rod,INTERMEDIATE,TRAINER,1,6070,4720,128,0
11144,Truesilver Rod,INTERMEDIATE,TRAINER,1,5887,4720,124,0
32217,Inscribed Pyrestone,GEM_CUT,DROP,1,752600,250000,301,0
32217,Inscribed Pyrestone,GEM_CUT,DROP,1,737548,250000,295,0
32217,Inscribed Pyrestone,GEM_CUT,DROP,1,722797,250000,289,0
22252,Satchel of Cenarius,BAG,VENDOR,1,202237,154900,130,0
22252,Satchel of Cenarius,BAG,VENDOR,1,198192,154900,127,0
22252,Satchel of Cenarius,BAG,VENDOR,1,202237,154900,130,0
41600,Glacial Bag,BAG,VENDOR,1,888624,990000,89,1
41600,Glacial Bag,BAG,VENDOR,1,879737,990000,88,1
41600,Glacial Bag,BAG,VENDOR,1,888624,990000,89,1
41600,Glacial Bag,BAG,VENDOR,1,879737,990000,88,1
41600,Glacial Bag,BAG,VENDOR,1,888624,990000,89,1
41600,Glacial Bag,BAG,VENDOR,1,879737,990000,88,1
41600,Glacial Bag,BAG,VENDOR,1,888624,990000,89,1
21858,Spellfire Bag,BAG,VENDOR,1,484585,408004,118,0
21858,Spellfire Bag,BAG,VENDOR,1,474893,408004,116,0
21858,Spellfire Bag,BAG,VENDOR,1,470144,408004,115,0
21844,Bolt of Soulcloth,INTERMEDIATE,VENDOR,3,144000,144000,100,0
21844,Bolt of Soulcloth,INTERMEDIATE,VENDOR,12,144000,144000,100,0
44210,Faces of Doom,GEAR,TRAINER,1,370382,302600,122,0
42103,Moonshroud Gloves,GEAR,TRAINER,1,1400302,1348000,103,0
3470,Rough Grinding Stone,INTERMEDIATE,TRAINER,5,29,24,120,0
3470,Rough Grinding Stone,INTERMEDIATE,TRAINER,9,28,24,116,0
38425,Heavy Borean Leather,INTERMEDIATE,TRAINER,2,54378,54000,100,1
38425,Heavy Borean Leather,INTERMEDIATE,TRAINER,11,51659,54000,95,1
33092,Healing Potion Injector,ELIXIR_POT,DROP,20,33407,18400,181,0
33092,Healing Potion Injector,ELIXIR_POT,DROP,5,32738,18400,177,0
33092,Healing Potion Injector,ELIXIR_POT,DROP,5,32083,18400,174,0
33092,Healing Potion Injector,ELIXIR_POT,DROP,5,33407,18400,181,0
33092,Healing Potion Injector,ELIXIR_POT,DROP,5,32738,18400,177,0
33092,Healing Potion Injector,ELIXIR_POT,DROP,5,32083,18400,174,0
33092,Healing Potion Injector,ELIXIR_POT,DROP,5,33407,18400,181,0
33092,Healing Potion Injector,ELIXIR_POT,DROP,20,32738,18400,177,0
33092,Healing Potion Injector,ELIXIR_POT,DROP,5,32083,18400,174,0
33092,Healing Potion Injector,ELIXIR_POT,DROP,20,33407,18400,181,0
33092,Healing Potion Injector,ELIXIR_POT,DROP,20,32738,18400,177,0
33092,Healing Potion Injector,ELIXIR_POT,DROP,20,32083,18400,174,0
33092,Healing Potion Injector,ELIXIR_POT,DROP,5,33407,18400,181,0
33092,Healing Potion Injector,ELIXIR_POT,DROP,5,32738,18400,177,0
33092,Healing Potion Injector,ELIXIR_POT,DROP,20,32083,18400,174,0
33092,Healing Potion Injector,ELIXIR_POT,DROP,5,33407,18400,181,0
33092,Healing Potion Injector,ELIXIR_POT,DROP,20,32738,18400,177,0
33092,Healing Potion Injector,ELIXIR_POT,DROP,5,32083,18400,174,0
33092,Healing Potion Injector,ELIXIR_POT,DROP,20,33407,18400,181,0
33092,Healing Potion Injector,ELIXIR_POT,DROP,5,32738,18400,177,0
33092,Healing Potion Injector,ELIXIR_POT,DROP,20,32083,18400,174,0
33092,Healing Potion Injector,ELIXIR_POT,DROP,20,33407,18400,181,0
33092,Healing Potion Injector,ELIXIR_POT,DROP,20,32738,18400,177,0
22251,Cenarion Herb Bag,BAG,VENDOR,1,107909,79933,134,0
22251,Cenarion Herb Bag,BAG,VENDOR,1,102513,79933,128,0
22251,Cenarion Herb Bag,BAG,VENDOR,1,107909,79933,134,0
22449,Large Prismatic Shard,INTERMEDIATE,VENDOR,20,175512,240000,73,1
22449,Large Prismatic Shard,INTERMEDIATE,VENDOR,7,170246,240000,70,1
22449,Large Prismatic Shard,INTERMEDIATE,VENDOR,3,165138,240000,68,1
41593,Ebonweave,INTERMEDIATE,TRAINER,3,172302,195000,88,1
41593,Ebonweave,INTERMEDIATE,TRAINER,7,165409,195000,84,1
41598,Mysterious Bag,BAG,VENDOR,1,876375,750000,116,0
8172,Cured Thick Hide,INTERMEDIATE,TRAINER,9,4545,4545,100,0
42420,Shadow Crystal Focusing Lens,MISC,TRAINER,1,20000,20000,100,0
42420,Shadow Crystal Focusing Lens,MISC,TRAINER,1,20000,20000,100,0
49110,Nightmare Tear,GEM_CUT,VENDOR,1,212598,180001,118,0
49110,Nightmare Tear,GEM_CUT,VENDOR,1,210472,180001,116,0
49110,Nightmare Tear,GEM_CUT,VENDOR,1,208367,180001,115,0
21840,Bolt of Netherweave,INTERMEDIATE,TRAINER,3,31392,28800,109,0
21840,Bolt of Netherweave,INTERMEDIATE,TRAINER,2,30764,28800,106,0
14156,Bottomless Bag,BAG,DROP,1,1218080,483980,251,0
4241,Green Woolen Bag,BAG,DROP,1,4531,1832,247,0
4241,Green Woolen Bag,BAG,DROP,1,4485,1832,244,0
4241,Green Woolen Bag,BAG,DROP,1,4531,1832,247,0
33092,Healing Potion Injector,ELIXIR_POT,DROP,5,36790,18400,199,0
33092,Healing Potion Injector,ELIXIR_POT,DROP,20,34950,18400,189,0
33092,Healing Potion Injector,ELIXIR_POT,DROP,20,36790,18400,199,0
33092,Healing Potion Injector,ELIXIR_POT,DROP,5,34950,18400,189,0
33092,Healing Potion Injector,ELIXIR_POT,DROP,5,36790,18400,199,0
33092,Healing Potion Injector,ELIXIR_POT,DROP,20,34950,18400,189,0
33092,Healing Potion Injector,ELIXIR_POT,DROP,20,36790,18400,199,0
33092,Healing Potion Injector,ELIXIR_POT,DROP,20,34950,18400,189,0
33092,Healing Potion Injector,ELIXIR_POT,DROP,20,36790,18400,199,0
33092,Healing Potion Injector,ELIXIR_POT,DROP,5,34950,18400,189,0
33092,Healing Potion Injector,ELIXIR_POT,DROP,20,36790,18400,199,0
33092,Healing Potion Injector,ELIXIR_POT,DROP,20,34950,18400,189,0
33092,Healing Potion Injector,ELIXIR_POT,DROP,20,36790,18400,199,0
33092,Healing Potion Injector,ELIXIR_POT,DROP,20,34950,18400,189,0
33092,Healing Potion Injector,ELIXIR_POT,DROP,5,36790,18400,199,0
33092,Healing Potion Injector,ELIXIR_POT,DROP,20,34950,18400,189,0
33092,Healing Potion Injector,ELIXIR_POT,DROP,15,36790,18400,199,0
22249,Big Bag of Enchantment,BAG,DROP,1,1394983,568430,245,0
22249,Big Bag of Enchantment,BAG,DROP,1,1381033,568430,242,0
22249,Big Bag of Enchantment,BAG,DROP,1,1394983,568430,245,0
13511,Flask of Distilled Wisdom,FLASK,DROP,5,20483,13430,152,0
13511,Flask of Distilled Wisdom,FLASK,DROP,7,20073,13430,149,0
24272,Shadowcloth,INTERMEDIATE,VENDOR,6,88474,64001,138,0
24272,Shadowcloth,INTERMEDIATE,VENDOR,1,85819,64001,134,0
2997,Bolt of Woolen Cloth,INTERMEDIATE,TRAINER,4,497,408,121,0
2997,Bolt of Woolen Cloth,INTERMEDIATE,TRAINER,6,492,408,120,0
37663,Titansteel Bar,INTERMEDIATE,TRAINER,11,151734,132000,114,0
37663,Titansteel Bar,INTERMEDIATE,TRAINER,3,145664,132000,110,0
46378,Flask of Pure Mojo,FLASK,TRAINER,20,45271,53450,84,1
46378,Flask of Pure Mojo,FLASK,TRAINER,5,43007,53450,80,1
46378,Flask of Pure Mojo,FLASK,TRAINER,1,40856,53450,76,1
21876,Primal Mooncloth Bag,BAG,VENDOR,1,707565,504000,140,0
21876,Primal Mooncloth Bag,BAG,VENDOR,1,679262,504000,134,0
21876,Primal Mooncloth Bag,BAG,VENDOR,1,658884,504000,130,0
43565,Durable Nerubhide Cape,GEAR,TRAINER,1,806176,754000,106,0
31079,Mercurial Adamantite,INTERMEDIATE,TRAINER,10,97042,86000,112,0
43119,Royal Ink,INTERMEDIATE,TRAINER,6,222,200,111,0
43119,Royal Ink,INTERMEDIATE,TRAINER,9,210,200,105,0
16206,Arcanite Rod,INTERMEDIATE,TRAINER,1,136454,123600,110,0
16206,Arcanite Rod,INTERMEDIATE,TRAINER,1,129631,123600,104,0
16206,Arcanite Rod,INTERMEDIATE,TRAINER,1,125742,123600,101,0
16206,Arcanite Rod,INTERMEDIATE,TRAINER,1,123600,123600,100,0
16206,Arcanite Rod,INTERMEDIATE,TRAINER,1,136454,123600,110,0
11144,Truesilver Rod,INTERMEDIATE,TRAINER,1,5791,4720,122,0
11144,Truesilver Rod,INTERMEDIATE,TRAINER,1,5733,4720,121,0
11144,Truesilver Rod,INTERMEDIATE,TRAINER,1,5618,4720,119,0
11144,Truesilver Rod,INTERMEDIATE,TRAINER,1,5791,4720,122,0
11144,Truesilver Rod,INTERMEDIATE,TRAINER,1,5733,4720,121,0
11144,Truesilver Rod,INTERMEDIATE,TRAINER,1,5618,4720,119,0
11144,Truesilver Rod,INTERMEDIATE,TRAINER,1,5791,4720,122,0
11144,Truesilver Rod,INTERMEDIATE,TRAINER,1,5733,4720,121,0
13513,Flask of Chromatic Resistance,FLASK,DROP,5,33254,20250,164,0
13513,Flask of Chromatic Resistance,FLASK,DROP,17,31591,20250,156,0
22866,Flask of Pure Death,FLASK,UNSOURCED,20,98323,55500,177,0
22866,Flask of Pure Death,FLASK,UNSOURCED,18,96356,55500,173,0
11128,Golden Rod,INTERMEDIATE,TRAINER,1,3880,3880,100,0
11128,Golden Rod,INTERMEDIATE,TRAINER,1,3880,3880,100,0
11128,Golden Rod,INTERMEDIATE,TRAINER,1,3880,3880,100,0
11128,Golden Rod,INTERMEDIATE,TRAINER,1,3880,3880,100,0
11128,Golden Rod,INTERMEDIATE,TRAINER,1,3880,3880,100,0
11128,Golden Rod,INTERMEDIATE,TRAINER,1,3880,3880,100,0
11128,Golden Rod,INTERMEDIATE,TRAINER,1,3880,3880,100,0
11128,Golden Rod,INTERMEDIATE,TRAINER,1,3880,3880,100,0
11128,Golden Rod,INTERMEDIATE,TRAINER,1,3880,3880,100,0
22851,Flask of Fortification,FLASK,UNSOURCED,5,140635,48500,289,0
22851,Flask of Fortification,FLASK,UNSOURCED,5,137822,48500,284,0
22826,Sneaking Potion,ELIXIR_POT,VENDOR,5,16483,12800,128,0
40002,Fractured Scarlet Ruby,GEM_CUT,DROP,1,380835,150000,253,0
17771,Elementium Bar,MISC,DROP,2,4275056,2472560,172,0
22851,Flask of Fortification,FLASK,UNSOURCED,20,82547,48500,170,0
22851,Flask of Fortification,FLASK,UNSOURCED,14,81721,48500,168,0
46378,Flask of Pure Mojo,FLASK,TRAINER,20,41380,53450,77,1
46378,Flask of Pure Mojo,FLASK,TRAINER,6,40966,53450,76,1
3470,Rough Grinding Stone,INTERMEDIATE,TRAINER,3,28,24,116,0
3470,Rough Grinding Stone,INTERMEDIATE,TRAINER,7,26,24,108,0
4240,Woolen Bag,BAG,TRAINER,1,1471,1324,111,0
25896,Powerful Earthstorm Diamond,GEM_CUT,VENDOR,1,474912,360000,131,0
25896,Powerful Earthstorm Diamond,GEM_CUT,VENDOR,1,470162,360000,130,0
25896,Powerful Earthstorm Diamond,GEM_CUT,VENDOR,1,460758,360000,127,0
41511,Bolt of Imbued Frostweave,INTERMEDIATE,TRAINER,5,172607,147000,117,0
41511,Bolt of Imbued Frostweave,INTERMEDIATE,TRAINER,2,169154,147000,115,0
22449,Large Prismatic Shard,INTERMEDIATE,VENDOR,1,202176,240000,84,1
22449,Large Prismatic Shard,INTERMEDIATE,VENDOR,13,194088,240000,80,1
6373,Elixir of Firepower,ELIXIR_POT,TRAINER,12,284,284,100,0
22445,Arcane Dust,INTERMEDIATE,UNSOURCED,3,4287,5013,85,1
22445,Arcane Dust,INTERMEDIATE,UNSOURCED,12,4115,5013,82,1
20817,Bronze Setting,INTERMEDIATE,TRAINER,4,126,124,101,0
20817,Bronze Setting,INTERMEDIATE,TRAINER,1,124,124,100,0
25844,Adamantite Rod,INTERMEDIATE,VENDOR,1,237744,180000,132,0
25844,Adamantite Rod,INTERMEDIATE,VENDOR,1,228234,180000,126,0
25844,Adamantite Rod,INTERMEDIATE,VENDOR,1,237744,180000,132,0
25844,Adamantite Rod,INTERMEDIATE,VENDOR,1,228234,180000,126,0
25844,Adamantite Rod,INTERMEDIATE,VENDOR,1,237744,180000,132,0
25844,Adamantite Rod,INTERMEDIATE,VENDOR,1,228234,180000,126,0
23519,Felsteel Helm,GEAR,DROP,1,5,8,62,1
23519,Felsteel Helm,GEAR,DROP,1,4,8,50,1
23519,Felsteel Helm,GEAR,DROP,1,4,8,50,1
23519,Felsteel Helm,GEAR,DROP,1,5,8,62,1
23519,Felsteel Helm,GEAR,DROP,1,4,8,50,1
23519,Felsteel Helm,GEAR,DROP,1,4,8,50,1
23519,Felsteel Helm,GEAR,DROP,1,5,8,62,1
23519,Felsteel Helm,GEAR,DROP,1,4,8,50,1
23519,Felsteel Helm,GEAR,DROP,1,4,8,50,1
23519,Felsteel Helm,GEAR,DROP,1,5,8,62,1
23519,Felsteel Helm,GEAR,DROP,1,4,8,50,1
23519,Felsteel Helm,GEAR,DROP,1,4,8,50,1
23519,Felsteel Helm,GEAR,DROP,1,5,8,62,1
23519,Felsteel Helm,GEAR,DROP,1,4,8,50,1
23519,Felsteel Helm,GEAR,DROP,1,4,8,50,1
6338,Silver Rod,INTERMEDIATE,TRAINER,1,400,335,119,0
6338,Silver Rod,INTERMEDIATE,TRAINER,1,384,335,114,0
6338,Silver Rod,INTERMEDIATE,TRAINER,1,368,335,109,0
6338,Silver Rod,INTERMEDIATE,TRAINER,1,356,335,106,0
6338,Silver Rod,INTERMEDIATE,TRAINER,1,400,335,119,0
6338,Silver Rod,INTERMEDIATE,TRAINER,1,384,335,114,0
6338,Silver Rod,INTERMEDIATE,TRAINER,1,368,335,109,0
6338,Silver Rod,INTERMEDIATE,TRAINER,1,356,335,106,0
39774,Midnight Ink,INTERMEDIATE,TRAINER,11,333,300,111,0
39774,Midnight Ink,INTERMEDIATE,TRAINER,1,329,300,109,0
5081,Kodo Hide Bag,BAG,UNSOURCED,1,1659,853,194,0
5081,Kodo Hide Bag,BAG,UNSOURCED,1,1592,853,186,0
5081,Kodo Hide Bag,BAG,UNSOURCED,1,1512,853,177,0
21991,Heavy Netherweave Bandage,MISC,TRAINER,9,8140,9600,84,1
32208,Thick Lionseye,GEM_CUT,VENDOR,1,289050,250000,115,0
32208,Thick Lionseye,GEM_CUT,VENDOR,1,283269,250000,113,0
48933,Wormhole Generator: Northrend,GEAR,UNSOURCED,1,304550,352000,86,1
48933,Wormhole Generator: Northrend,GEAR,UNSOURCED,1,301504,352000,85,1
48933,Wormhole Generator: Northrend,GEAR,UNSOURCED,1,304550,352000,86,1
48933,Wormhole Generator: Northrend,GEAR,UNSOURCED,1,301504,352000,85,1
48933,Wormhole Generator: Northrend,GEAR,UNSOURCED,1,304550,352000,86,1
48933,Wormhole Generator: Northrend,GEAR,UNSOURCED,1,301504,352000,85,1
48933,Wormhole Generator: Northrend,GEAR,UNSOURCED,1,304550,352000,86,1
48933,Wormhole Generator: Northrend,GEAR,UNSOURCED,1,301504,352000,85,1
48933,Wormhole Generator: Northrend,GEAR,UNSOURCED,1,304550,352000,86,1
48933,Wormhole Generator: Northrend,GEAR,UNSOURCED,1,301504,352000,85,1
48933,Wormhole Generator: Northrend,GEAR,UNSOURCED,1,304550,352000,86,1
48933,Wormhole Generator: Northrend,GEAR,UNSOURCED,1,301504,352000,85,1
48933,Wormhole Generator: Northrend,GEAR,UNSOURCED,1,304550,352000,86,1
48933,Wormhole Generator: Northrend,GEAR,UNSOURCED,1,301504,352000,85,1
48933,Wormhole Generator: Northrend,GEAR,UNSOURCED,1,304550,352000,86,1
23775,Titanium Toolbox,BAG,VENDOR,1,582310,448000,129,0
23775,Titanium Toolbox,BAG,VENDOR,1,576486,448000,128,0
46376,Flask of the Frost Wyrm,FLASK,TRAINER,18,70941,65000,109,0
43127,Snowfall Ink,INTERMEDIATE,TRAINER,2,463,400,115,0
43127,Snowfall Ink,INTERMEDIATE,TRAINER,7,458,400,114,0
32221,Veiled Pyrestone,GEM_CUT,DROP,1,496975,250000,198,0
25843,Fel Iron Rod,INTERMEDIATE,TRAINER,1,81144,72000,112,0
25843,Fel Iron Rod,INTERMEDIATE,TRAINER,1,79521,72000,110,0
25843,Fel Iron Rod,INTERMEDIATE,TRAINER,1,81144,72000,112,0
25843,Fel Iron Rod,INTERMEDIATE,TRAINER,1,79521,72000,110,0
25843,Fel Iron Rod,INTERMEDIATE,TRAINER,1,81144,72000,112,0
25843,Fel Iron Rod,INTERMEDIATE,TRAINER,1,79521,72000,110,0
25843,Fel Iron Rod,INTERMEDIATE,TRAINER,1,81144,72000,112,0
25843,Fel Iron Rod,INTERMEDIATE,TRAINER,1,79521,72000,110,0
25843,Fel Iron Rod,INTERMEDIATE,TRAINER,1,81144,72000,112,0
25843,Fel Iron Rod,INTERMEDIATE,TRAINER,1,79521,72000,110,0
25843,Fel Iron Rod,INTERMEDIATE,TRAINER,1,81144,72000,112,0
25843,Fel Iron Rod,INTERMEDIATE,TRAINER,1,79521,72000,110,0
41511,Bolt of Imbued Frostweave,INTERMEDIATE,TRAINER,4,176679,147000,120,0
41511,Bolt of Imbued Frostweave,INTERMEDIATE,TRAINER,9,167845,147000,114,0
41604,Sapphire Spellthread,MISC,VENDOR,1,730976,586000,124,0
5765,Black Silk Pack,BAG,DROP,1,34488,13280,259,0
22866,Flask of Pure Death,FLASK,UNSOURCED,20,170163,55500,306,0
22866,Flask of Pure Death,FLASK,UNSOURCED,5,166759,55500,300,0
22866,Flask of Pure Death,FLASK,UNSOURCED,11,170163,55500,306,0
11128,Golden Rod,INTERMEDIATE,TRAINER,1,4981,3880,128,0
11128,Golden Rod,INTERMEDIATE,TRAINER,1,4831,3880,124,0
11128,Golden Rod,INTERMEDIATE,TRAINER,1,4981,3880,128,0
11128,Golden Rod,INTERMEDIATE,TRAINER,1,4831,3880,124,0
11128,Golden Rod,INTERMEDIATE,TRAINER,1,4981,3880,128,0
11128,Golden Rod,INTERMEDIATE,TRAINER,1,4831,3880,124,0
11128,Golden Rod,INTERMEDIATE,TRAINER,1,4981,3880,128,0
11128,Golden Rod,INTERMEDIATE,TRAINER,1,4831,3880,124,0
11128,Golden Rod,INTERMEDIATE,TRAINER,1,4981,3880,128,0
11128,Golden Rod,INTERMEDIATE,TRAINER,1,4831,3880,124,0
11128,Golden Rod,INTERMEDIATE,TRAINER,1,4981,3880,128,0
11128,Golden Rod,INTERMEDIATE,TRAINER,1,4831,3880,124,0
11128,Golden Rod,INTERMEDIATE,TRAINER,1,4981,3880,128,0
14046,Runecloth Bag,BAG,VENDOR,1,68154,61005,111,0
14046,Runecloth Bag,BAG,VENDOR,1,66109,61005,108,0
41163,Titanium Bar,INTERMEDIATE,TRAINER,5,17010,20000,85,1
41163,Titanium Bar,INTERMEDIATE,TRAINER,2,16329,20000,81,1
21843,Imbued Netherweave Bag,BAG,VENDOR,1,68639,60005,114,0
21843,Imbued Netherweave Bag,BAG,VENDOR,1,67952,60005,113,0
43250,Ring of Earthen Might,GEAR,VENDOR,1,60984,88000,69,1
43250,Ring of Earthen Might,GEAR,VENDOR,1,60374,88000,68,1
43250,Ring of Earthen Might,GEAR,VENDOR,1,60984,88000,69,1
43250,Ring of Earthen Might,GEAR,VENDOR,1,60374,88000,68,1
43250,Ring of Earthen Might,GEAR,VENDOR,1,60984,88000,69,1
43250,Ring of Earthen Might,GEAR,VENDOR,1,60374,88000,68,1
43250,Ring of Earthen Might,GEAR,VENDOR,1,60984,88000,69,1
43250,Ring of Earthen Might,GEAR,VENDOR,1,60374,88000,68,1
43250,Ring of Earthen Might,GEAR,VENDOR,1,60984,88000,69,1
43250,Ring of Earthen Might,GEAR,VENDOR,1,60374,88000,68,1
44446,Pack of Endless Pockets,BAG,TRAINER,1,517881,432000,119,0
21858,Spellfire Bag,BAG,VENDOR,1,622613,408004,152,0
21858,Spellfire Bag,BAG,VENDOR,1,591482,408004,144,0
21858,Spellfire Bag,BAG,VENDOR,1,579652,408004,142,0
7966,Solid Grinding Stone,INTERMEDIATE,TRAINER,12,2352,2352,100,0
7966,Solid Grinding Stone,INTERMEDIATE,TRAINER,1,2352,2352,100,0
41351,Savage Saronite Pauldrons,GEAR,TRAINER,1,415334,384000,108,0
41351,Savage Saronite Pauldrons,GEAR,TRAINER,1,402873,384000,104,0
41600,Glacial Bag,BAG,VENDOR,1,1657260,990000,167,0
17771,Elementium Bar,MISC,DROP,3,5474247,2472560,221,0
46379,Flask of Stoneblood,FLASK,TRAINER,20,52468,56600,92,1
46379,Flask of Stoneblood,FLASK,TRAINER,4,51418,56600,90,1
42641,Global Thermal Sapper Charge,MISC,TRAINER,20,5216,6900,75,1
42641,Global Thermal Sapper Charge,MISC,TRAINER,20,5059,6900,73,1
42641,Global Thermal Sapper Charge,MISC,TRAINER,20,4957,6900,71,1
42641,Global Thermal Sapper Charge,MISC,TRAINER,5,5216,6900,75,1
32423,Icy Blasting Primers,INTERMEDIATE,TRAINER,20,5054,4547,111,0
32423,Icy Blasting Primers,INTERMEDIATE,TRAINER,20,4851,4547,106,0
32423,Icy Blasting Primers,INTERMEDIATE,TRAINER,20,5054,4547,111,0
32423,Icy Blasting Primers,INTERMEDIATE,TRAINER,7,4851,4547,106,0
32423,Icy Blasting Primers,INTERMEDIATE,TRAINER,3,5054,4547,111,0
4339,Bolt of Mageweave,INTERMEDIATE,TRAINER,2,5050,5050,100,0
4339,Bolt of Mageweave,INTERMEDIATE,TRAINER,5,5050,5050,100,0
37663,Titansteel Bar,INTERMEDIATE,TRAINER,4,133584,132000,101,1
37663,Titansteel Bar,INTERMEDIATE,TRAINER,2,129576,132000,98,1
44958,Ethereal Oil,INTERMEDIATE,TRAINER,9,71,96,73,1
44958,Ethereal Oil,INTERMEDIATE,TRAINER,6,69,96,71,1
24269,Heavy Netherweave Net,MISC,UNSOURCED,20,11088,14400,77,1
24269,Heavy Netherweave Net,MISC,UNSOURCED,8,10866,14400,75,1
4304,Thick Leather,INTERMEDIATE,TRAINER,7,3979,3636,109,0
4304,Thick Leather,INTERMEDIATE,TRAINER,2,3780,3636,103,0
33092,Healing Potion Injector,ELIXIR_POT,DROP,5,39346,18400,213,0
33092,Healing Potion Injector,ELIXIR_POT,DROP,5,38165,18400,207,0
33092,Healing Potion Injector,ELIXIR_POT,DROP,5,39346,18400,213,0
33092,Healing Potion Injector,ELIXIR_POT,DROP,20,38165,18400,207,0
33092,Healing Potion Injector,ELIXIR_POT,DROP,20,39346,18400,213,0
33092,Healing Potion Injector,ELIXIR_POT,DROP,5,38165,18400,207,0
33092,Healing Potion Injector,ELIXIR_POT,DROP,5,39346,18400,213,0
33092,Healing Potion Injector,ELIXIR_POT,DROP,5,38165,18400,207,0
33092,Healing Potion Injector,ELIXIR_POT,DROP,5,39346,18400,213,0
33092,Healing Potion Injector,ELIXIR_POT,DROP,5,38165,18400,207,0
33092,Healing Potion Injector,ELIXIR_POT,DROP,5,39346,18400,213,0
33092,Healing Potion Injector,ELIXIR_POT,DROP,20,38165,18400,207,0
33092,Healing Potion Injector,ELIXIR_POT,DROP,20,39346,18400,213,0
33092,Healing Potion Injector,ELIXIR_POT,DROP,5,38165,18400,207,0
33092,Healing Potion Injector,ELIXIR_POT,DROP,20,39346,18400,213,0
33092,Healing Potion Injector,ELIXIR_POT,DROP,20,38165,18400,207,0
33092,Healing Potion Injector,ELIXIR_POT,DROP,5,39346,18400,213,0
33092,Healing Potion Injector,ELIXIR_POT,DROP,20,38165,18400,207,0
33092,Healing Potion Injector,ELIXIR_POT,DROP,5,39346,18400,213,0
33092,Healing Potion Injector,ELIXIR_POT,DROP,5,38165,18400,207,0
33092,Healing Potion Injector,ELIXIR_POT,DROP,20,39346,18400,213,0
33092,Healing Potion Injector,ELIXIR_POT,DROP,5,38165,18400,207,0
33092,Healing Potion Injector,ELIXIR_POT,DROP,20,39346,18400,213,0
33092,Healing Potion Injector,ELIXIR_POT,DROP,20,38165,18400,207,0
33092,Healing Potion Injector,ELIXIR_POT,DROP,20,39346,18400,213,0
33092,Healing Potion Injector,ELIXIR_POT,DROP,5,38165,18400,207,0
33092,Healing Potion Injector,ELIXIR_POT,DROP,5,39346,18400,213,0
46376,Flask of the Frost Wyrm,FLASK,TRAINER,5,72540,65000,111,0
46376,Flask of the Frost Wyrm,FLASK,TRAINER,5,71089,65000,109,0
46376,Flask of the Frost Wyrm,FLASK,TRAINER,8,67534,65000,103,0
21845,Primal Mooncloth,INTERMEDIATE,VENDOR,14,86529,64001,135,0
21845,Primal Mooncloth,INTERMEDIATE,VENDOR,1,85663,64001,133,0
5081,Kodo Hide Bag,BAG,UNSOURCED,1,2675,853,313,0
2683,Crab Cake,FOOD,TRAINER,17,88,80,110,0
38347,Mammoth Mining Bag,BAG,VENDOR,1,628992,432000,145,0
38347,Mammoth Mining Bag,BAG,VENDOR,1,622702,432000,144,0
41257,Titansteel Destroyer,GEAR,TRAINER,1,1746360,1540000,113,0
41257,Titansteel Destroyer,GEAR,TRAINER,1,1728896,1540000,112,0
33093,Mana Potion Injector,ELIXIR_POT,DROP,5,37749,14400,262,0
33093,Mana Potion Injector,ELIXIR_POT,DROP,5,36239,14400,251,0
33093,Mana Potion Injector,ELIXIR_POT,DROP,5,34427,14400,239,0
33093,Mana Potion Injector,ELIXIR_POT,DROP,20,32705,14400,227,0
33093,Mana Potion Injector,ELIXIR_POT,DROP,20,37749,14400,262,0
33093,Mana Potion Injector,ELIXIR_POT,DROP,20,36239,14400,251,0
33093,Mana Potion Injector,ELIXIR_POT,DROP,5,34427,14400,239,0
33093,Mana Potion Injector,ELIXIR_POT,DROP,20,32705,14400,227,0
33093,Mana Potion Injector,ELIXIR_POT,DROP,5,37749,14400,262,0
33093,Mana Potion Injector,ELIXIR_POT,DROP,5,36239,14400,251,0
33093,Mana Potion Injector,ELIXIR_POT,DROP,20,34427,14400,239,0
33093,Mana Potion Injector,ELIXIR_POT,DROP,5,32705,14400,227,0
33093,Mana Potion Injector,ELIXIR_POT,DROP,20,37749,14400,262,0
33093,Mana Potion Injector,ELIXIR_POT,DROP,5,36239,14400,251,0
33093,Mana Potion Injector,ELIXIR_POT,DROP,5,34427,14400,239,0
33093,Mana Potion Injector,ELIXIR_POT,DROP,20,32705,14400,227,0
33093,Mana Potion Injector,ELIXIR_POT,DROP,20,37749,14400,262,0
33093,Mana Potion Injector,ELIXIR_POT,DROP,5,36239,14400,251,0
33093,Mana Potion Injector,ELIXIR_POT,DROP,20,34427,14400,239,0
33093,Mana Potion Injector,ELIXIR_POT,DROP,20,32705,14400,227,0
33093,Mana Potion Injector,ELIXIR_POT,DROP,5,37749,14400,262,0
33093,Mana Potion Injector,ELIXIR_POT,DROP,5,36239,14400,251,0
40124,Smooth King's Amber,GEM_CUT,VENDOR,1,263900,250000,105,0
22445,Arcane Dust,INTERMEDIATE,UNSOURCED,20,4518,5013,90,1
22445,Arcane Dust,INTERMEDIATE,UNSOURCED,1,4292,5013,85,1
5763,Red Woolen Bag,BAG,VENDOR,1,2194,1782,123,0
5763,Red Woolen Bag,BAG,VENDOR,1,2128,1782,119,0
5763,Red Woolen Bag,BAG,VENDOR,1,2194,1782,123,0
41595,Spellweave,INTERMEDIATE,TRAINER,3,212550,195000,109,0
41595,Spellweave,INTERMEDIATE,TRAINER,4,210424,195000,107,0
22522,Superior Wizard Oil,MISC,VENDOR,1,20809,26039,79,1
22522,Superior Wizard Oil,MISC,VENDOR,1,20600,26039,79,1
22522,Superior Wizard Oil,MISC,VENDOR,1,19982,26039,76,1
22522,Superior Wizard Oil,MISC,VENDOR,1,20809,26039,79,1
22522,Superior Wizard Oil,MISC,VENDOR,1,20600,26039,79,1
22522,Superior Wizard Oil,MISC,VENDOR,1,19982,26039,76,1
22522,Superior Wizard Oil,MISC,VENDOR,1,20809,26039,79,1
22522,Superior Wizard Oil,MISC,VENDOR,1,20600,26039,79,1
22522,Superior Wizard Oil,MISC,VENDOR,1,19982,26039,76,1
22522,Superior Wizard Oil,MISC,VENDOR,1,20809,26039,79,1
22522,Superior Wizard Oil,MISC,VENDOR,1,20600,26039,79,1
22522,Superior Wizard Oil,MISC,VENDOR,1,19982,26039,76,1
22522,Superior Wizard Oil,MISC,VENDOR,1,20809,26039,79,1
22522,Superior Wizard Oil,MISC,VENDOR,1,20600,26039,79,1
23101,Potent Flame Spessarite,GEM_CUT,VENDOR,1,24768,20000,123,0
23101,Potent Flame Spessarite,GEM_CUT,VENDOR,1,23529,20000,117,0
41510,Bolt of Frostweave,INTERMEDIATE,TRAINER,2,42900,37500,114,0
41510,Bolt of Frostweave,INTERMEDIATE,TRAINER,10,41613,37500,110,0
40131,Tenuous Dreadstone,GEM_CUT,VENDOR,1,312000,250000,124,0
40131,Tenuous Dreadstone,GEM_CUT,VENDOR,1,296400,250000,118,0
40767,Sonic Booster,GEAR,TRAINER,1,197130,230400,85,1
40767,Sonic Booster,GEAR,TRAINER,1,193187,230400,83,1
40767,Sonic Booster,GEAR,TRAINER,1,197130,230400,85,1
40767,Sonic Booster,GEAR,TRAINER,1,193187,230400,83,1
40767,Sonic Booster,GEAR,TRAINER,1,197130,230400,85,1
13510,Flask of the Titans,FLASK,DROP,10,49905,16860,295,0
41165,Saronite Razorheads,AMMO,TRAINER,1000,52,60,86,1
41165,Saronite Razorheads,AMMO,TRAINER,1000,50,60,83,1
41165,Saronite Razorheads,AMMO,TRAINER,1000,49,60,81,1
41165,Saronite Razorheads,AMMO,TRAINER,1000,48,60,80,1
41165,Saronite Razorheads,AMMO,TRAINER,1000,52,60,86,1
41165,Saronite Razorheads,AMMO,TRAINER,1000,50,60,83,1
41165,Saronite Razorheads,AMMO,TRAINER,1000,49,60,81,1
41165,Saronite Razorheads,AMMO,TRAINER,1000,48,60,80,1
41165,Saronite Razorheads,AMMO,TRAINER,1000,52,60,86,1
41165,Saronite Razorheads,AMMO,TRAINER,1000,50,60,83,1
41165,Saronite Razorheads,AMMO,TRAINER,1000,49,60,81,1
41165,Saronite Razorheads,AMMO,TRAINER,1000,48,60,80,1
41165,Saronite Razorheads,AMMO,TRAINER,1000,52,60,86,1
41165,Saronite Razorheads,AMMO,TRAINER,1000,50,60,83,1
24272,Shadowcloth,INTERMEDIATE,VENDOR,2,66816,64001,104,0
24272,Shadowcloth,INTERMEDIATE,VENDOR,10,65479,64001,102,0
22248,Enchanted Runecloth Bag,BAG,VENDOR,1,689129,551525,124,0
22248,Enchanted Runecloth Bag,BAG,VENDOR,1,675346,551525,122,0
22248,Enchanted Runecloth Bag,BAG,VENDOR,1,689129,551525,124,0
21844,Bolt of Soulcloth,INTERMEDIATE,VENDOR,5,171000,144000,118,0
21844,Bolt of Soulcloth,INTERMEDIATE,VENDOR,10,164160,144000,114,0
23448,Felsteel Bar,INTERMEDIATE,TRAINER,3,82133,76000,108,0
23448,Felsteel Bar,INTERMEDIATE,TRAINER,4,79669,76000,104,0
41516,Frostsavage Gloves,GEAR,TRAINER,1,474110,520200,91,1
41516,Frostsavage Gloves,GEAR,TRAINER,1,464627,520200,89,1
41516,Frostsavage Gloves,GEAR,TRAINER,1,441395,520200,84,1
41516,Frostsavage Gloves,GEAR,TRAINER,1,423739,520200,81,1
41516,Frostsavage Gloves,GEAR,TRAINER,1,474110,520200,91,1
41516,Frostsavage Gloves,GEAR,TRAINER,1,464627,520200,89,1
41516,Frostsavage Gloves,GEAR,TRAINER,1,441395,520200,84,1
21841,Netherweave Bag,BAG,TRAINER,1,116150,101000,115,0
22445,Arcane Dust,INTERMEDIATE,UNSOURCED,20,4240,5013,84,1
22445,Arcane Dust,INTERMEDIATE,UNSOURCED,20,4197,5013,83,1
22445,Arcane Dust,INTERMEDIATE,UNSOURCED,5,4240,5013,84,1
14048,Bolt of Runecloth,INTERMEDIATE,TRAINER,7,13043,11760,110,0
14048,Bolt of Runecloth,INTERMEDIATE,TRAINER,1,12912,11760,109,0
23445,Fel Iron Bar,INTERMEDIATE,TRAINER,14,13824,12000,115,0
40079,Lesser Flask of Toughness,FLASK,TRAINER,5,23541,21000,112,0
40079,Lesser Flask of Toughness,FLASK,TRAINER,5,23305,21000,110,0
40079,Lesser Flask of Toughness,FLASK,TRAINER,7,22372,21000,106,0
5764,Green Silk Pack,BAG,DROP,1,28167,11722,240,0
5764,Green Silk Pack,BAG,DROP,1,27321,11722,233,0
34482,Leatherworker's Satchel,BAG,TRAINER,1,328104,245000,133,0
34482,Leatherworker's Satchel,BAG,TRAINER,1,314979,245000,128,0
34482,Leatherworker's Satchel,BAG,TRAINER,1,305529,245000,124,0
11371,Dark Iron Bar,INTERMEDIATE,UNSOURCED,15,62138,23040,269,0
4233,Cured Medium Hide,INTERMEDIATE,TRAINER,2,937,807,116,0
4233,Cured Medium Hide,INTERMEDIATE,TRAINER,9,927,807,114,0
21991,Heavy Netherweave Bandage,MISC,TRAINER,9,7948,9600,82,1
7191,Fused Wiring,INTERMEDIATE,VENDOR,5,1790,1380,129,0
7191,Fused Wiring,INTERMEDIATE,VENDOR,5,1772,1380,128,0
7191,Fused Wiring,INTERMEDIATE,VENDOR,5,1790,1380,129,0
7191,Fused Wiring,INTERMEDIATE,VENDOR,5,1772,1380,128,0
7191,Fused Wiring,INTERMEDIATE,VENDOR,5,1790,1380,129,0
7191,Fused Wiring,INTERMEDIATE,VENDOR,5,1772,1380,128,0
7191,Fused Wiring,INTERMEDIATE,VENDOR,5,1790,1380,129,0
7191,Fused Wiring,INTERMEDIATE,VENDOR,5,1772,1380,128,0
7191,Fused Wiring,INTERMEDIATE,VENDOR,5,1790,1380,129,0
7191,Fused Wiring,INTERMEDIATE,VENDOR,5,1772,1380,128,0
7191,Fused Wiring,INTERMEDIATE,VENDOR,5,1790,1380,129,0
7191,Fused Wiring,INTERMEDIATE,VENDOR,5,1772,1380,128,0
7191,Fused Wiring,INTERMEDIATE,VENDOR,5,1790,1380,129,0
7191,Fused Wiring,INTERMEDIATE,VENDOR,5,1772,1380,128,0
7191,Fused Wiring,INTERMEDIATE,VENDOR,4,1790,1380,129,0
7191,Fused Wiring,INTERMEDIATE,VENDOR,1,1772,1380,128,0
44958,Ethereal Oil,INTERMEDIATE,TRAINER,9,79,96,82,1
22449,Large Prismatic Shard,INTERMEDIATE,VENDOR,20,204768,240000,85,1
22449,Large Prismatic Shard,INTERMEDIATE,VENDOR,2,200672,240000,83,1
22449,Large Prismatic Shard,INTERMEDIATE,VENDOR,6,196658,240000,81,1
24270,Bag of Jewels,BAG,VENDOR,1,15441,20006,77,1
24270,Bag of Jewels,BAG,VENDOR,1,14977,20006,74,1
24270,Bag of Jewels,BAG,VENDOR,1,15441,20006,77,1
24270,Bag of Jewels,BAG,VENDOR,1,14977,20006,74,1
24270,Bag of Jewels,BAG,VENDOR,1,15441,20006,77,1
24270,Bag of Jewels,BAG,VENDOR,1,14977,20006,74,1
24270,Bag of Jewels,BAG,VENDOR,1,15441,20006,77,1
24270,Bag of Jewels,BAG,VENDOR,1,14977,20006,74,1
24270,Bag of Jewels,BAG,VENDOR,1,15441,20006,77,1
24270,Bag of Jewels,BAG,VENDOR,1,14977,20006,74,1
21872,Ebon Shadowbag,BAG,VENDOR,1,529502,408000,129,0
21872,Ebon Shadowbag,BAG,VENDOR,1,513616,408000,125,0
21872,Ebon Shadowbag,BAG,VENDOR,1,529502,408000,129,0
40121,Lustrous Majestic Zircon,GEM_CUT,VENDOR,1,316250,250000,126,0
40121,Lustrous Majestic Zircon,GEM_CUT,VENDOR,1,313087,250000,125,0
40121,Lustrous Majestic Zircon,GEM_CUT,VENDOR,1,316250,250000,126,0
43975,Frostsavage Leggings,GEAR,TRAINER,1,704793,672000,104,0
21845,Primal Mooncloth,INTERMEDIATE,VENDOR,7,78017,64001,121,0
21845,Primal Mooncloth,INTERMEDIATE,VENDOR,6,77236,64001,120,0
3486,Heavy Grinding Stone,INTERMEDIATE,TRAINER,3,1383,1035,133,0
3486,Heavy Grinding Stone,INTERMEDIATE,TRAINER,2,1327,1035,128,0
21876,Primal Mooncloth Bag,BAG,VENDOR,1,713059,504000,141,0
21876,Primal Mooncloth Bag,BAG,VENDOR,1,677406,504000,134,0
21876,Primal Mooncloth Bag,BAG,VENDOR,1,643535,504000,127,0
22248,Enchanted Runecloth Bag,BAG,VENDOR,1,635356,551525,115,0
22248,Enchanted Runecloth Bag,BAG,VENDOR,1,629002,551525,114,0
23775,Titanium Toolbox,BAG,VENDOR,1,495936,448000,110,0
23775,Titanium Toolbox,BAG,VENDOR,1,471139,448000,105,0
32205,Smooth Lionseye,GEM_CUT,VENDOR,1,323200,250000,129,0
31079,Mercurial Adamantite,INTERMEDIATE,TRAINER,2,88924,86000,103,0
31079,Mercurial Adamantite,INTERMEDIATE,TRAINER,5,86000,86000,100,0
13511,Flask of Distilled Wisdom,FLASK,DROP,5,25541,13430,190,0
13511,Flask of Distilled Wisdom,FLASK,DROP,5,24774,13430,184,0
13511,Flask of Distilled Wisdom,FLASK,DROP,16,25541,13430,190,0
33568,Borean Leather,INTERMEDIATE,TRAINER,9,11425,13500,84,1
33568,Borean Leather,INTERMEDIATE,TRAINER,6,11082,13500,82,1
4233,Cured Medium Hide,INTERMEDIATE,TRAINER,5,914,807,113,0
4339,Bolt of Mageweave,INTERMEDIATE,TRAINER,7,6363,5050,126,0
4339,Bolt of Mageweave,INTERMEDIATE,TRAINER,4,6299,5050,124,0
41745,Titanium Rod,INTERMEDIATE,TRAINER,1,81576,80000,101,0
41745,Titanium Rod,INTERMEDIATE,TRAINER,1,80000,80000,100,0
41745,Titanium Rod,INTERMEDIATE,TRAINER,1,80000,80000,100,0
41745,Titanium Rod,INTERMEDIATE,TRAINER,1,80000,80000,100,0
41745,Titanium Rod,INTERMEDIATE,TRAINER,1,81576,80000,101,0
41745,Titanium Rod,INTERMEDIATE,TRAINER,1,80000,80000,100,0
41745,Titanium Rod,INTERMEDIATE,TRAINER,1,80000,80000,100,0
41745,Titanium Rod,INTERMEDIATE,TRAINER,1,80000,80000,100,0
41745,Titanium Rod,INTERMEDIATE,TRAINER,1,81576,80000,101,0
24272,Shadowcloth,INTERMEDIATE,VENDOR,7,89709,64001,140,0
24272,Shadowcloth,INTERMEDIATE,VENDOR,3,87914,64001,137,0
40094,Dazzling Forest Emerald,GEM_CUT,TRAINER,1,150000,150000,100,0
40094,Dazzling Forest Emerald,GEM_CUT,TRAINER,1,150000,150000,100,0
32193,Bold Crimson Spinel,GEM_CUT,VENDOR,1,297600,250000,119,0
32204,Brilliant Lionseye,GEM_CUT,VENDOR,1,252000,250000,100,0
33208,Flask of Chromatic Wonder,FLASK,VENDOR,20,47001,36000,130,0
33208,Flask of Chromatic Wonder,FLASK,VENDOR,5,44650,36000,124,0
33208,Flask of Chromatic Wonder,FLASK,VENDOR,5,44203,36000,122,0
33208,Flask of Chromatic Wonder,FLASK,VENDOR,2,47001,36000,130,0
13423,Stonescale Oil,INTERMEDIATE,TRAINER,2,102,102,100,0
13423,Stonescale Oil,INTERMEDIATE,TRAINER,7,102,102,100,0
34482,Leatherworker's Satchel,BAG,TRAINER,1,272734,245000,111,0
34482,Leatherworker's Satchel,BAG,TRAINER,1,270006,245000,110,0
34482,Leatherworker's Satchel,BAG,TRAINER,1,272734,245000,111,0
4375,Whirring Bronze Gizmo,INTERMEDIATE,TRAINER,10,299,260,115,0
4375,Whirring Bronze Gizmo,INTERMEDIATE,TRAINER,1,296,260,113,0
4375,Whirring Bronze Gizmo,INTERMEDIATE,TRAINER,1,299,260,115,0
14342,Mooncloth,INTERMEDIATE,VENDOR,3,17920,15200,117,0
14342,Mooncloth,INTERMEDIATE,VENDOR,10,17740,15200,116,0
23449,Khorium Bar,INTERMEDIATE,TRAINER,5,40112,40000,100,0
23449,Khorium Bar,INTERMEDIATE,TRAINER,4,40000,40000,100,0
33782,Steady Talasite,GEM_CUT,VENDOR,1,137940,120000,114,0
33782,Steady Talasite,GEM_CUT,VENDOR,1,136560,120000,113,0
33782,Steady Talasite,GEM_CUT,VENDOR,1,137940,120000,114,0
33093,Mana Potion Injector,ELIXIR_POT,DROP,20,43701,14400,303,0
33093,Mana Potion Injector,ELIXIR_POT,DROP,20,42389,14400,294,0
33093,Mana Potion Injector,ELIXIR_POT,DROP,20,41541,14400,288,0
33093,Mana Potion Injector,ELIXIR_POT,DROP,5,40294,14400,279,0
33093,Mana Potion Injector,ELIXIR_POT,DROP,5,43701,14400,303,0
33093,Mana Potion Injector,ELIXIR_POT,DROP,5,42389,14400,294,0
33093,Mana Potion Injector,ELIXIR_POT,DROP,5,41541,14400,288,0
33093,Mana Potion Injector,ELIXIR_POT,DROP,5,40294,14400,279,0
33093,Mana Potion Injector,ELIXIR_POT,DROP,5,43701,14400,303,0
33093,Mana Potion Injector,ELIXIR_POT,DROP,5,42389,14400,294,0
33093,Mana Potion Injector,ELIXIR_POT,DROP,5,41541,14400,288,0
33093,Mana Potion Injector,ELIXIR_POT,DROP,5,40294,14400,279,0
33093,Mana Potion Injector,ELIXIR_POT,DROP,20,43701,14400,303,0
33093,Mana Potion Injector,ELIXIR_POT,DROP,20,42389,14400,294,0
33093,Mana Potion Injector,ELIXIR_POT,DROP,20,41541,14400,288,0
33093,Mana Potion Injector,ELIXIR_POT,DROP,20,40294,14400,279,0
33093,Mana Potion Injector,ELIXIR_POT,DROP,5,43701,14400,303,0
33093,Mana Potion Injector,ELIXIR_POT,DROP,20,42389,14400,294,0
33093,Mana Potion Injector,ELIXIR_POT,DROP,20,41541,14400,288,0
33093,Mana Potion Injector,ELIXIR_POT,DROP,20,40294,14400,279,0
33093,Mana Potion Injector,ELIXIR_POT,DROP,20,43701,14400,303,0
33093,Mana Potion Injector,ELIXIR_POT,DROP,20,42389,14400,294,0
33093,Mana Potion Injector,ELIXIR_POT,DROP,20,41541,14400,288,0
33093,Mana Potion Injector,ELIXIR_POT,DROP,10,40294,14400,279,0
4241,Green Woolen Bag,BAG,DROP,1,4467,1832,243,0
4241,Green Woolen Bag,BAG,DROP,1,4377,1832,238,0
38347,Mammoth Mining Bag,BAG,VENDOR,1,545443,432000,126,0
38347,Mammoth Mining Bag,BAG,VENDOR,1,518170,432000,119,0
20963,Mithril Filigree,INTERMEDIATE,TRAINER,1,3306,3012,109,0
20963,Mithril Filigree,INTERMEDIATE,TRAINER,10,3206,3012,106,0
16000,Thorium Tube,INTERMEDIATE,TRAINER,15,10211,9270,110,0
22249,Big Bag of Enchantment,BAG,DROP,1,1106051,568430,194,0
22249,Big Bag of Enchantment,BAG,DROP,1,1094990,568430,192,0
41345,Daunting Legplates,GEAR,TRAINER,1,315417,444000,71,1
41345,Daunting Legplates,GEAR,TRAINER,1,312262,444000,70,1
41345,Daunting Legplates,GEAR,TRAINER,1,296648,444000,66,1
41345,Daunting Legplates,GEAR,TRAINER,1,284782,444000,64,1
41345,Daunting Legplates,GEAR,TRAINER,1,315417,444000,71,1
41345,Daunting Legplates,GEAR,TRAINER,1,312262,444000,70,1
41345,Daunting Legplates,GEAR,TRAINER,1,296648,444000,66,1
41345,Daunting Legplates,GEAR,TRAINER,1,284782,444000,64,1
41345,Daunting Legplates,GEAR,TRAINER,1,315417,444000,71,1
41345,Daunting Legplates,GEAR,TRAINER,1,312262,444000,70,1
41345,Daunting Legplates,GEAR,TRAINER,1,296648,444000,66,1
41345,Daunting Legplates,GEAR,TRAINER,1,284782,444000,64,1
41345,Daunting Legplates,GEAR,TRAINER,1,315417,444000,71,1
38402,Arctic Shoulderpads,GEAR,TRAINER,1,88722,90000,98,1
38402,Arctic Shoulderpads,GEAR,TRAINER,1,86947,90000,96,1
38402,Arctic Shoulderpads,GEAR,TRAINER,1,83469,90000,92,1
38402,Arctic Shoulderpads,GEAR,TRAINER,1,79295,90000,88,1
38402,Arctic Shoulderpads,GEAR,TRAINER,1,88722,90000,98,1
38402,Arctic Shoulderpads,GEAR,TRAINER,1,86947,90000,96,1
38402,Arctic Shoulderpads,GEAR,TRAINER,1,83469,90000,92,1
38402,Arctic Shoulderpads,GEAR,TRAINER,1,79295,90000,88,1
38402,Arctic Shoulderpads,GEAR,TRAINER,1,88722,90000,98,1
38402,Arctic Shoulderpads,GEAR,TRAINER,1,86947,90000,96,1
6371,Fire Oil,INTERMEDIATE,TRAINER,1,72,64,112,0
6371,Fire Oil,INTERMEDIATE,TRAINER,7,70,64,109,0
41165,Saronite Razorheads,AMMO,TRAINER,1000,45,60,75,1
41165,Saronite Razorheads,AMMO,TRAINER,1000,42,60,70,1
41165,Saronite Razorheads,AMMO,TRAINER,1000,39,60,65,1
41165,Saronite Razorheads,AMMO,TRAINER,1000,37,60,61,1
41165,Saronite Razorheads,AMMO,TRAINER,1000,45,60,75,1
41165,Saronite Razorheads,AMMO,TRAINER,1000,42,60,70,1
41165,Saronite Razorheads,AMMO,TRAINER,1000,39,60,65,1
41165,Saronite Razorheads,AMMO,TRAINER,1000,37,60,61,1
13513,Flask of Chromatic Resistance,FLASK,DROP,20,52351,20250,258,0
13513,Flask of Chromatic Resistance,FLASK,DROP,6,50780,20250,250,0
40090,Steady Forest Emerald,GEM_CUT,VENDOR,1,221490,150000,147,0
40090,Steady Forest Emerald,GEM_CUT,VENDOR,1,214845,150000,143,0
40090,Steady Forest Emerald,GEM_CUT,VENDOR,1,210548,150000,140,0
43970,Frostsavage Boots,GEAR,TRAINER,1,606553,520200,116,0
43970,Frostsavage Boots,GEAR,TRAINER,1,594421,520200,114,0
43970,Frostsavage Boots,GEAR,TRAINER,1,576588,520200,110,0
4240,Woolen Bag,BAG,TRAINER,1,1472,1324,111,0
21872,Ebon Shadowbag,BAG,VENDOR,1,473892,408000,116,0
21872,Ebon Shadowbag,BAG,VENDOR,1,450197,408000,110,0
21341,Felcloth Bag,BAG,UNSOURCED,1,466858,199240,234,0
21340,Soul Pouch,BAG,VENDOR,1,97678,80078,121,0
21340,Soul Pouch,BAG,VENDOR,1,92794,80078,115,0
21340,Soul Pouch,BAG,VENDOR,1,89082,80078,111,0
40195,Pygmy Oil,INTERMEDIATE,TRAINER,14,226,300,75,1
40195,Pygmy Oil,INTERMEDIATE,TRAINER,1,219,300,73,1
13423,Stonescale Oil,INTERMEDIATE,TRAINER,11,107,102,104,0
13423,Stonescale Oil,INTERMEDIATE,TRAINER,3,102,102,100,0
40124,Smooth King's Amber,GEM_CUT,VENDOR,1,297600,250000,119,0
40124,Smooth King's Amber,GEM_CUT,VENDOR,1,288672,250000,115,0
40124,Smooth King's Amber,GEM_CUT,VENDOR,1,297600,250000,119,0
21843,Imbued Netherweave Bag,BAG,VENDOR,1,66352,60005,110,0
21843,Imbued Netherweave Bag,BAG,VENDOR,1,65024,60005,108,0
21843,Imbued Netherweave Bag,BAG,VENDOR,1,61772,60005,102,0
38425,Heavy Borean Leather,INTERMEDIATE,TRAINER,5,54000,54000,100,0
38425,Heavy Borean Leather,INTERMEDIATE,TRAINER,4,54000,54000,100,0
44936,Titanium Plating,MISC,VENDOR,10,147382,176000,83,1
10561,Mithril Casing,INTERMEDIATE,TRAINER,10,4743,4518,104,0
10561,Mithril Casing,INTERMEDIATE,TRAINER,1,4553,4518,100,0
3576,Tin Bar,INTERMEDIATE,TRAINER,3,107,107,100,0
3576,Tin Bar,INTERMEDIATE,TRAINER,6,107,107,100,0
35316,Reckless Noble Topaz,GEM_CUT,VENDOR,1,138600,120000,115,0
35316,Reckless Noble Topaz,GEM_CUT,VENDOR,1,135828,120000,113,0
22252,Satchel of Cenarius,BAG,VENDOR,1,199836,154900,129,0
22252,Satchel of Cenarius,BAG,VENDOR,1,195839,154900,126,0
37101,Ivory Ink,INTERMEDIATE,UNSOURCED,5,243,150,162,0
37101,Ivory Ink,INTERMEDIATE,UNSOURCED,3,230,150,153,0
3576,Tin Bar,INTERMEDIATE,TRAINER,7,121,107,113,0
3576,Tin Bar,INTERMEDIATE,TRAINER,6,116,107,108,0
42701,Enchanted Pearl,GEM_CUT,TRAINER,1,68045,61000,111,0
13512,Flask of Supreme Power,FLASK,DROP,10,17481,11430,152,0
10051,Red Mageweave Bag,BAG,TRAINER,1,27184,20092,135,0
21844,Bolt of Soulcloth,INTERMEDIATE,VENDOR,8,161092,144000,111,0
21342,Core Felcloth Bag,BAG,DROP,1,608657,353768,172,0
43121,Fiery Ink,INTERMEDIATE,TRAINER,1,253,200,126,0
43121,Fiery Ink,INTERMEDIATE,TRAINER,5,242,200,121,0
25894,Swift Skyfire Diamond,GEM_CUT,VENDOR,1,457920,360000,127,0
3859,Steel Bar,INTERMEDIATE,TRAINER,3,1857,1400,132,0
3859,Steel Bar,INTERMEDIATE,TRAINER,3,1782,1400,127,0
23519,Felsteel Helm,GEAR,DROP,1,5,8,62,1
23519,Felsteel Helm,GEAR,DROP,1,4,8,50,1
23519,Felsteel Helm,GEAR,DROP,1,5,8,62,1
23519,Felsteel Helm,GEAR,DROP,1,4,8,50,1
23519,Felsteel Helm,GEAR,DROP,1,5,8,62,1
23519,Felsteel Helm,GEAR,DROP,1,4,8,50,1
23519,Felsteel Helm,GEAR,DROP,1,5,8,62,1
23519,Felsteel Helm,GEAR,DROP,1,4,8,50,1
23519,Felsteel Helm,GEAR,DROP,1,5,8,62,1
23519,Felsteel Helm,GEAR,DROP,1,4,8,50,1
23519,Felsteel Helm,GEAR,DROP,1,5,8,62,1
23519,Felsteel Helm,GEAR,DROP,1,4,8,50,1
23519,Felsteel Helm,GEAR,DROP,1,5,8,62,1
23519,Felsteel Helm,GEAR,DROP,1,4,8,50,1
10050,Mageweave Bag,BAG,TRAINER,1,20220,16992,118,0
38405,Arctic Belt,GEAR,TRAINER,1,70560,90000,78,1
38405,Arctic Belt,GEAR,TRAINER,1,67737,90000,75,1
38405,Arctic Belt,GEAR,TRAINER,1,66382,90000,73,1
38405,Arctic Belt,GEAR,TRAINER,1,70560,90000,78,1
38405,Arctic Belt,GEAR,TRAINER,1,67737,90000,75,1
38405,Arctic Belt,GEAR,TRAINER,1,66382,90000,73,1
38405,Arctic Belt,GEAR,TRAINER,1,70560,90000,78,1
38405,Arctic Belt,GEAR,TRAINER,1,67737,90000,75,1
38405,Arctic Belt,GEAR,TRAINER,1,66382,90000,73,1
38405,Arctic Belt,GEAR,TRAINER,1,70560,90000,78,1
38405,Arctic Belt,GEAR,TRAINER,1,67737,90000,75,1
38405,Arctic Belt,GEAR,TRAINER,1,66382,90000,73,1
38405,Arctic Belt,GEAR,TRAINER,1,70560,90000,78,1
38405,Arctic Belt,GEAR,TRAINER,1,67737,90000,75,1
11144,Truesilver Rod,INTERMEDIATE,TRAINER,1,5947,4720,125,0
11144,Truesilver Rod,INTERMEDIATE,TRAINER,1,5828,4720,123,0
11144,Truesilver Rod,INTERMEDIATE,TRAINER,1,5947,4720,125,0
11144,Truesilver Rod,INTERMEDIATE,TRAINER,1,5828,4720,123,0
11144,Truesilver Rod,INTERMEDIATE,TRAINER,1,5947,4720,125,0
11144,Truesilver Rod,INTERMEDIATE,TRAINER,1,5828,4720,123,0
11144,Truesilver Rod,INTERMEDIATE,TRAINER,1,5947,4720,125,0
11144,Truesilver Rod,INTERMEDIATE,TRAINER,1,5828,4720,123,0
11144,Truesilver Rod,INTERMEDIATE,TRAINER,1,5947,4720,125,0
11144,Truesilver Rod,INTERMEDIATE,TRAINER,1,5828,4720,123,0
11144,Truesilver Rod,INTERMEDIATE,TRAINER,1,5947,4720,125,0
24272,Shadowcloth,INTERMEDIATE,VENDOR,13,79437,64001,124,0
43495,Earthgiving Legguards,GEAR,VENDOR,1,1800348,1186000,151,0
43495,Earthgiving Legguards,GEAR,VENDOR,1,1782344,1186000,150,0
43495,Earthgiving Legguards,GEAR,VENDOR,1,1693226,1186000,142,0
43258,Purehorn Spaulders,GEAR,TRAINER,1,151074,198000,76,1
43258,Purehorn Spaulders,GEAR,TRAINER,1,143520,198000,72,1
43258,Purehorn Spaulders,GEAR,TRAINER,1,136344,198000,68,1
43258,Purehorn Spaulders,GEAR,TRAINER,1,151074,198000,76,1
43258,Purehorn Spaulders,GEAR,TRAINER,1,143520,198000,72,1
43258,Purehorn Spaulders,GEAR,TRAINER,1,136344,198000,68,1
43258,Purehorn Spaulders,GEAR,TRAINER,1,151074,198000,76,1
43258,Purehorn Spaulders,GEAR,TRAINER,1,143520,198000,72,1
32226,Jagged Seaspray Emerald,GEM_CUT,VENDOR,1,300300,250000,120,0
32226,Jagged Seaspray Emerald,GEM_CUT,VENDOR,1,285285,250000,114,0
9061,Goblin Rocket Fuel,INTERMEDIATE,UNSOURCED,2,8623,3077,280,0
9061,Goblin Rocket Fuel,INTERMEDIATE,UNSOURCED,8,8191,3077,266,0
7966,Solid Grinding Stone,INTERMEDIATE,TRAINER,7,3116,2352,132,0
7966,Solid Grinding Stone,INTERMEDIATE,TRAINER,3,2991,2352,127,0
5763,Red Woolen Bag,BAG,VENDOR,1,2328,1782,130,0
5763,Red Woolen Bag,BAG,VENDOR,1,2304,1782,129,0
5763,Red Woolen Bag,BAG,VENDOR,1,2328,1782,130,0
21840,Bolt of Netherweave,INTERMEDIATE,TRAINER,5,37903,28800,131,0
21840,Bolt of Netherweave,INTERMEDIATE,TRAINER,7,37523,28800,130,0
2319,Medium Leather,INTERMEDIATE,TRAINER,5,374,372,100,0
2319,Medium Leather,INTERMEDIATE,TRAINER,6,372,372,100,0
44958,Ethereal Oil,INTERMEDIATE,TRAINER,6,68,96,70,1
44958,Ethereal Oil,INTERMEDIATE,TRAINER,3,66,96,68,1
41602,Brilliant Spellthread,MISC,VENDOR,5,516852,586000,88,1
41516,Frostsavage Gloves,GEAR,TRAINER,1,377353,520200,72,1
41516,Frostsavage Gloves,GEAR,TRAINER,1,362258,520200,69,1
41516,Frostsavage Gloves,GEAR,TRAINER,1,347767,520200,66,1
41516,Frostsavage Gloves,GEAR,TRAINER,1,377353,520200,72,1
41516,Frostsavage Gloves,GEAR,TRAINER,1,362258,520200,69,1
41516,Frostsavage Gloves,GEAR,TRAINER,1,347767,520200,66,1
41516,Frostsavage Gloves,GEAR,TRAINER,1,377353,520200,72,1
41516,Frostsavage Gloves,GEAR,TRAINER,1,362258,520200,69,1
41516,Frostsavage Gloves,GEAR,TRAINER,1,347767,520200,66,1
41516,Frostsavage Gloves,GEAR,TRAINER,1,377353,520200,72,1
41516,Frostsavage Gloves,GEAR,TRAINER,1,362258,520200,69,1
41516,Frostsavage Gloves,GEAR,TRAINER,1,347767,520200,66,1
41516,Frostsavage Gloves,GEAR,TRAINER,1,377353,520200,72,1
41516,Frostsavage Gloves,GEAR,TRAINER,1,362258,520200,69,1
41516,Frostsavage Gloves,GEAR,TRAINER,1,347767,520200,66,1
41600,Glacial Bag,BAG,VENDOR,1,748440,990000,75,1
41600,Glacial Bag,BAG,VENDOR,1,718502,990000,72,1
41600,Glacial Bag,BAG,VENDOR,1,696946,990000,70,1
41600,Glacial Bag,BAG,VENDOR,1,748440,990000,75,1
41600,Glacial Bag,BAG,VENDOR,1,718502,990000,72,1
41600,Glacial Bag,BAG,VENDOR,1,696946,990000,70,1
44958,Ethereal Oil,INTERMEDIATE,TRAINER,1,72,96,75,1
44958,Ethereal Oil,INTERMEDIATE,TRAINER,4,69,96,71,1
21840,Bolt of Netherweave,INTERMEDIATE,TRAINER,15,34205,28800,118,0
40769,Scrapbot Construction Kit,INTERMEDIATE,UNSOURCED,20,180180,60000,300,0
40769,Scrapbot Construction Kit,INTERMEDIATE,UNSOURCED,20,178378,60000,297,0
40769,Scrapbot Construction Kit,INTERMEDIATE,UNSOURCED,2,180180,60000,300,0
40769,Scrapbot Construction Kit,INTERMEDIATE,UNSOURCED,8,178378,60000,297,0
40137,Infused Dreadstone,GEM_CUT,VENDOR,1,267375,250000,106,0
40137,Infused Dreadstone,GEM_CUT,VENDOR,1,264701,250000,105,0
40137,Infused Dreadstone,GEM_CUT,VENDOR,1,267375,250000,106,0
43973,Frostsavage Shoulders,GEAR,TRAINER,1,444042,520200,85,1
43973,Frostsavage Shoulders,GEAR,TRAINER,1,439601,520200,84,1
43973,Frostsavage Shoulders,GEAR,TRAINER,1,426412,520200,81,1
43973,Frostsavage Shoulders,GEAR,TRAINER,1,444042,520200,85,1
43973,Frostsavage Shoulders,GEAR,TRAINER,1,439601,520200,84,1
43973,Frostsavage Shoulders,GEAR,TRAINER,1,426412,520200,81,1
43973,Frostsavage Shoulders,GEAR,TRAINER,1,444042,520200,85,1
43973,Frostsavage Shoulders,GEAR,TRAINER,1,439601,520200,84,1
43973,Frostsavage Shoulders,GEAR,TRAINER,1,426412,520200,81,1
43973,Frostsavage Shoulders,GEAR,TRAINER,1,444042,520200,85,1
43973,Frostsavage Shoulders,GEAR,TRAINER,1,439601,520200,84,1
43973,Frostsavage Shoulders,GEAR,TRAINER,1,426412,520200,81,1
43973,Frostsavage Shoulders,GEAR,TRAINER,1,444042,520200,85,1
43973,Frostsavage Shoulders,GEAR,TRAINER,1,439601,520200,84,1
40092,Seer's Forest Emerald,GEM_CUT,VENDOR,1,157950,150000,105,0
41600,Glacial Bag,BAG,VENDOR,1,737352,990000,74,1
41600,Glacial Bag,BAG,VENDOR,1,707857,990000,71,1
41600,Glacial Bag,BAG,VENDOR,1,679542,990000,68,1
41600,Glacial Bag,BAG,VENDOR,1,665951,990000,67,1
41600,Glacial Bag,BAG,VENDOR,1,737352,990000,74,1
41600,Glacial Bag,BAG,VENDOR,1,707857,990000,71,1
41600,Glacial Bag,BAG,VENDOR,1,679542,990000,68,1
41600,Glacial Bag,BAG,VENDOR,1,665951,990000,67,1
41600,Glacial Bag,BAG,VENDOR,1,737352,990000,74,1
45773,Emerald Bag,BAG,VENDOR,1,909720,720000,126,0
45773,Emerald Bag,BAG,VENDOR,1,873331,720000,121,0
21872,Ebon Shadowbag,BAG,VENDOR,1,457776,408000,112,0
33092,Healing Potion Injector,ELIXIR_POT,DROP,5,35471,18400,192,0
33092,Healing Potion Injector,ELIXIR_POT,DROP,20,34406,18400,186,0
33092,Healing Potion Injector,ELIXIR_POT,DROP,20,34061,18400,185,0
33092,Healing Potion Injector,ELIXIR_POT,DROP,20,32698,18400,177,0
33092,Healing Potion Injector,ELIXIR_POT,DROP,5,35471,18400,192,0
33092,Healing Potion Injector,ELIXIR_POT,DROP,20,34406,18400,186,0
33092,Healing Potion Injector,ELIXIR_POT,DROP,20,34061,18400,185,0
33092,Healing Potion Injector,ELIXIR_POT,DROP,20,32698,18400,177,0
33092,Healing Potion Injector,ELIXIR_POT,DROP,20,35471,18400,192,0
33092,Healing Potion Injector,ELIXIR_POT,DROP,5,34406,18400,186,0
33092,Healing Potion Injector,ELIXIR_POT,DROP,5,34061,18400,185,0
7071,Iron Buckle,INTERMEDIATE,TRAINER,5,470,450,104,0
7071,Iron Buckle,INTERMEDIATE,TRAINER,5,450,450,100,0
7071,Iron Buckle,INTERMEDIATE,TRAINER,5,450,450,100,0
7071,Iron Buckle,INTERMEDIATE,TRAINER,5,450,450,100,0
7071,Iron Buckle,INTERMEDIATE,TRAINER,5,470,450,104,0
7071,Iron Buckle,INTERMEDIATE,TRAINER,1,450,450,100,0
7071,Iron Buckle,INTERMEDIATE,TRAINER,4,450,450,100,0
5764,Green Silk Pack,BAG,DROP,1,24508,11722,209,0
44446,Pack of Endless Pockets,BAG,TRAINER,1,510105,432000,118,0
44446,Pack of Endless Pockets,BAG,TRAINER,1,484599,432000,112,0
22246,Enchanted Mageweave Pouch,BAG,VENDOR,1,43512,43512,100,0
22246,Enchanted Mageweave Pouch,BAG,VENDOR,1,43512,43512,100,0
22246,Enchanted Mageweave Pouch,BAG,VENDOR,1,43512,43512,100,0
42111,Ebonweave Gloves,GEAR,TRAINER,1,1361480,1348000,101,0
42111,Ebonweave Gloves,GEAR,TRAINER,1,1348000,1348000,100,0
42111,Ebonweave Gloves,GEAR,TRAINER,1,1348000,1348000,100,0
21991,Heavy Netherweave Bandage,MISC,TRAINER,7,7787,9600,81,1
25845,Eternium Rod,INTERMEDIATE,VENDOR,1,102608,80000,128,0
25845,Eternium Rod,INTERMEDIATE,VENDOR,1,101581,80000,126,0
25845,Eternium Rod,INTERMEDIATE,VENDOR,1,97517,80000,121,0
25845,Eternium Rod,INTERMEDIATE,VENDOR,1,102608,80000,128,0
25845,Eternium Rod,INTERMEDIATE,VENDOR,1,101581,80000,126,0
25845,Eternium Rod,INTERMEDIATE,VENDOR,1,97517,80000,121,0
25845,Eternium Rod,INTERMEDIATE,VENDOR,1,102608,80000,128,0
25845,Eternium Rod,INTERMEDIATE,VENDOR,1,101581,80000,126,0
25845,Eternium Rod,INTERMEDIATE,VENDOR,1,97517,80000,121,0
25845,Eternium Rod,INTERMEDIATE,VENDOR,1,102608,80000,128,0
25845,Eternium Rod,INTERMEDIATE,VENDOR,1,101581,80000,126,0
25845,Eternium Rod,INTERMEDIATE,VENDOR,1,97517,80000,121,0
25845,Eternium Rod,INTERMEDIATE,VENDOR,1,102608,80000,128,0
25845,Eternium Rod,INTERMEDIATE,VENDOR,1,101581,80000,126,0
38225,Mycah's Botanical Bag,BAG,VENDOR,1,291992,272000,107,0
43975,Frostsavage Leggings,GEAR,TRAINER,1,840000,672000,125,0
5764,Green Silk Pack,BAG,DROP,1,26817,11722,228,0
23530,Felsteel Shield Spike,MISC,VENDOR,1,320490,256004,125,0
46377,Flask of Endless Rage,FLASK,TRAINER,20,57500,57500,100,0
7071,Iron Buckle,INTERMEDIATE,TRAINER,5,467,450,103,0
7071,Iron Buckle,INTERMEDIATE,TRAINER,5,457,450,101,0
7071,Iron Buckle,INTERMEDIATE,TRAINER,5,450,450,100,0
7071,Iron Buckle,INTERMEDIATE,TRAINER,1,467,450,103,0
33093,Mana Potion Injector,ELIXIR_POT,DROP,5,31903,14400,221,0
33093,Mana Potion Injector,ELIXIR_POT,DROP,20,30626,14400,212,0
33093,Mana Potion Injector,ELIXIR_POT,DROP,20,31903,14400,221,0
33093,Mana Potion Injector,ELIXIR_POT,DROP,5,30626,14400,212,0
33093,Mana Potion Injector,ELIXIR_POT,DROP,20,31903,14400,221,0
33093,Mana Potion Injector,ELIXIR_POT,DROP,5,30626,14400,212,0
33093,Mana Potion Injector,ELIXIR_POT,DROP,20,31903,14400,221,0
33093,Mana Potion Injector,ELIXIR_POT,DROP,20,30626,14400,212,0
33093,Mana Potion Injector,ELIXIR_POT,DROP,20,31903,14400,221,0
33093,Mana Potion Injector,ELIXIR_POT,DROP,20,30626,14400,212,0
33093,Mana Potion Injector,ELIXIR_POT,DROP,5,31903,14400,221,0
33093,Mana Potion Injector,ELIXIR_POT,DROP,20,30626,14400,212,0
33093,Mana Potion Injector,ELIXIR_POT,DROP,5,31903,14400,221,0
33093,Mana Potion Injector,ELIXIR_POT,DROP,5,30626,14400,212,0
33093,Mana Potion Injector,ELIXIR_POT,DROP,5,31903,14400,221,0
33093,Mana Potion Injector,ELIXIR_POT,DROP,20,30626,14400,212,0
33093,Mana Potion Injector,ELIXIR_POT,DROP,5,31903,14400,221,0
33093,Mana Potion Injector,ELIXIR_POT,DROP,5,30626,14400,212,0
33093,Mana Potion Injector,ELIXIR_POT,DROP,15,31903,14400,221,0
41509,Frostweave Net,MISC,TRAINER,20,7259,9000,80,1
41509,Frostweave Net,MISC,TRAINER,5,7186,9000,79,1
22853,Flask of Mighty Restoration,FLASK,UNSOURCED,20,70110,45000,155,0
22853,Flask of Mighty Restoration,FLASK,UNSOURCED,10,68006,45000,151,0
3486,Heavy Grinding Stone,INTERMEDIATE,TRAINER,4,1239,1035,119,0
3486,Heavy Grinding Stone,INTERMEDIATE,TRAINER,8,1226,1035,118,0
22252,Satchel of Cenarius,BAG,VENDOR,1,217479,154900,140,0
41376,Revitalizing Skyflare Diamond,GEM_CUT,UNSOURCED,1,878976,360000,244,0
21991,Heavy Netherweave Bandage,MISC,TRAINER,8,7776,9600,81,1
25844,Adamantite Rod,INTERMEDIATE,VENDOR,1,208494,180000,115,0
25844,Adamantite Rod,INTERMEDIATE,VENDOR,1,198069,180000,110,0
25844,Adamantite Rod,INTERMEDIATE,VENDOR,1,208494,180000,115,0
25844,Adamantite Rod,INTERMEDIATE,VENDOR,1,198069,180000,110,0
25844,Adamantite Rod,INTERMEDIATE,VENDOR,1,208494,180000,115,0
25844,Adamantite Rod,INTERMEDIATE,VENDOR,1,198069,180000,110,0
25844,Adamantite Rod,INTERMEDIATE,VENDOR,1,208494,180000,115,0
21840,Bolt of Netherweave,INTERMEDIATE,TRAINER,9,30507,28800,105,0
21840,Bolt of Netherweave,INTERMEDIATE,TRAINER,6,29896,28800,103,0
38404,Arctic Boots,GEAR,TRAINER,1,53424,72000,74,1
38404,Arctic Boots,GEAR,TRAINER,1,51287,72000,71,1
38404,Arctic Boots,GEAR,TRAINER,1,49235,72000,68,1
38404,Arctic Boots,GEAR,TRAINER,1,53424,72000,74,1
38404,Arctic Boots,GEAR,TRAINER,1,51287,72000,71,1
38404,Arctic Boots,GEAR,TRAINER,1,49235,72000,68,1
38404,Arctic Boots,GEAR,TRAINER,1,53424,72000,74,1
38404,Arctic Boots,GEAR,TRAINER,1,51287,72000,71,1
38399,Trapper's Traveling Pack,BAG,VENDOR,1,660528,432000,152,0
38399,Trapper's Traveling Pack,BAG,VENDOR,1,634106,432000,146,0
14342,Mooncloth,INTERMEDIATE,VENDOR,4,16821,15200,110,0
14342,Mooncloth,INTERMEDIATE,VENDOR,9,16484,15200,108,0
34482,Leatherworker's Satchel,BAG,TRAINER,1,269451,245000,109,0
34482,Leatherworker's Satchel,BAG,TRAINER,1,255978,245000,104,0
34482,Leatherworker's Satchel,BAG,TRAINER,1,269451,245000,109,0
22445,Arcane Dust,INTERMEDIATE,UNSOURCED,20,4273,5013,85,1
22445,Arcane Dust,INTERMEDIATE,UNSOURCED,13,4144,5013,82,1
22445,Arcane Dust,INTERMEDIATE,UNSOURCED,6,4102,5013,81,1
44936,Titanium Plating,MISC,VENDOR,2,185328,176000,105,0
40037,Inscribed Monarch Topaz,GEM_CUT,DROP,1,290460,150000,193,0
40037,Inscribed Monarch Topaz,GEM_CUT,DROP,1,287555,150000,191,0
40037,Inscribed Monarch Topaz,GEM_CUT,DROP,1,284679,150000,189,0
43502,Earthgiving Boots,GEAR,VENDOR,1,1362690,1030000,132,0
43502,Earthgiving Boots,GEAR,VENDOR,1,1308182,1030000,127,0
43502,Earthgiving Boots,GEAR,VENDOR,1,1295100,1030000,125,0
23775,Titanium Toolbox,BAG,VENDOR,1,560537,448000,125,0
23775,Titanium Toolbox,BAG,VENDOR,1,549326,448000,122,0
23775,Titanium Toolbox,BAG,VENDOR,1,543832,448000,121,0
38425,Heavy Borean Leather,INTERMEDIATE,TRAINER,3,47628,54000,88,1
38425,Heavy Borean Leather,INTERMEDIATE,TRAINER,2,47151,54000,87,1
23119,Sparkling Azure Moonstone,GEM_CUT,TRAINER,1,24634,20000,123,0
23119,Sparkling Azure Moonstone,GEM_CUT,TRAINER,1,23648,20000,118,0
5764,Green Silk Pack,BAG,DROP,1,29440,11722,251,0
5764,Green Silk Pack,BAG,DROP,1,28851,11722,246,0
24268,Netherweave Net,MISC,TRAINER,8,8316,7200,115,0
41599,Frostweave Bag,BAG,TRAINER,1,1248150,942000,132,0
41599,Frostweave Bag,BAG,TRAINER,1,1235668,942000,131,0
41599,Frostweave Bag,BAG,TRAINER,1,1173884,942000,124,0
12224,Crispy Bat Wing,FOOD,VENDOR,11,37,32,115,0
21858,Spellfire Bag,BAG,VENDOR,1,499804,408004,122,0
21858,Spellfire Bag,BAG,VENDOR,1,494805,408004,121,0
21858,Spellfire Bag,BAG,VENDOR,1,499804,408004,122,0
40079,Lesser Flask of Toughness,FLASK,TRAINER,5,27342,21000,130,0
40079,Lesser Flask of Toughness,FLASK,TRAINER,1,25974,21000,123,0
44446,Pack of Endless Pockets,BAG,TRAINER,1,531576,432000,123,0
44446,Pack of Endless Pockets,BAG,TRAINER,1,510312,432000,118,0
44446,Pack of Endless Pockets,BAG,TRAINER,1,495002,432000,114,0
40211,Potion of Speed,ELIXIR_POT,UNSOURCED,13,39858,16300,244,0
25844,Adamantite Rod,INTERMEDIATE,VENDOR,1,233478,180000,129,0
25844,Adamantite Rod,INTERMEDIATE,VENDOR,1,224138,180000,124,0
25844,Adamantite Rod,INTERMEDIATE,VENDOR,1,212931,180000,118,0
25844,Adamantite Rod,INTERMEDIATE,VENDOR,1,210801,180000,117,0
25844,Adamantite Rod,INTERMEDIATE,VENDOR,1,233478,180000,129,0
25844,Adamantite Rod,INTERMEDIATE,VENDOR,1,224138,180000,124,0
25844,Adamantite Rod,INTERMEDIATE,VENDOR,1,212931,180000,118,0
25844,Adamantite Rod,INTERMEDIATE,VENDOR,1,210801,180000,117,0
25844,Adamantite Rod,INTERMEDIATE,VENDOR,1,233478,180000,129,0
5763,Red Woolen Bag,BAG,VENDOR,1,2228,1782,125,0
5763,Red Woolen Bag,BAG,VENDOR,1,2161,1782,121,0
5763,Red Woolen Bag,BAG,VENDOR,1,2228,1782,125,0
40079,Lesser Flask of Toughness,FLASK,TRAINER,5,24948,21000,118,0
40079,Lesser Flask of Toughness,FLASK,TRAINER,13,23700,21000,112,0
42727,Ornate Saronite Pauldrons,GEAR,TRAINER,1,473164,384000,123,0
42727,Ornate Saronite Pauldrons,GEAR,TRAINER,1,458969,384000,119,0
3827,Mana Potion,ELIXIR_POT,TRAINER,5,804,804,100,0
3827,Mana Potion,ELIXIR_POT,TRAINER,5,804,804,100,0
33092,Healing Potion Injector,ELIXIR_POT,DROP,5,35935,18400,195,0
33092,Healing Potion Injector,ELIXIR_POT,DROP,20,34856,18400,189,0
33092,Healing Potion Injector,ELIXIR_POT,DROP,5,33810,18400,183,0
33092,Healing Potion Injector,ELIXIR_POT,DROP,5,33133,18400,180,0
33092,Healing Potion Injector,ELIXIR_POT,DROP,20,35935,18400,195,0
33092,Healing Potion Injector,ELIXIR_POT,DROP,5,34856,18400,189,0
33092,Healing Potion Injector,ELIXIR_POT,DROP,5,33810,18400,183,0
33092,Healing Potion Injector,ELIXIR_POT,DROP,5,33133,18400,180,0
33092,Healing Potion Injector,ELIXIR_POT,DROP,20,35935,18400,195,0
33092,Healing Potion Injector,ELIXIR_POT,DROP,20,34856,18400,189,0
33092,Healing Potion Injector,ELIXIR_POT,DROP,5,33810,18400,183,0
33092,Healing Potion Injector,ELIXIR_POT,DROP,20,33133,18400,180,0
33092,Healing Potion Injector,ELIXIR_POT,DROP,5,35935,18400,195,0
33092,Healing Potion Injector,ELIXIR_POT,DROP,5,34856,18400,189,0
33092,Healing Potion Injector,ELIXIR_POT,DROP,5,33810,18400,183,0
33092,Healing Potion Injector,ELIXIR_POT,DROP,5,33133,18400,180,0
33092,Healing Potion Injector,ELIXIR_POT,DROP,20,35935,18400,195,0
33092,Healing Potion Injector,ELIXIR_POT,DROP,20,34856,18400,189,0
33092,Healing Potion Injector,ELIXIR_POT,DROP,20,33810,18400,183,0
33092,Healing Potion Injector,ELIXIR_POT,DROP,5,33133,18400,180,0
33092,Healing Potion Injector,ELIXIR_POT,DROP,20,35935,18400,195,0
33092,Healing Potion Injector,ELIXIR_POT,DROP,5,34856,18400,189,0
33092,Healing Potion Injector,ELIXIR_POT,DROP,20,33810,18400,183,0
33092,Healing Potion Injector,ELIXIR_POT,DROP,5,33133,18400,180,0
33092,Healing Potion Injector,ELIXIR_POT,DROP,20,35935,18400,195,0
33092,Healing Potion Injector,ELIXIR_POT,DROP,5,34856,18400,189,0
33092,Healing Potion Injector,ELIXIR_POT,DROP,5,33810,18400,183,0
44958,Ethereal Oil,INTERMEDIATE,TRAINER,10,66,96,68,1
24270,Bag of Jewels,BAG,VENDOR,1,26257,20006,131,0
24270,Bag of Jewels,BAG,VENDOR,1,25994,20006,129,0
14156,Bottomless Bag,BAG,DROP,1,1244989,483980,257,0
14156,Bottomless Bag,BAG,DROP,1,1232539,483980,254,0
16206,Arcanite Rod,INTERMEDIATE,TRAINER,1,132375,123600,107,0
16206,Arcanite Rod,INTERMEDIATE,TRAINER,1,127080,123600,102,0
16206,Arcanite Rod,INTERMEDIATE,TRAINER,1,124538,123600,100,0
16206,Arcanite Rod,INTERMEDIATE,TRAINER,1,132375,123600,107,0
16206,Arcanite Rod,INTERMEDIATE,TRAINER,1,127080,123600,102,0
16206,Arcanite Rod,INTERMEDIATE,TRAINER,1,124538,123600,100,0
16206,Arcanite Rod,INTERMEDIATE,TRAINER,1,132375,123600,107,0
16206,Arcanite Rod,INTERMEDIATE,TRAINER,1,127080,123600,102,0
16206,Arcanite Rod,INTERMEDIATE,TRAINER,1,124538,123600,100,0
24271,Spellcloth,INTERMEDIATE,VENDOR,5,78829,64001,123,0
24271,Spellcloth,INTERMEDIATE,VENDOR,1,78040,64001,121,0
22837,Heroic Potion,ELIXIR_POT,DROP,5,22698,13000,174,0
22837,Heroic Potion,ELIXIR_POT,DROP,7,22017,13000,169,0
43853,Titanium Skeleton Key,MISC,TRAINER,20,5367,7000,76,1
43853,Titanium Skeleton Key,MISC,TRAINER,20,5098,7000,72,1
43853,Titanium Skeleton Key,MISC,TRAINER,20,4996,7000,71,1
43853,Titanium Skeleton Key,MISC,TRAINER,20,4896,7000,69,1
43853,Titanium Skeleton Key,MISC,TRAINER,20,5367,7000,76,1
43853,Titanium Skeleton Key,MISC,TRAINER,20,5098,7000,72,1
43853,Titanium Skeleton Key,MISC,TRAINER,20,4996,7000,71,1
43853,Titanium Skeleton Key,MISC,TRAINER,20,4896,7000,69,1
43853,Titanium Skeleton Key,MISC,TRAINER,20,5367,7000,76,1
43853,Titanium Skeleton Key,MISC,TRAINER,20,5098,7000,72,1
43853,Titanium Skeleton Key,MISC,TRAINER,20,4996,7000,71,1
43853,Titanium Skeleton Key,MISC,TRAINER,20,4896,7000,69,1
43853,Titanium Skeleton Key,MISC,TRAINER,20,5367,7000,76,1
43853,Titanium Skeleton Key,MISC,TRAINER,20,5098,7000,72,1
43258,Purehorn Spaulders,GEAR,TRAINER,1,191268,198000,96,1
43258,Purehorn Spaulders,GEAR,TRAINER,1,183617,198000,92,1
43258,Purehorn Spaulders,GEAR,TRAINER,1,176272,198000,89,1
43258,Purehorn Spaulders,GEAR,TRAINER,1,191268,198000,96,1
43258,Purehorn Spaulders,GEAR,TRAINER,1,183617,198000,92,1
43258,Purehorn Spaulders,GEAR,TRAINER,1,176272,198000,89,1
43258,Purehorn Spaulders,GEAR,TRAINER,1,191268,198000,96,1
43258,Purehorn Spaulders,GEAR,TRAINER,1,183617,198000,92,1
43258,Purehorn Spaulders,GEAR,TRAINER,1,176272,198000,89,1
43258,Purehorn Spaulders,GEAR,TRAINER,1,191268,198000,96,1
5764,Green Silk Pack,BAG,DROP,1,24306,11722,207,0
33092,Healing Potion Injector,ELIXIR_POT,DROP,5,38097,18400,207,0
33092,Healing Potion Injector,ELIXIR_POT,DROP,20,36954,18400,200,0
33092,Healing Potion Injector,ELIXIR_POT,DROP,5,35106,18400,190,0
33092,Healing Potion Injector,ELIXIR_POT,DROP,20,38097,18400,207,0
33092,Healing Potion Injector,ELIXIR_POT,DROP,5,36954,18400,200,0
33092,Healing Potion Injector,ELIXIR_POT,DROP,5,35106,18400,190,0
33092,Healing Potion Injector,ELIXIR_POT,DROP,5,38097,18400,207,0
33092,Healing Potion Injector,ELIXIR_POT,DROP,5,36954,18400,200,0
33092,Healing Potion Injector,ELIXIR_POT,DROP,20,35106,18400,190,0
33092,Healing Potion Injector,ELIXIR_POT,DROP,5,38097,18400,207,0
33092,Healing Potion Injector,ELIXIR_POT,DROP,20,36954,18400,200,0
33092,Healing Potion Injector,ELIXIR_POT,DROP,5,35106,18400,190,0
33092,Healing Potion Injector,ELIXIR_POT,DROP,20,38097,18400,207,0
33092,Healing Potion Injector,ELIXIR_POT,DROP,5,36954,18400,200,0
33092,Healing Potion Injector,ELIXIR_POT,DROP,20,35106,18400,190,0
33092,Healing Potion Injector,ELIXIR_POT,DROP,20,38097,18400,207,0
33092,Healing Potion Injector,ELIXIR_POT,DROP,5,36954,18400,200,0
33092,Healing Potion Injector,ELIXIR_POT,DROP,5,35106,18400,190,0
33092,Healing Potion Injector,ELIXIR_POT,DROP,5,38097,18400,207,0
33092,Healing Potion Injector,ELIXIR_POT,DROP,20,36954,18400,200,0
23774,Fel Iron Toolbox,BAG,VENDOR,1,108576,104000,104,0
23774,Fel Iron Toolbox,BAG,VENDOR,1,107490,104000,103,0
25843,Fel Iron Rod,INTERMEDIATE,TRAINER,1,78480,72000,109,0
25843,Fel Iron Rod,INTERMEDIATE,TRAINER,1,76910,72000,106,0
25843,Fel Iron Rod,INTERMEDIATE,TRAINER,1,78480,72000,109,0
25843,Fel Iron Rod,INTERMEDIATE,TRAINER,1,76910,72000,106,0
25843,Fel Iron Rod,INTERMEDIATE,TRAINER,1,78480,72000,109,0
25843,Fel Iron Rod,INTERMEDIATE,TRAINER,1,76910,72000,106,0
25843,Fel Iron Rod,INTERMEDIATE,TRAINER,1,78480,72000,109,0
25843,Fel Iron Rod,INTERMEDIATE,TRAINER,1,76910,72000,106,0
25843,Fel Iron Rod,INTERMEDIATE,TRAINER,1,78480,72000,109,0
25843,Fel Iron Rod,INTERMEDIATE,TRAINER,1,76910,72000,106,0
25843,Fel Iron Rod,INTERMEDIATE,TRAINER,1,78480,72000,109,0
25843,Fel Iron Rod,INTERMEDIATE,TRAINER,1,76910,72000,106,0
25843,Fel Iron Rod,INTERMEDIATE,TRAINER,1,78480,72000,109,0
38347,Mammoth Mining Bag,BAG,VENDOR,1,520603,432000,120,0
38347,Mammoth Mining Bag,BAG,VENDOR,1,510190,432000,118,0
38347,Mammoth Mining Bag,BAG,VENDOR,1,499986,432000,115,0
46379,Flask of Stoneblood,FLASK,TRAINER,5,71519,56600,126,0
46379,Flask of Stoneblood,FLASK,TRAINER,5,68658,56600,121,0
46379,Flask of Stoneblood,FLASK,TRAINER,16,71519,56600,126,0
28100,Volatile Healing Potion,ELIXIR_POT,TRAINER,19,8384,8384,100,0
17771,Elementium Bar,MISC,DROP,2,5670074,2472560,229,0
21991,Heavy Netherweave Bandage,MISC,TRAINER,8,8664,9600,90,1
3486,Heavy Grinding Stone,INTERMEDIATE,TRAINER,3,1092,1035,105,0
3486,Heavy Grinding Stone,INTERMEDIATE,TRAINER,11,1081,1035,104,0
41598,Mysterious Bag,BAG,VENDOR,1,799200,750000,106,0
41598,Mysterious Bag,BAG,VENDOR,1,783216,750000,104,0
41600,Glacial Bag,BAG,VENDOR,1,817344,990000,82,1
41600,Glacial Bag,BAG,VENDOR,1,792823,990000,80,1
41600,Glacial Bag,BAG,VENDOR,1,769038,990000,77,1
41600,Glacial Bag,BAG,VENDOR,1,817344,990000,82,1
41600,Glacial Bag,BAG,VENDOR,1,792823,990000,80,1
41600,Glacial Bag,BAG,VENDOR,1,769038,990000,77,1
41600,Glacial Bag,BAG,VENDOR,1,817344,990000,82,1
41600,Glacial Bag,BAG,VENDOR,1,792823,990000,80,1
41600,Glacial Bag,BAG,VENDOR,1,769038,990000,77,1
41600,Glacial Bag,BAG,VENDOR,1,817344,990000,82,1
41600,Glacial Bag,BAG,VENDOR,1,792823,990000,80,1
41600,Glacial Bag,BAG,VENDOR,1,769038,990000,77,1
41600,Glacial Bag,BAG,VENDOR,1,817344,990000,82,1
41600,Glacial Bag,BAG,VENDOR,1,792823,990000,80,1
43124,Ethereal Ink,INTERMEDIATE,TRAINER,5,392,300,130,0
43124,Ethereal Ink,INTERMEDIATE,TRAINER,2,388,300,129,0
2842,Silver Bar,INTERMEDIATE,TRAINER,3,343,303,113,0
2842,Silver Bar,INTERMEDIATE,TRAINER,7,329,303,108,0
7966,Solid Grinding Stone,INTERMEDIATE,TRAINER,1,2352,2352,100,0
7966,Solid Grinding Stone,INTERMEDIATE,TRAINER,4,2352,2352,100,0
4240,Woolen Bag,BAG,TRAINER,1,1403,1324,105,0
4240,Woolen Bag,BAG,TRAINER,1,1346,1324,101,0
23775,Titanium Toolbox,BAG,VENDOR,1,560000,448000,125,0
24271,Spellcloth,INTERMEDIATE,VENDOR,3,91629,64001,143,0
24271,Spellcloth,INTERMEDIATE,VENDOR,7,89796,64001,140,0
41597,Abyssal Bag,BAG,VENDOR,1,1027425,750000,136,0
41597,Abyssal Bag,BAG,VENDOR,1,996602,750000,132,0
41597,Abyssal Bag,BAG,VENDOR,1,1027425,750000,136,0
3577,Gold Bar,INTERMEDIATE,TRAINER,4,3910,3760,103,0
3577,Gold Bar,INTERMEDIATE,TRAINER,2,3760,3760,100,0
41511,Bolt of Imbued Frostweave,INTERMEDIATE,TRAINER,1,147000,147000,100,0
41511,Bolt of Imbued Frostweave,INTERMEDIATE,TRAINER,11,147000,147000,100,0
13510,Flask of the Titans,FLASK,DROP,20,25458,16860,150,0
22248,Enchanted Runecloth Bag,BAG,VENDOR,1,726688,551525,131,0
42113,Spellweave Gloves,GEAR,TRAINER,1,1370242,1348000,101,0
42113,Spellweave Gloves,GEAR,TRAINER,1,1348000,1348000,100,0
42113,Spellweave Gloves,GEAR,TRAINER,1,1348000,1348000,100,0
2996,Bolt of Linen Cloth,INTERMEDIATE,UNSOURCED,1,291,112,259,0
2996,Bolt of Linen Cloth,INTERMEDIATE,UNSOURCED,9,282,112,251,0
38434,Iceborne Wristguards,GEAR,TRAINER,1,81907,108000,75,1
38434,Iceborne Wristguards,GEAR,TRAINER,1,77811,108000,72,1
38434,Iceborne Wristguards,GEAR,TRAINER,1,77032,108000,71,1
38434,Iceborne Wristguards,GEAR,TRAINER,1,81907,108000,75,1
38434,Iceborne Wristguards,GEAR,TRAINER,1,77811,108000,72,1
41367,Dark Jade Focusing Lens,MISC,TRAINER,1,23088,20000,115,0
41367,Dark Jade Focusing Lens,MISC,TRAINER,1,22857,20000,114,0
41367,Dark Jade Focusing Lens,MISC,TRAINER,1,23088,20000,115,0
41367,Dark Jade Focusing Lens,MISC,TRAINER,1,22857,20000,114,0
41367,Dark Jade Focusing Lens,MISC,TRAINER,1,23088,20000,115,0
46379,Flask of Stoneblood,FLASK,TRAINER,20,65995,56600,116,0
46379,Flask of Stoneblood,FLASK,TRAINER,2,64015,56600,113,0
40865,Noise Machine,GEAR,TRAINER,1,168355,249600,67,1
40865,Noise Machine,GEAR,TRAINER,1,163304,249600,65,1
40865,Noise Machine,GEAR,TRAINER,1,168355,249600,67,1
40865,Noise Machine,GEAR,TRAINER,1,163304,249600,65,1
40865,Noise Machine,GEAR,TRAINER,1,168355,249600,67,1
8827,Elixir of Water Walking,ELIXIR_POT,UNSOURCED,13,5506,6180,89,1
21342,Core Felcloth Bag,BAG,DROP,1,920857,353768,260,0
21342,Core Felcloth Bag,BAG,DROP,1,884022,353768,249,0
21840,Bolt of Netherweave,INTERMEDIATE,TRAINER,2,28800,28800,100,0
21840,Bolt of Netherweave,INTERMEDIATE,TRAINER,3,28800,28800,100,0
43118,Jadefire Ink,INTERMEDIATE,TRAINER,11,306,300,102,0
43250,Ring of Earthen Might,GEAR,VENDOR,1,68824,88000,78,1
43250,Ring of Earthen Might,GEAR,VENDOR,1,66759,88000,75,1
43250,Ring of Earthen Might,GEAR,VENDOR,1,63421,88000,72,1
43250,Ring of Earthen Might,GEAR,VENDOR,1,68824,88000,78,1
43250,Ring of Earthen Might,GEAR,VENDOR,1,66759,88000,75,1
11128,Golden Rod,INTERMEDIATE,TRAINER,1,3956,3880,101,0
11128,Golden Rod,INTERMEDIATE,TRAINER,1,3880,3880,100,0
11128,Golden Rod,INTERMEDIATE,TRAINER,1,3956,3880,101,0
11128,Golden Rod,INTERMEDIATE,TRAINER,1,3880,3880,100,0
11128,Golden Rod,INTERMEDIATE,TRAINER,1,3956,3880,101,0
4304,Thick Leather,INTERMEDIATE,TRAINER,6,4706,3636,129,0
21991,Heavy Netherweave Bandage,MISC,TRAINER,9,6712,9600,69,1
41167,Heartseeker Scope,MISC,TRAINER,5,536640,600000,89,1
41167,Heartseeker Scope,MISC,TRAINER,5,520540,600000,86,1
41167,Heartseeker Scope,MISC,TRAINER,4,499718,600000,83,1
40057,Glimmering Monarch Topaz,GEM_CUT,VENDOR,1,187860,150000,125,0
21843,Imbued Netherweave Bag,BAG,VENDOR,1,73715,60005,122,0
21843,Imbued Netherweave Bag,BAG,VENDOR,1,72240,60005,120,0
22449,Large Prismatic Shard,INTERMEDIATE,VENDOR,9,181272,240000,75,1
22449,Large Prismatic Shard,INTERMEDIATE,VENDOR,3,179459,240000,74,1
21752,Thorium Setting,INTERMEDIATE,TRAINER,15,1650,1545,106,0
40129,Sovereign Dreadstone,GEM_CUT,VENDOR,1,285600,250000,114,0
43121,Fiery Ink,INTERMEDIATE,TRAINER,6,200,200,100,0
43121,Fiery Ink,INTERMEDIATE,TRAINER,1,200,200,100,0
31863,Balanced Nightseye,GEM_CUT,DROP,1,344736,120000,287,0
31863,Balanced Nightseye,GEM_CUT,DROP,1,337841,120000,281,0
31863,Balanced Nightseye,GEM_CUT,DROP,1,320948,120000,267,0
5081,Kodo Hide Bag,BAG,UNSOURCED,1,1643,853,192,0
5081,Kodo Hide Bag,BAG,UNSOURCED,1,1626,853,190,0
44554,Flying Carpet,MISC,TRAINER,1,334356,254052,131,0
44554,Flying Carpet,MISC,TRAINER,1,320981,254052,126,0
43853,Titanium Skeleton Key,MISC,TRAINER,20,5512,7000,78,1
43853,Titanium Skeleton Key,MISC,TRAINER,20,5401,7000,77,1
43853,Titanium Skeleton Key,MISC,TRAINER,20,5346,7000,76,1
43853,Titanium Skeleton Key,MISC,TRAINER,20,5132,7000,73,1
43853,Titanium Skeleton Key,MISC,TRAINER,20,5512,7000,78,1
43853,Titanium Skeleton Key,MISC,TRAINER,20,5401,7000,77,1
43853,Titanium Skeleton Key,MISC,TRAINER,20,5346,7000,76,1
43853,Titanium Skeleton Key,MISC,TRAINER,20,5132,7000,73,1
43853,Titanium Skeleton Key,MISC,TRAINER,20,5512,7000,78,1
43853,Titanium Skeleton Key,MISC,TRAINER,20,5401,7000,77,1
43853,Titanium Skeleton Key,MISC,TRAINER,20,5346,7000,76,1
43853,Titanium Skeleton Key,MISC,TRAINER,20,5132,7000,73,1
25843,Fel Iron Rod,INTERMEDIATE,TRAINER,1,84758,72000,117,0
25843,Fel Iron Rod,INTERMEDIATE,TRAINER,1,82215,72000,114,0
25843,Fel Iron Rod,INTERMEDIATE,TRAINER,1,84758,72000,117,0
25843,Fel Iron Rod,INTERMEDIATE,TRAINER,1,82215,72000,114,0
25843,Fel Iron Rod,INTERMEDIATE,TRAINER,1,84758,72000,117,0
25843,Fel Iron Rod,INTERMEDIATE,TRAINER,1,82215,72000,114,0
25843,Fel Iron Rod,INTERMEDIATE,TRAINER,1,84758,72000,117,0
25843,Fel Iron Rod,INTERMEDIATE,TRAINER,1,82215,72000,114,0
25843,Fel Iron Rod,INTERMEDIATE,TRAINER,1,84758,72000,117,0
25843,Fel Iron Rod,INTERMEDIATE,TRAINER,1,82215,72000,114,0
25843,Fel Iron Rod,INTERMEDIATE,TRAINER,1,84758,72000,117,0
25843,Fel Iron Rod,INTERMEDIATE,TRAINER,1,82215,72000,114,0
15407,Cured Rugged Hide,INTERMEDIATE,TRAINER,5,10175,9060,112,0
15407,Cured Rugged Hide,INTERMEDIATE,TRAINER,5,9768,9060,107,0
40113,Runed Cardinal Ruby,GEM_CUT,VENDOR,1,263200,250000,105,0
40113,Runed Cardinal Ruby,GEM_CUT,VENDOR,1,260568,250000,104,0
40113,Runed Cardinal Ruby,GEM_CUT,VENDOR,1,250000,250000,100,0
32222,Wicked Pyrestone,GEM_CUT,VENDOR,1,330750,250000,132,0
32222,Wicked Pyrestone,GEM_CUT,VENDOR,1,327442,250000,130,0
32222,Wicked Pyrestone,GEM_CUT,VENDOR,1,317618,250000,127,0
9210,Ghost Dye,INTERMEDIATE,VENDOR,10,6950,6210,111,0
9210,Ghost Dye,INTERMEDIATE,VENDOR,4,6811,6210,109,0
40040,Resplendent Monarch Topaz,GEM_CUT,VENDOR,1,169290,150000,112,0
40040,Resplendent Monarch Topaz,GEM_CUT,VENDOR,1,167597,150000,111,0
13423,Stonescale Oil,INTERMEDIATE,TRAINER,14,128,102,125,0
13423,Stonescale Oil,INTERMEDIATE,TRAINER,1,121,102,118,0
24270,Bag of Jewels,BAG,VENDOR,1,23558,20006,117,0
24270,Bag of Jewels,BAG,VENDOR,1,23086,20006,115,0
23094,Teardrop Blood Garnet,GEM_CUT,TRAINER,1,20808,20000,104,0
23094,Teardrop Blood Garnet,GEM_CUT,TRAINER,1,20000,20000,100,0
23094,Teardrop Blood Garnet,GEM_CUT,TRAINER,1,20808,20000,104,0
9060,Inlaid Mithril Cylinder,INTERMEDIATE,UNSOURCED,6,38549,15410,250,0
9060,Inlaid Mithril Cylinder,INTERMEDIATE,UNSOURCED,3,37392,15410,242,0
22449,Large Prismatic Shard,INTERMEDIATE,VENDOR,20,192192,240000,80,1
22449,Large Prismatic Shard,INTERMEDIATE,VENDOR,1,190270,240000,79,1
22449,Large Prismatic Shard,INTERMEDIATE,VENDOR,3,192192,240000,80,1
44958,Ethereal Oil,INTERMEDIATE,TRAINER,9,87,96,90,1
44958,Ethereal Oil,INTERMEDIATE,TRAINER,4,85,96,88,1
38425,Heavy Borean Leather,INTERMEDIATE,TRAINER,3,58320,54000,108,0
38425,Heavy Borean Leather,INTERMEDIATE,TRAINER,4,55987,54000,103,0
29528,Drums of War,MISC,TRAINER,1,108459,97500,111,0
29528,Drums of War,MISC,TRAINER,1,103036,97500,105,0
29528,Drums of War,MISC,TRAINER,1,100975,97500,103,0
29528,Drums of War,MISC,TRAINER,1,97945,97500,100,0
29528,Drums of War,MISC,TRAINER,1,108459,97500,111,0
23120,Stormy Azure Moonstone,GEM_CUT,DROP,1,54484,20000,272,0
23120,Stormy Azure Moonstone,GEM_CUT,DROP,1,53939,20000,269,0
23120,Stormy Azure Moonstone,GEM_CUT,DROP,1,52860,20000,264,0
38590,Black Chitinguard Boots,GEAR,TRAINER,1,180440,179400,100,1
38590,Black Chitinguard Boots,GEAR,TRAINER,1,178635,179400,99,1
38590,Black Chitinguard Boots,GEAR,TRAINER,1,176848,179400,98,1
38590,Black Chitinguard Boots,GEAR,TRAINER,1,180440,179400,100,1
38590,Black Chitinguard Boots,GEAR,TRAINER,1,178635,179400,99,1
38590,Black Chitinguard Boots,GEAR,TRAINER,1,176848,179400,98,1
38590,Black Chitinguard Boots,GEAR,TRAINER,1,180440,179400,100,1
38590,Black Chitinguard Boots,GEAR,TRAINER,1,178635,179400,99,1
38590,Black Chitinguard Boots,GEAR,TRAINER,1,176848,179400,98,1
21887,Knothide Leather,INTERMEDIATE,TRAINER,1,7500,7500,100,0
21887,Knothide Leather,INTERMEDIATE,TRAINER,4,7500,7500,100,0
41395,Bracing Earthsiege Diamond,GEM_CUT,UNSOURCED,1,734472,360000,204,0
41395,Bracing Earthsiege Diamond,GEM_CUT,UNSOURCED,1,712437,360000,197,0
34490,Bag of Many Hides,BAG,DROP,1,1665134,627500,265,0
43253,Ring of Northern Tears,GEAR,VENDOR,1,103320,164000,63,1
43253,Ring of Northern Tears,GEAR,VENDOR,1,98400,164000,60,1
43253,Ring of Northern Tears,GEAR,VENDOR,1,98400,164000,60,1
43253,Ring of Northern Tears,GEAR,VENDOR,1,103320,164000,63,1
43253,Ring of Northern Tears,GEAR,VENDOR,1,98400,164000,60,1
43253,Ring of Northern Tears,GEAR,VENDOR,1,98400,164000,60,1
43253,Ring of Northern Tears,GEAR,VENDOR,1,103320,164000,63,1
43253,Ring of Northern Tears,GEAR,VENDOR,1,98400,164000,60,1
43253,Ring of Northern Tears,GEAR,VENDOR,1,98400,164000,60,1
43253,Ring of Northern Tears,GEAR,VENDOR,1,103320,164000,63,1
43253,Ring of Northern Tears,GEAR,VENDOR,1,98400,164000,60,1
43253,Ring of Northern Tears,GEAR,VENDOR,1,98400,164000,60,1
43253,Ring of Northern Tears,GEAR,VENDOR,1,103320,164000,63,1
43253,Ring of Northern Tears,GEAR,VENDOR,1,98400,164000,60,1
22248,Enchanted Runecloth Bag,BAG,VENDOR,1,725696,551525,131,0
24271,Spellcloth,INTERMEDIATE,VENDOR,9,81921,64001,127,0
24271,Spellcloth,INTERMEDIATE,VENDOR,2,78644,64001,122,0
22248,Enchanted Runecloth Bag,BAG,VENDOR,1,684332,551525,124,0
41599,Frostweave Bag,BAG,TRAINER,1,944637,942000,100,0
41599,Frostweave Bag,BAG,TRAINER,1,942000,942000,100,0
41599,Frostweave Bag,BAG,TRAINER,1,942000,942000,100,0
2996,Bolt of Linen Cloth,INTERMEDIATE,UNSOURCED,4,212,112,189,0
2996,Bolt of Linen Cloth,INTERMEDIATE,UNSOURCED,8,207,112,184,0
33092,Healing Potion Injector,ELIXIR_POT,DROP,20,47265,18400,256,0
33092,Healing Potion Injector,ELIXIR_POT,DROP,5,45847,18400,249,0
33092,Healing Potion Injector,ELIXIR_POT,DROP,5,44471,18400,241,0
33092,Healing Potion Injector,ELIXIR_POT,DROP,20,47265,18400,256,0
33092,Healing Potion Injector,ELIXIR_POT,DROP,5,45847,18400,249,0
33092,Healing Potion Injector,ELIXIR_POT,DROP,5,44471,18400,241,0
33092,Healing Potion Injector,ELIXIR_POT,DROP,20,47265,18400,256,0
33092,Healing Potion Injector,ELIXIR_POT,DROP,5,45847,18400,249,0
33092,Healing Potion Injector,ELIXIR_POT,DROP,5,44471,18400,241,0
33092,Healing Potion Injector,ELIXIR_POT,DROP,5,47265,18400,256,0
33092,Healing Potion Injector,ELIXIR_POT,DROP,5,45847,18400,249,0
33092,Healing Potion Injector,ELIXIR_POT,DROP,5,44471,18400,241,0
33092,Healing Potion Injector,ELIXIR_POT,DROP,15,47265,18400,256,0
31679,Fel Strength Elixir,ELIXIR_POT,DROP,5,31777,18000,176,0
21844,Bolt of Soulcloth,INTERMEDIATE,VENDOR,8,194400,144000,135,0
41593,Ebonweave,INTERMEDIATE,TRAINER,7,208845,195000,107,0
41593,Ebonweave,INTERMEDIATE,TRAINER,1,200491,195000,102,0
4240,Woolen Bag,BAG,TRAINER,1,1690,1324,127,0
4240,Woolen Bag,BAG,TRAINER,1,1622,1324,122,0
4240,Woolen Bag,BAG,TRAINER,1,1690,1324,127,0
40160,Stalwart Ametrine,GEM_CUT,VENDOR,1,286650,250000,114,0
40160,Stalwart Ametrine,GEM_CUT,VENDOR,1,275184,250000,110,0
21845,Primal Mooncloth,INTERMEDIATE,VENDOR,12,74880,64001,116,0
21841,Netherweave Bag,BAG,TRAINER,1,101000,101000,100,0
14342,Mooncloth,INTERMEDIATE,VENDOR,1,18741,15200,123,0
14342,Mooncloth,INTERMEDIATE,VENDOR,6,18553,15200,122,0
28290,Smooth Golden Draenite,GEM_CUT,TRAINER,1,21424,20000,107,0
28290,Smooth Golden Draenite,GEM_CUT,TRAINER,1,20567,20000,102,0
5762,Red Linen Bag,BAG,VENDOR,1,669,598,111,0
5762,Red Linen Bag,BAG,VENDOR,1,662,598,110,0
5762,Red Linen Bag,BAG,VENDOR,1,655,598,109,0
44446,Pack of Endless Pockets,BAG,TRAINER,1,432000,432000,100,0
44446,Pack of Endless Pockets,BAG,TRAINER,1,432000,432000,100,0
40051,Reckless Monarch Topaz,GEM_CUT,VENDOR,1,189540,150000,126,0
40051,Reckless Monarch Topaz,GEM_CUT,VENDOR,1,185749,150000,123,0
40051,Reckless Monarch Topaz,GEM_CUT,VENDOR,1,182034,150000,121,0
21844,Bolt of Soulcloth,INTERMEDIATE,VENDOR,8,180633,144000,125,0
21844,Bolt of Soulcloth,INTERMEDIATE,VENDOR,6,177020,144000,122,0
2318,Light Leather,INTERMEDIATE,UNSOURCED,2,318,132,240,0
2318,Light Leather,INTERMEDIATE,UNSOURCED,5,302,132,228,0
6338,Silver Rod,INTERMEDIATE,TRAINER,1,376,335,112,0
6338,Silver Rod,INTERMEDIATE,TRAINER,1,368,335,109,0
6338,Silver Rod,INTERMEDIATE,TRAINER,1,353,335,105,0
6338,Silver Rod,INTERMEDIATE,TRAINER,1,376,335,112,0
6338,Silver Rod,INTERMEDIATE,TRAINER,1,368,335,109,0
6338,Silver Rod,INTERMEDIATE,TRAINER,1,353,335,105,0
6338,Silver Rod,INTERMEDIATE,TRAINER,1,376,335,112,0
6338,Silver Rod,INTERMEDIATE,TRAINER,1,368,335,109,0
6338,Silver Rod,INTERMEDIATE,TRAINER,1,353,335,105,0
6338,Silver Rod,INTERMEDIATE,TRAINER,1,376,335,112,0
24060,Luminous Noble Topaz,GEM_CUT,DROP,1,313920,120000,261,0
24060,Luminous Noble Topaz,GEM_CUT,DROP,1,304502,120000,253,0
24060,Luminous Noble Topaz,GEM_CUT,DROP,1,301456,120000,251,0
22248,Enchanted Runecloth Bag,BAG,VENDOR,1,710253,551525,128,0
22248,Enchanted Runecloth Bag,BAG,VENDOR,1,681842,551525,123,0
22248,Enchanted Runecloth Bag,BAG,VENDOR,1,675023,551525,122,0
21845,Primal Mooncloth,INTERMEDIATE,VENDOR,5,69639,64001,108,0
21845,Primal Mooncloth,INTERMEDIATE,VENDOR,1,67549,64001,105,0
44554,Flying Carpet,MISC,TRAINER,1,264111,254052,103,0
44554,Flying Carpet,MISC,TRAINER,1,256187,254052,100,0
3388,Strong Troll's Blood Elixir,ELIXIR_POT,TRAINER,5,536,536,100,0
3388,Strong Troll's Blood Elixir,ELIXIR_POT,TRAINER,2,536,536,100,0
46377,Flask of Endless Rage,FLASK,TRAINER,5,57500,57500,100,0
46377,Flask of Endless Rage,FLASK,TRAINER,15,57500,57500,100,0
11144,Truesilver Rod,INTERMEDIATE,TRAINER,1,5365,4720,113,0
11144,Truesilver Rod,INTERMEDIATE,TRAINER,1,5311,4720,112,0
11144,Truesilver Rod,INTERMEDIATE,TRAINER,1,5204,4720,110,0
11144,Truesilver Rod,INTERMEDIATE,TRAINER,1,4995,4720,105,0
11144,Truesilver Rod,INTERMEDIATE,TRAINER,1,5365,4720,113,0
11144,Truesilver Rod,INTERMEDIATE,TRAINER,1,5311,4720,112,0
11144,Truesilver Rod,INTERMEDIATE,TRAINER,1,5204,4720,110,0
11144,Truesilver Rod,INTERMEDIATE,TRAINER,1,4995,4720,105,0
11144,Truesilver Rod,INTERMEDIATE,TRAINER,1,5365,4720,113,0
11144,Truesilver Rod,INTERMEDIATE,TRAINER,1,5311,4720,112,0
38407,Iceborne Boots,GEAR,TRAINER,1,72756,90000,80,1
38407,Iceborne Boots,GEAR,TRAINER,1,69845,90000,77,1
38407,Iceborne Boots,GEAR,TRAINER,1,68448,90000,76,1
38407,Iceborne Boots,GEAR,TRAINER,1,72756,90000,80,1
38407,Iceborne Boots,GEAR,TRAINER,1,69845,90000,77,1
38407,Iceborne Boots,GEAR,TRAINER,1,68448,90000,76,1
40139,Defender's Dreadstone,GEM_CUT,VENDOR,1,321300,250000,128,0
21840,Bolt of Netherweave,INTERMEDIATE,TRAINER,4,31567,28800,109,0
21840,Bolt of Netherweave,INTERMEDIATE,TRAINER,4,30619,28800,106,0
38347,Mammoth Mining Bag,BAG,VENDOR,1,466560,432000,108,0
38347,Mammoth Mining Bag,BAG,VENDOR,1,461894,432000,106,0
38225,Mycah's Botanical Bag,BAG,VENDOR,1,299145,272000,109,0
39469,Moonglow Ink,INTERMEDIATE,TRAINER,1,324,300,108,0
39469,Moonglow Ink,INTERMEDIATE,TRAINER,14,307,300,102,0
33093,Mana Potion Injector,ELIXIR_POT,DROP,20,27345,14400,189,0
33093,Mana Potion Injector,ELIXIR_POT,DROP,5,26251,14400,182,0
33093,Mana Potion Injector,ELIXIR_POT,DROP,5,27345,14400,189,0
33093,Mana Potion Injector,ELIXIR_POT,DROP,20,26251,14400,182,0
33093,Mana Potion Injector,ELIXIR_POT,DROP,20,27345,14400,189,0
33093,Mana Potion Injector,ELIXIR_POT,DROP,20,26251,14400,182,0
33093,Mana Potion Injector,ELIXIR_POT,DROP,20,27345,14400,189,0
33093,Mana Potion Injector,ELIXIR_POT,DROP,20,26251,14400,182,0
33093,Mana Potion Injector,ELIXIR_POT,DROP,5,27345,14400,189,0
33093,Mana Potion Injector,ELIXIR_POT,DROP,20,26251,14400,182,0
33093,Mana Potion Injector,ELIXIR_POT,DROP,5,27345,14400,189,0
33093,Mana Potion Injector,ELIXIR_POT,DROP,20,26251,14400,182,0
33093,Mana Potion Injector,ELIXIR_POT,DROP,20,27345,14400,189,0
33093,Mana Potion Injector,ELIXIR_POT,DROP,20,26251,14400,182,0
33093,Mana Potion Injector,ELIXIR_POT,DROP,20,27345,14400,189,0
33093,Mana Potion Injector,ELIXIR_POT,DROP,5,26251,14400,182,0
33093,Mana Potion Injector,ELIXIR_POT,DROP,20,27345,14400,189,0
33093,Mana Potion Injector,ELIXIR_POT,DROP,5,26251,14400,182,0
33093,Mana Potion Injector,ELIXIR_POT,DROP,20,27345,14400,189,0
33093,Mana Potion Injector,ELIXIR_POT,DROP,20,26251,14400,182,0
33093,Mana Potion Injector,ELIXIR_POT,DROP,20,27345,14400,189,0
33093,Mana Potion Injector,ELIXIR_POT,DROP,5,26251,14400,182,0
33093,Mana Potion Injector,ELIXIR_POT,DROP,5,27345,14400,189,0
33093,Mana Potion Injector,ELIXIR_POT,DROP,20,26251,14400,182,0
33093,Mana Potion Injector,ELIXIR_POT,DROP,5,27345,14400,189,0
33093,Mana Potion Injector,ELIXIR_POT,DROP,5,26251,14400,182,0
33093,Mana Potion Injector,ELIXIR_POT,DROP,20,27345,14400,189,0
33093,Mana Potion Injector,ELIXIR_POT,DROP,5,26251,14400,182,0
33093,Mana Potion Injector,ELIXIR_POT,DROP,5,27345,14400,189,0
42641,Global Thermal Sapper Charge,MISC,TRAINER,20,6875,6900,99,1
42641,Global Thermal Sapper Charge,MISC,TRAINER,20,6531,6900,94,1
42641,Global Thermal Sapper Charge,MISC,TRAINER,20,6204,6900,89,1
42641,Global Thermal Sapper Charge,MISC,TRAINER,10,6875,6900,99,1
41603,Azure Spellthread,MISC,TRAINER,5,138528,124800,111,0
21840,Bolt of Netherweave,INTERMEDIATE,TRAINER,11,28800,28800,100,0
21840,Bolt of Netherweave,INTERMEDIATE,TRAINER,2,28800,28800,100,0
21342,Core Felcloth Bag,BAG,DROP,1,1044889,353768,295,0
21342,Core Felcloth Bag,BAG,DROP,1,992644,353768,280,0
44446,Pack of Endless Pockets,BAG,TRAINER,1,462672,432000,107,0
44446,Pack of Endless Pockets,BAG,TRAINER,1,439538,432000,101,0
44446,Pack of Endless Pockets,BAG,TRAINER,1,432000,432000,100,0
41593,Ebonweave,INTERMEDIATE,TRAINER,4,204828,195000,105,0
41593,Ebonweave,INTERMEDIATE,TRAINER,6,198683,195000,101,0
21844,Bolt of Soulcloth,INTERMEDIATE,VENDOR,2,189921,144000,131,0
21844,Bolt of Soulcloth,INTERMEDIATE,VENDOR,7,182324,144000,126,0
46378,Flask of Pure Mojo,FLASK,TRAINER,5,62696,53450,117,0
46378,Flask of Pure Mojo,FLASK,TRAINER,5,61442,53450,114,0
46378,Flask of Pure Mojo,FLASK,TRAINER,5,58984,53450,110,0
46378,Flask of Pure Mojo,FLASK,TRAINER,19,62696,53450,117,0
24272,Shadowcloth,INTERMEDIATE,VENDOR,5,76698,64001,119,0
24272,Shadowcloth,INTERMEDIATE,VENDOR,2,73630,64001,115,0
42641,Global Thermal Sapper Charge,MISC,TRAINER,20,5463,6900,79,1
42641,Global Thermal Sapper Charge,MISC,TRAINER,20,5244,6900,76,1
42641,Global Thermal Sapper Charge,MISC,TRAINER,20,5139,6900,74,1
42641,Global Thermal Sapper Charge,MISC,TRAINER,10,5463,6900,79,1
4236,Cured Heavy Hide,INTERMEDIATE,TRAINER,8,1390,1350,102,0
4236,Cured Heavy Hide,INTERMEDIATE,TRAINER,3,1350,1350,100,0
14048,Bolt of Runecloth,INTERMEDIATE,TRAINER,3,13966,11760,118,0
14048,Bolt of Runecloth,INTERMEDIATE,TRAINER,11,13547,11760,115,0
23826,The Bigger One,INTERMEDIATE,TRAINER,20,47743,40870,116,0
23826,The Bigger One,INTERMEDIATE,TRAINER,20,45833,40870,112,0
23826,The Bigger One,INTERMEDIATE,TRAINER,2,44916,40870,109,0
40150,Deft Ametrine,GEM_CUT,VENDOR,1,306250,250000,122,0
23446,Adamantite Bar,INTERMEDIATE,TRAINER,7,23025,18000,127,0
23446,Adamantite Bar,INTERMEDIATE,TRAINER,4,22104,18000,122,0
8827,Elixir of Water Walking,ELIXIR_POT,UNSOURCED,5,5219,6180,84,1
8827,Elixir of Water Walking,ELIXIR_POT,UNSOURCED,4,4958,6180,80,1
21840,Bolt of Netherweave,INTERMEDIATE,TRAINER,3,32901,28800,114,0
21840,Bolt of Netherweave,INTERMEDIATE,TRAINER,10,32242,28800,111,0
38347,Mammoth Mining Bag,BAG,VENDOR,1,522288,432000,120,0
24035,Sparkling Star of Elune,GEM_CUT,DROP,1,286020,120000,238,0
24035,Sparkling Star of Elune,GEM_CUT,DROP,1,280299,120000,233,0
34490,Bag of Many Hides,BAG,DROP,1,1433712,627500,228,0
41597,Abyssal Bag,BAG,VENDOR,1,910350,750000,121,0
41597,Abyssal Bag,BAG,VENDOR,1,873936,750000,116,0
41597,Abyssal Bag,BAG,VENDOR,1,838978,750000,111,0
32849,Cauldron of Major Fire Protection,MISC,UNSOURCED,2,393254,166000,236,0
9061,Goblin Rocket Fuel,INTERMEDIATE,UNSOURCED,4,6369,3077,206,0
9061,Goblin Rocket Fuel,INTERMEDIATE,UNSOURCED,5,6177,3077,200,0
35128,Hardened Khorium,INTERMEDIATE,DROP,3,252817,120001,210,0
35128,Hardened Khorium,INTERMEDIATE,DROP,6,242704,120001,202,0
44448,Nerubian Reinforced Quiver,MISC,VENDOR,1,164640,240000,68,1
44448,Nerubian Reinforced Quiver,MISC,VENDOR,1,158054,240000,65,1
44448,Nerubian Reinforced Quiver,MISC,VENDOR,1,154892,240000,64,1
44448,Nerubian Reinforced Quiver,MISC,VENDOR,1,147147,240000,61,1
44448,Nerubian Reinforced Quiver,MISC,VENDOR,1,164640,240000,68,1
44448,Nerubian Reinforced Quiver,MISC,VENDOR,1,158054,240000,65,1
41594,Moonshroud,INTERMEDIATE,TRAINER,5,212355,195000,108,0
41594,Moonshroud,INTERMEDIATE,TRAINER,4,201737,195000,103,0
33093,Mana Potion Injector,ELIXIR_POT,DROP,5,43390,14400,301,0
33093,Mana Potion Injector,ELIXIR_POT,DROP,20,41220,14400,286,0
33093,Mana Potion Injector,ELIXIR_POT,DROP,5,39983,14400,277,0
33093,Mana Potion Injector,ELIXIR_POT,DROP,20,38383,14400,266,0
33093,Mana Potion Injector,ELIXIR_POT,DROP,5,43390,14400,301,0
33093,Mana Potion Injector,ELIXIR_POT,DROP,20,41220,14400,286,0
33093,Mana Potion Injector,ELIXIR_POT,DROP,20,39983,14400,277,0
33093,Mana Potion Injector,ELIXIR_POT,DROP,5,38383,14400,266,0
33093,Mana Potion Injector,ELIXIR_POT,DROP,20,43390,14400,301,0
33093,Mana Potion Injector,ELIXIR_POT,DROP,5,41220,14400,286,0
33093,Mana Potion Injector,ELIXIR_POT,DROP,5,39983,14400,277,0
33093,Mana Potion Injector,ELIXIR_POT,DROP,20,38383,14400,266,0
33093,Mana Potion Injector,ELIXIR_POT,DROP,20,43390,14400,301,0
33093,Mana Potion Injector,ELIXIR_POT,DROP,20,41220,14400,286,0
33093,Mana Potion Injector,ELIXIR_POT,DROP,20,39983,14400,277,0
33093,Mana Potion Injector,ELIXIR_POT,DROP,20,38383,14400,266,0
33093,Mana Potion Injector,ELIXIR_POT,DROP,5,43390,14400,301,0
33093,Mana Potion Injector,ELIXIR_POT,DROP,5,41220,14400,286,0
33093,Mana Potion Injector,ELIXIR_POT,DROP,5,39983,14400,277,0
33093,Mana Potion Injector,ELIXIR_POT,DROP,20,38383,14400,266,0
33093,Mana Potion Injector,ELIXIR_POT,DROP,20,43390,14400,301,0
33093,Mana Potion Injector,ELIXIR_POT,DROP,5,41220,14400,286,0
33093,Mana Potion Injector,ELIXIR_POT,DROP,5,39983,14400,277,0
33093,Mana Potion Injector,ELIXIR_POT,DROP,20,38383,14400,266,0
33093,Mana Potion Injector,ELIXIR_POT,DROP,20,43390,14400,301,0
33093,Mana Potion Injector,ELIXIR_POT,DROP,20,41220,14400,286,0
33093,Mana Potion Injector,ELIXIR_POT,DROP,5,39983,14400,277,0
33093,Mana Potion Injector,ELIXIR_POT,DROP,5,38383,14400,266,0
33093,Mana Potion Injector,ELIXIR_POT,DROP,5,43390,14400,301,0
33093,Mana Potion Injector,ELIXIR_POT,DROP,5,41220,14400,286,0
33093,Mana Potion Injector,ELIXIR_POT,DROP,5,39983,14400,277,0
33093,Mana Potion Injector,ELIXIR_POT,DROP,5,38383,14400,266,0
33093,Mana Potion Injector,ELIXIR_POT,DROP,15,43390,14400,301,0
24272,Shadowcloth,INTERMEDIATE,VENDOR,9,70989,64001,110,0
41387,Tempered Titansteel Helm,GEAR,TRAINER,1,770000,770000,100,0
3829,Frost Oil,MISC,VENDOR,5,5211,4040,128,0
46378,Flask of Pure Mojo,FLASK,TRAINER,5,59382,53450,111,0
46378,Flask of Pure Mojo,FLASK,TRAINER,9,58194,53450,108,0
5081,Kodo Hide Bag,BAG,UNSOURCED,1,1748,853,204,0
4236,Cured Heavy Hide,INTERMEDIATE,TRAINER,5,1540,1350,114,0
4236,Cured Heavy Hide,INTERMEDIATE,TRAINER,5,1524,1350,112,0
40165,Jagged Eye of Zul,GEM_CUT,VENDOR,1,283250,250000,113,0
40165,Jagged Eye of Zul,GEM_CUT,VENDOR,1,274752,250000,109,0
40165,Jagged Eye of Zul,GEM_CUT,VENDOR,1,283250,250000,113,0
46379,Flask of Stoneblood,FLASK,TRAINER,5,62350,56600,110,0
46379,Flask of Stoneblood,FLASK,TRAINER,5,59856,56600,105,0
46379,Flask of Stoneblood,FLASK,TRAINER,4,59257,56600,104,0
44958,Ethereal Oil,INTERMEDIATE,TRAINER,10,88,96,91,1
44958,Ethereal Oil,INTERMEDIATE,TRAINER,1,83,96,86,1
42641,Global Thermal Sapper Charge,MISC,TRAINER,20,5154,6900,74,1
42641,Global Thermal Sapper Charge,MISC,TRAINER,20,4947,6900,71,1
42641,Global Thermal Sapper Charge,MISC,TRAINER,20,4749,6900,68,1
42641,Global Thermal Sapper Charge,MISC,TRAINER,15,5154,6900,74,1
21841,Netherweave Bag,BAG,TRAINER,1,131502,101000,130,0
3470,Rough Grinding Stone,INTERMEDIATE,TRAINER,2,31,24,129,0
3470,Rough Grinding Stone,INTERMEDIATE,TRAINER,7,30,24,125,0
22449,Large Prismatic Shard,INTERMEDIATE,VENDOR,20,188256,240000,78,1
22449,Large Prismatic Shard,INTERMEDIATE,VENDOR,8,182608,240000,76,1
14155,Mooncloth Bag,BAG,DROP,1,114823,59935,191,0
41597,Abyssal Bag,BAG,VENDOR,1,984375,750000,131,0
23529,Adamantite Sharpening Stone,MISC,VENDOR,5,28613,23358,122,0
40195,Pygmy Oil,INTERMEDIATE,TRAINER,7,333,300,111,0
40195,Pygmy Oil,INTERMEDIATE,TRAINER,4,329,300,109,0
32211,Sovereign Shadowsong Amethyst,GEM_CUT,DROP,1,486850,250000,194,0
21876,Primal Mooncloth Bag,BAG,VENDOR,1,676368,504000,134,0
21876,Primal Mooncloth Bag,BAG,VENDOR,1,649313,504000,128,0
21876,Primal Mooncloth Bag,BAG,VENDOR,1,676368,504000,134,0
44210,Faces of Doom,GEAR,TRAINER,1,341453,302600,112,0
44210,Faces of Doom,GEAR,TRAINER,1,327794,302600,108,0
23099,Luminous Flame Spessarite,GEM_CUT,VENDOR,1,23750,20000,118,0
33093,Mana Potion Injector,ELIXIR_POT,DROP,5,30404,14400,211,0
33093,Mana Potion Injector,ELIXIR_POT,DROP,20,29187,14400,202,0
33093,Mana Potion Injector,ELIXIR_POT,DROP,5,28311,14400,196,0
33093,Mana Potion Injector,ELIXIR_POT,DROP,20,27461,14400,190,0
33093,Mana Potion Injector,ELIXIR_POT,DROP,5,30404,14400,211,0
33093,Mana Potion Injector,ELIXIR_POT,DROP,20,29187,14400,202,0
33093,Mana Potion Injector,ELIXIR_POT,DROP,5,28311,14400,196,0
33093,Mana Potion Injector,ELIXIR_POT,DROP,20,27461,14400,190,0
33093,Mana Potion Injector,ELIXIR_POT,DROP,20,30404,14400,211,0
33093,Mana Potion Injector,ELIXIR_POT,DROP,20,29187,14400,202,0
33093,Mana Potion Injector,ELIXIR_POT,DROP,20,28311,14400,196,0
33093,Mana Potion Injector,ELIXIR_POT,DROP,5,27461,14400,190,0
33093,Mana Potion Injector,ELIXIR_POT,DROP,5,30404,14400,211,0
33093,Mana Potion Injector,ELIXIR_POT,DROP,20,29187,14400,202,0
33093,Mana Potion Injector,ELIXIR_POT,DROP,20,28311,14400,196,0
33093,Mana Potion Injector,ELIXIR_POT,DROP,5,27461,14400,190,0
33093,Mana Potion Injector,ELIXIR_POT,DROP,20,30404,14400,211,0
33093,Mana Potion Injector,ELIXIR_POT,DROP,20,29187,14400,202,0
33093,Mana Potion Injector,ELIXIR_POT,DROP,20,28311,14400,196,0
33093,Mana Potion Injector,ELIXIR_POT,DROP,5,27461,14400,190,0
33093,Mana Potion Injector,ELIXIR_POT,DROP,20,30404,14400,211,0
38399,Trapper's Traveling Pack,BAG,VENDOR,1,492480,432000,114,0
38399,Trapper's Traveling Pack,BAG,VENDOR,1,467856,432000,108,0
41600,Glacial Bag,BAG,VENDOR,1,836847,990000,84,1
41600,Glacial Bag,BAG,VENDOR,1,811741,990000,81,1
41600,Glacial Bag,BAG,VENDOR,1,771153,990000,77,1
41600,Glacial Bag,BAG,VENDOR,1,748018,990000,75,1
41600,Glacial Bag,BAG,VENDOR,1,836847,990000,84,1
41600,Glacial Bag,BAG,VENDOR,1,811741,990000,81,1
41600,Glacial Bag,BAG,VENDOR,1,771153,990000,77,1
41600,Glacial Bag,BAG,VENDOR,1,748018,990000,75,1
41600,Glacial Bag,BAG,VENDOR,1,836847,990000,84,1
41600,Glacial Bag,BAG,VENDOR,1,811741,990000,81,1
41600,Glacial Bag,BAG,VENDOR,1,771153,990000,77,1
41600,Glacial Bag,BAG,VENDOR,1,748018,990000,75,1
4236,Cured Heavy Hide,INTERMEDIATE,TRAINER,7,1555,1350,115,0
4236,Cured Heavy Hide,INTERMEDIATE,TRAINER,6,1508,1350,111,0
13457,Greater Fire Protection Potion,ELIXIR_POT,DROP,5,9179,3384,271,0
13457,Greater Fire Protection Potion,ELIXIR_POT,DROP,5,8811,3384,260,0
40078,Elixir of Mighty Fortitude,ELIXIR_POT,TRAINER,12,21301,18000,118,0
40865,Noise Machine,GEAR,TRAINER,1,231029,249600,92,1
40865,Noise Machine,GEAR,TRAINER,1,224098,249600,89,1
40865,Noise Machine,GEAR,TRAINER,1,215134,249600,86,1
40865,Noise Machine,GEAR,TRAINER,1,231029,249600,92,1
40865,Noise Machine,GEAR,TRAINER,1,224098,249600,89,1
40865,Noise Machine,GEAR,TRAINER,1,215134,249600,86,1
40865,Noise Machine,GEAR,TRAINER,1,231029,249600,92,1
24268,Netherweave Net,MISC,TRAINER,10,7200,7200,100,0
38411,Iceborne Shoulderpads,GEAR,TRAINER,1,65475,90000,72,1
38411,Iceborne Shoulderpads,GEAR,TRAINER,1,64165,90000,71,1
38411,Iceborne Shoulderpads,GEAR,TRAINER,1,62240,90000,69,1
38411,Iceborne Shoulderpads,GEAR,TRAINER,1,65475,90000,72,1
38411,Iceborne Shoulderpads,GEAR,TRAINER,1,64165,90000,71,1
38411,Iceborne Shoulderpads,GEAR,TRAINER,1,62240,90000,69,1
38411,Iceborne Shoulderpads,GEAR,TRAINER,1,65475,90000,72,1
38411,Iceborne Shoulderpads,GEAR,TRAINER,1,64165,90000,71,1
38411,Iceborne Shoulderpads,GEAR,TRAINER,1,62240,90000,69,1
38411,Iceborne Shoulderpads,GEAR,TRAINER,1,65475,90000,72,1
22574,Mote of Fire,INTERMEDIATE,TRAINER,10,3200,3200,100,0
22574,Mote of Fire,INTERMEDIATE,TRAINER,10,3200,3200,100,0
22574,Mote of Fire,INTERMEDIATE,TRAINER,10,3200,3200,100,0
22574,Mote of Fire,INTERMEDIATE,TRAINER,10,3200,3200,100,0
22574,Mote of Fire,INTERMEDIATE,TRAINER,10,3200,3200,100,0
22574,Mote of Fire,INTERMEDIATE,TRAINER,10,3200,3200,100,0
22574,Mote of Fire,INTERMEDIATE,TRAINER,6,3200,3200,100,0
22574,Mote of Fire,INTERMEDIATE,TRAINER,4,3200,3200,100,0
43461,Revenant's Breastplate,GEAR,VENDOR,1,1467675,1186000,123,0
43461,Revenant's Breastplate,GEAR,VENDOR,1,1452998,1186000,122,0
41554,Black Duskweave Robe,GEAR,TRAINER,1,1046760,915000,114,0
41554,Black Duskweave Robe,GEAR,TRAINER,1,1004889,915000,109,0
41554,Black Duskweave Robe,GEAR,TRAINER,1,1046760,915000,114,0
41598,Mysterious Bag,BAG,VENDOR,1,1052925,750000,140,0
41598,Mysterious Bag,BAG,VENDOR,1,1000278,750000,133,0
41598,Mysterious Bag,BAG,VENDOR,1,950264,750000,126,0
22522,Superior Wizard Oil,MISC,VENDOR,1,19747,26039,75,1
22522,Superior Wizard Oil,MISC,VENDOR,1,18957,26039,72,1
22522,Superior Wizard Oil,MISC,VENDOR,1,18009,26039,69,1
22522,Superior Wizard Oil,MISC,VENDOR,1,19747,26039,75,1
22522,Superior Wizard Oil,MISC,VENDOR,1,18957,26039,72,1
22522,Superior Wizard Oil,MISC,VENDOR,1,18009,26039,69,1
22522,Superior Wizard Oil,MISC,VENDOR,1,19747,26039,75,1
22522,Superior Wizard Oil,MISC,VENDOR,1,18957,26039,72,1
22522,Superior Wizard Oil,MISC,VENDOR,1,18009,26039,69,1
22522,Superior Wizard Oil,MISC,VENDOR,1,19747,26039,75,1
22522,Superior Wizard Oil,MISC,VENDOR,1,18957,26039,72,1
22522,Superior Wizard Oil,MISC,VENDOR,1,18009,26039,69,1
32063,Earthen Elixir,ELIXIR_POT,VENDOR,5,13639,12800,106,0
32063,Earthen Elixir,ELIXIR_POT,VENDOR,2,12957,12800,101,0
43258,Purehorn Spaulders,GEAR,TRAINER,1,147430,198000,74,1
43258,Purehorn Spaulders,GEAR,TRAINER,1,141532,198000,71,1
43258,Purehorn Spaulders,GEAR,TRAINER,1,140116,198000,70,1
43258,Purehorn Spaulders,GEAR,TRAINER,1,147430,198000,74,1
43258,Purehorn Spaulders,GEAR,TRAINER,1,141532,198000,71,1
43258,Purehorn Spaulders,GEAR,TRAINER,1,140116,198000,70,1
43258,Purehorn Spaulders,GEAR,TRAINER,1,147430,198000,74,1
43258,Purehorn Spaulders,GEAR,TRAINER,1,141532,198000,71,1
43258,Purehorn Spaulders,GEAR,TRAINER,1,140116,198000,70,1
43258,Purehorn Spaulders,GEAR,TRAINER,1,147430,198000,74,1
43258,Purehorn Spaulders,GEAR,TRAINER,1,141532,198000,71,1
23775,Titanium Toolbox,BAG,VENDOR,1,551667,448000,123,0
23775,Titanium Toolbox,BAG,VENDOR,1,535116,448000,119,0
5765,Black Silk Pack,BAG,DROP,1,40530,13280,305,0
5765,Black Silk Pack,BAG,DROP,1,38503,13280,289,0
31079,Mercurial Adamantite,INTERMEDIATE,TRAINER,4,86000,86000,100,0
31079,Mercurial Adamantite,INTERMEDIATE,TRAINER,4,86000,86000,100,0
5765,Black Silk Pack,BAG,DROP,1,22182,13280,167,0
5765,Black Silk Pack,BAG,DROP,1,21516,13280,162,0
14155,Mooncloth Bag,BAG,DROP,1,163981,59935,273,0
14155,Mooncloth Bag,BAG,DROP,1,157421,59935,262,0
40772,Gnomish Army Knife,MISC,TRAINER,1,241820,300175,80,1
40772,Gnomish Army Knife,MISC,TRAINER,1,232147,300175,77,1
40772,Gnomish Army Knife,MISC,TRAINER,1,225182,300175,75,1
40772,Gnomish Army Knife,MISC,TRAINER,1,222930,300175,74,1
40772,Gnomish Army Knife,MISC,TRAINER,1,241820,300175,80,1
2841,Bronze Bar,INTERMEDIATE,TRAINER,14,79,62,127,0
2841,Bronze Bar,INTERMEDIATE,TRAINER,6,76,62,122,0
5081,Kodo Hide Bag,BAG,UNSOURCED,1,2071,853,242,0
23446,Adamantite Bar,INTERMEDIATE,TRAINER,7,18000,18000,100,0
23446,Adamantite Bar,INTERMEDIATE,TRAINER,1,18000,18000,100,0
24272,Shadowcloth,INTERMEDIATE,VENDOR,1,68909,64001,107,0
24272,Shadowcloth,INTERMEDIATE,VENDOR,8,68219,64001,106,0
38405,Arctic Belt,GEAR,TRAINER,1,66528,90000,73,1
38405,Arctic Belt,GEAR,TRAINER,1,63201,90000,70,1
38405,Arctic Belt,GEAR,TRAINER,1,66528,90000,73,1
38405,Arctic Belt,GEAR,TRAINER,1,63201,90000,70,1
38405,Arctic Belt,GEAR,TRAINER,1,66528,90000,73,1
38405,Arctic Belt,GEAR,TRAINER,1,63201,90000,70,1
38405,Arctic Belt,GEAR,TRAINER,1,66528,90000,73,1
38405,Arctic Belt,GEAR,TRAINER,1,63201,90000,70,1
41167,Heartseeker Scope,MISC,TRAINER,5,474000,600000,79,1
41167,Heartseeker Scope,MISC,TRAINER,4,464520,600000,77,1
41509,Frostweave Net,MISC,TRAINER,20,7573,9000,84,1
41509,Frostweave Net,MISC,TRAINER,15,7345,9000,81,1
29540,Reinforced Mining Bag,BAG,VENDOR,1,349529,278000,125,0
22251,Cenarion Herb Bag,BAG,VENDOR,1,107029,79933,133,0
5081,Kodo Hide Bag,BAG,UNSOURCED,1,2109,853,247,0
24268,Netherweave Net,MISC,TRAINER,2,7516,7200,104,0
41598,Mysterious Bag,BAG,VENDOR,1,952200,750000,126,0
41598,Mysterious Bag,BAG,VENDOR,1,904590,750000,120,0
33092,Healing Potion Injector,ELIXIR_POT,DROP,20,54079,18400,293,0
33092,Healing Potion Injector,ELIXIR_POT,DROP,5,51915,18400,282,0
33092,Healing Potion Injector,ELIXIR_POT,DROP,5,54079,18400,293,0
33092,Healing Potion Injector,ELIXIR_POT,DROP,20,51915,18400,282,0
33092,Healing Potion Injector,ELIXIR_POT,DROP,5,54079,18400,293,0
33092,Healing Potion Injector,ELIXIR_POT,DROP,20,51915,18400,282,0
33092,Healing Potion Injector,ELIXIR_POT,DROP,20,54079,18400,293,0
33092,Healing Potion Injector,ELIXIR_POT,DROP,20,51915,18400,282,0
33092,Healing Potion Injector,ELIXIR_POT,DROP,20,54079,18400,293,0
33092,Healing Potion Injector,ELIXIR_POT,DROP,20,51915,18400,282,0
33092,Healing Potion Injector,ELIXIR_POT,DROP,20,54079,18400,293,0
33092,Healing Potion Injector,ELIXIR_POT,DROP,5,51915,18400,282,0
33092,Healing Potion Injector,ELIXIR_POT,DROP,5,54079,18400,293,0
33092,Healing Potion Injector,ELIXIR_POT,DROP,5,51915,18400,282,0
33092,Healing Potion Injector,ELIXIR_POT,DROP,20,54079,18400,293,0
33092,Healing Potion Injector,ELIXIR_POT,DROP,20,51915,18400,282,0
33092,Healing Potion Injector,ELIXIR_POT,DROP,20,54079,18400,293,0
33092,Healing Potion Injector,ELIXIR_POT,DROP,5,51915,18400,282,0
33092,Healing Potion Injector,ELIXIR_POT,DROP,5,54079,18400,293,0
33092,Healing Potion Injector,ELIXIR_POT,DROP,5,51915,18400,282,0
33092,Healing Potion Injector,ELIXIR_POT,DROP,5,54079,18400,293,0
33092,Healing Potion Injector,ELIXIR_POT,DROP,20,51915,18400,282,0
33092,Healing Potion Injector,ELIXIR_POT,DROP,10,54079,18400,293,0
42641,Global Thermal Sapper Charge,MISC,TRAINER,20,6875,6900,99,1
42641,Global Thermal Sapper Charge,MISC,TRAINER,20,6600,6900,95,1
42641,Global Thermal Sapper Charge,MISC,TRAINER,20,6875,6900,99,1
42641,Global Thermal Sapper Charge,MISC,TRAINER,15,6600,6900,95,1
39774,Midnight Ink,INTERMEDIATE,TRAINER,12,398,300,132,0
39774,Midnight Ink,INTERMEDIATE,TRAINER,2,390,300,130,0
20817,Bronze Setting,INTERMEDIATE,TRAINER,2,124,124,100,0
20817,Bronze Setting,INTERMEDIATE,TRAINER,7,124,124,100,0
41164,Mammoth Cutters,AMMO,TRAINER,1000,27,34,79,1
41164,Mammoth Cutters,AMMO,TRAINER,1000,26,34,76,1
41164,Mammoth Cutters,AMMO,TRAINER,1000,25,34,73,1
41164,Mammoth Cutters,AMMO,TRAINER,1000,23,34,67,1
41164,Mammoth Cutters,AMMO,TRAINER,1000,27,34,79,1
41164,Mammoth Cutters,AMMO,TRAINER,1000,26,34,76,1
41164,Mammoth Cutters,AMMO,TRAINER,1000,25,34,73,1
41164,Mammoth Cutters,AMMO,TRAINER,1000,23,34,67,1
41164,Mammoth Cutters,AMMO,TRAINER,1000,27,34,79,1
41164,Mammoth Cutters,AMMO,TRAINER,1000,26,34,76,1
41164,Mammoth Cutters,AMMO,TRAINER,1000,25,34,73,1
41164,Mammoth Cutters,AMMO,TRAINER,1000,23,34,67,1
23774,Fel Iron Toolbox,BAG,VENDOR,1,128232,104000,123,0
23774,Fel Iron Toolbox,BAG,VENDOR,1,125667,104000,120,0
43115,Hunter's Ink,INTERMEDIATE,TRAINER,2,246,200,123,0
43115,Hunter's Ink,INTERMEDIATE,TRAINER,6,236,200,118,0
46378,Flask of Pure Mojo,FLASK,TRAINER,20,57790,53450,108,0
46378,Flask of Pure Mojo,FLASK,TRAINER,6,55478,53450,103,0
45811,Frostguard Drape,GEAR,TRAINER,1,1143542,924000,123,0
45811,Frostguard Drape,GEAR,TRAINER,1,1120671,924000,121,0
45811,Frostguard Drape,GEAR,TRAINER,1,1143542,924000,123,0
21845,Primal Mooncloth,INTERMEDIATE,VENDOR,10,75213,64001,117,0
21845,Primal Mooncloth,INTERMEDIATE,VENDOR,4,72204,64001,112,0
44939,Lesser Flask of Resistance,FLASK,TRAINER,5,27468,24000,114,0
44939,Lesser Flask of Resistance,FLASK,TRAINER,11,26918,24000,112,0
33093,Mana Potion Injector,ELIXIR_POT,DROP,5,30365,14400,210,0
33093,Mana Potion Injector,ELIXIR_POT,DROP,5,29150,14400,202,0
33093,Mana Potion Injector,ELIXIR_POT,DROP,5,28858,14400,200,0
33093,Mana Potion Injector,ELIXIR_POT,DROP,5,27992,14400,194,0
33093,Mana Potion Injector,ELIXIR_POT,DROP,5,30365,14400,210,0
33093,Mana Potion Injector,ELIXIR_POT,DROP,5,29150,14400,202,0
33093,Mana Potion Injector,ELIXIR_POT,DROP,20,28858,14400,200,0
33093,Mana Potion Injector,ELIXIR_POT,DROP,5,27992,14400,194,0
33093,Mana Potion Injector,ELIXIR_POT,DROP,20,30365,14400,210,0
33093,Mana Potion Injector,ELIXIR_POT,DROP,5,29150,14400,202,0
33093,Mana Potion Injector,ELIXIR_POT,DROP,5,28858,14400,200,0
33093,Mana Potion Injector,ELIXIR_POT,DROP,15,27992,14400,194,0
21752,Thorium Setting,INTERMEDIATE,TRAINER,9,1953,1545,126,0
21752,Thorium Setting,INTERMEDIATE,TRAINER,4,1894,1545,122,0
21887,Knothide Leather,INTERMEDIATE,TRAINER,1,7500,7500,100,0
21887,Knothide Leather,INTERMEDIATE,TRAINER,9,7500,7500,100,0
44958,Ethereal Oil,INTERMEDIATE,TRAINER,1,96,96,100,0
44958,Ethereal Oil,INTERMEDIATE,TRAINER,9,96,96,100,0
21342,Core Felcloth Bag,BAG,DROP,1,655248,353768,185,0
21342,Core Felcloth Bag,BAG,DROP,1,635590,353768,179,0
21844,Bolt of Soulcloth,INTERMEDIATE,VENDOR,9,178214,144000,123,0
21844,Bolt of Soulcloth,INTERMEDIATE,VENDOR,1,172867,144000,120,0
40112,Delicate Cardinal Ruby,GEM_CUT,VENDOR,1,308250,250000,123,0
23447,Eternium Bar,INTERMEDIATE,TRAINER,12,21948,20000,109,0
23447,Eternium Bar,INTERMEDIATE,TRAINER,1,21070,20000,105,0
23775,Titanium Toolbox,BAG,VENDOR,1,463680,448000,103,0
23775,Titanium Toolbox,BAG,VENDOR,1,459043,448000,102,0
23775,Titanium Toolbox,BAG,VENDOR,1,463680,448000,103,0
7966,Solid Grinding Stone,INTERMEDIATE,TRAINER,10,2691,2352,114,0
7966,Solid Grinding Stone,INTERMEDIATE,TRAINER,1,2556,2352,108,0
22861,Flask of Blinding Light,FLASK,UNSOURCED,5,127296,52000,244,0
22861,Flask of Blinding Light,FLASK,UNSOURCED,7,126023,52000,242,0
36916,Cobalt Bar,INTERMEDIATE,TRAINER,2,6614,6000,110,0
36916,Cobalt Bar,INTERMEDIATE,TRAINER,9,6481,6000,108,0
38433,Arctic Wristguards,GEAR,TRAINER,1,93312,108000,86,1
38433,Arctic Wristguards,GEAR,TRAINER,1,91445,108000,84,1
38433,Arctic Wristguards,GEAR,TRAINER,1,93312,108000,86,1
38433,Arctic Wristguards,GEAR,TRAINER,1,91445,108000,84,1
38433,Arctic Wristguards,GEAR,TRAINER,1,93312,108000,86,1
38433,Arctic Wristguards,GEAR,TRAINER,1,91445,108000,84,1
38433,Arctic Wristguards,GEAR,TRAINER,1,93312,108000,86,1
38433,Arctic Wristguards,GEAR,TRAINER,1,91445,108000,84,1
38433,Arctic Wristguards,GEAR,TRAINER,1,93312,108000,86,1
23446,Adamantite Bar,INTERMEDIATE,TRAINER,7,19008,18000,105,0
23446,Adamantite Bar,INTERMEDIATE,TRAINER,1,18057,18000,100,0
23774,Fel Iron Toolbox,BAG,VENDOR,1,115356,104000,110,0
23774,Fel Iron Toolbox,BAG,VENDOR,1,113048,104000,108,0
41745,Titanium Rod,INTERMEDIATE,TRAINER,1,92920,80000,116,0
41745,Titanium Rod,INTERMEDIATE,TRAINER,1,90132,80000,112,0
41745,Titanium Rod,INTERMEDIATE,TRAINER,1,86526,80000,108,0
41745,Titanium Rod,INTERMEDIATE,TRAINER,1,82199,80000,102,0
41745,Titanium Rod,INTERMEDIATE,TRAINER,1,92920,80000,116,0
40169,Forceful Eye of Zul,GEM_CUT,VENDOR,1,289750,250000,115,0
24039,Stormy Star of Elune,GEM_CUT,DROP,1,319440,120000,266,0
24039,Stormy Star of Elune,GEM_CUT,DROP,1,303468,120000,252,0
24039,Stormy Star of Elune,GEM_CUT,DROP,1,294363,120000,245,0
22522,Superior Wizard Oil,MISC,VENDOR,1,22520,26039,86,1
22522,Superior Wizard Oil,MISC,VENDOR,1,21394,26039,82,1
22522,Superior Wizard Oil,MISC,VENDOR,1,21180,26039,81,1
22522,Superior Wizard Oil,MISC,VENDOR,1,20121,26039,77,1
22522,Superior Wizard Oil,MISC,VENDOR,1,22520,26039,86,1
22522,Superior Wizard Oil,MISC,VENDOR,1,21394,26039,82,1
3860,Mithril Bar,INTERMEDIATE,TRAINER,15,1545,1545,100,0
4339,Bolt of Mageweave,INTERMEDIATE,TRAINER,2,5559,5050,110,0
4339,Bolt of Mageweave,INTERMEDIATE,TRAINER,11,5392,5050,106,0
11144,Truesilver Rod,INTERMEDIATE,TRAINER,1,5452,4720,115,0
11144,Truesilver Rod,INTERMEDIATE,TRAINER,1,5397,4720,114,0
11144,Truesilver Rod,INTERMEDIATE,TRAINER,1,5181,4720,109,0
11144,Truesilver Rod,INTERMEDIATE,TRAINER,1,4921,4720,104,0
11144,Truesilver Rod,INTERMEDIATE,TRAINER,1,5452,4720,115,0
11144,Truesilver Rod,INTERMEDIATE,TRAINER,1,5397,4720,114,0
11144,Truesilver Rod,INTERMEDIATE,TRAINER,1,5181,4720,109,0
41600,Glacial Bag,BAG,VENDOR,1,1979802,990000,199,0
858,Lesser Healing Potion,ELIXIR_POT,TRAINER,5,185,181,102,0
858,Lesser Healing Potion,ELIXIR_POT,TRAINER,5,183,181,101,0
858,Lesser Healing Potion,ELIXIR_POT,TRAINER,4,181,181,100,0
4236,Cured Heavy Hide,INTERMEDIATE,TRAINER,3,1461,1350,108,0
4236,Cured Heavy Hide,INTERMEDIATE,TRAINER,8,1417,1350,104,0
40865,Noise Machine,GEAR,TRAINER,1,186451,249600,74,1
40865,Noise Machine,GEAR,TRAINER,1,177128,249600,70,1
40865,Noise Machine,GEAR,TRAINER,1,168271,249600,67,1
40865,Noise Machine,GEAR,TRAINER,1,186451,249600,74,1
40865,Noise Machine,GEAR,TRAINER,1,177128,249600,70,1
40014,Rigid Autumn's Glow,GEM_CUT,VENDOR,1,187680,150000,125,0
41378,Forlorn Skyflare Diamond,GEM_CUT,UNSOURCED,1,1011600,360000,281,0
43974,Frostsavage Bracers,GEAR,TRAINER,1,547354,515400,106,0
43974,Frostsavage Bracers,GEAR,TRAINER,1,525459,515400,101,0
43974,Frostsavage Bracers,GEAR,TRAINER,1,547354,515400,106,0
4245,Small Silk Pack,BAG,TRAINER,1,8874,8640,102,0
4245,Small Silk Pack,BAG,TRAINER,1,8640,8640,100,0
23119,Sparkling Azure Moonstone,GEM_CUT,TRAINER,1,20800,20000,104,0
23119,Sparkling Azure Moonstone,GEM_CUT,TRAINER,1,20592,20000,102,0
23119,Sparkling Azure Moonstone,GEM_CUT,TRAINER,1,20800,20000,104,0
33093,Mana Potion Injector,ELIXIR_POT,DROP,20,44604,14400,309,0
33093,Mana Potion Injector,ELIXIR_POT,DROP,20,42373,14400,294,0
33093,Mana Potion Injector,ELIXIR_POT,DROP,20,41949,14400,291,0
33093,Mana Potion Injector,ELIXIR_POT,DROP,20,44604,14400,309,0
33093,Mana Potion Injector,ELIXIR_POT,DROP,5,42373,14400,294,0
33093,Mana Potion Injector,ELIXIR_POT,DROP,20,41949,14400,291,0
33093,Mana Potion Injector,ELIXIR_POT,DROP,5,44604,14400,309,0
33093,Mana Potion Injector,ELIXIR_POT,DROP,5,42373,14400,294,0
33093,Mana Potion Injector,ELIXIR_POT,DROP,20,41949,14400,291,0
33093,Mana Potion Injector,ELIXIR_POT,DROP,20,44604,14400,309,0
33093,Mana Potion Injector,ELIXIR_POT,DROP,20,42373,14400,294,0
33093,Mana Potion Injector,ELIXIR_POT,DROP,20,41949,14400,291,0
33093,Mana Potion Injector,ELIXIR_POT,DROP,20,44604,14400,309,0
33093,Mana Potion Injector,ELIXIR_POT,DROP,5,42373,14400,294,0
32195,Teardrop Crimson Spinel,GEM_CUT,VENDOR,1,291200,250000,116,0
32195,Teardrop Crimson Spinel,GEM_CUT,VENDOR,1,285376,250000,114,0
32195,Teardrop Crimson Spinel,GEM_CUT,VENDOR,1,291200,250000,116,0
34490,Bag of Many Hides,BAG,DROP,1,1890783,627500,301,0
48933,Wormhole Generator: Northrend,GEAR,UNSOURCED,1,263648,352000,74,1
48933,Wormhole Generator: Northrend,GEAR,UNSOURCED,1,250465,352000,71,1
48933,Wormhole Generator: Northrend,GEAR,UNSOURCED,1,245455,352000,69,1
48933,Wormhole Generator: Northrend,GEAR,UNSOURCED,1,243000,352000,69,1
48933,Wormhole Generator: Northrend,GEAR,UNSOURCED,1,263648,352000,74,1
48933,Wormhole Generator: Northrend,GEAR,UNSOURCED,1,250465,352000,71,1
48933,Wormhole Generator: Northrend,GEAR,UNSOURCED,1,245455,352000,69,1
48933,Wormhole Generator: Northrend,GEAR,UNSOURCED,1,243000,352000,69,1
48933,Wormhole Generator: Northrend,GEAR,UNSOURCED,1,263648,352000,74,1
48933,Wormhole Generator: Northrend,GEAR,UNSOURCED,1,250465,352000,71,1
44330,Elixir of Armor Piercing,ELIXIR_POT,UNSOURCED,14,9234,12000,76,1
9061,Goblin Rocket Fuel,INTERMEDIATE,UNSOURCED,10,6335,3077,205,0
9061,Goblin Rocket Fuel,INTERMEDIATE,UNSOURCED,5,6208,3077,201,0
38399,Trapper's Traveling Pack,BAG,VENDOR,1,568512,432000,131,0
38399,Trapper's Traveling Pack,BAG,VENDOR,1,545771,432000,126,0
34490,Bag of Many Hides,BAG,DROP,1,1580923,627500,251,0
34490,Bag of Many Hides,BAG,DROP,1,1533495,627500,244,0
34490,Bag of Many Hides,BAG,DROP,1,1487490,627500,237,0
22861,Flask of Blinding Light,FLASK,UNSOURCED,20,115190,52000,221,0
22861,Flask of Blinding Light,FLASK,UNSOURCED,4,111734,52000,214,0
46377,Flask of Endless Rage,FLASK,TRAINER,5,70794,57500,123,0
46377,Flask of Endless Rage,FLASK,TRAINER,20,69378,57500,120,0
46377,Flask of Endless Rage,FLASK,TRAINER,5,67296,57500,117,0
23447,Eternium Bar,INTERMEDIATE,TRAINER,2,24102,20000,120,0
23447,Eternium Bar,INTERMEDIATE,TRAINER,8,22896,20000,114,0
21841,Netherweave Bag,BAG,TRAINER,1,125260,101000,124,0
21841,Netherweave Bag,BAG,TRAINER,1,124007,101000,122,0
22522,Superior Wizard Oil,MISC,VENDOR,1,21934,26039,84,1
22522,Superior Wizard Oil,MISC,VENDOR,1,21495,26039,82,1
22522,Superior Wizard Oil,MISC,VENDOR,1,21280,26039,81,1
22522,Superior Wizard Oil,MISC,VENDOR,1,20641,26039,79,1
22522,Superior Wizard Oil,MISC,VENDOR,1,21934,26039,84,1
22522,Superior Wizard Oil,MISC,VENDOR,1,21495,26039,82,1
22522,Superior Wizard Oil,MISC,VENDOR,1,21280,26039,81,1
22522,Superior Wizard Oil,MISC,VENDOR,1,20641,26039,79,1
22522,Superior Wizard Oil,MISC,VENDOR,1,21934,26039,84,1
22522,Superior Wizard Oil,MISC,VENDOR,1,21495,26039,82,1
22522,Superior Wizard Oil,MISC,VENDOR,1,21280,26039,81,1
41511,Bolt of Imbued Frostweave,INTERMEDIATE,TRAINER,2,147000,147000,100,0
41511,Bolt of Imbued Frostweave,INTERMEDIATE,TRAINER,11,147000,147000,100,0
22851,Flask of Fortification,FLASK,UNSOURCED,5,118728,48500,244,0
22851,Flask of Fortification,FLASK,UNSOURCED,5,112791,48500,232,0
22851,Flask of Fortification,FLASK,UNSOURCED,5,110535,48500,227,0
22851,Flask of Fortification,FLASK,UNSOURCED,5,108324,48500,223,0
22851,Flask of Fortification,FLASK,UNSOURCED,5,118728,48500,244,0
22851,Flask of Fortification,FLASK,UNSOURCED,5,112791,48500,232,0
41511,Bolt of Imbued Frostweave,INTERMEDIATE,TRAINER,8,164228,147000,111,0
41511,Bolt of Imbued Frostweave,INTERMEDIATE,TRAINER,1,156016,147000,106,0
21858,Spellfire Bag,BAG,VENDOR,1,535505,408004,131,0
21858,Spellfire Bag,BAG,VENDOR,1,514084,408004,125,0
21858,Spellfire Bag,BAG,VENDOR,1,503802,408004,123,0
40156,Wicked Ametrine,GEM_CUT,VENDOR,1,337900,250000,135,0
21845,Primal Mooncloth,INTERMEDIATE,VENDOR,8,82087,64001,128,0
21845,Primal Mooncloth,INTERMEDIATE,VENDOR,3,81266,64001,126,0
7071,Iron Buckle,INTERMEDIATE,TRAINER,5,514,450,114,0
7071,Iron Buckle,INTERMEDIATE,TRAINER,5,488,450,108,0
7071,Iron Buckle,INTERMEDIATE,TRAINER,5,463,450,102,0
7071,Iron Buckle,INTERMEDIATE,TRAINER,5,514,450,114,0
7071,Iron Buckle,INTERMEDIATE,TRAINER,1,488,450,108,0
7071,Iron Buckle,INTERMEDIATE,TRAINER,3,463,450,102,0
21876,Primal Mooncloth Bag,BAG,VENDOR,1,596937,504000,118,0
21876,Primal Mooncloth Bag,BAG,VENDOR,1,573059,504000,113,0
21876,Primal Mooncloth Bag,BAG,VENDOR,1,567328,504000,112,0
46379,Flask of Stoneblood,FLASK,TRAINER,20,58716,56600,103,0
46379,Flask of Stoneblood,FLASK,TRAINER,5,56954,56600,100,0
46379,Flask of Stoneblood,FLASK,TRAINER,1,58716,56600,103,0
41511,Bolt of Imbued Frostweave,INTERMEDIATE,TRAINER,1,152571,147000,103,0
41511,Bolt of Imbued Frostweave,INTERMEDIATE,TRAINER,8,151045,147000,102,0
40028,Mysterious Twilight Opal,GEM_CUT,VENDOR,1,176715,150000,117,0
40028,Mysterious Twilight Opal,GEM_CUT,VENDOR,1,174947,150000,116,0
46377,Flask of Endless Rage,FLASK,TRAINER,5,59771,57500,103,0
46377,Flask of Endless Rage,FLASK,TRAINER,5,58575,57500,101,0
46377,Flask of Endless Rage,FLASK,TRAINER,5,57500,57500,100,0
46377,Flask of Endless Rage,FLASK,TRAINER,5,57500,57500,100,0
46377,Flask of Endless Rage,FLASK,TRAINER,5,59771,57500,103,0
46377,Flask of Endless Rage,FLASK,TRAINER,5,58575,57500,101,0
24029,Teardrop Living Ruby,GEM_CUT,DROP,1,193884,120000,161,0
24029,Teardrop Living Ruby,GEM_CUT,DROP,1,191945,120000,159,0
14048,Bolt of Runecloth,INTERMEDIATE,TRAINER,3,12583,11760,106,0
14048,Bolt of Runecloth,INTERMEDIATE,TRAINER,2,12457,11760,105,0
46377,Flask of Endless Rage,FLASK,TRAINER,10,65826,57500,114,0
2996,Bolt of Linen Cloth,INTERMEDIATE,UNSOURCED,15,293,112,261,0
17771,Elementium Bar,MISC,DROP,1,5271003,2472560,213,0
11144,Truesilver Rod,INTERMEDIATE,TRAINER,1,4720,4720,100,0
11144,Truesilver Rod,INTERMEDIATE,TRAINER,1,4720,4720,100,0
11144,Truesilver Rod,INTERMEDIATE,TRAINER,1,4720,4720,100,0
11144,Truesilver Rod,INTERMEDIATE,TRAINER,1,4720,4720,100,0
11144,Truesilver Rod,INTERMEDIATE,TRAINER,1,4720,4720,100,0
11144,Truesilver Rod,INTERMEDIATE,TRAINER,1,4720,4720,100,0
11144,Truesilver Rod,INTERMEDIATE,TRAINER,1,4720,4720,100,0
3486,Heavy Grinding Stone,INTERMEDIATE,TRAINER,6,1213,1035,117,0
3486,Heavy Grinding Stone,INTERMEDIATE,TRAINER,1,1200,1035,115,0
40169,Forceful Eye of Zul,GEM_CUT,VENDOR,1,285000,250000,114,0
40169,Forceful Eye of Zul,GEM_CUT,VENDOR,1,270750,250000,108,0
40169,Forceful Eye of Zul,GEM_CUT,VENDOR,1,257212,250000,102,0
23774,Fel Iron Toolbox,BAG,VENDOR,1,144144,104000,138,0
4245,Small Silk Pack,BAG,TRAINER,1,10538,8640,121,0
38373,Frosthide Leg Armor,MISC,TRAINER,6,350982,503200,69,1
5081,Kodo Hide Bag,BAG,UNSOURCED,1,1629,853,190,0
4238,Linen Bag,BAG,TRAINER,1,366,366,100,0
4238,Linen Bag,BAG,TRAINER,1,366,366,100,0
23766,Stabilized Eternium Scope,MISC,DROP,1,628606,240018,261,0
12644,Dense Grinding Stone,INTERMEDIATE,TRAINER,3,6573,5760,114,0
12644,Dense Grinding Stone,INTERMEDIATE,TRAINER,6,6507,5760,112,0
42996,Snapper Extreme,FOOD,VENDOR,13,187,145,128,0
22249,Big Bag of Enchantment,BAG,DROP,1,1143453,568430,201,0
22249,Big Bag of Enchantment,BAG,DROP,1,1132018,568430,199,0
23573,Hardened Adamantite Bar,INTERMEDIATE,TRAINER,1,215604,180000,119,0
23573,Hardened Adamantite Bar,INTERMEDIATE,TRAINER,8,213447,180000,118,0
41510,Bolt of Frostweave,INTERMEDIATE,TRAINER,5,34466,37500,91,1
41510,Bolt of Frostweave,INTERMEDIATE,TRAINER,4,32742,37500,87,1
3486,Heavy Grinding Stone,INTERMEDIATE,TRAINER,2,1035,1035,100,0
3486,Heavy Grinding Stone,INTERMEDIATE,TRAINER,6,1035,1035,100,0
36913,Saronite Bar,INTERMEDIATE,TRAINER,1,33900,30000,113,0
36913,Saronite Bar,INTERMEDIATE,TRAINER,11,33222,30000,110,0
7966,Solid Grinding Stone,INTERMEDIATE,TRAINER,6,2949,2352,125,0
43252,Windfire Band,GEAR,VENDOR,1,102502,112000,91,1
43252,Windfire Band,GEAR,VENDOR,1,100451,112000,89,1
43252,Windfire Band,GEAR,VENDOR,1,102502,112000,91,1
43252,Windfire Band,GEAR,VENDOR,1,100451,112000,89,1
43252,Windfire Band,GEAR,VENDOR,1,102502,112000,91,1
43252,Windfire Band,GEAR,VENDOR,1,100451,112000,89,1
43252,Windfire Band,GEAR,VENDOR,1,102502,112000,91,1
4240,Woolen Bag,BAG,TRAINER,1,1354,1324,102,0
4240,Woolen Bag,BAG,TRAINER,1,1324,1324,100,0
4240,Woolen Bag,BAG,TRAINER,1,1354,1324,102,0
46377,Flask of Endless Rage,FLASK,TRAINER,5,71921,57500,125,0
46377,Flask of Endless Rage,FLASK,TRAINER,5,68324,57500,118,0
46377,Flask of Endless Rage,FLASK,TRAINER,5,71921,57500,125,0
46377,Flask of Endless Rage,FLASK,TRAINER,5,68324,57500,118,0
46377,Flask of Endless Rage,FLASK,TRAINER,5,71921,57500,125,0
46377,Flask of Endless Rage,FLASK,TRAINER,5,68324,57500,118,0
46377,Flask of Endless Rage,FLASK,TRAINER,2,71921,57500,125,0
22249,Big Bag of Enchantment,BAG,DROP,1,1213029,568430,213,0
22249,Big Bag of Enchantment,BAG,DROP,1,1152377,568430,202,0
21841,Netherweave Bag,BAG,TRAINER,1,106504,101000,105,0
21841,Netherweave Bag,BAG,TRAINER,1,101178,101000,100,0
44504,Nesingwary 4000,GEAR,TRAINER,1,1233064,1737200,70,1
44504,Nesingwary 4000,GEAR,TRAINER,1,1220733,1737200,70,1
44504,Nesingwary 4000,GEAR,TRAINER,1,1184111,1737200,68,1
44504,Nesingwary 4000,GEAR,TRAINER,1,1148587,1737200,66,1
44504,Nesingwary 4000,GEAR,TRAINER,1,1233064,1737200,70,1
44504,Nesingwary 4000,GEAR,TRAINER,1,1220733,1737200,70,1
44504,Nesingwary 4000,GEAR,TRAINER,1,1184111,1737200,68,1
13462,Purification Potion,ELIXIR_POT,TRAINER,5,5590,5590,100,0
13462,Purification Potion,ELIXIR_POT,TRAINER,13,5590,5590,100,0
43482,Savage Titanium Ring,GEAR,VENDOR,1,212784,176000,120,0
41396,Eternal Earthsiege Diamond,GEM_CUT,UNSOURCED,1,849384,360000,235,0
41396,Eternal Earthsiege Diamond,GEM_CUT,UNSOURCED,1,815408,360000,226,0
41396,Eternal Earthsiege Diamond,GEM_CUT,UNSOURCED,1,790945,360000,219,0
41165,Saronite Razorheads,AMMO,TRAINER,1000,45,60,75,1
41165,Saronite Razorheads,AMMO,TRAINER,1000,44,60,73,1
41165,Saronite Razorheads,AMMO,TRAINER,1000,42,60,70,1
41165,Saronite Razorheads,AMMO,TRAINER,1000,39,60,65,1
41165,Saronite Razorheads,AMMO,TRAINER,1000,45,60,75,1
41165,Saronite Razorheads,AMMO,TRAINER,1000,44,60,73,1
41165,Saronite Razorheads,AMMO,TRAINER,1000,42,60,70,1
41165,Saronite Razorheads,AMMO,TRAINER,1000,39,60,65,1
41165,Saronite Razorheads,AMMO,TRAINER,1000,45,60,75,1
41165,Saronite Razorheads,AMMO,TRAINER,1000,44,60,73,1
18262,Elemental Sharpening Stone,MISC,DROP,2,15084,9216,163,0
34482,Leatherworker's Satchel,BAG,TRAINER,1,259308,245000,105,0
34482,Leatherworker's Satchel,BAG,TRAINER,1,246342,245000,100,0
34482,Leatherworker's Satchel,BAG,TRAINER,1,259308,245000,105,0
21842,Bolt of Imbued Netherweave,INTERMEDIATE,VENDOR,1,108003,82026,131,0
21842,Bolt of Imbued Netherweave,INTERMEDIATE,VENDOR,12,105842,82026,129,0
14342,Mooncloth,INTERMEDIATE,VENDOR,3,19366,15200,127,0
14342,Mooncloth,INTERMEDIATE,VENDOR,7,18978,15200,124,0
8170,Rugged Leather,INTERMEDIATE,TRAINER,6,7977,7128,111,0
24029,Teardrop Living Ruby,GEM_CUT,DROP,1,237552,120000,197,0
9061,Goblin Rocket Fuel,INTERMEDIATE,UNSOURCED,3,7382,3077,239,0
9061,Goblin Rocket Fuel,INTERMEDIATE,UNSOURCED,3,7086,3077,230,0
34482,Leatherworker's Satchel,BAG,TRAINER,1,245000,245000,100,0
34482,Leatherworker's Satchel,BAG,TRAINER,1,245000,245000,100,0
34482,Leatherworker's Satchel,BAG,TRAINER,1,245000,245000,100,0
21872,Ebon Shadowbag,BAG,VENDOR,1,457776,408000,112,0
21872,Ebon Shadowbag,BAG,VENDOR,1,444042,408000,108,0
32409,Relentless Earthstorm Diamond,GEM_CUT,UNSOURCED,1,667440,360000,185,0
32409,Relentless Earthstorm Diamond,GEM_CUT,UNSOURCED,1,660765,360000,183,0
32409,Relentless Earthstorm Diamond,GEM_CUT,UNSOURCED,1,667440,360000,185,0
43125,Darkflame Ink,INTERMEDIATE,TRAINER,11,220,200,110,0
43125,Darkflame Ink,INTERMEDIATE,TRAINER,1,213,200,106,0
33208,Flask of Chromatic Wonder,FLASK,VENDOR,18,47142,36000,130,0
21841,Netherweave Bag,BAG,TRAINER,1,132926,101000,131,0
21841,Netherweave Bag,BAG,TRAINER,1,126279,101000,125,0
21841,Netherweave Bag,BAG,TRAINER,1,125016,101000,123,0
6371,Fire Oil,INTERMEDIATE,TRAINER,4,69,64,107,0
6371,Fire Oil,INTERMEDIATE,TRAINER,7,68,64,106,0
24273,Mystic Spellthread,MISC,VENDOR,5,179256,165000,108,0
25843,Fel Iron Rod,INTERMEDIATE,TRAINER,1,80546,72000,111,0
25843,Fel Iron Rod,INTERMEDIATE,TRAINER,1,76518,72000,106,0
25843,Fel Iron Rod,INTERMEDIATE,TRAINER,1,73457,72000,102,0
25843,Fel Iron Rod,INTERMEDIATE,TRAINER,1,80546,72000,111,0
25843,Fel Iron Rod,INTERMEDIATE,TRAINER,1,76518,72000,106,0
25843,Fel Iron Rod,INTERMEDIATE,TRAINER,1,73457,72000,102,0
25843,Fel Iron Rod,INTERMEDIATE,TRAINER,1,80546,72000,111,0
25843,Fel Iron Rod,INTERMEDIATE,TRAINER,1,76518,72000,106,0
25843,Fel Iron Rod,INTERMEDIATE,TRAINER,1,73457,72000,102,0
38399,Trapper's Traveling Pack,BAG,VENDOR,1,511056,432000,118,0
38399,Trapper's Traveling Pack,BAG,VENDOR,1,490613,432000,113,0
43250,Ring of Earthen Might,GEAR,VENDOR,1,83952,88000,95,1
43250,Ring of Earthen Might,GEAR,VENDOR,1,83112,88000,94,1
43250,Ring of Earthen Might,GEAR,VENDOR,1,82280,88000,93,1
43250,Ring of Earthen Might,GEAR,VENDOR,1,83952,88000,95,1
43250,Ring of Earthen Might,GEAR,VENDOR,1,83112,88000,94,1
43250,Ring of Earthen Might,GEAR,VENDOR,1,82280,88000,93,1
43250,Ring of Earthen Might,GEAR,VENDOR,1,83952,88000,95,1
43250,Ring of Earthen Might,GEAR,VENDOR,1,83112,88000,94,1
43250,Ring of Earthen Might,GEAR,VENDOR,1,82280,88000,93,1
43250,Ring of Earthen Might,GEAR,VENDOR,1,83952,88000,95,1
43250,Ring of Earthen Might,GEAR,VENDOR,1,83112,88000,94,1
29534,Clefthide Leg Armor,MISC,VENDOR,1,325760,252000,129,0
33092,Healing Potion Injector,ELIXIR_POT,DROP,20,34812,18400,189,0
33092,Healing Potion Injector,ELIXIR_POT,DROP,20,33419,18400,181,0
33092,Healing Potion Injector,ELIXIR_POT,DROP,5,32082,18400,174,0
33092,Healing Potion Injector,ELIXIR_POT,DROP,20,34812,18400,189,0
33092,Healing Potion Injector,ELIXIR_POT,DROP,20,33419,18400,181,0
33092,Healing Potion Injector,ELIXIR_POT,DROP,5,32082,18400,174,0
33092,Healing Potion Injector,ELIXIR_POT,DROP,20,34812,18400,189,0
33092,Healing Potion Injector,ELIXIR_POT,DROP,5,33419,18400,181,0
33092,Healing Potion Injector,ELIXIR_POT,DROP,5,32082,18400,174,0
33092,Healing Potion Injector,ELIXIR_POT,DROP,20,34812,18400,189,0
33092,Healing Potion Injector,ELIXIR_POT,DROP,5,33419,18400,181,0
33092,Healing Potion Injector,ELIXIR_POT,DROP,5,32082,18400,174,0
33092,Healing Potion Injector,ELIXIR_POT,DROP,5,34812,18400,189,0
33092,Healing Potion Injector,ELIXIR_POT,DROP,5,33419,18400,181,0
33092,Healing Potion Injector,ELIXIR_POT,DROP,20,32082,18400,174,0
33092,Healing Potion Injector,ELIXIR_POT,DROP,20,34812,18400,189,0
33092,Healing Potion Injector,ELIXIR_POT,DROP,20,33419,18400,181,0
33092,Healing Potion Injector,ELIXIR_POT,DROP,5,32082,18400,174,0
33092,Healing Potion Injector,ELIXIR_POT,DROP,20,34812,18400,189,0
33092,Healing Potion Injector,ELIXIR_POT,DROP,5,33419,18400,181,0
33092,Healing Potion Injector,ELIXIR_POT,DROP,5,32082,18400,174,0
33092,Healing Potion Injector,ELIXIR_POT,DROP,20,34812,18400,189,0
33092,Healing Potion Injector,ELIXIR_POT,DROP,5,33419,18400,181,0
4241,Green Woolen Bag,BAG,DROP,1,4829,1832,263,0
4241,Green Woolen Bag,BAG,DROP,1,4635,1832,253,0
41610,Deathchill Cloak,GEAR,UNSOURCED,1,2042040,1275000,160,0
41610,Deathchill Cloak,GEAR,UNSOURCED,1,2001199,1275000,156,0
41610,Deathchill Cloak,GEAR,UNSOURCED,1,1961175,1275000,153,0
5763,Red Woolen Bag,BAG,VENDOR,1,2204,1782,123,0
5763,Red Woolen Bag,BAG,VENDOR,1,2115,1782,118,0
40160,Stalwart Ametrine,GEM_CUT,VENDOR,1,317500,250000,127,0
40160,Stalwart Ametrine,GEM_CUT,VENDOR,1,314325,250000,125,0
44939,Lesser Flask of Resistance,FLASK,TRAINER,5,24000,24000,100,0
44939,Lesser Flask of Resistance,FLASK,TRAINER,4,24000,24000,100,0
17771,Elementium Bar,MISC,DROP,1,7399135,2472560,299,0
13423,Stonescale Oil,INTERMEDIATE,TRAINER,4,126,102,123,0
13423,Stonescale Oil,INTERMEDIATE,TRAINER,5,124,102,121,0
48933,Wormhole Generator: Northrend,GEAR,UNSOURCED,1,279840,352000,79,1
48933,Wormhole Generator: Northrend,GEAR,UNSOURCED,1,277041,352000,78,1
48933,Wormhole Generator: Northrend,GEAR,UNSOURCED,1,279840,352000,79,1
48933,Wormhole Generator: Northrend,GEAR,UNSOURCED,1,277041,352000,78,1
48933,Wormhole Generator: Northrend,GEAR,UNSOURCED,1,279840,352000,79,1
48933,Wormhole Generator: Northrend,GEAR,UNSOURCED,1,277041,352000,78,1
23775,Titanium Toolbox,BAG,VENDOR,1,566630,448000,126,0
43971,Frostsavage Cowl,GEAR,TRAINER,1,754454,672000,112,0
33093,Mana Potion Injector,ELIXIR_POT,DROP,5,26640,14400,185,0
33093,Mana Potion Injector,ELIXIR_POT,DROP,5,26373,14400,183,0
33093,Mana Potion Injector,ELIXIR_POT,DROP,5,26640,14400,185,0
33093,Mana Potion Injector,ELIXIR_POT,DROP,20,26373,14400,183,0
33093,Mana Potion Injector,ELIXIR_POT,DROP,5,26640,14400,185,0
33093,Mana Potion Injector,ELIXIR_POT,DROP,20,26373,14400,183,0
33093,Mana Potion Injector,ELIXIR_POT,DROP,20,26640,14400,185,0
33093,Mana Potion Injector,ELIXIR_POT,DROP,5,26373,14400,183,0
33093,Mana Potion Injector,ELIXIR_POT,DROP,20,26640,14400,185,0
33093,Mana Potion Injector,ELIXIR_POT,DROP,20,26373,14400,183,0
33093,Mana Potion Injector,ELIXIR_POT,DROP,5,26640,14400,185,0
33093,Mana Potion Injector,ELIXIR_POT,DROP,20,26373,14400,183,0
33093,Mana Potion Injector,ELIXIR_POT,DROP,5,26640,14400,185,0
33093,Mana Potion Injector,ELIXIR_POT,DROP,20,26373,14400,183,0
33093,Mana Potion Injector,ELIXIR_POT,DROP,5,26640,14400,185,0
33093,Mana Potion Injector,ELIXIR_POT,DROP,20,26373,14400,183,0
33093,Mana Potion Injector,ELIXIR_POT,DROP,20,26640,14400,185,0
33093,Mana Potion Injector,ELIXIR_POT,DROP,20,26373,14400,183,0
33093,Mana Potion Injector,ELIXIR_POT,DROP,20,26640,14400,185,0
44446,Pack of Endless Pockets,BAG,TRAINER,1,451008,432000,104,0
44446,Pack of Endless Pockets,BAG,TRAINER,1,441987,432000,102,0
41593,Ebonweave,INTERMEDIATE,TRAINER,8,242248,195000,124,0
41593,Ebonweave,INTERMEDIATE,TRAINER,6,234980,195000,120,0
5480,Lean Venison,FOOD,VENDOR,5,107,105,101,0
5480,Lean Venison,FOOD,VENDOR,5,105,105,100,0
5480,Lean Venison,FOOD,VENDOR,8,105,105,100,0
41595,Spellweave,INTERMEDIATE,TRAINER,7,195000,195000,100,0
41595,Spellweave,INTERMEDIATE,TRAINER,1,195000,195000,100,0
43122,Shimmering Ink,INTERMEDIATE,TRAINER,11,307,300,102,0
43122,Shimmering Ink,INTERMEDIATE,TRAINER,2,300,300,100,0
32197,Bright Crimson Spinel,GEM_CUT,VENDOR,1,374500,250000,149,0
32197,Bright Crimson Spinel,GEM_CUT,VENDOR,1,355775,250000,142,0
32197,Bright Crimson Spinel,GEM_CUT,VENDOR,1,374500,250000,149,0
38590,Black Chitinguard Boots,GEAR,TRAINER,1,147108,179400,82,1
38590,Black Chitinguard Boots,GEAR,TRAINER,1,139752,179400,77,1
38590,Black Chitinguard Boots,GEAR,TRAINER,1,132764,179400,74,1
38590,Black Chitinguard Boots,GEAR,TRAINER,1,147108,179400,82,1
38590,Black Chitinguard Boots,GEAR,TRAINER,1,139752,179400,77,1
38590,Black Chitinguard Boots,GEAR,TRAINER,1,132764,179400,74,1
38590,Black Chitinguard Boots,GEAR,TRAINER,1,147108,179400,82,1
2459,Swiftness Potion,ELIXIR_POT,DROP,5,629,245,256,0
2459,Swiftness Potion,ELIXIR_POT,DROP,7,616,245,251,0
40214,Mighty Fire Protection Potion,ELIXIR_POT,DROP,9,26844,10800,248,0
4231,Cured Light Hide,INTERMEDIATE,TRAINER,10,417,347,120,0
4231,Cured Light Hide,INTERMEDIATE,TRAINER,3,412,347,118,0
4238,Linen Bag,BAG,TRAINER,1,413,366,112,0
4238,Linen Bag,BAG,TRAINER,1,408,366,111,0
4238,Linen Bag,BAG,TRAINER,1,395,366,107,0
23786,Khorium Power Core,INTERMEDIATE,TRAINER,2,157320,152000,103,0
23786,Khorium Power Core,INTERMEDIATE,TRAINER,5,152000,152000,100,0
40865,Noise Machine,GEAR,TRAINER,1,174320,249600,69,1
40865,Noise Machine,GEAR,TRAINER,1,170833,249600,68,1
40865,Noise Machine,GEAR,TRAINER,1,174320,249600,69,1
40865,Noise Machine,GEAR,TRAINER,1,170833,249600,68,1
40865,Noise Machine,GEAR,TRAINER,1,174320,249600,69,1
40865,Noise Machine,GEAR,TRAINER,1,170833,249600,68,1
40865,Noise Machine,GEAR,TRAINER,1,174320,249600,69,1
40865,Noise Machine,GEAR,TRAINER,1,170833,249600,68,1
40865,Noise Machine,GEAR,TRAINER,1,174320,249600,69,1
40865,Noise Machine,GEAR,TRAINER,1,170833,249600,68,1
40865,Noise Machine,GEAR,TRAINER,1,174320,249600,69,1
40865,Noise Machine,GEAR,TRAINER,1,170833,249600,68,1
40865,Noise Machine,GEAR,TRAINER,1,174320,249600,69,1
4623,Lesser Stoneshield Potion,ELIXIR_POT,UNSOURCED,5,4558,2512,181,0
4623,Lesser Stoneshield Potion,ELIXIR_POT,UNSOURCED,4,4375,2512,174,0
21876,Primal Mooncloth Bag,BAG,VENDOR,1,734832,504000,145,0
44328,Elixir of Mighty Defense,ELIXIR_POT,UNSOURCED,5,38578,24400,158,0
44328,Elixir of Mighty Defense,ELIXIR_POT,UNSOURCED,5,37806,24400,154,0
25844,Adamantite Rod,INTERMEDIATE,VENDOR,1,253368,180000,140,0
25844,Adamantite Rod,INTERMEDIATE,VENDOR,1,250834,180000,139,0
25844,Adamantite Rod,INTERMEDIATE,VENDOR,1,253368,180000,140,0
25844,Adamantite Rod,INTERMEDIATE,VENDOR,1,250834,180000,139,0
25844,Adamantite Rod,INTERMEDIATE,VENDOR,1,253368,180000,140,0
25844,Adamantite Rod,INTERMEDIATE,VENDOR,1,250834,180000,139,0
25844,Adamantite Rod,INTERMEDIATE,VENDOR,1,253368,180000,140,0
25844,Adamantite Rod,INTERMEDIATE,VENDOR,1,250834,180000,139,0
25844,Adamantite Rod,INTERMEDIATE,VENDOR,1,253368,180000,140,0
25844,Adamantite Rod,INTERMEDIATE,VENDOR,1,250834,180000,139,0
25844,Adamantite Rod,INTERMEDIATE,VENDOR,1,253368,180000,140,0
25844,Adamantite Rod,INTERMEDIATE,VENDOR,1,250834,180000,139,0
25844,Adamantite Rod,INTERMEDIATE,VENDOR,1,253368,180000,140,0
25844,Adamantite Rod,INTERMEDIATE,VENDOR,1,250834,180000,139,0
38322,Iron-bound Tome,GEAR,TRAINER,1,346174,302600,114,0
38322,Iron-bound Tome,GEAR,TRAINER,1,332327,302600,109,0
38322,Iron-bound Tome,GEAR,TRAINER,1,346174,302600,114,0
4304,Thick Leather,INTERMEDIATE,TRAINER,2,4003,3636,110,0
4304,Thick Leather,INTERMEDIATE,TRAINER,10,3962,3636,108,0
35128,Hardened Khorium,INTERMEDIATE,DROP,7,306913,120001,255,0
35128,Hardened Khorium,INTERMEDIATE,DROP,8,303843,120001,253,0
13423,Stonescale Oil,INTERMEDIATE,TRAINER,2,103,102,100,0
13423,Stonescale Oil,INTERMEDIATE,TRAINER,5,102,102,100,0
21842,Bolt of Imbued Netherweave,INTERMEDIATE,VENDOR,7,123612,82026,150,0
21842,Bolt of Imbued Netherweave,INTERMEDIATE,VENDOR,3,119903,82026,146,0
43853,Titanium Skeleton Key,MISC,TRAINER,20,5077,7000,72,1
43853,Titanium Skeleton Key,MISC,TRAINER,20,4873,7000,69,1
43853,Titanium Skeleton Key,MISC,TRAINER,20,4824,7000,68,1
43853,Titanium Skeleton Key,MISC,TRAINER,20,5077,7000,72,1
43853,Titanium Skeleton Key,MISC,TRAINER,20,4873,7000,69,1
43853,Titanium Skeleton Key,MISC,TRAINER,20,4824,7000,68,1
43853,Titanium Skeleton Key,MISC,TRAINER,20,5077,7000,72,1
43853,Titanium Skeleton Key,MISC,TRAINER,20,4873,7000,69,1
43853,Titanium Skeleton Key,MISC,TRAINER,20,4824,7000,68,1
43853,Titanium Skeleton Key,MISC,TRAINER,20,5077,7000,72,1
43853,Titanium Skeleton Key,MISC,TRAINER,20,4873,7000,69,1
43853,Titanium Skeleton Key,MISC,TRAINER,20,4824,7000,68,1
33093,Mana Potion Injector,ELIXIR_POT,DROP,20,22989,14400,159,0
33093,Mana Potion Injector,ELIXIR_POT,DROP,20,22529,14400,156,0
33093,Mana Potion Injector,ELIXIR_POT,DROP,20,21627,14400,150,0
33093,Mana Potion Injector,ELIXIR_POT,DROP,5,20978,14400,145,0
33093,Mana Potion Injector,ELIXIR_POT,DROP,20,22989,14400,159,0
33093,Mana Potion Injector,ELIXIR_POT,DROP,5,22529,14400,156,0
33093,Mana Potion Injector,ELIXIR_POT,DROP,5,21627,14400,150,0
33093,Mana Potion Injector,ELIXIR_POT,DROP,5,20978,14400,145,0
33093,Mana Potion Injector,ELIXIR_POT,DROP,5,22989,14400,159,0
33093,Mana Potion Injector,ELIXIR_POT,DROP,20,22529,14400,156,0
33093,Mana Potion Injector,ELIXIR_POT,DROP,5,21627,14400,150,0
33093,Mana Potion Injector,ELIXIR_POT,DROP,20,20978,14400,145,0
33093,Mana Potion Injector,ELIXIR_POT,DROP,5,22989,14400,159,0
33093,Mana Potion Injector,ELIXIR_POT,DROP,5,22529,14400,156,0
33093,Mana Potion Injector,ELIXIR_POT,DROP,20,21627,14400,150,0
33093,Mana Potion Injector,ELIXIR_POT,DROP,20,20978,14400,145,0
33093,Mana Potion Injector,ELIXIR_POT,DROP,20,22989,14400,159,0
33093,Mana Potion Injector,ELIXIR_POT,DROP,20,22529,14400,156,0
33093,Mana Potion Injector,ELIXIR_POT,DROP,5,21627,14400,150,0
33093,Mana Potion Injector,ELIXIR_POT,DROP,5,20978,14400,145,0
33093,Mana Potion Injector,ELIXIR_POT,DROP,5,22989,14400,159,0
33093,Mana Potion Injector,ELIXIR_POT,DROP,20,22529,14400,156,0
33093,Mana Potion Injector,ELIXIR_POT,DROP,5,21627,14400,150,0
33093,Mana Potion Injector,ELIXIR_POT,DROP,20,20978,14400,145,0
33093,Mana Potion Injector,ELIXIR_POT,DROP,20,22989,14400,159,0
33093,Mana Potion Injector,ELIXIR_POT,DROP,5,22529,14400,156,0
33093,Mana Potion Injector,ELIXIR_POT,DROP,20,21627,14400,150,0
33093,Mana Potion Injector,ELIXIR_POT,DROP,5,20978,14400,145,0
33093,Mana Potion Injector,ELIXIR_POT,DROP,5,22989,14400,159,0
33093,Mana Potion Injector,ELIXIR_POT,DROP,20,22529,14400,156,0
33093,Mana Potion Injector,ELIXIR_POT,DROP,20,21627,14400,150,0
33093,Mana Potion Injector,ELIXIR_POT,DROP,5,20978,14400,145,0
24272,Shadowcloth,INTERMEDIATE,VENDOR,7,73383,64001,114,0
24272,Shadowcloth,INTERMEDIATE,VENDOR,1,71915,64001,112,0
22574,Mote of Fire,INTERMEDIATE,TRAINER,10,3338,3200,104,0
22574,Mote of Fire,INTERMEDIATE,TRAINER,10,3237,3200,101,0
22574,Mote of Fire,INTERMEDIATE,TRAINER,10,3200,3200,100,0
22574,Mote of Fire,INTERMEDIATE,TRAINER,10,3200,3200,100,0
22574,Mote of Fire,INTERMEDIATE,TRAINER,10,3338,3200,104,0
22574,Mote of Fire,INTERMEDIATE,TRAINER,10,3237,3200,101,0
22574,Mote of Fire,INTERMEDIATE,TRAINER,10,3200,3200,100,0
22574,Mote of Fire,INTERMEDIATE,TRAINER,10,3200,3200,100,0
22574,Mote of Fire,INTERMEDIATE,TRAINER,10,3338,3200,104,0
22574,Mote of Fire,INTERMEDIATE,TRAINER,10,3237,3200,101,0
22574,Mote of Fire,INTERMEDIATE,TRAINER,10,3200,3200,100,0
22574,Mote of Fire,INTERMEDIATE,TRAINER,1,3200,3200,100,0
22574,Mote of Fire,INTERMEDIATE,TRAINER,9,3338,3200,104,0
22248,Enchanted Runecloth Bag,BAG,VENDOR,1,683008,551525,123,0
22248,Enchanted Runecloth Bag,BAG,VENDOR,1,662517,551525,120,0
44939,Lesser Flask of Resistance,FLASK,TRAINER,5,31843,24000,132,0
44939,Lesser Flask of Resistance,FLASK,TRAINER,7,30887,24000,128,0
41597,Abyssal Bag,BAG,VENDOR,1,914400,750000,121,0
4241,Green Woolen Bag,BAG,DROP,1,3334,1832,181,0
4241,Green Woolen Bag,BAG,DROP,1,3233,1832,176,0
7966,Solid Grinding Stone,INTERMEDIATE,TRAINER,1,2352,2352,100,0
7966,Solid Grinding Stone,INTERMEDIATE,TRAINER,9,2352,2352,100,0
41984,Hat of Wintry Doom,GEAR,TRAINER,1,1593561,1272000,125,0
41984,Hat of Wintry Doom,GEAR,TRAINER,1,1529818,1272000,120,0
41984,Hat of Wintry Doom,GEAR,TRAINER,1,1483923,1272000,116,0
21841,Netherweave Bag,BAG,TRAINER,1,117412,101000,116,0
41509,Frostweave Net,MISC,TRAINER,20,8037,9000,89,1
41509,Frostweave Net,MISC,TRAINER,20,7715,9000,85,1
41509,Frostweave Net,MISC,TRAINER,20,8037,9000,89,1
43258,Purehorn Spaulders,GEAR,TRAINER,1,170497,198000,86,1
43258,Purehorn Spaulders,GEAR,TRAINER,1,163677,198000,82,1
43258,Purehorn Spaulders,GEAR,TRAINER,1,162040,198000,81,1
43258,Purehorn Spaulders,GEAR,TRAINER,1,170497,198000,86,1
43258,Purehorn Spaulders,GEAR,TRAINER,1,163677,198000,82,1
43258,Purehorn Spaulders,GEAR,TRAINER,1,162040,198000,81,1
43258,Purehorn Spaulders,GEAR,TRAINER,1,170497,198000,86,1
43258,Purehorn Spaulders,GEAR,TRAINER,1,163677,198000,82,1
43258,Purehorn Spaulders,GEAR,TRAINER,1,162040,198000,81,1
43258,Purehorn Spaulders,GEAR,TRAINER,1,170497,198000,86,1
43258,Purehorn Spaulders,GEAR,TRAINER,1,163677,198000,82,1
43258,Purehorn Spaulders,GEAR,TRAINER,1,162040,198000,81,1
43258,Purehorn Spaulders,GEAR,TRAINER,1,170497,198000,86,1
43258,Purehorn Spaulders,GEAR,TRAINER,1,163677,198000,82,1
5763,Red Woolen Bag,BAG,VENDOR,1,2240,1782,125,0
5763,Red Woolen Bag,BAG,VENDOR,1,2150,1782,120,0
5763,Red Woolen Bag,BAG,VENDOR,1,2064,1782,115,0
41602,Brilliant Spellthread,MISC,VENDOR,1,722069,586000,123,0
38399,Trapper's Traveling Pack,BAG,VENDOR,1,533520,432000,123,0
38399,Trapper's Traveling Pack,BAG,VENDOR,1,506844,432000,117,0
38322,Iron-bound Tome,GEAR,TRAINER,1,358096,302600,118,0
40101,Tense Forest Emerald,GEM_CUT,VENDOR,1,216300,150000,144,0
14048,Bolt of Runecloth,INTERMEDIATE,TRAINER,1,12922,11760,109,0
14048,Bolt of Runecloth,INTERMEDIATE,TRAINER,8,12663,11760,107,0
23445,Fel Iron Bar,INTERMEDIATE,TRAINER,2,15022,12000,125,0
23445,Fel Iron Bar,INTERMEDIATE,TRAINER,9,14871,12000,123,0
38322,Iron-bound Tome,GEAR,TRAINER,1,318002,302600,105,0
12359,Thorium Bar,INTERMEDIATE,TRAINER,4,1545,1545,100,0
12359,Thorium Bar,INTERMEDIATE,TRAINER,11,1545,1545,100,0
20817,Bronze Setting,INTERMEDIATE,TRAINER,3,143,124,115,0
20817,Bronze Setting,INTERMEDIATE,TRAINER,8,140,124,112,0
32409,Relentless Earthstorm Diamond,GEM_CUT,UNSOURCED,1,942552,360000,261,0
32409,Relentless Earthstorm Diamond,GEM_CUT,UNSOURCED,1,923700,360000,256,0
24268,Netherweave Net,MISC,TRAINER,2,8395,7200,116,0
38590,Black Chitinguard Boots,GEAR,TRAINER,1,134083,179400,74,1
38590,Black Chitinguard Boots,GEAR,TRAINER,1,128719,179400,71,1
38590,Black Chitinguard Boots,GEAR,TRAINER,1,134083,179400,74,1
38590,Black Chitinguard Boots,GEAR,TRAINER,1,128719,179400,71,1
38590,Black Chitinguard Boots,GEAR,TRAINER,1,134083,179400,74,1
38590,Black Chitinguard Boots,GEAR,TRAINER,1,128719,179400,71,1
38590,Black Chitinguard Boots,GEAR,TRAINER,1,134083,179400,74,1
38590,Black Chitinguard Boots,GEAR,TRAINER,1,128719,179400,71,1
38590,Black Chitinguard Boots,GEAR,TRAINER,1,134083,179400,74,1
38590,Black Chitinguard Boots,GEAR,TRAINER,1,128719,179400,71,1
38590,Black Chitinguard Boots,GEAR,TRAINER,1,134083,179400,74,1
38590,Black Chitinguard Boots,GEAR,TRAINER,1,128719,179400,71,1
45773,Emerald Bag,BAG,VENDOR,1,969408,720000,134,0
45773,Emerald Bag,BAG,VENDOR,1,920937,720000,127,0
13513,Flask of Chromatic Resistance,FLASK,DROP,20,66601,20250,328,0
13513,Flask of Chromatic Resistance,FLASK,DROP,16,63270,20250,312,0
14046,Runecloth Bag,BAG,VENDOR,1,71448,61005,117,0
14046,Runecloth Bag,BAG,VENDOR,1,67875,61005,111,0
10051,Red Mageweave Bag,BAG,TRAINER,1,23798,20092,118,0
10051,Red Mageweave Bag,BAG,TRAINER,1,23084,20092,114,0
10051,Red Mageweave Bag,BAG,TRAINER,1,22622,20092,112,0
38225,Mycah's Botanical Bag,BAG,VENDOR,1,415888,272000,152,0
14156,Bottomless Bag,BAG,DROP,1,929289,483980,192,0
14156,Bottomless Bag,BAG,DROP,1,882824,483980,182,0
14156,Bottomless Bag,BAG,DROP,1,856339,483980,176,0
40044,Glinting Monarch Topaz,GEM_CUT,VENDOR,1,170100,150000,113,0
40044,Glinting Monarch Topaz,GEM_CUT,VENDOR,1,168399,150000,112,0
40044,Glinting Monarch Topaz,GEM_CUT,VENDOR,1,165031,150000,110,0
21340,Soul Pouch,BAG,VENDOR,1,94107,80078,117,0
44836,Pumpkin Pie,FOOD,DROP,5,18,8,225,0
41167,Heartseeker Scope,MISC,TRAINER,5,475020,600000,79,1
41167,Heartseeker Scope,MISC,TRAINER,5,451269,600000,75,1
41167,Heartseeker Scope,MISC,TRAINER,4,475020,600000,79,1
6338,Silver Rod,INTERMEDIATE,TRAINER,1,426,335,127,0
6338,Silver Rod,INTERMEDIATE,TRAINER,1,408,335,121,0
6338,Silver Rod,INTERMEDIATE,TRAINER,1,399,335,119,0
6338,Silver Rod,INTERMEDIATE,TRAINER,1,426,335,127,0
6338,Silver Rod,INTERMEDIATE,TRAINER,1,408,335,121,0
6338,Silver Rod,INTERMEDIATE,TRAINER,1,399,335,119,0
46378,Flask of Pure Mojo,FLASK,TRAINER,5,56870,53450,106,0
46378,Flask of Pure Mojo,FLASK,TRAINER,5,55732,53450,104,0
46378,Flask of Pure Mojo,FLASK,TRAINER,5,56870,53450,106,0
46378,Flask of Pure Mojo,FLASK,TRAINER,5,55732,53450,104,0
46378,Flask of Pure Mojo,FLASK,TRAINER,5,56870,53450,106,0
46378,Flask of Pure Mojo,FLASK,TRAINER,5,55732,53450,104,0
46378,Flask of Pure Mojo,FLASK,TRAINER,2,56870,53450,106,0
23110,Shifting Shadow Draenite,GEM_CUT,VENDOR,1,22184,20000,110,0
23110,Shifting Shadow Draenite,GEM_CUT,VENDOR,1,21074,20000,105,0
41510,Bolt of Frostweave,INTERMEDIATE,TRAINER,5,47643,37500,127,0
41510,Bolt of Frostweave,INTERMEDIATE,TRAINER,2,45260,37500,120,0
5762,Red Linen Bag,BAG,VENDOR,1,675,598,112,0
5762,Red Linen Bag,BAG,VENDOR,1,641,598,107,0
5762,Red Linen Bag,BAG,VENDOR,1,675,598,112,0
41165,Saronite Razorheads,AMMO,TRAINER,1000,41,60,68,1
41165,Saronite Razorheads,AMMO,TRAINER,1000,39,60,65,1
41165,Saronite Razorheads,AMMO,TRAINER,1000,37,60,61,1
41165,Saronite Razorheads,AMMO,TRAINER,1000,36,60,60,1
41165,Saronite Razorheads,AMMO,TRAINER,1000,41,60,68,1
41165,Saronite Razorheads,AMMO,TRAINER,1000,39,60,65,1
41165,Saronite Razorheads,AMMO,TRAINER,1000,37,60,61,1
41165,Saronite Razorheads,AMMO,TRAINER,1000,36,60,60,1
41165,Saronite Razorheads,AMMO,TRAINER,1000,41,60,68,1
43116,Lion's Ink,INTERMEDIATE,TRAINER,6,371,300,123,0
43116,Lion's Ink,INTERMEDIATE,TRAINER,1,363,300,121,0
21752,Thorium Setting,INTERMEDIATE,TRAINER,5,1937,1545,125,0
21752,Thorium Setting,INTERMEDIATE,TRAINER,9,1917,1545,124,0
32062,Elixir of Major Fortitude,ELIXIR_POT,TRAINER,5,13045,12800,101,0
32062,Elixir of Major Fortitude,ELIXIR_POT,TRAINER,4,12800,12800,100,0
21876,Primal Mooncloth Bag,BAG,VENDOR,1,512568,504000,101,0
23446,Adamantite Bar,INTERMEDIATE,TRAINER,6,20991,18000,116,0
23446,Adamantite Bar,INTERMEDIATE,TRAINER,3,20361,18000,113,0
18045,Tender Wolf Steak,FOOD,VENDOR,5,1409,1042,135,0
18045,Tender Wolf Steak,FOOD,VENDOR,1,1394,1042,133,0
44839,Candied Sweet Potato,FOOD,DROP,19,39,18,216,0
21842,Bolt of Imbued Netherweave,INTERMEDIATE,VENDOR,7,109914,82026,133,0
21842,Bolt of Imbued Netherweave,INTERMEDIATE,VENDOR,7,106616,82026,129,0
22449,Large Prismatic Shard,INTERMEDIATE,VENDOR,20,169344,240000,70,1
22449,Large Prismatic Shard,INTERMEDIATE,VENDOR,2,162570,240000,67,1
22449,Large Prismatic Shard,INTERMEDIATE,VENDOR,4,156067,240000,65,1
22249,Big Bag of Enchantment,BAG,DROP,1,1158630,568430,203,0
22249,Big Bag of Enchantment,BAG,DROP,1,1112284,568430,195,0
48933,Wormhole Generator: Northrend,GEAR,UNSOURCED,1,230630,352000,65,1
48933,Wormhole Generator: Northrend,GEAR,UNSOURCED,1,219098,352000,62,1
48933,Wormhole Generator: Northrend,GEAR,UNSOURCED,1,230630,352000,65,1
48933,Wormhole Generator: Northrend,GEAR,UNSOURCED,1,219098,352000,62,1
48933,Wormhole Generator: Northrend,GEAR,UNSOURCED,1,230630,352000,65,1
48933,Wormhole Generator: Northrend,GEAR,UNSOURCED,1,219098,352000,62,1
4240,Woolen Bag,BAG,TRAINER,1,1341,1324,101,0
4240,Woolen Bag,BAG,TRAINER,1,1324,1324,100,0
4240,Woolen Bag,BAG,TRAINER,1,1324,1324,100,0
38374,Icescale Leg Armor,MISC,TRAINER,10,452986,610000,74,1
2997,Bolt of Woolen Cloth,INTERMEDIATE,TRAINER,4,479,408,117,0
2997,Bolt of Woolen Cloth,INTERMEDIATE,TRAINER,1,459,408,112,0
5762,Red Linen Bag,BAG,VENDOR,1,635,598,106,0
5762,Red Linen Bag,BAG,VENDOR,1,622,598,104,0
5762,Red Linen Bag,BAG,VENDOR,1,609,598,101,0
12215,Heavy Kodo Stew,FOOD,VENDOR,20,785,763,102,0
12215,Heavy Kodo Stew,FOOD,VENDOR,2,763,763,100,0
31079,Mercurial Adamantite,INTERMEDIATE,TRAINER,4,89577,86000,104,0
31079,Mercurial Adamantite,INTERMEDIATE,TRAINER,9,88681,86000,103,0
23775,Titanium Toolbox,BAG,VENDOR,1,579532,448000,129,0
23775,Titanium Toolbox,BAG,VENDOR,1,556350,448000,124,0
4359,Handful of Copper Bolts,INTERMEDIATE,TRAINER,2,23,20,115,0
4359,Handful of Copper Bolts,INTERMEDIATE,TRAINER,9,22,20,110,0
42508,Titansteel Shield Wall,GEAR,TRAINER,1,840180,670000,125,0
7966,Solid Grinding Stone,INTERMEDIATE,TRAINER,1,2886,2352,122,0
7966,Solid Grinding Stone,INTERMEDIATE,TRAINER,13,2828,2352,120,0
25845,Eternium Rod,INTERMEDIATE,VENDOR,1,99840,80000,124,0
25845,Eternium Rod,INTERMEDIATE,VENDOR,1,96844,80000,121,0
25845,Eternium Rod,INTERMEDIATE,VENDOR,1,94907,80000,118,0
25845,Eternium Rod,INTERMEDIATE,VENDOR,1,99840,80000,124,0
25845,Eternium Rod,INTERMEDIATE,VENDOR,1,96844,80000,121,0
25845,Eternium Rod,INTERMEDIATE,VENDOR,1,94907,80000,118,0
25845,Eternium Rod,INTERMEDIATE,VENDOR,1,99840,80000,124,0
25845,Eternium Rod,INTERMEDIATE,VENDOR,1,96844,80000,121,0
40043,Deadly Monarch Topaz,GEM_CUT,DROP,1,477420,150000,318,0
40135,Mysterious Dreadstone,GEM_CUT,VENDOR,1,302275,250000,120,0
40135,Mysterious Dreadstone,GEM_CUT,VENDOR,1,296229,250000,118,0
40135,Mysterious Dreadstone,GEM_CUT,VENDOR,1,287342,250000,114,0
16206,Arcanite Rod,INTERMEDIATE,TRAINER,1,164363,123600,132,0
16206,Arcanite Rod,INTERMEDIATE,TRAINER,1,161075,123600,130,0
16206,Arcanite Rod,INTERMEDIATE,TRAINER,1,164363,123600,132,0
16206,Arcanite Rod,INTERMEDIATE,TRAINER,1,161075,123600,130,0
16206,Arcanite Rod,INTERMEDIATE,TRAINER,1,164363,123600,132,0
16206,Arcanite Rod,INTERMEDIATE,TRAINER,1,161075,123600,130,0
16206,Arcanite Rod,INTERMEDIATE,TRAINER,1,164363,123600,132,0
16206,Arcanite Rod,INTERMEDIATE,TRAINER,1,161075,123600,130,0
16206,Arcanite Rod,INTERMEDIATE,TRAINER,1,164363,123600,132,0
23774,Fel Iron Toolbox,BAG,VENDOR,1,132392,104000,127,0
44958,Ethereal Oil,INTERMEDIATE,TRAINER,4,76,96,79,1
44958,Ethereal Oil,INTERMEDIATE,TRAINER,1,75,96,78,1
22853,Flask of Mighty Restoration,FLASK,UNSOURCED,20,84564,45000,187,0
22853,Flask of Mighty Restoration,FLASK,UNSOURCED,18,81181,45000,180,0
7071,Iron Buckle,INTERMEDIATE,TRAINER,5,493,450,109,0
7071,Iron Buckle,INTERMEDIATE,TRAINER,5,488,450,108,0
7071,Iron Buckle,INTERMEDIATE,TRAINER,5,463,450,102,0
7071,Iron Buckle,INTERMEDIATE,TRAINER,3,450,450,100,0
7966,Solid Grinding Stone,INTERMEDIATE,TRAINER,6,3032,2352,128,0
7966,Solid Grinding Stone,INTERMEDIATE,TRAINER,1,3001,2352,127,0
34482,Leatherworker's Satchel,BAG,TRAINER,1,291550,245000,119,0
34482,Leatherworker's Satchel,BAG,TRAINER,1,276972,245000,113,0
7964,Solid Sharpening Stone,MISC,TRAINER,3,652,588,110,0
9210,Ghost Dye,INTERMEDIATE,VENDOR,10,7867,6210,126,0
9210,Ghost Dye,INTERMEDIATE,VENDOR,2,7788,6210,125,0
9210,Ghost Dye,INTERMEDIATE,VENDOR,2,7476,6210,120,0
33092,Healing Potion Injector,ELIXIR_POT,DROP,5,35061,18400,190,0
33092,Healing Potion Injector,ELIXIR_POT,DROP,5,34359,18400,186,0
33092,Healing Potion Injector,ELIXIR_POT,DROP,20,35061,18400,190,0
33092,Healing Potion Injector,ELIXIR_POT,DROP,5,34359,18400,186,0
33092,Healing Potion Injector,ELIXIR_POT,DROP,5,35061,18400,190,0
33092,Healing Potion Injector,ELIXIR_POT,DROP,5,34359,18400,186,0
33092,Healing Potion Injector,ELIXIR_POT,DROP,20,35061,18400,190,0
33092,Healing Potion Injector,ELIXIR_POT,DROP,5,34359,18400,186,0
33092,Healing Potion Injector,ELIXIR_POT,DROP,5,35061,18400,190,0
33092,Healing Potion Injector,ELIXIR_POT,DROP,20,34359,18400,186,0
33092,Healing Potion Injector,ELIXIR_POT,DROP,20,35061,18400,190,0
33092,Healing Potion Injector,ELIXIR_POT,DROP,5,34359,18400,186,0
43122,Shimmering Ink,INTERMEDIATE,TRAINER,3,324,300,108,0
43122,Shimmering Ink,INTERMEDIATE,TRAINER,12,320,300,106,0
25843,Fel Iron Rod,INTERMEDIATE,TRAINER,1,75168,72000,104,0
25843,Fel Iron Rod,INTERMEDIATE,TRAINER,1,72912,72000,101,0
25843,Fel Iron Rod,INTERMEDIATE,TRAINER,1,72000,72000,100,0
25843,Fel Iron Rod,INTERMEDIATE,TRAINER,1,75168,72000,104,0
25843,Fel Iron Rod,INTERMEDIATE,TRAINER,1,72912,72000,101,0
25843,Fel Iron Rod,INTERMEDIATE,TRAINER,1,72000,72000,100,0
25843,Fel Iron Rod,INTERMEDIATE,TRAINER,1,75168,72000,104,0
25843,Fel Iron Rod,INTERMEDIATE,TRAINER,1,72912,72000,101,0
25843,Fel Iron Rod,INTERMEDIATE,TRAINER,1,72000,72000,100,0
25843,Fel Iron Rod,INTERMEDIATE,TRAINER,1,75168,72000,104,0
25843,Fel Iron Rod,INTERMEDIATE,TRAINER,1,72912,72000,101,0
35128,Hardened Khorium,INTERMEDIATE,DROP,7,317773,120001,264,0
35128,Hardened Khorium,INTERMEDIATE,DROP,5,311417,120001,259,0
21752,Thorium Setting,INTERMEDIATE,TRAINER,5,1686,1545,109,0
21752,Thorium Setting,INTERMEDIATE,TRAINER,1,1652,1545,106,0
23530,Felsteel Shield Spike,MISC,VENDOR,1,317188,256004,123,0
34482,Leatherworker's Satchel,BAG,TRAINER,1,287875,245000,117,0
34482,Leatherworker's Satchel,BAG,TRAINER,1,284996,245000,116,0
34482,Leatherworker's Satchel,BAG,TRAINER,1,270746,245000,110,0
13510,Flask of the Titans,FLASK,DROP,20,43454,16860,257,0
13510,Flask of the Titans,FLASK,DROP,16,42584,16860,252,0
40012,Brilliant Autumn's Glow,GEM_CUT,TRAINER,1,164700,150000,109,0
40012,Brilliant Autumn's Glow,GEM_CUT,TRAINER,1,156465,150000,104,0
40012,Brilliant Autumn's Glow,GEM_CUT,TRAINER,1,164700,150000,109,0
42420,Shadow Crystal Focusing Lens,MISC,TRAINER,1,20394,20000,101,0
42420,Shadow Crystal Focusing Lens,MISC,TRAINER,1,20000,20000,100,0
42420,Shadow Crystal Focusing Lens,MISC,TRAINER,1,20000,20000,100,0
42420,Shadow Crystal Focusing Lens,MISC,TRAINER,1,20394,20000,101,0
42420,Shadow Crystal Focusing Lens,MISC,TRAINER,1,20000,20000,100,0
22573,Mote of Earth,INTERMEDIATE,TRAINER,10,3520,3200,110,0
22573,Mote of Earth,INTERMEDIATE,TRAINER,10,3344,3200,104,0
22573,Mote of Earth,INTERMEDIATE,TRAINER,10,3200,3200,100,0
22573,Mote of Earth,INTERMEDIATE,TRAINER,10,3520,3200,110,0
22573,Mote of Earth,INTERMEDIATE,TRAINER,10,3344,3200,104,0
22573,Mote of Earth,INTERMEDIATE,TRAINER,10,3200,3200,100,0
22573,Mote of Earth,INTERMEDIATE,TRAINER,4,3520,3200,110,0
22573,Mote of Earth,INTERMEDIATE,TRAINER,6,3344,3200,104,0
23449,Khorium Bar,INTERMEDIATE,TRAINER,9,42780,40000,106,0
23449,Khorium Bar,INTERMEDIATE,TRAINER,6,41496,40000,103,0
15407,Cured Rugged Hide,INTERMEDIATE,TRAINER,2,9516,9060,105,0
15407,Cured Rugged Hide,INTERMEDIATE,TRAINER,3,9060,9060,100,0
25845,Eternium Rod,INTERMEDIATE,VENDOR,1,95040,80000,118,0
25845,Eternium Rod,INTERMEDIATE,VENDOR,1,91238,80000,114,0
25845,Eternium Rod,INTERMEDIATE,VENDOR,1,90325,80000,112,0
25845,Eternium Rod,INTERMEDIATE,VENDOR,1,89421,80000,111,0
25845,Eternium Rod,INTERMEDIATE,VENDOR,1,95040,80000,118,0
25845,Eternium Rod,INTERMEDIATE,VENDOR,1,91238,80000,114,0
40195,Pygmy Oil,INTERMEDIATE,TRAINER,4,289,300,96,1
40195,Pygmy Oil,INTERMEDIATE,TRAINER,2,280,300,93,1
8827,Elixir of Water Walking,ELIXIR_POT,UNSOURCED,13,5420,6180,87,1
17771,Elementium Bar,MISC,DROP,4,6503821,2472560,263,0
3486,Heavy Grinding Stone,INTERMEDIATE,TRAINER,12,1096,1035,105,0
3486,Heavy Grinding Stone,INTERMEDIATE,TRAINER,2,1041,1035,100,0
22866,Flask of Pure Death,FLASK,UNSOURCED,5,144621,55500,260,0
22866,Flask of Pure Death,FLASK,UNSOURCED,5,138836,55500,250,0
22866,Flask of Pure Death,FLASK,UNSOURCED,16,137447,55500,247,0
41603,Azure Spellthread,MISC,TRAINER,1,144144,124800,115,0
22249,Big Bag of Enchantment,BAG,DROP,1,992478,568430,174,0
3486,Heavy Grinding Stone,INTERMEDIATE,TRAINER,3,1142,1035,110,0
3486,Heavy Grinding Stone,INTERMEDIATE,TRAINER,8,1119,1035,108,0
40195,Pygmy Oil,INTERMEDIATE,TRAINER,6,375,300,125,0
40195,Pygmy Oil,INTERMEDIATE,TRAINER,7,356,300,118,0
23775,Titanium Toolbox,BAG,VENDOR,1,536256,448000,119,0
32199,Flashing Crimson Spinel,GEM_CUT,DROP,1,708900,250000,283,0
32199,Flashing Crimson Spinel,GEM_CUT,DROP,1,680544,250000,272,0
22861,Flask of Blinding Light,FLASK,UNSOURCED,5,137966,52000,265,0
22861,Flask of Blinding Light,FLASK,UNSOURCED,5,133827,52000,257,0
22861,Flask of Blinding Light,FLASK,UNSOURCED,5,137966,52000,265,0
22861,Flask of Blinding Light,FLASK,UNSOURCED,5,133827,52000,257,0
22861,Flask of Blinding Light,FLASK,UNSOURCED,14,137966,52000,265,0
23775,Titanium Toolbox,BAG,VENDOR,1,498713,448000,111,0
23775,Titanium Toolbox,BAG,VENDOR,1,478764,448000,106,0
23774,Fel Iron Toolbox,BAG,VENDOR,1,149635,104000,143,0
23111,Sovereign Shadow Draenite,GEM_CUT,TRAINER,1,20600,20000,103,0
23111,Sovereign Shadow Draenite,GEM_CUT,TRAINER,1,20188,20000,100,0
23111,Sovereign Shadow Draenite,GEM_CUT,TRAINER,1,20600,20000,103,0
12404,Dense Sharpening Stone,MISC,TRAINER,1,1866,1440,129,0
41384,Titansteel Guardian,GEAR,TRAINER,1,1610752,1280000,125,0
40088,Vivid Forest Emerald,GEM_CUT,VENDOR,1,202800,150000,135,0
40046,Deft Monarch Topaz,GEM_CUT,DROP,1,244800,150000,163,0
40046,Deft Monarch Topaz,GEM_CUT,DROP,1,232560,150000,155,0
33208,Flask of Chromatic Wonder,FLASK,VENDOR,5,46800,36000,130,0
33208,Flask of Chromatic Wonder,FLASK,VENDOR,20,45396,36000,126,0
33208,Flask of Chromatic Wonder,FLASK,VENDOR,1,44488,36000,123,0
42546,Mana Injector Kit,INTERMEDIATE,TRAINER,20,36384,45600,79,1
42546,Mana Injector Kit,INTERMEDIATE,TRAINER,20,34564,45600,75,1
42546,Mana Injector Kit,INTERMEDIATE,TRAINER,20,33872,45600,74,1
42546,Mana Injector Kit,INTERMEDIATE,TRAINER,20,32178,45600,70,1
42546,Mana Injector Kit,INTERMEDIATE,TRAINER,8,36384,45600,79,1
42546,Mana Injector Kit,INTERMEDIATE,TRAINER,8,34564,45600,75,1
2996,Bolt of Linen Cloth,INTERMEDIATE,UNSOURCED,1,190,112,169,0
2996,Bolt of Linen Cloth,INTERMEDIATE,UNSOURCED,7,186,112,166,0
24052,Thick Dawnstone,GEM_CUT,DROP,1,225792,120000,188,0
24052,Thick Dawnstone,GEM_CUT,DROP,1,216760,120000,180,0
46376,Flask of the Frost Wyrm,FLASK,TRAINER,5,67600,65000,104,0
46376,Flask of the Frost Wyrm,FLASK,TRAINER,17,65000,65000,100,0
22866,Flask of Pure Death,FLASK,UNSOURCED,5,120618,55500,217,0
22866,Flask of Pure Death,FLASK,UNSOURCED,5,119411,55500,215,0
22866,Flask of Pure Death,FLASK,UNSOURCED,5,114634,55500,206,0
22866,Flask of Pure Death,FLASK,UNSOURCED,5,120618,55500,217,0
22866,Flask of Pure Death,FLASK,UNSOURCED,5,119411,55500,215,0
22866,Flask of Pure Death,FLASK,UNSOURCED,9,114634,55500,206,0
38225,Mycah's Botanical Bag,BAG,VENDOR,1,334886,272000,123,0
12644,Dense Grinding Stone,INTERMEDIATE,TRAINER,3,7395,5760,128,0
12644,Dense Grinding Stone,INTERMEDIATE,TRAINER,5,7173,5760,124,0
23793,Heavy Knothide Leather,INTERMEDIATE,TRAINER,5,30300,25000,121,0
23793,Heavy Knothide Leather,INTERMEDIATE,TRAINER,1,29391,25000,117,0
25843,Fel Iron Rod,INTERMEDIATE,TRAINER,1,77846,72000,108,0
25843,Fel Iron Rod,INTERMEDIATE,TRAINER,1,73953,72000,102,0
25843,Fel Iron Rod,INTERMEDIATE,TRAINER,1,72473,72000,100,0
25843,Fel Iron Rod,INTERMEDIATE,TRAINER,1,77846,72000,108,0
25843,Fel Iron Rod,INTERMEDIATE,TRAINER,1,73953,72000,102,0
25843,Fel Iron Rod,INTERMEDIATE,TRAINER,1,72473,72000,100,0
25843,Fel Iron Rod,INTERMEDIATE,TRAINER,1,77846,72000,108,0
25843,Fel Iron Rod,INTERMEDIATE,TRAINER,1,73953,72000,102,0
25843,Fel Iron Rod,INTERMEDIATE,TRAINER,1,72473,72000,100,0
25843,Fel Iron Rod,INTERMEDIATE,TRAINER,1,77846,72000,108,0
25843,Fel Iron Rod,INTERMEDIATE,TRAINER,1,73953,72000,102,0
25843,Fel Iron Rod,INTERMEDIATE,TRAINER,1,72473,72000,100,0
25843,Fel Iron Rod,INTERMEDIATE,TRAINER,1,77846,72000,108,0
5765,Black Silk Pack,BAG,DROP,1,21502,13280,161,0
23785,Hardened Adamantite Tube,INTERMEDIATE,TRAINER,3,3,3,100,0
23785,Hardened Adamantite Tube,INTERMEDIATE,TRAINER,12,3,3,100,0
23573,Hardened Adamantite Bar,INTERMEDIATE,TRAINER,12,209520,180000,116,0
23573,Hardened Adamantite Bar,INTERMEDIATE,TRAINER,2,199044,180000,110,0
21841,Netherweave Bag,BAG,TRAINER,1,110706,101000,109,0
40072,Elixir of Spirit,ELIXIR_POT,TRAINER,5,19239,15000,128,0
40072,Elixir of Spirit,ELIXIR_POT,TRAINER,5,18661,15000,124,0
40072,Elixir of Spirit,ELIXIR_POT,TRAINER,5,18101,15000,120,0
40072,Elixir of Spirit,ELIXIR_POT,TRAINER,4,17376,15000,115,0
23115,Thick Golden Draenite,GEM_CUT,VENDOR,1,28248,20000,141,0
23115,Thick Golden Draenite,GEM_CUT,VENDOR,1,26835,20000,134,0
23115,Thick Golden Draenite,GEM_CUT,VENDOR,1,26298,20000,131,0
44958,Ethereal Oil,INTERMEDIATE,TRAINER,5,118,96,122,0
44958,Ethereal Oil,INTERMEDIATE,TRAINER,1,116,96,120,0
43258,Purehorn Spaulders,GEAR,TRAINER,1,233263,198000,117,0
43258,Purehorn Spaulders,GEAR,TRAINER,1,223932,198000,113,0
43258,Purehorn Spaulders,GEAR,TRAINER,1,219453,198000,110,0
3383,Elixir of Wisdom,ELIXIR_POT,TRAINER,5,487,390,124,0
3383,Elixir of Wisdom,ELIXIR_POT,TRAINER,5,482,390,123,0
45756,Glyph of Penance,MISC,UNSOURCED,2,9404,5300,177,0
42730,Ornate Saronite Walkers,GEAR,TRAINER,1,384000,384000,100,0
42730,Ornate Saronite Walkers,GEAR,TRAINER,1,384000,384000,100,0
42730,Ornate Saronite Walkers,GEAR,TRAINER,1,384000,384000,100,0
46379,Flask of Stoneblood,FLASK,TRAINER,5,62146,56600,109,0
46379,Flask of Stoneblood,FLASK,TRAINER,20,60281,56600,106,0
46379,Flask of Stoneblood,FLASK,TRAINER,5,62146,56600,109,0
46379,Flask of Stoneblood,FLASK,TRAINER,2,60281,56600,106,0
31863,Balanced Nightseye,GEM_CUT,DROP,1,288120,120000,240,0
6037,Truesilver Bar,INTERMEDIATE,TRAINER,5,4683,4120,113,0
38225,Mycah's Botanical Bag,BAG,VENDOR,1,301702,272000,110,0
40767,Sonic Booster,GEAR,TRAINER,1,172200,230400,74,1
40767,Sonic Booster,GEAR,TRAINER,1,168756,230400,73,1
40767,Sonic Booster,GEAR,TRAINER,1,172200,230400,74,1
40767,Sonic Booster,GEAR,TRAINER,1,168756,230400,73,1
40767,Sonic Booster,GEAR,TRAINER,1,172200,230400,74,1
40767,Sonic Booster,GEAR,TRAINER,1,168756,230400,73,1
40767,Sonic Booster,GEAR,TRAINER,1,172200,230400,74,1
40767,Sonic Booster,GEAR,TRAINER,1,168756,230400,73,1
40767,Sonic Booster,GEAR,TRAINER,1,172200,230400,74,1
40767,Sonic Booster,GEAR,TRAINER,1,168756,230400,73,1
40767,Sonic Booster,GEAR,TRAINER,1,172200,230400,74,1
40767,Sonic Booster,GEAR,TRAINER,1,168756,230400,73,1
40767,Sonic Booster,GEAR,TRAINER,1,172200,230400,74,1
40767,Sonic Booster,GEAR,TRAINER,1,168756,230400,73,1
40767,Sonic Booster,GEAR,TRAINER,1,172200,230400,74,1
23775,Titanium Toolbox,BAG,VENDOR,1,475776,448000,106,0
31869,Wicked Flame Spessarite,GEM_CUT,DROP,1,56508,20000,282,0
31869,Wicked Flame Spessarite,GEM_CUT,DROP,1,55942,20000,279,0
31869,Wicked Flame Spessarite,GEM_CUT,DROP,1,56508,20000,282,0
2996,Bolt of Linen Cloth,INTERMEDIATE,UNSOURCED,12,293,112,261,0
41375,Tireless Skyflare Diamond,GEM_CUT,TRAINER,1,399672,360000,111,0
41375,Tireless Skyflare Diamond,GEM_CUT,TRAINER,1,391678,360000,108,0
23774,Fel Iron Toolbox,BAG,VENDOR,1,137113,104000,131,0
22251,Cenarion Herb Bag,BAG,VENDOR,1,93201,79933,116,0
22251,Cenarion Herb Bag,BAG,VENDOR,1,90404,79933,113,0
22251,Cenarion Herb Bag,BAG,VENDOR,1,93201,79933,116,0
46377,Flask of Endless Rage,FLASK,TRAINER,5,73278,57500,127,0
46377,Flask of Endless Rage,FLASK,TRAINER,5,69614,57500,121,0
46377,Flask of Endless Rage,FLASK,TRAINER,5,66133,57500,115,0
46377,Flask of Endless Rage,FLASK,TRAINER,20,63487,57500,110,0
46377,Flask of Endless Rage,FLASK,TRAINER,5,73278,57500,127,0
22573,Mote of Earth,INTERMEDIATE,TRAINER,10,3934,3200,122,0
22573,Mote of Earth,INTERMEDIATE,TRAINER,10,3855,3200,120,0
22573,Mote of Earth,INTERMEDIATE,TRAINER,10,3934,3200,122,0
22573,Mote of Earth,INTERMEDIATE,TRAINER,10,3855,3200,120,0
22573,Mote of Earth,INTERMEDIATE,TRAINER,10,3934,3200,122,0
22573,Mote of Earth,INTERMEDIATE,TRAINER,10,3855,3200,120,0
22573,Mote of Earth,INTERMEDIATE,TRAINER,10,3934,3200,122,0
22573,Mote of Earth,INTERMEDIATE,TRAINER,10,3855,3200,120,0
21842,Bolt of Imbued Netherweave,INTERMEDIATE,VENDOR,3,122488,82026,149,0
21842,Bolt of Imbued Netherweave,INTERMEDIATE,VENDOR,7,117588,82026,143,0
44958,Ethereal Oil,INTERMEDIATE,TRAINER,5,74,96,77,1
44958,Ethereal Oil,INTERMEDIATE,TRAINER,7,71,96,73,1
43258,Purehorn Spaulders,GEAR,TRAINER,1,141787,198000,71,1
43258,Purehorn Spaulders,GEAR,TRAINER,1,138951,198000,70,1
43258,Purehorn Spaulders,GEAR,TRAINER,1,141787,198000,71,1
43258,Purehorn Spaulders,GEAR,TRAINER,1,138951,198000,70,1
43258,Purehorn Spaulders,GEAR,TRAINER,1,141787,198000,71,1
43258,Purehorn Spaulders,GEAR,TRAINER,1,138951,198000,70,1
43258,Purehorn Spaulders,GEAR,TRAINER,1,141787,198000,71,1
43258,Purehorn Spaulders,GEAR,TRAINER,1,138951,198000,70,1
43258,Purehorn Spaulders,GEAR,TRAINER,1,141787,198000,71,1
43258,Purehorn Spaulders,GEAR,TRAINER,1,138951,198000,70,1
43258,Purehorn Spaulders,GEAR,TRAINER,1,141787,198000,71,1
43258,Purehorn Spaulders,GEAR,TRAINER,1,138951,198000,70,1
43258,Purehorn Spaulders,GEAR,TRAINER,1,141787,198000,71,1
43258,Purehorn Spaulders,GEAR,TRAINER,1,138951,198000,70,1
43258,Purehorn Spaulders,GEAR,TRAINER,1,141787,198000,71,1
23775,Titanium Toolbox,BAG,VENDOR,1,505523,448000,112,0
23775,Titanium Toolbox,BAG,VENDOR,1,500467,448000,111,0
4233,Cured Medium Hide,INTERMEDIATE,TRAINER,1,897,807,111,0
4233,Cured Medium Hide,INTERMEDIATE,TRAINER,12,870,807,107,0
24050,Gleaming Dawnstone,GEM_CUT,DROP,1,256896,120000,214,0
24050,Gleaming Dawnstone,GEM_CUT,DROP,1,254327,120000,211,0
40100,Lambent Forest Emerald,GEM_CUT,VENDOR,1,174720,150000,116,0
40100,Lambent Forest Emerald,GEM_CUT,VENDOR,1,169478,150000,112,0
40100,Lambent Forest Emerald,GEM_CUT,VENDOR,1,161004,150000,107,0
41594,Moonshroud,INTERMEDIATE,TRAINER,7,196560,195000,100,0
41601,Shining Spellthread,MISC,TRAINER,2,124800,124800,100,0
43971,Frostsavage Cowl,GEAR,TRAINER,1,753984,672000,112,0
11371,Dark Iron Bar,INTERMEDIATE,UNSOURCED,10,62352,23040,270,0
20817,Bronze Setting,INTERMEDIATE,TRAINER,10,137,124,110,0
20817,Bronze Setting,INTERMEDIATE,TRAINER,4,134,124,108,0
41509,Frostweave Net,MISC,TRAINER,5,11257,9000,125,0
34482,Leatherworker's Satchel,BAG,TRAINER,1,251664,245000,102,0
34482,Leatherworker's Satchel,BAG,TRAINER,1,249147,245000,101,0
40213,Mighty Arcane Protection Potion,ELIXIR_POT,DROP,5,24144,10800,223,0
40213,Mighty Arcane Protection Potion,ELIXIR_POT,DROP,10,23419,10800,216,0
14156,Bottomless Bag,BAG,DROP,1,1181685,483980,244,0
14156,Bottomless Bag,BAG,DROP,1,1169868,483980,241,0
41597,Abyssal Bag,BAG,VENDOR,1,782550,750000,104,0
41597,Abyssal Bag,BAG,VENDOR,1,759073,750000,101,0
41597,Abyssal Bag,BAG,VENDOR,1,750000,750000,100,0
22248,Enchanted Runecloth Bag,BAG,VENDOR,1,736616,551525,133,0
21861,Imbued Netherweave Robe,GEAR,VENDOR,1,55488,65006,85,1
21861,Imbued Netherweave Robe,GEAR,VENDOR,1,54378,65006,83,1
21861,Imbued Netherweave Robe,GEAR,VENDOR,1,52202,65006,80,1
21861,Imbued Netherweave Robe,GEAR,VENDOR,1,50635,65006,77,1
21861,Imbued Netherweave Robe,GEAR,VENDOR,1,55488,65006,85,1
21861,Imbued Netherweave Robe,GEAR,VENDOR,1,54378,65006,83,1
21861,Imbued Netherweave Robe,GEAR,VENDOR,1,52202,65006,80,1
21861,Imbued Netherweave Robe,GEAR,VENDOR,1,50635,65006,77,1
21861,Imbued Netherweave Robe,GEAR,VENDOR,1,55488,65006,85,1
21861,Imbued Netherweave Robe,GEAR,VENDOR,1,54378,65006,83,1
21861,Imbued Netherweave Robe,GEAR,VENDOR,1,52202,65006,80,1
33093,Mana Potion Injector,ELIXIR_POT,DROP,20,41755,14400,289,0
33093,Mana Potion Injector,ELIXIR_POT,DROP,20,41337,14400,287,0
33093,Mana Potion Injector,ELIXIR_POT,DROP,5,41755,14400,289,0
33093,Mana Potion Injector,ELIXIR_POT,DROP,5,41337,14400,287,0
33093,Mana Potion Injector,ELIXIR_POT,DROP,5,41755,14400,289,0
33093,Mana Potion Injector,ELIXIR_POT,DROP,20,41337,14400,287,0
33093,Mana Potion Injector,ELIXIR_POT,DROP,20,41755,14400,289,0
33093,Mana Potion Injector,ELIXIR_POT,DROP,5,41337,14400,287,0
23785,Hardened Adamantite Tube,INTERMEDIATE,TRAINER,2,3,3,100,0
23785,Hardened Adamantite Tube,INTERMEDIATE,TRAINER,10,3,3,100,0
4238,Linen Bag,BAG,TRAINER,1,466,366,127,0
44446,Pack of Endless Pockets,BAG,TRAINER,1,436363,432000,101,0
44446,Pack of Endless Pockets,BAG,TRAINER,1,432000,432000,100,0
41597,Abyssal Bag,BAG,VENDOR,1,1068600,750000,142,0
23447,Eternium Bar,INTERMEDIATE,TRAINER,14,20424,20000,102,0
43853,Titanium Skeleton Key,MISC,TRAINER,20,5796,7000,82,1
43853,Titanium Skeleton Key,MISC,TRAINER,20,5506,7000,78,1
43853,Titanium Skeleton Key,MISC,TRAINER,20,5395,7000,77,1
43853,Titanium Skeleton Key,MISC,TRAINER,20,5341,7000,76,1
43853,Titanium Skeleton Key,MISC,TRAINER,20,5796,7000,82,1
43853,Titanium Skeleton Key,MISC,TRAINER,20,5506,7000,78,1
43853,Titanium Skeleton Key,MISC,TRAINER,20,5395,7000,77,1
43853,Titanium Skeleton Key,MISC,TRAINER,20,5341,7000,76,1
43853,Titanium Skeleton Key,MISC,TRAINER,20,5796,7000,82,1
43853,Titanium Skeleton Key,MISC,TRAINER,20,5506,7000,78,1
43853,Titanium Skeleton Key,MISC,TRAINER,20,5395,7000,77,1
3576,Tin Bar,INTERMEDIATE,TRAINER,5,127,107,118,0
3576,Tin Bar,INTERMEDIATE,TRAINER,1,121,107,113,0
21842,Bolt of Imbued Netherweave,INTERMEDIATE,VENDOR,5,104418,82026,127,0
21842,Bolt of Imbued Netherweave,INTERMEDIATE,VENDOR,1,103373,82026,126,0
2840,Copper Bar,INTERMEDIATE,UNSOURCED,6,40,20,200,0
2840,Copper Bar,INTERMEDIATE,UNSOURCED,3,38,20,190,0
5762,Red Linen Bag,BAG,VENDOR,1,672,598,112,0
5762,Red Linen Bag,BAG,VENDOR,1,645,598,107,0
46378,Flask of Pure Mojo,FLASK,TRAINER,5,53450,53450,100,0
46378,Flask of Pure Mojo,FLASK,TRAINER,17,53450,53450,100,0
41593,Ebonweave,INTERMEDIATE,TRAINER,3,243652,195000,124,0
41593,Ebonweave,INTERMEDIATE,TRAINER,3,241215,195000,123,0
22853,Flask of Mighty Restoration,FLASK,UNSOURCED,5,94284,45000,209,0
22853,Flask of Mighty Restoration,FLASK,UNSOURCED,20,92398,45000,205,0
22853,Flask of Mighty Restoration,FLASK,UNSOURCED,3,91474,45000,203,0
22251,Cenarion Herb Bag,BAG,VENDOR,1,95895,79933,119,0
22251,Cenarion Herb Bag,BAG,VENDOR,1,93018,79933,116,0
22573,Mote of Earth,INTERMEDIATE,TRAINER,10,3697,3200,115,0
22573,Mote of Earth,INTERMEDIATE,TRAINER,10,3586,3200,112,0
22573,Mote of Earth,INTERMEDIATE,TRAINER,10,3550,3200,110,0
22573,Mote of Earth,INTERMEDIATE,TRAINER,10,3408,3200,106,0
22573,Mote of Earth,INTERMEDIATE,TRAINER,10,3697,3200,115,0
22573,Mote of Earth,INTERMEDIATE,TRAINER,9,3586,3200,112,0
22573,Mote of Earth,INTERMEDIATE,TRAINER,1,3550,3200,110,0
21843,Imbued Netherweave Bag,BAG,VENDOR,1,66965,60005,111,0
21843,Imbued Netherweave Bag,BAG,VENDOR,1,63616,60005,106,0
4234,Heavy Leather,INTERMEDIATE,TRAINER,5,1090,1090,100,0
31079,Mercurial Adamantite,INTERMEDIATE,TRAINER,1,86498,86000,100,0
31079,Mercurial Adamantite,INTERMEDIATE,TRAINER,14,86000,86000,100,0
40116,Flashing Cardinal Ruby,GEM_CUT,VENDOR,1,265500,250000,106,0
40116,Flashing Cardinal Ruby,GEM_CUT,VENDOR,1,252225,250000,100,0
40116,Flashing Cardinal Ruby,GEM_CUT,VENDOR,1,250000,250000,100,0
43117,Dawnstar Ink,INTERMEDIATE,TRAINER,8,222,200,111,0
43117,Dawnstar Ink,INTERMEDIATE,TRAINER,3,217,200,108,0
40079,Lesser Flask of Toughness,FLASK,TRAINER,5,21000,21000,100,0
40079,Lesser Flask of Toughness,FLASK,TRAINER,7,21000,21000,100,0
34763,Smoked Salmon,FOOD,TRAINER,19,61,48,127,0
37663,Titansteel Bar,INTERMEDIATE,TRAINER,2,161013,132000,121,0
37663,Titansteel Bar,INTERMEDIATE,TRAINER,8,154572,132000,117,0
5765,Black Silk Pack,BAG,DROP,1,27962,13280,210,0
5765,Black Silk Pack,BAG,DROP,1,27123,13280,204,0
5765,Black Silk Pack,BAG,DROP,1,25766,13280,194,0
4234,Heavy Leather,INTERMEDIATE,TRAINER,4,1353,1090,124,0
4234,Heavy Leather,INTERMEDIATE,TRAINER,11,1312,1090,120,0
22866,Flask of Pure Death,FLASK,UNSOURCED,5,79487,55500,143,0
22866,Flask of Pure Death,FLASK,UNSOURCED,9,76307,55500,137,0
23449,Khorium Bar,INTERMEDIATE,TRAINER,4,52320,40000,130,0
23449,Khorium Bar,INTERMEDIATE,TRAINER,10,51273,40000,128,0
21840,Bolt of Netherweave,INTERMEDIATE,TRAINER,1,33897,28800,117,0
21840,Bolt of Netherweave,INTERMEDIATE,TRAINER,10,32541,28800,112,0
22251,Cenarion Herb Bag,BAG,VENDOR,1,114144,79933,142,0
22251,Cenarion Herb Bag,BAG,VENDOR,1,113002,79933,141,0
44447,Dragonscale Ammo Pouch,MISC,VENDOR,1,1413948,1308000,108,0
44447,Dragonscale Ammo Pouch,MISC,VENDOR,1,1357390,1308000,103,0
44447,Dragonscale Ammo Pouch,MISC,VENDOR,1,1343816,1308000,102,0
44447,Dragonscale Ammo Pouch,MISC,VENDOR,1,1413948,1308000,108,0
11371,Dark Iron Bar,INTERMEDIATE,UNSOURCED,2,49812,23040,216,0
11371,Dark Iron Bar,INTERMEDIATE,UNSOURCED,3,47819,23040,207,0
3470,Rough Grinding Stone,INTERMEDIATE,TRAINER,13,31,24,129,0
3470,Rough Grinding Stone,INTERMEDIATE,TRAINER,1,30,24,125,0
23774,Fel Iron Toolbox,BAG,VENDOR,1,144934,104000,139,0
23774,Fel Iron Toolbox,BAG,VENDOR,1,137687,104000,132,0
23774,Fel Iron Toolbox,BAG,VENDOR,1,144934,104000,139,0
44331,Elixir of Lightning Speed,ELIXIR_POT,UNSOURCED,5,8914,11400,78,1
44331,Elixir of Lightning Speed,ELIXIR_POT,UNSOURCED,1,8557,11400,75,1
41745,Titanium Rod,INTERMEDIATE,TRAINER,1,80808,80000,101,0
41745,Titanium Rod,INTERMEDIATE,TRAINER,1,80000,80000,100,0
41745,Titanium Rod,INTERMEDIATE,TRAINER,1,80808,80000,101,0
41745,Titanium Rod,INTERMEDIATE,TRAINER,1,80000,80000,100,0
41745,Titanium Rod,INTERMEDIATE,TRAINER,1,80808,80000,101,0
41745,Titanium Rod,INTERMEDIATE,TRAINER,1,80000,80000,100,0
41745,Titanium Rod,INTERMEDIATE,TRAINER,1,80808,80000,101,0
41745,Titanium Rod,INTERMEDIATE,TRAINER,1,80000,80000,100,0
41745,Titanium Rod,INTERMEDIATE,TRAINER,1,80808,80000,101,0
41745,Titanium Rod,INTERMEDIATE,TRAINER,1,80000,80000,100,0
41745,Titanium Rod,INTERMEDIATE,TRAINER,1,80808,80000,101,0
41745,Titanium Rod,INTERMEDIATE,TRAINER,1,80000,80000,100,0
4375,Whirring Bronze Gizmo,INTERMEDIATE,TRAINER,10,324,260,124,0
4375,Whirring Bronze Gizmo,INTERMEDIATE,TRAINER,4,307,260,118,0
4375,Whirring Bronze Gizmo,INTERMEDIATE,TRAINER,1,300,260,115,0
42729,Ornate Saronite Waistguard,GEAR,TRAINER,1,402662,384000,104,0
42729,Ornate Saronite Waistguard,GEAR,TRAINER,1,390582,384000,101,0
42729,Ornate Saronite Waistguard,GEAR,TRAINER,1,386676,384000,100,0
35128,Hardened Khorium,INTERMEDIATE,DROP,3,216241,120001,180,0
35128,Hardened Khorium,INTERMEDIATE,DROP,6,205428,120001,171,0
41610,Deathchill Cloak,GEAR,UNSOURCED,1,3681562,1275000,288,0
40174,Intricate Eye of Zul,GEM_CUT,VENDOR,1,279675,250000,111,0
40174,Intricate Eye of Zul,GEM_CUT,VENDOR,1,265691,250000,106,0
40174,Intricate Eye of Zul,GEM_CUT,VENDOR,1,252406,250000,100,0
14342,Mooncloth,INTERMEDIATE,VENDOR,15,18696,15200,123,0
6370,Blackmouth Oil,INTERMEDIATE,TRAINER,1,56,50,112,0
6370,Blackmouth Oil,INTERMEDIATE,TRAINER,4,54,50,108,0
9172,Invisibility Potion,ELIXIR_POT,DROP,5,3644,2465,147,0
9172,Invisibility Potion,ELIXIR_POT,DROP,10,3498,2465,141,0
6043,Iron Counterweight,MISC,DROP,5,19231,8616,223,0
41510,Bolt of Frostweave,INTERMEDIATE,TRAINER,4,45765,37500,122,0
41510,Bolt of Frostweave,INTERMEDIATE,TRAINER,5,43934,37500,117,0
40015,Thick Autumn's Glow,GEM_CUT,DROP,1,269325,150000,179,0
40015,Thick Autumn's Glow,GEM_CUT,DROP,1,255858,150000,170,0
40015,Thick Autumn's Glow,GEM_CUT,DROP,1,248182,150000,165,0
20817,Bronze Setting,INTERMEDIATE,TRAINER,6,132,124,106,0
20817,Bronze Setting,INTERMEDIATE,TRAINER,9,129,124,104,0
24052,Thick Dawnstone,GEM_CUT,DROP,1,306180,120000,255,0
38373,Frosthide Leg Armor,MISC,TRAINER,11,367990,503200,73,1
37098,Scroll of Spirit VIII,MISC,TRAINER,8,6392,5150,124,0
43438,Eviscerator's Legguards,GEAR,VENDOR,1,831196,672000,123,0
43438,Eviscerator's Legguards,GEAR,VENDOR,1,797948,672000,118,0
2997,Bolt of Woolen Cloth,INTERMEDIATE,TRAINER,6,483,408,118,0
46379,Flask of Stoneblood,FLASK,TRAINER,20,67829,56600,119,0
46379,Flask of Stoneblood,FLASK,TRAINER,10,65115,56600,115,0
22838,Haste Potion,ELIXIR_POT,DROP,5,22906,14000,163,0
22838,Haste Potion,ELIXIR_POT,DROP,8,21989,14000,157,0
22252,Satchel of Cenarius,BAG,VENDOR,1,207023,154900,133,0
22252,Satchel of Cenarius,BAG,VENDOR,1,204952,154900,132,0
8170,Rugged Leather,INTERMEDIATE,TRAINER,3,9014,7128,126,0
8170,Rugged Leather,INTERMEDIATE,TRAINER,2,8923,7128,125,0
33093,Mana Potion Injector,ELIXIR_POT,DROP,5,24269,14400,168,0
33093,Mana Potion Injector,ELIXIR_POT,DROP,5,23298,14400,161,0
33093,Mana Potion Injector,ELIXIR_POT,DROP,5,24269,14400,168,0
33093,Mana Potion Injector,ELIXIR_POT,DROP,20,23298,14400,161,0
33093,Mana Potion Injector,ELIXIR_POT,DROP,20,24269,14400,168,0
33093,Mana Potion Injector,ELIXIR_POT,DROP,5,23298,14400,161,0
33093,Mana Potion Injector,ELIXIR_POT,DROP,20,24269,14400,168,0
33093,Mana Potion Injector,ELIXIR_POT,DROP,20,23298,14400,161,0
33093,Mana Potion Injector,ELIXIR_POT,DROP,5,24269,14400,168,0
33093,Mana Potion Injector,ELIXIR_POT,DROP,5,23298,14400,161,0
33093,Mana Potion Injector,ELIXIR_POT,DROP,20,24269,14400,168,0
33093,Mana Potion Injector,ELIXIR_POT,DROP,20,23298,14400,161,0
33093,Mana Potion Injector,ELIXIR_POT,DROP,5,24269,14400,168,0
33093,Mana Potion Injector,ELIXIR_POT,DROP,5,23298,14400,161,0
33093,Mana Potion Injector,ELIXIR_POT,DROP,5,24269,14400,168,0
33093,Mana Potion Injector,ELIXIR_POT,DROP,5,23298,14400,161,0
33093,Mana Potion Injector,ELIXIR_POT,DROP,5,24269,14400,168,0
33093,Mana Potion Injector,ELIXIR_POT,DROP,5,23298,14400,161,0
33093,Mana Potion Injector,ELIXIR_POT,DROP,5,24269,14400,168,0
33093,Mana Potion Injector,ELIXIR_POT,DROP,20,23298,14400,161,0
33093,Mana Potion Injector,ELIXIR_POT,DROP,5,24269,14400,168,0
33093,Mana Potion Injector,ELIXIR_POT,DROP,20,23298,14400,161,0
33093,Mana Potion Injector,ELIXIR_POT,DROP,5,24269,14400,168,0
33093,Mana Potion Injector,ELIXIR_POT,DROP,20,23298,14400,161,0
33093,Mana Potion Injector,ELIXIR_POT,DROP,20,24269,14400,168,0
33093,Mana Potion Injector,ELIXIR_POT,DROP,5,23298,14400,161,0
33093,Mana Potion Injector,ELIXIR_POT,DROP,5,24269,14400,168,0
33093,Mana Potion Injector,ELIXIR_POT,DROP,20,23298,14400,161,0
33093,Mana Potion Injector,ELIXIR_POT,DROP,5,24269,14400,168,0
33093,Mana Potion Injector,ELIXIR_POT,DROP,20,23298,14400,161,0
33093,Mana Potion Injector,ELIXIR_POT,DROP,5,24269,14400,168,0
33093,Mana Potion Injector,ELIXIR_POT,DROP,5,23298,14400,161,0
41603,Azure Spellthread,MISC,TRAINER,11,104108,124800,83,1
22251,Cenarion Herb Bag,BAG,VENDOR,1,106661,79933,133,0
22251,Cenarion Herb Bag,BAG,VENDOR,1,101327,79933,126,0
33092,Healing Potion Injector,ELIXIR_POT,DROP,5,30972,18400,168,0
33092,Healing Potion Injector,ELIXIR_POT,DROP,20,29423,18400,159,0
33092,Healing Potion Injector,ELIXIR_POT,DROP,5,30972,18400,168,0
33092,Healing Potion Injector,ELIXIR_POT,DROP,20,29423,18400,159,0
33092,Healing Potion Injector,ELIXIR_POT,DROP,20,30972,18400,168,0
33092,Healing Potion Injector,ELIXIR_POT,DROP,20,29423,18400,159,0
33092,Healing Potion Injector,ELIXIR_POT,DROP,20,30972,18400,168,0
33092,Healing Potion Injector,ELIXIR_POT,DROP,20,29423,18400,159,0
33092,Healing Potion Injector,ELIXIR_POT,DROP,5,30972,18400,168,0
33092,Healing Potion Injector,ELIXIR_POT,DROP,5,29423,18400,159,0
33092,Healing Potion Injector,ELIXIR_POT,DROP,20,30972,18400,168,0
33092,Healing Potion Injector,ELIXIR_POT,DROP,20,29423,18400,159,0
33092,Healing Potion Injector,ELIXIR_POT,DROP,20,30972,18400,168,0
33092,Healing Potion Injector,ELIXIR_POT,DROP,20,29423,18400,159,0
33092,Healing Potion Injector,ELIXIR_POT,DROP,5,30972,18400,168,0
33092,Healing Potion Injector,ELIXIR_POT,DROP,5,29423,18400,159,0
33092,Healing Potion Injector,ELIXIR_POT,DROP,10,30972,18400,168,0
13511,Flask of Distilled Wisdom,FLASK,DROP,5,20576,13430,153,0
13511,Flask of Distilled Wisdom,FLASK,DROP,15,19547,13430,145,0
14155,Mooncloth Bag,BAG,DROP,1,131527,59935,219,0
14155,Mooncloth Bag,BAG,DROP,1,128896,59935,215,0
21845,Primal Mooncloth,INTERMEDIATE,VENDOR,3,81735,64001,127,0
21845,Primal Mooncloth,INTERMEDIATE,VENDOR,3,80100,64001,125,0
43000,Dragonfin Filet,FOOD,VENDOR,5,62,49,126,0
43000,Dragonfin Filet,FOOD,VENDOR,5,60,49,122,0
43000,Dragonfin Filet,FOOD,VENDOR,5,57,49,116,0
43000,Dragonfin Filet,FOOD,VENDOR,1,62,49,126,0
13512,Flask of Supreme Power,FLASK,DROP,5,22744,11430,198,0
13512,Flask of Supreme Power,FLASK,DROP,20,22289,11430,195,0
13512,Flask of Supreme Power,FLASK,DROP,5,22744,11430,198,0
14046,Runecloth Bag,BAG,VENDOR,1,63139,61005,103,0
14046,Runecloth Bag,BAG,VENDOR,1,61244,61005,100,0
14046,Runecloth Bag,BAG,VENDOR,1,61005,61005,100,0
37663,Titansteel Bar,INTERMEDIATE,TRAINER,8,142296,132000,107,0
37663,Titansteel Bar,INTERMEDIATE,TRAINER,3,136604,132000,103,0
7071,Iron Buckle,INTERMEDIATE,TRAINER,5,467,450,103,0
7071,Iron Buckle,INTERMEDIATE,TRAINER,1,450,450,100,0
7071,Iron Buckle,INTERMEDIATE,TRAINER,4,467,450,103,0
21341,Felcloth Bag,BAG,UNSOURCED,1,519537,199240,260,0
23775,Titanium Toolbox,BAG,VENDOR,1,551801,448000,123,0
23775,Titanium Toolbox,BAG,VENDOR,1,529728,448000,118,0
23775,Titanium Toolbox,BAG,VENDOR,1,551801,448000,123,0
41353,Savage Saronite Hauberk,GEAR,TRAINER,1,444000,444000,100,0
41353,Savage Saronite Hauberk,GEAR,TRAINER,1,444000,444000,100,0
22854,Flask of Relentless Assault,FLASK,UNSOURCED,5,116325,45000,258,0
22854,Flask of Relentless Assault,FLASK,UNSOURCED,20,113998,45000,253,0
22854,Flask of Relentless Assault,FLASK,UNSOURCED,5,116325,45000,258,0
22854,Flask of Relentless Assault,FLASK,UNSOURCED,4,113998,45000,253,0
43565,Durable Nerubhide Cape,GEAR,TRAINER,1,591739,754000,78,1
43565,Durable Nerubhide Cape,GEAR,TRAINER,1,579904,754000,76,1
43565,Durable Nerubhide Cape,GEAR,TRAINER,1,556707,754000,73,1
43565,Durable Nerubhide Cape,GEAR,TRAINER,1,540005,754000,71,1
43565,Durable Nerubhide Cape,GEAR,TRAINER,1,591739,754000,78,1
43565,Durable Nerubhide Cape,GEAR,TRAINER,1,579904,754000,76,1
43565,Durable Nerubhide Cape,GEAR,TRAINER,1,556707,754000,73,1
43565,Durable Nerubhide Cape,GEAR,TRAINER,1,540005,754000,71,1
43565,Durable Nerubhide Cape,GEAR,TRAINER,1,591739,754000,78,1
43565,Durable Nerubhide Cape,GEAR,TRAINER,1,579904,754000,76,1
43565,Durable Nerubhide Cape,GEAR,TRAINER,1,556707,754000,73,1
43565,Durable Nerubhide Cape,GEAR,TRAINER,1,540005,754000,71,1
43565,Durable Nerubhide Cape,GEAR,TRAINER,1,591739,754000,78,1
43565,Durable Nerubhide Cape,GEAR,TRAINER,1,579904,754000,76,1
32207,Gleaming Lionseye,GEM_CUT,VENDOR,1,288150,250000,115,0
32207,Gleaming Lionseye,GEM_CUT,VENDOR,1,282387,250000,112,0
17771,Elementium Bar,MISC,DROP,5,4188516,2472560,169,0
5762,Red Linen Bag,BAG,VENDOR,1,681,598,113,0
5762,Red Linen Bag,BAG,VENDOR,1,674,598,112,0
5762,Red Linen Bag,BAG,VENDOR,1,640,598,107,0
7071,Iron Buckle,INTERMEDIATE,TRAINER,5,495,450,110,0
7071,Iron Buckle,INTERMEDIATE,TRAINER,5,485,450,107,0
7071,Iron Buckle,INTERMEDIATE,TRAINER,5,495,450,110,0
7071,Iron Buckle,INTERMEDIATE,TRAINER,5,485,450,107,0
7071,Iron Buckle,INTERMEDIATE,TRAINER,2,495,450,110,0
14342,Mooncloth,INTERMEDIATE,VENDOR,3,19630,15200,129,0
14342,Mooncloth,INTERMEDIATE,VENDOR,5,19237,15200,126,0
22871,Shrouding Potion,ELIXIR_POT,VENDOR,8,18235,17200,106,0
16206,Arcanite Rod,INTERMEDIATE,TRAINER,1,143722,123600,116,0
16206,Arcanite Rod,INTERMEDIATE,TRAINER,1,136535,123600,110,0
16206,Arcanite Rod,INTERMEDIATE,TRAINER,1,143722,123600,116,0
16206,Arcanite Rod,INTERMEDIATE,TRAINER,1,136535,123600,110,0
16206,Arcanite Rod,INTERMEDIATE,TRAINER,1,143722,123600,116,0
16206,Arcanite Rod,INTERMEDIATE,TRAINER,1,136535,123600,110,0
16206,Arcanite Rod,INTERMEDIATE,TRAINER,1,143722,123600,116,0
16206,Arcanite Rod,INTERMEDIATE,TRAINER,1,136535,123600,110,0
16206,Arcanite Rod,INTERMEDIATE,TRAINER,1,143722,123600,116,0
16206,Arcanite Rod,INTERMEDIATE,TRAINER,1,136535,123600,110,0
16206,Arcanite Rod,INTERMEDIATE,TRAINER,1,143722,123600,116,0
16206,Arcanite Rod,INTERMEDIATE,TRAINER,1,136535,123600,110,0
16206,Arcanite Rod,INTERMEDIATE,TRAINER,1,143722,123600,116,0
16206,Arcanite Rod,INTERMEDIATE,TRAINER,1,136535,123600,110,0
20817,Bronze Setting,INTERMEDIATE,TRAINER,7,124,124,100,0
20817,Bronze Setting,INTERMEDIATE,TRAINER,8,124,124,100,0
23100,Glinting Flame Spessarite,GEM_CUT,TRAINER,1,20000,20000,100,0
23775,Titanium Toolbox,BAG,VENDOR,1,588000,448000,131,0
38322,Iron-bound Tome,GEAR,TRAINER,1,360215,302600,119,0
9061,Goblin Rocket Fuel,INTERMEDIATE,UNSOURCED,3,8774,3077,285,0
9061,Goblin Rocket Fuel,INTERMEDIATE,UNSOURCED,5,8598,3077,279,0
41604,Sapphire Spellthread,MISC,VENDOR,5,758694,586000,129,0
3486,Heavy Grinding Stone,INTERMEDIATE,TRAINER,11,1116,1035,107,0
3486,Heavy Grinding Stone,INTERMEDIATE,TRAINER,1,1071,1035,103,0
23445,Fel Iron Bar,INTERMEDIATE,TRAINER,14,12355,12000,102,0
23445,Fel Iron Bar,INTERMEDIATE,TRAINER,1,12000,12000,100,0
21844,Bolt of Soulcloth,INTERMEDIATE,VENDOR,12,181641,144000,126,0
36916,Cobalt Bar,INTERMEDIATE,TRAINER,8,7194,6000,119,0
36916,Cobalt Bar,INTERMEDIATE,TRAINER,5,7050,6000,117,0
4240,Woolen Bag,BAG,TRAINER,1,1441,1324,108,0
4240,Woolen Bag,BAG,TRAINER,1,1397,1324,105,0
4240,Woolen Bag,BAG,TRAINER,1,1341,1324,101,0
41511,Bolt of Imbued Frostweave,INTERMEDIATE,TRAINER,4,160230,147000,109,0
41511,Bolt of Imbued Frostweave,INTERMEDIATE,TRAINER,7,153820,147000,104,0
43566,Ice Striker's Cloak,GEAR,TRAINER,1,568670,730000,77,1
43566,Ice Striker's Cloak,GEAR,TRAINER,1,545923,730000,74,1
43566,Ice Striker's Cloak,GEAR,TRAINER,1,540463,730000,74,1
43566,Ice Striker's Cloak,GEAR,TRAINER,1,568670,730000,77,1
43566,Ice Striker's Cloak,GEAR,TRAINER,1,545923,730000,74,1
43566,Ice Striker's Cloak,GEAR,TRAINER,1,540463,730000,74,1
43566,Ice Striker's Cloak,GEAR,TRAINER,1,568670,730000,77,1
43566,Ice Striker's Cloak,GEAR,TRAINER,1,545923,730000,74,1
43566,Ice Striker's Cloak,GEAR,TRAINER,1,540463,730000,74,1
43566,Ice Striker's Cloak,GEAR,TRAINER,1,568670,730000,77,1
43566,Ice Striker's Cloak,GEAR,TRAINER,1,545923,730000,74,1
43566,Ice Striker's Cloak,GEAR,TRAINER,1,540463,730000,74,1
43566,Ice Striker's Cloak,GEAR,TRAINER,1,568670,730000,77,1
43566,Ice Striker's Cloak,GEAR,TRAINER,1,545923,730000,74,1
24272,Shadowcloth,INTERMEDIATE,VENDOR,10,68704,64001,107,0
24272,Shadowcloth,INTERMEDIATE,VENDOR,5,67329,64001,105,0
34482,Leatherworker's Satchel,BAG,TRAINER,1,262297,245000,107,0
34482,Leatherworker's Satchel,BAG,TRAINER,1,254428,245000,103,0
3576,Tin Bar,INTERMEDIATE,TRAINER,9,118,107,110,0
3576,Tin Bar,INTERMEDIATE,TRAINER,2,112,107,104,0
41601,Shining Spellthread,MISC,TRAINER,9,113505,124800,90,1
4305,Bolt of Silk Cloth,INTERMEDIATE,TRAINER,5,2495,2376,105,0
4305,Bolt of Silk Cloth,INTERMEDIATE,TRAINER,3,2420,2376,101,0
8827,Elixir of Water Walking,ELIXIR_POT,UNSOURCED,5,5400,6180,87,1
8827,Elixir of Water Walking,ELIXIR_POT,UNSOURCED,5,5292,6180,85,1
8827,Elixir of Water Walking,ELIXIR_POT,UNSOURCED,1,5400,6180,87,1
40089,Enduring Forest Emerald,GEM_CUT,VENDOR,1,181800,150000,121,0
40089,Enduring Forest Emerald,GEM_CUT,VENDOR,1,174528,150000,116,0
40089,Enduring Forest Emerald,GEM_CUT,VENDOR,1,181800,150000,121,0
3486,Heavy Grinding Stone,INTERMEDIATE,TRAINER,1,1375,1035,132,0
3486,Heavy Grinding Stone,INTERMEDIATE,TRAINER,4,1347,1035,130,0
35563,Charred Bear Kabobs,FOOD,VENDOR,6,260,238,109,0
41603,Azure Spellthread,MISC,TRAINER,14,85612,124800,68,1
43122,Shimmering Ink,INTERMEDIATE,TRAINER,6,349,300,116,0
43122,Shimmering Ink,INTERMEDIATE,TRAINER,2,335,300,111,0
44958,Ethereal Oil,INTERMEDIATE,TRAINER,5,84,96,87,1
44958,Ethereal Oil,INTERMEDIATE,TRAINER,2,83,96,86,1
20816,Delicate Copper Wire,INTERMEDIATE,UNSOURCED,4,102,40,255,0
20816,Delicate Copper Wire,INTERMEDIATE,UNSOURCED,5,99,40,247,0
40114,Bright Cardinal Ruby,GEM_CUT,VENDOR,1,304850,250000,121,0
40114,Bright Cardinal Ruby,GEM_CUT,VENDOR,1,301801,250000,120,0
40114,Bright Cardinal Ruby,GEM_CUT,VENDOR,1,289728,250000,115,0
41510,Bolt of Frostweave,INTERMEDIATE,TRAINER,2,44070,37500,117,0
41510,Bolt of Frostweave,INTERMEDIATE,TRAINER,7,42307,37500,112,0
41510,Bolt of Frostweave,INTERMEDIATE,TRAINER,9,48097,37500,128,0
41510,Bolt of Frostweave,INTERMEDIATE,TRAINER,2,46654,37500,124,0
10051,Red Mageweave Bag,BAG,TRAINER,1,27626,20092,137,0
10051,Red Mageweave Bag,BAG,TRAINER,1,26244,20092,130,0
10051,Red Mageweave Bag,BAG,TRAINER,1,27626,20092,137,0
23114,Gleaming Golden Draenite,GEM_CUT,VENDOR,1,25300,20000,126,0
46376,Flask of the Frost Wyrm,FLASK,TRAINER,14,82940,65000,127,0
39999,Bright Scarlet Ruby,GEM_CUT,TRAINER,1,189750,150000,126,0
39999,Bright Scarlet Ruby,GEM_CUT,TRAINER,1,184057,150000,122,0
4339,Bolt of Mageweave,INTERMEDIATE,TRAINER,11,5355,5050,106,0
4339,Bolt of Mageweave,INTERMEDIATE,TRAINER,2,5247,5050,103,0
43117,Dawnstar Ink,INTERMEDIATE,TRAINER,5,245,200,122,0
43117,Dawnstar Ink,INTERMEDIATE,TRAINER,3,235,200,117,0
41510,Bolt of Frostweave,INTERMEDIATE,TRAINER,12,43436,37500,115,0
5763,Red Woolen Bag,BAG,VENDOR,1,2399,1782,134,0
5763,Red Woolen Bag,BAG,VENDOR,1,2375,1782,133,0
2997,Bolt of Woolen Cloth,INTERMEDIATE,TRAINER,2,530,408,129,0
2997,Bolt of Woolen Cloth,INTERMEDIATE,TRAINER,12,503,408,123,0
2996,Bolt of Linen Cloth,INTERMEDIATE,UNSOURCED,1,210,112,187,0
2996,Bolt of Linen Cloth,INTERMEDIATE,UNSOURCED,7,207,112,184,0
25893,Mystical Skyfire Diamond,GEM_CUT,DROP,1,906300,360000,251,0
25893,Mystical Skyfire Diamond,GEM_CUT,DROP,1,870048,360000,241,0
3478,Coarse Grinding Stone,INTERMEDIATE,TRAINER,7,206,178,115,0
3478,Coarse Grinding Stone,INTERMEDIATE,TRAINER,4,195,178,109,0
7071,Iron Buckle,INTERMEDIATE,TRAINER,5,497,450,110,0
7071,Iron Buckle,INTERMEDIATE,TRAINER,5,487,450,108,0
7071,Iron Buckle,INTERMEDIATE,TRAINER,5,462,450,102,0
7071,Iron Buckle,INTERMEDIATE,TRAINER,5,497,450,110,0
7071,Iron Buckle,INTERMEDIATE,TRAINER,5,487,450,108,0
7071,Iron Buckle,INTERMEDIATE,TRAINER,1,462,450,102,0
7071,Iron Buckle,INTERMEDIATE,TRAINER,2,497,450,110,0
22248,Enchanted Runecloth Bag,BAG,VENDOR,1,681022,551525,123,0
22248,Enchanted Runecloth Bag,BAG,VENDOR,1,674211,551525,122,0
22248,Enchanted Runecloth Bag,BAG,VENDOR,1,681022,551525,123,0
22851,Flask of Fortification,FLASK,UNSOURCED,20,99221,48500,204,0
22851,Flask of Fortification,FLASK,UNSOURCED,5,94259,48500,194,0
22851,Flask of Fortification,FLASK,UNSOURCED,9,99221,48500,204,0
41985,Silky Iceshard Boots,GEAR,TRAINER,1,1496615,1233000,121,0
41985,Silky Iceshard Boots,GEAR,TRAINER,1,1436750,1233000,116,0
22854,Flask of Relentless Assault,FLASK,UNSOURCED,20,87516,45000,194,0
22854,Flask of Relentless Assault,FLASK,UNSOURCED,5,84890,45000,188,0
22854,Flask of Relentless Assault,FLASK,UNSOURCED,7,83192,45000,184,0
10051,Red Mageweave Bag,BAG,TRAINER,1,21482,20092,106,0
10051,Red Mageweave Bag,BAG,TRAINER,1,20622,20092,102,0
42641,Global Thermal Sapper Charge,MISC,TRAINER,20,5375,6900,77,1
42641,Global Thermal Sapper Charge,MISC,TRAINER,5,5267,6900,76,1
33568,Borean Leather,INTERMEDIATE,TRAINER,8,15311,13500,113,0
33568,Borean Leather,INTERMEDIATE,TRAINER,5,14698,13500,108,0
45932,Black Jelly,FOOD,TRAINER,16,145,144,100,0
22866,Flask of Pure Death,FLASK,UNSOURCED,20,106504,55500,191,0
22866,Flask of Pure Death,FLASK,UNSOURCED,2,103308,55500,186,0
3576,Tin Bar,INTERMEDIATE,TRAINER,1,107,107,100,0
3576,Tin Bar,INTERMEDIATE,TRAINER,9,107,107,100,0
33092,Healing Potion Injector,ELIXIR_POT,DROP,5,31169,18400,169,0
33092,Healing Potion Injector,ELIXIR_POT,DROP,5,29922,18400,162,0
33092,Healing Potion Injector,ELIXIR_POT,DROP,20,31169,18400,169,0
33092,Healing Potion Injector,ELIXIR_POT,DROP,20,29922,18400,162,0
33092,Healing Potion Injector,ELIXIR_POT,DROP,20,31169,18400,169,0
33092,Healing Potion Injector,ELIXIR_POT,DROP,5,29922,18400,162,0
33092,Healing Potion Injector,ELIXIR_POT,DROP,5,31169,18400,169,0
33092,Healing Potion Injector,ELIXIR_POT,DROP,5,29922,18400,162,0
33092,Healing Potion Injector,ELIXIR_POT,DROP,5,31169,18400,169,0
33092,Healing Potion Injector,ELIXIR_POT,DROP,5,29922,18400,162,0
33092,Healing Potion Injector,ELIXIR_POT,DROP,5,31169,18400,169,0
33092,Healing Potion Injector,ELIXIR_POT,DROP,5,29922,18400,162,0
33092,Healing Potion Injector,ELIXIR_POT,DROP,5,31169,18400,169,0
33092,Healing Potion Injector,ELIXIR_POT,DROP,20,29922,18400,162,0
33092,Healing Potion Injector,ELIXIR_POT,DROP,20,31169,18400,169,0
33092,Healing Potion Injector,ELIXIR_POT,DROP,5,29922,18400,162,0
33092,Healing Potion Injector,ELIXIR_POT,DROP,5,31169,18400,169,0
33092,Healing Potion Injector,ELIXIR_POT,DROP,5,29922,18400,162,0
33092,Healing Potion Injector,ELIXIR_POT,DROP,5,31169,18400,169,0
33092,Healing Potion Injector,ELIXIR_POT,DROP,5,29922,18400,162,0
33092,Healing Potion Injector,ELIXIR_POT,DROP,5,31169,18400,169,0
33092,Healing Potion Injector,ELIXIR_POT,DROP,20,29922,18400,162,0
33092,Healing Potion Injector,ELIXIR_POT,DROP,5,31169,18400,169,0
33092,Healing Potion Injector,ELIXIR_POT,DROP,20,29922,18400,162,0
33092,Healing Potion Injector,ELIXIR_POT,DROP,20,31169,18400,169,0
33092,Healing Potion Injector,ELIXIR_POT,DROP,5,29922,18400,162,0
33092,Healing Potion Injector,ELIXIR_POT,DROP,5,31169,18400,169,0
33092,Healing Potion Injector,ELIXIR_POT,DROP,5,29922,18400,162,0
33092,Healing Potion Injector,ELIXIR_POT,DROP,20,31169,18400,169,0
42643,Titanium Earthguard Ring,GEAR,VENDOR,1,613108,482004,127,0
42643,Titanium Earthguard Ring,GEAR,VENDOR,1,606976,482004,125,0
2996,Bolt of Linen Cloth,INTERMEDIATE,UNSOURCED,3,224,112,200,0
2996,Bolt of Linen Cloth,INTERMEDIATE,UNSOURCED,11,217,112,193,0
46376,Flask of the Frost Wyrm,FLASK,TRAINER,20,66839,65000,102,0
46376,Flask of the Frost Wyrm,FLASK,TRAINER,5,66170,65000,101,0
46376,Flask of the Frost Wyrm,FLASK,TRAINER,5,66839,65000,102,0
7966,Solid Grinding Stone,INTERMEDIATE,TRAINER,12,2418,2352,102,0
7966,Solid Grinding Stone,INTERMEDIATE,TRAINER,2,2369,2352,100,0
32215,Glowing Shadowsong Amethyst,GEM_CUT,VENDOR,1,330775,250000,132,0
38399,Trapper's Traveling Pack,BAG,VENDOR,1,505440,432000,117,0
24271,Spellcloth,INTERMEDIATE,VENDOR,1,90497,64001,141,0
24271,Spellcloth,INTERMEDIATE,VENDOR,4,87782,64001,137,0
23774,Fel Iron Toolbox,BAG,VENDOR,1,118872,104000,114,0
23774,Fel Iron Toolbox,BAG,VENDOR,1,117683,104000,113,0
23774,Fel Iron Toolbox,BAG,VENDOR,1,115329,104000,110,0
2996,Bolt of Linen Cloth,INTERMEDIATE,UNSOURCED,1,289,112,258,0
2996,Bolt of Linen Cloth,INTERMEDIATE,UNSOURCED,11,277,112,247,0
40159,Stark Ametrine,GEM_CUT,VENDOR,1,305000,250000,122,0
40159,Stark Ametrine,GEM_CUT,VENDOR,1,301950,250000,120,0
5762,Red Linen Bag,BAG,VENDOR,1,812,598,135,0
5762,Red Linen Bag,BAG,VENDOR,1,803,598,134,0
33092,Healing Potion Injector,ELIXIR_POT,DROP,5,28061,18400,152,0
33092,Healing Potion Injector,ELIXIR_POT,DROP,20,27219,18400,147,0
33092,Healing Potion Injector,ELIXIR_POT,DROP,20,26402,18400,143,0
33092,Healing Potion Injector,ELIXIR_POT,DROP,5,28061,18400,152,0
33092,Healing Potion Injector,ELIXIR_POT,DROP,5,27219,18400,147,0
33092,Healing Potion Injector,ELIXIR_POT,DROP,5,26402,18400,143,0
33092,Healing Potion Injector,ELIXIR_POT,DROP,5,28061,18400,152,0
33092,Healing Potion Injector,ELIXIR_POT,DROP,5,27219,18400,147,0
33092,Healing Potion Injector,ELIXIR_POT,DROP,5,26402,18400,143,0
33092,Healing Potion Injector,ELIXIR_POT,DROP,20,28061,18400,152,0
33092,Healing Potion Injector,ELIXIR_POT,DROP,20,27219,18400,147,0
33092,Healing Potion Injector,ELIXIR_POT,DROP,20,26402,18400,143,0
33092,Healing Potion Injector,ELIXIR_POT,DROP,20,28061,18400,152,0
33092,Healing Potion Injector,ELIXIR_POT,DROP,5,27219,18400,147,0
33092,Healing Potion Injector,ELIXIR_POT,DROP,20,26402,18400,143,0
33092,Healing Potion Injector,ELIXIR_POT,DROP,5,28061,18400,152,0
33092,Healing Potion Injector,ELIXIR_POT,DROP,5,27219,18400,147,0
33092,Healing Potion Injector,ELIXIR_POT,DROP,5,26402,18400,143,0
33092,Healing Potion Injector,ELIXIR_POT,DROP,20,28061,18400,152,0
33092,Healing Potion Injector,ELIXIR_POT,DROP,20,27219,18400,147,0
33092,Healing Potion Injector,ELIXIR_POT,DROP,20,26402,18400,143,0
33092,Healing Potion Injector,ELIXIR_POT,DROP,5,28061,18400,152,0
33092,Healing Potion Injector,ELIXIR_POT,DROP,20,27219,18400,147,0
33092,Healing Potion Injector,ELIXIR_POT,DROP,5,26402,18400,143,0
33092,Healing Potion Injector,ELIXIR_POT,DROP,5,28061,18400,152,0
33092,Healing Potion Injector,ELIXIR_POT,DROP,5,27219,18400,147,0
33092,Healing Potion Injector,ELIXIR_POT,DROP,5,26402,18400,143,0
24271,Spellcloth,INTERMEDIATE,VENDOR,5,67488,64001,105,0
24271,Spellcloth,INTERMEDIATE,VENDOR,1,66138,64001,103,0
48933,Wormhole Generator: Northrend,GEAR,UNSOURCED,1,282268,352000,80,1
48933,Wormhole Generator: Northrend,GEAR,UNSOURCED,1,279445,352000,79,1
48933,Wormhole Generator: Northrend,GEAR,UNSOURCED,1,273856,352000,77,1
48933,Wormhole Generator: Northrend,GEAR,UNSOURCED,1,260163,352000,73,1
48933,Wormhole Generator: Northrend,GEAR,UNSOURCED,1,282268,352000,80,1
48933,Wormhole Generator: Northrend,GEAR,UNSOURCED,1,279445,352000,79,1
48933,Wormhole Generator: Northrend,GEAR,UNSOURCED,1,273856,352000,77,1
48933,Wormhole Generator: Northrend,GEAR,UNSOURCED,1,260163,352000,73,1
48933,Wormhole Generator: Northrend,GEAR,UNSOURCED,1,282268,352000,80,1
14156,Bottomless Bag,BAG,DROP,1,1317973,483980,272,0
8827,Elixir of Water Walking,ELIXIR_POT,UNSOURCED,5,5873,6180,95,1
8827,Elixir of Water Walking,ELIXIR_POT,UNSOURCED,5,5638,6180,91,1
8827,Elixir of Water Walking,ELIXIR_POT,UNSOURCED,2,5873,6180,95,1
41602,Brilliant Spellthread,MISC,VENDOR,3,646944,586000,110,0
43126,Ink of the Sea,INTERMEDIATE,TRAINER,6,349,300,116,0
23775,Titanium Toolbox,BAG,VENDOR,1,655334,448000,146,0
13512,Flask of Supreme Power,FLASK,DROP,5,26785,11430,234,0
13512,Flask of Supreme Power,FLASK,DROP,20,25445,11430,222,0
13512,Flask of Supreme Power,FLASK,DROP,1,26785,11430,234,0
24272,Shadowcloth,INTERMEDIATE,VENDOR,10,76359,64001,119,0
21841,Netherweave Bag,BAG,TRAINER,1,124401,101000,123,0
14048,Bolt of Runecloth,INTERMEDIATE,TRAINER,7,11985,11760,101,0
14048,Bolt of Runecloth,INTERMEDIATE,TRAINER,2,11865,11760,100,0
6037,Truesilver Bar,INTERMEDIATE,TRAINER,11,5109,4120,124,0
6037,Truesilver Bar,INTERMEDIATE,TRAINER,3,4955,4120,120,0
38399,Trapper's Traveling Pack,BAG,VENDOR,1,579744,432000,134,0
38399,Trapper's Traveling Pack,BAG,VENDOR,1,568149,432000,131,0
38399,Trapper's Traveling Pack,BAG,VENDOR,1,551104,432000,127,0
21752,Thorium Setting,INTERMEDIATE,TRAINER,2,1770,1545,114,0
21752,Thorium Setting,INTERMEDIATE,TRAINER,4,1699,1545,109,0
2680,Spiced Wolf Meat,FOOD,TRAINER,5,33,33,100,0
2680,Spiced Wolf Meat,FOOD,TRAINER,5,33,33,100,0
2680,Spiced Wolf Meat,FOOD,TRAINER,2,33,33,100,0
40028,Mysterious Twilight Opal,GEM_CUT,VENDOR,1,158700,150000,105,0
40028,Mysterious Twilight Opal,GEM_CUT,VENDOR,1,155526,150000,103,0
40028,Mysterious Twilight Opal,GEM_CUT,VENDOR,1,150000,150000,100,0
42100,Moonshroud Robe,GEAR,TRAINER,1,2684330,2122000,126,0
42100,Moonshroud Robe,GEAR,TRAINER,1,2550113,2122000,120,0
13512,Flask of Supreme Power,FLASK,DROP,5,30691,11430,268,0
13512,Flask of Supreme Power,FLASK,DROP,9,30077,11430,263,0
21887,Knothide Leather,INTERMEDIATE,TRAINER,13,9213,7500,122,0
5764,Green Silk Pack,BAG,DROP,1,19692,11722,167,0
5764,Green Silk Pack,BAG,DROP,1,19298,11722,164,0
5764,Green Silk Pack,BAG,DROP,1,19692,11722,167,0
41377,Effulgent Skyflare Diamond,GEM_CUT,UNSOURCED,1,564480,360000,156,0
41377,Effulgent Skyflare Diamond,GEM_CUT,UNSOURCED,1,536256,360000,148,0
41377,Effulgent Skyflare Diamond,GEM_CUT,UNSOURCED,1,564480,360000,156,0
20963,Mithril Filigree,INTERMEDIATE,TRAINER,1,3507,3012,116,0
20963,Mithril Filigree,INTERMEDIATE,TRAINER,13,3436,3012,114,0
43853,Titanium Skeleton Key,MISC,TRAINER,20,5350,7000,76,1
43853,Titanium Skeleton Key,MISC,TRAINER,20,5082,7000,72,1
43853,Titanium Skeleton Key,MISC,TRAINER,20,5350,7000,76,1
43853,Titanium Skeleton Key,MISC,TRAINER,20,5082,7000,72,1
43853,Titanium Skeleton Key,MISC,TRAINER,20,5350,7000,76,1
43853,Titanium Skeleton Key,MISC,TRAINER,20,5082,7000,72,1
43853,Titanium Skeleton Key,MISC,TRAINER,20,5350,7000,76,1
43853,Titanium Skeleton Key,MISC,TRAINER,20,5082,7000,72,1
43853,Titanium Skeleton Key,MISC,TRAINER,20,5350,7000,76,1
43853,Titanium Skeleton Key,MISC,TRAINER,20,5082,7000,72,1
43853,Titanium Skeleton Key,MISC,TRAINER,20,5350,7000,76,1
43853,Titanium Skeleton Key,MISC,TRAINER,20,5082,7000,72,1
43853,Titanium Skeleton Key,MISC,TRAINER,20,5350,7000,76,1
43853,Titanium Skeleton Key,MISC,TRAINER,20,5082,7000,72,1
41985,Silky Iceshard Boots,GEAR,TRAINER,1,1332873,1233000,108,0
41985,Silky Iceshard Boots,GEAR,TRAINER,1,1292886,1233000,104,0
41985,Silky Iceshard Boots,GEAR,TRAINER,1,1332873,1233000,108,0
2840,Copper Bar,INTERMEDIATE,UNSOURCED,5,57,20,285,0
2840,Copper Bar,INTERMEDIATE,UNSOURCED,2,54,20,270,0
41595,Spellweave,INTERMEDIATE,TRAINER,1,195000,195000,100,0
41595,Spellweave,INTERMEDIATE,TRAINER,5,195000,195000,100,0
33092,Healing Potion Injector,ELIXIR_POT,DROP,20,46947,18400,255,0
33092,Healing Potion Injector,ELIXIR_POT,DROP,5,46477,18400,252,0
33092,Healing Potion Injector,ELIXIR_POT,DROP,5,45547,18400,247,0
33092,Healing Potion Injector,ELIXIR_POT,DROP,20,46947,18400,255,0
33092,Healing Potion Injector,ELIXIR_POT,DROP,5,46477,18400,252,0
33092,Healing Potion Injector,ELIXIR_POT,DROP,20,45547,18400,247,0
33092,Healing Potion Injector,ELIXIR_POT,DROP,5,46947,18400,255,0
33092,Healing Potion Injector,ELIXIR_POT,DROP,5,46477,18400,252,0
33092,Healing Potion Injector,ELIXIR_POT,DROP,5,45547,18400,247,0
33092,Healing Potion Injector,ELIXIR_POT,DROP,5,46947,18400,255,0
33092,Healing Potion Injector,ELIXIR_POT,DROP,20,46477,18400,252,0
33092,Healing Potion Injector,ELIXIR_POT,DROP,20,45547,18400,247,0
33092,Healing Potion Injector,ELIXIR_POT,DROP,20,46947,18400,255,0
33092,Healing Potion Injector,ELIXIR_POT,DROP,20,46477,18400,252,0
33092,Healing Potion Injector,ELIXIR_POT,DROP,20,45547,18400,247,0
33092,Healing Potion Injector,ELIXIR_POT,DROP,20,46947,18400,255,0
33092,Healing Potion Injector,ELIXIR_POT,DROP,20,46477,18400,252,0
33092,Healing Potion Injector,ELIXIR_POT,DROP,5,45547,18400,247,0
33092,Healing Potion Injector,ELIXIR_POT,DROP,20,46947,18400,255,0
33092,Healing Potion Injector,ELIXIR_POT,DROP,20,46477,18400,252,0
33092,Healing Potion Injector,ELIXIR_POT,DROP,5,45547,18400,247,0
33092,Healing Potion Injector,ELIXIR_POT,DROP,20,46947,18400,255,0
33092,Healing Potion Injector,ELIXIR_POT,DROP,5,46477,18400,252,0
33092,Healing Potion Injector,ELIXIR_POT,DROP,20,45547,18400,247,0
33092,Healing Potion Injector,ELIXIR_POT,DROP,5,46947,18400,255,0
33092,Healing Potion Injector,ELIXIR_POT,DROP,20,46477,18400,252,0
33092,Healing Potion Injector,ELIXIR_POT,DROP,20,45547,18400,247,0
33092,Healing Potion Injector,ELIXIR_POT,DROP,5,46947,18400,255,0
38347,Mammoth Mining Bag,BAG,VENDOR,1,541209,432000,125,0
38347,Mammoth Mining Bag,BAG,VENDOR,1,519560,432000,120,0
32850,Cauldron of Major Frost Protection,MISC,UNSOURCED,5,422304,166000,254,0
23775,Titanium Toolbox,BAG,VENDOR,1,536256,448000,119,0
23775,Titanium Toolbox,BAG,VENDOR,1,530893,448000,118,0
23775,Titanium Toolbox,BAG,VENDOR,1,525584,448000,117,0
33093,Mana Potion Injector,ELIXIR_POT,DROP,5,24799,14400,172,0
33093,Mana Potion Injector,ELIXIR_POT,DROP,5,24055,14400,167,0
33093,Mana Potion Injector,ELIXIR_POT,DROP,5,22852,14400,158,0
33093,Mana Potion Injector,ELIXIR_POT,DROP,5,24799,14400,172,0
33093,Mana Potion Injector,ELIXIR_POT,DROP,5,24055,14400,167,0
33093,Mana Potion Injector,ELIXIR_POT,DROP,5,22852,14400,158,0
33093,Mana Potion Injector,ELIXIR_POT,DROP,20,24799,14400,172,0
33093,Mana Potion Injector,ELIXIR_POT,DROP,20,24055,14400,167,0
33093,Mana Potion Injector,ELIXIR_POT,DROP,20,22852,14400,158,0
33093,Mana Potion Injector,ELIXIR_POT,DROP,20,24799,14400,172,0
33093,Mana Potion Injector,ELIXIR_POT,DROP,20,24055,14400,167,0
33093,Mana Potion Injector,ELIXIR_POT,DROP,5,22852,14400,158,0
33093,Mana Potion Injector,ELIXIR_POT,DROP,20,24799,14400,172,0
33093,Mana Potion Injector,ELIXIR_POT,DROP,20,24055,14400,167,0
33093,Mana Potion Injector,ELIXIR_POT,DROP,5,22852,14400,158,0
33093,Mana Potion Injector,ELIXIR_POT,DROP,20,24799,14400,172,0
33093,Mana Potion Injector,ELIXIR_POT,DROP,20,24055,14400,167,0
22833,Elixir of Major Firepower,ELIXIR_POT,VENDOR,17,17916,13766,130,0
9210,Ghost Dye,INTERMEDIATE,VENDOR,5,9302,6210,149,0
9210,Ghost Dye,INTERMEDIATE,VENDOR,2,9208,6210,148,0
25845,Eternium Rod,INTERMEDIATE,VENDOR,1,122320,80000,152,0
25845,Eternium Rod,INTERMEDIATE,VENDOR,1,121096,80000,151,0
25845,Eternium Rod,INTERMEDIATE,VENDOR,1,122320,80000,152,0
25845,Eternium Rod,INTERMEDIATE,VENDOR,1,121096,80000,151,0
25845,Eternium Rod,INTERMEDIATE,VENDOR,1,122320,80000,152,0
25845,Eternium Rod,INTERMEDIATE,VENDOR,1,121096,80000,151,0
25845,Eternium Rod,INTERMEDIATE,VENDOR,1,122320,80000,152,0
40057,Glimmering Monarch Topaz,GEM_CUT,VENDOR,1,180765,150000,120,0
40057,Glimmering Monarch Topaz,GEM_CUT,VENDOR,1,171726,150000,114,0
40057,Glimmering Monarch Topaz,GEM_CUT,VENDOR,1,180765,150000,120,0
43458,Giantmaim Legguards,GEAR,VENDOR,1,1470640,1186000,124,0
13512,Flask of Supreme Power,FLASK,DROP,5,34055,11430,297,0
13512,Flask of Supreme Power,FLASK,DROP,20,33373,11430,291,0
13512,Flask of Supreme Power,FLASK,DROP,5,34055,11430,297,0
38425,Heavy Borean Leather,INTERMEDIATE,TRAINER,6,54000,54000,100,0
38425,Heavy Borean Leather,INTERMEDIATE,TRAINER,4,54000,54000,100,0
2863,Coarse Sharpening Stone,MISC,TRAINER,1,115,89,129,0
43125,Darkflame Ink,INTERMEDIATE,TRAINER,3,239,200,119,0
43125,Darkflame Ink,INTERMEDIATE,TRAINER,11,231,200,115,0
22866,Flask of Pure Death,FLASK,UNSOURCED,20,95460,55500,172,0
22866,Flask of Pure Death,FLASK,UNSOURCED,16,92596,55500,166,0
33092,Healing Potion Injector,ELIXIR_POT,DROP,20,60517,18400,328,0
33092,Healing Potion Injector,ELIXIR_POT,DROP,5,59911,18400,325,0
33092,Healing Potion Injector,ELIXIR_POT,DROP,20,56915,18400,309,0
33092,Healing Potion Injector,ELIXIR_POT,DROP,5,60517,18400,328,0
33092,Healing Potion Injector,ELIXIR_POT,DROP,5,59911,18400,325,0
33092,Healing Potion Injector,ELIXIR_POT,DROP,20,56915,18400,309,0
33092,Healing Potion Injector,ELIXIR_POT,DROP,20,60517,18400,328,0
33092,Healing Potion Injector,ELIXIR_POT,DROP,5,59911,18400,325,0
33092,Healing Potion Injector,ELIXIR_POT,DROP,5,56915,18400,309,0
33092,Healing Potion Injector,ELIXIR_POT,DROP,5,60517,18400,328,0
33092,Healing Potion Injector,ELIXIR_POT,DROP,20,59911,18400,325,0
33092,Healing Potion Injector,ELIXIR_POT,DROP,5,56915,18400,309,0
33092,Healing Potion Injector,ELIXIR_POT,DROP,5,60517,18400,328,0
33092,Healing Potion Injector,ELIXIR_POT,DROP,20,59911,18400,325,0
33092,Healing Potion Injector,ELIXIR_POT,DROP,5,56915,18400,309,0
33092,Healing Potion Injector,ELIXIR_POT,DROP,5,60517,18400,328,0
33092,Healing Potion Injector,ELIXIR_POT,DROP,5,59911,18400,325,0
33092,Healing Potion Injector,ELIXIR_POT,DROP,20,56915,18400,309,0
33092,Healing Potion Injector,ELIXIR_POT,DROP,5,60517,18400,328,0
33092,Healing Potion Injector,ELIXIR_POT,DROP,5,59911,18400,325,0
33092,Healing Potion Injector,ELIXIR_POT,DROP,5,56915,18400,309,0
33092,Healing Potion Injector,ELIXIR_POT,DROP,5,60517,18400,328,0
33092,Healing Potion Injector,ELIXIR_POT,DROP,20,59911,18400,325,0
33092,Healing Potion Injector,ELIXIR_POT,DROP,20,56915,18400,309,0
33092,Healing Potion Injector,ELIXIR_POT,DROP,20,60517,18400,328,0
33092,Healing Potion Injector,ELIXIR_POT,DROP,20,59911,18400,325,0
33092,Healing Potion Injector,ELIXIR_POT,DROP,20,56915,18400,309,0
33092,Healing Potion Injector,ELIXIR_POT,DROP,5,60517,18400,328,0
33092,Healing Potion Injector,ELIXIR_POT,DROP,5,59911,18400,325,0
33092,Healing Potion Injector,ELIXIR_POT,DROP,20,56915,18400,309,0
33092,Healing Potion Injector,ELIXIR_POT,DROP,5,60517,18400,328,0
33092,Healing Potion Injector,ELIXIR_POT,DROP,5,59911,18400,325,0
33092,Healing Potion Injector,ELIXIR_POT,DROP,5,56915,18400,309,0
40170,Seer's Eye of Zul,GEM_CUT,VENDOR,1,297600,250000,119,0
40170,Seer's Eye of Zul,GEM_CUT,VENDOR,1,291648,250000,116,0
21841,Netherweave Bag,BAG,TRAINER,1,101000,101000,100,0
46379,Flask of Stoneblood,FLASK,TRAINER,20,60595,56600,107,0
22851,Flask of Fortification,FLASK,UNSOURCED,5,77638,48500,160,0
22851,Flask of Fortification,FLASK,UNSOURCED,20,73756,48500,152,0
22851,Flask of Fortification,FLASK,UNSOURCED,5,77638,48500,160,0
22851,Flask of Fortification,FLASK,UNSOURCED,10,73756,48500,152,0
43251,Ring of Scarlet Shadows,GEAR,VENDOR,1,316443,262000,120,0
43251,Ring of Scarlet Shadows,GEAR,VENDOR,1,310114,262000,118,0
43251,Ring of Scarlet Shadows,GEAR,VENDOR,1,307012,262000,117,0
22854,Flask of Relentless Assault,FLASK,UNSOURCED,18,87516,45000,194,0
24270,Bag of Jewels,BAG,VENDOR,1,25279,20006,126,0
24270,Bag of Jewels,BAG,VENDOR,1,24773,20006,123,0
24270,Bag of Jewels,BAG,VENDOR,1,23782,20006,118,0
41597,Abyssal Bag,BAG,VENDOR,1,839475,750000,111,0
41597,Abyssal Bag,BAG,VENDOR,1,831080,750000,110,0
41597,Abyssal Bag,BAG,VENDOR,1,797836,750000,106,0
40000,Subtle Scarlet Ruby,GEM_CUT,VENDOR,1,197505,150000,131,0
44958,Ethereal Oil,INTERMEDIATE,TRAINER,4,115,96,119,0
44958,Ethereal Oil,INTERMEDIATE,TRAINER,2,111,96,115,0
41594,Moonshroud,INTERMEDIATE,TRAINER,2,206797,195000,106,0
41594,Moonshroud,INTERMEDIATE,TRAINER,12,204729,195000,104,0
38425,Heavy Borean Leather,INTERMEDIATE,TRAINER,3,62964,54000,116,0
38425,Heavy Borean Leather,INTERMEDIATE,TRAINER,2,62334,54000,115,0
25843,Fel Iron Rod,INTERMEDIATE,TRAINER,1,82800,72000,115,0
25843,Fel Iron Rod,INTERMEDIATE,TRAINER,1,81972,72000,113,0
25843,Fel Iron Rod,INTERMEDIATE,TRAINER,1,81152,72000,112,0
25843,Fel Iron Rod,INTERMEDIATE,TRAINER,1,82800,72000,115,0
25843,Fel Iron Rod,INTERMEDIATE,TRAINER,1,81972,72000,113,0
25843,Fel Iron Rod,INTERMEDIATE,TRAINER,1,81152,72000,112,0
25843,Fel Iron Rod,INTERMEDIATE,TRAINER,1,82800,72000,115,0
25843,Fel Iron Rod,INTERMEDIATE,TRAINER,1,81972,72000,113,0
25843,Fel Iron Rod,INTERMEDIATE,TRAINER,1,81152,72000,112,0
25843,Fel Iron Rod,INTERMEDIATE,TRAINER,1,82800,72000,115,0
25843,Fel Iron Rod,INTERMEDIATE,TRAINER,1,81972,72000,113,0
25843,Fel Iron Rod,INTERMEDIATE,TRAINER,1,81152,72000,112,0
25843,Fel Iron Rod,INTERMEDIATE,TRAINER,1,82800,72000,115,0
25843,Fel Iron Rod,INTERMEDIATE,TRAINER,1,81972,72000,113,0
32198,Subtle Crimson Spinel,GEM_CUT,VENDOR,1,320675,250000,128,0
32198,Subtle Crimson Spinel,GEM_CUT,VENDOR,1,317468,250000,126,0
21876,Primal Mooncloth Bag,BAG,VENDOR,1,630604,504000,125,0
6888,Herb Baked Egg,FOOD,UNSOURCED,10,83,34,244,0
8827,Elixir of Water Walking,ELIXIR_POT,UNSOURCED,13,5165,6180,83,1
41597,Abyssal Bag,BAG,VENDOR,1,1023000,750000,136,0
41597,Abyssal Bag,BAG,VENDOR,1,1002540,750000,133,0
41597,Abyssal Bag,BAG,VENDOR,1,1023000,750000,136,0
33782,Steady Talasite,GEM_CUT,VENDOR,1,158208,120000,131,0
33782,Steady Talasite,GEM_CUT,VENDOR,1,153461,120000,127,0
12359,Thorium Bar,INTERMEDIATE,TRAINER,3,1559,1545,100,0
12359,Thorium Bar,INTERMEDIATE,TRAINER,2,1545,1545,100,0
41597,Abyssal Bag,BAG,VENDOR,1,981075,750000,130,0
41597,Abyssal Bag,BAG,VENDOR,1,961453,750000,128,0
33093,Mana Potion Injector,ELIXIR_POT,DROP,5,28900,14400,200,0
33093,Mana Potion Injector,ELIXIR_POT,DROP,5,28322,14400,196,0
33093,Mana Potion Injector,ELIXIR_POT,DROP,20,27472,14400,190,0
33093,Mana Potion Injector,ELIXIR_POT,DROP,5,26373,14400,183,0
33093,Mana Potion Injector,ELIXIR_POT,DROP,5,28900,14400,200,0
33093,Mana Potion Injector,ELIXIR_POT,DROP,20,28322,14400,196,0
33093,Mana Potion Injector,ELIXIR_POT,DROP,5,27472,14400,190,0
33093,Mana Potion Injector,ELIXIR_POT,DROP,20,26373,14400,183,0
33093,Mana Potion Injector,ELIXIR_POT,DROP,20,28900,14400,200,0
33093,Mana Potion Injector,ELIXIR_POT,DROP,5,28322,14400,196,0
33093,Mana Potion Injector,ELIXIR_POT,DROP,20,27472,14400,190,0
33093,Mana Potion Injector,ELIXIR_POT,DROP,10,26373,14400,183,0
23449,Khorium Bar,INTERMEDIATE,TRAINER,12,44880,40000,112,0
23449,Khorium Bar,INTERMEDIATE,TRAINER,2,42636,40000,106,0
41600,Glacial Bag,BAG,VENDOR,1,1869813,990000,188,0
6049,Fire Protection Potion,ELIXIR_POT,VENDOR,5,2049,1679,122,0
2996,Bolt of Linen Cloth,INTERMEDIATE,UNSOURCED,1,230,112,205,0
2996,Bolt of Linen Cloth,INTERMEDIATE,UNSOURCED,14,223,112,199,0
40101,Tense Forest Emerald,GEM_CUT,VENDOR,1,169500,150000,113,0
13510,Flask of the Titans,FLASK,DROP,5,36994,16860,219,0
13510,Flask of the Titans,FLASK,DROP,5,36624,16860,217,0
13510,Flask of the Titans,FLASK,DROP,5,35159,16860,208,0
13510,Flask of the Titans,FLASK,DROP,7,33752,16860,200,0
44331,Elixir of Lightning Speed,ELIXIR_POT,UNSOURCED,5,8182,11400,71,1
44331,Elixir of Lightning Speed,ELIXIR_POT,UNSOURCED,5,8018,11400,70,1
33093,Mana Potion Injector,ELIXIR_POT,DROP,20,31187,14400,216,0
33093,Mana Potion Injector,ELIXIR_POT,DROP,5,30875,14400,214,0
33093,Mana Potion Injector,ELIXIR_POT,DROP,20,30257,14400,210,0
33093,Mana Potion Injector,ELIXIR_POT,DROP,20,31187,14400,216,0
33093,Mana Potion Injector,ELIXIR_POT,DROP,5,30875,14400,214,0
33093,Mana Potion Injector,ELIXIR_POT,DROP,20,30257,14400,210,0
33093,Mana Potion Injector,ELIXIR_POT,DROP,20,31187,14400,216,0
33093,Mana Potion Injector,ELIXIR_POT,DROP,20,30875,14400,214,0
33093,Mana Potion Injector,ELIXIR_POT,DROP,5,30257,14400,210,0
33093,Mana Potion Injector,ELIXIR_POT,DROP,20,31187,14400,216,0
33093,Mana Potion Injector,ELIXIR_POT,DROP,20,30875,14400,214,0
33093,Mana Potion Injector,ELIXIR_POT,DROP,20,30257,14400,210,0
33093,Mana Potion Injector,ELIXIR_POT,DROP,20,31187,14400,216,0
33093,Mana Potion Injector,ELIXIR_POT,DROP,5,30875,14400,214,0
33093,Mana Potion Injector,ELIXIR_POT,DROP,20,30257,14400,210,0
33093,Mana Potion Injector,ELIXIR_POT,DROP,20,31187,14400,216,0
33093,Mana Potion Injector,ELIXIR_POT,DROP,20,30875,14400,214,0
33093,Mana Potion Injector,ELIXIR_POT,DROP,5,30257,14400,210,0
33093,Mana Potion Injector,ELIXIR_POT,DROP,20,31187,14400,216,0
33093,Mana Potion Injector,ELIXIR_POT,DROP,5,30875,14400,214,0
33093,Mana Potion Injector,ELIXIR_POT,DROP,20,30257,14400,210,0
33093,Mana Potion Injector,ELIXIR_POT,DROP,5,31187,14400,216,0
33093,Mana Potion Injector,ELIXIR_POT,DROP,20,30875,14400,214,0
33093,Mana Potion Injector,ELIXIR_POT,DROP,5,30257,14400,210,0
21840,Bolt of Netherweave,INTERMEDIATE,TRAINER,3,28800,28800,100,0
21840,Bolt of Netherweave,INTERMEDIATE,TRAINER,2,28800,28800,100,0
14046,Runecloth Bag,BAG,VENDOR,1,68081,61005,111,0
14046,Runecloth Bag,BAG,VENDOR,1,67400,61005,110,0
40101,Tense Forest Emerald,GEM_CUT,VENDOR,1,196200,150000,130,0
40101,Tense Forest Emerald,GEM_CUT,VENDOR,1,186390,150000,124,0
3575,Iron Bar,INTERMEDIATE,TRAINER,6,1032,900,114,0
38347,Mammoth Mining Bag,BAG,VENDOR,1,484315,432000,112,0
38347,Mammoth Mining Bag,BAG,VENDOR,1,474628,432000,109,0
38347,Mammoth Mining Bag,BAG,VENDOR,1,455642,432000,105,0
38225,Mycah's Botanical Bag,BAG,VENDOR,1,324523,272000,119,0
38225,Mycah's Botanical Bag,BAG,VENDOR,1,318032,272000,116,0
22828,Insane Strength Potion,ELIXIR_POT,DROP,5,29253,12000,243,0
22828,Insane Strength Potion,ELIXIR_POT,DROP,3,28082,12000,234,0
22853,Flask of Mighty Restoration,FLASK,UNSOURCED,5,137196,45000,304,0
22853,Flask of Mighty Restoration,FLASK,UNSOURCED,20,131708,45000,292,0
22853,Flask of Mighty Restoration,FLASK,UNSOURCED,5,137196,45000,304,0
22853,Flask of Mighty Restoration,FLASK,UNSOURCED,6,131708,45000,292,0
40090,Steady Forest Emerald,GEM_CUT,VENDOR,1,177165,150000,118,0
40090,Steady Forest Emerald,GEM_CUT,VENDOR,1,168306,150000,112,0
40090,Steady Forest Emerald,GEM_CUT,VENDOR,1,161573,150000,107,0
37503,Purified Shadowsong Amethyst,GEM_CUT,VENDOR,1,334800,250000,133,0
43000,Dragonfin Filet,FOOD,VENDOR,5,68,49,138,0
43000,Dragonfin Filet,FOOD,VENDOR,5,65,49,132,0
43000,Dragonfin Filet,FOOD,VENDOR,2,68,49,138,0
40130,Shifting Dreadstone,GEM_CUT,VENDOR,1,309225,250000,123,0
4240,Woolen Bag,BAG,TRAINER,1,1399,1324,105,0
4240,Woolen Bag,BAG,TRAINER,1,1343,1324,101,0
4240,Woolen Bag,BAG,TRAINER,1,1324,1324,100,0
34490,Bag of Many Hides,BAG,DROP,1,1566240,627500,249,0
14048,Bolt of Runecloth,INTERMEDIATE,TRAINER,2,11760,11760,100,0
14048,Bolt of Runecloth,INTERMEDIATE,TRAINER,6,11760,11760,100,0
44446,Pack of Endless Pockets,BAG,TRAINER,1,508464,432000,117,0
44446,Pack of Endless Pockets,BAG,TRAINER,1,493210,432000,114,0
44446,Pack of Endless Pockets,BAG,TRAINER,1,488277,432000,113,0
24274,Runic Spellthread,MISC,VENDOR,3,446310,405000,110,0
41594,Moonshroud,INTERMEDIATE,TRAINER,2,184977,195000,94,1
41594,Moonshroud,INTERMEDIATE,TRAINER,9,181277,195000,92,1
4231,Cured Light Hide,INTERMEDIATE,TRAINER,10,431,347,124,0
4231,Cured Light Hide,INTERMEDIATE,TRAINER,4,418,347,120,0
33093,Mana Potion Injector,ELIXIR_POT,DROP,5,22845,14400,158,0
33093,Mana Potion Injector,ELIXIR_POT,DROP,5,21931,14400,152,0
33093,Mana Potion Injector,ELIXIR_POT,DROP,5,21492,14400,149,0
33093,Mana Potion Injector,ELIXIR_POT,DROP,20,20417,14400,141,0
33093,Mana Potion Injector,ELIXIR_POT,DROP,20,22845,14400,158,0
33093,Mana Potion Injector,ELIXIR_POT,DROP,20,21931,14400,152,0
33093,Mana Potion Injector,ELIXIR_POT,DROP,20,21492,14400,149,0
33093,Mana Potion Injector,ELIXIR_POT,DROP,5,20417,14400,141,0
33093,Mana Potion Injector,ELIXIR_POT,DROP,20,22845,14400,158,0
33093,Mana Potion Injector,ELIXIR_POT,DROP,5,21931,14400,152,0
33093,Mana Potion Injector,ELIXIR_POT,DROP,5,21492,14400,149,0
33093,Mana Potion Injector,ELIXIR_POT,DROP,5,20417,14400,141,0
33093,Mana Potion Injector,ELIXIR_POT,DROP,20,22845,14400,158,0
33093,Mana Potion Injector,ELIXIR_POT,DROP,20,21931,14400,152,0
33093,Mana Potion Injector,ELIXIR_POT,DROP,20,21492,14400,149,0
33093,Mana Potion Injector,ELIXIR_POT,DROP,20,20417,14400,141,0
33093,Mana Potion Injector,ELIXIR_POT,DROP,20,22845,14400,158,0
33093,Mana Potion Injector,ELIXIR_POT,DROP,5,21931,14400,152,0
44939,Lesser Flask of Resistance,FLASK,TRAINER,12,28922,24000,120,0
37663,Titansteel Bar,INTERMEDIATE,TRAINER,2,156525,132000,118,0
37663,Titansteel Bar,INTERMEDIATE,TRAINER,12,150264,132000,113,0
3860,Mithril Bar,INTERMEDIATE,TRAINER,7,1616,1545,104,0
3860,Mithril Bar,INTERMEDIATE,TRAINER,7,1599,1545,103,0
33093,Mana Potion Injector,ELIXIR_POT,DROP,20,32140,14400,223,0
33093,Mana Potion Injector,ELIXIR_POT,DROP,20,31497,14400,218,0
33093,Mana Potion Injector,ELIXIR_POT,DROP,20,31182,14400,216,0
33093,Mana Potion Injector,ELIXIR_POT,DROP,20,32140,14400,223,0
33093,Mana Potion Injector,ELIXIR_POT,DROP,20,31497,14400,218,0
33093,Mana Potion Injector,ELIXIR_POT,DROP,5,31182,14400,216,0
33093,Mana Potion Injector,ELIXIR_POT,DROP,5,32140,14400,223,0
33093,Mana Potion Injector,ELIXIR_POT,DROP,5,31497,14400,218,0
33093,Mana Potion Injector,ELIXIR_POT,DROP,20,31182,14400,216,0
33093,Mana Potion Injector,ELIXIR_POT,DROP,5,32140,14400,223,0
33093,Mana Potion Injector,ELIXIR_POT,DROP,20,31497,14400,218,0
33093,Mana Potion Injector,ELIXIR_POT,DROP,20,31182,14400,216,0
33093,Mana Potion Injector,ELIXIR_POT,DROP,5,32140,14400,223,0
33093,Mana Potion Injector,ELIXIR_POT,DROP,5,31497,14400,218,0
33093,Mana Potion Injector,ELIXIR_POT,DROP,10,31182,14400,216,0
41511,Bolt of Imbued Frostweave,INTERMEDIATE,TRAINER,12,177855,147000,120,0
41511,Bolt of Imbued Frostweave,INTERMEDIATE,TRAINER,1,172519,147000,117,0
23775,Titanium Toolbox,BAG,VENDOR,1,511795,448000,114,0
23775,Titanium Toolbox,BAG,VENDOR,1,501559,448000,111,0
21341,Felcloth Bag,BAG,UNSOURCED,1,579549,199240,290,0
21341,Felcloth Bag,BAG,UNSOURCED,1,556367,199240,279,0
21341,Felcloth Bag,BAG,UNSOURCED,1,579549,199240,290,0
23445,Fel Iron Bar,INTERMEDIATE,TRAINER,3,12607,12000,105,0
23445,Fel Iron Bar,INTERMEDIATE,TRAINER,6,12480,12000,104,0
21844,Bolt of Soulcloth,INTERMEDIATE,VENDOR,8,186163,144000,129,0
21844,Bolt of Soulcloth,INTERMEDIATE,VENDOR,2,182439,144000,126,0
23111,Sovereign Shadow Draenite,GEM_CUT,TRAINER,1,21390,20000,106,0
23111,Sovereign Shadow Draenite,GEM_CUT,TRAINER,1,20534,20000,102,0
23111,Sovereign Shadow Draenite,GEM_CUT,TRAINER,1,21390,20000,106,0
38347,Mammoth Mining Bag,BAG,VENDOR,1,449971,432000,104,0
38347,Mammoth Mining Bag,BAG,VENDOR,1,436471,432000,101,0
38347,Mammoth Mining Bag,BAG,VENDOR,1,432000,432000,100,0
44446,Pack of Endless Pockets,BAG,TRAINER,1,492825,432000,114,0
44446,Pack of Endless Pockets,BAG,TRAINER,1,473112,432000,109,0
41396,Eternal Earthsiege Diamond,GEM_CUT,UNSOURCED,1,759132,360000,210,0
41396,Eternal Earthsiege Diamond,GEM_CUT,UNSOURCED,1,736358,360000,204,0
11144,Truesilver Rod,INTERMEDIATE,TRAINER,1,4842,4720,102,0
11144,Truesilver Rod,INTERMEDIATE,TRAINER,1,4720,4720,100,0
11144,Truesilver Rod,INTERMEDIATE,TRAINER,1,4842,4720,102,0
11144,Truesilver Rod,INTERMEDIATE,TRAINER,1,4720,4720,100,0
11144,Truesilver Rod,INTERMEDIATE,TRAINER,1,4842,4720,102,0
5762,Red Linen Bag,BAG,VENDOR,1,612,598,102,0
5762,Red Linen Bag,BAG,VENDOR,1,598,598,100,0
9179,Elixir of Greater Intellect,ELIXIR_POT,TRAINER,5,3563,3426,103,0
9179,Elixir of Greater Intellect,ELIXIR_POT,TRAINER,5,3426,3426,100,0
9179,Elixir of Greater Intellect,ELIXIR_POT,TRAINER,3,3426,3426,100,0
2318,Light Leather,INTERMEDIATE,UNSOURCED,8,209,132,158,0
2318,Light Leather,INTERMEDIATE,UNSOURCED,4,198,132,150,0
31865,Infused Nightseye,GEM_CUT,DROP,1,198720,120000,165,0
31865,Infused Nightseye,GEM_CUT,DROP,1,192758,120000,160,0
24268,Netherweave Net,MISC,TRAINER,4,8554,7200,118,0
4238,Linen Bag,BAG,TRAINER,1,376,366,102,0
4238,Linen Bag,BAG,TRAINER,1,372,366,101,0
4238,Linen Bag,BAG,TRAINER,1,376,366,102,0
36916,Cobalt Bar,INTERMEDIATE,TRAINER,2,6000,6000,100,0
36916,Cobalt Bar,INTERMEDIATE,TRAINER,6,6000,6000,100,0
43257,Wildscale Breastplate,GEAR,TRAINER,1,1636200,1350000,121,0
13512,Flask of Supreme Power,FLASK,DROP,5,21926,11430,191,0
13512,Flask of Supreme Power,FLASK,DROP,20,21048,11430,184,0
13512,Flask of Supreme Power,FLASK,DROP,9,21926,11430,191,0
43971,Frostsavage Cowl,GEAR,TRAINER,1,856800,672000,127,0
43971,Frostsavage Cowl,GEAR,TRAINER,1,822528,672000,122,0
43971,Frostsavage Cowl,GEAR,TRAINER,1,789626,672000,117,0
43122,Shimmering Ink,INTERMEDIATE,TRAINER,3,401,300,133,0
43122,Shimmering Ink,INTERMEDIATE,TRAINER,2,392,300,130,0
40149,Lucent Ametrine,GEM_CUT,VENDOR,1,319700,250000,127,0
40149,Lucent Ametrine,GEM_CUT,VENDOR,1,303715,250000,121,0
40149,Lucent Ametrine,GEM_CUT,VENDOR,1,319700,250000,127,0
34482,Leatherworker's Satchel,BAG,TRAINER,1,274081,245000,111,0
21342,Core Felcloth Bag,BAG,DROP,1,725931,353768,205,0
44939,Lesser Flask of Resistance,FLASK,TRAINER,10,30744,24000,128,0
40136,Balanced Dreadstone,GEM_CUT,VENDOR,1,301275,250000,120,0
7071,Iron Buckle,INTERMEDIATE,TRAINER,5,529,450,117,0
7071,Iron Buckle,INTERMEDIATE,TRAINER,5,502,450,111,0
7071,Iron Buckle,INTERMEDIATE,TRAINER,5,481,450,106,0
7071,Iron Buckle,INTERMEDIATE,TRAINER,1,461,450,102,0
46379,Flask of Stoneblood,FLASK,TRAINER,14,70331,56600,124,0
46379,Flask of Stoneblood,FLASK,TRAINER,20,65293,56600,115,0
46379,Flask of Stoneblood,FLASK,TRAINER,5,62028,56600,109,0
46379,Flask of Stoneblood,FLASK,TRAINER,1,58926,56600,104,0
41510,Bolt of Frostweave,INTERMEDIATE,TRAINER,6,42393,37500,113,0
9060,Inlaid Mithril Cylinder,INTERMEDIATE,UNSOURCED,3,44172,15410,286,0
9060,Inlaid Mithril Cylinder,INTERMEDIATE,UNSOURCED,8,41963,15410,272,0
2319,Medium Leather,INTERMEDIATE,TRAINER,2,375,372,100,0
2319,Medium Leather,INTERMEDIATE,TRAINER,11,372,372,100,0
40121,Lustrous Majestic Zircon,GEM_CUT,VENDOR,1,321300,250000,128,0
41395,Bracing Earthsiege Diamond,GEM_CUT,UNSOURCED,1,835848,360000,232,0
45773,Emerald Bag,BAG,VENDOR,1,895968,720000,124,0
45773,Emerald Bag,BAG,VENDOR,1,878048,720000,121,0
44446,Pack of Endless Pockets,BAG,TRAINER,1,489369,432000,113,0
44446,Pack of Endless Pockets,BAG,TRAINER,1,464900,432000,107,0
44446,Pack of Endless Pockets,BAG,TRAINER,1,455602,432000,105,0
24272,Shadowcloth,INTERMEDIATE,VENDOR,9,96449,64001,150,0
33092,Healing Potion Injector,ELIXIR_POT,DROP,5,48222,18400,262,0
33092,Healing Potion Injector,ELIXIR_POT,DROP,5,47257,18400,256,0
33092,Healing Potion Injector,ELIXIR_POT,DROP,5,45366,18400,246,0
33092,Healing Potion Injector,ELIXIR_POT,DROP,5,43097,18400,234,0
33092,Healing Potion Injector,ELIXIR_POT,DROP,5,48222,18400,262,0
33092,Healing Potion Injector,ELIXIR_POT,DROP,5,47257,18400,256,0
33092,Healing Potion Injector,ELIXIR_POT,DROP,20,45366,18400,246,0
33092,Healing Potion Injector,ELIXIR_POT,DROP,5,43097,18400,234,0
33092,Healing Potion Injector,ELIXIR_POT,DROP,20,48222,18400,262,0
33092,Healing Potion Injector,ELIXIR_POT,DROP,20,47257,18400,256,0
33092,Healing Potion Injector,ELIXIR_POT,DROP,5,45366,18400,246,0
33092,Healing Potion Injector,ELIXIR_POT,DROP,5,43097,18400,234,0
33092,Healing Potion Injector,ELIXIR_POT,DROP,5,48222,18400,262,0
33092,Healing Potion Injector,ELIXIR_POT,DROP,5,47257,18400,256,0
33092,Healing Potion Injector,ELIXIR_POT,DROP,20,45366,18400,246,0
33092,Healing Potion Injector,ELIXIR_POT,DROP,5,43097,18400,234,0
25895,Enigmatic Skyfire Diamond,GEM_CUT,VENDOR,1,478332,360000,132,0
17771,Elementium Bar,MISC,DROP,4,4485717,2472560,181,0
43452,Stormhide Wristguards,GEAR,VENDOR,1,532836,456000,116,0
43452,Stormhide Wristguards,GEAR,VENDOR,1,511522,456000,112,0
43452,Stormhide Wristguards,GEAR,VENDOR,1,506406,456000,111,0
41598,Mysterious Bag,BAG,VENDOR,1,918000,750000,122,0
41598,Mysterious Bag,BAG,VENDOR,1,908820,750000,121,0
36916,Cobalt Bar,INTERMEDIATE,TRAINER,6,6000,6000,100,0
36913,Saronite Bar,INTERMEDIATE,TRAINER,8,37752,30000,125,0
36913,Saronite Bar,INTERMEDIATE,TRAINER,7,36241,30000,120,0
41394,Brilliant Titansteel Treads,GEAR,TRAINER,1,766882,670000,114,0
41394,Brilliant Titansteel Treads,GEAR,TRAINER,1,759213,670000,113,0
6338,Silver Rod,INTERMEDIATE,TRAINER,1,365,335,108,0
6338,Silver Rod,INTERMEDIATE,TRAINER,1,346,335,103,0
6338,Silver Rod,INTERMEDIATE,TRAINER,1,335,335,100,0
6338,Silver Rod,INTERMEDIATE,TRAINER,1,365,335,108,0
6338,Silver Rod,INTERMEDIATE,TRAINER,1,346,335,103,0
6338,Silver Rod,INTERMEDIATE,TRAINER,1,335,335,100,0
6338,Silver Rod,INTERMEDIATE,TRAINER,1,365,335,108,0
40092,Seer's Forest Emerald,GEM_CUT,VENDOR,1,215820,150000,143,0
40092,Seer's Forest Emerald,GEM_CUT,VENDOR,1,209345,150000,139,0
21845,Primal Mooncloth,INTERMEDIATE,VENDOR,6,64064,64001,100,0
21845,Primal Mooncloth,INTERMEDIATE,VENDOR,5,64001,64001,100,0
24270,Bag of Jewels,BAG,VENDOR,1,28827,20006,144,0
24270,Bag of Jewels,BAG,VENDOR,1,27385,20006,136,0
40017,Quick Autumn's Glow,GEM_CUT,VENDOR,1,173880,150000,115,0
40017,Quick Autumn's Glow,GEM_CUT,VENDOR,1,170402,150000,113,0
40017,Quick Autumn's Glow,GEM_CUT,VENDOR,1,173880,150000,115,0
20817,Bronze Setting,INTERMEDIATE,TRAINER,12,162,124,130,0
20817,Bronze Setting,INTERMEDIATE,TRAINER,2,157,124,126,0
7966,Solid Grinding Stone,INTERMEDIATE,TRAINER,5,2444,2352,103,0
7966,Solid Grinding Stone,INTERMEDIATE,TRAINER,1,2352,2352,100,0
23775,Titanium Toolbox,BAG,VENDOR,1,557580,448000,124,0
23775,Titanium Toolbox,BAG,VENDOR,1,529701,448000,118,0
6370,Blackmouth Oil,INTERMEDIATE,TRAINER,6,53,50,106,0
6370,Blackmouth Oil,INTERMEDIATE,TRAINER,4,50,50,100,0
4852,Flash Bomb,MISC,UNSOURCED,3,3558,1239,287,0
27665,Poached Bluefish,FOOD,VENDOR,10,59,48,122,0
3470,Rough Grinding Stone,INTERMEDIATE,TRAINER,2,27,24,112,0
3470,Rough Grinding Stone,INTERMEDIATE,TRAINER,12,25,24,104,0
14046,Runecloth Bag,BAG,VENDOR,1,71277,61005,116,0
14046,Runecloth Bag,BAG,VENDOR,1,69851,61005,114,0
14046,Runecloth Bag,BAG,VENDOR,1,68453,61005,112,0
40150,Deft Ametrine,GEM_CUT,VENDOR,1,348800,250000,139,0
23774,Fel Iron Toolbox,BAG,VENDOR,1,150696,104000,144,0
23774,Fel Iron Toolbox,BAG,VENDOR,1,146175,104000,140,0
43566,Ice Striker's Cloak,GEAR,TRAINER,1,500780,730000,68,1
43566,Ice Striker's Cloak,GEAR,TRAINER,1,485756,730000,66,1
43566,Ice Striker's Cloak,GEAR,TRAINER,1,476040,730000,65,1
43566,Ice Striker's Cloak,GEAR,TRAINER,1,500780,730000,68,1
43566,Ice Striker's Cloak,GEAR,TRAINER,1,485756,730000,66,1
43566,Ice Striker's Cloak,GEAR,TRAINER,1,476040,730000,65,1
43566,Ice Striker's Cloak,GEAR,TRAINER,1,500780,730000,68,1
43566,Ice Striker's Cloak,GEAR,TRAINER,1,485756,730000,66,1
43566,Ice Striker's Cloak,GEAR,TRAINER,1,476040,730000,65,1
33092,Healing Potion Injector,ELIXIR_POT,DROP,5,42997,18400,233,0
33092,Healing Potion Injector,ELIXIR_POT,DROP,20,41277,18400,224,0
33092,Healing Potion Injector,ELIXIR_POT,DROP,20,40038,18400,217,0
33092,Healing Potion Injector,ELIXIR_POT,DROP,5,42997,18400,233,0
33092,Healing Potion Injector,ELIXIR_POT,DROP,5,41277,18400,224,0
33092,Healing Potion Injector,ELIXIR_POT,DROP,20,40038,18400,217,0
33092,Healing Potion Injector,ELIXIR_POT,DROP,5,42997,18400,233,0
33092,Healing Potion Injector,ELIXIR_POT,DROP,5,41277,18400,224,0
33092,Healing Potion Injector,ELIXIR_POT,DROP,5,40038,18400,217,0
33092,Healing Potion Injector,ELIXIR_POT,DROP,5,42997,18400,233,0
33092,Healing Potion Injector,ELIXIR_POT,DROP,20,41277,18400,224,0
33092,Healing Potion Injector,ELIXIR_POT,DROP,20,40038,18400,217,0
33092,Healing Potion Injector,ELIXIR_POT,DROP,5,42997,18400,233,0
33092,Healing Potion Injector,ELIXIR_POT,DROP,5,41277,18400,224,0
33092,Healing Potion Injector,ELIXIR_POT,DROP,5,40038,18400,217,0
33092,Healing Potion Injector,ELIXIR_POT,DROP,5,42997,18400,233,0
33092,Healing Potion Injector,ELIXIR_POT,DROP,5,41277,18400,224,0
33092,Healing Potion Injector,ELIXIR_POT,DROP,5,40038,18400,217,0
33092,Healing Potion Injector,ELIXIR_POT,DROP,5,42997,18400,233,0
33092,Healing Potion Injector,ELIXIR_POT,DROP,5,41277,18400,224,0
33092,Healing Potion Injector,ELIXIR_POT,DROP,5,40038,18400,217,0
33092,Healing Potion Injector,ELIXIR_POT,DROP,20,42997,18400,233,0
33092,Healing Potion Injector,ELIXIR_POT,DROP,20,41277,18400,224,0
32203,Stormy Empyrean Sapphire,GEM_CUT,DROP,1,731500,250000,292,0
32203,Stormy Empyrean Sapphire,GEM_CUT,DROP,1,702240,250000,280,0
33093,Mana Potion Injector,ELIXIR_POT,DROP,5,24624,14400,171,0
33093,Mana Potion Injector,ELIXIR_POT,DROP,20,24131,14400,167,0
33093,Mana Potion Injector,ELIXIR_POT,DROP,20,23648,14400,164,0
33093,Mana Potion Injector,ELIXIR_POT,DROP,20,23175,14400,160,0
33093,Mana Potion Injector,ELIXIR_POT,DROP,5,24624,14400,171,0
33093,Mana Potion Injector,ELIXIR_POT,DROP,5,24131,14400,167,0
33093,Mana Potion Injector,ELIXIR_POT,DROP,20,23648,14400,164,0
33093,Mana Potion Injector,ELIXIR_POT,DROP,20,23175,14400,160,0
33093,Mana Potion Injector,ELIXIR_POT,DROP,20,24624,14400,171,0
33093,Mana Potion Injector,ELIXIR_POT,DROP,5,24131,14400,167,0
33093,Mana Potion Injector,ELIXIR_POT,DROP,5,23648,14400,164,0
33093,Mana Potion Injector,ELIXIR_POT,DROP,5,23175,14400,160,0
33093,Mana Potion Injector,ELIXIR_POT,DROP,5,24624,14400,171,0
33093,Mana Potion Injector,ELIXIR_POT,DROP,20,24131,14400,167,0
33093,Mana Potion Injector,ELIXIR_POT,DROP,20,23648,14400,164,0
33093,Mana Potion Injector,ELIXIR_POT,DROP,5,23175,14400,160,0
4233,Cured Medium Hide,INTERMEDIATE,TRAINER,4,920,807,114,0
4233,Cured Medium Hide,INTERMEDIATE,TRAINER,6,892,807,110,0
46376,Flask of the Frost Wyrm,FLASK,TRAINER,20,86125,65000,132,0
46376,Flask of the Frost Wyrm,FLASK,TRAINER,5,82680,65000,127,0
46376,Flask of the Frost Wyrm,FLASK,TRAINER,3,86125,65000,132,0
23774,Fel Iron Toolbox,BAG,VENDOR,1,121524,104000,116,0
4339,Bolt of Mageweave,INTERMEDIATE,TRAINER,1,5601,5050,110,0
4339,Bolt of Mageweave,INTERMEDIATE,TRAINER,13,5544,5050,109,0
40173,Turbid Eye of Zul,GEM_CUT,VENDOR,1,283725,250000,113,0
40173,Turbid Eye of Zul,GEM_CUT,VENDOR,1,278050,250000,111,0
40173,Turbid Eye of Zul,GEM_CUT,VENDOR,1,283725,250000,113,0
5081,Kodo Hide Bag,BAG,UNSOURCED,1,1686,853,197,0
5081,Kodo Hide Bag,BAG,UNSOURCED,1,1635,853,191,0
39774,Midnight Ink,INTERMEDIATE,TRAINER,1,337,300,112,0
39774,Midnight Ink,INTERMEDIATE,TRAINER,4,326,300,108,0
40046,Deft Monarch Topaz,GEM_CUT,DROP,1,342000,150000,228,0
40046,Deft Monarch Topaz,GEM_CUT,DROP,1,331740,150000,221,0
40046,Deft Monarch Topaz,GEM_CUT,DROP,1,342000,150000,228,0
2319,Medium Leather,INTERMEDIATE,TRAINER,7,396,372,106,0
2319,Medium Leather,INTERMEDIATE,TRAINER,2,392,372,105,0
41510,Bolt of Frostweave,INTERMEDIATE,TRAINER,6,40875,37500,109,0
41510,Bolt of Frostweave,INTERMEDIATE,TRAINER,1,38831,37500,103,0
11128,Golden Rod,INTERMEDIATE,TRAINER,1,4040,3880,104,0
11128,Golden Rod,INTERMEDIATE,TRAINER,1,3918,3880,100,0
11128,Golden Rod,INTERMEDIATE,TRAINER,1,3880,3880,100,0
11128,Golden Rod,INTERMEDIATE,TRAINER,1,4040,3880,104,0
11128,Golden Rod,INTERMEDIATE,TRAINER,1,3918,3880,100,0
11128,Golden Rod,INTERMEDIATE,TRAINER,1,3880,3880,100,0
11128,Golden Rod,INTERMEDIATE,TRAINER,1,4040,3880,104,0
11128,Golden Rod,INTERMEDIATE,TRAINER,1,3918,3880,100,0
11128,Golden Rod,INTERMEDIATE,TRAINER,1,3880,3880,100,0
11128,Golden Rod,INTERMEDIATE,TRAINER,1,4040,3880,104,0
11128,Golden Rod,INTERMEDIATE,TRAINER,1,3918,3880,100,0
42727,Ornate Saronite Pauldrons,GEAR,TRAINER,1,398131,384000,103,0
42727,Ornate Saronite Pauldrons,GEAR,TRAINER,1,390168,384000,101,0
42727,Ornate Saronite Pauldrons,GEAR,TRAINER,1,384000,384000,100,0
31864,Infused Shadow Draenite,GEM_CUT,DROP,1,55440,20000,277,0
31864,Infused Shadow Draenite,GEM_CUT,DROP,1,53222,20000,266,0
22249,Big Bag of Enchantment,BAG,DROP,1,1681415,568430,295,0
41745,Titanium Rod,INTERMEDIATE,TRAINER,1,84032,80000,105,0
41745,Titanium Rod,INTERMEDIATE,TRAINER,1,80000,80000,100,0
41745,Titanium Rod,INTERMEDIATE,TRAINER,1,80000,80000,100,0
41745,Titanium Rod,INTERMEDIATE,TRAINER,1,84032,80000,105,0
41745,Titanium Rod,INTERMEDIATE,TRAINER,1,80000,80000,100,0
41745,Titanium Rod,INTERMEDIATE,TRAINER,1,80000,80000,100,0
41745,Titanium Rod,INTERMEDIATE,TRAINER,1,84032,80000,105,0
41745,Titanium Rod,INTERMEDIATE,TRAINER,1,80000,80000,100,0
41745,Titanium Rod,INTERMEDIATE,TRAINER,1,80000,80000,100,0
41745,Titanium Rod,INTERMEDIATE,TRAINER,1,84032,80000,105,0
41745,Titanium Rod,INTERMEDIATE,TRAINER,1,80000,80000,100,0
3575,Iron Bar,INTERMEDIATE,TRAINER,2,900,900,100,0
3575,Iron Bar,INTERMEDIATE,TRAINER,6,900,900,100,0
41392,Tempered Titansteel Treads,GEAR,TRAINER,1,584910,670000,87,1
41392,Tempered Titansteel Treads,GEAR,TRAINER,1,579060,670000,86,1
41392,Tempered Titansteel Treads,GEAR,TRAINER,1,561688,670000,83,1
41392,Tempered Titansteel Treads,GEAR,TRAINER,1,584910,670000,87,1
41392,Tempered Titansteel Treads,GEAR,TRAINER,1,579060,670000,86,1
41392,Tempered Titansteel Treads,GEAR,TRAINER,1,561688,670000,83,1
41392,Tempered Titansteel Treads,GEAR,TRAINER,1,584910,670000,87,1
41392,Tempered Titansteel Treads,GEAR,TRAINER,1,579060,670000,86,1
41392,Tempered Titansteel Treads,GEAR,TRAINER,1,561688,670000,83,1
21876,Primal Mooncloth Bag,BAG,VENDOR,1,680400,504000,135,0
12190,Dreamless Sleep Potion,ELIXIR_POT,TRAINER,5,7331,5900,124,0
12190,Dreamless Sleep Potion,ELIXIR_POT,TRAINER,5,7037,5900,119,0
12190,Dreamless Sleep Potion,ELIXIR_POT,TRAINER,10,6896,5900,116,0
22851,Flask of Fortification,FLASK,UNSOURCED,20,76212,48500,157,0
9060,Inlaid Mithril Cylinder,INTERMEDIATE,UNSOURCED,7,28390,15410,184,0
9060,Inlaid Mithril Cylinder,INTERMEDIATE,UNSOURCED,1,27802,15410,180,0
9060,Inlaid Mithril Cylinder,INTERMEDIATE,UNSOURCED,10,26967,15410,174,0
38347,Mammoth Mining Bag,BAG,VENDOR,1,551232,432000,127,0
41595,Spellweave,INTERMEDIATE,TRAINER,1,222553,195000,114,0
41595,Spellweave,INTERMEDIATE,TRAINER,7,213650,195000,109,0
5480,Lean Venison,FOOD,VENDOR,5,125,105,119,0
5480,Lean Venison,FOOD,VENDOR,5,123,105,117,0
5480,Lean Venison,FOOD,VENDOR,20,120,105,114,0
5480,Lean Venison,FOOD,VENDOR,5,125,105,119,0
5480,Lean Venison,FOOD,VENDOR,1,123,105,117,0
38347,Mammoth Mining Bag,BAG,VENDOR,1,493516,432000,114,0
36913,Saronite Bar,INTERMEDIATE,TRAINER,1,30000,30000,100,0
36913,Saronite Bar,INTERMEDIATE,TRAINER,5,30000,30000,100,0
41510,Bolt of Frostweave,INTERMEDIATE,TRAINER,3,44013,37500,117,0
41510,Bolt of Frostweave,INTERMEDIATE,TRAINER,3,43572,37500,116,0
13510,Flask of the Titans,FLASK,DROP,5,32346,16860,191,0
13510,Flask of the Titans,FLASK,DROP,5,31052,16860,184,0
13510,Flask of the Titans,FLASK,DROP,4,29499,16860,174,0
37663,Titansteel Bar,INTERMEDIATE,TRAINER,4,142560,132000,108,0
37663,Titansteel Bar,INTERMEDIATE,TRAINER,4,135432,132000,102,0
4231,Cured Light Hide,INTERMEDIATE,TRAINER,10,357,347,102,0
4231,Cured Light Hide,INTERMEDIATE,TRAINER,2,347,347,100,0
41598,Mysterious Bag,BAG,VENDOR,1,878850,750000,117,0
39469,Moonglow Ink,INTERMEDIATE,TRAINER,4,392,300,130,0
39469,Moonglow Ink,INTERMEDIATE,TRAINER,2,384,300,128,0
3478,Coarse Grinding Stone,INTERMEDIATE,TRAINER,6,207,178,116,0
3478,Coarse Grinding Stone,INTERMEDIATE,TRAINER,4,204,178,114,0
33092,Healing Potion Injector,ELIXIR_POT,DROP,5,57481,18400,312,0
33092,Healing Potion Injector,ELIXIR_POT,DROP,20,55181,18400,299,0
33092,Healing Potion Injector,ELIXIR_POT,DROP,5,53525,18400,290,0
33092,Healing Potion Injector,ELIXIR_POT,DROP,5,57481,18400,312,0
33092,Healing Potion Injector,ELIXIR_POT,DROP,5,55181,18400,299,0
33092,Healing Potion Injector,ELIXIR_POT,DROP,5,53525,18400,290,0
33092,Healing Potion Injector,ELIXIR_POT,DROP,5,57481,18400,312,0
33092,Healing Potion Injector,ELIXIR_POT,DROP,20,55181,18400,299,0
33092,Healing Potion Injector,ELIXIR_POT,DROP,5,53525,18400,290,0
33092,Healing Potion Injector,ELIXIR_POT,DROP,5,57481,18400,312,0
33092,Healing Potion Injector,ELIXIR_POT,DROP,5,55181,18400,299,0
33092,Healing Potion Injector,ELIXIR_POT,DROP,20,53525,18400,290,0
33092,Healing Potion Injector,ELIXIR_POT,DROP,20,57481,18400,312,0
33092,Healing Potion Injector,ELIXIR_POT,DROP,5,55181,18400,299,0
33092,Healing Potion Injector,ELIXIR_POT,DROP,20,53525,18400,290,0
33092,Healing Potion Injector,ELIXIR_POT,DROP,5,57481,18400,312,0
33092,Healing Potion Injector,ELIXIR_POT,DROP,5,55181,18400,299,0
33092,Healing Potion Injector,ELIXIR_POT,DROP,20,53525,18400,290,0
33092,Healing Potion Injector,ELIXIR_POT,DROP,20,57481,18400,312,0
33092,Healing Potion Injector,ELIXIR_POT,DROP,5,55181,18400,299,0
33092,Healing Potion Injector,ELIXIR_POT,DROP,5,53525,18400,290,0
33092,Healing Potion Injector,ELIXIR_POT,DROP,20,57481,18400,312,0
33092,Healing Potion Injector,ELIXIR_POT,DROP,5,55181,18400,299,0
33092,Healing Potion Injector,ELIXIR_POT,DROP,20,53525,18400,290,0
33092,Healing Potion Injector,ELIXIR_POT,DROP,5,57481,18400,312,0
33092,Healing Potion Injector,ELIXIR_POT,DROP,5,55181,18400,299,0
33092,Healing Potion Injector,ELIXIR_POT,DROP,5,53525,18400,290,0
33092,Healing Potion Injector,ELIXIR_POT,DROP,5,57481,18400,312,0
33092,Healing Potion Injector,ELIXIR_POT,DROP,5,55181,18400,299,0
33092,Healing Potion Injector,ELIXIR_POT,DROP,5,53525,18400,290,0
33092,Healing Potion Injector,ELIXIR_POT,DROP,20,57481,18400,312,0
33092,Healing Potion Injector,ELIXIR_POT,DROP,15,55181,18400,299,0
43127,Snowfall Ink,INTERMEDIATE,TRAINER,12,445,400,111,0
43127,Snowfall Ink,INTERMEDIATE,TRAINER,2,422,400,105,0
46379,Flask of Stoneblood,FLASK,TRAINER,5,55015,56600,97,1
46379,Flask of Stoneblood,FLASK,TRAINER,15,52264,56600,92,1
25843,Fel Iron Rod,INTERMEDIATE,TRAINER,1,82987,72000,115,0
25843,Fel Iron Rod,INTERMEDIATE,TRAINER,1,81327,72000,112,0
25843,Fel Iron Rod,INTERMEDIATE,TRAINER,1,77260,72000,107,0
25843,Fel Iron Rod,INTERMEDIATE,TRAINER,1,74942,72000,104,0
25843,Fel Iron Rod,INTERMEDIATE,TRAINER,1,82987,72000,115,0
25843,Fel Iron Rod,INTERMEDIATE,TRAINER,1,81327,72000,112,0
25843,Fel Iron Rod,INTERMEDIATE,TRAINER,1,77260,72000,107,0
25843,Fel Iron Rod,INTERMEDIATE,TRAINER,1,74942,72000,104,0
40195,Pygmy Oil,INTERMEDIATE,TRAINER,5,325,300,108,0
3486,Heavy Grinding Stone,INTERMEDIATE,TRAINER,3,1312,1035,126,0
3486,Heavy Grinding Stone,INTERMEDIATE,TRAINER,9,1285,1035,124,0
4240,Woolen Bag,BAG,TRAINER,1,1433,1324,108,0
4240,Woolen Bag,BAG,TRAINER,1,1404,1324,106,0
5762,Red Linen Bag,BAG,VENDOR,1,829,598,138,0
5762,Red Linen Bag,BAG,VENDOR,1,804,598,134,0
5762,Red Linen Bag,BAG,VENDOR,1,829,598,138,0
46376,Flask of the Frost Wyrm,FLASK,TRAINER,5,85020,65000,130,0
46376,Flask of the Frost Wyrm,FLASK,TRAINER,5,80769,65000,124,0
46376,Flask of the Frost Wyrm,FLASK,TRAINER,20,76730,65000,118,0
46376,Flask of the Frost Wyrm,FLASK,TRAINER,10,75195,65000,115,0
21844,Bolt of Soulcloth,INTERMEDIATE,VENDOR,8,184464,144000,128,0
21844,Bolt of Soulcloth,INTERMEDIATE,VENDOR,1,175240,144000,121,0
24272,Shadowcloth,INTERMEDIATE,VENDOR,4,78849,64001,123,0
24272,Shadowcloth,INTERMEDIATE,VENDOR,2,78060,64001,121,0
4233,Cured Medium Hide,INTERMEDIATE,TRAINER,10,822,807,101,0
4233,Cured Medium Hide,INTERMEDIATE,TRAINER,2,807,807,100,0
6050,Frost Protection Potion,ELIXIR_POT,VENDOR,5,2219,1525,145,0
6050,Frost Protection Potion,ELIXIR_POT,VENDOR,1,2130,1525,139,0
43459,Giantmaim Bracers,GEAR,VENDOR,1,793100,1030000,77,1
43459,Giantmaim Bracers,GEAR,VENDOR,1,761376,1030000,73,1
43459,Giantmaim Bracers,GEAR,VENDOR,1,753762,1030000,73,1
43459,Giantmaim Bracers,GEAR,VENDOR,1,746224,1030000,72,1
43459,Giantmaim Bracers,GEAR,VENDOR,1,793100,1030000,77,1
43459,Giantmaim Bracers,GEAR,VENDOR,1,761376,1030000,73,1
43459,Giantmaim Bracers,GEAR,VENDOR,1,753762,1030000,73,1
43459,Giantmaim Bracers,GEAR,VENDOR,1,746224,1030000,72,1
43459,Giantmaim Bracers,GEAR,VENDOR,1,793100,1030000,77,1
43459,Giantmaim Bracers,GEAR,VENDOR,1,761376,1030000,73,1
6338,Silver Rod,INTERMEDIATE,TRAINER,1,342,335,102,0
6338,Silver Rod,INTERMEDIATE,TRAINER,1,335,335,100,0
6338,Silver Rod,INTERMEDIATE,TRAINER,1,335,335,100,0
6338,Silver Rod,INTERMEDIATE,TRAINER,1,335,335,100,0
6338,Silver Rod,INTERMEDIATE,TRAINER,1,342,335,102,0
6338,Silver Rod,INTERMEDIATE,TRAINER,1,335,335,100,0
6338,Silver Rod,INTERMEDIATE,TRAINER,1,335,335,100,0
6338,Silver Rod,INTERMEDIATE,TRAINER,1,335,335,100,0
6338,Silver Rod,INTERMEDIATE,TRAINER,1,342,335,102,0
6338,Silver Rod,INTERMEDIATE,TRAINER,1,335,335,100,0
6338,Silver Rod,INTERMEDIATE,TRAINER,1,335,335,100,0
6338,Silver Rod,INTERMEDIATE,TRAINER,1,335,335,100,0
22861,Flask of Blinding Light,FLASK,UNSOURCED,20,104046,52000,200,0
22861,Flask of Blinding Light,FLASK,UNSOURCED,5,101965,52000,196,0
22861,Flask of Blinding Light,FLASK,UNSOURCED,5,98906,52000,190,0
22861,Flask of Blinding Light,FLASK,UNSOURCED,5,104046,52000,200,0
22861,Flask of Blinding Light,FLASK,UNSOURCED,3,101965,52000,196,0
2842,Silver Bar,INTERMEDIATE,TRAINER,9,303,303,100,0
2842,Silver Bar,INTERMEDIATE,TRAINER,1,303,303,100,0
20816,Delicate Copper Wire,INTERMEDIATE,UNSOURCED,7,61,40,152,0
20816,Delicate Copper Wire,INTERMEDIATE,UNSOURCED,1,58,40,145,0
22574,Mote of Fire,INTERMEDIATE,TRAINER,10,3489,3200,109,0
22574,Mote of Fire,INTERMEDIATE,TRAINER,10,3384,3200,105,0
22574,Mote of Fire,INTERMEDIATE,TRAINER,10,3350,3200,104,0
22574,Mote of Fire,INTERMEDIATE,TRAINER,10,3216,3200,100,0
22574,Mote of Fire,INTERMEDIATE,TRAINER,10,3489,3200,109,0
22574,Mote of Fire,INTERMEDIATE,TRAINER,10,3384,3200,105,0
22574,Mote of Fire,INTERMEDIATE,TRAINER,6,3350,3200,104,0
22574,Mote of Fire,INTERMEDIATE,TRAINER,4,3216,3200,100,0
13511,Flask of Distilled Wisdom,FLASK,DROP,14,23690,13430,176,0
22574,Mote of Fire,INTERMEDIATE,TRAINER,10,3230,3200,100,0
22574,Mote of Fire,INTERMEDIATE,TRAINER,10,3200,3200,100,0
22574,Mote of Fire,INTERMEDIATE,TRAINER,10,3200,3200,100,0
22574,Mote of Fire,INTERMEDIATE,TRAINER,10,3200,3200,100,0
22574,Mote of Fire,INTERMEDIATE,TRAINER,1,3230,3200,100,0
22574,Mote of Fire,INTERMEDIATE,TRAINER,9,3200,3200,100,0
33092,Healing Potion Injector,ELIXIR_POT,DROP,5,41731,18400,226,0
33092,Healing Potion Injector,ELIXIR_POT,DROP,5,40479,18400,219,0
33092,Healing Potion Injector,ELIXIR_POT,DROP,5,38859,18400,211,0
33092,Healing Potion Injector,ELIXIR_POT,DROP,20,41731,18400,226,0
33092,Healing Potion Injector,ELIXIR_POT,DROP,20,40479,18400,219,0
33092,Healing Potion Injector,ELIXIR_POT,DROP,20,38859,18400,211,0
33092,Healing Potion Injector,ELIXIR_POT,DROP,5,41731,18400,226,0
33092,Healing Potion Injector,ELIXIR_POT,DROP,5,40479,18400,219,0
33092,Healing Potion Injector,ELIXIR_POT,DROP,20,38859,18400,211,0
33092,Healing Potion Injector,ELIXIR_POT,DROP,5,41731,18400,226,0
33092,Healing Potion Injector,ELIXIR_POT,DROP,5,40479,18400,219,0
33092,Healing Potion Injector,ELIXIR_POT,DROP,20,38859,18400,211,0
33092,Healing Potion Injector,ELIXIR_POT,DROP,5,41731,18400,226,0
33092,Healing Potion Injector,ELIXIR_POT,DROP,5,40479,18400,219,0
33092,Healing Potion Injector,ELIXIR_POT,DROP,20,38859,18400,211,0
33092,Healing Potion Injector,ELIXIR_POT,DROP,5,41731,18400,226,0
33092,Healing Potion Injector,ELIXIR_POT,DROP,5,40479,18400,219,0
33092,Healing Potion Injector,ELIXIR_POT,DROP,20,38859,18400,211,0
33092,Healing Potion Injector,ELIXIR_POT,DROP,5,41731,18400,226,0
21841,Netherweave Bag,BAG,TRAINER,1,110271,101000,109,0
21841,Netherweave Bag,BAG,TRAINER,1,108065,101000,106,0
21841,Netherweave Bag,BAG,TRAINER,1,106984,101000,105,0
12644,Dense Grinding Stone,INTERMEDIATE,TRAINER,5,6511,5760,113,0
12644,Dense Grinding Stone,INTERMEDIATE,TRAINER,1,6445,5760,111,0
22251,Cenarion Herb Bag,BAG,VENDOR,1,95743,79933,119,0
22251,Cenarion Herb Bag,BAG,VENDOR,1,90955,79933,113,0
34747,Northern Stew,FOOD,UNSOURCED,5,1995,900,221,0
4371,Bronze Tube,INTERMEDIATE,TRAINER,3,224,224,100,0
4371,Bronze Tube,INTERMEDIATE,TRAINER,3,224,224,100,0
15564,Rugged Armor Kit,MISC,TRAINER,4,12423,10200,121,0
25843,Fel Iron Rod,INTERMEDIATE,TRAINER,1,73526,72000,102,0
25843,Fel Iron Rod,INTERMEDIATE,TRAINER,1,72790,72000,101,0
25843,Fel Iron Rod,INTERMEDIATE,TRAINER,1,72062,72000,100,0
25843,Fel Iron Rod,INTERMEDIATE,TRAINER,1,73526,72000,102,0
25843,Fel Iron Rod,INTERMEDIATE,TRAINER,1,72790,72000,101,0
34490,Bag of Many Hides,BAG,DROP,1,1682578,627500,268,0
44939,Lesser Flask of Resistance,FLASK,TRAINER,5,25116,24000,104,0
44939,Lesser Flask of Resistance,FLASK,TRAINER,13,24000,24000,100,0
14342,Mooncloth,INTERMEDIATE,VENDOR,7,17013,15200,111,0
22853,Flask of Mighty Restoration,FLASK,UNSOURCED,12,140085,45000,311,0
25843,Fel Iron Rod,INTERMEDIATE,TRAINER,1,81576,72000,113,0
25843,Fel Iron Rod,INTERMEDIATE,TRAINER,1,79944,72000,111,0
25843,Fel Iron Rod,INTERMEDIATE,TRAINER,1,77545,72000,107,0
25843,Fel Iron Rod,INTERMEDIATE,TRAINER,1,74443,72000,103,0
25843,Fel Iron Rod,INTERMEDIATE,TRAINER,1,81576,72000,113,0
25843,Fel Iron Rod,INTERMEDIATE,TRAINER,1,79944,72000,111,0
25843,Fel Iron Rod,INTERMEDIATE,TRAINER,1,77545,72000,107,0
25843,Fel Iron Rod,INTERMEDIATE,TRAINER,1,74443,72000,103,0
25843,Fel Iron Rod,INTERMEDIATE,TRAINER,1,81576,72000,113,0
25843,Fel Iron Rod,INTERMEDIATE,TRAINER,1,79944,72000,111,0
25843,Fel Iron Rod,INTERMEDIATE,TRAINER,1,77545,72000,107,0
25843,Fel Iron Rod,INTERMEDIATE,TRAINER,1,74443,72000,103,0
25843,Fel Iron Rod,INTERMEDIATE,TRAINER,1,81576,72000,113,0
25843,Fel Iron Rod,INTERMEDIATE,TRAINER,1,79944,72000,111,0
11128,Golden Rod,INTERMEDIATE,TRAINER,1,4059,3880,104,0
11128,Golden Rod,INTERMEDIATE,TRAINER,1,3977,3880,102,0
11128,Golden Rod,INTERMEDIATE,TRAINER,1,3880,3880,100,0
11128,Golden Rod,INTERMEDIATE,TRAINER,1,3880,3880,100,0
11128,Golden Rod,INTERMEDIATE,TRAINER,1,4059,3880,104,0
11128,Golden Rod,INTERMEDIATE,TRAINER,1,3977,3880,102,0
11128,Golden Rod,INTERMEDIATE,TRAINER,1,3880,3880,100,0
11128,Golden Rod,INTERMEDIATE,TRAINER,1,3880,3880,100,0
11128,Golden Rod,INTERMEDIATE,TRAINER,1,4059,3880,104,0
11128,Golden Rod,INTERMEDIATE,TRAINER,1,3977,3880,102,0
11128,Golden Rod,INTERMEDIATE,TRAINER,1,3880,3880,100,0
11128,Golden Rod,INTERMEDIATE,TRAINER,1,3880,3880,100,0
11128,Golden Rod,INTERMEDIATE,TRAINER,1,4059,3880,104,0
11128,Golden Rod,INTERMEDIATE,TRAINER,1,3977,3880,102,0
11128,Golden Rod,INTERMEDIATE,TRAINER,1,3880,3880,100,0
21845,Primal Mooncloth,INTERMEDIATE,VENDOR,4,72800,64001,113,0
21845,Primal Mooncloth,INTERMEDIATE,VENDOR,1,71344,64001,111,0
9060,Inlaid Mithril Cylinder,INTERMEDIATE,UNSOURCED,6,26087,15410,169,0
9060,Inlaid Mithril Cylinder,INTERMEDIATE,UNSOURCED,9,25043,15410,162,0
9061,Goblin Rocket Fuel,INTERMEDIATE,UNSOURCED,2,8149,3077,264,0
9061,Goblin Rocket Fuel,INTERMEDIATE,UNSOURCED,11,8067,3077,262,0
14156,Bottomless Bag,BAG,DROP,1,1039733,483980,214,0
14156,Bottomless Bag,BAG,DROP,1,1018938,483980,210,0
14156,Bottomless Bag,BAG,DROP,1,1039733,483980,214,0
21342,Core Felcloth Bag,BAG,DROP,1,704068,353768,199,0
21342,Core Felcloth Bag,BAG,DROP,1,682945,353768,193,0
21845,Primal Mooncloth,INTERMEDIATE,VENDOR,5,78132,64001,122,0
21845,Primal Mooncloth,INTERMEDIATE,VENDOR,9,74225,64001,115,0
23774,Fel Iron Toolbox,BAG,VENDOR,1,113620,104000,109,0
23774,Fel Iron Toolbox,BAG,VENDOR,1,110211,104000,105,0
23774,Fel Iron Toolbox,BAG,VENDOR,1,106904,104000,102,0
33092,Healing Potion Injector,ELIXIR_POT,DROP,20,36901,18400,200,0
33092,Healing Potion Injector,ELIXIR_POT,DROP,20,36531,18400,198,0
33092,Healing Potion Injector,ELIXIR_POT,DROP,5,36901,18400,200,0
33092,Healing Potion Injector,ELIXIR_POT,DROP,5,36531,18400,198,0
33092,Healing Potion Injector,ELIXIR_POT,DROP,5,36901,18400,200,0
33092,Healing Potion Injector,ELIXIR_POT,DROP,5,36531,18400,198,0
33092,Healing Potion Injector,ELIXIR_POT,DROP,5,36901,18400,200,0
33092,Healing Potion Injector,ELIXIR_POT,DROP,20,36531,18400,198,0
33092,Healing Potion Injector,ELIXIR_POT,DROP,20,36901,18400,200,0
33092,Healing Potion Injector,ELIXIR_POT,DROP,5,36531,18400,198,0
33092,Healing Potion Injector,ELIXIR_POT,DROP,5,36901,18400,200,0
33092,Healing Potion Injector,ELIXIR_POT,DROP,20,36531,18400,198,0
33092,Healing Potion Injector,ELIXIR_POT,DROP,5,36901,18400,200,0
33092,Healing Potion Injector,ELIXIR_POT,DROP,20,36531,18400,198,0
33092,Healing Potion Injector,ELIXIR_POT,DROP,20,36901,18400,200,0
33092,Healing Potion Injector,ELIXIR_POT,DROP,20,36531,18400,198,0
33092,Healing Potion Injector,ELIXIR_POT,DROP,20,36901,18400,200,0
33092,Healing Potion Injector,ELIXIR_POT,DROP,20,36531,18400,198,0
33092,Healing Potion Injector,ELIXIR_POT,DROP,5,36901,18400,200,0
33092,Healing Potion Injector,ELIXIR_POT,DROP,20,36531,18400,198,0
33092,Healing Potion Injector,ELIXIR_POT,DROP,20,36901,18400,200,0
33092,Healing Potion Injector,ELIXIR_POT,DROP,20,36531,18400,198,0
33092,Healing Potion Injector,ELIXIR_POT,DROP,5,36901,18400,200,0
33092,Healing Potion Injector,ELIXIR_POT,DROP,5,36531,18400,198,0
33092,Healing Potion Injector,ELIXIR_POT,DROP,5,36901,18400,200,0
33092,Healing Potion Injector,ELIXIR_POT,DROP,5,36531,18400,198,0
33092,Healing Potion Injector,ELIXIR_POT,DROP,15,36901,18400,200,0
46376,Flask of the Frost Wyrm,FLASK,TRAINER,14,73749,65000,113,0
33092,Healing Potion Injector,ELIXIR_POT,DROP,5,48390,18400,262,0
33092,Healing Potion Injector,ELIXIR_POT,DROP,5,46454,18400,252,0
33092,Healing Potion Injector,ELIXIR_POT,DROP,5,48390,18400,262,0
33092,Healing Potion Injector,ELIXIR_POT,DROP,5,46454,18400,252,0
33092,Healing Potion Injector,ELIXIR_POT,DROP,5,48390,18400,262,0
33092,Healing Potion Injector,ELIXIR_POT,DROP,20,46454,18400,252,0
33092,Healing Potion Injector,ELIXIR_POT,DROP,20,48390,18400,262,0
33092,Healing Potion Injector,ELIXIR_POT,DROP,5,46454,18400,252,0
33092,Healing Potion Injector,ELIXIR_POT,DROP,5,48390,18400,262,0
33092,Healing Potion Injector,ELIXIR_POT,DROP,5,46454,18400,252,0
33092,Healing Potion Injector,ELIXIR_POT,DROP,5,48390,18400,262,0
33092,Healing Potion Injector,ELIXIR_POT,DROP,5,46454,18400,252,0
33092,Healing Potion Injector,ELIXIR_POT,DROP,20,48390,18400,262,0
33092,Healing Potion Injector,ELIXIR_POT,DROP,20,46454,18400,252,0
33092,Healing Potion Injector,ELIXIR_POT,DROP,20,48390,18400,262,0
33092,Healing Potion Injector,ELIXIR_POT,DROP,5,46454,18400,252,0
33092,Healing Potion Injector,ELIXIR_POT,DROP,5,48390,18400,262,0
33092,Healing Potion Injector,ELIXIR_POT,DROP,5,46454,18400,252,0
33092,Healing Potion Injector,ELIXIR_POT,DROP,5,48390,18400,262,0
33092,Healing Potion Injector,ELIXIR_POT,DROP,20,46454,18400,252,0
33092,Healing Potion Injector,ELIXIR_POT,DROP,5,48390,18400,262,0
33092,Healing Potion Injector,ELIXIR_POT,DROP,5,46454,18400,252,0
32851,Cauldron of Major Nature Protection,MISC,UNSOURCED,3,326854,166000,196,0
45811,Frostguard Drape,GEAR,TRAINER,1,1018248,924000,110,0
33092,Healing Potion Injector,ELIXIR_POT,DROP,5,28715,18400,156,0
33092,Healing Potion Injector,ELIXIR_POT,DROP,5,28140,18400,152,0
33092,Healing Potion Injector,ELIXIR_POT,DROP,20,27295,18400,148,0
33092,Healing Potion Injector,ELIXIR_POT,DROP,5,28715,18400,156,0
33092,Healing Potion Injector,ELIXIR_POT,DROP,5,28140,18400,152,0
33092,Healing Potion Injector,ELIXIR_POT,DROP,20,27295,18400,148,0
33092,Healing Potion Injector,ELIXIR_POT,DROP,5,28715,18400,156,0
33092,Healing Potion Injector,ELIXIR_POT,DROP,20,28140,18400,152,0
33092,Healing Potion Injector,ELIXIR_POT,DROP,20,27295,18400,148,0
33092,Healing Potion Injector,ELIXIR_POT,DROP,20,28715,18400,156,0
33092,Healing Potion Injector,ELIXIR_POT,DROP,5,28140,18400,152,0
33092,Healing Potion Injector,ELIXIR_POT,DROP,5,27295,18400,148,0
33092,Healing Potion Injector,ELIXIR_POT,DROP,20,28715,18400,156,0
33092,Healing Potion Injector,ELIXIR_POT,DROP,5,28140,18400,152,0
33092,Healing Potion Injector,ELIXIR_POT,DROP,5,27295,18400,148,0
33092,Healing Potion Injector,ELIXIR_POT,DROP,20,28715,18400,156,0
33092,Healing Potion Injector,ELIXIR_POT,DROP,15,28140,18400,152,0
14155,Mooncloth Bag,BAG,DROP,1,157184,59935,262,0
14155,Mooncloth Bag,BAG,DROP,1,152468,59935,254,0
24272,Shadowcloth,INTERMEDIATE,VENDOR,5,75879,64001,118,0
24272,Shadowcloth,INTERMEDIATE,VENDOR,4,74361,64001,116,0
14342,Mooncloth,INTERMEDIATE,VENDOR,7,19574,15200,128,0
14342,Mooncloth,INTERMEDIATE,VENDOR,4,19378,15200,127,0
23101,Potent Flame Spessarite,GEM_CUT,VENDOR,1,26304,20000,131,0
17771,Elementium Bar,MISC,DROP,1,5228474,2472560,211,0
22574,Mote of Fire,INTERMEDIATE,TRAINER,10,3964,3200,123,0
22574,Mote of Fire,INTERMEDIATE,TRAINER,10,3845,3200,120,0
22574,Mote of Fire,INTERMEDIATE,TRAINER,10,3964,3200,123,0
22574,Mote of Fire,INTERMEDIATE,TRAINER,10,3845,3200,120,0
22574,Mote of Fire,INTERMEDIATE,TRAINER,9,3964,3200,123,0
22574,Mote of Fire,INTERMEDIATE,TRAINER,1,3845,3200,120,0
24268,Netherweave Net,MISC,TRAINER,6,8124,7200,112,0
40164,Timeless Eye of Zul,GEM_CUT,VENDOR,1,323200,250000,129,0
24272,Shadowcloth,INTERMEDIATE,VENDOR,3,81735,64001,127,0
24272,Shadowcloth,INTERMEDIATE,VENDOR,4,77648,64001,121,0
4238,Linen Bag,BAG,TRAINER,1,475,366,129,0
4238,Linen Bag,BAG,TRAINER,1,465,366,127,0
4238,Linen Bag,BAG,TRAINER,1,475,366,129,0
41745,Titanium Rod,INTERMEDIATE,TRAINER,1,95040,80000,118,0
41745,Titanium Rod,INTERMEDIATE,TRAINER,1,94089,80000,117,0
41745,Titanium Rod,INTERMEDIATE,TRAINER,1,90325,80000,112,0
41745,Titanium Rod,INTERMEDIATE,TRAINER,1,95040,80000,118,0
41745,Titanium Rod,INTERMEDIATE,TRAINER,1,94089,80000,117,0
41745,Titanium Rod,INTERMEDIATE,TRAINER,1,90325,80000,112,0
23446,Adamantite Bar,INTERMEDIATE,TRAINER,1,24354,18000,135,0
23446,Adamantite Bar,INTERMEDIATE,TRAINER,4,23136,18000,128,0
21872,Ebon Shadowbag,BAG,VENDOR,1,568425,408000,139,0
21872,Ebon Shadowbag,BAG,VENDOR,1,540003,408000,132,0
21872,Ebon Shadowbag,BAG,VENDOR,1,568425,408000,139,0
23097,Delicate Blood Garnet,GEM_CUT,VENDOR,1,22656,20000,113,0
23097,Delicate Blood Garnet,GEM_CUT,VENDOR,1,22202,20000,111,0
40101,Tense Forest Emerald,GEM_CUT,VENDOR,1,164415,150000,109,0
40101,Tense Forest Emerald,GEM_CUT,VENDOR,1,161126,150000,107,0
33092,Healing Potion Injector,ELIXIR_POT,DROP,20,48725,18400,264,0
33092,Healing Potion Injector,ELIXIR_POT,DROP,5,47750,18400,259,0
33092,Healing Potion Injector,ELIXIR_POT,DROP,5,45362,18400,246,0
33092,Healing Potion Injector,ELIXIR_POT,DROP,20,48725,18400,264,0
33092,Healing Potion Injector,ELIXIR_POT,DROP,5,47750,18400,259,0
33092,Healing Potion Injector,ELIXIR_POT,DROP,5,45362,18400,246,0
33092,Healing Potion Injector,ELIXIR_POT,DROP,20,48725,18400,264,0
33092,Healing Potion Injector,ELIXIR_POT,DROP,20,47750,18400,259,0
33092,Healing Potion Injector,ELIXIR_POT,DROP,20,45362,18400,246,0
33092,Healing Potion Injector,ELIXIR_POT,DROP,20,48725,18400,264,0
33092,Healing Potion Injector,ELIXIR_POT,DROP,20,47750,18400,259,0
33092,Healing Potion Injector,ELIXIR_POT,DROP,20,45362,18400,246,0
33092,Healing Potion Injector,ELIXIR_POT,DROP,5,48725,18400,264,0
33092,Healing Potion Injector,ELIXIR_POT,DROP,5,47750,18400,259,0
33092,Healing Potion Injector,ELIXIR_POT,DROP,20,45362,18400,246,0
33092,Healing Potion Injector,ELIXIR_POT,DROP,20,48725,18400,264,0
33092,Healing Potion Injector,ELIXIR_POT,DROP,5,47750,18400,259,0
33092,Healing Potion Injector,ELIXIR_POT,DROP,5,45362,18400,246,0
34490,Bag of Many Hides,BAG,DROP,1,1387967,627500,221,0
39996,Bold Scarlet Ruby,GEM_CUT,VENDOR,1,187680,150000,125,0
39996,Bold Scarlet Ruby,GEM_CUT,VENDOR,1,182049,150000,121,0
3385,Lesser Mana Potion,ELIXIR_POT,TRAINER,7,750,736,101,0
10586,The Big One,INTERMEDIATE,TRAINER,13,7807,7510,103,0
10586,The Big One,INTERMEDIATE,TRAINER,1,7650,7510,101,0
25844,Adamantite Rod,INTERMEDIATE,VENDOR,1,210276,180000,116,0
25844,Adamantite Rod,INTERMEDIATE,VENDOR,1,203967,180000,113,0
25844,Adamantite Rod,INTERMEDIATE,VENDOR,1,199887,180000,111,0
25844,Adamantite Rod,INTERMEDIATE,VENDOR,1,197888,180000,109,0
25844,Adamantite Rod,INTERMEDIATE,VENDOR,1,210276,180000,116,0
25844,Adamantite Rod,INTERMEDIATE,VENDOR,1,203967,180000,113,0
25844,Adamantite Rod,INTERMEDIATE,VENDOR,1,199887,180000,111,0
21844,Bolt of Soulcloth,INTERMEDIATE,VENDOR,9,159724,144000,110,0
21844,Bolt of Soulcloth,INTERMEDIATE,VENDOR,6,156529,144000,108,0
4245,Small Silk Pack,BAG,TRAINER,1,8981,8640,103,0
4245,Small Silk Pack,BAG,TRAINER,1,8640,8640,100,0
40068,Wrath Elixir,ELIXIR_POT,TRAINER,8,17004,15000,113,0
9036,Magic Resistance Potion,ELIXIR_POT,DROP,9,7086,3021,234,0
23446,Adamantite Bar,INTERMEDIATE,TRAINER,2,19872,18000,110,0
23446,Adamantite Bar,INTERMEDIATE,TRAINER,5,19474,18000,108,0
40079,Lesser Flask of Toughness,FLASK,TRAINER,7,21168,21000,100,0
5634,Free Action Potion,ELIXIR_POT,VENDOR,5,999,788,126,0
5634,Free Action Potion,ELIXIR_POT,VENDOR,9,959,788,121,0
12644,Dense Grinding Stone,INTERMEDIATE,TRAINER,4,5760,5760,100,0
12644,Dense Grinding Stone,INTERMEDIATE,TRAINER,2,5760,5760,100,0
2841,Bronze Bar,INTERMEDIATE,TRAINER,2,71,62,114,0
2841,Bronze Bar,INTERMEDIATE,TRAINER,18,70,62,112,0
21872,Ebon Shadowbag,BAG,VENDOR,1,522240,408000,128,0
21872,Ebon Shadowbag,BAG,VENDOR,1,511795,408000,125,0
23775,Titanium Toolbox,BAG,VENDOR,1,628947,448000,140,0
23775,Titanium Toolbox,BAG,VENDOR,1,597499,448000,133,0
22861,Flask of Blinding Light,FLASK,UNSOURCED,5,140067,52000,269,0
22861,Flask of Blinding Light,FLASK,UNSOURCED,7,135864,52000,261,0
34490,Bag of Many Hides,BAG,DROP,1,1456113,627500,232,0
4305,Bolt of Silk Cloth,INTERMEDIATE,TRAINER,1,2805,2376,118,0
4305,Bolt of Silk Cloth,INTERMEDIATE,TRAINER,6,2776,2376,116,0
20816,Delicate Copper Wire,INTERMEDIATE,UNSOURCED,3,58,40,145,0
20816,Delicate Copper Wire,INTERMEDIATE,UNSOURCED,3,55,40,137,0
41594,Moonshroud,INTERMEDIATE,TRAINER,4,149058,195000,76,1
41594,Moonshroud,INTERMEDIATE,TRAINER,2,141605,195000,72,1
4304,Thick Leather,INTERMEDIATE,TRAINER,6,3636,3636,100,0
23774,Fel Iron Toolbox,BAG,VENDOR,1,118809,104000,114,0
23774,Fel Iron Toolbox,BAG,VENDOR,1,112868,104000,108,0
23774,Fel Iron Toolbox,BAG,VENDOR,1,111739,104000,107,0
13511,Flask of Distilled Wisdom,FLASK,DROP,20,26728,13430,199,0
13511,Flask of Distilled Wisdom,FLASK,DROP,5,26193,13430,195,0
13511,Flask of Distilled Wisdom,FLASK,DROP,11,26728,13430,199,0
4240,Woolen Bag,BAG,TRAINER,1,1324,1324,100,0
4240,Woolen Bag,BAG,TRAINER,1,1324,1324,100,0
22248,Enchanted Runecloth Bag,BAG,VENDOR,1,665414,551525,120,0
22248,Enchanted Runecloth Bag,BAG,VENDOR,1,632143,551525,114,0
22248,Enchanted Runecloth Bag,BAG,VENDOR,1,625821,551525,113,0
10560,Unstable Trigger,INTERMEDIATE,TRAINER,2,4612,3692,124,0
10560,Unstable Trigger,INTERMEDIATE,TRAINER,8,4519,3692,122,0
42103,Moonshroud Gloves,GEAR,TRAINER,1,1464467,1348000,108,0
42103,Moonshroud Gloves,GEAR,TRAINER,1,1391243,1348000,103,0
22252,Satchel of Cenarius,BAG,VENDOR,1,181697,154900,117,0
22252,Satchel of Cenarius,BAG,VENDOR,1,178063,154900,114,0
22252,Satchel of Cenarius,BAG,VENDOR,1,174501,154900,112,0
41367,Dark Jade Focusing Lens,MISC,TRAINER,1,20000,20000,100,0
41367,Dark Jade Focusing Lens,MISC,TRAINER,1,20000,20000,100,0
41367,Dark Jade Focusing Lens,MISC,TRAINER,1,20000,20000,100,0
41367,Dark Jade Focusing Lens,MISC,TRAINER,1,20000,20000,100,0
41367,Dark Jade Focusing Lens,MISC,TRAINER,1,20000,20000,100,0
5763,Red Woolen Bag,BAG,VENDOR,1,2674,1782,150,0
21340,Soul Pouch,BAG,VENDOR,1,91817,80078,114,0
21340,Soul Pouch,BAG,VENDOR,1,89980,80078,112,0
42103,Moonshroud Gloves,GEAR,TRAINER,1,1730832,1348000,128,0
42103,Moonshroud Gloves,GEAR,TRAINER,1,1678907,1348000,124,0
40213,Mighty Arcane Protection Potion,ELIXIR_POT,DROP,5,8380,10800,77,1
40213,Mighty Arcane Protection Potion,ELIXIR_POT,DROP,5,8128,10800,75,1
40213,Mighty Arcane Protection Potion,ELIXIR_POT,DROP,3,8380,10800,77,1
27666,Golden Fish Sticks,FOOD,VENDOR,12,56,48,116,0
6338,Silver Rod,INTERMEDIATE,TRAINER,1,380,335,113,0
6338,Silver Rod,INTERMEDIATE,TRAINER,1,372,335,111,0
6338,Silver Rod,INTERMEDIATE,TRAINER,1,368,335,109,0
6338,Silver Rod,INTERMEDIATE,TRAINER,1,364,335,108,0
6338,Silver Rod,INTERMEDIATE,TRAINER,1,380,335,113,0
4339,Bolt of Mageweave,INTERMEDIATE,TRAINER,11,5302,5050,104,0
43972,Frostsavage Robe,GEAR,TRAINER,1,743097,672000,110,0
21844,Bolt of Soulcloth,INTERMEDIATE,VENDOR,3,202752,144000,140,0
21844,Bolt of Soulcloth,INTERMEDIATE,VENDOR,10,198696,144000,137,0
40129,Sovereign Dreadstone,GEM_CUT,VENDOR,1,347750,250000,139,0
3391,Elixir of Ogre's Strength,ELIXIR_POT,DROP,16,382,237,161,0
31869,Wicked Flame Spessarite,GEM_CUT,DROP,1,38220,20000,191,0
31869,Wicked Flame Spessarite,GEM_CUT,DROP,1,37455,20000,187,0
31869,Wicked Flame Spessarite,GEM_CUT,DROP,1,35582,20000,177,0
41594,Moonshroud,INTERMEDIATE,TRAINER,2,235950,195000,121,0
41594,Moonshroud,INTERMEDIATE,TRAINER,4,233590,195000,119,0
41745,Titanium Rod,INTERMEDIATE,TRAINER,1,84584,80000,105,0
41745,Titanium Rod,INTERMEDIATE,TRAINER,1,81200,80000,101,0
41745,Titanium Rod,INTERMEDIATE,TRAINER,1,80000,80000,100,0
41745,Titanium Rod,INTERMEDIATE,TRAINER,1,80000,80000,100,0
41745,Titanium Rod,INTERMEDIATE,TRAINER,1,84584,80000,105,0
41745,Titanium Rod,INTERMEDIATE,TRAINER,1,81200,80000,101,0
41745,Titanium Rod,INTERMEDIATE,TRAINER,1,80000,80000,100,0
41745,Titanium Rod,INTERMEDIATE,TRAINER,1,80000,80000,100,0
41745,Titanium Rod,INTERMEDIATE,TRAINER,1,84584,80000,105,0
41745,Titanium Rod,INTERMEDIATE,TRAINER,1,81200,80000,101,0
41745,Titanium Rod,INTERMEDIATE,TRAINER,1,80000,80000,100,0
41745,Titanium Rod,INTERMEDIATE,TRAINER,1,80000,80000,100,0
41745,Titanium Rod,INTERMEDIATE,TRAINER,1,84584,80000,105,0
41745,Titanium Rod,INTERMEDIATE,TRAINER,1,81200,80000,101,0
41745,Titanium Rod,INTERMEDIATE,TRAINER,1,80000,80000,100,0
41376,Revitalizing Skyflare Diamond,GEM_CUT,UNSOURCED,1,1024380,360000,284,0
23447,Eternium Bar,INTERMEDIATE,TRAINER,5,20000,20000,100,0
23447,Eternium Bar,INTERMEDIATE,TRAINER,1,20000,20000,100,0
42641,Global Thermal Sapper Charge,MISC,TRAINER,20,6601,6900,95,1
42641,Global Thermal Sapper Charge,MISC,TRAINER,5,6336,6900,91,1
41553,Black Duskweave Leggings,GEAR,TRAINER,1,1008787,915000,110,0
41553,Black Duskweave Leggings,GEAR,TRAINER,1,958347,915000,104,0
41553,Black Duskweave Leggings,GEAR,TRAINER,1,939180,915000,102,0
12359,Thorium Bar,INTERMEDIATE,TRAINER,1,1545,1545,100,0
12359,Thorium Bar,INTERMEDIATE,TRAINER,7,1545,1545,100,0
42100,Moonshroud Robe,GEAR,TRAINER,1,2387886,2122000,112,0
42100,Moonshroud Robe,GEAR,TRAINER,1,2292370,2122000,108,0
42100,Moonshroud Robe,GEAR,TRAINER,1,2387886,2122000,112,0
41598,Mysterious Bag,BAG,VENDOR,1,931500,750000,124,0
41598,Mysterious Bag,BAG,VENDOR,1,884925,750000,117,0
41598,Mysterious Bag,BAG,VENDOR,1,876075,750000,116,0
17771,Elementium Bar,MISC,DROP,2,5590457,2472560,226,0
8827,Elixir of Water Walking,ELIXIR_POT,UNSOURCED,5,5679,6180,91,1
8827,Elixir of Water Walking,ELIXIR_POT,UNSOURCED,5,4491,6180,72,1
8827,Elixir of Water Walking,ELIXIR_POT,UNSOURCED,5,4311,6180,69,1
8827,Elixir of Water Walking,ELIXIR_POT,UNSOURCED,2,4491,6180,72,1
37663,Titansteel Bar,INTERMEDIATE,TRAINER,2,163983,132000,124,0
37663,Titansteel Bar,INTERMEDIATE,TRAINER,7,162343,132000,122,0
41745,Titanium Rod,INTERMEDIATE,TRAINER,1,98176,80000,122,0
41745,Titanium Rod,INTERMEDIATE,TRAINER,1,94248,80000,117,0
41745,Titanium Rod,INTERMEDIATE,TRAINER,1,98176,80000,122,0
41745,Titanium Rod,INTERMEDIATE,TRAINER,1,94248,80000,117,0
41745,Titanium Rod,INTERMEDIATE,TRAINER,1,98176,80000,122,0
41745,Titanium Rod,INTERMEDIATE,TRAINER,1,94248,80000,117,0
41745,Titanium Rod,INTERMEDIATE,TRAINER,1,98176,80000,122,0
41745,Titanium Rod,INTERMEDIATE,TRAINER,1,94248,80000,117,0
41745,Titanium Rod,INTERMEDIATE,TRAINER,1,98176,80000,122,0
41745,Titanium Rod,INTERMEDIATE,TRAINER,1,94248,80000,117,0
41745,Titanium Rod,INTERMEDIATE,TRAINER,1,98176,80000,122,0
41745,Titanium Rod,INTERMEDIATE,TRAINER,1,94248,80000,117,0
2318,Light Leather,INTERMEDIATE,UNSOURCED,7,321,132,243,0
21845,Primal Mooncloth,INTERMEDIATE,VENDOR,12,80954,64001,126,0
21845,Primal Mooncloth,INTERMEDIATE,VENDOR,1,79334,64001,123,0
21845,Primal Mooncloth,INTERMEDIATE,VENDOR,10,89991,64001,140,0
21845,Primal Mooncloth,INTERMEDIATE,VENDOR,5,85491,64001,133,0
45773,Emerald Bag,BAG,VENDOR,1,906912,720000,125,0
45773,Emerald Bag,BAG,VENDOR,1,879704,720000,122,0
41594,Moonshroud,INTERMEDIATE,TRAINER,5,207792,195000,106,0
41594,Moonshroud,INTERMEDIATE,TRAINER,4,205714,195000,105,0
23793,Heavy Knothide Leather,INTERMEDIATE,TRAINER,7,29700,25000,118,0
23793,Heavy Knothide Leather,INTERMEDIATE,TRAINER,6,28809,25000,115,0
24272,Shadowcloth,INTERMEDIATE,VENDOR,6,88321,64001,137,0
24272,Shadowcloth,INTERMEDIATE,VENDOR,2,84788,64001,132,0
21842,Bolt of Imbued Netherweave,INTERMEDIATE,VENDOR,3,101875,82026,124,0
21842,Bolt of Imbued Netherweave,INTERMEDIATE,VENDOR,2,99837,82026,121,0
33093,Mana Potion Injector,ELIXIR_POT,DROP,5,29229,14400,202,0
33093,Mana Potion Injector,ELIXIR_POT,DROP,20,27767,14400,192,0
33093,Mana Potion Injector,ELIXIR_POT,DROP,20,26378,14400,183,0
33093,Mana Potion Injector,ELIXIR_POT,DROP,5,25850,14400,179,0
33093,Mana Potion Injector,ELIXIR_POT,DROP,5,29229,14400,202,0
33093,Mana Potion Injector,ELIXIR_POT,DROP,20,27767,14400,192,0
33093,Mana Potion Injector,ELIXIR_POT,DROP,20,26378,14400,183,0
33093,Mana Potion Injector,ELIXIR_POT,DROP,5,25850,14400,179,0
33093,Mana Potion Injector,ELIXIR_POT,DROP,5,29229,14400,202,0
33093,Mana Potion Injector,ELIXIR_POT,DROP,5,27767,14400,192,0
33093,Mana Potion Injector,ELIXIR_POT,DROP,5,26378,14400,183,0
33093,Mana Potion Injector,ELIXIR_POT,DROP,20,25850,14400,179,0
33093,Mana Potion Injector,ELIXIR_POT,DROP,20,29229,14400,202,0
33093,Mana Potion Injector,ELIXIR_POT,DROP,5,27767,14400,192,0
33093,Mana Potion Injector,ELIXIR_POT,DROP,5,26378,14400,183,0
33093,Mana Potion Injector,ELIXIR_POT,DROP,20,25850,14400,179,0
33093,Mana Potion Injector,ELIXIR_POT,DROP,5,29229,14400,202,0
33093,Mana Potion Injector,ELIXIR_POT,DROP,20,27767,14400,192,0
33093,Mana Potion Injector,ELIXIR_POT,DROP,20,26378,14400,183,0
33093,Mana Potion Injector,ELIXIR_POT,DROP,5,25850,14400,179,0
33093,Mana Potion Injector,ELIXIR_POT,DROP,20,29229,14400,202,0
33093,Mana Potion Injector,ELIXIR_POT,DROP,20,27767,14400,192,0
33093,Mana Potion Injector,ELIXIR_POT,DROP,5,26378,14400,183,0
33208,Flask of Chromatic Wonder,FLASK,VENDOR,14,47916,36000,133,0
43972,Frostsavage Robe,GEAR,TRAINER,1,712924,672000,106,0
40079,Lesser Flask of Toughness,FLASK,TRAINER,5,23696,21000,112,0
40079,Lesser Flask of Toughness,FLASK,TRAINER,5,22985,21000,109,0
40079,Lesser Flask of Toughness,FLASK,TRAINER,6,22065,21000,105,0
35128,Hardened Khorium,INTERMEDIATE,DROP,7,306554,120001,255,0
35128,Hardened Khorium,INTERMEDIATE,DROP,8,303488,120001,252,0
32839,Cauldron of Major Arcane Protection,MISC,UNSOURCED,1,259889,166000,156,0
25899,Brutal Earthstorm Diamond,GEM_CUT,DROP,1,904176,360000,251,0
24272,Shadowcloth,INTERMEDIATE,VENDOR,2,73568,64001,114,0
24272,Shadowcloth,INTERMEDIATE,VENDOR,3,72096,64001,112,0
13512,Flask of Supreme Power,FLASK,DROP,5,20556,11430,179,0
13512,Flask of Supreme Power,FLASK,DROP,5,20350,11430,178,0
13512,Flask of Supreme Power,FLASK,DROP,4,19943,11430,174,0
17771,Elementium Bar,MISC,DROP,1,5311800,2472560,214,0
40044,Glinting Monarch Topaz,GEM_CUT,VENDOR,1,200790,150000,133,0
40044,Glinting Monarch Topaz,GEM_CUT,VENDOR,1,190750,150000,127,0
40044,Glinting Monarch Topaz,GEM_CUT,VENDOR,1,200790,150000,133,0
38347,Mammoth Mining Bag,BAG,VENDOR,1,574560,432000,133,0
38347,Mammoth Mining Bag,BAG,VENDOR,1,551577,432000,127,0
13513,Flask of Chromatic Resistance,FLASK,DROP,5,57072,20250,281,0
13513,Flask of Chromatic Resistance,FLASK,DROP,15,54218,20250,267,0
33092,Healing Potion Injector,ELIXIR_POT,DROP,20,48145,18400,261,0
33092,Healing Potion Injector,ELIXIR_POT,DROP,5,47182,18400,256,0
33092,Healing Potion Injector,ELIXIR_POT,DROP,5,46238,18400,251,0
33092,Healing Potion Injector,ELIXIR_POT,DROP,5,48145,18400,261,0
33092,Healing Potion Injector,ELIXIR_POT,DROP,20,47182,18400,256,0
33092,Healing Potion Injector,ELIXIR_POT,DROP,5,46238,18400,251,0
33092,Healing Potion Injector,ELIXIR_POT,DROP,5,48145,18400,261,0
33092,Healing Potion Injector,ELIXIR_POT,DROP,5,47182,18400,256,0
33092,Healing Potion Injector,ELIXIR_POT,DROP,5,46238,18400,251,0
33092,Healing Potion Injector,ELIXIR_POT,DROP,20,48145,18400,261,0
33092,Healing Potion Injector,ELIXIR_POT,DROP,20,47182,18400,256,0
33092,Healing Potion Injector,ELIXIR_POT,DROP,5,46238,18400,251,0
33092,Healing Potion Injector,ELIXIR_POT,DROP,5,48145,18400,261,0
33092,Healing Potion Injector,ELIXIR_POT,DROP,5,47182,18400,256,0
33092,Healing Potion Injector,ELIXIR_POT,DROP,20,46238,18400,251,0
33092,Healing Potion Injector,ELIXIR_POT,DROP,5,48145,18400,261,0
33092,Healing Potion Injector,ELIXIR_POT,DROP,20,47182,18400,256,0
33092,Healing Potion Injector,ELIXIR_POT,DROP,5,46238,18400,251,0
33092,Healing Potion Injector,ELIXIR_POT,DROP,5,48145,18400,261,0
33092,Healing Potion Injector,ELIXIR_POT,DROP,20,47182,18400,256,0
33092,Healing Potion Injector,ELIXIR_POT,DROP,20,46238,18400,251,0
33092,Healing Potion Injector,ELIXIR_POT,DROP,20,48145,18400,261,0
33092,Healing Potion Injector,ELIXIR_POT,DROP,5,47182,18400,256,0
33092,Healing Potion Injector,ELIXIR_POT,DROP,5,46238,18400,251,0
33092,Healing Potion Injector,ELIXIR_POT,DROP,5,48145,18400,261,0
33092,Healing Potion Injector,ELIXIR_POT,DROP,5,47182,18400,256,0
33092,Healing Potion Injector,ELIXIR_POT,DROP,5,46238,18400,251,0
33092,Healing Potion Injector,ELIXIR_POT,DROP,5,48145,18400,261,0
33092,Healing Potion Injector,ELIXIR_POT,DROP,20,47182,18400,256,0
33092,Healing Potion Injector,ELIXIR_POT,DROP,5,46238,18400,251,0
33092,Healing Potion Injector,ELIXIR_POT,DROP,20,48145,18400,261,0
22249,Big Bag of Enchantment,BAG,DROP,1,1569207,568430,276,0
22249,Big Bag of Enchantment,BAG,DROP,1,1537822,568430,270,0
22249,Big Bag of Enchantment,BAG,DROP,1,1476309,568430,259,0
4241,Green Woolen Bag,BAG,DROP,1,2833,1832,154,0
4241,Green Woolen Bag,BAG,DROP,1,2776,1832,151,0
2842,Silver Bar,INTERMEDIATE,TRAINER,8,318,303,104,0
34482,Leatherworker's Satchel,BAG,TRAINER,1,264894,245000,108,0
32850,Cauldron of Major Frost Protection,MISC,UNSOURCED,2,427499,166000,257,0
23775,Titanium Toolbox,BAG,VENDOR,1,582400,448000,130,0
23775,Titanium Toolbox,BAG,VENDOR,1,570752,448000,127,0
15994,Thorium Widget,INTERMEDIATE,TRAINER,10,7257,6987,103,0
15994,Thorium Widget,INTERMEDIATE,TRAINER,3,6987,6987,100,0
46378,Flask of Pure Mojo,FLASK,TRAINER,5,68266,53450,127,0
46378,Flask of Pure Mojo,FLASK,TRAINER,9,66900,53450,125,0
24276,Golden Spellthread,MISC,VENDOR,5,508599,405000,125,0
3859,Steel Bar,INTERMEDIATE,TRAINER,4,1400,1400,100,0
3859,Steel Bar,INTERMEDIATE,TRAINER,3,1400,1400,100,0
22252,Satchel of Cenarius,BAG,VENDOR,1,195390,154900,126,0
22252,Satchel of Cenarius,BAG,VENDOR,1,193436,154900,124,0
45773,Emerald Bag,BAG,VENDOR,1,970776,720000,134,0
6338,Silver Rod,INTERMEDIATE,TRAINER,1,352,335,105,0
6338,Silver Rod,INTERMEDIATE,TRAINER,1,335,335,100,0
6338,Silver Rod,INTERMEDIATE,TRAINER,1,335,335,100,0
6338,Silver Rod,INTERMEDIATE,TRAINER,1,352,335,105,0
6338,Silver Rod,INTERMEDIATE,TRAINER,1,335,335,100,0
6338,Silver Rod,INTERMEDIATE,TRAINER,1,335,335,100,0
6338,Silver Rod,INTERMEDIATE,TRAINER,1,352,335,105,0
6338,Silver Rod,INTERMEDIATE,TRAINER,1,335,335,100,0
6338,Silver Rod,INTERMEDIATE,TRAINER,1,335,335,100,0
6338,Silver Rod,INTERMEDIATE,TRAINER,1,352,335,105,0
6338,Silver Rod,INTERMEDIATE,TRAINER,1,335,335,100,0
20817,Bronze Setting,INTERMEDIATE,TRAINER,9,133,124,107,0
20817,Bronze Setting,INTERMEDIATE,TRAINER,1,129,124,104,0
14155,Mooncloth Bag,BAG,DROP,1,157029,59935,261,0
42093,Frostmoon Pants,GEAR,TRAINER,1,1501977,1272000,118,0
6037,Truesilver Bar,INTERMEDIATE,TRAINER,1,5388,4120,130,0
6037,Truesilver Bar,INTERMEDIATE,TRAINER,5,5280,4120,128,0
36913,Saronite Bar,INTERMEDIATE,TRAINER,6,33048,30000,110,0
36913,Saronite Bar,INTERMEDIATE,TRAINER,8,31395,30000,104,0
43973,Frostsavage Shoulders,GEAR,TRAINER,1,650666,520200,125,0
3470,Rough Grinding Stone,INTERMEDIATE,TRAINER,5,25,24,104,0
39469,Moonglow Ink,INTERMEDIATE,TRAINER,4,374,300,124,0
39469,Moonglow Ink,INTERMEDIATE,TRAINER,3,355,300,118,0
38322,Iron-bound Tome,GEAR,TRAINER,1,349321,302600,115,0
38322,Iron-bound Tome,GEAR,TRAINER,1,345827,302600,114,0
40129,Sovereign Dreadstone,GEM_CUT,VENDOR,1,285600,250000,114,0
40129,Sovereign Dreadstone,GEM_CUT,VENDOR,1,271320,250000,108,0
44446,Pack of Endless Pockets,BAG,TRAINER,1,508291,432000,117,0
38399,Trapper's Traveling Pack,BAG,VENDOR,1,645105,432000,149,0
38399,Trapper's Traveling Pack,BAG,VENDOR,1,632202,432000,146,0
24270,Bag of Jewels,BAG,VENDOR,1,23696,20006,118,0
4339,Bolt of Mageweave,INTERMEDIATE,TRAINER,1,5832,5050,115,0
4339,Bolt of Mageweave,INTERMEDIATE,TRAINER,12,5540,5050,109,0
46377,Flask of Endless Rage,FLASK,TRAINER,20,77625,57500,135,0
46377,Flask of Endless Rage,FLASK,TRAINER,8,74520,57500,129,0
40079,Lesser Flask of Toughness,FLASK,TRAINER,16,24263,21000,115,0
33093,Mana Potion Injector,ELIXIR_POT,DROP,5,34217,14400,237,0
33093,Mana Potion Injector,ELIXIR_POT,DROP,5,33874,14400,235,0
33093,Mana Potion Injector,ELIXIR_POT,DROP,20,32180,14400,223,0
33093,Mana Potion Injector,ELIXIR_POT,DROP,20,31214,14400,216,0
33093,Mana Potion Injector,ELIXIR_POT,DROP,5,34217,14400,237,0
33093,Mana Potion Injector,ELIXIR_POT,DROP,20,33874,14400,235,0
33093,Mana Potion Injector,ELIXIR_POT,DROP,5,32180,14400,223,0
33093,Mana Potion Injector,ELIXIR_POT,DROP,20,31214,14400,216,0
33093,Mana Potion Injector,ELIXIR_POT,DROP,5,34217,14400,237,0
33093,Mana Potion Injector,ELIXIR_POT,DROP,20,33874,14400,235,0
33093,Mana Potion Injector,ELIXIR_POT,DROP,5,32180,14400,223,0
33093,Mana Potion Injector,ELIXIR_POT,DROP,5,31214,14400,216,0
33093,Mana Potion Injector,ELIXIR_POT,DROP,5,34217,14400,237,0
33093,Mana Potion Injector,ELIXIR_POT,DROP,5,33874,14400,235,0
33093,Mana Potion Injector,ELIXIR_POT,DROP,20,32180,14400,223,0
33093,Mana Potion Injector,ELIXIR_POT,DROP,5,31214,14400,216,0
33093,Mana Potion Injector,ELIXIR_POT,DROP,5,34217,14400,237,0
33093,Mana Potion Injector,ELIXIR_POT,DROP,5,33874,14400,235,0
33093,Mana Potion Injector,ELIXIR_POT,DROP,20,32180,14400,223,0
33093,Mana Potion Injector,ELIXIR_POT,DROP,20,31214,14400,216,0
33093,Mana Potion Injector,ELIXIR_POT,DROP,5,34217,14400,237,0
33093,Mana Potion Injector,ELIXIR_POT,DROP,5,33874,14400,235,0
33093,Mana Potion Injector,ELIXIR_POT,DROP,5,32180,14400,223,0
33093,Mana Potion Injector,ELIXIR_POT,DROP,20,31214,14400,216,0
33093,Mana Potion Injector,ELIXIR_POT,DROP,5,34217,14400,237,0
33093,Mana Potion Injector,ELIXIR_POT,DROP,5,33874,14400,235,0
33093,Mana Potion Injector,ELIXIR_POT,DROP,20,32180,14400,223,0
33093,Mana Potion Injector,ELIXIR_POT,DROP,5,31214,14400,216,0
33093,Mana Potion Injector,ELIXIR_POT,DROP,10,34217,14400,237,0
4241,Green Woolen Bag,BAG,DROP,1,5118,1832,279,0
4241,Green Woolen Bag,BAG,DROP,1,5066,1832,276,0
4241,Green Woolen Bag,BAG,DROP,1,4914,1832,268,0
24032,Subtle Living Ruby,GEM_CUT,DROP,1,251544,120000,209,0
38399,Trapper's Traveling Pack,BAG,VENDOR,1,589248,432000,136,0
38399,Trapper's Traveling Pack,BAG,VENDOR,1,571570,432000,132,0
38399,Trapper's Traveling Pack,BAG,VENDOR,1,589248,432000,136,0
41593,Ebonweave,INTERMEDIATE,TRAINER,5,131625,195000,67,1
41593,Ebonweave,INTERMEDIATE,TRAINER,10,127676,195000,65,1
36913,Saronite Bar,INTERMEDIATE,TRAINER,2,34917,30000,116,0
36913,Saronite Bar,INTERMEDIATE,TRAINER,7,34218,30000,114,0
46377,Flask of Endless Rage,FLASK,TRAINER,5,66447,57500,115,0
46377,Flask of Endless Rage,FLASK,TRAINER,5,63789,57500,110,0
38322,Iron-bound Tome,GEAR,TRAINER,1,350713,302600,115,0
38322,Iron-bound Tome,GEAR,TRAINER,1,336684,302600,111,0
25843,Fel Iron Rod,INTERMEDIATE,TRAINER,1,95644,72000,132,0
25843,Fel Iron Rod,INTERMEDIATE,TRAINER,1,92774,72000,128,0
25843,Fel Iron Rod,INTERMEDIATE,TRAINER,1,90918,72000,126,0
25843,Fel Iron Rod,INTERMEDIATE,TRAINER,1,95644,72000,132,0
25843,Fel Iron Rod,INTERMEDIATE,TRAINER,1,92774,72000,128,0
25843,Fel Iron Rod,INTERMEDIATE,TRAINER,1,90918,72000,126,0
25843,Fel Iron Rod,INTERMEDIATE,TRAINER,1,95644,72000,132,0
25843,Fel Iron Rod,INTERMEDIATE,TRAINER,1,92774,72000,128,0
25843,Fel Iron Rod,INTERMEDIATE,TRAINER,1,90918,72000,126,0
25843,Fel Iron Rod,INTERMEDIATE,TRAINER,1,95644,72000,132,0
25843,Fel Iron Rod,INTERMEDIATE,TRAINER,1,92774,72000,128,0
25843,Fel Iron Rod,INTERMEDIATE,TRAINER,1,90918,72000,126,0
4339,Bolt of Mageweave,INTERMEDIATE,TRAINER,6,6449,5050,127,0
4339,Bolt of Mageweave,INTERMEDIATE,TRAINER,8,6255,5050,123,0
4234,Heavy Leather,INTERMEDIATE,TRAINER,2,1177,1090,107,0
4234,Heavy Leather,INTERMEDIATE,TRAINER,9,1165,1090,106,0
41604,Sapphire Spellthread,MISC,VENDOR,1,682045,586000,116,0
4238,Linen Bag,BAG,TRAINER,1,424,366,115,0
4238,Linen Bag,BAG,TRAINER,1,411,366,112,0
4238,Linen Bag,BAG,TRAINER,1,398,366,108,0
5762,Red Linen Bag,BAG,VENDOR,1,855,598,142,0
5762,Red Linen Bag,BAG,VENDOR,1,846,598,141,0
5762,Red Linen Bag,BAG,VENDOR,1,803,598,134,0
22249,Big Bag of Enchantment,BAG,DROP,1,1052219,568430,185,0
22249,Big Bag of Enchantment,BAG,DROP,1,1031174,568430,181,0
22249,Big Bag of Enchantment,BAG,DROP,1,1020862,568430,179,0
46378,Flask of Pure Mojo,FLASK,TRAINER,5,57880,53450,108,0
46378,Flask of Pure Mojo,FLASK,TRAINER,5,55564,53450,103,0
43436,Eviscerator's Gauntlets,GEAR,VENDOR,1,684583,564000,121,0
13510,Flask of the Titans,FLASK,DROP,18,50444,16860,299,0
23101,Potent Flame Spessarite,GEM_CUT,VENDOR,1,22866,20000,114,0
23101,Potent Flame Spessarite,GEM_CUT,VENDOR,1,21722,20000,108,0
23101,Potent Flame Spessarite,GEM_CUT,VENDOR,1,22866,20000,114,0
10050,Mageweave Bag,BAG,TRAINER,1,16992,16992,100,0
10050,Mageweave Bag,BAG,TRAINER,1,16992,16992,100,0
21858,Spellfire Bag,BAG,VENDOR,1,433299,408004,106,0
21858,Spellfire Bag,BAG,VENDOR,1,411634,408004,100,0
21858,Spellfire Bag,BAG,VENDOR,1,408004,408004,100,0
41511,Bolt of Imbued Frostweave,INTERMEDIATE,TRAINER,9,151468,147000,103,0
41511,Bolt of Imbued Frostweave,INTERMEDIATE,TRAINER,2,148438,147000,100,0
12643,Dense Weightstone,MISC,TRAINER,2,3905,3792,102,0
23559,Lesser Rune of Warding,MISC,TRAINER,5,21384,18000,118,0
21876,Primal Mooncloth Bag,BAG,VENDOR,1,686700,504000,136,0
21876,Primal Mooncloth Bag,BAG,VENDOR,1,679833,504000,134,0
22251,Cenarion Herb Bag,BAG,VENDOR,1,103752,79933,129,0
21843,Imbued Netherweave Bag,BAG,VENDOR,1,75083,60005,125,0
21843,Imbued Netherweave Bag,BAG,VENDOR,1,72079,60005,120,0
21843,Imbued Netherweave Bag,BAG,VENDOR,1,68475,60005,114,0
41516,Frostsavage Gloves,GEAR,TRAINER,1,590010,520200,113,0
41516,Frostsavage Gloves,GEAR,TRAINER,1,572309,520200,110,0
22251,Cenarion Herb Bag,BAG,VENDOR,1,96071,79933,120,0
40101,Tense Forest Emerald,GEM_CUT,VENDOR,1,185250,150000,123,0
40101,Tense Forest Emerald,GEM_CUT,VENDOR,1,179692,150000,119,0
40101,Tense Forest Emerald,GEM_CUT,VENDOR,1,176098,150000,117,0
38399,Trapper's Traveling Pack,BAG,VENDOR,1,634521,432000,146,0
38399,Trapper's Traveling Pack,BAG,VENDOR,1,609140,432000,141,0
38399,Trapper's Traveling Pack,BAG,VENDOR,1,578683,432000,133,0
4240,Woolen Bag,BAG,TRAINER,1,1515,1324,114,0
4240,Woolen Bag,BAG,TRAINER,1,1499,1324,113,0
10050,Mageweave Bag,BAG,TRAINER,1,19735,16992,116,0
10050,Mageweave Bag,BAG,TRAINER,1,19142,16992,112,0
33093,Mana Potion Injector,ELIXIR_POT,DROP,20,26382,14400,183,0
33093,Mana Potion Injector,ELIXIR_POT,DROP,20,25062,14400,174,0
33093,Mana Potion Injector,ELIXIR_POT,DROP,20,24811,14400,172,0
33093,Mana Potion Injector,ELIXIR_POT,DROP,20,26382,14400,183,0
33093,Mana Potion Injector,ELIXIR_POT,DROP,20,25062,14400,174,0
21341,Felcloth Bag,BAG,UNSOURCED,1,344604,199240,172,0
21341,Felcloth Bag,BAG,UNSOURCED,1,341157,199240,171,0
9210,Ghost Dye,INTERMEDIATE,VENDOR,1,8073,6210,130,0
9210,Ghost Dye,INTERMEDIATE,VENDOR,6,7669,6210,123,0
41510,Bolt of Frostweave,INTERMEDIATE,TRAINER,7,39543,37500,105,0
41510,Bolt of Frostweave,INTERMEDIATE,TRAINER,3,38752,37500,103,0
9060,Inlaid Mithril Cylinder,INTERMEDIATE,UNSOURCED,14,29124,15410,188,0
29540,Reinforced Mining Bag,BAG,VENDOR,1,339160,278000,122,0
29540,Reinforced Mining Bag,BAG,VENDOR,1,325593,278000,117,0
29540,Reinforced Mining Bag,BAG,VENDOR,1,339160,278000,122,0
14048,Bolt of Runecloth,INTERMEDIATE,TRAINER,1,11760,11760,100,0
14048,Bolt of Runecloth,INTERMEDIATE,TRAINER,5,11760,11760,100,0
22866,Flask of Pure Death,FLASK,UNSOURCED,20,113486,55500,204,0
22866,Flask of Pure Death,FLASK,UNSOURCED,20,108946,55500,196,0
4305,Bolt of Silk Cloth,INTERMEDIATE,TRAINER,3,2556,2376,107,0
4305,Bolt of Silk Cloth,INTERMEDIATE,TRAINER,10,2504,2376,105,0
44210,Faces of Doom,GEAR,TRAINER,1,302600,302600,100,0
44210,Faces of Doom,GEAR,TRAINER,1,302600,302600,100,0
40161,Glimmering Ametrine,GEM_CUT,VENDOR,1,319000,250000,127,0
40161,Glimmering Ametrine,GEM_CUT,VENDOR,1,306240,250000,122,0
22252,Satchel of Cenarius,BAG,VENDOR,1,218378,154900,140,0
22252,Satchel of Cenarius,BAG,VENDOR,1,214010,154900,138,0
22252,Satchel of Cenarius,BAG,VENDOR,1,205449,154900,132,0
12190,Dreamless Sleep Potion,ELIXIR_POT,TRAINER,10,5900,5900,100,0
14342,Mooncloth,INTERMEDIATE,VENDOR,5,21372,15200,140,0
14342,Mooncloth,INTERMEDIATE,VENDOR,9,21158,15200,139,0
22251,Cenarion Herb Bag,BAG,VENDOR,1,102217,79933,127,0
13510,Flask of the Titans,FLASK,DROP,20,46735,16860,277,0
13510,Flask of the Titans,FLASK,DROP,20,44398,16860,263,0
31869,Wicked Flame Spessarite,GEM_CUT,DROP,1,35400,20000,177,0
22854,Flask of Relentless Assault,FLASK,UNSOURCED,5,80316,45000,178,0
22854,Flask of Relentless Assault,FLASK,UNSOURCED,5,78709,45000,174,0
22854,Flask of Relentless Assault,FLASK,UNSOURCED,20,80316,45000,178,0
22854,Flask of Relentless Assault,FLASK,UNSOURCED,4,78709,45000,174,0
4241,Green Woolen Bag,BAG,DROP,1,3358,1832,183,0
21341,Felcloth Bag,BAG,UNSOURCED,1,456219,199240,228,0
21341,Felcloth Bag,BAG,UNSOURCED,1,442532,199240,222,0
21341,Felcloth Bag,BAG,UNSOURCED,1,429256,199240,215,0
22861,Flask of Blinding Light,FLASK,UNSOURCED,5,108160,52000,208,0
22861,Flask of Blinding Light,FLASK,UNSOURCED,5,107078,52000,205,0
22861,Flask of Blinding Light,FLASK,UNSOURCED,4,102794,52000,197,0
10559,Mithril Tube,INTERMEDIATE,TRAINER,6,5223,4518,115,0
10559,Mithril Tube,INTERMEDIATE,TRAINER,9,5170,4518,114,0
43120,Celestial Ink,INTERMEDIATE,TRAINER,2,305,300,101,0
43120,Celestial Ink,INTERMEDIATE,TRAINER,5,301,300,100,0
14046,Runecloth Bag,BAG,VENDOR,1,64237,61005,105,0
14046,Runecloth Bag,BAG,VENDOR,1,63594,61005,104,0
21341,Felcloth Bag,BAG,UNSOURCED,1,316093,199240,158,0
21341,Felcloth Bag,BAG,UNSOURCED,1,303449,199240,152,0
21341,Felcloth Bag,BAG,UNSOURCED,1,288276,199240,144,0
6048,Shadow Protection Potion,ELIXIR_POT,VENDOR,5,375,306,122,0
22574,Mote of Fire,INTERMEDIATE,TRAINER,10,3456,3200,108,0
22574,Mote of Fire,INTERMEDIATE,TRAINER,10,3386,3200,105,0
22574,Mote of Fire,INTERMEDIATE,TRAINER,10,3456,3200,108,0
22574,Mote of Fire,INTERMEDIATE,TRAINER,10,3386,3200,105,0
22574,Mote of Fire,INTERMEDIATE,TRAINER,10,3456,3200,108,0
22574,Mote of Fire,INTERMEDIATE,TRAINER,10,3386,3200,105,0
22574,Mote of Fire,INTERMEDIATE,TRAINER,10,3456,3200,108,0
22574,Mote of Fire,INTERMEDIATE,TRAINER,10,3386,3200,105,0
22574,Mote of Fire,INTERMEDIATE,TRAINER,10,3456,3200,108,0
22574,Mote of Fire,INTERMEDIATE,TRAINER,10,3386,3200,105,0
22574,Mote of Fire,INTERMEDIATE,TRAINER,10,3456,3200,108,0
22574,Mote of Fire,INTERMEDIATE,TRAINER,10,3386,3200,105,0
22574,Mote of Fire,INTERMEDIATE,TRAINER,10,3456,3200,108,0
22574,Mote of Fire,INTERMEDIATE,TRAINER,1,3386,3200,105,0
22574,Mote of Fire,INTERMEDIATE,TRAINER,9,3456,3200,108,0
40051,Reckless Monarch Topaz,GEM_CUT,VENDOR,1,175740,150000,117,0
40051,Reckless Monarch Topaz,GEM_CUT,VENDOR,1,172225,150000,114,0
11128,Golden Rod,INTERMEDIATE,TRAINER,1,4230,3880,109,0
11128,Golden Rod,INTERMEDIATE,TRAINER,1,4018,3880,103,0
11128,Golden Rod,INTERMEDIATE,TRAINER,1,3880,3880,100,0
11128,Golden Rod,INTERMEDIATE,TRAINER,1,4230,3880,109,0
11128,Golden Rod,INTERMEDIATE,TRAINER,1,4018,3880,103,0
11128,Golden Rod,INTERMEDIATE,TRAINER,1,3880,3880,100,0
11128,Golden Rod,INTERMEDIATE,TRAINER,1,4230,3880,109,0
11128,Golden Rod,INTERMEDIATE,TRAINER,1,4018,3880,103,0
11128,Golden Rod,INTERMEDIATE,TRAINER,1,3880,3880,100,0
11128,Golden Rod,INTERMEDIATE,TRAINER,1,4230,3880,109,0
33093,Mana Potion Injector,ELIXIR_POT,DROP,20,23201,14400,161,0
33093,Mana Potion Injector,ELIXIR_POT,DROP,5,22968,14400,159,0
33093,Mana Potion Injector,ELIXIR_POT,DROP,20,22738,14400,157,0
33093,Mana Potion Injector,ELIXIR_POT,DROP,5,23201,14400,161,0
33093,Mana Potion Injector,ELIXIR_POT,DROP,20,22968,14400,159,0
33093,Mana Potion Injector,ELIXIR_POT,DROP,20,22738,14400,157,0
33093,Mana Potion Injector,ELIXIR_POT,DROP,5,23201,14400,161,0
33093,Mana Potion Injector,ELIXIR_POT,DROP,5,22968,14400,159,0
33093,Mana Potion Injector,ELIXIR_POT,DROP,5,22738,14400,157,0
33093,Mana Potion Injector,ELIXIR_POT,DROP,20,23201,14400,161,0
33093,Mana Potion Injector,ELIXIR_POT,DROP,5,22968,14400,159,0
33093,Mana Potion Injector,ELIXIR_POT,DROP,5,22738,14400,157,0
33093,Mana Potion Injector,ELIXIR_POT,DROP,5,23201,14400,161,0
40126,Thick King's Amber,GEM_CUT,VENDOR,1,337325,250000,134,0
42731,Leggings of Visceral Strikes,GEAR,TRAINER,1,775065,696000,111,0
42731,Leggings of Visceral Strikes,GEAR,TRAINER,1,736311,696000,105,0
25845,Eternium Rod,INTERMEDIATE,VENDOR,1,114480,80000,143,0
25845,Eternium Rod,INTERMEDIATE,VENDOR,1,111045,80000,138,0
25845,Eternium Rod,INTERMEDIATE,VENDOR,1,107713,80000,134,0
25845,Eternium Rod,INTERMEDIATE,VENDOR,1,114480,80000,143,0
25845,Eternium Rod,INTERMEDIATE,VENDOR,1,111045,80000,138,0
25845,Eternium Rod,INTERMEDIATE,VENDOR,1,107713,80000,134,0
43256,Jormscale Footpads,GEAR,TRAINER,1,2869440,2400000,119,0
7966,Solid Grinding Stone,INTERMEDIATE,TRAINER,1,3026,2352,128,0
7966,Solid Grinding Stone,INTERMEDIATE,TRAINER,14,2965,2352,126,0
44210,Faces of Doom,GEAR,TRAINER,1,366751,302600,121,0
24271,Spellcloth,INTERMEDIATE,VENDOR,4,66240,64001,103,0
24271,Spellcloth,INTERMEDIATE,VENDOR,4,64252,64001,100,0
41594,Moonshroud,INTERMEDIATE,TRAINER,6,223938,195000,114,0
25845,Eternium Rod,INTERMEDIATE,VENDOR,1,99360,80000,124,0
25845,Eternium Rod,INTERMEDIATE,VENDOR,1,98366,80000,122,0
25845,Eternium Rod,INTERMEDIATE,VENDOR,1,93447,80000,116,0
25845,Eternium Rod,INTERMEDIATE,VENDOR,1,89709,80000,112,0
25845,Eternium Rod,INTERMEDIATE,VENDOR,1,99360,80000,124,0
25845,Eternium Rod,INTERMEDIATE,VENDOR,1,98366,80000,122,0
25845,Eternium Rod,INTERMEDIATE,VENDOR,1,93447,80000,116,0
25845,Eternium Rod,INTERMEDIATE,VENDOR,1,89709,80000,112,0
25845,Eternium Rod,INTERMEDIATE,VENDOR,1,99360,80000,124,0
25845,Eternium Rod,INTERMEDIATE,VENDOR,1,98366,80000,122,0
25845,Eternium Rod,INTERMEDIATE,VENDOR,1,93447,80000,116,0
25845,Eternium Rod,INTERMEDIATE,VENDOR,1,89709,80000,112,0
25845,Eternium Rod,INTERMEDIATE,VENDOR,1,99360,80000,124,0
38322,Iron-bound Tome,GEAR,TRAINER,1,302600,302600,100,0
38322,Iron-bound Tome,GEAR,TRAINER,1,302600,302600,100,0
38322,Iron-bound Tome,GEAR,TRAINER,1,302600,302600,100,0
23096,Runed Blood Garnet,GEM_CUT,VENDOR,1,29256,20000,146,0
23096,Runed Blood Garnet,GEM_CUT,VENDOR,1,28378,20000,141,0
4234,Heavy Leather,INTERMEDIATE,TRAINER,9,1313,1090,120,0
33568,Borean Leather,INTERMEDIATE,TRAINER,3,15712,13500,116,0
33568,Borean Leather,INTERMEDIATE,TRAINER,3,14926,13500,110,0
46378,Flask of Pure Mojo,FLASK,TRAINER,5,46020,53450,86,1
46378,Flask of Pure Mojo,FLASK,TRAINER,9,43719,53450,81,1
3478,Coarse Grinding Stone,INTERMEDIATE,TRAINER,2,217,178,121,0
3478,Coarse Grinding Stone,INTERMEDIATE,TRAINER,6,214,178,120,0
14155,Mooncloth Bag,BAG,DROP,1,95978,59935,160,0
14155,Mooncloth Bag,BAG,DROP,1,94058,59935,156,0
33093,Mana Potion Injector,ELIXIR_POT,DROP,20,25038,14400,173,0
33093,Mana Potion Injector,ELIXIR_POT,DROP,20,24286,14400,168,0
33093,Mana Potion Injector,ELIXIR_POT,DROP,5,23314,14400,161,0
33093,Mana Potion Injector,ELIXIR_POT,DROP,5,25038,14400,173,0
33093,Mana Potion Injector,ELIXIR_POT,DROP,5,24286,14400,168,0
33093,Mana Potion Injector,ELIXIR_POT,DROP,20,23314,14400,161,0
33093,Mana Potion Injector,ELIXIR_POT,DROP,20,25038,14400,173,0
33093,Mana Potion Injector,ELIXIR_POT,DROP,20,24286,14400,168,0
33093,Mana Potion Injector,ELIXIR_POT,DROP,5,23314,14400,161,0
33093,Mana Potion Injector,ELIXIR_POT,DROP,20,25038,14400,173,0
33093,Mana Potion Injector,ELIXIR_POT,DROP,20,24286,14400,168,0
33093,Mana Potion Injector,ELIXIR_POT,DROP,5,23314,14400,161,0
33093,Mana Potion Injector,ELIXIR_POT,DROP,5,25038,14400,173,0
33093,Mana Potion Injector,ELIXIR_POT,DROP,20,24286,14400,168,0
33093,Mana Potion Injector,ELIXIR_POT,DROP,5,23314,14400,161,0
33093,Mana Potion Injector,ELIXIR_POT,DROP,20,25038,14400,173,0
33093,Mana Potion Injector,ELIXIR_POT,DROP,20,24286,14400,168,0
33093,Mana Potion Injector,ELIXIR_POT,DROP,20,23314,14400,161,0
33093,Mana Potion Injector,ELIXIR_POT,DROP,5,25038,14400,173,0
33093,Mana Potion Injector,ELIXIR_POT,DROP,20,24286,14400,168,0
33093,Mana Potion Injector,ELIXIR_POT,DROP,5,23314,14400,161,0
33093,Mana Potion Injector,ELIXIR_POT,DROP,5,25038,14400,173,0
33093,Mana Potion Injector,ELIXIR_POT,DROP,20,24286,14400,168,0
33093,Mana Potion Injector,ELIXIR_POT,DROP,20,23314,14400,161,0
33093,Mana Potion Injector,ELIXIR_POT,DROP,5,25038,14400,173,0
33093,Mana Potion Injector,ELIXIR_POT,DROP,20,24286,14400,168,0
33093,Mana Potion Injector,ELIXIR_POT,DROP,5,23314,14400,161,0
33093,Mana Potion Injector,ELIXIR_POT,DROP,20,25038,14400,173,0
33093,Mana Potion Injector,ELIXIR_POT,DROP,5,24286,14400,168,0
33093,Mana Potion Injector,ELIXIR_POT,DROP,15,23314,14400,161,0
34490,Bag of Many Hides,BAG,DROP,1,900148,627500,143,0
34490,Bag of Many Hides,BAG,DROP,1,855140,627500,136,0
34490,Bag of Many Hides,BAG,DROP,1,820934,627500,130,0
13513,Flask of Chromatic Resistance,FLASK,DROP,5,46746,20250,230,0
13513,Flask of Chromatic Resistance,FLASK,DROP,13,45811,20250,226,0
13512,Flask of Supreme Power,FLASK,DROP,20,33268,11430,291,0
23774,Fel Iron Toolbox,BAG,VENDOR,1,143540,104000,138,0
23774,Fel Iron Toolbox,BAG,VENDOR,1,139233,104000,133,0
40195,Pygmy Oil,INTERMEDIATE,TRAINER,8,351,300,117,0
40195,Pygmy Oil,INTERMEDIATE,TRAINER,2,347,300,115,0
21752,Thorium Setting,INTERMEDIATE,TRAINER,12,2106,1545,136,0
43124,Ethereal Ink,INTERMEDIATE,TRAINER,2,313,300,104,0
43124,Ethereal Ink,INTERMEDIATE,TRAINER,5,309,300,103,0
32410,Thundering Skyfire Diamond,GEM_CUT,DROP,1,885528,360000,245,0
32410,Thundering Skyfire Diamond,GEM_CUT,DROP,1,858962,360000,238,0
13513,Flask of Chromatic Resistance,FLASK,DROP,5,36490,20250,180,0
13513,Flask of Chromatic Resistance,FLASK,DROP,5,36125,20250,178,0
23774,Fel Iron Toolbox,BAG,VENDOR,1,133161,104000,128,0
23774,Fel Iron Toolbox,BAG,VENDOR,1,129166,104000,124,0
13511,Flask of Distilled Wisdom,FLASK,DROP,5,32264,13430,240,0
13511,Flask of Distilled Wisdom,FLASK,DROP,5,30650,13430,228,0
13511,Flask of Distilled Wisdom,FLASK,DROP,5,30037,13430,223,0
13511,Flask of Distilled Wisdom,FLASK,DROP,13,29135,13430,216,0
5762,Red Linen Bag,BAG,VENDOR,1,702,598,117,0
5762,Red Linen Bag,BAG,VENDOR,1,694,598,116,0
5762,Red Linen Bag,BAG,VENDOR,1,687,598,114,0
5762,Red Linen Bag,BAG,VENDOR,1,834,598,139,0
5762,Red Linen Bag,BAG,VENDOR,1,825,598,137,0
24272,Shadowcloth,INTERMEDIATE,VENDOR,13,80948,64001,126,0
17771,Elementium Bar,MISC,DROP,4,5407488,2472560,218,0
33092,Healing Potion Injector,ELIXIR_POT,DROP,5,48535,18400,263,0
33092,Healing Potion Injector,ELIXIR_POT,DROP,20,47078,18400,255,0
33092,Healing Potion Injector,ELIXIR_POT,DROP,20,45194,18400,245,0
33092,Healing Potion Injector,ELIXIR_POT,DROP,5,43838,18400,238,0
33092,Healing Potion Injector,ELIXIR_POT,DROP,5,48535,18400,263,0
33092,Healing Potion Injector,ELIXIR_POT,DROP,20,47078,18400,255,0
33092,Healing Potion Injector,ELIXIR_POT,DROP,20,45194,18400,245,0
33092,Healing Potion Injector,ELIXIR_POT,DROP,5,43838,18400,238,0
33092,Healing Potion Injector,ELIXIR_POT,DROP,5,48535,18400,263,0
33092,Healing Potion Injector,ELIXIR_POT,DROP,20,47078,18400,255,0
33092,Healing Potion Injector,ELIXIR_POT,DROP,5,45194,18400,245,0
33092,Healing Potion Injector,ELIXIR_POT,DROP,5,43838,18400,238,0
33092,Healing Potion Injector,ELIXIR_POT,DROP,5,48535,18400,263,0
33092,Healing Potion Injector,ELIXIR_POT,DROP,5,47078,18400,255,0
33092,Healing Potion Injector,ELIXIR_POT,DROP,5,45194,18400,245,0
33092,Healing Potion Injector,ELIXIR_POT,DROP,5,43838,18400,238,0
33092,Healing Potion Injector,ELIXIR_POT,DROP,5,48535,18400,263,0
36916,Cobalt Bar,INTERMEDIATE,TRAINER,14,6000,6000,100,0
20817,Bronze Setting,INTERMEDIATE,TRAINER,5,164,124,132,0
20817,Bronze Setting,INTERMEDIATE,TRAINER,5,157,124,126,0
36913,Saronite Bar,INTERMEDIATE,TRAINER,2,35793,30000,119,0
36913,Saronite Bar,INTERMEDIATE,TRAINER,5,34003,30000,113,0
22853,Flask of Mighty Restoration,FLASK,UNSOURCED,5,78732,45000,174,0
22853,Flask of Mighty Restoration,FLASK,UNSOURCED,5,74795,45000,166,0
22853,Flask of Mighty Restoration,FLASK,UNSOURCED,20,71055,45000,157,0
22853,Flask of Mighty Restoration,FLASK,UNSOURCED,4,67502,45000,150,0
9060,Inlaid Mithril Cylinder,INTERMEDIATE,UNSOURCED,11,35797,15410,232,0
9060,Inlaid Mithril Cylinder,INTERMEDIATE,UNSOURCED,1,34365,15410,223,0
44330,Elixir of Armor Piercing,ELIXIR_POT,UNSOURCED,5,9151,12000,76,1
44330,Elixir of Armor Piercing,ELIXIR_POT,UNSOURCED,2,8876,12000,73,1
11144,Truesilver Rod,INTERMEDIATE,TRAINER,1,5166,4720,109,0
11144,Truesilver Rod,INTERMEDIATE,TRAINER,1,4959,4720,105,0
11144,Truesilver Rod,INTERMEDIATE,TRAINER,1,5166,4720,109,0
11144,Truesilver Rod,INTERMEDIATE,TRAINER,1,4959,4720,105,0
11144,Truesilver Rod,INTERMEDIATE,TRAINER,1,5166,4720,109,0
11144,Truesilver Rod,INTERMEDIATE,TRAINER,1,4959,4720,105,0
11144,Truesilver Rod,INTERMEDIATE,TRAINER,1,5166,4720,109,0
11144,Truesilver Rod,INTERMEDIATE,TRAINER,1,4959,4720,105,0
40024,Tenuous Twilight Opal,GEM_CUT,DROP,1,387960,150000,258,0
14155,Mooncloth Bag,BAG,DROP,1,140607,59935,234,0
15872,Arcanite Skeleton Key,MISC,TRAINER,10,26378,21800,121,0
13512,Flask of Supreme Power,FLASK,DROP,20,23454,11430,205,0
13512,Flask of Supreme Power,FLASK,DROP,8,22281,11430,194,0
37663,Titansteel Bar,INTERMEDIATE,TRAINER,2,156525,132000,118,0
37663,Titansteel Bar,INTERMEDIATE,TRAINER,3,150264,132000,113,0
29540,Reinforced Mining Bag,BAG,VENDOR,1,335685,278000,120,0
29540,Reinforced Mining Bag,BAG,VENDOR,1,332328,278000,119,0
29540,Reinforced Mining Bag,BAG,VENDOR,1,329004,278000,118,0
33208,Flask of Chromatic Wonder,FLASK,VENDOR,14,41623,36000,115,0
14046,Runecloth Bag,BAG,VENDOR,1,62041,61005,101,0
14046,Runecloth Bag,BAG,VENDOR,1,61420,61005,100,0
14046,Runecloth Bag,BAG,VENDOR,1,62041,61005,101,0
33568,Borean Leather,INTERMEDIATE,TRAINER,5,15356,13500,113,0
33568,Borean Leather,INTERMEDIATE,TRAINER,5,14895,13500,110,0
5081,Kodo Hide Bag,BAG,UNSOURCED,1,1989,853,233,0
5081,Kodo Hide Bag,BAG,UNSOURCED,1,1929,853,226,0
5081,Kodo Hide Bag,BAG,UNSOURCED,1,1851,853,216,0
21840,Bolt of Netherweave,INTERMEDIATE,TRAINER,4,31944,28800,110,0
21840,Bolt of Netherweave,INTERMEDIATE,TRAINER,7,30985,28800,107,0
33447,Runic Healing Potion,ELIXIR_POT,TRAINER,5,30805,25000,123,0
2841,Bronze Bar,INTERMEDIATE,TRAINER,20,66,62,106,0
2841,Bronze Bar,INTERMEDIATE,TRAINER,2,63,62,101,0
2841,Bronze Bar,INTERMEDIATE,TRAINER,6,62,62,100,0
43130,Virulent Spaulders,GEAR,TRAINER,1,849816,696000,122,0
43130,Virulent Spaulders,GEAR,TRAINER,1,815823,696000,117,0
33208,Flask of Chromatic Wonder,FLASK,VENDOR,5,39841,36000,110,0
33208,Flask of Chromatic Wonder,FLASK,VENDOR,5,37848,36000,105,0
33208,Flask of Chromatic Wonder,FLASK,VENDOR,20,36000,36000,100,0
33208,Flask of Chromatic Wonder,FLASK,VENDOR,4,39841,36000,110,0
2318,Light Leather,INTERMEDIATE,UNSOURCED,5,198,132,150,0
2318,Light Leather,INTERMEDIATE,UNSOURCED,2,188,132,142,0
8827,Elixir of Water Walking,ELIXIR_POT,UNSOURCED,5,4672,6180,75,1
24270,Bag of Jewels,BAG,VENDOR,1,22470,20006,112,0
24270,Bag of Jewels,BAG,VENDOR,1,22245,20006,111,0
42646,Titanium Earthguard Chain,GEAR,VENDOR,1,801112,578004,138,0
