item,name,category,rarity,stack,unit_price,unit_matcost,ratio_pct,leveling
4339,Bolt of Mageweave,INTERMEDIATE,TRAINER,4,3649,5050,72,1
4339,Bolt of Mageweave,INTERMEDIATE,TRAINER,4,3576,5050,70,1
23787,Felsteel Stabilizer,INTERMEDIATE,TRAINER,3,1,2,50,1
23787,Felsteel Stabilizer,INTERMEDIATE,TRAINER,10,1,2,50,1
2580,Reinforced Linen Cape,GEAR,TRAINER,1,197,254,77,1
2580,Reinforced Linen Cape,GEAR,TRAINER,1,189,254,74,1
2580,Reinforced Linen Cape,GEAR,TRAINER,1,187,254,73,1
2580,Reinforced Linen Cape,GEAR,TRAINER,1,177,254,69,1
2580,Reinforced Linen Cape,GEAR,TRAINER,1,197,254,77,1
2580,Reinforced Linen Cape,GEAR,TRAINER,1,189,254,74,1
2580,Reinforced Linen Cape,GEAR,TRAINER,1,187,254,73,1
2580,Reinforced Linen Cape,GEAR,TRAINER,1,177,254,69,1
2580,Reinforced Linen Cape,GEAR,TRAINER,1,197,254,77,1
2580,Reinforced Linen Cape,GEAR,TRAINER,1,189,254,74,1
2580,Reinforced Linen Cape,GEAR,TRAINER,1,187,254,73,1
2580,Reinforced Linen Cape,GEAR,TRAINER,1,177,254,69,1
2580,Reinforced Linen Cape,GEAR,TRAINER,1,197,254,77,1
2580,Reinforced Linen Cape,GEAR,TRAINER,1,189,254,74,1
2580,Reinforced Linen Cape,GEAR,TRAINER,1,187,254,73,1
24270,Bag of Jewels,BAG,VENDOR,1,14144,20006,70,1
24270,Bag of Jewels,BAG,VENDOR,1,13436,20006,67,1
24270,Bag of Jewels,BAG,VENDOR,1,12764,20006,63,1
24270,Bag of Jewels,BAG,VENDOR,1,14144,20006,70,1
24270,Bag of Jewels,BAG,VENDOR,1,13436,20006,67,1
24270,Bag of Jewels,BAG,VENDOR,1,12764,20006,63,1
24270,Bag of Jewels,BAG,VENDOR,1,14144,20006,70,1
24270,Bag of Jewels,BAG,VENDOR,1,13436,20006,67,1
24270,Bag of Jewels,BAG,VENDOR,1,12764,20006,63,1
24270,Bag of Jewels,BAG,VENDOR,1,14144,20006,70,1
24270,Bag of Jewels,BAG,VENDOR,1,13436,20006,67,1
24270,Bag of Jewels,BAG,VENDOR,1,12764,20006,63,1
24270,Bag of Jewels,BAG,VENDOR,1,14144,20006,70,1
24270,Bag of Jewels,BAG,VENDOR,1,13436,20006,67,1
24270,Bag of Jewels,BAG,VENDOR,1,12764,20006,63,1
23106,Dazzling Deep Peridot,GEM_CUT,VENDOR,1,18530,20000,92,1
23106,Dazzling Deep Peridot,GEM_CUT,VENDOR,1,18159,20000,90,1
23106,Dazzling Deep Peridot,GEM_CUT,VENDOR,1,18530,20000,92,1
23106,Dazzling Deep Peridot,GEM_CUT,VENDOR,1,18159,20000,90,1
23106,Dazzling Deep Peridot,GEM_CUT,VENDOR,1,18530,20000,92,1
14048,Bolt of Runecloth,INTERMEDIATE,TRAINER,9,7674,11880,64,1
14048,Bolt of Runecloth,INTERMEDIATE,TRAINER,6,7367,11880,62,1
14342,Mooncloth,INTERMEDIATE,VENDOR,10,14082,15200,92,1
22522,Superior Wizard Oil,MISC,VENDOR,1,22080,26039,84,1
22522,Superior Wizard Oil,MISC,VENDOR,1,21859,26039,83,1
22522,Superior Wizard Oil,MISC,VENDOR,1,20984,26039,80,1
22522,Superior Wizard Oil,MISC,VENDOR,1,22080,26039,84,1
22522,Superior Wizard Oil,MISC,VENDOR,1,21859,26039,83,1
22522,Superior Wizard Oil,MISC,VENDOR,1,20984,26039,80,1
22522,Superior Wizard Oil,MISC,VENDOR,1,22080,26039,84,1
22522,Superior Wizard Oil,MISC,VENDOR,1,21859,26039,83,1
22522,Superior Wizard Oil,MISC,VENDOR,1,20984,26039,80,1
22522,Superior Wizard Oil,MISC,VENDOR,1,22080,26039,84,1
22522,Superior Wizard Oil,MISC,VENDOR,1,21859,26039,83,1
24268,Netherweave Net,MISC,TRAINER,12,5955,7200,82,1
44958,Ethereal Oil,INTERMEDIATE,TRAINER,1,85,96,88,1
44958,Ethereal Oil,INTERMEDIATE,TRAINER,4,82,96,85,1
22448,Small Prismatic Shard,INTERMEDIATE,TRAINER,20,1,0,0,1
22448,Small Prismatic Shard,INTERMEDIATE,TRAINER,7,1,0,0,1
22448,Small Prismatic Shard,INTERMEDIATE,TRAINER,9,1,0,0,1
44958,Ethereal Oil,INTERMEDIATE,TRAINER,1,75,96,78,1
44958,Ethereal Oil,INTERMEDIATE,TRAINER,11,73,96,76,1
22448,Small Prismatic Shard,INTERMEDIATE,TRAINER,14,1,0,0,1
22448,Small Prismatic Shard,INTERMEDIATE,TRAINER,4,1,0,0,1
23785,Hardened Adamantite Tube,INTERMEDIATE,TRAINER,2,1,3,33,1
23785,Hardened Adamantite Tube,INTERMEDIATE,TRAINER,3,1,3,33,1
6787,White Woolen Dress,GEAR,TRAINER,1,1383,1424,97,1
6787,White Woolen Dress,GEAR,TRAINER,1,1341,1424,94,1
6787,White Woolen Dress,GEAR,TRAINER,1,1273,1424,89,1
6787,White Woolen Dress,GEAR,TRAINER,1,1383,1424,97,1
6787,White Woolen Dress,GEAR,TRAINER,1,1341,1424,94,1
6371,Fire Oil,INTERMEDIATE,TRAINER,2,46,64,71,1
6371,Fire Oil,INTERMEDIATE,TRAINER,7,45,64,70,1
44958,Ethereal Oil,INTERMEDIATE,TRAINER,6,91,96,94,1
44958,Ethereal Oil,INTERMEDIATE,TRAINER,3,90,96,93,1
6787,White Woolen Dress,GEAR,TRAINER,1,1140,1424,80,1
6787,White Woolen Dress,GEAR,TRAINER,1,1094,1424,76,1
6787,White Woolen Dress,GEAR,TRAINER,1,1061,1424,74,1
6787,White Woolen Dress,GEAR,TRAINER,1,1140,1424,80,1
6787,White Woolen Dress,GEAR,TRAINER,1,1094,1424,76,1
44958,Ethereal Oil,INTERMEDIATE,TRAINER,8,79,96,82,1
44958,Ethereal Oil,INTERMEDIATE,TRAINER,6,75,96,78,1
23519,Felsteel Helm,GEAR,DROP,1,5,8,62,1
23519,Felsteel Helm,GEAR,DROP,1,4,8,50,1
23519,Felsteel Helm,GEAR,DROP,1,4,8,50,1
23519,Felsteel Helm,GEAR,DROP,1,5,8,62,1
23519,Felsteel Helm,GEAR,DROP,1,4,8,50,1
23519,Felsteel Helm,GEAR,DROP,1,4,8,50,1
23519,Felsteel Helm,GEAR,DROP,1,5,8,62,1
23519,Felsteel Helm,GEAR,DROP,1,4,8,50,1
23519,Felsteel Helm,GEAR,DROP,1,4,8,50,1
23519,Felsteel Helm,GEAR,DROP,1,5,8,62,1
23519,Felsteel Helm,GEAR,DROP,1,4,8,50,1
23519,Felsteel Helm,GEAR,DROP,1,4,8,50,1
23519,Felsteel Helm,GEAR,DROP,1,5,8,62,1
23785,Hardened Adamantite Tube,INTERMEDIATE,TRAINER,2,2,3,66,1
23785,Hardened Adamantite Tube,INTERMEDIATE,TRAINER,6,1,3,33,1
4330,Stylish Red Shirt,GEAR,TRAINER,1,1272,1424,89,1
4330,Stylish Red Shirt,GEAR,TRAINER,1,1246,1424,87,1
4330,Stylish Red Shirt,GEAR,TRAINER,1,1208,1424,84,1
4330,Stylish Red Shirt,GEAR,TRAINER,1,1272,1424,89,1
4330,Stylish Red Shirt,GEAR,TRAINER,1,1246,1424,87,1
4330,Stylish Red Shirt,GEAR,TRAINER,1,1208,1424,84,1
4330,Stylish Red Shirt,GEAR,TRAINER,1,1272,1424,89,1
4330,Stylish Red Shirt,GEAR,TRAINER,1,1246,1424,87,1
4330,Stylish Red Shirt,GEAR,TRAINER,1,1208,1424,84,1
40195,Pygmy Oil,INTERMEDIATE,TRAINER,4,282,300,94,1
40195,Pygmy Oil,INTERMEDIATE,TRAINER,11,273,300,91,1
23517,Felsteel Gloves,GEAR,DROP,1,3,6,50,1
23517,Felsteel Gloves,GEAR,DROP,1,3,6,50,1
23517,Felsteel Gloves,GEAR,DROP,1,3,6,50,1
23517,Felsteel Gloves,GEAR,DROP,1,3,6,50,1
23517,Felsteel Gloves,GEAR,DROP,1,3,6,50,1
23517,Felsteel Gloves,GEAR,DROP,1,3,6,50,1
23517,Felsteel Gloves,GEAR,DROP,1,3,6,50,1
23517,Felsteel Gloves,GEAR,DROP,1,3,6,50,1
23517,Felsteel Gloves,GEAR,DROP,1,3,6,50,1
23517,Felsteel Gloves,GEAR,DROP,1,3,6,50,1
23517,Felsteel Gloves,GEAR,DROP,1,3,6,50,1
23517,Felsteel Gloves,GEAR,DROP,1,3,6,50,1
23517,Felsteel Gloves,GEAR,DROP,1,3,6,50,1
44958,Ethereal Oil,INTERMEDIATE,TRAINER,3,80,96,83,1
44958,Ethereal Oil,INTERMEDIATE,TRAINER,8,78,96,81,1
24268,Netherweave Net,MISC,TRAINER,20,5765,7200,80,1
24268,Netherweave Net,MISC,TRAINER,8,5476,7200,76,1
23517,Felsteel Gloves,GEAR,DROP,1,5,6,83,1
23517,Felsteel Gloves,GEAR,DROP,1,4,6,66,1
23517,Felsteel Gloves,GEAR,DROP,1,3,6,50,1
23517,Felsteel Gloves,GEAR,DROP,1,3,6,50,1
23517,Felsteel Gloves,GEAR,DROP,1,5,6,83,1
23517,Felsteel Gloves,GEAR,DROP,1,4,6,66,1
22448,Small Prismatic Shard,INTERMEDIATE,TRAINER,20,1,0,0,1
22448,Small Prismatic Shard,INTERMEDIATE,TRAINER,20,1,0,0,1
22448,Small Prismatic Shard,INTERMEDIATE,TRAINER,1,1,0,0,1
22448,Small Prismatic Shard,INTERMEDIATE,TRAINER,1,1,0,0,1
41367,Dark Jade Focusing Lens,MISC,TRAINER,1,19344,20000,96,1
41367,Dark Jade Focusing Lens,MISC,TRAINER,1,18957,20000,94,1
41367,Dark Jade Focusing Lens,MISC,TRAINER,1,18009,20000,90,1
41367,Dark Jade Focusing Lens,MISC,TRAINER,1,17828,20000,89,1
41367,Dark Jade Focusing Lens,MISC,TRAINER,1,19344,20000,96,1
23787,Felsteel Stabilizer,INTERMEDIATE,TRAINER,2,1,2,50,1
23787,Felsteel Stabilizer,INTERMEDIATE,TRAINER,11,1,2,50,1
10008,White Bandit Mask,GEAR,DROP,1,5261,6023,87,1
10008,White Bandit Mask,GEAR,DROP,1,5103,6023,84,1
10008,White Bandit Mask,GEAR,DROP,1,4949,6023,82,1
10008,White Bandit Mask,GEAR,DROP,1,5261,6023,87,1
10008,White Bandit Mask,GEAR,DROP,1,5103,6023,84,1
10008,White Bandit Mask,GEAR,DROP,1,4949,6023,82,1
10008,White Bandit Mask,GEAR,DROP,1,5261,6023,87,1
10008,White Bandit Mask,GEAR,DROP,1,5103,6023,84,1
21752,Thorium Setting,INTERMEDIATE,TRAINER,5,1306,1545,84,1
21752,Thorium Setting,INTERMEDIATE,TRAINER,3,1266,1545,81,1
24269,Heavy Netherweave Net,MISC,UNSOURCED,16,13374,14400,92,1
21752,Thorium Setting,INTERMEDIATE,TRAINER,2,1245,1545,80,1
21752,Thorium Setting,INTERMEDIATE,TRAINER,11,1195,1545,77,1
23519,Felsteel Helm,GEAR,DROP,1,6,8,75,1
23519,Felsteel Helm,GEAR,DROP,1,5,8,62,1
23519,Felsteel Helm,GEAR,DROP,1,4,8,50,1
23519,Felsteel Helm,GEAR,DROP,1,6,8,75,1
23519,Felsteel Helm,GEAR,DROP,1,5,8,62,1
23519,Felsteel Helm,GEAR,DROP,1,4,8,50,1
23519,Felsteel Helm,GEAR,DROP,1,6,8,75,1
23519,Felsteel Helm,GEAR,DROP,1,5,8,62,1
23519,Felsteel Helm,GEAR,DROP,1,4,8,50,1
23519,Felsteel Helm,GEAR,DROP,1,6,8,75,1
23519,Felsteel Helm,GEAR,DROP,1,5,8,62,1
10047,Simple Kilt,GEAR,TRAINER,1,398,548,72,1
10047,Simple Kilt,GEAR,TRAINER,1,382,548,69,1
10047,Simple Kilt,GEAR,TRAINER,1,398,548,72,1
10047,Simple Kilt,GEAR,TRAINER,1,382,548,69,1
10047,Simple Kilt,GEAR,TRAINER,1,398,548,72,1
10047,Simple Kilt,GEAR,TRAINER,1,382,548,69,1
10047,Simple Kilt,GEAR,TRAINER,1,398,548,72,1
10047,Simple Kilt,GEAR,TRAINER,1,382,548,69,1
10047,Simple Kilt,GEAR,TRAINER,1,398,548,72,1
10047,Simple Kilt,GEAR,TRAINER,1,382,548,69,1
10047,Simple Kilt,GEAR,TRAINER,1,398,548,72,1
10047,Simple Kilt,GEAR,TRAINER,1,382,548,69,1
6371,Fire Oil,INTERMEDIATE,TRAINER,10,49,64,76,1
6371,Fire Oil,INTERMEDIATE,TRAINER,1,47,64,73,1
23787,Felsteel Stabilizer,INTERMEDIATE,TRAINER,2,1,2,50,1
23787,Felsteel Stabilizer,INTERMEDIATE,TRAINER,3,1,2,50,1
44958,Ethereal Oil,INTERMEDIATE,TRAINER,3,91,96,94,1
44958,Ethereal Oil,INTERMEDIATE,TRAINER,6,86,96,89,1
44958,Ethereal Oil,INTERMEDIATE,TRAINER,6,75,96,78,1
44958,Ethereal Oil,INTERMEDIATE,TRAINER,8,74,96,77,1
6450,Silk Bandage,MISC,TRAINER,12,479,594,80,1
4330,Stylish Red Shirt,GEAR,TRAINER,1,999,1424,70,1
4330,Stylish Red Shirt,GEAR,TRAINER,1,979,1424,68,1
4330,Stylish Red Shirt,GEAR,TRAINER,1,969,1424,68,1
4330,Stylish Red Shirt,GEAR,TRAINER,1,930,1424,65,1
4330,Stylish Red Shirt,GEAR,TRAINER,1,999,1424,70,1
4330,Stylish Red Shirt,GEAR,TRAINER,1,979,1424,68,1
4307,Heavy Linen Gloves,GEAR,TRAINER,1,194,234,82,1
4307,Heavy Linen Gloves,GEAR,TRAINER,1,184,234,78,1
4307,Heavy Linen Gloves,GEAR,TRAINER,1,194,234,82,1
4307,Heavy Linen Gloves,GEAR,TRAINER,1,184,234,78,1
4307,Heavy Linen Gloves,GEAR,TRAINER,1,194,234,82,1
4307,Heavy Linen Gloves,GEAR,TRAINER,1,184,234,78,1
4307,Heavy Linen Gloves,GEAR,TRAINER,1,194,234,82,1
4307,Heavy Linen Gloves,GEAR,TRAINER,1,184,234,78,1
44958,Ethereal Oil,INTERMEDIATE,TRAINER,5,87,96,90,1
44958,Ethereal Oil,INTERMEDIATE,TRAINER,1,85,96,88,1
22448,Small Prismatic Shard,INTERMEDIATE,TRAINER,20,1,0,0,1
22448,Small Prismatic Shard,INTERMEDIATE,TRAINER,10,1,0,0,1
22448,Small Prismatic Shard,INTERMEDIATE,TRAINER,6,1,0,0,1
22448,Small Prismatic Shard,INTERMEDIATE,TRAINER,20,1,0,0,1
22448,Small Prismatic Shard,INTERMEDIATE,TRAINER,3,1,0,0,1
22448,Small Prismatic Shard,INTERMEDIATE,TRAINER,1,1,0,0,1
22445,Arcane Dust,INTERMEDIATE,UNSOURCED,20,3754,5013,74,1
22445,Arcane Dust,INTERMEDIATE,UNSOURCED,8,3603,5013,71,1
22445,Arcane Dust,INTERMEDIATE,UNSOURCED,11,3530,5013,70,1
22448,Small Prismatic Shard,INTERMEDIATE,TRAINER,20,1,0,0,1
22448,Small Prismatic Shard,INTERMEDIATE,TRAINER,1,1,0,0,1
13423,Stonescale Oil,INTERMEDIATE,TRAINER,1,91,102,89,1
13423,Stonescale Oil,INTERMEDIATE,TRAINER,8,86,102,84,1
14048,Bolt of Runecloth,INTERMEDIATE,TRAINER,4,11390,11880,95,1
14048,Bolt of Runecloth,INTERMEDIATE,TRAINER,6,11276,11880,94,1
4314,Double-stitched Woolen Shoulders,GEAR,TRAINER,1,1185,1424,83,1
4314,Double-stitched Woolen Shoulders,GEAR,TRAINER,1,1161,1424,81,1
4314,Double-stitched Woolen Shoulders,GEAR,TRAINER,1,1185,1424,83,1
4314,Double-stitched Woolen Shoulders,GEAR,TRAINER,1,1161,1424,81,1
4314,Double-stitched Woolen Shoulders,GEAR,TRAINER,1,1185,1424,83,1
21752,Thorium Setting,INTERMEDIATE,TRAINER,6,1445,1545,93,1
21752,Thorium Setting,INTERMEDIATE,TRAINER,5,1416,1545,91,1
22448,Small Prismatic Shard,INTERMEDIATE,TRAINER,20,1,0,0,1
22448,Small Prismatic Shard,INTERMEDIATE,TRAINER,2,1,0,0,1
22448,Small Prismatic Shard,INTERMEDIATE,TRAINER,2,1,0,0,1
4265,Heavy Armor Kit,MISC,TRAINER,10,3059,3130,97,1
4265,Heavy Armor Kit,MISC,TRAINER,3,2906,3130,92,1
23517,Felsteel Gloves,GEAR,DROP,1,4,6,66,1
23517,Felsteel Gloves,GEAR,DROP,1,3,6,50,1
23517,Felsteel Gloves,GEAR,DROP,1,3,6,50,1
23517,Felsteel Gloves,GEAR,DROP,1,4,6,66,1
23517,Felsteel Gloves,GEAR,DROP,1,3,6,50,1
23517,Felsteel Gloves,GEAR,DROP,1,3,6,50,1
23517,Felsteel Gloves,GEAR,DROP,1,4,6,66,1
23517,Felsteel Gloves,GEAR,DROP,1,3,6,50,1
23517,Felsteel Gloves,GEAR,DROP,1,3,6,50,1
23517,Felsteel Gloves,GEAR,DROP,1,4,6,66,1
23517,Felsteel Gloves,GEAR,DROP,1,3,6,50,1
23517,Felsteel Gloves,GEAR,DROP,1,3,6,50,1
3860,Mithril Bar,INTERMEDIATE,TRAINER,8,1195,1545,77,1
6385,Stylish Green Shirt,GEAR,DROP,1,2055,2282,90,1
6385,Stylish Green Shirt,GEAR,DROP,1,1993,2282,87,1
6385,Stylish Green Shirt,GEAR,DROP,1,1893,2282,82,1
6385,Stylish Green Shirt,GEAR,DROP,1,2055,2282,90,1
6385,Stylish Green Shirt,GEAR,DROP,1,1993,2282,87,1
6385,Stylish Green Shirt,GEAR,DROP,1,1893,2282,82,1
6385,Stylish Green Shirt,GEAR,DROP,1,2055,2282,90,1
6385,Stylish Green Shirt,GEAR,DROP,1,1993,2282,87,1
6385,Stylish Green Shirt,GEAR,DROP,1,1893,2282,82,1
6385,Stylish Green Shirt,GEAR,DROP,1,2055,2282,90,1
6385,Stylish Green Shirt,GEAR,DROP,1,1993,2282,87,1
6385,Stylish Green Shirt,GEAR,DROP,1,1893,2282,82,1
6385,Stylish Green Shirt,GEAR,DROP,1,2055,2282,90,1
6385,Stylish Green Shirt,GEAR,DROP,1,1993,2282,87,1
6385,Stylish Green Shirt,GEAR,DROP,1,1893,2282,82,1
23517,Felsteel Gloves,GEAR,DROP,1,4,6,66,1
23517,Felsteel Gloves,GEAR,DROP,1,3,6,50,1
23517,Felsteel Gloves,GEAR,DROP,1,4,6,66,1
23517,Felsteel Gloves,GEAR,DROP,1,3,6,50,1
23517,Felsteel Gloves,GEAR,DROP,1,4,6,66,1
23517,Felsteel Gloves,GEAR,DROP,1,3,6,50,1
23517,Felsteel Gloves,GEAR,DROP,1,4,6,66,1
23517,Felsteel Gloves,GEAR,DROP,1,3,6,50,1
23517,Felsteel Gloves,GEAR,DROP,1,4,6,66,1
23517,Felsteel Gloves,GEAR,DROP,1,3,6,50,1
23517,Felsteel Gloves,GEAR,DROP,1,4,6,66,1
23517,Felsteel Gloves,GEAR,DROP,1,3,6,50,1
23517,Felsteel Gloves,GEAR,DROP,1,4,6,66,1
23517,Felsteel Gloves,GEAR,DROP,1,3,6,50,1
23517,Felsteel Gloves,GEAR,DROP,1,4,6,66,1
22448,Small Prismatic Shard,INTERMEDIATE,TRAINER,20,1,0,0,1
22448,Small Prismatic Shard,INTERMEDIATE,TRAINER,5,1,0,0,1
22448,Small Prismatic Shard,INTERMEDIATE,TRAINER,14,1,0,0,1
23518,Felsteel Leggings,GEAR,DROP,1,5,8,62,1
23518,Felsteel Leggings,GEAR,DROP,1,4,8,50,1
23518,Felsteel Leggings,GEAR,DROP,1,4,8,50,1
23518,Felsteel Leggings,GEAR,DROP,1,5,8,62,1
23518,Felsteel Leggings,GEAR,DROP,1,4,8,50,1
23518,Felsteel Leggings,GEAR,DROP,1,4,8,50,1
23518,Felsteel Leggings,GEAR,DROP,1,5,8,62,1
23518,Felsteel Leggings,GEAR,DROP,1,4,8,50,1
23518,Felsteel Leggings,GEAR,DROP,1,4,8,50,1
21862,Imbued Netherweave Tunic,GEAR,VENDOR,1,44307,65006,68,1
21862,Imbued Netherweave Tunic,GEAR,VENDOR,1,42534,65006,65,1
21862,Imbued Netherweave Tunic,GEAR,VENDOR,1,41257,65006,63,1
21862,Imbued Netherweave Tunic,GEAR,VENDOR,1,44307,65006,68,1
21862,Imbued Netherweave Tunic,GEAR,VENDOR,1,42534,65006,65,1
21862,Imbued Netherweave Tunic,GEAR,VENDOR,1,41257,65006,63,1
21862,Imbued Netherweave Tunic,GEAR,VENDOR,1,44307,65006,68,1
21862,Imbued Netherweave Tunic,GEAR,VENDOR,1,42534,65006,65,1
21862,Imbued Netherweave Tunic,GEAR,VENDOR,1,41257,65006,63,1
21862,Imbued Netherweave Tunic,GEAR,VENDOR,1,44307,65006,68,1
21862,Imbued Netherweave Tunic,GEAR,VENDOR,1,42534,65006,65,1
21862,Imbued Netherweave Tunic,GEAR,VENDOR,1,41257,65006,63,1
10056,Orange Mageweave Shirt,GEAR,TRAINER,1,5623,6998,80,1
10056,Orange Mageweave Shirt,GEAR,TRAINER,1,5566,6998,79,1
10056,Orange Mageweave Shirt,GEAR,TRAINER,1,5287,6998,75,1
10056,Orange Mageweave Shirt,GEAR,TRAINER,1,5181,6998,74,1
10056,Orange Mageweave Shirt,GEAR,TRAINER,1,5623,6998,80,1
10056,Orange Mageweave Shirt,GEAR,TRAINER,1,5566,6998,79,1
10056,Orange Mageweave Shirt,GEAR,TRAINER,1,5287,6998,75,1
10056,Orange Mageweave Shirt,GEAR,TRAINER,1,5181,6998,74,1
10056,Orange Mageweave Shirt,GEAR,TRAINER,1,5623,6998,80,1
10056,Orange Mageweave Shirt,GEAR,TRAINER,1,5566,6998,79,1
10056,Orange Mageweave Shirt,GEAR,TRAINER,1,5287,6998,75,1
10056,Orange Mageweave Shirt,GEAR,TRAINER,1,5181,6998,74,1
10056,Orange Mageweave Shirt,GEAR,TRAINER,1,5623,6998,80,1
24268,Netherweave Net,MISC,TRAINER,14,5944,7200,82,1
23787,Felsteel Stabilizer,INTERMEDIATE,TRAINER,2,1,2,50,1
23787,Felsteel Stabilizer,INTERMEDIATE,TRAINER,9,1,2,50,1
23519,Felsteel Helm,GEAR,DROP,1,4,8,50,1
23519,Felsteel Helm,GEAR,DROP,1,4,8,50,1
23519,Felsteel Helm,GEAR,DROP,1,4,8,50,1
23519,Felsteel Helm,GEAR,DROP,1,4,8,50,1
23519,Felsteel Helm,GEAR,DROP,1,4,8,50,1
23519,Felsteel Helm,GEAR,DROP,1,4,8,50,1
23519,Felsteel Helm,GEAR,DROP,1,4,8,50,1
23519,Felsteel Helm,GEAR,DROP,1,4,8,50,1
23519,Felsteel Helm,GEAR,DROP,1,4,8,50,1
21752,Thorium Setting,INTERMEDIATE,TRAINER,8,1081,1545,69,1
21752,Thorium Setting,INTERMEDIATE,TRAINER,2,1048,1545,67,1
10008,White Bandit Mask,GEAR,DROP,1,4682,6023,77,1
10008,White Bandit Mask,GEAR,DROP,1,4635,6023,76,1
10008,White Bandit Mask,GEAR,DROP,1,4449,6023,73,1
10008,White Bandit Mask,GEAR,DROP,1,4315,6023,71,1
10008,White Bandit Mask,GEAR,DROP,1,4682,6023,77,1
10008,White Bandit Mask,GEAR,DROP,1,4635,6023,76,1
13423,Stonescale Oil,INTERMEDIATE,TRAINER,11,90,102,88,1
13423,Stonescale Oil,INTERMEDIATE,TRAINER,3,89,102,87,1
23518,Felsteel Leggings,GEAR,DROP,1,6,8,75,1
23518,Felsteel Leggings,GEAR,DROP,1,5,8,62,1
23518,Felsteel Leggings,GEAR,DROP,1,4,8,50,1
23518,Felsteel Leggings,GEAR,DROP,1,6,8,75,1
23518,Felsteel Leggings,GEAR,DROP,1,5,8,62,1
23518,Felsteel Leggings,GEAR,DROP,1,4,8,50,1
23518,Felsteel Leggings,GEAR,DROP,1,6,8,75,1
23518,Felsteel Leggings,GEAR,DROP,1,5,8,62,1
25679,Comfortable Insoles,MISC,VENDOR,10,8976,10000,89,1
25679,Comfortable Insoles,MISC,VENDOR,3,8886,10000,88,1
23519,Felsteel Helm,GEAR,DROP,1,5,8,62,1
23519,Felsteel Helm,GEAR,DROP,1,4,8,50,1
23519,Felsteel Helm,GEAR,DROP,1,4,8,50,1
23519,Felsteel Helm,GEAR,DROP,1,5,8,62,1
23519,Felsteel Helm,GEAR,DROP,1,4,8,50,1
10008,White Bandit Mask,GEAR,DROP,1,5155,6023,85,1
10008,White Bandit Mask,GEAR,DROP,1,5103,6023,84,1
10008,White Bandit Mask,GEAR,DROP,1,5155,6023,85,1
10008,White Bandit Mask,GEAR,DROP,1,5103,6023,84,1
10008,White Bandit Mask,GEAR,DROP,1,5155,6023,85,1
44958,Ethereal Oil,INTERMEDIATE,TRAINER,1,73,96,76,1
44958,Ethereal Oil,INTERMEDIATE,TRAINER,5,72,96,75,1
24268,Netherweave Net,MISC,TRAINER,12,6792,7200,94,1
4304,Thick Leather,INTERMEDIATE,TRAINER,4,3626,3636,99,1
4304,Thick Leather,INTERMEDIATE,TRAINER,1,3480,3636,95,1
23518,Felsteel Leggings,GEAR,DROP,1,5,8,62,1
23518,Felsteel Leggings,GEAR,DROP,1,4,8,50,1
23518,Felsteel Leggings,GEAR,DROP,1,4,8,50,1
23518,Felsteel Leggings,GEAR,DROP,1,4,8,50,1
23518,Felsteel Leggings,GEAR,DROP,1,5,8,62,1
23518,Felsteel Leggings,GEAR,DROP,1,4,8,50,1
23518,Felsteel Leggings,GEAR,DROP,1,4,8,50,1
23518,Felsteel Leggings,GEAR,DROP,1,4,8,50,1
23518,Felsteel Leggings,GEAR,DROP,1,5,8,62,1
23518,Felsteel Leggings,GEAR,DROP,1,4,8,50,1
23518,Felsteel Leggings,GEAR,DROP,1,4,8,50,1
23785,Hardened Adamantite Tube,INTERMEDIATE,TRAINER,3,1,3,33,1
23785,Hardened Adamantite Tube,INTERMEDIATE,TRAINER,2,1,3,33,1
24268,Netherweave Net,MISC,TRAINER,18,5400,7200,75,1
22448,Small Prismatic Shard,INTERMEDIATE,TRAINER,20,1,0,0,1
22448,Small Prismatic Shard,INTERMEDIATE,TRAINER,20,1,0,0,1
22448,Small Prismatic Shard,INTERMEDIATE,TRAINER,1,1,0,0,1
22448,Small Prismatic Shard,INTERMEDIATE,TRAINER,1,1,0,0,1
4236,Cured Heavy Hide,INTERMEDIATE,TRAINER,1,1062,1350,78,1
4236,Cured Heavy Hide,INTERMEDIATE,TRAINER,10,1051,1350,77,1
22448,Small Prismatic Shard,INTERMEDIATE,TRAINER,7,1,0,0,1
22448,Small Prismatic Shard,INTERMEDIATE,TRAINER,8,1,0,0,1
44958,Ethereal Oil,INTERMEDIATE,TRAINER,7,76,96,79,1
44958,Ethereal Oil,INTERMEDIATE,TRAINER,1,72,96,75,1
22448,Small Prismatic Shard,INTERMEDIATE,TRAINER,20,1,0,0,1
22448,Small Prismatic Shard,INTERMEDIATE,TRAINER,1,1,0,0,1
24270,Bag of Jewels,BAG,VENDOR,1,18485,20006,92,1
24270,Bag of Jewels,BAG,VENDOR,1,17560,20006,87,1
24270,Bag of Jewels,BAG,VENDOR,1,18485,20006,92,1
24270,Bag of Jewels,BAG,VENDOR,1,17560,20006,87,1
24270,Bag of Jewels,BAG,VENDOR,1,18485,20006,92,1
44958,Ethereal Oil,INTERMEDIATE,TRAINER,4,75,96,78,1
44958,Ethereal Oil,INTERMEDIATE,TRAINER,1,71,96,73,1
44958,Ethereal Oil,INTERMEDIATE,TRAINER,6,92,96,95,1
44839,Candied Sweet Potato,FOOD,DROP,5,12,18,66,1
44839,Candied Sweet Potato,FOOD,DROP,5,11,18,61,1
10008,White Bandit Mask,GEAR,DROP,1,5059,6023,83,1
10008,White Bandit Mask,GEAR,DROP,1,4806,6023,79,1
10008,White Bandit Mask,GEAR,DROP,1,4565,6023,75,1
10008,White Bandit Mask,GEAR,DROP,1,5059,6023,83,1
10008,White Bandit Mask,GEAR,DROP,1,4806,6023,79,1
10008,White Bandit Mask,GEAR,DROP,1,4565,6023,75,1
10008,White Bandit Mask,GEAR,DROP,1,5059,6023,83,1
10008,White Bandit Mask,GEAR,DROP,1,4806,6023,79,1
10008,White Bandit Mask,GEAR,DROP,1,4565,6023,75,1
10008,White Bandit Mask,GEAR,DROP,1,5059,6023,83,1
10008,White Bandit Mask,GEAR,DROP,1,4806,6023,79,1
10008,White Bandit Mask,GEAR,DROP,1,4565,6023,75,1
10008,White Bandit Mask,GEAR,DROP,1,5059,6023,83,1
10008,White Bandit Mask,GEAR,DROP,1,4806,6023,79,1
24270,Bag of Jewels,BAG,VENDOR,1,15604,20006,77,1
24270,Bag of Jewels,BAG,VENDOR,1,14979,20006,74,1
24270,Bag of Jewels,BAG,VENDOR,1,14529,20006,72,1
24270,Bag of Jewels,BAG,VENDOR,1,13947,20006,69,1
24270,Bag of Jewels,BAG,VENDOR,1,15604,20006,77,1
24270,Bag of Jewels,BAG,VENDOR,1,14979,20006,74,1
24270,Bag of Jewels,BAG,VENDOR,1,14529,20006,72,1
24270,Bag of Jewels,BAG,VENDOR,1,13947,20006,69,1
24270,Bag of Jewels,BAG,VENDOR,1,15604,20006,77,1
24270,Bag of Jewels,BAG,VENDOR,1,14979,20006,74,1
24270,Bag of Jewels,BAG,VENDOR,1,14529,20006,72,1
24270,Bag of Jewels,BAG,VENDOR,1,13947,20006,69,1
24270,Bag of Jewels,BAG,VENDOR,1,15604,20006,77,1
21752,Thorium Setting,INTERMEDIATE,TRAINER,2,1420,1545,91,1
21752,Thorium Setting,INTERMEDIATE,TRAINER,10,1405,1545,90,1
21843,Imbued Netherweave Bag,BAG,VENDOR,1,44229,60005,73,1
21843,Imbued Netherweave Bag,BAG,VENDOR,1,43786,60005,72,1
21843,Imbued Netherweave Bag,BAG,VENDOR,1,43348,60005,72,1
21843,Imbued Netherweave Bag,BAG,VENDOR,1,42481,60005,70,1
21843,Imbued Netherweave Bag,BAG,VENDOR,1,44229,60005,73,1
21843,Imbued Netherweave Bag,BAG,VENDOR,1,43786,60005,72,1
21843,Imbued Netherweave Bag,BAG,VENDOR,1,43348,60005,72,1
21843,Imbued Netherweave Bag,BAG,VENDOR,1,42481,60005,70,1
21843,Imbued Netherweave Bag,BAG,VENDOR,1,44229,60005,73,1
21843,Imbued Netherweave Bag,BAG,VENDOR,1,43786,60005,72,1
21843,Imbued Netherweave Bag,BAG,VENDOR,1,43348,60005,72,1
21843,Imbued Netherweave Bag,BAG,VENDOR,1,42481,60005,70,1
21843,Imbued Netherweave Bag,BAG,VENDOR,1,44229,60005,73,1
22448,Small Prismatic Shard,INTERMEDIATE,TRAINER,4,1,0,0,1
22448,Small Prismatic Shard,INTERMEDIATE,TRAINER,11,1,0,0,1
23787,Felsteel Stabilizer,INTERMEDIATE,TRAINER,1,1,2,50,1
23787,Felsteel Stabilizer,INTERMEDIATE,TRAINER,4,1,2,50,1
4249,Dark Leather Belt,GEAR,TRAINER,1,1573,1825,86,1
4249,Dark Leather Belt,GEAR,TRAINER,1,1494,1825,81,1
4249,Dark Leather Belt,GEAR,TRAINER,1,1573,1825,86,1
4249,Dark Leather Belt,GEAR,TRAINER,1,1494,1825,81,1
4249,Dark Leather Belt,GEAR,TRAINER,1,1573,1825,86,1
4249,Dark Leather Belt,GEAR,TRAINER,1,1494,1825,81,1
4249,Dark Leather Belt,GEAR,TRAINER,1,1573,1825,86,1
4249,Dark Leather Belt,GEAR,TRAINER,1,1494,1825,81,1
4249,Dark Leather Belt,GEAR,TRAINER,1,1573,1825,86,1
4249,Dark Leather Belt,GEAR,TRAINER,1,1494,1825,81,1
22448,Small Prismatic Shard,INTERMEDIATE,TRAINER,20,1,0,0,1
22448,Small Prismatic Shard,INTERMEDIATE,TRAINER,20,1,0,0,1
22448,Small Prismatic Shard,INTERMEDIATE,TRAINER,2,1,0,0,1
22448,Small Prismatic Shard,INTERMEDIATE,TRAINER,3,1,0,0,1
44958,Ethereal Oil,INTERMEDIATE,TRAINER,3,80,96,83,1
44958,Ethereal Oil,INTERMEDIATE,TRAINER,12,79,96,82,1
24268,Netherweave Net,MISC,TRAINER,16,5587,7200,77,1
23517,Felsteel Gloves,GEAR,DROP,1,4,6,66,1
23517,Felsteel Gloves,GEAR,DROP,1,3,6,50,1
23517,Felsteel Gloves,GEAR,DROP,1,3,6,50,1
23517,Felsteel Gloves,GEAR,DROP,1,3,6,50,1
23517,Felsteel Gloves,GEAR,DROP,1,4,6,66,1
23517,Felsteel Gloves,GEAR,DROP,1,3,6,50,1
23517,Felsteel Gloves,GEAR,DROP,1,3,6,50,1
23517,Felsteel Gloves,GEAR,DROP,1,3,6,50,1
23517,Felsteel Gloves,GEAR,DROP,1,4,6,66,1
23517,Felsteel Gloves,GEAR,DROP,1,3,6,50,1
23517,Felsteel Gloves,GEAR,DROP,1,3,6,50,1
23517,Felsteel Gloves,GEAR,DROP,1,3,6,50,1
23517,Felsteel Gloves,GEAR,DROP,1,4,6,66,1
23517,Felsteel Gloves,GEAR,DROP,1,3,6,50,1
24269,Heavy Netherweave Net,MISC,UNSOURCED,20,12983,14400,90,1
24269,Heavy Netherweave Net,MISC,UNSOURCED,4,12463,14400,86,1
8172,Cured Thick Hide,INTERMEDIATE,TRAINER,5,3460,4545,76,1
8172,Cured Thick Hide,INTERMEDIATE,TRAINER,5,3425,4545,75,1
22448,Small Prismatic Shard,INTERMEDIATE,TRAINER,9,1,0,0,1
22448,Small Prismatic Shard,INTERMEDIATE,TRAINER,6,1,0,0,1
23517,Felsteel Gloves,GEAR,DROP,1,3,6,50,1
23517,Felsteel Gloves,GEAR,DROP,1,3,6,50,1
23517,Felsteel Gloves,GEAR,DROP,1,3,6,50,1
23517,Felsteel Gloves,GEAR,DROP,1,3,6,50,1
23517,Felsteel Gloves,GEAR,DROP,1,3,6,50,1
23517,Felsteel Gloves,GEAR,DROP,1,3,6,50,1
23517,Felsteel Gloves,GEAR,DROP,1,3,6,50,1
23517,Felsteel Gloves,GEAR,DROP,1,3,6,50,1
23517,Felsteel Gloves,GEAR,DROP,1,3,6,50,1
23517,Felsteel Gloves,GEAR,DROP,1,3,6,50,1
23517,Felsteel Gloves,GEAR,DROP,1,3,6,50,1
23517,Felsteel Gloves,GEAR,DROP,1,3,6,50,1
23517,Felsteel Gloves,GEAR,DROP,1,3,6,50,1
23517,Felsteel Gloves,GEAR,DROP,1,3,6,50,1
23517,Felsteel Gloves,GEAR,DROP,1,3,6,50,1
42420,Shadow Crystal Focusing Lens,MISC,TRAINER,1,17600,20000,88,1
42420,Shadow Crystal Focusing Lens,MISC,TRAINER,1,17248,20000,86,1
42420,Shadow Crystal Focusing Lens,MISC,TRAINER,1,17600,20000,88,1
42420,Shadow Crystal Focusing Lens,MISC,TRAINER,1,17248,20000,86,1
42420,Shadow Crystal Focusing Lens,MISC,TRAINER,1,17600,20000,88,1
42420,Shadow Crystal Focusing Lens,MISC,TRAINER,1,17248,20000,86,1
42420,Shadow Crystal Focusing Lens,MISC,TRAINER,1,17600,20000,88,1
42420,Shadow Crystal Focusing Lens,MISC,TRAINER,1,17248,20000,86,1
42420,Shadow Crystal Focusing Lens,MISC,TRAINER,1,17600,20000,88,1
42420,Shadow Crystal Focusing Lens,MISC,TRAINER,1,17248,20000,86,1
42420,Shadow Crystal Focusing Lens,MISC,TRAINER,1,17600,20000,88,1
42420,Shadow Crystal Focusing Lens,MISC,TRAINER,1,17248,20000,86,1
42420,Shadow Crystal Focusing Lens,MISC,TRAINER,1,17600,20000,88,1
44958,Ethereal Oil,INTERMEDIATE,TRAINER,9,76,96,79,1
44958,Ethereal Oil,INTERMEDIATE,TRAINER,2,72,96,75,1
2841,Bronze Bar,INTERMEDIATE,TRAINER,3,54,62,87,1
2841,Bronze Bar,INTERMEDIATE,TRAINER,11,51,62,82,1
32833,Purified Jaggal Pearl,GEM_CUT,TRAINER,1,8141,9280,87,1
32833,Purified Jaggal Pearl,GEM_CUT,TRAINER,1,7733,9280,83,1
32833,Purified Jaggal Pearl,GEM_CUT,TRAINER,1,8141,9280,87,1
32833,Purified Jaggal Pearl,GEM_CUT,TRAINER,1,7733,9280,83,1
32833,Purified Jaggal Pearl,GEM_CUT,TRAINER,1,8141,9280,87,1
32833,Purified Jaggal Pearl,GEM_CUT,TRAINER,1,7733,9280,83,1
32833,Purified Jaggal Pearl,GEM_CUT,TRAINER,1,8141,9280,87,1
14048,Bolt of Runecloth,INTERMEDIATE,TRAINER,4,12152,11880,102,1
14048,Bolt of Runecloth,INTERMEDIATE,TRAINER,6,11665,11880,98,1
10008,White Bandit Mask,GEAR,DROP,1,5762,6023,95,1
10008,White Bandit Mask,GEAR,DROP,1,5589,6023,92,1
10008,White Bandit Mask,GEAR,DROP,1,5477,6023,90,1
10008,White Bandit Mask,GEAR,DROP,1,5762,6023,95,1
10008,White Bandit Mask,GEAR,DROP,1,5589,6023,92,1
10008,White Bandit Mask,GEAR,DROP,1,5477,6023,90,1
10008,White Bandit Mask,GEAR,DROP,1,5762,6023,95,1
10008,White Bandit Mask,GEAR,DROP,1,5589,6023,92,1
10008,White Bandit Mask,GEAR,DROP,1,5477,6023,90,1
10008,White Bandit Mask,GEAR,DROP,1,5762,6023,95,1
10008,White Bandit Mask,GEAR,DROP,1,5589,6023,92,1
10008,White Bandit Mask,GEAR,DROP,1,5477,6023,90,1
10008,White Bandit Mask,GEAR,DROP,1,5762,6023,95,1
10008,White Bandit Mask,GEAR,DROP,1,5589,6023,92,1
10008,White Bandit Mask,GEAR,DROP,1,5477,6023,90,1
22573,Mote of Earth,INTERMEDIATE,TRAINER,10,2736,3200,85,1
22573,Mote of Earth,INTERMEDIATE,TRAINER,10,2681,3200,83,1
22573,Mote of Earth,INTERMEDIATE,TRAINER,10,2546,3200,79,1
22573,Mote of Earth,INTERMEDIATE,TRAINER,10,2495,3200,77,1
22573,Mote of Earth,INTERMEDIATE,TRAINER,10,2736,3200,85,1
22573,Mote of Earth,INTERMEDIATE,TRAINER,10,2681,3200,83,1
22573,Mote of Earth,INTERMEDIATE,TRAINER,7,2546,3200,79,1
22573,Mote of Earth,INTERMEDIATE,TRAINER,3,2495,3200,77,1
44958,Ethereal Oil,INTERMEDIATE,TRAINER,6,67,96,69,1
44958,Ethereal Oil,INTERMEDIATE,TRAINER,8,65,96,67,1
23787,Felsteel Stabilizer,INTERMEDIATE,TRAINER,1,1,2,50,1
23787,Felsteel Stabilizer,INTERMEDIATE,TRAINER,6,1,2,50,1
21752,Thorium Setting,INTERMEDIATE,TRAINER,5,1378,1545,89,1
21752,Thorium Setting,INTERMEDIATE,TRAINER,2,1350,1545,87,1
23518,Felsteel Leggings,GEAR,DROP,1,6,8,75,1
23518,Felsteel Leggings,GEAR,DROP,1,5,8,62,1
23518,Felsteel Leggings,GEAR,DROP,1,4,8,50,1
23518,Felsteel Leggings,GEAR,DROP,1,6,8,75,1
23518,Felsteel Leggings,GEAR,DROP,1,5,8,62,1
23518,Felsteel Leggings,GEAR,DROP,1,4,8,50,1
23518,Felsteel Leggings,GEAR,DROP,1,6,8,75,1
23518,Felsteel Leggings,GEAR,DROP,1,5,8,62,1
23518,Felsteel Leggings,GEAR,DROP,1,4,8,50,1
23518,Felsteel Leggings,GEAR,DROP,1,6,8,75,1
2577,Blue Linen Shirt,GEAR,TRAINER,1,229,284,80,1
2577,Blue Linen Shirt,GEAR,TRAINER,1,226,284,79,1
2577,Blue Linen Shirt,GEAR,TRAINER,1,214,284,75,1
2577,Blue Linen Shirt,GEAR,TRAINER,1,229,284,80,1
2577,Blue Linen Shirt,GEAR,TRAINER,1,226,284,79,1
2577,Blue Linen Shirt,GEAR,TRAINER,1,214,284,75,1
2577,Blue Linen Shirt,GEAR,TRAINER,1,229,284,80,1
2577,Blue Linen Shirt,GEAR,TRAINER,1,226,284,79,1
2577,Blue Linen Shirt,GEAR,TRAINER,1,214,284,75,1
2577,Blue Linen Shirt,GEAR,TRAINER,1,229,284,80,1
2577,Blue Linen Shirt,GEAR,TRAINER,1,226,284,79,1
2577,Blue Linen Shirt,GEAR,TRAINER,1,214,284,75,1
2577,Blue Linen Shirt,GEAR,TRAINER,1,229,284,80,1
2577,Blue Linen Shirt,GEAR,TRAINER,1,226,284,79,1
2577,Blue Linen Shirt,GEAR,TRAINER,1,214,284,75,1
23519,Felsteel Helm,GEAR,DROP,1,6,8,75,1
23519,Felsteel Helm,GEAR,DROP,1,5,8,62,1
23519,Felsteel Helm,GEAR,DROP,1,6,8,75,1
23519,Felsteel Helm,GEAR,DROP,1,5,8,62,1
23519,Felsteel Helm,GEAR,DROP,1,6,8,75,1
23519,Felsteel Helm,GEAR,DROP,1,5,8,62,1
23519,Felsteel Helm,GEAR,DROP,1,6,8,75,1
23519,Felsteel Helm,GEAR,DROP,1,5,8,62,1
23519,Felsteel Helm,GEAR,DROP,1,6,8,75,1
23519,Felsteel Helm,GEAR,DROP,1,5,8,62,1
23519,Felsteel Helm,GEAR,DROP,1,6,8,75,1
23519,Felsteel Helm,GEAR,DROP,1,5,8,62,1
23519,Felsteel Helm,GEAR,DROP,1,6,8,75,1
23519,Felsteel Helm,GEAR,DROP,1,5,8,62,1
24269,Heavy Netherweave Net,MISC,UNSOURCED,16,10333,14400,71,1
21752,Thorium Setting,INTERMEDIATE,TRAINER,5,1030,1545,66,1
21752,Thorium Setting,INTERMEDIATE,TRAINER,8,978,1545,63,1
22448,Small Prismatic Shard,INTERMEDIATE,TRAINER,20,1,0,0,1
22448,Small Prismatic Shard,INTERMEDIATE,TRAINER,20,1,0,0,1
22448,Small Prismatic Shard,INTERMEDIATE,TRAINER,5,1,0,0,1
4234,Heavy Leather,INTERMEDIATE,TRAINER,4,1023,1090,93,1
4234,Heavy Leather,INTERMEDIATE,TRAINER,4,982,1090,90,1
22448,Small Prismatic Shard,INTERMEDIATE,TRAINER,20,1,0,0,1
22448,Small Prismatic Shard,INTERMEDIATE,TRAINER,20,1,0,0,1
22448,Small Prismatic Shard,INTERMEDIATE,TRAINER,1,1,0,0,1
22448,Small Prismatic Shard,INTERMEDIATE,TRAINER,1,1,0,0,1
13423,Stonescale Oil,INTERMEDIATE,TRAINER,5,93,102,91,1
44958,Ethereal Oil,INTERMEDIATE,TRAINER,7,83,96,86,1
44958,Ethereal Oil,INTERMEDIATE,TRAINER,4,81,96,84,1
24268,Netherweave Net,MISC,TRAINER,18,7220,7200,100,1
10008,White Bandit Mask,GEAR,DROP,1,4770,6023,79,1
10008,White Bandit Mask,GEAR,DROP,1,4722,6023,78,1
10008,White Bandit Mask,GEAR,DROP,1,4580,6023,76,1
10008,White Bandit Mask,GEAR,DROP,1,4488,6023,74,1
10008,White Bandit Mask,GEAR,DROP,1,4770,6023,79,1
10008,White Bandit Mask,GEAR,DROP,1,4722,6023,78,1
20963,Mithril Filigree,INTERMEDIATE,TRAINER,9,2128,3012,70,1
23446,Adamantite Bar,INTERMEDIATE,TRAINER,1,17028,18000,94,1
23446,Adamantite Bar,INTERMEDIATE,TRAINER,12,16176,18000,89,1
22448,Small Prismatic Shard,INTERMEDIATE,TRAINER,20,1,0,0,1
22448,Small Prismatic Shard,INTERMEDIATE,TRAINER,2,1,0,0,1
22448,Small Prismatic Shard,INTERMEDIATE,TRAINER,5,1,0,0,1
6453,Strong Anti-Venom,MISC,DROP,20,346,373,92,1
6453,Strong Anti-Venom,MISC,DROP,7,342,373,91,1
20827,Ring of Silver Might,GEAR,TRAINER,1,473,606,78,1
20827,Ring of Silver Might,GEAR,TRAINER,1,449,606,74,1
20827,Ring of Silver Might,GEAR,TRAINER,1,440,606,72,1
20827,Ring of Silver Might,GEAR,TRAINER,1,431,606,71,1
20827,Ring of Silver Might,GEAR,TRAINER,1,473,606,78,1
20827,Ring of Silver Might,GEAR,TRAINER,1,449,606,74,1
20827,Ring of Silver Might,GEAR,TRAINER,1,440,606,72,1
20827,Ring of Silver Might,GEAR,TRAINER,1,431,606,71,1
20827,Ring of Silver Might,GEAR,TRAINER,1,473,606,78,1
20827,Ring of Silver Might,GEAR,TRAINER,1,449,606,74,1
20827,Ring of Silver Might,GEAR,TRAINER,1,440,606,72,1
20827,Ring of Silver Might,GEAR,TRAINER,1,431,606,71,1
20827,Ring of Silver Might,GEAR,TRAINER,1,473,606,78,1
4239,Embossed Leather Gloves,GEAR,TRAINER,1,252,299,84,1
4239,Embossed Leather Gloves,GEAR,TRAINER,1,241,299,80,1
4239,Embossed Leather Gloves,GEAR,TRAINER,1,252,299,84,1
4239,Embossed Leather Gloves,GEAR,TRAINER,1,241,299,80,1
4239,Embossed Leather Gloves,GEAR,TRAINER,1,252,299,84,1
4239,Embossed Leather Gloves,GEAR,TRAINER,1,241,299,80,1
4239,Embossed Leather Gloves,GEAR,TRAINER,1,252,299,84,1
4239,Embossed Leather Gloves,GEAR,TRAINER,1,241,299,80,1
4239,Embossed Leather Gloves,GEAR,TRAINER,1,252,299,84,1
4239,Embossed Leather Gloves,GEAR,TRAINER,1,241,299,80,1
4239,Embossed Leather Gloves,GEAR,TRAINER,1,252,299,84,1
4239,Embossed Leather Gloves,GEAR,TRAINER,1,241,299,80,1
4239,Embossed Leather Gloves,GEAR,TRAINER,1,252,299,84,1
23519,Felsteel Helm,GEAR,DROP,1,5,8,62,1
23519,Felsteel Helm,GEAR,DROP,1,4,8,50,1
23519,Felsteel Helm,GEAR,DROP,1,4,8,50,1
23519,Felsteel Helm,GEAR,DROP,1,5,8,62,1
23519,Felsteel Helm,GEAR,DROP,1,4,8,50,1
23519,Felsteel Helm,GEAR,DROP,1,4,8,50,1
23519,Felsteel Helm,GEAR,DROP,1,5,8,62,1
23519,Felsteel Helm,GEAR,DROP,1,4,8,50,1
23519,Felsteel Helm,GEAR,DROP,1,4,8,50,1
23519,Felsteel Helm,GEAR,DROP,1,5,8,62,1
6887,Spotted Yellowtail,FOOD,VENDOR,6,19,23,82,1
24269,Heavy Netherweave Net,MISC,UNSOURCED,10,11681,14400,81,1
23446,Adamantite Bar,INTERMEDIATE,TRAINER,5,12448,18000,69,1
23446,Adamantite Bar,INTERMEDIATE,TRAINER,10,12074,18000,67,1
24269,Heavy Netherweave Net,MISC,UNSOURCED,20,12597,14400,87,1
23518,Felsteel Leggings,GEAR,DROP,1,5,8,62,1
23518,Felsteel Leggings,GEAR,DROP,1,4,8,50,1
23518,Felsteel Leggings,GEAR,DROP,1,5,8,62,1
23518,Felsteel Leggings,GEAR,DROP,1,4,8,50,1
23518,Felsteel Leggings,GEAR,DROP,1,5,8,62,1
23518,Felsteel Leggings,GEAR,DROP,1,4,8,50,1
4330,Stylish Red Shirt,GEAR,TRAINER,1,1042,1424,73,1
4330,Stylish Red Shirt,GEAR,TRAINER,1,1021,1424,71,1
4330,Stylish Red Shirt,GEAR,TRAINER,1,1010,1424,70,1
4330,Stylish Red Shirt,GEAR,TRAINER,1,969,1424,68,1
4330,Stylish Red Shirt,GEAR,TRAINER,1,1042,1424,73,1
4330,Stylish Red Shirt,GEAR,TRAINER,1,1021,1424,71,1
4330,Stylish Red Shirt,GEAR,TRAINER,1,1010,1424,70,1
4330,Stylish Red Shirt,GEAR,TRAINER,1,969,1424,68,1
4330,Stylish Red Shirt,GEAR,TRAINER,1,1042,1424,73,1
4330,Stylish Red Shirt,GEAR,TRAINER,1,1021,1424,71,1
4330,Stylish Red Shirt,GEAR,TRAINER,1,1010,1424,70,1
23449,Khorium Bar,INTERMEDIATE,TRAINER,4,36188,40000,90,1
23449,Khorium Bar,INTERMEDIATE,TRAINER,2,34740,40000,86,1
23518,Felsteel Leggings,GEAR,DROP,1,5,8,62,1
23518,Felsteel Leggings,GEAR,DROP,1,4,8,50,1
23518,Felsteel Leggings,GEAR,DROP,1,5,8,62,1
23518,Felsteel Leggings,GEAR,DROP,1,4,8,50,1
23518,Felsteel Leggings,GEAR,DROP,1,5,8,62,1
23518,Felsteel Leggings,GEAR,DROP,1,4,8,50,1
23518,Felsteel Leggings,GEAR,DROP,1,5,8,62,1
23518,Felsteel Leggings,GEAR,DROP,1,4,8,50,1
40195,Pygmy Oil,INTERMEDIATE,TRAINER,2,254,300,84,1
40195,Pygmy Oil,INTERMEDIATE,TRAINER,8,243,300,81,1
44958,Ethereal Oil,INTERMEDIATE,TRAINER,3,84,96,87,1
44958,Ethereal Oil,INTERMEDIATE,TRAINER,3,82,96,85,1
23787,Felsteel Stabilizer,INTERMEDIATE,TRAINER,9,1,2,50,1
22573,Mote of Earth,INTERMEDIATE,TRAINER,10,2853,3200,89,1
22573,Mote of Earth,INTERMEDIATE,TRAINER,10,2767,3200,86,1
22573,Mote of Earth,INTERMEDIATE,TRAINER,10,2739,3200,85,1
22573,Mote of Earth,INTERMEDIATE,TRAINER,10,2853,3200,89,1
22573,Mote of Earth,INTERMEDIATE,TRAINER,10,2767,3200,86,1
22573,Mote of Earth,INTERMEDIATE,TRAINER,10,2739,3200,85,1
22573,Mote of Earth,INTERMEDIATE,TRAINER,10,2853,3200,89,1
22573,Mote of Earth,INTERMEDIATE,TRAINER,10,2767,3200,86,1
22573,Mote of Earth,INTERMEDIATE,TRAINER,10,2739,3200,85,1
22573,Mote of Earth,INTERMEDIATE,TRAINER,10,2853,3200,89,1
22573,Mote of Earth,INTERMEDIATE,TRAINER,10,2767,3200,86,1
22573,Mote of Earth,INTERMEDIATE,TRAINER,10,2739,3200,85,1
22573,Mote of Earth,INTERMEDIATE,TRAINER,10,2853,3200,89,1
22573,Mote of Earth,INTERMEDIATE,TRAINER,6,2767,3200,86,1
22573,Mote of Earth,INTERMEDIATE,TRAINER,4,2739,3200,85,1
23785,Hardened Adamantite Tube,INTERMEDIATE,TRAINER,2,2,3,66,1
23785,Hardened Adamantite Tube,INTERMEDIATE,TRAINER,12,1,3,33,1
32833,Purified Jaggal Pearl,GEM_CUT,TRAINER,1,7686,9280,82,1
32833,Purified Jaggal Pearl,GEM_CUT,TRAINER,1,7378,9280,79,1
32833,Purified Jaggal Pearl,GEM_CUT,TRAINER,1,7082,9280,76,1
32833,Purified Jaggal Pearl,GEM_CUT,TRAINER,1,7686,9280,82,1
32833,Purified Jaggal Pearl,GEM_CUT,TRAINER,1,7378,9280,79,1
32833,Purified Jaggal Pearl,GEM_CUT,TRAINER,1,7082,9280,76,1
32833,Purified Jaggal Pearl,GEM_CUT,TRAINER,1,7686,9280,82,1
32833,Purified Jaggal Pearl,GEM_CUT,TRAINER,1,7378,9280,79,1
32833,Purified Jaggal Pearl,GEM_CUT,TRAINER,1,7082,9280,76,1
32833,Purified Jaggal Pearl,GEM_CUT,TRAINER,1,7686,9280,82,1
32833,Purified Jaggal Pearl,GEM_CUT,TRAINER,1,7378,9280,79,1
32833,Purified Jaggal Pearl,GEM_CUT,TRAINER,1,7082,9280,76,1
32833,Purified Jaggal Pearl,GEM_CUT,TRAINER,1,7686,9280,82,1
14048,Bolt of Runecloth,INTERMEDIATE,TRAINER,4,9280,11880,78,1
14048,Bolt of Runecloth,INTERMEDIATE,TRAINER,3,8816,11880,74,1
23785,Hardened Adamantite Tube,INTERMEDIATE,TRAINER,2,2,3,66,1
23785,Hardened Adamantite Tube,INTERMEDIATE,TRAINER,3,1,3,33,1
24268,Netherweave Net,MISC,TRAINER,20,5400,7200,75,1
24268,Netherweave Net,MISC,TRAINER,4,5292,7200,73,1
22445,Arcane Dust,INTERMEDIATE,UNSOURCED,20,3857,5013,76,1
22445,Arcane Dust,INTERMEDIATE,UNSOURCED,13,3702,5013,73,1
22445,Arcane Dust,INTERMEDIATE,UNSOURCED,6,3627,5013,72,1
10056,Orange Mageweave Shirt,GEAR,TRAINER,1,5090,6998,72,1
10056,Orange Mageweave Shirt,GEAR,TRAINER,1,5039,6998,72,1
10056,Orange Mageweave Shirt,GEAR,TRAINER,1,4837,6998,69,1
10056,Orange Mageweave Shirt,GEAR,TRAINER,1,4788,6998,68,1
10056,Orange Mageweave Shirt,GEAR,TRAINER,1,5090,6998,72,1
10056,Orange Mageweave Shirt,GEAR,TRAINER,1,5039,6998,72,1
10056,Orange Mageweave Shirt,GEAR,TRAINER,1,4837,6998,69,1
10056,Orange Mageweave Shirt,GEAR,TRAINER,1,4788,6998,68,1
10056,Orange Mageweave Shirt,GEAR,TRAINER,1,5090,6998,72,1
23517,Felsteel Gloves,GEAR,DROP,1,5,6,83,1
23517,Felsteel Gloves,GEAR,DROP,1,4,6,66,1
23517,Felsteel Gloves,GEAR,DROP,1,3,6,50,1
23517,Felsteel Gloves,GEAR,DROP,1,3,6,50,1
23517,Felsteel Gloves,GEAR,DROP,1,5,6,83,1
23517,Felsteel Gloves,GEAR,DROP,1,4,6,66,1
23517,Felsteel Gloves,GEAR,DROP,1,3,6,50,1
23517,Felsteel Gloves,GEAR,DROP,1,3,6,50,1
23517,Felsteel Gloves,GEAR,DROP,1,5,6,83,1
44839,Candied Sweet Potato,FOOD,DROP,5,15,18,83,1
24268,Netherweave Net,MISC,TRAINER,20,6426,7200,89,1
24268,Netherweave Net,MISC,TRAINER,4,6233,7200,86,1
8069,Crafted Solid Shot,AMMO,TRAINER,1000,1,2,50,1
8069,Crafted Solid Shot,AMMO,TRAINER,1000,1,2,50,1
8069,Crafted Solid Shot,AMMO,TRAINER,800,1,2,50,1
32833,Purified Jaggal Pearl,GEM_CUT,TRAINER,1,8472,9280,91,1
32833,Purified Jaggal Pearl,GEM_CUT,TRAINER,1,8387,9280,90,1
32833,Purified Jaggal Pearl,GEM_CUT,TRAINER,1,8051,9280,86,1
32833,Purified Jaggal Pearl,GEM_CUT,TRAINER,1,8472,9280,91,1
32833,Purified Jaggal Pearl,GEM_CUT,TRAINER,1,8387,9280,90,1
32833,Purified Jaggal Pearl,GEM_CUT,TRAINER,1,8051,9280,86,1
32833,Purified Jaggal Pearl,GEM_CUT,TRAINER,1,8472,9280,91,1
32833,Purified Jaggal Pearl,GEM_CUT,TRAINER,1,8387,9280,90,1
32833,Purified Jaggal Pearl,GEM_CUT,TRAINER,1,8051,9280,86,1
32833,Purified Jaggal Pearl,GEM_CUT,TRAINER,1,8472,9280,91,1
32833,Purified Jaggal Pearl,GEM_CUT,TRAINER,1,8387,9280,90,1
32833,Purified Jaggal Pearl,GEM_CUT,TRAINER,1,8051,9280,86,1
32833,Purified Jaggal Pearl,GEM_CUT,TRAINER,1,8472,9280,91,1
22574,Mote of Fire,INTERMEDIATE,TRAINER,10,2534,3200,79,1
22574,Mote of Fire,INTERMEDIATE,TRAINER,10,2432,3200,76,1
22574,Mote of Fire,INTERMEDIATE,TRAINER,10,2534,3200,79,1
22574,Mote of Fire,INTERMEDIATE,TRAINER,10,2432,3200,76,1
22574,Mote of Fire,INTERMEDIATE,TRAINER,10,2534,3200,79,1
22574,Mote of Fire,INTERMEDIATE,TRAINER,10,2432,3200,76,1
22574,Mote of Fire,INTERMEDIATE,TRAINER,10,2534,3200,79,1
22574,Mote of Fire,INTERMEDIATE,TRAINER,10,2432,3200,76,1
22574,Mote of Fire,INTERMEDIATE,TRAINER,10,2534,3200,79,1
22574,Mote of Fire,INTERMEDIATE,TRAINER,10,2432,3200,76,1
22574,Mote of Fire,INTERMEDIATE,TRAINER,9,2534,3200,79,1
22574,Mote of Fire,INTERMEDIATE,TRAINER,1,2432,3200,76,1
13506,Potion of Petrification,ELIXIR_POT,DROP,5,479,607,78,1
13506,Potion of Petrification,ELIXIR_POT,DROP,15,474,607,78,1
23519,Felsteel Helm,GEAR,DROP,1,7,8,87,1
23519,Felsteel Helm,GEAR,DROP,1,6,8,75,1
23519,Felsteel Helm,GEAR,DROP,1,5,8,62,1
23519,Felsteel Helm,GEAR,DROP,1,7,8,87,1
23519,Felsteel Helm,GEAR,DROP,1,6,8,75,1
23519,Felsteel Helm,GEAR,DROP,1,5,8,62,1
23519,Felsteel Helm,GEAR,DROP,1,7,8,87,1
23519,Felsteel Helm,GEAR,DROP,1,6,8,75,1
23519,Felsteel Helm,GEAR,DROP,1,5,8,62,1
23519,Felsteel Helm,GEAR,DROP,1,7,8,87,1
23519,Felsteel Helm,GEAR,DROP,1,6,8,75,1
23785,Hardened Adamantite Tube,INTERMEDIATE,TRAINER,7,2,3,66,1
23785,Hardened Adamantite Tube,INTERMEDIATE,TRAINER,1,1,3,33,1
10003,Black Mageweave Gloves,GEAR,TRAINER,1,8477,11996,70,1
10003,Black Mageweave Gloves,GEAR,TRAINER,1,8222,11996,68,1
10003,Black Mageweave Gloves,GEAR,TRAINER,1,7975,11996,66,1
10003,Black Mageweave Gloves,GEAR,TRAINER,1,8477,11996,70,1
10003,Black Mageweave Gloves,GEAR,TRAINER,1,8222,11996,68,1
10003,Black Mageweave Gloves,GEAR,TRAINER,1,7975,11996,66,1
10003,Black Mageweave Gloves,GEAR,TRAINER,1,8477,11996,70,1
10003,Black Mageweave Gloves,GEAR,TRAINER,1,8222,11996,68,1
10003,Black Mageweave Gloves,GEAR,TRAINER,1,7975,11996,66,1
10003,Black Mageweave Gloves,GEAR,TRAINER,1,8477,11996,70,1
10003,Black Mageweave Gloves,GEAR,TRAINER,1,8222,11996,68,1
23517,Felsteel Gloves,GEAR,DROP,1,4,6,66,1
23517,Felsteel Gloves,GEAR,DROP,1,3,6,50,1
23517,Felsteel Gloves,GEAR,DROP,1,4,6,66,1
23517,Felsteel Gloves,GEAR,DROP,1,3,6,50,1
23517,Felsteel Gloves,GEAR,DROP,1,4,6,66,1
23517,Felsteel Gloves,GEAR,DROP,1,3,6,50,1
23517,Felsteel Gloves,GEAR,DROP,1,4,6,66,1
23517,Felsteel Gloves,GEAR,DROP,1,3,6,50,1
14048,Bolt of Runecloth,INTERMEDIATE,TRAINER,7,9579,11880,80,1
14048,Bolt of Runecloth,INTERMEDIATE,TRAINER,6,9291,11880,78,1
13423,Stonescale Oil,INTERMEDIATE,TRAINER,14,85,102,83,1
13423,Stonescale Oil,INTERMEDIATE,TRAINER,1,81,102,79,1
24268,Netherweave Net,MISC,TRAINER,20,5765,7200,80,1
24268,Netherweave Net,MISC,TRAINER,2,5592,7200,77,1
24268,Netherweave Net,MISC,TRAINER,10,6804,7200,94,1
23787,Felsteel Stabilizer,INTERMEDIATE,TRAINER,6,1,2,50,1
23787,Felsteel Stabilizer,INTERMEDIATE,TRAINER,7,1,2,50,1
44958,Ethereal Oil,INTERMEDIATE,TRAINER,7,88,96,91,1
21752,Thorium Setting,INTERMEDIATE,TRAINER,5,1111,1545,71,1
21752,Thorium Setting,INTERMEDIATE,TRAINER,7,1055,1545,68,1
14342,Mooncloth,INTERMEDIATE,VENDOR,11,14136,15200,93,1
14342,Mooncloth,INTERMEDIATE,VENDOR,3,13994,15200,92,1
4251,Hillman's Shoulders,GEAR,TRAINER,1,1168,1779,65,1
4251,Hillman's Shoulders,GEAR,TRAINER,1,1109,1779,62,1
4251,Hillman's Shoulders,GEAR,TRAINER,1,1086,1779,61,1
4251,Hillman's Shoulders,GEAR,TRAINER,1,1067,1779,59,1
4251,Hillman's Shoulders,GEAR,TRAINER,1,1168,1779,65,1
4251,Hillman's Shoulders,GEAR,TRAINER,1,1109,1779,62,1
4251,Hillman's Shoulders,GEAR,TRAINER,1,1086,1779,61,1
4251,Hillman's Shoulders,GEAR,TRAINER,1,1067,1779,59,1
4251,Hillman's Shoulders,GEAR,TRAINER,1,1168,1779,65,1
4251,Hillman's Shoulders,GEAR,TRAINER,1,1109,1779,62,1
4251,Hillman's Shoulders,GEAR,TRAINER,1,1086,1779,61,1
4251,Hillman's Shoulders,GEAR,TRAINER,1,1067,1779,59,1
4251,Hillman's Shoulders,GEAR,TRAINER,1,1168,1779,65,1
4251,Hillman's Shoulders,GEAR,TRAINER,1,1109,1779,62,1
4251,Hillman's Shoulders,GEAR,TRAINER,1,1086,1779,61,1
18662,Heavy Leather Ball,MISC,VENDOR,5,1190,1312,90,1
18662,Heavy Leather Ball,MISC,VENDOR,5,1178,1312,89,1
18662,Heavy Leather Ball,MISC,VENDOR,2,1119,1312,85,1
24268,Netherweave Net,MISC,TRAINER,18,5932,7200,82,1
23785,Hardened Adamantite Tube,INTERMEDIATE,TRAINER,10,1,3,33,1
23785,Hardened Adamantite Tube,INTERMEDIATE,TRAINER,2,1,3,33,1
14342,Mooncloth,INTERMEDIATE,VENDOR,4,11887,15200,78,1
14342,Mooncloth,INTERMEDIATE,VENDOR,1,11292,15200,74,1
21754,The Aquamarine Ward,GEAR,DROP,1,8165,9545,85,1
21754,The Aquamarine Ward,GEAR,DROP,1,7920,9545,82,1
21754,The Aquamarine Ward,GEAR,DROP,1,7524,9545,78,1
21754,The Aquamarine Ward,GEAR,DROP,1,8165,9545,85,1
21754,The Aquamarine Ward,GEAR,DROP,1,7920,9545,82,1
21754,The Aquamarine Ward,GEAR,DROP,1,7524,9545,78,1
21754,The Aquamarine Ward,GEAR,DROP,1,8165,9545,85,1
21754,The Aquamarine Ward,GEAR,DROP,1,7920,9545,82,1
21754,The Aquamarine Ward,GEAR,DROP,1,7524,9545,78,1
21754,The Aquamarine Ward,GEAR,DROP,1,8165,9545,85,1
21754,The Aquamarine Ward,GEAR,DROP,1,7920,9545,82,1
21754,The Aquamarine Ward,GEAR,DROP,1,7524,9545,78,1
21754,The Aquamarine Ward,GEAR,DROP,1,8165,9545,85,1
21754,The Aquamarine Ward,GEAR,DROP,1,7920,9545,82,1
21754,The Aquamarine Ward,GEAR,DROP,1,7524,9545,78,1
32836,Purified Shadow Pearl,GEM_CUT,TRAINER,1,8267,9280,89,1
32836,Purified Shadow Pearl,GEM_CUT,TRAINER,1,8184,9280,88,1
32836,Purified Shadow Pearl,GEM_CUT,TRAINER,1,8267,9280,89,1
32836,Purified Shadow Pearl,GEM_CUT,TRAINER,1,8184,9280,88,1
32836,Purified Shadow Pearl,GEM_CUT,TRAINER,1,8267,9280,89,1
32836,Purified Shadow Pearl,GEM_CUT,TRAINER,1,8184,9280,88,1
24268,Netherweave Net,MISC,TRAINER,10,5932,7200,82,1
32833,Purified Jaggal Pearl,GEM_CUT,TRAINER,1,6744,9280,72,1
32833,Purified Jaggal Pearl,GEM_CUT,TRAINER,1,6541,9280,70,1
32833,Purified Jaggal Pearl,GEM_CUT,TRAINER,1,6213,9280,66,1
32833,Purified Jaggal Pearl,GEM_CUT,TRAINER,1,6026,9280,64,1
32833,Purified Jaggal Pearl,GEM_CUT,TRAINER,1,6744,9280,72,1
32833,Purified Jaggal Pearl,GEM_CUT,TRAINER,1,6541,9280,70,1
32833,Purified Jaggal Pearl,GEM_CUT,TRAINER,1,6213,9280,66,1
32833,Purified Jaggal Pearl,GEM_CUT,TRAINER,1,6026,9280,64,1
32833,Purified Jaggal Pearl,GEM_CUT,TRAINER,1,6744,9280,72,1
32833,Purified Jaggal Pearl,GEM_CUT,TRAINER,1,6541,9280,70,1
32833,Purified Jaggal Pearl,GEM_CUT,TRAINER,1,6213,9280,66,1
22574,Mote of Fire,INTERMEDIATE,TRAINER,10,2921,3200,91,1
22574,Mote of Fire,INTERMEDIATE,TRAINER,10,2774,3200,86,1
22574,Mote of Fire,INTERMEDIATE,TRAINER,10,2690,3200,84,1
22574,Mote of Fire,INTERMEDIATE,TRAINER,10,2609,3200,81,1
22574,Mote of Fire,INTERMEDIATE,TRAINER,10,2921,3200,91,1
22574,Mote of Fire,INTERMEDIATE,TRAINER,10,2774,3200,86,1
22574,Mote of Fire,INTERMEDIATE,TRAINER,10,2690,3200,84,1
22574,Mote of Fire,INTERMEDIATE,TRAINER,7,2609,3200,81,1
22574,Mote of Fire,INTERMEDIATE,TRAINER,3,2921,3200,91,1
23518,Felsteel Leggings,GEAR,DROP,1,6,8,75,1
23518,Felsteel Leggings,GEAR,DROP,1,5,8,62,1
23518,Felsteel Leggings,GEAR,DROP,1,4,8,50,1
23518,Felsteel Leggings,GEAR,DROP,1,6,8,75,1
23518,Felsteel Leggings,GEAR,DROP,1,5,8,62,1
23518,Felsteel Leggings,GEAR,DROP,1,4,8,50,1
23518,Felsteel Leggings,GEAR,DROP,1,6,8,75,1
23518,Felsteel Leggings,GEAR,DROP,1,5,8,62,1
23518,Felsteel Leggings,GEAR,DROP,1,4,8,50,1
23518,Felsteel Leggings,GEAR,DROP,1,6,8,75,1
23518,Felsteel Leggings,GEAR,DROP,1,5,8,62,1
23518,Felsteel Leggings,GEAR,DROP,1,4,8,50,1
23518,Felsteel Leggings,GEAR,DROP,1,6,8,75,1
23518,Felsteel Leggings,GEAR,DROP,1,6,8,75,1
23518,Felsteel Leggings,GEAR,DROP,1,5,8,62,1
23518,Felsteel Leggings,GEAR,DROP,1,4,8,50,1
23518,Felsteel Leggings,GEAR,DROP,1,6,8,75,1
23518,Felsteel Leggings,GEAR,DROP,1,5,8,62,1
23518,Felsteel Leggings,GEAR,DROP,1,4,8,50,1
23518,Felsteel Leggings,GEAR,DROP,1,6,8,75,1
23518,Felsteel Leggings,GEAR,DROP,1,5,8,62,1
23518,Felsteel Leggings,GEAR,DROP,1,4,8,50,1
23518,Felsteel Leggings,GEAR,DROP,1,6,8,75,1
23518,Felsteel Leggings,GEAR,DROP,1,5,8,62,1
23518,Felsteel Leggings,GEAR,DROP,1,4,8,50,1
23518,Felsteel Leggings,GEAR,DROP,1,6,8,75,1
23518,Felsteel Leggings,GEAR,DROP,1,5,8,62,1
23518,Felsteel Leggings,GEAR,DROP,1,4,8,50,1
14048,Bolt of Runecloth,INTERMEDIATE,TRAINER,4,9351,11880,78,1
14048,Bolt of Runecloth,INTERMEDIATE,TRAINER,2,9070,11880,76,1
23785,Hardened Adamantite Tube,INTERMEDIATE,TRAINER,4,2,3,66,1
23785,Hardened Adamantite Tube,INTERMEDIATE,TRAINER,1,1,3,33,1
22448,Small Prismatic Shard,INTERMEDIATE,TRAINER,20,1,0,0,1
22448,Small Prismatic Shard,INTERMEDIATE,TRAINER,20,1,0,0,1
22448,Small Prismatic Shard,INTERMEDIATE,TRAINER,2,1,0,0,1
14342,Mooncloth,INTERMEDIATE,VENDOR,11,11096,15200,73,1
14342,Mooncloth,INTERMEDIATE,VENDOR,1,10874,15200,71,1
10008,White Bandit Mask,GEAR,DROP,1,4131,6023,68,1
10008,White Bandit Mask,GEAR,DROP,1,3965,6023,65,1
10008,White Bandit Mask,GEAR,DROP,1,3885,6023,64,1
10008,White Bandit Mask,GEAR,DROP,1,4131,6023,68,1
10008,White Bandit Mask,GEAR,DROP,1,3965,6023,65,1
10008,White Bandit Mask,GEAR,DROP,1,3885,6023,64,1
10008,White Bandit Mask,GEAR,DROP,1,4131,6023,68,1
10008,White Bandit Mask,GEAR,DROP,1,3965,6023,65,1
22448,Small Prismatic Shard,INTERMEDIATE,TRAINER,20,1,0,0,1
22448,Small Prismatic Shard,INTERMEDIATE,TRAINER,7,1,0,0,1
22448,Small Prismatic Shard,INTERMEDIATE,TRAINER,6,1,0,0,1
22448,Small Prismatic Shard,INTERMEDIATE,TRAINER,17,1,0,0,1
22448,Small Prismatic Shard,INTERMEDIATE,TRAINER,1,1,0,0,1
14342,Mooncloth,INTERMEDIATE,VENDOR,2,11597,15200,76,1
14342,Mooncloth,INTERMEDIATE,VENDOR,4,11481,15200,75,1
21862,Imbued Netherweave Tunic,GEAR,VENDOR,1,43878,65006,67,1
21862,Imbued Netherweave Tunic,GEAR,VENDOR,1,42122,65006,64,1
21862,Imbued Netherweave Tunic,GEAR,VENDOR,1,43878,65006,67,1
21862,Imbued Netherweave Tunic,GEAR,VENDOR,1,42122,65006,64,1
21862,Imbued Netherweave Tunic,GEAR,VENDOR,1,43878,65006,67,1
21862,Imbued Netherweave Tunic,GEAR,VENDOR,1,42122,65006,64,1
21862,Imbued Netherweave Tunic,GEAR,VENDOR,1,43878,65006,67,1
21862,Imbued Netherweave Tunic,GEAR,VENDOR,1,42122,65006,64,1
21862,Imbued Netherweave Tunic,GEAR,VENDOR,1,43878,65006,67,1
21862,Imbued Netherweave Tunic,GEAR,VENDOR,1,42122,65006,64,1
23518,Felsteel Leggings,GEAR,DROP,1,5,8,62,1
23518,Felsteel Leggings,GEAR,DROP,1,4,8,50,1
23518,Felsteel Leggings,GEAR,DROP,1,4,8,50,1
23518,Felsteel Leggings,GEAR,DROP,1,4,8,50,1
23518,Felsteel Leggings,GEAR,DROP,1,5,8,62,1
23518,Felsteel Leggings,GEAR,DROP,1,4,8,50,1
23518,Felsteel Leggings,GEAR,DROP,1,4,8,50,1
23518,Felsteel Leggings,GEAR,DROP,1,4,8,50,1
23518,Felsteel Leggings,GEAR,DROP,1,5,8,62,1
23518,Felsteel Leggings,GEAR,DROP,1,4,8,50,1
23518,Felsteel Leggings,GEAR,DROP,1,4,8,50,1
2454,Elixir of Lion's Strength,ELIXIR_POT,UNSOURCED,14,343,125,274,0
5966,Guardian Gloves,GEAR,TRAINER,1,3501,4183,83,1
5966,Guardian Gloves,GEAR,TRAINER,1,3360,4183,80,1
5966,Guardian Gloves,GEAR,TRAINER,1,3292,4183,78,1
5966,Guardian Gloves,GEAR,TRAINER,1,3193,4183,76,1
5966,Guardian Gloves,GEAR,TRAINER,1,3501,4183,83,1
5966,Guardian Gloves,GEAR,TRAINER,1,3360,4183,80,1
5966,Guardian Gloves,GEAR,TRAINER,1,3292,4183,78,1
5966,Guardian Gloves,GEAR,TRAINER,1,3193,4183,76,1
24269,Heavy Netherweave Net,MISC,UNSOURCED,20,11491,14400,79,1
4330,Stylish Red Shirt,GEAR,TRAINER,1,1160,1424,81,1
4330,Stylish Red Shirt,GEAR,TRAINER,1,1136,1424,79,1
4330,Stylish Red Shirt,GEAR,TRAINER,1,1101,1424,77,1
4330,Stylish Red Shirt,GEAR,TRAINER,1,1160,1424,81,1
4330,Stylish Red Shirt,GEAR,TRAINER,1,1136,1424,79,1
4330,Stylish Red Shirt,GEAR,TRAINER,1,1101,1424,77,1
4330,Stylish Red Shirt,GEAR,TRAINER,1,1160,1424,81,1
4330,Stylish Red Shirt,GEAR,TRAINER,1,1136,1424,79,1
25679,Comfortable Insoles,MISC,VENDOR,6,7519,10000,75,1
22522,Superior Wizard Oil,MISC,VENDOR,1,22510,26039,86,1
22522,Superior Wizard Oil,MISC,VENDOR,1,22059,26039,84,1
22522,Superior Wizard Oil,MISC,VENDOR,1,21617,26039,83,1
22522,Superior Wizard Oil,MISC,VENDOR,1,21400,26039,82,1
22522,Superior Wizard Oil,MISC,VENDOR,1,22510,26039,86,1
22522,Superior Wizard Oil,MISC,VENDOR,1,22059,26039,84,1
22522,Superior Wizard Oil,MISC,VENDOR,1,21617,26039,83,1
22522,Superior Wizard Oil,MISC,VENDOR,1,21400,26039,82,1
22522,Superior Wizard Oil,MISC,VENDOR,1,22510,26039,86,1
22522,Superior Wizard Oil,MISC,VENDOR,1,22059,26039,84,1
22522,Superior Wizard Oil,MISC,VENDOR,1,21617,26039,83,1
22522,Superior Wizard Oil,MISC,VENDOR,1,21400,26039,82,1
22522,Superior Wizard Oil,MISC,VENDOR,1,22510,26039,86,1
23518,Felsteel Leggings,GEAR,DROP,1,6,8,75,1
23518,Felsteel Leggings,GEAR,DROP,1,5,8,62,1
23518,Felsteel Leggings,GEAR,DROP,1,4,8,50,1
23518,Felsteel Leggings,GEAR,DROP,1,4,8,50,1
23518,Felsteel Leggings,GEAR,DROP,1,6,8,75,1
23518,Felsteel Leggings,GEAR,DROP,1,5,8,62,1
23518,Felsteel Leggings,GEAR,DROP,1,4,8,50,1
23518,Felsteel Leggings,GEAR,DROP,1,4,8,50,1
24268,Netherweave Net,MISC,TRAINER,12,5299,7200,73,1
23448,Felsteel Bar,INTERMEDIATE,TRAINER,10,57250,76000,75,1
23448,Felsteel Bar,INTERMEDIATE,TRAINER,4,55532,76000,73,1
20963,Mithril Filigree,INTERMEDIATE,TRAINER,5,2138,3012,70,1
20963,Mithril Filigree,INTERMEDIATE,TRAINER,8,2095,3012,69,1
2310,Embossed Leather Cloak,GEAR,TRAINER,1,396,485,81,1
2310,Embossed Leather Cloak,GEAR,TRAINER,1,380,485,78,1
2310,Embossed Leather Cloak,GEAR,TRAINER,1,396,485,81,1
2310,Embossed Leather Cloak,GEAR,TRAINER,1,380,485,78,1
2310,Embossed Leather Cloak,GEAR,TRAINER,1,396,485,81,1
2310,Embossed Leather Cloak,GEAR,TRAINER,1,380,485,78,1
2310,Embossed Leather Cloak,GEAR,TRAINER,1,396,485,81,1
2310,Embossed Leather Cloak,GEAR,TRAINER,1,380,485,78,1
2310,Embossed Leather Cloak,GEAR,TRAINER,1,396,485,81,1
2310,Embossed Leather Cloak,GEAR,TRAINER,1,380,485,78,1
2310,Embossed Leather Cloak,GEAR,TRAINER,1,396,485,81,1
2310,Embossed Leather Cloak,GEAR,TRAINER,1,380,485,78,1
24268,Netherweave Net,MISC,TRAINER,20,5927,7200,82,1
24268,Netherweave Net,MISC,TRAINER,6,5689,7200,79,1
23447,Eternium Bar,INTERMEDIATE,TRAINER,3,15914,20000,79,1
23447,Eternium Bar,INTERMEDIATE,TRAINER,9,15595,20000,77,1
4318,Gloves of Meditation,GEAR,TRAINER,1,2042,2322,87,1
4318,Gloves of Meditation,GEAR,TRAINER,1,1980,2322,85,1
4318,Gloves of Meditation,GEAR,TRAINER,1,1900,2322,81,1
4318,Gloves of Meditation,GEAR,TRAINER,1,1881,2322,81,1
4318,Gloves of Meditation,GEAR,TRAINER,1,2042,2322,87,1
4318,Gloves of Meditation,GEAR,TRAINER,1,1980,2322,85,1
4318,Gloves of Meditation,GEAR,TRAINER,1,1900,2322,81,1
4318,Gloves of Meditation,GEAR,TRAINER,1,1881,2322,81,1
4318,Gloves of Meditation,GEAR,TRAINER,1,2042,2322,87,1
4318,Gloves of Meditation,GEAR,TRAINER,1,1980,2322,85,1
4318,Gloves of Meditation,GEAR,TRAINER,1,1900,2322,81,1
4318,Gloves of Meditation,GEAR,TRAINER,1,1881,2322,81,1
4318,Gloves of Meditation,GEAR,TRAINER,1,2042,2322,87,1
32833,Purified Jaggal Pearl,GEM_CUT,TRAINER,1,6917,9280,74,1
32833,Purified Jaggal Pearl,GEM_CUT,TRAINER,1,6571,9280,70,1
32833,Purified Jaggal Pearl,GEM_CUT,TRAINER,1,6308,9280,67,1
32833,Purified Jaggal Pearl,GEM_CUT,TRAINER,1,6181,9280,66,1
32833,Purified Jaggal Pearl,GEM_CUT,TRAINER,1,6917,9280,74,1
32833,Purified Jaggal Pearl,GEM_CUT,TRAINER,1,6571,9280,70,1
32833,Purified Jaggal Pearl,GEM_CUT,TRAINER,1,6308,9280,67,1
32833,Purified Jaggal Pearl,GEM_CUT,TRAINER,1,6181,9280,66,1
32833,Purified Jaggal Pearl,GEM_CUT,TRAINER,1,6917,9280,74,1
32833,Purified Jaggal Pearl,GEM_CUT,TRAINER,1,6571,9280,70,1
32833,Purified Jaggal Pearl,GEM_CUT,TRAINER,1,6308,9280,67,1
32833,Purified Jaggal Pearl,GEM_CUT,TRAINER,1,6181,9280,66,1
32833,Purified Jaggal Pearl,GEM_CUT,TRAINER,1,6917,9280,74,1
6453,Strong Anti-Venom,MISC,DROP,18,267,373,71,1
24270,Bag of Jewels,BAG,VENDOR,1,13971,20006,69,1
24270,Bag of Jewels,BAG,VENDOR,1,13412,20006,67,1
24270,Bag of Jewels,BAG,VENDOR,1,12741,20006,63,1
24270,Bag of Jewels,BAG,VENDOR,1,13971,20006,69,1
24270,Bag of Jewels,BAG,VENDOR,1,13412,20006,67,1
32836,Purified Shadow Pearl,GEM_CUT,TRAINER,1,6716,9280,72,1
32836,Purified Shadow Pearl,GEM_CUT,TRAINER,1,6581,9280,70,1
32836,Purified Shadow Pearl,GEM_CUT,TRAINER,1,6383,9280,68,1
32836,Purified Shadow Pearl,GEM_CUT,TRAINER,1,6127,9280,66,1
32836,Purified Shadow Pearl,GEM_CUT,TRAINER,1,6716,9280,72,1
32836,Purified Shadow Pearl,GEM_CUT,TRAINER,1,6581,9280,70,1
32836,Purified Shadow Pearl,GEM_CUT,TRAINER,1,6383,9280,68,1
32836,Purified Shadow Pearl,GEM_CUT,TRAINER,1,6127,9280,66,1
32836,Purified Shadow Pearl,GEM_CUT,TRAINER,1,6716,9280,72,1
23517,Felsteel Gloves,GEAR,DROP,1,5,6,83,1
23517,Felsteel Gloves,GEAR,DROP,1,4,6,66,1
23517,Felsteel Gloves,GEAR,DROP,1,5,6,83,1
23517,Felsteel Gloves,GEAR,DROP,1,4,6,66,1
23517,Felsteel Gloves,GEAR,DROP,1,5,6,83,1
23517,Felsteel Gloves,GEAR,DROP,1,4,6,66,1
23517,Felsteel Gloves,GEAR,DROP,1,5,6,83,1
23517,Felsteel Gloves,GEAR,DROP,1,4,6,66,1
23517,Felsteel Gloves,GEAR,DROP,1,5,6,83,1
23517,Felsteel Gloves,GEAR,DROP,1,4,6,66,1
23517,Felsteel Gloves,GEAR,DROP,1,5,6,83,1
23517,Felsteel Gloves,GEAR,DROP,1,4,6,66,1
23517,Felsteel Gloves,GEAR,DROP,1,5,6,83,1
23517,Felsteel Gloves,GEAR,DROP,1,4,6,66,1
13423,Stonescale Oil,INTERMEDIATE,TRAINER,4,88,102,86,1
13423,Stonescale Oil,INTERMEDIATE,TRAINER,1,85,102,83,1
20827,Ring of Silver Might,GEAR,TRAINER,1,534,606,88,1
20827,Ring of Silver Might,GEAR,TRAINER,1,528,606,87,1
20827,Ring of Silver Might,GEAR,TRAINER,1,522,606,86,1
20827,Ring of Silver Might,GEAR,TRAINER,1,506,606,83,1
20827,Ring of Silver Might,GEAR,TRAINER,1,534,606,88,1
20827,Ring of Silver Might,GEAR,TRAINER,1,528,606,87,1
20827,Ring of Silver Might,GEAR,TRAINER,1,522,606,86,1
20827,Ring of Silver Might,GEAR,TRAINER,1,506,606,83,1
20827,Ring of Silver Might,GEAR,TRAINER,1,534,606,88,1
20827,Ring of Silver Might,GEAR,TRAINER,1,528,606,87,1
20827,Ring of Silver Might,GEAR,TRAINER,1,522,606,86,1
20827,Ring of Silver Might,GEAR,TRAINER,1,506,606,83,1
20827,Ring of Silver Might,GEAR,TRAINER,1,534,606,88,1
20827,Ring of Silver Might,GEAR,TRAINER,1,528,606,87,1
23785,Hardened Adamantite Tube,INTERMEDIATE,TRAINER,2,1,3,33,1
23785,Hardened Adamantite Tube,INTERMEDIATE,TRAINER,3,1,3,33,1
22574,Mote of Fire,INTERMEDIATE,TRAINER,10,2329,3200,72,1
22574,Mote of Fire,INTERMEDIATE,TRAINER,10,2212,3200,69,1
22574,Mote of Fire,INTERMEDIATE,TRAINER,10,2101,3200,65,1
22574,Mote of Fire,INTERMEDIATE,TRAINER,10,2329,3200,72,1
22574,Mote of Fire,INTERMEDIATE,TRAINER,10,2212,3200,69,1
22574,Mote of Fire,INTERMEDIATE,TRAINER,10,2101,3200,65,1
22574,Mote of Fire,INTERMEDIATE,TRAINER,10,2329,3200,72,1
22574,Mote of Fire,INTERMEDIATE,TRAINER,10,2212,3200,69,1
22574,Mote of Fire,INTERMEDIATE,TRAINER,10,2101,3200,65,1
22574,Mote of Fire,INTERMEDIATE,TRAINER,10,2329,3200,72,1
22574,Mote of Fire,INTERMEDIATE,TRAINER,10,2212,3200,69,1
22574,Mote of Fire,INTERMEDIATE,TRAINER,4,2101,3200,65,1
22574,Mote of Fire,INTERMEDIATE,TRAINER,6,2329,3200,72,1
22448,Small Prismatic Shard,INTERMEDIATE,TRAINER,8,1,0,0,1
22448,Small Prismatic Shard,INTERMEDIATE,TRAINER,10,1,0,0,1
22522,Superior Wizard Oil,MISC,VENDOR,1,21520,26039,82,1
22522,Superior Wizard Oil,MISC,VENDOR,1,20874,26039,80,1
22522,Superior Wizard Oil,MISC,VENDOR,1,20039,26039,76,1
22522,Superior Wizard Oil,MISC,VENDOR,1,19638,26039,75,1
22522,Superior Wizard Oil,MISC,VENDOR,1,21520,26039,82,1
22522,Superior Wizard Oil,MISC,VENDOR,1,20874,26039,80,1
22522,Superior Wizard Oil,MISC,VENDOR,1,20039,26039,76,1
2319,Medium Leather,INTERMEDIATE,TRAINER,2,311,372,83,1
2319,Medium Leather,INTERMEDIATE,TRAINER,9,304,372,81,1
24268,Netherweave Net,MISC,TRAINER,20,6272,7200,87,1
24268,Netherweave Net,MISC,TRAINER,4,6209,7200,86,1
10056,Orange Mageweave Shirt,GEAR,TRAINER,1,5911,6998,84,1
10056,Orange Mageweave Shirt,GEAR,TRAINER,1,5792,6998,82,1
10056,Orange Mageweave Shirt,GEAR,TRAINER,1,5911,6998,84,1
10056,Orange Mageweave Shirt,GEAR,TRAINER,1,5792,6998,82,1
10056,Orange Mageweave Shirt,GEAR,TRAINER,1,5911,6998,84,1
10056,Orange Mageweave Shirt,GEAR,TRAINER,1,5792,6998,82,1
10056,Orange Mageweave Shirt,GEAR,TRAINER,1,5911,6998,84,1
10056,Orange Mageweave Shirt,GEAR,TRAINER,1,5792,6998,82,1
10056,Orange Mageweave Shirt,GEAR,TRAINER,1,5911,6998,84,1
10056,Orange Mageweave Shirt,GEAR,TRAINER,1,5792,6998,82,1
10056,Orange Mageweave Shirt,GEAR,TRAINER,1,5911,6998,84,1
24268,Netherweave Net,MISC,TRAINER,20,6317,7200,87,1
24268,Netherweave Net,MISC,TRAINER,4,6127,7200,85,1
23787,Felsteel Stabilizer,INTERMEDIATE,TRAINER,5,1,2,50,1
23787,Felsteel Stabilizer,INTERMEDIATE,TRAINER,3,1,2,50,1
20963,Mithril Filigree,INTERMEDIATE,TRAINER,4,2926,3012,97,1
20963,Mithril Filigree,INTERMEDIATE,TRAINER,2,2867,3012,95,1
23519,Felsteel Helm,GEAR,DROP,1,7,8,87,1
23519,Felsteel Helm,GEAR,DROP,1,6,8,75,1
23519,Felsteel Helm,GEAR,DROP,1,5,8,62,1
23519,Felsteel Helm,GEAR,DROP,1,7,8,87,1
23519,Felsteel Helm,GEAR,DROP,1,6,8,75,1
23519,Felsteel Helm,GEAR,DROP,1,5,8,62,1
23519,Felsteel Helm,GEAR,DROP,1,7,8,87,1
23519,Felsteel Helm,GEAR,DROP,1,6,8,75,1
23519,Felsteel Helm,GEAR,DROP,1,5,8,62,1
13423,Stonescale Oil,INTERMEDIATE,TRAINER,1,86,102,84,1
13423,Stonescale Oil,INTERMEDIATE,TRAINER,14,81,102,79,1
13423,Stonescale Oil,INTERMEDIATE,TRAINER,7,82,102,80,1
13423,Stonescale Oil,INTERMEDIATE,TRAINER,2,77,102,75,1
22522,Superior Wizard Oil,MISC,VENDOR,1,21768,26039,83,1
22522,Superior Wizard Oil,MISC,VENDOR,1,20679,26039,79,1
22522,Superior Wizard Oil,MISC,VENDOR,1,19645,26039,75,1
22522,Superior Wizard Oil,MISC,VENDOR,1,21768,26039,83,1
22522,Superior Wizard Oil,MISC,VENDOR,1,20679,26039,79,1
22522,Superior Wizard Oil,MISC,VENDOR,1,19645,26039,75,1
22522,Superior Wizard Oil,MISC,VENDOR,1,21768,26039,83,1
22522,Superior Wizard Oil,MISC,VENDOR,1,20679,26039,79,1
22522,Superior Wizard Oil,MISC,VENDOR,1,19645,26039,75,1
22522,Superior Wizard Oil,MISC,VENDOR,1,21768,26039,83,1
22522,Superior Wizard Oil,MISC,VENDOR,1,20679,26039,79,1
22522,Superior Wizard Oil,MISC,VENDOR,1,19645,26039,75,1
23787,Felsteel Stabilizer,INTERMEDIATE,TRAINER,2,1,2,50,1
23787,Felsteel Stabilizer,INTERMEDIATE,TRAINER,10,1,2,50,1
23787,Felsteel Stabilizer,INTERMEDIATE,TRAINER,8,1,2,50,1
23787,Felsteel Stabilizer,INTERMEDIATE,TRAINER,4,1,2,50,1
20827,Ring of Silver Might,GEAR,TRAINER,1,599,606,98,1
20827,Ring of Silver Might,GEAR,TRAINER,1,575,606,94,1
20827,Ring of Silver Might,GEAR,TRAINER,1,557,606,91,1
20827,Ring of Silver Might,GEAR,TRAINER,1,529,606,87,1
20827,Ring of Silver Might,GEAR,TRAINER,1,599,606,98,1
20827,Ring of Silver Might,GEAR,TRAINER,1,575,606,94,1
20827,Ring of Silver Might,GEAR,TRAINER,1,557,606,91,1
20827,Ring of Silver Might,GEAR,TRAINER,1,529,606,87,1
20827,Ring of Silver Might,GEAR,TRAINER,1,599,606,98,1
22522,Superior Wizard Oil,MISC,VENDOR,1,21137,26039,81,1
22522,Superior Wizard Oil,MISC,VENDOR,1,20080,26039,77,1
22522,Superior Wizard Oil,MISC,VENDOR,1,19276,26039,74,1
22522,Superior Wizard Oil,MISC,VENDOR,1,18697,26039,71,1
22522,Superior Wizard Oil,MISC,VENDOR,1,21137,26039,81,1
22522,Superior Wizard Oil,MISC,VENDOR,1,20080,26039,77,1
44839,Candied Sweet Potato,FOOD,DROP,5,14,18,77,1
44839,Candied Sweet Potato,FOOD,DROP,5,13,18,72,1
4251,Hillman's Shoulders,GEAR,TRAINER,1,1356,1779,76,1
4251,Hillman's Shoulders,GEAR,TRAINER,1,1288,1779,72,1
4251,Hillman's Shoulders,GEAR,TRAINER,1,1262,1779,70,1
4251,Hillman's Shoulders,GEAR,TRAINER,1,1198,1779,67,1
4251,Hillman's Shoulders,GEAR,TRAINER,1,1356,1779,76,1
4251,Hillman's Shoulders,GEAR,TRAINER,1,1288,1779,72,1
4251,Hillman's Shoulders,GEAR,TRAINER,1,1262,1779,70,1
4251,Hillman's Shoulders,GEAR,TRAINER,1,1198,1779,67,1
4251,Hillman's Shoulders,GEAR,TRAINER,1,1356,1779,76,1
4251,Hillman's Shoulders,GEAR,TRAINER,1,1288,1779,72,1
44958,Ethereal Oil,INTERMEDIATE,TRAINER,11,73,96,76,1
44958,Ethereal Oil,INTERMEDIATE,TRAINER,4,70,96,72,1
24268,Netherweave Net,MISC,TRAINER,20,5557,7200,77,1
23785,Hardened Adamantite Tube,INTERMEDIATE,TRAINER,2,2,3,66,1
23785,Hardened Adamantite Tube,INTERMEDIATE,TRAINER,3,1,3,33,1
10056,Orange Mageweave Shirt,GEAR,TRAINER,1,4903,6998,70,1
10056,Orange Mageweave Shirt,GEAR,TRAINER,1,4657,6998,66,1
10056,Orange Mageweave Shirt,GEAR,TRAINER,1,4470,6998,63,1
10056,Orange Mageweave Shirt,GEAR,TRAINER,1,4246,6998,60,1
10056,Orange Mageweave Shirt,GEAR,TRAINER,1,4903,6998,70,1
10056,Orange Mageweave Shirt,GEAR,TRAINER,1,4657,6998,66,1
10056,Orange Mageweave Shirt,GEAR,TRAINER,1,4470,6998,63,1
10056,Orange Mageweave Shirt,GEAR,TRAINER,1,4246,6998,60,1
10056,Orange Mageweave Shirt,GEAR,TRAINER,1,4903,6998,70,1
10056,Orange Mageweave Shirt,GEAR,TRAINER,1,4657,6998,66,1
10056,Orange Mageweave Shirt,GEAR,TRAINER,1,4470,6998,63,1
10056,Orange Mageweave Shirt,GEAR,TRAINER,1,4246,6998,60,1
10056,Orange Mageweave Shirt,GEAR,TRAINER,1,4903,6998,70,1
10056,Orange Mageweave Shirt,GEAR,TRAINER,1,4657,6998,66,1
10056,Orange Mageweave Shirt,GEAR,TRAINER,1,4470,6998,63,1
44958,Ethereal Oil,INTERMEDIATE,TRAINER,5,65,96,67,1
44958,Ethereal Oil,INTERMEDIATE,TRAINER,5,63,96,65,1
23519,Felsteel Helm,GEAR,DROP,1,7,8,87,1
23519,Felsteel Helm,GEAR,DROP,1,6,8,75,1
23519,Felsteel Helm,GEAR,DROP,1,5,8,62,1
23519,Felsteel Helm,GEAR,DROP,1,4,8,50,1
23519,Felsteel Helm,GEAR,DROP,1,7,8,87,1
23519,Felsteel Helm,GEAR,DROP,1,6,8,75,1
23519,Felsteel Helm,GEAR,DROP,1,5,8,62,1
23519,Felsteel Helm,GEAR,DROP,1,4,8,50,1
23519,Felsteel Helm,GEAR,DROP,1,7,8,87,1
23519,Felsteel Helm,GEAR,DROP,1,6,8,75,1
23519,Felsteel Helm,GEAR,DROP,1,5,8,62,1
23519,Felsteel Helm,GEAR,DROP,1,4,8,50,1
23519,Felsteel Helm,GEAR,DROP,1,7,8,87,1
23519,Felsteel Helm,GEAR,DROP,1,6,8,75,1
23519,Felsteel Helm,GEAR,DROP,1,7,8,87,1
23519,Felsteel Helm,GEAR,DROP,1,6,8,75,1
23519,Felsteel Helm,GEAR,DROP,1,7,8,87,1
23519,Felsteel Helm,GEAR,DROP,1,6,8,75,1
23519,Felsteel Helm,GEAR,DROP,1,7,8,87,1
23519,Felsteel Helm,GEAR,DROP,1,6,8,75,1
3530,Wool Bandage,MISC,TRAINER,13,104,136,76,1
23447,Eternium Bar,INTERMEDIATE,TRAINER,2,19570,20000,97,1
23447,Eternium Bar,INTERMEDIATE,TRAINER,7,19178,20000,95,1
44958,Ethereal Oil,INTERMEDIATE,TRAINER,8,79,96,82,1
44958,Ethereal Oil,INTERMEDIATE,TRAINER,2,77,96,80,1
40195,Pygmy Oil,INTERMEDIATE,TRAINER,2,262,300,87,1
40195,Pygmy Oil,INTERMEDIATE,TRAINER,9,251,300,83,1
22448,Small Prismatic Shard,INTERMEDIATE,TRAINER,20,1,0,0,1
22448,Small Prismatic Shard,INTERMEDIATE,TRAINER,20,1,0,0,1
22448,Small Prismatic Shard,INTERMEDIATE,TRAINER,3,1,0,0,1
22448,Small Prismatic Shard,INTERMEDIATE,TRAINER,2,1,0,0,1
22448,Small Prismatic Shard,INTERMEDIATE,TRAINER,20,1,0,0,1
22448,Small Prismatic Shard,INTERMEDIATE,TRAINER,20,1,0,0,1
22448,Small Prismatic Shard,INTERMEDIATE,TRAINER,1,1,0,0,1
22448,Small Prismatic Shard,INTERMEDIATE,TRAINER,4,1,0,0,1
23518,Felsteel Leggings,GEAR,DROP,1,5,8,62,1
23518,Felsteel Leggings,GEAR,DROP,1,4,8,50,1
23518,Felsteel Leggings,GEAR,DROP,1,4,8,50,1
23518,Felsteel Leggings,GEAR,DROP,1,5,8,62,1
23518,Felsteel Leggings,GEAR,DROP,1,4,8,50,1
23518,Felsteel Leggings,GEAR,DROP,1,4,8,50,1
23518,Felsteel Leggings,GEAR,DROP,1,5,8,62,1
23518,Felsteel Leggings,GEAR,DROP,1,4,8,50,1
23518,Felsteel Leggings,GEAR,DROP,1,4,8,50,1
23787,Felsteel Stabilizer,INTERMEDIATE,TRAINER,9,1,2,50,1
44958,Ethereal Oil,INTERMEDIATE,TRAINER,3,74,96,77,1
44958,Ethereal Oil,INTERMEDIATE,TRAINER,10,71,96,73,1
22448,Small Prismatic Shard,INTERMEDIATE,TRAINER,20,1,0,0,1
22448,Small Prismatic Shard,INTERMEDIATE,TRAINER,17,1,0,0,1
22448,Small Prismatic Shard,INTERMEDIATE,TRAINER,2,1,0,0,1
4304,Thick Leather,INTERMEDIATE,TRAINER,5,3288,3636,90,1
4304,Thick Leather,INTERMEDIATE,TRAINER,1,3255,3636,89,1
22573,Mote of Earth,INTERMEDIATE,TRAINER,10,2149,3200,67,1
22573,Mote of Earth,INTERMEDIATE,TRAINER,10,2084,3200,65,1
22573,Mote of Earth,INTERMEDIATE,TRAINER,10,2000,3200,62,1
22573,Mote of Earth,INTERMEDIATE,TRAINER,10,1920,3200,60,1
22573,Mote of Earth,INTERMEDIATE,TRAINER,10,2149,3200,67,1
22573,Mote of Earth,INTERMEDIATE,TRAINER,10,2084,3200,65,1
22573,Mote of Earth,INTERMEDIATE,TRAINER,10,2000,3200,62,1
22573,Mote of Earth,INTERMEDIATE,TRAINER,10,1920,3200,60,1
22573,Mote of Earth,INTERMEDIATE,TRAINER,10,2149,3200,67,1
22573,Mote of Earth,INTERMEDIATE,TRAINER,10,2084,3200,65,1
22573,Mote of Earth,INTERMEDIATE,TRAINER,10,2000,3200,62,1
22573,Mote of Earth,INTERMEDIATE,TRAINER,4,1920,3200,60,1
22573,Mote of Earth,INTERMEDIATE,TRAINER,6,2149,3200,67,1
21752,Thorium Setting,INTERMEDIATE,TRAINER,6,1194,1545,77,1
21752,Thorium Setting,INTERMEDIATE,TRAINER,5,1158,1545,74,1
24268,Netherweave Net,MISC,TRAINER,14,6394,7200,88,1
32833,Purified Jaggal Pearl,GEM_CUT,TRAINER,1,7475,9280,80,1
32833,Purified Jaggal Pearl,GEM_CUT,TRAINER,1,7400,9280,79,1
32833,Purified Jaggal Pearl,GEM_CUT,TRAINER,1,7475,9280,80,1
32833,Purified Jaggal Pearl,GEM_CUT,TRAINER,1,7400,9280,79,1
32833,Purified Jaggal Pearl,GEM_CUT,TRAINER,1,7475,9280,80,1
32833,Purified Jaggal Pearl,GEM_CUT,TRAINER,1,7400,9280,79,1
32833,Purified Jaggal Pearl,GEM_CUT,TRAINER,1,7475,9280,80,1
32833,Purified Jaggal Pearl,GEM_CUT,TRAINER,1,7400,9280,79,1
32833,Purified Jaggal Pearl,GEM_CUT,TRAINER,1,7475,9280,80,1
32833,Purified Jaggal Pearl,GEM_CUT,TRAINER,1,7400,9280,79,1
32833,Purified Jaggal Pearl,GEM_CUT,TRAINER,1,7475,9280,80,1
22448,Small Prismatic Shard,INTERMEDIATE,TRAINER,20,1,0,0,1
22448,Small Prismatic Shard,INTERMEDIATE,TRAINER,20,1,0,0,1
22448,Small Prismatic Shard,INTERMEDIATE,TRAINER,2,1,0,0,1
24269,Heavy Netherweave Net,MISC,UNSOURCED,14,14061,14400,97,1
23519,Felsteel Helm,GEAR,DROP,1,5,8,62,1
23519,Felsteel Helm,GEAR,DROP,1,4,8,50,1
23519,Felsteel Helm,GEAR,DROP,1,4,8,50,1
23519,Felsteel Helm,GEAR,DROP,1,5,8,62,1
23519,Felsteel Helm,GEAR,DROP,1,4,8,50,1
23519,Felsteel Helm,GEAR,DROP,1,4,8,50,1
23519,Felsteel Helm,GEAR,DROP,1,5,8,62,1
23519,Felsteel Helm,GEAR,DROP,1,4,8,50,1
23519,Felsteel Helm,GEAR,DROP,1,4,8,50,1
23519,Felsteel Helm,GEAR,DROP,1,5,8,62,1
23519,Felsteel Helm,GEAR,DROP,1,4,8,50,1
23519,Felsteel Helm,GEAR,DROP,1,4,8,50,1
23519,Felsteel Helm,GEAR,DROP,1,5,8,62,1
23519,Felsteel Helm,GEAR,DROP,1,4,8,50,1
23519,Felsteel Helm,GEAR,DROP,1,4,8,50,1
22448,Small Prismatic Shard,INTERMEDIATE,TRAINER,7,1,0,0,1
22448,Small Prismatic Shard,INTERMEDIATE,TRAINER,8,1,0,0,1
40195,Pygmy Oil,INTERMEDIATE,TRAINER,1,226,300,75,1
40195,Pygmy Oil,INTERMEDIATE,TRAINER,7,219,300,73,1
23517,Felsteel Gloves,GEAR,DROP,1,4,6,66,1
23517,Felsteel Gloves,GEAR,DROP,1,3,6,50,1
23517,Felsteel Gloves,GEAR,DROP,1,3,6,50,1
23517,Felsteel Gloves,GEAR,DROP,1,4,6,66,1
23517,Felsteel Gloves,GEAR,DROP,1,3,6,50,1
23517,Felsteel Gloves,GEAR,DROP,1,3,6,50,1
23517,Felsteel Gloves,GEAR,DROP,1,4,6,66,1
23517,Felsteel Gloves,GEAR,DROP,1,3,6,50,1
23517,Felsteel Gloves,GEAR,DROP,1,3,6,50,1
23517,Felsteel Gloves,GEAR,DROP,1,4,6,66,1
23517,Felsteel Gloves,GEAR,DROP,1,3,6,50,1
23517,Felsteel Gloves,GEAR,DROP,1,3,6,50,1
23517,Felsteel Gloves,GEAR,DROP,1,4,6,66,1
4260,Guardian Leather Bracers,GEAR,DROP,1,5309,6654,79,1
4260,Guardian Leather Bracers,GEAR,DROP,1,5255,6654,78,1
4260,Guardian Leather Bracers,GEAR,DROP,1,5149,6654,77,1
4260,Guardian Leather Bracers,GEAR,DROP,1,4994,6654,75,1
4260,Guardian Leather Bracers,GEAR,DROP,1,5309,6654,79,1
22448,Small Prismatic Shard,INTERMEDIATE,TRAINER,20,1,0,0,1
22448,Small Prismatic Shard,INTERMEDIATE,TRAINER,5,1,0,0,1
22448,Small Prismatic Shard,INTERMEDIATE,TRAINER,5,1,0,0,1
24268,Netherweave Net,MISC,TRAINER,12,6617,7200,91,1
23517,Felsteel Gloves,GEAR,DROP,1,5,6,83,1
23517,Felsteel Gloves,GEAR,DROP,1,4,6,66,1
23517,Felsteel Gloves,GEAR,DROP,1,3,6,50,1
23517,Felsteel Gloves,GEAR,DROP,1,5,6,83,1
23517,Felsteel Gloves,GEAR,DROP,1,4,6,66,1
23517,Felsteel Gloves,GEAR,DROP,1,3,6,50,1
23517,Felsteel Gloves,GEAR,DROP,1,5,6,83,1
23517,Felsteel Gloves,GEAR,DROP,1,4,6,66,1
24268,Netherweave Net,MISC,TRAINER,20,5414,7200,75,1
24268,Netherweave Net,MISC,TRAINER,4,5197,7200,72,1
32833,Purified Jaggal Pearl,GEM_CUT,TRAINER,1,8299,9280,89,1
32833,Purified Jaggal Pearl,GEM_CUT,TRAINER,1,8050,9280,86,1
32833,Purified Jaggal Pearl,GEM_CUT,TRAINER,1,8299,9280,89,1
32833,Purified Jaggal Pearl,GEM_CUT,TRAINER,1,8050,9280,86,1
32833,Purified Jaggal Pearl,GEM_CUT,TRAINER,1,8299,9280,89,1
32833,Purified Jaggal Pearl,GEM_CUT,TRAINER,1,8050,9280,86,1
32833,Purified Jaggal Pearl,GEM_CUT,TRAINER,1,8299,9280,89,1
32833,Purified Jaggal Pearl,GEM_CUT,TRAINER,1,8050,9280,86,1
32833,Purified Jaggal Pearl,GEM_CUT,TRAINER,1,8299,9280,89,1
32833,Purified Jaggal Pearl,GEM_CUT,TRAINER,1,8050,9280,86,1
32833,Purified Jaggal Pearl,GEM_CUT,TRAINER,1,8299,9280,89,1
32833,Purified Jaggal Pearl,GEM_CUT,TRAINER,1,8050,9280,86,1
32833,Purified Jaggal Pearl,GEM_CUT,TRAINER,1,8299,9280,89,1
32833,Purified Jaggal Pearl,GEM_CUT,TRAINER,1,8050,9280,86,1
22448,Small Prismatic Shard,INTERMEDIATE,TRAINER,20,1,0,0,1
22448,Small Prismatic Shard,INTERMEDIATE,TRAINER,13,1,0,0,1
22448,Small Prismatic Shard,INTERMEDIATE,TRAINER,6,1,0,0,1
32833,Purified Jaggal Pearl,GEM_CUT,TRAINER,1,9159,9280,98,1
32833,Purified Jaggal Pearl,GEM_CUT,TRAINER,1,8975,9280,96,1
32833,Purified Jaggal Pearl,GEM_CUT,TRAINER,1,8526,9280,91,1
32833,Purified Jaggal Pearl,GEM_CUT,TRAINER,1,9159,9280,98,1
32833,Purified Jaggal Pearl,GEM_CUT,TRAINER,1,8975,9280,96,1
32833,Purified Jaggal Pearl,GEM_CUT,TRAINER,1,8526,9280,91,1
32833,Purified Jaggal Pearl,GEM_CUT,TRAINER,1,9159,9280,98,1
32833,Purified Jaggal Pearl,GEM_CUT,TRAINER,1,8975,9280,96,1
32833,Purified Jaggal Pearl,GEM_CUT,TRAINER,1,8526,9280,91,1
32833,Purified Jaggal Pearl,GEM_CUT,TRAINER,1,9159,9280,98,1
6453,Strong Anti-Venom,MISC,DROP,20,266,373,71,1
6453,Strong Anti-Venom,MISC,DROP,16,260,373,69,1
6371,Fire Oil,INTERMEDIATE,TRAINER,5,60,64,93,1
6371,Fire Oil,INTERMEDIATE,TRAINER,4,59,64,92,1
23448,Felsteel Bar,INTERMEDIATE,TRAINER,12,62958,76000,82,1
23448,Felsteel Bar,INTERMEDIATE,TRAINER,2,61069,76000,80,1
22448,Small Prismatic Shard,INTERMEDIATE,TRAINER,20,1,0,0,1
22448,Small Prismatic Shard,INTERMEDIATE,TRAINER,20,1,0,0,1
22448,Small Prismatic Shard,INTERMEDIATE,TRAINER,1,1,0,0,1
22448,Small Prismatic Shard,INTERMEDIATE,TRAINER,1,1,0,0,1
23519,Felsteel Helm,GEAR,DROP,1,6,8,75,1
23519,Felsteel Helm,GEAR,DROP,1,5,8,62,1
23519,Felsteel Helm,GEAR,DROP,1,4,8,50,1
23519,Felsteel Helm,GEAR,DROP,1,4,8,50,1
23519,Felsteel Helm,GEAR,DROP,1,6,8,75,1
23519,Felsteel Helm,GEAR,DROP,1,5,8,62,1
23519,Felsteel Helm,GEAR,DROP,1,4,8,50,1
23519,Felsteel Helm,GEAR,DROP,1,4,8,50,1
23519,Felsteel Helm,GEAR,DROP,1,6,8,75,1
23519,Felsteel Helm,GEAR,DROP,1,5,8,62,1
23519,Felsteel Helm,GEAR,DROP,1,4,8,50,1
23519,Felsteel Helm,GEAR,DROP,1,4,8,50,1
22448,Small Prismatic Shard,INTERMEDIATE,TRAINER,20,1,0,0,1
22448,Small Prismatic Shard,INTERMEDIATE,TRAINER,3,1,0,0,1
22448,Small Prismatic Shard,INTERMEDIATE,TRAINER,7,1,0,0,1
22448,Small Prismatic Shard,INTERMEDIATE,TRAINER,20,1,0,0,1
22448,Small Prismatic Shard,INTERMEDIATE,TRAINER,20,1,0,0,1
22448,Small Prismatic Shard,INTERMEDIATE,TRAINER,1,1,0,0,1
22448,Small Prismatic Shard,INTERMEDIATE,TRAINER,1,1,0,0,1
22448,Small Prismatic Shard,INTERMEDIATE,TRAINER,15,1,0,0,1
23785,Hardened Adamantite Tube,INTERMEDIATE,TRAINER,2,2,3,66,1
23785,Hardened Adamantite Tube,INTERMEDIATE,TRAINER,13,1,3,33,1
10008,White Bandit Mask,GEAR,DROP,1,5382,6023,89,1
10008,White Bandit Mask,GEAR,DROP,1,5274,6023,87,1
10008,White Bandit Mask,GEAR,DROP,1,5063,6023,84,1
10008,White Bandit Mask,GEAR,DROP,1,5382,6023,89,1
10008,White Bandit Mask,GEAR,DROP,1,5274,6023,87,1
10008,White Bandit Mask,GEAR,DROP,1,5063,6023,84,1
10008,White Bandit Mask,GEAR,DROP,1,5382,6023,89,1
10008,White Bandit Mask,GEAR,DROP,1,5274,6023,87,1
10008,White Bandit Mask,GEAR,DROP,1,5063,6023,84,1
10008,White Bandit Mask,GEAR,DROP,1,5382,6023,89,1
10008,White Bandit Mask,GEAR,DROP,1,5274,6023,87,1
10008,White Bandit Mask,GEAR,DROP,1,5063,6023,84,1
10008,White Bandit Mask,GEAR,DROP,1,5382,6023,89,1
23519,Felsteel Helm,GEAR,DROP,1,5,8,62,1
23519,Felsteel Helm,GEAR,DROP,1,4,8,50,1
23519,Felsteel Helm,GEAR,DROP,1,4,8,50,1
23519,Felsteel Helm,GEAR,DROP,1,5,8,62,1
23519,Felsteel Helm,GEAR,DROP,1,4,8,50,1
23519,Felsteel Helm,GEAR,DROP,1,4,8,50,1
23519,Felsteel Helm,GEAR,DROP,1,5,8,62,1
23519,Felsteel Helm,GEAR,DROP,1,4,8,50,1
24268,Netherweave Net,MISC,TRAINER,14,5829,7200,80,1
23785,Hardened Adamantite Tube,INTERMEDIATE,TRAINER,10,2,3,66,1
23785,Hardened Adamantite Tube,INTERMEDIATE,TRAINER,5,1,3,33,1
23785,Hardened Adamantite Tube,INTERMEDIATE,TRAINER,7,2,3,66,1
23785,Hardened Adamantite Tube,INTERMEDIATE,TRAINER,2,1,3,33,1
44958,Ethereal Oil,INTERMEDIATE,TRAINER,1,70,96,72,1
44958,Ethereal Oil,INTERMEDIATE,TRAINER,10,69,96,71,1
24268,Netherweave Net,MISC,TRAINER,10,5702,7200,79,1
35128,Hardened Khorium,INTERMEDIATE,DROP,1,93720,120001,78,1
35128,Hardened Khorium,INTERMEDIATE,DROP,8,91845,120001,76,1
21887,Knothide Leather,INTERMEDIATE,TRAINER,1,6121,7500,81,1
21887,Knothide Leather,INTERMEDIATE,TRAINER,5,5937,7500,79,1
25679,Comfortable Insoles,MISC,VENDOR,5,7110,10000,71,1
4251,Hillman's Shoulders,GEAR,TRAINER,1,1391,1779,78,1
4251,Hillman's Shoulders,GEAR,TRAINER,1,1363,1779,76,1
4251,Hillman's Shoulders,GEAR,TRAINER,1,1294,1779,72,1
4251,Hillman's Shoulders,GEAR,TRAINER,1,1391,1779,78,1
4251,Hillman's Shoulders,GEAR,TRAINER,1,1363,1779,76,1
4251,Hillman's Shoulders,GEAR,TRAINER,1,1294,1779,72,1
4251,Hillman's Shoulders,GEAR,TRAINER,1,1391,1779,78,1
4251,Hillman's Shoulders,GEAR,TRAINER,1,1363,1779,76,1
4251,Hillman's Shoulders,GEAR,TRAINER,1,1294,1779,72,1
4251,Hillman's Shoulders,GEAR,TRAINER,1,1391,1779,78,1
4251,Hillman's Shoulders,GEAR,TRAINER,1,1363,1779,76,1
4251,Hillman's Shoulders,GEAR,TRAINER,1,1294,1779,72,1
4251,Hillman's Shoulders,GEAR,TRAINER,1,1391,1779,78,1
22448,Small Prismatic Shard,INTERMEDIATE,TRAINER,20,1,0,0,1
22448,Small Prismatic Shard,INTERMEDIATE,TRAINER,20,1,0,0,1
22448,Small Prismatic Shard,INTERMEDIATE,TRAINER,3,1,0,0,1
22448,Small Prismatic Shard,INTERMEDIATE,TRAINER,2,1,0,0,1
21887,Knothide Leather,INTERMEDIATE,TRAINER,8,7402,7500,98,1
21887,Knothide Leather,INTERMEDIATE,TRAINER,3,7327,7500,97,1
23785,Hardened Adamantite Tube,INTERMEDIATE,TRAINER,10,2,3,66,1
23517,Felsteel Gloves,GEAR,DROP,1,4,6,66,1
23517,Felsteel Gloves,GEAR,DROP,1,3,6,50,1
23517,Felsteel Gloves,GEAR,DROP,1,3,6,50,1
23517,Felsteel Gloves,GEAR,DROP,1,4,6,66,1
23517,Felsteel Gloves,GEAR,DROP,1,3,6,50,1
23517,Felsteel Gloves,GEAR,DROP,1,3,6,50,1
23517,Felsteel Gloves,GEAR,DROP,1,4,6,66,1
23517,Felsteel Gloves,GEAR,DROP,1,3,6,50,1
23517,Felsteel Gloves,GEAR,DROP,1,3,6,50,1
23517,Felsteel Gloves,GEAR,DROP,1,4,6,66,1
23517,Felsteel Gloves,GEAR,DROP,1,3,6,50,1
23517,Felsteel Gloves,GEAR,DROP,1,3,6,50,1
44958,Ethereal Oil,INTERMEDIATE,TRAINER,10,85,96,88,1
44958,Ethereal Oil,INTERMEDIATE,TRAINER,5,83,96,86,1
44958,Ethereal Oil,INTERMEDIATE,TRAINER,8,81,96,84,1
44958,Ethereal Oil,INTERMEDIATE,TRAINER,1,77,96,80,1
8176,Nightscape Headband,GEAR,TRAINER,1,5990,6940,86,1
8176,Nightscape Headband,GEAR,TRAINER,1,5870,6940,84,1
8176,Nightscape Headband,GEAR,TRAINER,1,5576,6940,80,1
8176,Nightscape Headband,GEAR,TRAINER,1,5464,6940,78,1
8176,Nightscape Headband,GEAR,TRAINER,1,5990,6940,86,1
8176,Nightscape Headband,GEAR,TRAINER,1,5870,6940,84,1
8176,Nightscape Headband,GEAR,TRAINER,1,5576,6940,80,1
8176,Nightscape Headband,GEAR,TRAINER,1,5464,6940,78,1
8176,Nightscape Headband,GEAR,TRAINER,1,5990,6940,86,1
8176,Nightscape Headband,GEAR,TRAINER,1,5870,6940,84,1
8176,Nightscape Headband,GEAR,TRAINER,1,5576,6940,80,1
8176,Nightscape Headband,GEAR,TRAINER,1,5464,6940,78,1
8176,Nightscape Headband,GEAR,TRAINER,1,5990,6940,86,1
8176,Nightscape Headband,GEAR,TRAINER,1,5870,6940,84,1
22448,Small Prismatic Shard,INTERMEDIATE,TRAINER,20,1,0,0,1
22448,Small Prismatic Shard,INTERMEDIATE,TRAINER,20,1,0,0,1
22448,Small Prismatic Shard,INTERMEDIATE,TRAINER,5,1,0,0,1
22448,Small Prismatic Shard,INTERMEDIATE,TRAINER,20,1,0,0,1
22448,Small Prismatic Shard,INTERMEDIATE,TRAINER,20,1,0,0,1
22448,Small Prismatic Shard,INTERMEDIATE,TRAINER,2,1,0,0,1
23517,Felsteel Gloves,GEAR,DROP,1,4,6,66,1
23517,Felsteel Gloves,GEAR,DROP,1,3,6,50,1
23517,Felsteel Gloves,GEAR,DROP,1,3,6,50,1
23517,Felsteel Gloves,GEAR,DROP,1,4,6,66,1
23517,Felsteel Gloves,GEAR,DROP,1,3,6,50,1
23517,Felsteel Gloves,GEAR,DROP,1,3,6,50,1
23517,Felsteel Gloves,GEAR,DROP,1,4,6,66,1
24270,Bag of Jewels,BAG,VENDOR,1,19585,20006,97,1
24270,Bag of Jewels,BAG,VENDOR,1,19389,20006,96,1
24270,Bag of Jewels,BAG,VENDOR,1,19001,20006,94,1
24270,Bag of Jewels,BAG,VENDOR,1,19585,20006,97,1
24270,Bag of Jewels,BAG,VENDOR,1,19389,20006,96,1
24270,Bag of Jewels,BAG,VENDOR,1,19001,20006,94,1
24270,Bag of Jewels,BAG,VENDOR,1,19585,20006,97,1
24270,Bag of Jewels,BAG,VENDOR,1,19389,20006,96,1
24270,Bag of Jewels,BAG,VENDOR,1,19001,20006,94,1
24270,Bag of Jewels,BAG,VENDOR,1,19585,20006,97,1
24270,Bag of Jewels,BAG,VENDOR,1,19389,20006,96,1
24270,Bag of Jewels,BAG,VENDOR,1,19001,20006,94,1
24270,Bag of Jewels,BAG,VENDOR,1,19585,20006,97,1
32833,Purified Jaggal Pearl,GEM_CUT,TRAINER,1,7359,9280,79,1
32833,Purified Jaggal Pearl,GEM_CUT,TRAINER,1,7064,9280,76,1
32833,Purified Jaggal Pearl,GEM_CUT,TRAINER,1,6710,9280,72,1
32833,Purified Jaggal Pearl,GEM_CUT,TRAINER,1,6642,9280,71,1
32833,Purified Jaggal Pearl,GEM_CUT,TRAINER,1,7359,9280,79,1
32833,Purified Jaggal Pearl,GEM_CUT,TRAINER,1,7064,9280,76,1
32833,Purified Jaggal Pearl,GEM_CUT,TRAINER,1,6710,9280,72,1
32833,Purified Jaggal Pearl,GEM_CUT,TRAINER,1,6642,9280,71,1
32833,Purified Jaggal Pearl,GEM_CUT,TRAINER,1,7359,9280,79,1
32833,Purified Jaggal Pearl,GEM_CUT,TRAINER,1,7064,9280,76,1
32833,Purified Jaggal Pearl,GEM_CUT,TRAINER,1,6710,9280,72,1
22448,Small Prismatic Shard,INTERMEDIATE,TRAINER,20,1,0,0,1
22448,Small Prismatic Shard,INTERMEDIATE,TRAINER,20,1,0,0,1
22448,Small Prismatic Shard,INTERMEDIATE,TRAINER,2,1,0,0,1
13423,Stonescale Oil,INTERMEDIATE,TRAINER,2,88,102,86,1
13423,Stonescale Oil,INTERMEDIATE,TRAINER,5,85,102,83,1
32833,Purified Jaggal Pearl,GEM_CUT,TRAINER,1,8837,9280,95,1
32833,Purified Jaggal Pearl,GEM_CUT,TRAINER,1,8571,9280,92,1
32833,Purified Jaggal Pearl,GEM_CUT,TRAINER,1,8837,9280,95,1
32833,Purified Jaggal Pearl,GEM_CUT,TRAINER,1,8571,9280,92,1
32833,Purified Jaggal Pearl,GEM_CUT,TRAINER,1,8837,9280,95,1
32833,Purified Jaggal Pearl,GEM_CUT,TRAINER,1,8571,9280,92,1
32833,Purified Jaggal Pearl,GEM_CUT,TRAINER,1,8837,9280,95,1
32833,Purified Jaggal Pearl,GEM_CUT,TRAINER,1,8571,9280,92,1
32833,Purified Jaggal Pearl,GEM_CUT,TRAINER,1,8837,9280,95,1
32833,Purified Jaggal Pearl,GEM_CUT,TRAINER,1,8571,9280,92,1
32833,Purified Jaggal Pearl,GEM_CUT,TRAINER,1,8837,9280,95,1
32833,Purified Jaggal Pearl,GEM_CUT,TRAINER,1,8571,9280,92,1
32833,Purified Jaggal Pearl,GEM_CUT,TRAINER,1,8837,9280,95,1
44839,Candied Sweet Potato,FOOD,DROP,5,13,18,72,1
44839,Candied Sweet Potato,FOOD,DROP,5,12,18,66,1
44839,Candied Sweet Potato,FOOD,DROP,2,11,18,61,1
2319,Medium Leather,INTERMEDIATE,TRAINER,9,249,372,66,1
2319,Medium Leather,INTERMEDIATE,TRAINER,6,236,372,63,1
13506,Potion of Petrification,ELIXIR_POT,DROP,16,419,607,69,1
23518,Felsteel Leggings,GEAR,DROP,1,6,8,75,1
23518,Felsteel Leggings,GEAR,DROP,1,5,8,62,1
23518,Felsteel Leggings,GEAR,DROP,1,4,8,50,1
23518,Felsteel Leggings,GEAR,DROP,1,4,8,50,1
23518,Felsteel Leggings,GEAR,DROP,1,6,8,75,1
23518,Felsteel Leggings,GEAR,DROP,1,5,8,62,1
23518,Felsteel Leggings,GEAR,DROP,1,4,8,50,1
23518,Felsteel Leggings,GEAR,DROP,1,4,8,50,1
23518,Felsteel Leggings,GEAR,DROP,1,6,8,75,1
23518,Felsteel Leggings,GEAR,DROP,1,5,8,62,1
23518,Felsteel Leggings,GEAR,DROP,1,4,8,50,1
23518,Felsteel Leggings,GEAR,DROP,1,4,8,50,1
23518,Felsteel Leggings,GEAR,DROP,1,6,8,75,1
10056,Orange Mageweave Shirt,GEAR,TRAINER,1,5334,6998,76,1
10056,Orange Mageweave Shirt,GEAR,TRAINER,1,5227,6998,74,1
10056,Orange Mageweave Shirt,GEAR,TRAINER,1,4965,6998,70,1
10056,Orange Mageweave Shirt,GEAR,TRAINER,1,5334,6998,76,1
10056,Orange Mageweave Shirt,GEAR,TRAINER,1,5227,6998,74,1
10056,Orange Mageweave Shirt,GEAR,TRAINER,1,4965,6998,70,1
22448,Small Prismatic Shard,INTERMEDIATE,TRAINER,20,1,0,0,1
22448,Small Prismatic Shard,INTERMEDIATE,TRAINER,20,1,0,0,1
22448,Small Prismatic Shard,INTERMEDIATE,TRAINER,1,1,0,0,1
22448,Small Prismatic Shard,INTERMEDIATE,TRAINER,1,1,0,0,1
24270,Bag of Jewels,BAG,VENDOR,1,15558,20006,77,1
24270,Bag of Jewels,BAG,VENDOR,1,15402,20006,76,1
24270,Bag of Jewels,BAG,VENDOR,1,14785,20006,73,1
24270,Bag of Jewels,BAG,VENDOR,1,15558,20006,77,1
24270,Bag of Jewels,BAG,VENDOR,1,15402,20006,76,1
24270,Bag of Jewels,BAG,VENDOR,1,14785,20006,73,1
24270,Bag of Jewels,BAG,VENDOR,1,15558,20006,77,1
24270,Bag of Jewels,BAG,VENDOR,1,15402,20006,76,1
32836,Purified Shadow Pearl,GEM_CUT,TRAINER,1,6386,9280,68,1
32836,Purified Shadow Pearl,GEM_CUT,TRAINER,1,6258,9280,67,1
32836,Purified Shadow Pearl,GEM_CUT,TRAINER,1,6195,9280,66,1
32836,Purified Shadow Pearl,GEM_CUT,TRAINER,1,6071,9280,65,1
32836,Purified Shadow Pearl,GEM_CUT,TRAINER,1,6386,9280,68,1
32836,Purified Shadow Pearl,GEM_CUT,TRAINER,1,6258,9280,67,1
32836,Purified Shadow Pearl,GEM_CUT,TRAINER,1,6195,9280,66,1
32836,Purified Shadow Pearl,GEM_CUT,TRAINER,1,6071,9280,65,1
32836,Purified Shadow Pearl,GEM_CUT,TRAINER,1,6386,9280,68,1
32836,Purified Shadow Pearl,GEM_CUT,TRAINER,1,6258,9280,67,1
32836,Purified Shadow Pearl,GEM_CUT,TRAINER,1,6195,9280,66,1
32836,Purified Shadow Pearl,GEM_CUT,TRAINER,1,6071,9280,65,1
32836,Purified Shadow Pearl,GEM_CUT,TRAINER,1,6386,9280,68,1
32836,Purified Shadow Pearl,GEM_CUT,TRAINER,1,6258,9280,67,1
32836,Purified Shadow Pearl,GEM_CUT,TRAINER,1,6195,9280,66,1
44958,Ethereal Oil,INTERMEDIATE,TRAINER,3,77,96,80,1
44958,Ethereal Oil,INTERMEDIATE,TRAINER,6,73,96,76,1
22448,Small Prismatic Shard,INTERMEDIATE,TRAINER,20,1,0,0,1
22448,Small Prismatic Shard,INTERMEDIATE,TRAINER,12,1,0,0,1
22448,Small Prismatic Shard,INTERMEDIATE,TRAINER,7,1,0,0,1
6371,Fire Oil,INTERMEDIATE,TRAINER,7,53,64,82,1
6371,Fire Oil,INTERMEDIATE,TRAINER,2,52,64,81,1
44839,Candied Sweet Potato,FOOD,DROP,5,13,18,72,1
44839,Candied Sweet Potato,FOOD,DROP,4,12,18,66,1
44958,Ethereal Oil,INTERMEDIATE,TRAINER,1,87,96,90,1
44958,Ethereal Oil,INTERMEDIATE,TRAINER,6,82,96,85,1
32833,Purified Jaggal Pearl,GEM_CUT,TRAINER,1,8117,9280,87,1
32833,Purified Jaggal Pearl,GEM_CUT,TRAINER,1,7873,9280,84,1
32833,Purified Jaggal Pearl,GEM_CUT,TRAINER,1,8117,9280,87,1
32833,Purified Jaggal Pearl,GEM_CUT,TRAINER,1,7873,9280,84,1
32833,Purified Jaggal Pearl,GEM_CUT,TRAINER,1,8117,9280,87,1
32833,Purified Jaggal Pearl,GEM_CUT,TRAINER,1,7873,9280,84,1
32833,Purified Jaggal Pearl,GEM_CUT,TRAINER,1,8117,9280,87,1
32833,Purified Jaggal Pearl,GEM_CUT,TRAINER,1,7873,9280,84,1
32833,Purified Jaggal Pearl,GEM_CUT,TRAINER,1,8117,9280,87,1
32833,Purified Jaggal Pearl,GEM_CUT,TRAINER,1,7873,9280,84,1
22573,Mote of Earth,INTERMEDIATE,TRAINER,10,3192,3200,99,1
22573,Mote of Earth,INTERMEDIATE,TRAINER,10,3032,3200,94,1
22573,Mote of Earth,INTERMEDIATE,TRAINER,10,3001,3200,93,1
22573,Mote of Earth,INTERMEDIATE,TRAINER,10,2940,3200,91,1
22573,Mote of Earth,INTERMEDIATE,TRAINER,10,3192,3200,99,1
22573,Mote of Earth,INTERMEDIATE,TRAINER,10,3032,3200,94,1
22573,Mote of Earth,INTERMEDIATE,TRAINER,10,3001,3200,93,1
22573,Mote of Earth,INTERMEDIATE,TRAINER,10,2940,3200,91,1
22573,Mote of Earth,INTERMEDIATE,TRAINER,10,3192,3200,99,1
22573,Mote of Earth,INTERMEDIATE,TRAINER,10,3032,3200,94,1
22573,Mote of Earth,INTERMEDIATE,TRAINER,10,3001,3200,93,1
22573,Mote of Earth,INTERMEDIATE,TRAINER,10,2940,3200,91,1
22573,Mote of Earth,INTERMEDIATE,TRAINER,10,3192,3200,99,1
22573,Mote of Earth,INTERMEDIATE,TRAINER,10,3032,3200,94,1
22573,Mote of Earth,INTERMEDIATE,TRAINER,8,3001,3200,93,1
22573,Mote of Earth,INTERMEDIATE,TRAINER,2,2940,3200,91,1
24269,Heavy Netherweave Net,MISC,UNSOURCED,20,11262,14400,78,1
24269,Heavy Netherweave Net,MISC,UNSOURCED,4,10811,14400,75,1
23518,Felsteel Leggings,GEAR,DROP,1,7,8,87,1
23518,Felsteel Leggings,GEAR,DROP,1,6,8,75,1
23518,Felsteel Leggings,GEAR,DROP,1,7,8,87,1
23518,Felsteel Leggings,GEAR,DROP,1,6,8,75,1
23518,Felsteel Leggings,GEAR,DROP,1,7,8,87,1
23518,Felsteel Leggings,GEAR,DROP,1,6,8,75,1
23518,Felsteel Leggings,GEAR,DROP,1,7,8,87,1
23518,Felsteel Leggings,GEAR,DROP,1,6,8,75,1
23518,Felsteel Leggings,GEAR,DROP,1,7,8,87,1
23518,Felsteel Leggings,GEAR,DROP,1,6,8,75,1
23518,Felsteel Leggings,GEAR,DROP,1,7,8,87,1
23518,Felsteel Leggings,GEAR,DROP,1,6,8,75,1
23518,Felsteel Leggings,GEAR,DROP,1,7,8,87,1
23518,Felsteel Leggings,GEAR,DROP,1,6,8,75,1
22448,Small Prismatic Shard,INTERMEDIATE,TRAINER,20,1,0,0,1
22448,Small Prismatic Shard,INTERMEDIATE,TRAINER,3,1,0,0,1
22448,Small Prismatic Shard,INTERMEDIATE,TRAINER,4,1,0,0,1
6371,Fire Oil,INTERMEDIATE,TRAINER,1,52,64,81,1
6371,Fire Oil,INTERMEDIATE,TRAINER,4,50,64,78,1
23787,Felsteel Stabilizer,INTERMEDIATE,TRAINER,3,1,2,50,1
23787,Felsteel Stabilizer,INTERMEDIATE,TRAINER,3,1,2,50,1
22448,Small Prismatic Shard,INTERMEDIATE,TRAINER,20,1,0,0,1
22448,Small Prismatic Shard,INTERMEDIATE,TRAINER,20,1,0,0,1
22448,Small Prismatic Shard,INTERMEDIATE,TRAINER,2,1,0,0,1
22448,Small Prismatic Shard,INTERMEDIATE,TRAINER,3,1,0,0,1
24269,Heavy Netherweave Net,MISC,UNSOURCED,18,10876,14400,75,1
13423,Stonescale Oil,INTERMEDIATE,TRAINER,5,98,102,96,1
13423,Stonescale Oil,INTERMEDIATE,TRAINER,5,96,102,94,1
23447,Eternium Bar,INTERMEDIATE,TRAINER,2,14454,20000,72,1
23447,Eternium Bar,INTERMEDIATE,TRAINER,3,14309,20000,71,1
44958,Ethereal Oil,INTERMEDIATE,TRAINER,3,88,96,91,1
44958,Ethereal Oil,INTERMEDIATE,TRAINER,5,83,96,86,1
21887,Knothide Leather,INTERMEDIATE,TRAINER,7,5985,7500,79,1
21887,Knothide Leather,INTERMEDIATE,TRAINER,1,5865,7500,78,1
22448,Small Prismatic Shard,INTERMEDIATE,TRAINER,9,1,0,0,1
22448,Small Prismatic Shard,INTERMEDIATE,TRAINER,9,1,0,0,1
22448,Small Prismatic Shard,INTERMEDIATE,TRAINER,20,1,0,0,1
22448,Small Prismatic Shard,INTERMEDIATE,TRAINER,3,1,0,0,1
22448,Small Prismatic Shard,INTERMEDIATE,TRAINER,7,1,0,0,1
23787,Felsteel Stabilizer,INTERMEDIATE,TRAINER,13,1,2,50,1
23787,Felsteel Stabilizer,INTERMEDIATE,TRAINER,2,1,2,50,1
22574,Mote of Fire,INTERMEDIATE,TRAINER,10,3104,3200,97,1
22574,Mote of Fire,INTERMEDIATE,TRAINER,10,2979,3200,93,1
22574,Mote of Fire,INTERMEDIATE,TRAINER,10,2949,3200,92,1
22574,Mote of Fire,INTERMEDIATE,TRAINER,10,3104,3200,97,1
22574,Mote of Fire,INTERMEDIATE,TRAINER,10,2979,3200,93,1
22574,Mote of Fire,INTERMEDIATE,TRAINER,10,2949,3200,92,1
22574,Mote of Fire,INTERMEDIATE,TRAINER,10,3104,3200,97,1
22574,Mote of Fire,INTERMEDIATE,TRAINER,3,2979,3200,93,1
22574,Mote of Fire,INTERMEDIATE,TRAINER,7,2949,3200,92,1
23787,Felsteel Stabilizer,INTERMEDIATE,TRAINER,5,1,2,50,1
23787,Felsteel Stabilizer,INTERMEDIATE,TRAINER,5,1,2,50,1
32833,Purified Jaggal Pearl,GEM_CUT,TRAINER,1,7599,9280,81,1
32833,Purified Jaggal Pearl,GEM_CUT,TRAINER,1,7447,9280,80,1
32833,Purified Jaggal Pearl,GEM_CUT,TRAINER,1,7599,9280,81,1
32833,Purified Jaggal Pearl,GEM_CUT,TRAINER,1,7447,9280,80,1
32833,Purified Jaggal Pearl,GEM_CUT,TRAINER,1,7599,9280,81,1
32833,Purified Jaggal Pearl,GEM_CUT,TRAINER,1,7447,9280,80,1
32833,Purified Jaggal Pearl,GEM_CUT,TRAINER,1,7599,9280,81,1
32833,Purified Jaggal Pearl,GEM_CUT,TRAINER,1,7447,9280,80,1
32833,Purified Jaggal Pearl,GEM_CUT,TRAINER,1,7599,9280,81,1
32833,Purified Jaggal Pearl,GEM_CUT,TRAINER,1,7447,9280,80,1
32833,Purified Jaggal Pearl,GEM_CUT,TRAINER,1,7599,9280,81,1
32833,Purified Jaggal Pearl,GEM_CUT,TRAINER,1,7447,9280,80,1
32833,Purified Jaggal Pearl,GEM_CUT,TRAINER,1,7599,9280,81,1
24269,Heavy Netherweave Net,MISC,UNSOURCED,20,11593,14400,80,1
24269,Heavy Netherweave Net,MISC,UNSOURCED,6,11129,14400,77,1
21752,Thorium Setting,INTERMEDIATE,TRAINER,11,1278,1545,82,1
21752,Thorium Setting,INTERMEDIATE,TRAINER,2,1265,1545,81,1
23787,Felsteel Stabilizer,INTERMEDIATE,TRAINER,5,1,2,50,1
23787,Felsteel Stabilizer,INTERMEDIATE,TRAINER,9,1,2,50,1
6371,Fire Oil,INTERMEDIATE,TRAINER,1,58,64,90,1
6371,Fire Oil,INTERMEDIATE,TRAINER,8,56,64,87,1
24270,Bag of Jewels,BAG,VENDOR,1,14697,20006,73,1
24270,Bag of Jewels,BAG,VENDOR,1,14256,20006,71,1
24270,Bag of Jewels,BAG,VENDOR,1,14113,20006,70,1
24270,Bag of Jewels,BAG,VENDOR,1,14697,20006,73,1
24270,Bag of Jewels,BAG,VENDOR,1,14256,20006,71,1
24270,Bag of Jewels,BAG,VENDOR,1,18616,20006,93,1
24270,Bag of Jewels,BAG,VENDOR,1,17685,20006,88,1
24270,Bag of Jewels,BAG,VENDOR,1,16800,20006,83,1
24270,Bag of Jewels,BAG,VENDOR,1,16464,20006,82,1
24270,Bag of Jewels,BAG,VENDOR,1,18616,20006,93,1
24270,Bag of Jewels,BAG,VENDOR,1,17685,20006,88,1
24270,Bag of Jewels,BAG,VENDOR,1,16800,20006,83,1
24270,Bag of Jewels,BAG,VENDOR,1,16464,20006,82,1
24270,Bag of Jewels,BAG,VENDOR,1,18616,20006,93,1
24270,Bag of Jewels,BAG,VENDOR,1,17685,20006,88,1
24270,Bag of Jewels,BAG,VENDOR,1,16800,20006,83,1
24270,Bag of Jewels,BAG,VENDOR,1,16464,20006,82,1
24270,Bag of Jewels,BAG,VENDOR,1,18616,20006,93,1
24270,Bag of Jewels,BAG,VENDOR,1,17685,20006,88,1
24270,Bag of Jewels,BAG,VENDOR,1,16800,20006,83,1
23517,Felsteel Gloves,GEAR,DROP,1,4,6,66,1
23517,Felsteel Gloves,GEAR,DROP,1,3,6,50,1
23517,Felsteel Gloves,GEAR,DROP,1,3,6,50,1
23517,Felsteel Gloves,GEAR,DROP,1,3,6,50,1
23517,Felsteel Gloves,GEAR,DROP,1,4,6,66,1
23517,Felsteel Gloves,GEAR,DROP,1,3,6,50,1
10008,White Bandit Mask,GEAR,DROP,1,5764,6023,95,1
10008,White Bandit Mask,GEAR,DROP,1,5591,6023,92,1
10008,White Bandit Mask,GEAR,DROP,1,5479,6023,90,1
10008,White Bandit Mask,GEAR,DROP,1,5764,6023,95,1
10008,White Bandit Mask,GEAR,DROP,1,5591,6023,92,1
10008,White Bandit Mask,GEAR,DROP,1,5479,6023,90,1
10008,White Bandit Mask,GEAR,DROP,1,5764,6023,95,1
4330,Stylish Red Shirt,GEAR,TRAINER,1,1330,1424,93,1
4330,Stylish Red Shirt,GEAR,TRAINER,1,1290,1424,90,1
4330,Stylish Red Shirt,GEAR,TRAINER,1,1225,1424,86,1
4330,Stylish Red Shirt,GEAR,TRAINER,1,1330,1424,93,1
4330,Stylish Red Shirt,GEAR,TRAINER,1,1290,1424,90,1
4330,Stylish Red Shirt,GEAR,TRAINER,1,1225,1424,86,1
4330,Stylish Red Shirt,GEAR,TRAINER,1,1330,1424,93,1
4330,Stylish Red Shirt,GEAR,TRAINER,1,1290,1424,90,1
4330,Stylish Red Shirt,GEAR,TRAINER,1,1225,1424,86,1
4330,Stylish Red Shirt,GEAR,TRAINER,1,1330,1424,93,1
4330,Stylish Red Shirt,GEAR,TRAINER,1,1290,1424,90,1
4330,Stylish Red Shirt,GEAR,TRAINER,1,1225,1424,86,1
4330,Stylish Red Shirt,GEAR,TRAINER,1,1330,1424,93,1
4312,Soft-soled Linen Boots,GEAR,TRAINER,1,642,846,75,1
4312,Soft-soled Linen Boots,GEAR,TRAINER,1,609,846,71,1
4312,Soft-soled Linen Boots,GEAR,TRAINER,1,590,846,69,1
4312,Soft-soled Linen Boots,GEAR,TRAINER,1,642,846,75,1
4312,Soft-soled Linen Boots,GEAR,TRAINER,1,609,846,71,1
22448,Small Prismatic Shard,INTERMEDIATE,TRAINER,20,1,0,0,1
22448,Small Prismatic Shard,INTERMEDIATE,TRAINER,15,1,0,0,1
22448,Small Prismatic Shard,INTERMEDIATE,TRAINER,4,1,0,0,1
21887,Knothide Leather,INTERMEDIATE,TRAINER,3,5439,7500,72,1
21887,Knothide Leather,INTERMEDIATE,TRAINER,4,5330,7500,71,1
8827,Elixir of Water Walking,ELIXIR_POT,UNSOURCED,5,5283,6180,85,1
8827,Elixir of Water Walking,ELIXIR_POT,UNSOURCED,5,5230,6180,84,1
8827,Elixir of Water Walking,ELIXIR_POT,UNSOURCED,3,4968,6180,80,1
32836,Purified Shadow Pearl,GEM_CUT,TRAINER,1,7140,9280,76,1
32836,Purified Shadow Pearl,GEM_CUT,TRAINER,1,7068,9280,76,1
32836,Purified Shadow Pearl,GEM_CUT,TRAINER,1,6926,9280,74,1
32836,Purified Shadow Pearl,GEM_CUT,TRAINER,1,6787,9280,73,1
32836,Purified Shadow Pearl,GEM_CUT,TRAINER,1,7140,9280,76,1
32836,Purified Shadow Pearl,GEM_CUT,TRAINER,1,7068,9280,76,1
32836,Purified Shadow Pearl,GEM_CUT,TRAINER,1,6926,9280,74,1
32836,Purified Shadow Pearl,GEM_CUT,TRAINER,1,6787,9280,73,1
23518,Felsteel Leggings,GEAR,DROP,1,6,8,75,1
23518,Felsteel Leggings,GEAR,DROP,1,5,8,62,1
23518,Felsteel Leggings,GEAR,DROP,1,4,8,50,1
23518,Felsteel Leggings,GEAR,DROP,1,4,8,50,1
23518,Felsteel Leggings,GEAR,DROP,1,6,8,75,1
23518,Felsteel Leggings,GEAR,DROP,1,5,8,62,1
23518,Felsteel Leggings,GEAR,DROP,1,4,8,50,1
23518,Felsteel Leggings,GEAR,DROP,1,4,8,50,1
23518,Felsteel Leggings,GEAR,DROP,1,6,8,75,1
23518,Felsteel Leggings,GEAR,DROP,1,5,8,62,1
23518,Felsteel Leggings,GEAR,DROP,1,4,8,50,1
23518,Felsteel Leggings,GEAR,DROP,1,4,8,50,1
23787,Felsteel Stabilizer,INTERMEDIATE,TRAINER,2,1,2,50,1
23787,Felsteel Stabilizer,INTERMEDIATE,TRAINER,6,1,2,50,1
22448,Small Prismatic Shard,INTERMEDIATE,TRAINER,20,1,0,0,1
22448,Small Prismatic Shard,INTERMEDIATE,TRAINER,1,1,0,0,1
22448,Small Prismatic Shard,INTERMEDIATE,TRAINER,6,1,0,0,1
24268,Netherweave Net,MISC,TRAINER,16,6955,7200,96,1
44958,Ethereal Oil,INTERMEDIATE,TRAINER,9,79,96,82,1
44958,Ethereal Oil,INTERMEDIATE,TRAINER,5,77,96,80,1
15997,Thorium Shells,AMMO,TRAINER,1000,16,22,72,1
15997,Thorium Shells,AMMO,TRAINER,400,15,22,68,1
23517,Felsteel Gloves,GEAR,DROP,1,4,6,66,1
23517,Felsteel Gloves,GEAR,DROP,1,3,6,50,1
23517,Felsteel Gloves,GEAR,DROP,1,4,6,66,1
23517,Felsteel Gloves,GEAR,DROP,1,3,6,50,1
23517,Felsteel Gloves,GEAR,DROP,1,4,6,66,1
23517,Felsteel Gloves,GEAR,DROP,1,3,6,50,1
23517,Felsteel Gloves,GEAR,DROP,1,4,6,66,1
23517,Felsteel Gloves,GEAR,DROP,1,3,6,50,1
44958,Ethereal Oil,INTERMEDIATE,TRAINER,6,78,96,81,1
44958,Ethereal Oil,INTERMEDIATE,TRAINER,4,77,96,80,1
23787,Felsteel Stabilizer,INTERMEDIATE,TRAINER,2,1,2,50,1
23787,Felsteel Stabilizer,INTERMEDIATE,TRAINER,7,1,2,50,1
44958,Ethereal Oil,INTERMEDIATE,TRAINER,9,73,96,76,1
44958,Ethereal Oil,INTERMEDIATE,TRAINER,5,69,96,71,1
24268,Netherweave Net,MISC,TRAINER,12,6408,7200,89,1
44958,Ethereal Oil,INTERMEDIATE,TRAINER,1,69,96,71,1
44958,Ethereal Oil,INTERMEDIATE,TRAINER,4,67,96,69,1
42420,Shadow Crystal Focusing Lens,MISC,TRAINER,1,17672,20000,88,1
42420,Shadow Crystal Focusing Lens,MISC,TRAINER,1,17318,20000,86,1
42420,Shadow Crystal Focusing Lens,MISC,TRAINER,1,16452,20000,82,1
42420,Shadow Crystal Focusing Lens,MISC,TRAINER,1,17672,20000,88,1
42420,Shadow Crystal Focusing Lens,MISC,TRAINER,1,17318,20000,86,1
42420,Shadow Crystal Focusing Lens,MISC,TRAINER,1,16452,20000,82,1
42420,Shadow Crystal Focusing Lens,MISC,TRAINER,1,17672,20000,88,1
23785,Hardened Adamantite Tube,INTERMEDIATE,TRAINER,3,1,3,33,1
23785,Hardened Adamantite Tube,INTERMEDIATE,TRAINER,6,1,3,33,1
24268,Netherweave Net,MISC,TRAINER,20,4955,7200,68,1
24268,Netherweave Net,MISC,TRAINER,10,4905,7200,68,1
13423,Stonescale Oil,INTERMEDIATE,TRAINER,4,69,102,67,1
13423,Stonescale Oil,INTERMEDIATE,TRAINER,1,66,102,64,1
10056,Orange Mageweave Shirt,GEAR,TRAINER,1,5717,6998,81,1
10056,Orange Mageweave Shirt,GEAR,TRAINER,1,5602,6998,80,1
10056,Orange Mageweave Shirt,GEAR,TRAINER,1,5545,6998,79,1
10056,Orange Mageweave Shirt,GEAR,TRAINER,1,5434,6998,77,1
10056,Orange Mageweave Shirt,GEAR,TRAINER,1,5717,6998,81,1
10056,Orange Mageweave Shirt,GEAR,TRAINER,1,5602,6998,80,1
10056,Orange Mageweave Shirt,GEAR,TRAINER,1,5545,6998,79,1
10056,Orange Mageweave Shirt,GEAR,TRAINER,1,5434,6998,77,1
10056,Orange Mageweave Shirt,GEAR,TRAINER,1,5717,6998,81,1
10056,Orange Mageweave Shirt,GEAR,TRAINER,1,5602,6998,80,1
10056,Orange Mageweave Shirt,GEAR,TRAINER,1,5545,6998,79,1
10056,Orange Mageweave Shirt,GEAR,TRAINER,1,5434,6998,77,1
24269,Heavy Netherweave Net,MISC,UNSOURCED,20,13713,14400,95,1
24269,Heavy Netherweave Net,MISC,UNSOURCED,10,13575,14400,94,1
23449,Khorium Bar,INTERMEDIATE,TRAINER,4,34104,40000,85,1
23449,Khorium Bar,INTERMEDIATE,TRAINER,8,32398,40000,80,1
6371,Fire Oil,INTERMEDIATE,TRAINER,4,45,64,70,1
6371,Fire Oil,INTERMEDIATE,TRAINER,2,44,64,68,1
24270,Bag of Jewels,BAG,VENDOR,1,15773,20006,78,1
24270,Bag of Jewels,BAG,VENDOR,1,15142,20006,75,1
24270,Bag of Jewels,BAG,VENDOR,1,14384,20006,71,1
24270,Bag of Jewels,BAG,VENDOR,1,15773,20006,78,1
24270,Bag of Jewels,BAG,VENDOR,1,15142,20006,75,1
24270,Bag of Jewels,BAG,VENDOR,1,14384,20006,71,1
24270,Bag of Jewels,BAG,VENDOR,1,15773,20006,78,1
24270,Bag of Jewels,BAG,VENDOR,1,15142,20006,75,1
24270,Bag of Jewels,BAG,VENDOR,1,14384,20006,71,1
24270,Bag of Jewels,BAG,VENDOR,1,15773,20006,78,1
24270,Bag of Jewels,BAG,VENDOR,1,15142,20006,75,1
14342,Mooncloth,INTERMEDIATE,VENDOR,6,13406,15200,88,1
23449,Khorium Bar,INTERMEDIATE,TRAINER,13,32364,40000,80,1
23449,Khorium Bar,INTERMEDIATE,TRAINER,1,32040,40000,80,1
23517,Felsteel Gloves,GEAR,DROP,1,4,6,66,1
23517,Felsteel Gloves,GEAR,DROP,1,3,6,50,1
23517,Felsteel Gloves,GEAR,DROP,1,3,6,50,1
23517,Felsteel Gloves,GEAR,DROP,1,3,6,50,1
23517,Felsteel Gloves,GEAR,DROP,1,4,6,66,1
23517,Felsteel Gloves,GEAR,DROP,1,3,6,50,1
23517,Felsteel Gloves,GEAR,DROP,1,3,6,50,1
23517,Felsteel Gloves,GEAR,DROP,1,3,6,50,1
23517,Felsteel Gloves,GEAR,DROP,1,4,6,66,1
23517,Felsteel Gloves,GEAR,DROP,1,3,6,50,1
23517,Felsteel Gloves,GEAR,DROP,1,3,6,50,1
23517,Felsteel Gloves,GEAR,DROP,1,3,6,50,1
23517,Felsteel Gloves,GEAR,DROP,1,4,6,66,1
23517,Felsteel Gloves,GEAR,DROP,1,3,6,50,1
23787,Felsteel Stabilizer,INTERMEDIATE,TRAINER,7,1,2,50,1
23787,Felsteel Stabilizer,INTERMEDIATE,TRAINER,6,1,2,50,1
32836,Purified Shadow Pearl,GEM_CUT,TRAINER,1,6614,9280,71,1
32836,Purified Shadow Pearl,GEM_CUT,TRAINER,1,6283,9280,67,1
32836,Purified Shadow Pearl,GEM_CUT,TRAINER,1,6614,9280,71,1
32836,Purified Shadow Pearl,GEM_CUT,TRAINER,1,6283,9280,67,1
32836,Purified Shadow Pearl,GEM_CUT,TRAINER,1,6614,9280,71,1
32836,Purified Shadow Pearl,GEM_CUT,TRAINER,1,6283,9280,67,1
32836,Purified Shadow Pearl,GEM_CUT,TRAINER,1,6614,9280,71,1
32836,Purified Shadow Pearl,GEM_CUT,TRAINER,1,6283,9280,67,1
32836,Purified Shadow Pearl,GEM_CUT,TRAINER,1,6614,9280,71,1
10056,Orange Mageweave Shirt,GEAR,TRAINER,1,5094,6998,72,1
10056,Orange Mageweave Shirt,GEAR,TRAINER,1,4890,6998,69,1
10056,Orange Mageweave Shirt,GEAR,TRAINER,1,5094,6998,72,1
10056,Orange Mageweave Shirt,GEAR,TRAINER,1,4890,6998,69,1
10056,Orange Mageweave Shirt,GEAR,TRAINER,1,5094,6998,72,1
10056,Orange Mageweave Shirt,GEAR,TRAINER,1,4890,6998,69,1
23517,Felsteel Gloves,GEAR,DROP,1,4,6,66,1
23517,Felsteel Gloves,GEAR,DROP,1,3,6,50,1
23517,Felsteel Gloves,GEAR,DROP,1,3,6,50,1
23517,Felsteel Gloves,GEAR,DROP,1,4,6,66,1
23517,Felsteel Gloves,GEAR,DROP,1,3,6,50,1
23517,Felsteel Gloves,GEAR,DROP,1,3,6,50,1
23517,Felsteel Gloves,GEAR,DROP,1,4,6,66,1
23517,Felsteel Gloves,GEAR,DROP,1,3,6,50,1
23097,Delicate Blood Garnet,GEM_CUT,VENDOR,1,15470,20000,77,1
23097,Delicate Blood Garnet,GEM_CUT,VENDOR,1,15315,20000,76,1
23097,Delicate Blood Garnet,GEM_CUT,VENDOR,1,15470,20000,77,1
23097,Delicate Blood Garnet,GEM_CUT,VENDOR,1,15315,20000,76,1
23097,Delicate Blood Garnet,GEM_CUT,VENDOR,1,15470,20000,77,1
23097,Delicate Blood Garnet,GEM_CUT,VENDOR,1,15315,20000,76,1
23097,Delicate Blood Garnet,GEM_CUT,VENDOR,1,15470,20000,77,1
23097,Delicate Blood Garnet,GEM_CUT,VENDOR,1,15315,20000,76,1
23097,Delicate Blood Garnet,GEM_CUT,VENDOR,1,15470,20000,77,1
23097,Delicate Blood Garnet,GEM_CUT,VENDOR,1,15315,20000,76,1
23097,Delicate Blood Garnet,GEM_CUT,VENDOR,1,15470,20000,77,1
23097,Delicate Blood Garnet,GEM_CUT,VENDOR,1,15315,20000,76,1
23097,Delicate Blood Garnet,GEM_CUT,VENDOR,1,15470,20000,77,1
23097,Delicate Blood Garnet,GEM_CUT,VENDOR,1,15315,20000,76,1
44958,Ethereal Oil,INTERMEDIATE,TRAINER,2,92,96,95,1
44958,Ethereal Oil,INTERMEDIATE,TRAINER,4,91,96,94,1
25650,Knothide Armor Kit,MISC,TRAINER,7,16512,20000,82,1
23785,Hardened Adamantite Tube,INTERMEDIATE,TRAINER,5,2,3,66,1
23785,Hardened Adamantite Tube,INTERMEDIATE,TRAINER,3,1,3,33,1
24269,Heavy Netherweave Net,MISC,UNSOURCED,10,13400,14400,93,1
10003,Black Mageweave Gloves,GEAR,TRAINER,1,10201,11996,85,1
10003,Black Mageweave Gloves,GEAR,TRAINER,1,9690,11996,80,1
10003,Black Mageweave Gloves,GEAR,TRAINER,1,9399,11996,78,1
10003,Black Mageweave Gloves,GEAR,TRAINER,1,9117,11996,76,1
10003,Black Mageweave Gloves,GEAR,TRAINER,1,10201,11996,85,1
10003,Black Mageweave Gloves,GEAR,TRAINER,1,9690,11996,80,1
10003,Black Mageweave Gloves,GEAR,TRAINER,1,9399,11996,78,1
10003,Black Mageweave Gloves,GEAR,TRAINER,1,9117,11996,76,1
10003,Black Mageweave Gloves,GEAR,TRAINER,1,10201,11996,85,1
10003,Black Mageweave Gloves,GEAR,TRAINER,1,9690,11996,80,1
3531,Heavy Wool Bandage,MISC,TRAINER,13,245,272,90,1
24268,Netherweave Net,MISC,TRAINER,20,4958,7200,68,1
23787,Felsteel Stabilizer,INTERMEDIATE,TRAINER,6,1,2,50,1
23449,Khorium Bar,INTERMEDIATE,TRAINER,9,34224,40000,85,1
23449,Khorium Bar,INTERMEDIATE,TRAINER,3,32855,40000,82,1
22448,Small Prismatic Shard,INTERMEDIATE,TRAINER,20,1,0,0,1
22448,Small Prismatic Shard,INTERMEDIATE,TRAINER,8,1,0,0,1
22448,Small Prismatic Shard,INTERMEDIATE,TRAINER,2,1,0,0,1
10048,Colorful Kilt,GEAR,DROP,1,1936,2290,84,1
10048,Colorful Kilt,GEAR,DROP,1,1877,2290,81,1
10048,Colorful Kilt,GEAR,DROP,1,1839,2290,80,1
10048,Colorful Kilt,GEAR,DROP,1,1765,2290,77,1
10048,Colorful Kilt,GEAR,DROP,1,1936,2290,84,1
10048,Colorful Kilt,GEAR,DROP,1,1877,2290,81,1
10048,Colorful Kilt,GEAR,DROP,1,1839,2290,80,1
10048,Colorful Kilt,GEAR,DROP,1,1765,2290,77,1
10048,Colorful Kilt,GEAR,DROP,1,1936,2290,84,1
32833,Purified Jaggal Pearl,GEM_CUT,TRAINER,1,8395,9280,90,1
32833,Purified Jaggal Pearl,GEM_CUT,TRAINER,1,8059,9280,86,1
32833,Purified Jaggal Pearl,GEM_CUT,TRAINER,1,7978,9280,85,1
32833,Purified Jaggal Pearl,GEM_CUT,TRAINER,1,8395,9280,90,1
32833,Purified Jaggal Pearl,GEM_CUT,TRAINER,1,8059,9280,86,1
32833,Purified Jaggal Pearl,GEM_CUT,TRAINER,1,7978,9280,85,1
32833,Purified Jaggal Pearl,GEM_CUT,TRAINER,1,8395,9280,90,1
32833,Purified Jaggal Pearl,GEM_CUT,TRAINER,1,8059,9280,86,1
32833,Purified Jaggal Pearl,GEM_CUT,TRAINER,1,7978,9280,85,1
32833,Purified Jaggal Pearl,GEM_CUT,TRAINER,1,8395,9280,90,1
32833,Purified Jaggal Pearl,GEM_CUT,TRAINER,1,8059,9280,86,1
32833,Purified Jaggal Pearl,GEM_CUT,TRAINER,1,7978,9280,85,1
32833,Purified Jaggal Pearl,GEM_CUT,TRAINER,1,8395,9280,90,1
32833,Purified Jaggal Pearl,GEM_CUT,TRAINER,1,8059,9280,86,1
32833,Purified Jaggal Pearl,GEM_CUT,TRAINER,1,7978,9280,85,1
8544,Mageweave Bandage,MISC,TRAINER,5,954,1010,94,1
24268,Netherweave Net,MISC,TRAINER,14,5335,7200,74,1
22448,Small Prismatic Shard,INTERMEDIATE,TRAINER,20,1,0,0,1
22448,Small Prismatic Shard,INTERMEDIATE,TRAINER,2,1,0,0,1
22448,Small Prismatic Shard,INTERMEDIATE,TRAINER,5,1,0,0,1
44958,Ethereal Oil,INTERMEDIATE,TRAINER,2,82,96,85,1
44958,Ethereal Oil,INTERMEDIATE,TRAINER,3,79,96,82,1
20007,Mageblood Elixir,ELIXIR_POT,VENDOR,17,5042,4002,125,0
24269,Heavy Netherweave Net,MISC,UNSOURCED,14,12816,14400,89,1
4304,Thick Leather,INTERMEDIATE,TRAINER,3,3730,3636,102,1
4304,Thick Leather,INTERMEDIATE,TRAINER,3,3655,3636,100,1
23518,Felsteel Leggings,GEAR,DROP,1,7,8,87,1
23518,Felsteel Leggings,GEAR,DROP,1,6,8,75,1
23518,Felsteel Leggings,GEAR,DROP,1,7,8,87,1
23518,Felsteel Leggings,GEAR,DROP,1,6,8,75,1
23518,Felsteel Leggings,GEAR,DROP,1,7,8,87,1
23518,Felsteel Leggings,GEAR,DROP,1,6,8,75,1
23518,Felsteel Leggings,GEAR,DROP,1,7,8,87,1
23518,Felsteel Leggings,GEAR,DROP,1,6,8,75,1
23518,Felsteel Leggings,GEAR,DROP,1,7,8,87,1
32836,Purified Shadow Pearl,GEM_CUT,TRAINER,1,6503,9280,70,1
32836,Purified Shadow Pearl,GEM_CUT,TRAINER,1,6242,9280,67,1
32836,Purified Shadow Pearl,GEM_CUT,TRAINER,1,6503,9280,70,1
32836,Purified Shadow Pearl,GEM_CUT,TRAINER,1,6242,9280,67,1
32836,Purified Shadow Pearl,GEM_CUT,TRAINER,1,6503,9280,70,1
32836,Purified Shadow Pearl,GEM_CUT,TRAINER,1,6242,9280,67,1
32836,Purified Shadow Pearl,GEM_CUT,TRAINER,1,6503,9280,70,1
32836,Purified Shadow Pearl,GEM_CUT,TRAINER,1,6242,9280,67,1
32836,Purified Shadow Pearl,GEM_CUT,TRAINER,1,6503,9280,70,1
22448,Small Prismatic Shard,INTERMEDIATE,TRAINER,20,1,0,0,1
22448,Small Prismatic Shard,INTERMEDIATE,TRAINER,20,1,0,0,1
22448,Small Prismatic Shard,INTERMEDIATE,TRAINER,1,1,0,0,1
22448,Small Prismatic Shard,INTERMEDIATE,TRAINER,4,1,0,0,1
22448,Small Prismatic Shard,INTERMEDIATE,TRAINER,20,1,0,0,1
22448,Small Prismatic Shard,INTERMEDIATE,TRAINER,4,1,0,0,1
22448,Small Prismatic Shard,INTERMEDIATE,TRAINER,3,1,0,0,1
23785,Hardened Adamantite Tube,INTERMEDIATE,TRAINER,1,1,3,33,1
23785,Hardened Adamantite Tube,INTERMEDIATE,TRAINER,5,1,3,33,1
25650,Knothide Armor Kit,MISC,TRAINER,8,14378,20000,71,1
21752,Thorium Setting,INTERMEDIATE,TRAINER,1,1307,1545,84,1
21752,Thorium Setting,INTERMEDIATE,TRAINER,8,1267,1545,82,1
22574,Mote of Fire,INTERMEDIATE,TRAINER,10,2961,3200,92,1
22574,Mote of Fire,INTERMEDIATE,TRAINER,10,2931,3200,91,1
22574,Mote of Fire,INTERMEDIATE,TRAINER,10,2784,3200,87,1
22574,Mote of Fire,INTERMEDIATE,TRAINER,10,2644,3200,82,1
22574,Mote of Fire,INTERMEDIATE,TRAINER,10,2961,3200,92,1
22574,Mote of Fire,INTERMEDIATE,TRAINER,10,2931,3200,91,1
22574,Mote of Fire,INTERMEDIATE,TRAINER,10,2784,3200,87,1
22574,Mote of Fire,INTERMEDIATE,TRAINER,10,2644,3200,82,1
22574,Mote of Fire,INTERMEDIATE,TRAINER,10,2961,3200,92,1
24269,Heavy Netherweave Net,MISC,UNSOURCED,20,10987,14400,76,1
24269,Heavy Netherweave Net,MISC,UNSOURCED,2,10437,14400,72,1
24268,Netherweave Net,MISC,TRAINER,16,6557,7200,91,1
22448,Small Prismatic Shard,INTERMEDIATE,TRAINER,20,1,0,0,1
22448,Small Prismatic Shard,INTERMEDIATE,TRAINER,5,1,0,0,1
22448,Small Prismatic Shard,INTERMEDIATE,TRAINER,2,1,0,0,1
24269,Heavy Netherweave Net,MISC,UNSOURCED,20,10932,14400,75,1
24269,Heavy Netherweave Net,MISC,UNSOURCED,10,10494,14400,72,1
22448,Small Prismatic Shard,INTERMEDIATE,TRAINER,20,1,0,0,1
22448,Small Prismatic Shard,INTERMEDIATE,TRAINER,3,1,0,0,1
22448,Small Prismatic Shard,INTERMEDIATE,TRAINER,1,1,0,0,1
22448,Small Prismatic Shard,INTERMEDIATE,TRAINER,5,1,0,0,1
22448,Small Prismatic Shard,INTERMEDIATE,TRAINER,13,1,0,0,1
13513,Flask of Chromatic Resistance,FLASK,DROP,12,55201,20250,272,0
23519,Felsteel Helm,GEAR,DROP,1,5,8,62,1
23519,Felsteel Helm,GEAR,DROP,1,4,8,50,1
23519,Felsteel Helm,GEAR,DROP,1,5,8,62,1
23519,Felsteel Helm,GEAR,DROP,1,4,8,50,1
23519,Felsteel Helm,GEAR,DROP,1,5,8,62,1
23519,Felsteel Helm,GEAR,DROP,1,4,8,50,1
23519,Felsteel Helm,GEAR,DROP,1,5,8,62,1
23519,Felsteel Helm,GEAR,DROP,1,4,8,50,1
23519,Felsteel Helm,GEAR,DROP,1,5,8,62,1
23519,Felsteel Helm,GEAR,DROP,1,4,8,50,1
23519,Felsteel Helm,GEAR,DROP,1,5,8,62,1
23519,Felsteel Helm,GEAR,DROP,1,4,8,50,1
23519,Felsteel Helm,GEAR,DROP,1,5,8,62,1
23519,Felsteel Helm,GEAR,DROP,1,4,8,50,1
23519,Felsteel Helm,GEAR,DROP,1,5,8,62,1
24269,Heavy Netherweave Net,MISC,UNSOURCED,10,10121,14400,70,1
7285,Nimble Leather Gloves,GEAR,TRAINER,1,1138,1521,74,1
7285,Nimble Leather Gloves,GEAR,TRAINER,1,1103,1521,72,1
7285,Nimble Leather Gloves,GEAR,TRAINER,1,1058,1521,69,1
7285,Nimble Leather Gloves,GEAR,TRAINER,1,1036,1521,68,1
7285,Nimble Leather Gloves,GEAR,TRAINER,1,1138,1521,74,1
7285,Nimble Leather Gloves,GEAR,TRAINER,1,1103,1521,72,1
7285,Nimble Leather Gloves,GEAR,TRAINER,1,1058,1521,69,1
7285,Nimble Leather Gloves,GEAR,TRAINER,1,1036,1521,68,1
7285,Nimble Leather Gloves,GEAR,TRAINER,1,1138,1521,74,1
7285,Nimble Leather Gloves,GEAR,TRAINER,1,1103,1521,72,1
24269,Heavy Netherweave Net,MISC,UNSOURCED,12,11689,14400,81,1
24269,Heavy Netherweave Net,MISC,UNSOURCED,20,11628,14400,80,1
24269,Heavy Netherweave Net,MISC,UNSOURCED,8,11395,14400,79,1
21754,The Aquamarine Ward,GEAR,DROP,1,6921,9545,72,1
21754,The Aquamarine Ward,GEAR,DROP,1,6644,9545,69,1
21754,The Aquamarine Ward,GEAR,DROP,1,6921,9545,72,1
21754,The Aquamarine Ward,GEAR,DROP,1,6644,9545,69,1
21754,The Aquamarine Ward,GEAR,DROP,1,6921,9545,72,1
21754,The Aquamarine Ward,GEAR,DROP,1,6644,9545,69,1
21754,The Aquamarine Ward,GEAR,DROP,1,6921,9545,72,1
21754,The Aquamarine Ward,GEAR,DROP,1,6644,9545,69,1
21754,The Aquamarine Ward,GEAR,DROP,1,6921,9545,72,1
21754,The Aquamarine Ward,GEAR,DROP,1,6644,9545,69,1
21754,The Aquamarine Ward,GEAR,DROP,1,6921,9545,72,1
21754,The Aquamarine Ward,GEAR,DROP,1,6644,9545,69,1
21754,The Aquamarine Ward,GEAR,DROP,1,6921,9545,72,1
21754,The Aquamarine Ward,GEAR,DROP,1,6644,9545,69,1
34086,Winter Boots,GEAR,VENDOR,1,13500,13588,99,1
34086,Winter Boots,GEAR,VENDOR,1,13095,13588,96,1
34086,Winter Boots,GEAR,VENDOR,1,12833,13588,94,1
34086,Winter Boots,GEAR,VENDOR,1,13500,13588,99,1
34086,Winter Boots,GEAR,VENDOR,1,13095,13588,96,1
34086,Winter Boots,GEAR,VENDOR,1,12833,13588,94,1
34086,Winter Boots,GEAR,VENDOR,1,13500,13588,99,1
34086,Winter Boots,GEAR,VENDOR,1,13095,13588,96,1
23517,Felsteel Gloves,GEAR,DROP,1,5,6,83,1
23517,Felsteel Gloves,GEAR,DROP,1,4,6,66,1
23517,Felsteel Gloves,GEAR,DROP,1,3,6,50,1
23517,Felsteel Gloves,GEAR,DROP,1,3,6,50,1
23517,Felsteel Gloves,GEAR,DROP,1,5,6,83,1
23517,Felsteel Gloves,GEAR,DROP,1,4,6,66,1
23517,Felsteel Gloves,GEAR,DROP,1,3,6,50,1
23517,Felsteel Gloves,GEAR,DROP,1,3,6,50,1
23517,Felsteel Gloves,GEAR,DROP,1,5,6,83,1
23517,Felsteel Gloves,GEAR,DROP,1,4,6,66,1
23517,Felsteel Gloves,GEAR,DROP,1,4,6,66,1
23517,Felsteel Gloves,GEAR,DROP,1,3,6,50,1
23517,Felsteel Gloves,GEAR,DROP,1,3,6,50,1
23517,Felsteel Gloves,GEAR,DROP,1,3,6,50,1
23517,Felsteel Gloves,GEAR,DROP,1,4,6,66,1
23517,Felsteel Gloves,GEAR,DROP,1,3,6,50,1
23517,Felsteel Gloves,GEAR,DROP,1,3,6,50,1
23517,Felsteel Gloves,GEAR,DROP,1,3,6,50,1
23517,Felsteel Gloves,GEAR,DROP,1,4,6,66,1
23517,Felsteel Gloves,GEAR,DROP,1,3,6,50,1
23517,Felsteel Gloves,GEAR,DROP,1,3,6,50,1
23517,Felsteel Gloves,GEAR,DROP,1,3,6,50,1
5966,Guardian Gloves,GEAR,TRAINER,1,3356,4183,80,1
5966,Guardian Gloves,GEAR,TRAINER,1,3288,4183,78,1
5966,Guardian Gloves,GEAR,TRAINER,1,3123,4183,74,1
5966,Guardian Gloves,GEAR,TRAINER,1,2998,4183,71,1
5966,Guardian Gloves,GEAR,TRAINER,1,3356,4183,80,1
5966,Guardian Gloves,GEAR,TRAINER,1,3288,4183,78,1
5966,Guardian Gloves,GEAR,TRAINER,1,3123,4183,74,1
5966,Guardian Gloves,GEAR,TRAINER,1,2998,4183,71,1
5966,Guardian Gloves,GEAR,TRAINER,1,3356,4183,80,1
44958,Ethereal Oil,INTERMEDIATE,TRAINER,4,64,96,66,1
44958,Ethereal Oil,INTERMEDIATE,TRAINER,6,61,96,63,1
21752,Thorium Setting,INTERMEDIATE,TRAINER,3,1378,1545,89,1
21752,Thorium Setting,INTERMEDIATE,TRAINER,7,1364,1545,88,1
23519,Felsteel Helm,GEAR,DROP,1,5,8,62,1
23519,Felsteel Helm,GEAR,DROP,1,4,8,50,1
23519,Felsteel Helm,GEAR,DROP,1,4,8,50,1
23519,Felsteel Helm,GEAR,DROP,1,5,8,62,1
23519,Felsteel Helm,GEAR,DROP,1,4,8,50,1
23519,Felsteel Helm,GEAR,DROP,1,4,8,50,1
23519,Felsteel Helm,GEAR,DROP,1,5,8,62,1
23519,Felsteel Helm,GEAR,DROP,1,4,8,50,1
23519,Felsteel Helm,GEAR,DROP,1,4,8,50,1
25650,Knothide Armor Kit,MISC,TRAINER,7,14910,20000,74,1
2842,Silver Bar,INTERMEDIATE,TRAINER,4,205,303,67,1
2842,Silver Bar,INTERMEDIATE,TRAINER,7,202,303,66,1
21861,Imbued Netherweave Robe,GEAR,VENDOR,1,64082,65006,98,1
21861,Imbued Netherweave Robe,GEAR,VENDOR,1,63441,65006,97,1
21861,Imbued Netherweave Robe,GEAR,VENDOR,1,61537,65006,94,1
21861,Imbued Netherweave Robe,GEAR,VENDOR,1,60921,65006,93,1
21861,Imbued Netherweave Robe,GEAR,VENDOR,1,64082,65006,98,1
44958,Ethereal Oil,INTERMEDIATE,TRAINER,5,86,96,89,1
44958,Ethereal Oil,INTERMEDIATE,TRAINER,4,85,96,88,1
9264,Elixir of Shadow Power,ELIXIR_POT,VENDOR,5,6082,5315,114,0
9264,Elixir of Shadow Power,ELIXIR_POT,VENDOR,4,6021,5315,113,0
23519,Felsteel Helm,GEAR,DROP,1,6,8,75,1
23519,Felsteel Helm,GEAR,DROP,1,5,8,62,1
23519,Felsteel Helm,GEAR,DROP,1,4,8,50,1
23519,Felsteel Helm,GEAR,DROP,1,6,8,75,1
23519,Felsteel Helm,GEAR,DROP,1,5,8,62,1
23519,Felsteel Helm,GEAR,DROP,1,4,8,50,1
23519,Felsteel Helm,GEAR,DROP,1,6,8,75,1
23519,Felsteel Helm,GEAR,DROP,1,5,8,62,1
23519,Felsteel Helm,GEAR,DROP,1,4,8,50,1
23519,Felsteel Helm,GEAR,DROP,1,6,8,75,1
4339,Bolt of Mageweave,INTERMEDIATE,TRAINER,3,3721,5050,73,1
4339,Bolt of Mageweave,INTERMEDIATE,TRAINER,4,3534,5050,69,1
2841,Bronze Bar,INTERMEDIATE,TRAINER,20,53,62,85,1
2841,Bronze Bar,INTERMEDIATE,TRAINER,9,51,62,82,1
2841,Bronze Bar,INTERMEDIATE,TRAINER,1,49,62,79,1
12359,Thorium Bar,INTERMEDIATE,TRAINER,11,1307,1545,84,1
12359,Thorium Bar,INTERMEDIATE,TRAINER,4,1241,1545,80,1
22574,Mote of Fire,INTERMEDIATE,TRAINER,10,2273,3200,71,1
22574,Mote of Fire,INTERMEDIATE,TRAINER,10,2250,3200,70,1
22574,Mote of Fire,INTERMEDIATE,TRAINER,10,2273,3200,71,1
22574,Mote of Fire,INTERMEDIATE,TRAINER,10,2250,3200,70,1
22574,Mote of Fire,INTERMEDIATE,TRAINER,10,2273,3200,71,1
22574,Mote of Fire,INTERMEDIATE,TRAINER,1,2250,3200,70,1
22574,Mote of Fire,INTERMEDIATE,TRAINER,9,2273,3200,71,1
23787,Felsteel Stabilizer,INTERMEDIATE,TRAINER,7,1,2,50,1
23787,Felsteel Stabilizer,INTERMEDIATE,TRAINER,8,1,2,50,1
13423,Stonescale Oil,INTERMEDIATE,TRAINER,1,90,102,88,1
13423,Stonescale Oil,INTERMEDIATE,TRAINER,4,89,102,87,1
4246,Fine Leather Belt,GEAR,TRAINER,1,494,578,85,1
4246,Fine Leather Belt,GEAR,TRAINER,1,474,578,82,1
4246,Fine Leather Belt,GEAR,TRAINER,1,459,578,79,1
4246,Fine Leather Belt,GEAR,TRAINER,1,449,578,77,1
4246,Fine Leather Belt,GEAR,TRAINER,1,494,578,85,1
4246,Fine Leather Belt,GEAR,TRAINER,1,474,578,82,1
4246,Fine Leather Belt,GEAR,TRAINER,1,459,578,79,1
4246,Fine Leather Belt,GEAR,TRAINER,1,449,578,77,1
21752,Thorium Setting,INTERMEDIATE,TRAINER,14,1392,1545,90,1
32836,Purified Shadow Pearl,GEM_CUT,TRAINER,1,7761,9280,83,1
32836,Purified Shadow Pearl,GEM_CUT,TRAINER,1,7683,9280,82,1
32836,Purified Shadow Pearl,GEM_CUT,TRAINER,1,7761,9280,83,1
32836,Purified Shadow Pearl,GEM_CUT,TRAINER,1,7683,9280,82,1
32836,Purified Shadow Pearl,GEM_CUT,TRAINER,1,7761,9280,83,1
32836,Purified Shadow Pearl,GEM_CUT,TRAINER,1,7683,9280,82,1
32836,Purified Shadow Pearl,GEM_CUT,TRAINER,1,7761,9280,83,1
32836,Purified Shadow Pearl,GEM_CUT,TRAINER,1,7683,9280,82,1
32836,Purified Shadow Pearl,GEM_CUT,TRAINER,1,7761,9280,83,1
32836,Purified Shadow Pearl,GEM_CUT,TRAINER,1,7683,9280,82,1
32836,Purified Shadow Pearl,GEM_CUT,TRAINER,1,7761,9280,83,1
32836,Purified Shadow Pearl,GEM_CUT,TRAINER,1,7683,9280,82,1
32836,Purified Shadow Pearl,GEM_CUT,TRAINER,1,7761,9280,83,1
32836,Purified Shadow Pearl,GEM_CUT,TRAINER,1,7683,9280,82,1
24268,Netherweave Net,MISC,TRAINER,20,6903,7200,95,1
24268,Netherweave Net,MISC,TRAINER,8,6833,7200,94,1
3575,Iron Bar,INTERMEDIATE,TRAINER,5,851,900,94,1
3575,Iron Bar,INTERMEDIATE,TRAINER,9,825,900,91,1
22448,Small Prismatic Shard,INTERMEDIATE,TRAINER,20,1,0,0,1
22448,Small Prismatic Shard,INTERMEDIATE,TRAINER,20,1,0,0,1
22448,Small Prismatic Shard,INTERMEDIATE,TRAINER,5,1,0,0,1
24270,Bag of Jewels,BAG,VENDOR,1,16020,20006,80,1
24270,Bag of Jewels,BAG,VENDOR,1,15539,20006,77,1
24270,Bag of Jewels,BAG,VENDOR,1,15383,20006,76,1
24270,Bag of Jewels,BAG,VENDOR,1,14921,20006,74,1
24270,Bag of Jewels,BAG,VENDOR,1,16020,20006,80,1
24270,Bag of Jewels,BAG,VENDOR,1,15539,20006,77,1
24270,Bag of Jewels,BAG,VENDOR,1,15383,20006,76,1
4265,Heavy Armor Kit,MISC,TRAINER,9,2471,3130,78,1
22761,Bramblewood Belt,GEAR,VENDOR,1,17433,22849,76,1
22761,Bramblewood Belt,GEAR,VENDOR,1,17084,22849,74,1
22761,Bramblewood Belt,GEAR,VENDOR,1,16571,22849,72,1
22761,Bramblewood Belt,GEAR,VENDOR,1,17433,22849,76,1
22761,Bramblewood Belt,GEAR,VENDOR,1,17084,22849,74,1
22761,Bramblewood Belt,GEAR,VENDOR,1,16571,22849,72,1
22761,Bramblewood Belt,GEAR,VENDOR,1,17433,22849,76,1
22761,Bramblewood Belt,GEAR,VENDOR,1,17084,22849,74,1
22761,Bramblewood Belt,GEAR,VENDOR,1,16571,22849,72,1
21887,Knothide Leather,INTERMEDIATE,TRAINER,3,5796,7500,77,1
21887,Knothide Leather,INTERMEDIATE,TRAINER,8,5506,7500,73,1
22448,Small Prismatic Shard,INTERMEDIATE,TRAINER,20,1,0,0,1
22448,Small Prismatic Shard,INTERMEDIATE,TRAINER,20,1,0,0,1
22448,Small Prismatic Shard,INTERMEDIATE,TRAINER,5,1,0,0,1
8544,Mageweave Bandage,MISC,TRAINER,7,910,1010,90,1
10008,White Bandit Mask,GEAR,DROP,1,4837,6023,80,1
10008,White Bandit Mask,GEAR,DROP,1,4643,6023,77,1
10008,White Bandit Mask,GEAR,DROP,1,4837,6023,80,1
10008,White Bandit Mask,GEAR,DROP,1,4643,6023,77,1
10008,White Bandit Mask,GEAR,DROP,1,4837,6023,80,1
10008,White Bandit Mask,GEAR,DROP,1,4643,6023,77,1
10008,White Bandit Mask,GEAR,DROP,1,4837,6023,80,1
10008,White Bandit Mask,GEAR,DROP,1,4643,6023,77,1
10008,White Bandit Mask,GEAR,DROP,1,4837,6023,80,1
10008,White Bandit Mask,GEAR,DROP,1,4643,6023,77,1
10008,White Bandit Mask,GEAR,DROP,1,4837,6023,80,1
10008,White Bandit Mask,GEAR,DROP,1,4643,6023,77,1
10008,White Bandit Mask,GEAR,DROP,1,4837,6023,80,1
10008,White Bandit Mask,GEAR,DROP,1,4643,6023,77,1
4249,Dark Leather Belt,GEAR,TRAINER,1,1473,1825,80,1
4249,Dark Leather Belt,GEAR,TRAINER,1,1443,1825,79,1
4249,Dark Leather Belt,GEAR,TRAINER,1,1428,1825,78,1
4249,Dark Leather Belt,GEAR,TRAINER,1,1385,1825,75,1
4249,Dark Leather Belt,GEAR,TRAINER,1,1473,1825,80,1
4249,Dark Leather Belt,GEAR,TRAINER,1,1443,1825,79,1
4249,Dark Leather Belt,GEAR,TRAINER,1,1428,1825,78,1
4249,Dark Leather Belt,GEAR,TRAINER,1,1385,1825,75,1
4249,Dark Leather Belt,GEAR,TRAINER,1,1473,1825,80,1
4249,Dark Leather Belt,GEAR,TRAINER,1,1443,1825,79,1
4249,Dark Leather Belt,GEAR,TRAINER,1,1428,1825,78,1
4318,Gloves of Meditation,GEAR,TRAINER,1,2072,2322,89,1
4318,Gloves of Meditation,GEAR,TRAINER,1,2051,2322,88,1
4318,Gloves of Meditation,GEAR,TRAINER,1,2030,2322,87,1
4318,Gloves of Meditation,GEAR,TRAINER,1,2072,2322,89,1
4318,Gloves of Meditation,GEAR,TRAINER,1,2051,2322,88,1
14342,Mooncloth,INTERMEDIATE,VENDOR,1,13970,15200,91,1
14342,Mooncloth,INTERMEDIATE,VENDOR,6,13550,15200,89,1
22448,Small Prismatic Shard,INTERMEDIATE,TRAINER,20,1,0,0,1
22448,Small Prismatic Shard,INTERMEDIATE,TRAINER,20,1,0,0,1
22448,Small Prismatic Shard,INTERMEDIATE,TRAINER,1,1,0,0,1
22448,Small Prismatic Shard,INTERMEDIATE,TRAINER,1,1,0,0,1
23519,Felsteel Helm,GEAR,DROP,1,6,8,75,1
23519,Felsteel Helm,GEAR,DROP,1,5,8,62,1
23519,Felsteel Helm,GEAR,DROP,1,4,8,50,1
23519,Felsteel Helm,GEAR,DROP,1,4,8,50,1
23519,Felsteel Helm,GEAR,DROP,1,6,8,75,1
23519,Felsteel Helm,GEAR,DROP,1,5,8,62,1
24268,Netherweave Net,MISC,TRAINER,20,5546,7200,77,1
24268,Netherweave Net,MISC,TRAINER,2,5324,7200,73,1
22448,Small Prismatic Shard,INTERMEDIATE,TRAINER,20,1,0,0,1
22448,Small Prismatic Shard,INTERMEDIATE,TRAINER,3,1,0,0,1
22448,Small Prismatic Shard,INTERMEDIATE,TRAINER,10,1,0,0,1
23787,Felsteel Stabilizer,INTERMEDIATE,TRAINER,3,1,2,50,1
23787,Felsteel Stabilizer,INTERMEDIATE,TRAINER,5,1,2,50,1
25650,Knothide Armor Kit,MISC,TRAINER,6,18018,20000,90,1
24269,Heavy Netherweave Net,MISC,UNSOURCED,20,10382,14400,72,1
24269,Heavy Netherweave Net,MISC,UNSOURCED,4,9966,14400,69,1
33208,Flask of Chromatic Wonder,FLASK,VENDOR,20,43092,36000,119,0
33208,Flask of Chromatic Wonder,FLASK,VENDOR,4,42230,36000,117,0
23518,Felsteel Leggings,GEAR,DROP,1,7,8,87,1
23518,Felsteel Leggings,GEAR,DROP,1,6,8,75,1
23518,Felsteel Leggings,GEAR,DROP,1,5,8,62,1
23518,Felsteel Leggings,GEAR,DROP,1,7,8,87,1
23518,Felsteel Leggings,GEAR,DROP,1,6,8,75,1
23518,Felsteel Leggings,GEAR,DROP,1,5,8,62,1
23518,Felsteel Leggings,GEAR,DROP,1,7,8,87,1
23518,Felsteel Leggings,GEAR,DROP,1,6,8,75,1
23518,Felsteel Leggings,GEAR,DROP,1,5,8,62,1
23518,Felsteel Leggings,GEAR,DROP,1,7,8,87,1
23518,Felsteel Leggings,GEAR,DROP,1,6,8,75,1
32836,Purified Shadow Pearl,GEM_CUT,TRAINER,1,7341,9280,79,1
32836,Purified Shadow Pearl,GEM_CUT,TRAINER,1,6973,9280,75,1
32836,Purified Shadow Pearl,GEM_CUT,TRAINER,1,6624,9280,71,1
32836,Purified Shadow Pearl,GEM_CUT,TRAINER,1,7341,9280,79,1
32836,Purified Shadow Pearl,GEM_CUT,TRAINER,1,6973,9280,75,1
23787,Felsteel Stabilizer,INTERMEDIATE,TRAINER,10,1,2,50,1
21752,Thorium Setting,INTERMEDIATE,TRAINER,9,1244,1545,80,1
21752,Thorium Setting,INTERMEDIATE,TRAINER,3,1219,1545,78,1
23518,Felsteel Leggings,GEAR,DROP,1,7,8,87,1
23518,Felsteel Leggings,GEAR,DROP,1,6,8,75,1
23518,Felsteel Leggings,GEAR,DROP,1,5,8,62,1
23518,Felsteel Leggings,GEAR,DROP,1,7,8,87,1
23518,Felsteel Leggings,GEAR,DROP,1,6,8,75,1
23518,Felsteel Leggings,GEAR,DROP,1,5,8,62,1
23518,Felsteel Leggings,GEAR,DROP,1,7,8,87,1
23518,Felsteel Leggings,GEAR,DROP,1,6,8,75,1
23518,Felsteel Leggings,GEAR,DROP,1,5,8,62,1
32836,Purified Shadow Pearl,GEM_CUT,TRAINER,1,8198,9280,88,1
32836,Purified Shadow Pearl,GEM_CUT,TRAINER,1,7788,9280,83,1
32836,Purified Shadow Pearl,GEM_CUT,TRAINER,1,7398,9280,79,1
32836,Purified Shadow Pearl,GEM_CUT,TRAINER,1,8198,9280,88,1
32836,Purified Shadow Pearl,GEM_CUT,TRAINER,1,7788,9280,83,1
32836,Purified Shadow Pearl,GEM_CUT,TRAINER,1,7398,9280,79,1
32836,Purified Shadow Pearl,GEM_CUT,TRAINER,1,8198,9280,88,1
32836,Purified Shadow Pearl,GEM_CUT,TRAINER,1,7788,9280,83,1
32836,Purified Shadow Pearl,GEM_CUT,TRAINER,1,7398,9280,79,1
32836,Purified Shadow Pearl,GEM_CUT,TRAINER,1,8198,9280,88,1
32836,Purified Shadow Pearl,GEM_CUT,TRAINER,1,7788,9280,83,1
32836,Purified Shadow Pearl,GEM_CUT,TRAINER,1,7398,9280,79,1
32836,Purified Shadow Pearl,GEM_CUT,TRAINER,1,8198,9280,88,1
4248,Dark Leather Gloves,GEAR,DROP,1,1651,1996,82,1
4248,Dark Leather Gloves,GEAR,DROP,1,1584,1996,79,1
4248,Dark Leather Gloves,GEAR,DROP,1,1552,1996,77,1
4248,Dark Leather Gloves,GEAR,DROP,1,1651,1996,82,1
4248,Dark Leather Gloves,GEAR,DROP,1,1584,1996,79,1
4248,Dark Leather Gloves,GEAR,DROP,1,1552,1996,77,1
4248,Dark Leather Gloves,GEAR,DROP,1,1651,1996,82,1
4248,Dark Leather Gloves,GEAR,DROP,1,1584,1996,79,1
4248,Dark Leather Gloves,GEAR,DROP,1,1552,1996,77,1
4248,Dark Leather Gloves,GEAR,DROP,1,1651,1996,82,1
4248,Dark Leather Gloves,GEAR,DROP,1,1584,1996,79,1
4248,Dark Leather Gloves,GEAR,DROP,1,1552,1996,77,1
4248,Dark Leather Gloves,GEAR,DROP,1,1651,1996,82,1
4248,Dark Leather Gloves,GEAR,DROP,1,1584,1996,79,1
4248,Dark Leather Gloves,GEAR,DROP,1,1552,1996,77,1
21862,Imbued Netherweave Tunic,GEAR,VENDOR,1,56197,65006,86,1
21862,Imbued Netherweave Tunic,GEAR,VENDOR,1,53387,65006,82,1
21862,Imbued Netherweave Tunic,GEAR,VENDOR,1,51251,65006,78,1
21862,Imbued Netherweave Tunic,GEAR,VENDOR,1,50225,65006,77,1
21862,Imbued Netherweave Tunic,GEAR,VENDOR,1,56197,65006,86,1
21862,Imbued Netherweave Tunic,GEAR,VENDOR,1,53387,65006,82,1
21862,Imbued Netherweave Tunic,GEAR,VENDOR,1,51251,65006,78,1
21862,Imbued Netherweave Tunic,GEAR,VENDOR,1,50225,65006,77,1
21862,Imbued Netherweave Tunic,GEAR,VENDOR,1,56197,65006,86,1
21862,Imbued Netherweave Tunic,GEAR,VENDOR,1,53387,65006,82,1
21862,Imbued Netherweave Tunic,GEAR,VENDOR,1,51251,65006,78,1
21862,Imbued Netherweave Tunic,GEAR,VENDOR,1,50225,65006,77,1
21862,Imbued Netherweave Tunic,GEAR,VENDOR,1,56197,65006,86,1
21862,Imbued Netherweave Tunic,GEAR,VENDOR,1,53387,65006,82,1
22448,Small Prismatic Shard,INTERMEDIATE,TRAINER,20,1,0,0,1
22448,Small Prismatic Shard,INTERMEDIATE,TRAINER,9,1,0,0,1
22448,Small Prismatic Shard,INTERMEDIATE,TRAINER,10,1,0,0,1
4260,Guardian Leather Bracers,GEAR,DROP,1,5961,6654,89,1
4260,Guardian Leather Bracers,GEAR,DROP,1,5662,6654,85,1
4260,Guardian Leather Bracers,GEAR,DROP,1,5961,6654,89,1
4260,Guardian Leather Bracers,GEAR,DROP,1,5662,6654,85,1
4260,Guardian Leather Bracers,GEAR,DROP,1,5961,6654,89,1
4260,Guardian Leather Bracers,GEAR,DROP,1,5662,6654,85,1
4260,Guardian Leather Bracers,GEAR,DROP,1,5961,6654,89,1
4260,Guardian Leather Bracers,GEAR,DROP,1,5662,6654,85,1
4260,Guardian Leather Bracers,GEAR,DROP,1,5961,6654,89,1
4260,Guardian Leather Bracers,GEAR,DROP,1,5662,6654,85,1
4260,Guardian Leather Bracers,GEAR,DROP,1,5961,6654,89,1
4260,Guardian Leather Bracers,GEAR,DROP,1,5662,6654,85,1
2307,Fine Leather Boots,GEAR,DROP,1,504,671,75,1
2307,Fine Leather Boots,GEAR,DROP,1,478,671,71,1
2307,Fine Leather Boots,GEAR,DROP,1,458,671,68,1
2307,Fine Leather Boots,GEAR,DROP,1,504,671,75,1
2307,Fine Leather Boots,GEAR,DROP,1,478,671,71,1
2307,Fine Leather Boots,GEAR,DROP,1,458,671,68,1
2307,Fine Leather Boots,GEAR,DROP,1,504,671,75,1
2307,Fine Leather Boots,GEAR,DROP,1,478,671,71,1
2307,Fine Leather Boots,GEAR,DROP,1,458,671,68,1
22574,Mote of Fire,INTERMEDIATE,TRAINER,10,2910,3200,90,1
22574,Mote of Fire,INTERMEDIATE,TRAINER,10,2822,3200,88,1
22574,Mote of Fire,INTERMEDIATE,TRAINER,10,2910,3200,90,1
22574,Mote of Fire,INTERMEDIATE,TRAINER,10,2822,3200,88,1
22574,Mote of Fire,INTERMEDIATE,TRAINER,10,2910,3200,90,1
22574,Mote of Fire,INTERMEDIATE,TRAINER,10,2822,3200,88,1
22574,Mote of Fire,INTERMEDIATE,TRAINER,10,2910,3200,90,1
22574,Mote of Fire,INTERMEDIATE,TRAINER,10,2822,3200,88,1
22574,Mote of Fire,INTERMEDIATE,TRAINER,6,2910,3200,90,1
22574,Mote of Fire,INTERMEDIATE,TRAINER,4,2822,3200,88,1
24268,Netherweave Net,MISC,TRAINER,20,5860,7200,81,1
24268,Netherweave Net,MISC,TRAINER,10,5625,7200,78,1
23519,Felsteel Helm,GEAR,DROP,1,7,8,87,1
23519,Felsteel Helm,GEAR,DROP,1,6,8,75,1
23519,Felsteel Helm,GEAR,DROP,1,5,8,62,1
23519,Felsteel Helm,GEAR,DROP,1,7,8,87,1
23519,Felsteel Helm,GEAR,DROP,1,6,8,75,1
23519,Felsteel Helm,GEAR,DROP,1,5,8,62,1
23519,Felsteel Helm,GEAR,DROP,1,7,8,87,1
23519,Felsteel Helm,GEAR,DROP,1,6,8,75,1
23519,Felsteel Helm,GEAR,DROP,1,5,8,62,1
23519,Felsteel Helm,GEAR,DROP,1,7,8,87,1
23519,Felsteel Helm,GEAR,DROP,1,6,8,75,1
23519,Felsteel Helm,GEAR,DROP,1,5,8,62,1
23519,Felsteel Helm,GEAR,DROP,1,7,8,87,1
23519,Felsteel Helm,GEAR,DROP,1,6,8,75,1
22448,Small Prismatic Shard,INTERMEDIATE,TRAINER,5,1,0,0,1
22448,Small Prismatic Shard,INTERMEDIATE,TRAINER,10,1,0,0,1
22448,Small Prismatic Shard,INTERMEDIATE,TRAINER,20,1,0,0,1
22448,Small Prismatic Shard,INTERMEDIATE,TRAINER,20,1,0,0,1
22448,Small Prismatic Shard,INTERMEDIATE,TRAINER,1,1,0,0,1
22448,Small Prismatic Shard,INTERMEDIATE,TRAINER,1,1,0,0,1
24269,Heavy Netherweave Net,MISC,UNSOURCED,12,12186,14400,84,1
22448,Small Prismatic Shard,INTERMEDIATE,TRAINER,20,1,0,0,1
22448,Small Prismatic Shard,INTERMEDIATE,TRAINER,19,1,0,0,1
22448,Small Prismatic Shard,INTERMEDIATE,TRAINER,20,1,0,0,1
22448,Small Prismatic Shard,INTERMEDIATE,TRAINER,10,1,0,0,1
22448,Small Prismatic Shard,INTERMEDIATE,TRAINER,6,1,0,0,1
40195,Pygmy Oil,INTERMEDIATE,TRAINER,5,270,300,90,1
40195,Pygmy Oil,INTERMEDIATE,TRAINER,4,261,300,87,1
44958,Ethereal Oil,INTERMEDIATE,TRAINER,4,70,96,72,1
44958,Ethereal Oil,INTERMEDIATE,TRAINER,1,69,96,71,1
32833,Purified Jaggal Pearl,GEM_CUT,TRAINER,1,7065,9280,76,1
32833,Purified Jaggal Pearl,GEM_CUT,TRAINER,1,6923,9280,74,1
32833,Purified Jaggal Pearl,GEM_CUT,TRAINER,1,6576,9280,70,1
32833,Purified Jaggal Pearl,GEM_CUT,TRAINER,1,6378,9280,68,1
32833,Purified Jaggal Pearl,GEM_CUT,TRAINER,1,7065,9280,76,1
32833,Purified Jaggal Pearl,GEM_CUT,TRAINER,1,6923,9280,74,1
32833,Purified Jaggal Pearl,GEM_CUT,TRAINER,1,6576,9280,70,1
32833,Purified Jaggal Pearl,GEM_CUT,TRAINER,1,6378,9280,68,1
32833,Purified Jaggal Pearl,GEM_CUT,TRAINER,1,7065,9280,76,1
32833,Purified Jaggal Pearl,GEM_CUT,TRAINER,1,6923,9280,74,1
32833,Purified Jaggal Pearl,GEM_CUT,TRAINER,1,6576,9280,70,1
32833,Purified Jaggal Pearl,GEM_CUT,TRAINER,1,6378,9280,68,1
32833,Purified Jaggal Pearl,GEM_CUT,TRAINER,1,7065,9280,76,1
22448,Small Prismatic Shard,INTERMEDIATE,TRAINER,20,1,0,0,1
22448,Small Prismatic Shard,INTERMEDIATE,TRAINER,4,1,0,0,1
22448,Small Prismatic Shard,INTERMEDIATE,TRAINER,12,1,0,0,1
44839,Candied Sweet Potato,FOOD,DROP,14,16,18,88,1
22448,Small Prismatic Shard,INTERMEDIATE,TRAINER,20,1,0,0,1
22448,Small Prismatic Shard,INTERMEDIATE,TRAINER,16,1,0,0,1
22448,Small Prismatic Shard,INTERMEDIATE,TRAINER,3,1,0,0,1
4312,Soft-soled Linen Boots,GEAR,TRAINER,1,859,846,101,1
4312,Soft-soled Linen Boots,GEAR,TRAINER,1,824,846,97,1
4312,Soft-soled Linen Boots,GEAR,TRAINER,1,782,846,92,1
4312,Soft-soled Linen Boots,GEAR,TRAINER,1,758,846,89,1
4312,Soft-soled Linen Boots,GEAR,TRAINER,1,859,846,101,1
4312,Soft-soled Linen Boots,GEAR,TRAINER,1,824,846,97,1
4312,Soft-soled Linen Boots,GEAR,TRAINER,1,782,846,92,1
4312,Soft-soled Linen Boots,GEAR,TRAINER,1,758,846,89,1
13423,Stonescale Oil,INTERMEDIATE,TRAINER,12,84,102,82,1
13423,Stonescale Oil,INTERMEDIATE,TRAINER,1,81,102,79,1
6451,Heavy Silk Bandage,MISC,TRAINER,15,1026,1188,86,1
4330,Stylish Red Shirt,GEAR,TRAINER,1,1368,1424,96,1
4330,Stylish Red Shirt,GEAR,TRAINER,1,1354,1424,95,1
4330,Stylish Red Shirt,GEAR,TRAINER,1,1326,1424,93,1
4330,Stylish Red Shirt,GEAR,TRAINER,1,1286,1424,90,1
4330,Stylish Red Shirt,GEAR,TRAINER,1,1368,1424,96,1
4330,Stylish Red Shirt,GEAR,TRAINER,1,1354,1424,95,1
23519,Felsteel Helm,GEAR,DROP,1,5,8,62,1
23519,Felsteel Helm,GEAR,DROP,1,4,8,50,1
23519,Felsteel Helm,GEAR,DROP,1,5,8,62,1
23519,Felsteel Helm,GEAR,DROP,1,4,8,50,1
23519,Felsteel Helm,GEAR,DROP,1,5,8,62,1
23519,Felsteel Helm,GEAR,DROP,1,4,8,50,1
23787,Felsteel Stabilizer,INTERMEDIATE,TRAINER,9,1,2,50,1
23787,Felsteel Stabilizer,INTERMEDIATE,TRAINER,6,1,2,50,1
44958,Ethereal Oil,INTERMEDIATE,TRAINER,5,71,96,73,1
44958,Ethereal Oil,INTERMEDIATE,TRAINER,5,69,96,71,1
5763,Red Woolen Bag,BAG,VENDOR,1,1472,1782,82,1
5763,Red Woolen Bag,BAG,VENDOR,1,1427,1782,80,1
5763,Red Woolen Bag,BAG,VENDOR,1,1369,1782,76,1
5763,Red Woolen Bag,BAG,VENDOR,1,1327,1782,74,1
5763,Red Woolen Bag,BAG,VENDOR,1,1472,1782,82,1
5763,Red Woolen Bag,BAG,VENDOR,1,1427,1782,80,1
5763,Red Woolen Bag,BAG,VENDOR,1,1369,1782,76,1
5763,Red Woolen Bag,BAG,VENDOR,1,1327,1782,74,1
5763,Red Woolen Bag,BAG,VENDOR,1,1472,1782,82,1
5763,Red Woolen Bag,BAG,VENDOR,1,1427,1782,80,1
5763,Red Woolen Bag,BAG,VENDOR,1,1369,1782,76,1
5763,Red Woolen Bag,BAG,VENDOR,1,1327,1782,74,1
5763,Red Woolen Bag,BAG,VENDOR,1,1472,1782,82,1
5763,Red Woolen Bag,BAG,VENDOR,1,1427,1782,80,1
8170,Rugged Leather,INTERMEDIATE,TRAINER,7,6596,7128,92,1
21752,Thorium Setting,INTERMEDIATE,TRAINER,4,1475,1545,95,1
21752,Thorium Setting,INTERMEDIATE,TRAINER,6,1430,1545,92,1
32836,Purified Shadow Pearl,GEM_CUT,TRAINER,1,6171,9280,66,1
32836,Purified Shadow Pearl,GEM_CUT,TRAINER,1,5924,9280,63,1
32836,Purified Shadow Pearl,GEM_CUT,TRAINER,1,5746,9280,61,1
32836,Purified Shadow Pearl,GEM_CUT,TRAINER,1,5688,9280,61,1
32836,Purified Shadow Pearl,GEM_CUT,TRAINER,1,6171,9280,66,1
32836,Purified Shadow Pearl,GEM_CUT,TRAINER,1,5924,9280,63,1
32836,Purified Shadow Pearl,GEM_CUT,TRAINER,1,5746,9280,61,1
32836,Purified Shadow Pearl,GEM_CUT,TRAINER,1,5688,9280,61,1
32836,Purified Shadow Pearl,GEM_CUT,TRAINER,1,6171,9280,66,1
32836,Purified Shadow Pearl,GEM_CUT,TRAINER,1,5924,9280,63,1
4304,Thick Leather,INTERMEDIATE,TRAINER,2,3646,3636,100,1
4304,Thick Leather,INTERMEDIATE,TRAINER,9,3500,3636,96,1
24269,Heavy Netherweave Net,MISC,UNSOURCED,18,13219,14400,91,1
23787,Felsteel Stabilizer,INTERMEDIATE,TRAINER,8,1,2,50,1
23787,Felsteel Stabilizer,INTERMEDIATE,TRAINER,4,1,2,50,1
25650,Knothide Armor Kit,MISC,TRAINER,10,16748,20000,83,1
25650,Knothide Armor Kit,MISC,TRAINER,2,16245,20000,81,1
23518,Felsteel Leggings,GEAR,DROP,1,5,8,62,1
23518,Felsteel Leggings,GEAR,DROP,1,4,8,50,1
23518,Felsteel Leggings,GEAR,DROP,1,4,8,50,1
23518,Felsteel Leggings,GEAR,DROP,1,4,8,50,1
23518,Felsteel Leggings,GEAR,DROP,1,5,8,62,1
23518,Felsteel Leggings,GEAR,DROP,1,4,8,50,1
23518,Felsteel Leggings,GEAR,DROP,1,4,8,50,1
23518,Felsteel Leggings,GEAR,DROP,1,4,8,50,1
23518,Felsteel Leggings,GEAR,DROP,1,5,8,62,1
23518,Felsteel Leggings,GEAR,DROP,1,4,8,50,1
23785,Hardened Adamantite Tube,INTERMEDIATE,TRAINER,10,2,3,66,1
23785,Hardened Adamantite Tube,INTERMEDIATE,TRAINER,3,1,3,33,1
23518,Felsteel Leggings,GEAR,DROP,1,5,8,62,1
23518,Felsteel Leggings,GEAR,DROP,1,4,8,50,1
23518,Felsteel Leggings,GEAR,DROP,1,4,8,50,1
23518,Felsteel Leggings,GEAR,DROP,1,4,8,50,1
23518,Felsteel Leggings,GEAR,DROP,1,5,8,62,1
5966,Guardian Gloves,GEAR,TRAINER,1,3347,4183,80,1
5966,Guardian Gloves,GEAR,TRAINER,1,3213,4183,76,1
5966,Guardian Gloves,GEAR,TRAINER,1,3148,4183,75,1
5966,Guardian Gloves,GEAR,TRAINER,1,3347,4183,80,1
5966,Guardian Gloves,GEAR,TRAINER,1,3213,4183,76,1
5966,Guardian Gloves,GEAR,TRAINER,1,3148,4183,75,1
5966,Guardian Gloves,GEAR,TRAINER,1,3347,4183,80,1
5966,Guardian Gloves,GEAR,TRAINER,1,3213,4183,76,1
23517,Felsteel Gloves,GEAR,DROP,1,4,6,66,1
23517,Felsteel Gloves,GEAR,DROP,1,3,6,50,1
23517,Felsteel Gloves,GEAR,DROP,1,3,6,50,1
23517,Felsteel Gloves,GEAR,DROP,1,3,6,50,1
23517,Felsteel Gloves,GEAR,DROP,1,4,6,66,1
23517,Felsteel Gloves,GEAR,DROP,1,3,6,50,1
23517,Felsteel Gloves,GEAR,DROP,1,3,6,50,1
23517,Felsteel Gloves,GEAR,DROP,1,3,6,50,1
23517,Felsteel Gloves,GEAR,DROP,1,4,6,66,1
23517,Felsteel Gloves,GEAR,DROP,1,3,6,50,1
24270,Bag of Jewels,BAG,VENDOR,1,15091,20006,75,1
24270,Bag of Jewels,BAG,VENDOR,1,14789,20006,73,1
24270,Bag of Jewels,BAG,VENDOR,1,14345,20006,71,1
24270,Bag of Jewels,BAG,VENDOR,1,15091,20006,75,1
24270,Bag of Jewels,BAG,VENDOR,1,14789,20006,73,1
24270,Bag of Jewels,BAG,VENDOR,1,14345,20006,71,1
24270,Bag of Jewels,BAG,VENDOR,1,15091,20006,75,1
24270,Bag of Jewels,BAG,VENDOR,1,14789,20006,73,1
24270,Bag of Jewels,BAG,VENDOR,1,14345,20006,71,1
24270,Bag of Jewels,BAG,VENDOR,1,15091,20006,75,1
24270,Bag of Jewels,BAG,VENDOR,1,14789,20006,73,1
24270,Bag of Jewels,BAG,VENDOR,1,14345,20006,71,1
24270,Bag of Jewels,BAG,VENDOR,1,15091,20006,75,1
24268,Netherweave Net,MISC,TRAINER,14,5895,7200,81,1
20827,Ring of Silver Might,GEAR,TRAINER,1,592,606,97,1
20827,Ring of Silver Might,GEAR,TRAINER,1,580,606,95,1
20827,Ring of Silver Might,GEAR,TRAINER,1,562,606,92,1
20827,Ring of Silver Might,GEAR,TRAINER,1,545,606,89,1
20827,Ring of Silver Might,GEAR,TRAINER,1,592,606,97,1
20827,Ring of Silver Might,GEAR,TRAINER,1,580,606,95,1
20827,Ring of Silver Might,GEAR,TRAINER,1,562,606,92,1
20827,Ring of Silver Might,GEAR,TRAINER,1,545,606,89,1
44958,Ethereal Oil,INTERMEDIATE,TRAINER,7,79,96,82,1
44958,Ethereal Oil,INTERMEDIATE,TRAINER,5,75,96,78,1
24268,Netherweave Net,MISC,TRAINER,12,5752,7200,79,1
24269,Heavy Netherweave Net,MISC,UNSOURCED,20,11354,14400,78,1
24268,Netherweave Net,MISC,TRAINER,18,5557,7200,77,1
31080,Mercurial Stone,GEAR,TRAINER,1,119808,96000,124,0
31080,Mercurial Stone,GEAR,TRAINER,1,113817,96000,118,0
31080,Mercurial Stone,GEAR,TRAINER,1,111540,96000,116,0
23785,Hardened Adamantite Tube,INTERMEDIATE,TRAINER,7,2,3,66,1
23785,Hardened Adamantite Tube,INTERMEDIATE,TRAINER,7,1,3,33,1
21861,Imbued Netherweave Robe,GEAR,VENDOR,1,42773,65006,65,1
21861,Imbued Netherweave Robe,GEAR,VENDOR,1,41062,65006,63,1
21861,Imbued Netherweave Robe,GEAR,VENDOR,1,39419,65006,60,1
21861,Imbued Netherweave Robe,GEAR,VENDOR,1,42773,65006,65,1
21861,Imbued Netherweave Robe,GEAR,VENDOR,1,41062,65006,63,1
21861,Imbued Netherweave Robe,GEAR,VENDOR,1,39419,65006,60,1
21861,Imbued Netherweave Robe,GEAR,VENDOR,1,42773,65006,65,1
21861,Imbued Netherweave Robe,GEAR,VENDOR,1,41062,65006,63,1
21861,Imbued Netherweave Robe,GEAR,VENDOR,1,39419,65006,60,1
21861,Imbued Netherweave Robe,GEAR,VENDOR,1,42773,65006,65,1
21861,Imbued Netherweave Robe,GEAR,VENDOR,1,41062,65006,63,1
21861,Imbued Netherweave Robe,GEAR,VENDOR,1,39419,65006,60,1
21861,Imbued Netherweave Robe,GEAR,VENDOR,1,42773,65006,65,1
21861,Imbued Netherweave Robe,GEAR,VENDOR,1,41062,65006,63,1
21861,Imbued Netherweave Robe,GEAR,VENDOR,1,39419,65006,60,1
4330,Stylish Red Shirt,GEAR,TRAINER,1,1007,1424,70,1
4330,Stylish Red Shirt,GEAR,TRAINER,1,976,1424,68,1
4330,Stylish Red Shirt,GEAR,TRAINER,1,966,1424,67,1
4330,Stylish Red Shirt,GEAR,TRAINER,1,1007,1424,70,1
4330,Stylish Red Shirt,GEAR,TRAINER,1,976,1424,68,1
4330,Stylish Red Shirt,GEAR,TRAINER,1,966,1424,67,1
4330,Stylish Red Shirt,GEAR,TRAINER,1,1007,1424,70,1
4330,Stylish Red Shirt,GEAR,TRAINER,1,976,1424,68,1
4330,Stylish Red Shirt,GEAR,TRAINER,1,966,1424,67,1
4330,Stylish Red Shirt,GEAR,TRAINER,1,1007,1424,70,1
4330,Stylish Red Shirt,GEAR,TRAINER,1,976,1424,68,1
4330,Stylish Red Shirt,GEAR,TRAINER,1,966,1424,67,1
4330,Stylish Red Shirt,GEAR,TRAINER,1,1007,1424,70,1
4330,Stylish Red Shirt,GEAR,TRAINER,1,976,1424,68,1
4330,Stylish Red Shirt,GEAR,TRAINER,1,966,1424,67,1
24268,Netherweave Net,MISC,TRAINER,20,6285,7200,87,1
24268,Netherweave Net,MISC,TRAINER,6,6222,7200,86,1
23445,Fel Iron Bar,INTERMEDIATE,TRAINER,5,14400,12000,120,0
23445,Fel Iron Bar,INTERMEDIATE,TRAINER,8,13680,12000,114,0
22448,Small Prismatic Shard,INTERMEDIATE,TRAINER,20,1,0,0,1
22448,Small Prismatic Shard,INTERMEDIATE,TRAINER,20,1,0,0,1
22448,Small Prismatic Shard,INTERMEDIATE,TRAINER,1,1,0,0,1
22448,Small Prismatic Shard,INTERMEDIATE,TRAINER,1,1,0,0,1
10056,Orange Mageweave Shirt,GEAR,TRAINER,1,5623,6998,80,1
10056,Orange Mageweave Shirt,GEAR,TRAINER,1,5566,6998,79,1
10056,Orange Mageweave Shirt,GEAR,TRAINER,1,5287,6998,75,1
10056,Orange Mageweave Shirt,GEAR,TRAINER,1,5234,6998,74,1
10056,Orange Mageweave Shirt,GEAR,TRAINER,1,5623,6998,80,1
6037,Truesilver Bar,INTERMEDIATE,TRAINER,8,4535,4120,110,0
6037,Truesilver Bar,INTERMEDIATE,TRAINER,6,4308,4120,104,0
23519,Felsteel Helm,GEAR,DROP,1,4,8,50,1
23519,Felsteel Helm,GEAR,DROP,1,4,8,50,1
23519,Felsteel Helm,GEAR,DROP,1,4,8,50,1
23519,Felsteel Helm,GEAR,DROP,1,4,8,50,1
23519,Felsteel Helm,GEAR,DROP,1,4,8,50,1
23519,Felsteel Helm,GEAR,DROP,1,4,8,50,1
23519,Felsteel Helm,GEAR,DROP,1,4,8,50,1
23519,Felsteel Helm,GEAR,DROP,1,4,8,50,1
23519,Felsteel Helm,GEAR,DROP,1,4,8,50,1
22574,Mote of Fire,INTERMEDIATE,TRAINER,10,2358,3200,73,1
22574,Mote of Fire,INTERMEDIATE,TRAINER,10,2263,3200,70,1
22574,Mote of Fire,INTERMEDIATE,TRAINER,10,2172,3200,67,1
22574,Mote of Fire,INTERMEDIATE,TRAINER,10,2358,3200,73,1
22574,Mote of Fire,INTERMEDIATE,TRAINER,10,2263,3200,70,1
22574,Mote of Fire,INTERMEDIATE,TRAINER,10,2172,3200,67,1
22574,Mote of Fire,INTERMEDIATE,TRAINER,10,2358,3200,73,1
22574,Mote of Fire,INTERMEDIATE,TRAINER,10,2263,3200,70,1
22574,Mote of Fire,INTERMEDIATE,TRAINER,10,2172,3200,67,1
22574,Mote of Fire,INTERMEDIATE,TRAINER,10,2358,3200,73,1
22574,Mote of Fire,INTERMEDIATE,TRAINER,10,2263,3200,70,1
22574,Mote of Fire,INTERMEDIATE,TRAINER,10,2172,3200,67,1
22574,Mote of Fire,INTERMEDIATE,TRAINER,8,2358,3200,73,1
22574,Mote of Fire,INTERMEDIATE,TRAINER,2,2263,3200,70,1
21754,The Aquamarine Ward,GEAR,DROP,1,7591,9545,79,1
21754,The Aquamarine Ward,GEAR,DROP,1,7287,9545,76,1
21754,The Aquamarine Ward,GEAR,DROP,1,7068,9545,74,1
21754,The Aquamarine Ward,GEAR,DROP,1,6997,9545,73,1
21754,The Aquamarine Ward,GEAR,DROP,1,7591,9545,79,1
21754,The Aquamarine Ward,GEAR,DROP,1,7287,9545,76,1
23518,Felsteel Leggings,GEAR,DROP,1,6,8,75,1
23518,Felsteel Leggings,GEAR,DROP,1,5,8,62,1
23518,Felsteel Leggings,GEAR,DROP,1,4,8,50,1
23518,Felsteel Leggings,GEAR,DROP,1,6,8,75,1
23518,Felsteel Leggings,GEAR,DROP,1,5,8,62,1
23518,Felsteel Leggings,GEAR,DROP,1,4,8,50,1
23518,Felsteel Leggings,GEAR,DROP,1,6,8,75,1
23518,Felsteel Leggings,GEAR,DROP,1,5,8,62,1
23518,Felsteel Leggings,GEAR,DROP,1,4,8,50,1
23518,Felsteel Leggings,GEAR,DROP,1,6,8,75,1
23518,Felsteel Leggings,GEAR,DROP,1,5,8,62,1
23518,Felsteel Leggings,GEAR,DROP,1,4,8,50,1
23518,Felsteel Leggings,GEAR,DROP,1,6,8,75,1
23518,Felsteel Leggings,GEAR,DROP,1,5,8,62,1
22573,Mote of Earth,INTERMEDIATE,TRAINER,10,2577,3200,80,1
22573,Mote of Earth,INTERMEDIATE,TRAINER,10,2448,3200,76,1
22573,Mote of Earth,INTERMEDIATE,TRAINER,10,2325,3200,72,1
22573,Mote of Earth,INTERMEDIATE,TRAINER,10,2208,3200,69,1
22573,Mote of Earth,INTERMEDIATE,TRAINER,10,2577,3200,80,1
22573,Mote of Earth,INTERMEDIATE,TRAINER,10,2448,3200,76,1
22573,Mote of Earth,INTERMEDIATE,TRAINER,10,2325,3200,72,1
22573,Mote of Earth,INTERMEDIATE,TRAINER,10,2208,3200,69,1
22573,Mote of Earth,INTERMEDIATE,TRAINER,10,2577,3200,80,1
22573,Mote of Earth,INTERMEDIATE,TRAINER,7,2448,3200,76,1
22573,Mote of Earth,INTERMEDIATE,TRAINER,3,2325,3200,72,1
21775,Onslaught Ring,GEAR,TRAINER,1,12586,17809,70,1
21775,Onslaught Ring,GEAR,TRAINER,1,12460,17809,69,1
21775,Onslaught Ring,GEAR,TRAINER,1,11837,17809,66,1
21775,Onslaught Ring,GEAR,TRAINER,1,12586,17809,70,1
21775,Onslaught Ring,GEAR,TRAINER,1,12460,17809,69,1
21775,Onslaught Ring,GEAR,TRAINER,1,11837,17809,66,1
32836,Purified Shadow Pearl,GEM_CUT,TRAINER,1,7044,9280,75,1
32836,Purified Shadow Pearl,GEM_CUT,TRAINER,1,6762,9280,72,1
32836,Purified Shadow Pearl,GEM_CUT,TRAINER,1,7044,9280,75,1
32836,Purified Shadow Pearl,GEM_CUT,TRAINER,1,6762,9280,72,1
32836,Purified Shadow Pearl,GEM_CUT,TRAINER,1,7044,9280,75,1
32836,Purified Shadow Pearl,GEM_CUT,TRAINER,1,6762,9280,72,1
32836,Purified Shadow Pearl,GEM_CUT,TRAINER,1,7044,9280,75,1
32836,Purified Shadow Pearl,GEM_CUT,TRAINER,1,6762,9280,72,1
32836,Purified Shadow Pearl,GEM_CUT,TRAINER,1,7044,9280,75,1
32836,Purified Shadow Pearl,GEM_CUT,TRAINER,1,6762,9280,72,1
32836,Purified Shadow Pearl,GEM_CUT,TRAINER,1,7044,9280,75,1
32836,Purified Shadow Pearl,GEM_CUT,TRAINER,1,6762,9280,72,1
32836,Purified Shadow Pearl,GEM_CUT,TRAINER,1,7044,9280,75,1
32836,Purified Shadow Pearl,GEM_CUT,TRAINER,1,6762,9280,72,1
32836,Purified Shadow Pearl,GEM_CUT,TRAINER,1,7044,9280,75,1
23446,Adamantite Bar,INTERMEDIATE,TRAINER,6,14317,18000,79,1
23446,Adamantite Bar,INTERMEDIATE,TRAINER,2,13744,18000,76,1
22574,Mote of Fire,INTERMEDIATE,TRAINER,10,2256,3200,70,1
22574,Mote of Fire,INTERMEDIATE,TRAINER,10,2210,3200,69,1
22574,Mote of Fire,INTERMEDIATE,TRAINER,10,2121,3200,66,1
22574,Mote of Fire,INTERMEDIATE,TRAINER,10,2256,3200,70,1
22574,Mote of Fire,INTERMEDIATE,TRAINER,10,2210,3200,69,1
22574,Mote of Fire,INTERMEDIATE,TRAINER,10,2121,3200,66,1
22574,Mote of Fire,INTERMEDIATE,TRAINER,7,2256,3200,70,1
22574,Mote of Fire,INTERMEDIATE,TRAINER,3,2210,3200,69,1
21752,Thorium Setting,INTERMEDIATE,TRAINER,1,1263,1545,81,1
21752,Thorium Setting,INTERMEDIATE,TRAINER,5,1237,1545,80,1
10512,Hi-Impact Mithril Slugs,AMMO,TRAINER,1000,10,13,76,1
3531,Heavy Wool Bandage,MISC,TRAINER,5,244,272,89,1
23787,Felsteel Stabilizer,INTERMEDIATE,TRAINER,10,1,2,50,1
23787,Felsteel Stabilizer,INTERMEDIATE,TRAINER,5,1,2,50,1
22445,Arcane Dust,INTERMEDIATE,UNSOURCED,20,4465,5013,89,1
22445,Arcane Dust,INTERMEDIATE,UNSOURCED,2,4331,5013,86,1
22445,Arcane Dust,INTERMEDIATE,UNSOURCED,8,4201,5013,83,1
23519,Felsteel Helm,GEAR,DROP,1,5,8,62,1
23519,Felsteel Helm,GEAR,DROP,1,4,8,50,1
23519,Felsteel Helm,GEAR,DROP,1,4,8,50,1
23519,Felsteel Helm,GEAR,DROP,1,4,8,50,1
23519,Felsteel Helm,GEAR,DROP,1,5,8,62,1
23519,Felsteel Helm,GEAR,DROP,1,4,8,50,1
23519,Felsteel Helm,GEAR,DROP,1,4,8,50,1
23519,Felsteel Helm,GEAR,DROP,1,4,8,50,1
23519,Felsteel Helm,GEAR,DROP,1,5,8,62,1
23519,Felsteel Helm,GEAR,DROP,1,4,8,50,1
42420,Shadow Crystal Focusing Lens,MISC,TRAINER,1,18424,20000,92,1
42420,Shadow Crystal Focusing Lens,MISC,TRAINER,1,17687,20000,88,1
42420,Shadow Crystal Focusing Lens,MISC,TRAINER,1,18424,20000,92,1
42420,Shadow Crystal Focusing Lens,MISC,TRAINER,1,17687,20000,88,1
42420,Shadow Crystal Focusing Lens,MISC,TRAINER,1,18424,20000,92,1
22448,Small Prismatic Shard,INTERMEDIATE,TRAINER,18,1,0,0,1
44958,Ethereal Oil,INTERMEDIATE,TRAINER,6,84,96,87,1
23518,Felsteel Leggings,GEAR,DROP,1,6,8,75,1
23518,Felsteel Leggings,GEAR,DROP,1,5,8,62,1
23518,Felsteel Leggings,GEAR,DROP,1,4,8,50,1
23518,Felsteel Leggings,GEAR,DROP,1,6,8,75,1
23518,Felsteel Leggings,GEAR,DROP,1,5,8,62,1
23518,Felsteel Leggings,GEAR,DROP,1,4,8,50,1
23518,Felsteel Leggings,GEAR,DROP,1,6,8,75,1
23518,Felsteel Leggings,GEAR,DROP,1,5,8,62,1
23517,Felsteel Gloves,GEAR,DROP,1,4,6,66,1
23517,Felsteel Gloves,GEAR,DROP,1,3,6,50,1
23517,Felsteel Gloves,GEAR,DROP,1,3,6,50,1
23517,Felsteel Gloves,GEAR,DROP,1,4,6,66,1
23517,Felsteel Gloves,GEAR,DROP,1,3,6,50,1
23517,Felsteel Gloves,GEAR,DROP,1,3,6,50,1
23517,Felsteel Gloves,GEAR,DROP,1,4,6,66,1
23519,Felsteel Helm,GEAR,DROP,1,4,8,50,1
23519,Felsteel Helm,GEAR,DROP,1,4,8,50,1
23519,Felsteel Helm,GEAR,DROP,1,4,8,50,1
23519,Felsteel Helm,GEAR,DROP,1,4,8,50,1
23519,Felsteel Helm,GEAR,DROP,1,4,8,50,1
23519,Felsteel Helm,GEAR,DROP,1,4,8,50,1
23519,Felsteel Helm,GEAR,DROP,1,4,8,50,1
23519,Felsteel Helm,GEAR,DROP,1,4,8,50,1
23519,Felsteel Helm,GEAR,DROP,1,4,8,50,1
23519,Felsteel Helm,GEAR,DROP,1,4,8,50,1
23519,Felsteel Helm,GEAR,DROP,1,4,8,50,1
23519,Felsteel Helm,GEAR,DROP,1,4,8,50,1
17771,Elementium Bar,MISC,DROP,5,7850872,2472560,317,0
44958,Ethereal Oil,INTERMEDIATE,TRAINER,3,68,96,70,1
44958,Ethereal Oil,INTERMEDIATE,TRAINER,2,67,96,69,1
23785,Hardened Adamantite Tube,INTERMEDIATE,TRAINER,6,1,3,33,1
23785,Hardened Adamantite Tube,INTERMEDIATE,TRAINER,2,1,3,33,1
23785,Hardened Adamantite Tube,INTERMEDIATE,TRAINER,1,2,3,66,1
23785,Hardened Adamantite Tube,INTERMEDIATE,TRAINER,7,1,3,33,1
45621,Elixir of Minor Accuracy,ELIXIR_POT,TRAINER,5,159,165,96,1
45621,Elixir of Minor Accuracy,ELIXIR_POT,TRAINER,9,154,165,93,1
22448,Small Prismatic Shard,INTERMEDIATE,TRAINER,9,1,0,0,1
22448,Small Prismatic Shard,INTERMEDIATE,TRAINER,6,1,0,0,1
32836,Purified Shadow Pearl,GEM_CUT,TRAINER,1,7770,9280,83,1
32836,Purified Shadow Pearl,GEM_CUT,TRAINER,1,7692,9280,82,1
32836,Purified Shadow Pearl,GEM_CUT,TRAINER,1,7770,9280,83,1
32836,Purified Shadow Pearl,GEM_CUT,TRAINER,1,7692,9280,82,1
32836,Purified Shadow Pearl,GEM_CUT,TRAINER,1,7770,9280,83,1
32836,Purified Shadow Pearl,GEM_CUT,TRAINER,1,7692,9280,82,1
32836,Purified Shadow Pearl,GEM_CUT,TRAINER,1,7770,9280,83,1
32836,Purified Shadow Pearl,GEM_CUT,TRAINER,1,7692,9280,82,1
32836,Purified Shadow Pearl,GEM_CUT,TRAINER,1,7770,9280,83,1
32836,Purified Shadow Pearl,GEM_CUT,TRAINER,1,7692,9280,82,1
32836,Purified Shadow Pearl,GEM_CUT,TRAINER,1,7770,9280,83,1
22448,Small Prismatic Shard,INTERMEDIATE,TRAINER,8,1,0,0,1
22448,Small Prismatic Shard,INTERMEDIATE,TRAINER,10,1,0,0,1
23517,Felsteel Gloves,GEAR,DROP,1,4,6,66,1
23517,Felsteel Gloves,GEAR,DROP,1,3,6,50,1
23517,Felsteel Gloves,GEAR,DROP,1,4,6,66,1
23517,Felsteel Gloves,GEAR,DROP,1,3,6,50,1
23517,Felsteel Gloves,GEAR,DROP,1,4,6,66,1
23517,Felsteel Gloves,GEAR,DROP,1,3,6,50,1
23517,Felsteel Gloves,GEAR,DROP,1,4,6,66,1
23517,Felsteel Gloves,GEAR,DROP,1,3,6,50,1
23787,Felsteel Stabilizer,INTERMEDIATE,TRAINER,6,1,2,50,1
21843,Imbued Netherweave Bag,BAG,VENDOR,1,46515,60005,77,1
21843,Imbued Netherweave Bag,BAG,VENDOR,1,45584,60005,75,1
21843,Imbued Netherweave Bag,BAG,VENDOR,1,46515,60005,77,1
21843,Imbued Netherweave Bag,BAG,VENDOR,1,45584,60005,75,1
21843,Imbued Netherweave Bag,BAG,VENDOR,1,46515,60005,77,1
8956,Oil of Immolation,MISC,TRAINER,5,3298,2912,113,0
23518,Felsteel Leggings,GEAR,DROP,1,4,8,50,1
23518,Felsteel Leggings,GEAR,DROP,1,4,8,50,1
23518,Felsteel Leggings,GEAR,DROP,1,4,8,50,1
23518,Felsteel Leggings,GEAR,DROP,1,4,8,50,1
23518,Felsteel Leggings,GEAR,DROP,1,4,8,50,1
23518,Felsteel Leggings,GEAR,DROP,1,4,8,50,1
23518,Felsteel Leggings,GEAR,DROP,1,4,8,50,1
23518,Felsteel Leggings,GEAR,DROP,1,4,8,50,1
23518,Felsteel Leggings,GEAR,DROP,1,4,8,50,1
23518,Felsteel Leggings,GEAR,DROP,1,4,8,50,1
23518,Felsteel Leggings,GEAR,DROP,1,4,8,50,1
23518,Felsteel Leggings,GEAR,DROP,1,4,8,50,1
23518,Felsteel Leggings,GEAR,DROP,1,4,8,50,1
23518,Felsteel Leggings,GEAR,DROP,1,4,8,50,1
23518,Felsteel Leggings,GEAR,DROP,1,4,8,50,1
24268,Netherweave Net,MISC,TRAINER,16,5825,7200,80,1
23446,Adamantite Bar,INTERMEDIATE,TRAINER,2,15634,18000,86,1
23446,Adamantite Bar,INTERMEDIATE,TRAINER,4,15321,18000,85,1
2997,Bolt of Woolen Cloth,INTERMEDIATE,TRAINER,6,256,408,62,1
2997,Bolt of Woolen Cloth,INTERMEDIATE,TRAINER,2,250,408,61,1
4330,Stylish Red Shirt,GEAR,TRAINER,1,1230,1424,86,1
4330,Stylish Red Shirt,GEAR,TRAINER,1,1193,1424,83,1
4330,Stylish Red Shirt,GEAR,TRAINER,1,1230,1424,86,1
4330,Stylish Red Shirt,GEAR,TRAINER,1,1193,1424,83,1
4330,Stylish Red Shirt,GEAR,TRAINER,1,1230,1424,86,1
4330,Stylish Red Shirt,GEAR,TRAINER,1,1193,1424,83,1
4330,Stylish Red Shirt,GEAR,TRAINER,1,1230,1424,86,1
4330,Stylish Red Shirt,GEAR,TRAINER,1,1193,1424,83,1
32836,Purified Shadow Pearl,GEM_CUT,TRAINER,1,8028,9280,86,1
32836,Purified Shadow Pearl,GEM_CUT,TRAINER,1,7626,9280,82,1
32836,Purified Shadow Pearl,GEM_CUT,TRAINER,1,7549,9280,81,1
32836,Purified Shadow Pearl,GEM_CUT,TRAINER,1,8028,9280,86,1
32836,Purified Shadow Pearl,GEM_CUT,TRAINER,1,7626,9280,82,1
32836,Purified Shadow Pearl,GEM_CUT,TRAINER,1,7549,9280,81,1
32836,Purified Shadow Pearl,GEM_CUT,TRAINER,1,8028,9280,86,1
32836,Purified Shadow Pearl,GEM_CUT,TRAINER,1,7626,9280,82,1
32836,Purified Shadow Pearl,GEM_CUT,TRAINER,1,7549,9280,81,1
32836,Purified Shadow Pearl,GEM_CUT,TRAINER,1,8028,9280,86,1
32836,Purified Shadow Pearl,GEM_CUT,TRAINER,1,7626,9280,82,1
32836,Purified Shadow Pearl,GEM_CUT,TRAINER,1,7549,9280,81,1
32836,Purified Shadow Pearl,GEM_CUT,TRAINER,1,8028,9280,86,1
32836,Purified Shadow Pearl,GEM_CUT,TRAINER,1,7626,9280,82,1
32836,Purified Shadow Pearl,GEM_CUT,TRAINER,1,7549,9280,81,1
22448,Small Prismatic Shard,INTERMEDIATE,TRAINER,20,1,0,0,1
22448,Small Prismatic Shard,INTERMEDIATE,TRAINER,1,1,0,0,1
22448,Small Prismatic Shard,INTERMEDIATE,TRAINER,3,1,0,0,1
24268,Netherweave Net,MISC,TRAINER,18,5184,7200,72,1
22448,Small Prismatic Shard,INTERMEDIATE,TRAINER,20,1,0,0,1
22448,Small Prismatic Shard,INTERMEDIATE,TRAINER,20,1,0,0,1
22448,Small Prismatic Shard,INTERMEDIATE,TRAINER,5,1,0,0,1
21752,Thorium Setting,INTERMEDIATE,TRAINER,6,1291,1545,83,1
21752,Thorium Setting,INTERMEDIATE,TRAINER,8,1226,1545,79,1
25650,Knothide Armor Kit,MISC,TRAINER,7,17776,20000,88,1
23518,Felsteel Leggings,GEAR,DROP,1,6,8,75,1
23518,Felsteel Leggings,GEAR,DROP,1,5,8,62,1
23518,Felsteel Leggings,GEAR,DROP,1,4,8,50,1
23518,Felsteel Leggings,GEAR,DROP,1,6,8,75,1
23518,Felsteel Leggings,GEAR,DROP,1,5,8,62,1
23518,Felsteel Leggings,GEAR,DROP,1,4,8,50,1
23518,Felsteel Leggings,GEAR,DROP,1,6,8,75,1
23518,Felsteel Leggings,GEAR,DROP,1,5,8,62,1
23518,Felsteel Leggings,GEAR,DROP,1,4,8,50,1
23518,Felsteel Leggings,GEAR,DROP,1,6,8,75,1
23518,Felsteel Leggings,GEAR,DROP,1,5,8,62,1
23518,Felsteel Leggings,GEAR,DROP,1,4,8,50,1
23518,Felsteel Leggings,GEAR,DROP,1,6,8,75,1
22448,Small Prismatic Shard,INTERMEDIATE,TRAINER,20,1,0,0,1
22448,Small Prismatic Shard,INTERMEDIATE,TRAINER,12,1,0,0,1
22448,Small Prismatic Shard,INTERMEDIATE,TRAINER,4,1,0,0,1
44958,Ethereal Oil,INTERMEDIATE,TRAINER,8,64,96,66,1
44958,Ethereal Oil,INTERMEDIATE,TRAINER,2,62,96,64,1
23517,Felsteel Gloves,GEAR,DROP,1,4,6,66,1
23517,Felsteel Gloves,GEAR,DROP,1,3,6,50,1
23517,Felsteel Gloves,GEAR,DROP,1,4,6,66,1
23517,Felsteel Gloves,GEAR,DROP,1,3,6,50,1
23517,Felsteel Gloves,GEAR,DROP,1,4,6,66,1
23517,Felsteel Gloves,GEAR,DROP,1,3,6,50,1
23517,Felsteel Gloves,GEAR,DROP,1,4,6,66,1
23517,Felsteel Gloves,GEAR,DROP,1,3,6,50,1
23517,Felsteel Gloves,GEAR,DROP,1,4,6,66,1
32836,Purified Shadow Pearl,GEM_CUT,TRAINER,1,7761,9280,83,1
32836,Purified Shadow Pearl,GEM_CUT,TRAINER,1,7372,9280,79,1
32836,Purified Shadow Pearl,GEM_CUT,TRAINER,1,7761,9280,83,1
32836,Purified Shadow Pearl,GEM_CUT,TRAINER,1,7372,9280,79,1
32836,Purified Shadow Pearl,GEM_CUT,TRAINER,1,7761,9280,83,1
32836,Purified Shadow Pearl,GEM_CUT,TRAINER,1,7372,9280,79,1
32836,Purified Shadow Pearl,GEM_CUT,TRAINER,1,7761,9280,83,1
32836,Purified Shadow Pearl,GEM_CUT,TRAINER,1,7372,9280,79,1
32836,Purified Shadow Pearl,GEM_CUT,TRAINER,1,7761,9280,83,1
32836,Purified Shadow Pearl,GEM_CUT,TRAINER,1,7372,9280,79,1
32836,Purified Shadow Pearl,GEM_CUT,TRAINER,1,7761,9280,83,1
32836,Purified Shadow Pearl,GEM_CUT,TRAINER,1,7372,9280,79,1
14048,Bolt of Runecloth,INTERMEDIATE,TRAINER,1,9018,11880,75,1
14048,Bolt of Runecloth,INTERMEDIATE,TRAINER,14,8747,11880,73,1
44839,Candied Sweet Potato,FOOD,DROP,5,12,18,66,1
44839,Candied Sweet Potato,FOOD,DROP,7,11,18,61,1
44958,Ethereal Oil,INTERMEDIATE,TRAINER,2,82,96,85,1
44958,Ethereal Oil,INTERMEDIATE,TRAINER,11,78,96,81,1
8172,Cured Thick Hide,INTERMEDIATE,TRAINER,8,4056,4545,89,1
8172,Cured Thick Hide,INTERMEDIATE,TRAINER,7,4015,4545,88,1
32836,Purified Shadow Pearl,GEM_CUT,TRAINER,1,7477,9280,80,1
32836,Purified Shadow Pearl,GEM_CUT,TRAINER,1,7103,9280,76,1
32836,Purified Shadow Pearl,GEM_CUT,TRAINER,1,7477,9280,80,1
32836,Purified Shadow Pearl,GEM_CUT,TRAINER,1,7103,9280,76,1
32836,Purified Shadow Pearl,GEM_CUT,TRAINER,1,7477,9280,80,1
32836,Purified Shadow Pearl,GEM_CUT,TRAINER,1,7103,9280,76,1
32836,Purified Shadow Pearl,GEM_CUT,TRAINER,1,7477,9280,80,1
32836,Purified Shadow Pearl,GEM_CUT,TRAINER,1,7103,9280,76,1
32836,Purified Shadow Pearl,GEM_CUT,TRAINER,1,7477,9280,80,1
32836,Purified Shadow Pearl,GEM_CUT,TRAINER,1,7103,9280,76,1
32836,Purified Shadow Pearl,GEM_CUT,TRAINER,1,7477,9280,80,1
32836,Purified Shadow Pearl,GEM_CUT,TRAINER,1,7103,9280,76,1
32836,Purified Shadow Pearl,GEM_CUT,TRAINER,1,7477,9280,80,1
32836,Purified Shadow Pearl,GEM_CUT,TRAINER,1,8166,9280,87,1
32836,Purified Shadow Pearl,GEM_CUT,TRAINER,1,8002,9280,86,1
32836,Purified Shadow Pearl,GEM_CUT,TRAINER,1,8166,9280,87,1
32836,Purified Shadow Pearl,GEM_CUT,TRAINER,1,8002,9280,86,1
32836,Purified Shadow Pearl,GEM_CUT,TRAINER,1,8166,9280,87,1
32836,Purified Shadow Pearl,GEM_CUT,TRAINER,1,8002,9280,86,1
32836,Purified Shadow Pearl,GEM_CUT,TRAINER,1,8166,9280,87,1
32836,Purified Shadow Pearl,GEM_CUT,TRAINER,1,8002,9280,86,1
32836,Purified Shadow Pearl,GEM_CUT,TRAINER,1,8166,9280,87,1
32836,Purified Shadow Pearl,GEM_CUT,TRAINER,1,8002,9280,86,1
24268,Netherweave Net,MISC,TRAINER,12,5702,7200,79,1
14342,Mooncloth,INTERMEDIATE,VENDOR,8,11673,15200,76,1
14342,Mooncloth,INTERMEDIATE,VENDOR,5,11556,15200,76,1
32833,Purified Jaggal Pearl,GEM_CUT,TRAINER,1,8458,9280,91,1
32833,Purified Jaggal Pearl,GEM_CUT,TRAINER,1,8119,9280,87,1
32833,Purified Jaggal Pearl,GEM_CUT,TRAINER,1,7956,9280,85,1
32833,Purified Jaggal Pearl,GEM_CUT,TRAINER,1,8458,9280,91,1
32833,Purified Jaggal Pearl,GEM_CUT,TRAINER,1,8119,9280,87,1
32833,Purified Jaggal Pearl,GEM_CUT,TRAINER,1,7956,9280,85,1
32833,Purified Jaggal Pearl,GEM_CUT,TRAINER,1,8458,9280,91,1
32833,Purified Jaggal Pearl,GEM_CUT,TRAINER,1,8119,9280,87,1
32833,Purified Jaggal Pearl,GEM_CUT,TRAINER,1,7956,9280,85,1
32833,Purified Jaggal Pearl,GEM_CUT,TRAINER,1,8458,9280,91,1
41367,Dark Jade Focusing Lens,MISC,TRAINER,1,16268,20000,81,1
41367,Dark Jade Focusing Lens,MISC,TRAINER,1,15942,20000,79,1
41367,Dark Jade Focusing Lens,MISC,TRAINER,1,16268,20000,81,1
41367,Dark Jade Focusing Lens,MISC,TRAINER,1,15942,20000,79,1
41367,Dark Jade Focusing Lens,MISC,TRAINER,1,16268,20000,81,1
41367,Dark Jade Focusing Lens,MISC,TRAINER,1,15942,20000,79,1
41367,Dark Jade Focusing Lens,MISC,TRAINER,1,16268,20000,81,1
23518,Felsteel Leggings,GEAR,DROP,1,7,8,87,1
23518,Felsteel Leggings,GEAR,DROP,1,6,8,75,1
23518,Felsteel Leggings,GEAR,DROP,1,5,8,62,1
23518,Felsteel Leggings,GEAR,DROP,1,7,8,87,1
23518,Felsteel Leggings,GEAR,DROP,1,6,8,75,1
23518,Felsteel Leggings,GEAR,DROP,1,5,8,62,1
23518,Felsteel Leggings,GEAR,DROP,1,7,8,87,1
23518,Felsteel Leggings,GEAR,DROP,1,6,8,75,1
23518,Felsteel Leggings,GEAR,DROP,1,5,8,62,1
23518,Felsteel Leggings,GEAR,DROP,1,7,8,87,1
23518,Felsteel Leggings,GEAR,DROP,1,6,8,75,1
23518,Felsteel Leggings,GEAR,DROP,1,5,8,62,1
22448,Small Prismatic Shard,INTERMEDIATE,TRAINER,20,1,0,0,1
22448,Small Prismatic Shard,INTERMEDIATE,TRAINER,4,1,0,0,1
22448,Small Prismatic Shard,INTERMEDIATE,TRAINER,3,1,0,0,1
13506,Potion of Petrification,ELIXIR_POT,DROP,20,548,607,90,1
13506,Potion of Petrification,ELIXIR_POT,DROP,5,542,607,89,1
13506,Potion of Petrification,ELIXIR_POT,DROP,3,548,607,90,1
21752,Thorium Setting,INTERMEDIATE,TRAINER,2,1183,1545,76,1
21752,Thorium Setting,INTERMEDIATE,TRAINER,9,1171,1545,75,1
23787,Felsteel Stabilizer,INTERMEDIATE,TRAINER,3,1,2,50,1
23787,Felsteel Stabilizer,INTERMEDIATE,TRAINER,8,1,2,50,1
22448,Small Prismatic Shard,INTERMEDIATE,TRAINER,20,1,0,0,1
22448,Small Prismatic Shard,INTERMEDIATE,TRAINER,1,1,0,0,1
22448,Small Prismatic Shard,INTERMEDIATE,TRAINER,6,1,0,0,1
24268,Netherweave Net,MISC,TRAINER,16,5564,7200,77,1
3860,Mithril Bar,INTERMEDIATE,TRAINER,11,1951,1545,126,0
23519,Felsteel Helm,GEAR,DROP,1,5,8,62,1
23519,Felsteel Helm,GEAR,DROP,1,4,8,50,1
23519,Felsteel Helm,GEAR,DROP,1,5,8,62,1
23519,Felsteel Helm,GEAR,DROP,1,4,8,50,1
23519,Felsteel Helm,GEAR,DROP,1,5,8,62,1
23519,Felsteel Helm,GEAR,DROP,1,4,8,50,1
23519,Felsteel Helm,GEAR,DROP,1,5,8,62,1
23519,Felsteel Helm,GEAR,DROP,1,4,8,50,1
23519,Felsteel Helm,GEAR,DROP,1,5,8,62,1
22448,Small Prismatic Shard,INTERMEDIATE,TRAINER,20,1,0,0,1
22448,Small Prismatic Shard,INTERMEDIATE,TRAINER,20,1,0,0,1
22448,Small Prismatic Shard,INTERMEDIATE,TRAINER,1,1,0,0,1
22448,Small Prismatic Shard,INTERMEDIATE,TRAINER,1,1,0,0,1
23787,Felsteel Stabilizer,INTERMEDIATE,TRAINER,6,1,2,50,1
23787,Felsteel Stabilizer,INTERMEDIATE,TRAINER,5,1,2,50,1
44958,Ethereal Oil,INTERMEDIATE,TRAINER,5,76,96,79,1
44958,Ethereal Oil,INTERMEDIATE,TRAINER,10,72,96,75,1
24268,Netherweave Net,MISC,TRAINER,16,5745,7200,79,1
23785,Hardened Adamantite Tube,INTERMEDIATE,TRAINER,8,1,3,33,1
23785,Hardened Adamantite Tube,INTERMEDIATE,TRAINER,4,1,3,33,1
21862,Imbued Netherweave Tunic,GEAR,VENDOR,1,55033,65006,84,1
21862,Imbued Netherweave Tunic,GEAR,VENDOR,1,52281,65006,80,1
21862,Imbued Netherweave Tunic,GEAR,VENDOR,1,50712,65006,78,1
21862,Imbued Netherweave Tunic,GEAR,VENDOR,1,48176,65006,74,1
21862,Imbued Netherweave Tunic,GEAR,VENDOR,1,55033,65006,84,1
21862,Imbued Netherweave Tunic,GEAR,VENDOR,1,52281,65006,80,1
21862,Imbued Netherweave Tunic,GEAR,VENDOR,1,50712,65006,78,1
21862,Imbued Netherweave Tunic,GEAR,VENDOR,1,48176,65006,74,1
21862,Imbued Netherweave Tunic,GEAR,VENDOR,1,55033,65006,84,1
21862,Imbued Netherweave Tunic,GEAR,VENDOR,1,52281,65006,80,1
21862,Imbued Netherweave Tunic,GEAR,VENDOR,1,50712,65006,78,1
21862,Imbued Netherweave Tunic,GEAR,VENDOR,1,48176,65006,74,1
44958,Ethereal Oil,INTERMEDIATE,TRAINER,8,67,96,69,1
13423,Stonescale Oil,INTERMEDIATE,TRAINER,2,75,102,73,1
13423,Stonescale Oil,INTERMEDIATE,TRAINER,3,72,102,70,1
32833,Purified Jaggal Pearl,GEM_CUT,TRAINER,1,7148,9280,77,1
32833,Purified Jaggal Pearl,GEM_CUT,TRAINER,1,6933,9280,74,1
32833,Purified Jaggal Pearl,GEM_CUT,TRAINER,1,6655,9280,71,1
32833,Purified Jaggal Pearl,GEM_CUT,TRAINER,1,6388,9280,68,1
32833,Purified Jaggal Pearl,GEM_CUT,TRAINER,1,7148,9280,77,1
32833,Purified Jaggal Pearl,GEM_CUT,TRAINER,1,6933,9280,74,1
32833,Purified Jaggal Pearl,GEM_CUT,TRAINER,1,6655,9280,71,1
32833,Purified Jaggal Pearl,GEM_CUT,TRAINER,1,6388,9280,68,1
24270,Bag of Jewels,BAG,VENDOR,1,15843,20006,79,1
24270,Bag of Jewels,BAG,VENDOR,1,15367,20006,76,1
24270,Bag of Jewels,BAG,VENDOR,1,15213,20006,76,1
24270,Bag of Jewels,BAG,VENDOR,1,14452,20006,72,1
24270,Bag of Jewels,BAG,VENDOR,1,15843,20006,79,1
24270,Bag of Jewels,BAG,VENDOR,1,15367,20006,76,1
24270,Bag of Jewels,BAG,VENDOR,1,15213,20006,76,1
24270,Bag of Jewels,BAG,VENDOR,1,14452,20006,72,1
24270,Bag of Jewels,BAG,VENDOR,1,15843,20006,79,1
24270,Bag of Jewels,BAG,VENDOR,1,15367,20006,76,1
24270,Bag of Jewels,BAG,VENDOR,1,15213,20006,76,1
24270,Bag of Jewels,BAG,VENDOR,1,14452,20006,72,1
24270,Bag of Jewels,BAG,VENDOR,1,15843,20006,79,1
24270,Bag of Jewels,BAG,VENDOR,1,15367,20006,76,1
24270,Bag of Jewels,BAG,VENDOR,1,15213,20006,76,1
24268,Netherweave Net,MISC,TRAINER,18,5054,7200,70,1
21752,Thorium Setting,INTERMEDIATE,TRAINER,7,1331,1545,86,1
21752,Thorium Setting,INTERMEDIATE,TRAINER,6,1277,1545,82,1
22448,Small Prismatic Shard,INTERMEDIATE,TRAINER,20,1,0,0,1
22448,Small Prismatic Shard,INTERMEDIATE,TRAINER,20,1,0,0,1
22448,Small Prismatic Shard,INTERMEDIATE,TRAINER,2,1,0,0,1
22448,Small Prismatic Shard,INTERMEDIATE,TRAINER,3,1,0,0,1
24268,Netherweave Net,MISC,TRAINER,12,6687,7200,92,1
24268,Netherweave Net,MISC,TRAINER,20,5564,7200,77,1
24268,Netherweave Net,MISC,TRAINER,8,5508,7200,76,1
23449,Khorium Bar,INTERMEDIATE,TRAINER,13,31512,40000,78,1
23449,Khorium Bar,INTERMEDIATE,TRAINER,1,30251,40000,75,1
21872,Ebon Shadowbag,BAG,VENDOR,1,526360,408000,129,0
8544,Mageweave Bandage,MISC,TRAINER,10,778,1010,77,1
20963,Mithril Filigree,INTERMEDIATE,TRAINER,7,2164,3012,71,1
20963,Mithril Filigree,INTERMEDIATE,TRAINER,5,2120,3012,70,1
6371,Fire Oil,INTERMEDIATE,TRAINER,15,60,64,93,1
23517,Felsteel Gloves,GEAR,DROP,1,5,6,83,1
23517,Felsteel Gloves,GEAR,DROP,1,4,6,66,1
23517,Felsteel Gloves,GEAR,DROP,1,5,6,83,1
23517,Felsteel Gloves,GEAR,DROP,1,4,6,66,1
23517,Felsteel Gloves,GEAR,DROP,1,5,6,83,1
23517,Felsteel Gloves,GEAR,DROP,1,4,6,66,1
23517,Felsteel Gloves,GEAR,DROP,1,5,6,83,1
23517,Felsteel Gloves,GEAR,DROP,1,4,6,66,1
23517,Felsteel Gloves,GEAR,DROP,1,5,6,83,1
23517,Felsteel Gloves,GEAR,DROP,1,4,6,66,1
23517,Felsteel Gloves,GEAR,DROP,1,5,6,83,1
32836,Purified Shadow Pearl,GEM_CUT,TRAINER,1,6299,9280,67,1
32836,Purified Shadow Pearl,GEM_CUT,TRAINER,1,5984,9280,64,1
32836,Purified Shadow Pearl,GEM_CUT,TRAINER,1,6299,9280,67,1
32836,Purified Shadow Pearl,GEM_CUT,TRAINER,1,5984,9280,64,1
32836,Purified Shadow Pearl,GEM_CUT,TRAINER,1,6299,9280,67,1
32836,Purified Shadow Pearl,GEM_CUT,TRAINER,1,5984,9280,64,1
32836,Purified Shadow Pearl,GEM_CUT,TRAINER,1,6299,9280,67,1
32836,Purified Shadow Pearl,GEM_CUT,TRAINER,1,5984,9280,64,1
32836,Purified Shadow Pearl,GEM_CUT,TRAINER,1,6299,9280,67,1
32836,Purified Shadow Pearl,GEM_CUT,TRAINER,1,5984,9280,64,1
32836,Purified Shadow Pearl,GEM_CUT,TRAINER,1,6299,9280,67,1
32836,Purified Shadow Pearl,GEM_CUT,TRAINER,1,5984,9280,64,1
32836,Purified Shadow Pearl,GEM_CUT,TRAINER,1,6299,9280,67,1
44958,Ethereal Oil,INTERMEDIATE,TRAINER,6,89,96,92,1
23447,Eternium Bar,INTERMEDIATE,TRAINER,5,18746,20000,93,1
44958,Ethereal Oil,INTERMEDIATE,TRAINER,9,94,96,97,1
44958,Ethereal Oil,INTERMEDIATE,TRAINER,6,89,96,92,1
4339,Bolt of Mageweave,INTERMEDIATE,TRAINER,10,3538,5050,70,1
22445,Arcane Dust,INTERMEDIATE,UNSOURCED,20,4183,5013,83,1
22445,Arcane Dust,INTERMEDIATE,UNSOURCED,7,4141,5013,82,1
44958,Ethereal Oil,INTERMEDIATE,TRAINER,3,76,96,79,1
44958,Ethereal Oil,INTERMEDIATE,TRAINER,10,75,96,78,1
22448,Small Prismatic Shard,INTERMEDIATE,TRAINER,8,1,0,0,1
22448,Small Prismatic Shard,INTERMEDIATE,TRAINER,10,1,0,0,1
23519,Felsteel Helm,GEAR,DROP,1,5,8,62,1
23519,Felsteel Helm,GEAR,DROP,1,4,8,50,1
23519,Felsteel Helm,GEAR,DROP,1,4,8,50,1
23519,Felsteel Helm,GEAR,DROP,1,4,8,50,1
23519,Felsteel Helm,GEAR,DROP,1,5,8,62,1
23519,Felsteel Helm,GEAR,DROP,1,4,8,50,1
23519,Felsteel Helm,GEAR,DROP,1,4,8,50,1
23519,Felsteel Helm,GEAR,DROP,1,4,8,50,1
23519,Felsteel Helm,GEAR,DROP,1,5,8,62,1
23519,Felsteel Helm,GEAR,DROP,1,4,8,50,1
23519,Felsteel Helm,GEAR,DROP,1,4,8,50,1
23519,Felsteel Helm,GEAR,DROP,1,4,8,50,1
23519,Felsteel Helm,GEAR,DROP,1,5,8,62,1
23519,Felsteel Helm,GEAR,DROP,1,4,8,50,1
22448,Small Prismatic Shard,INTERMEDIATE,TRAINER,2,1,0,0,1
22448,Small Prismatic Shard,INTERMEDIATE,TRAINER,16,1,0,0,1
5966,Guardian Gloves,GEAR,TRAINER,1,3971,4183,94,1
5966,Guardian Gloves,GEAR,TRAINER,1,3931,4183,93,1
5966,Guardian Gloves,GEAR,TRAINER,1,3971,4183,94,1
5966,Guardian Gloves,GEAR,TRAINER,1,3931,4183,93,1
5966,Guardian Gloves,GEAR,TRAINER,1,3971,4183,94,1
5966,Guardian Gloves,GEAR,TRAINER,1,3931,4183,93,1
5966,Guardian Gloves,GEAR,TRAINER,1,3971,4183,94,1
5966,Guardian Gloves,GEAR,TRAINER,1,3931,4183,93,1
5966,Guardian Gloves,GEAR,TRAINER,1,3971,4183,94,1
5966,Guardian Gloves,GEAR,TRAINER,1,3931,4183,93,1
5966,Guardian Gloves,GEAR,TRAINER,1,3971,4183,94,1
5966,Guardian Gloves,GEAR,TRAINER,1,3931,4183,93,1
5966,Guardian Gloves,GEAR,TRAINER,1,3971,4183,94,1
5966,Guardian Gloves,GEAR,TRAINER,1,3931,4183,93,1
5966,Guardian Gloves,GEAR,TRAINER,1,3971,4183,94,1
24270,Bag of Jewels,BAG,VENDOR,1,17605,20006,87,1
24270,Bag of Jewels,BAG,VENDOR,1,16900,20006,84,1
24270,Bag of Jewels,BAG,VENDOR,1,17605,20006,87,1
24270,Bag of Jewels,BAG,VENDOR,1,16900,20006,84,1
24270,Bag of Jewels,BAG,VENDOR,1,17605,20006,87,1
24270,Bag of Jewels,BAG,VENDOR,1,16900,20006,84,1
24270,Bag of Jewels,BAG,VENDOR,1,17605,20006,87,1
24270,Bag of Jewels,BAG,VENDOR,1,16900,20006,84,1
24270,Bag of Jewels,BAG,VENDOR,1,17605,20006,87,1
24270,Bag of Jewels,BAG,VENDOR,1,16900,20006,84,1
24270,Bag of Jewels,BAG,VENDOR,1,17605,20006,87,1
6239,Red Linen Vest,GEAR,DROP,1,283,396,71,1
6239,Red Linen Vest,GEAR,DROP,1,280,396,70,1
6239,Red Linen Vest,GEAR,DROP,1,266,396,67,1
6239,Red Linen Vest,GEAR,DROP,1,258,396,65,1
6239,Red Linen Vest,GEAR,DROP,1,283,396,71,1
6239,Red Linen Vest,GEAR,DROP,1,280,396,70,1
6239,Red Linen Vest,GEAR,DROP,1,266,396,67,1
6239,Red Linen Vest,GEAR,DROP,1,258,396,65,1
6239,Red Linen Vest,GEAR,DROP,1,283,396,71,1
6239,Red Linen Vest,GEAR,DROP,1,280,396,70,1
6239,Red Linen Vest,GEAR,DROP,1,266,396,67,1
6239,Red Linen Vest,GEAR,DROP,1,258,396,65,1
6239,Red Linen Vest,GEAR,DROP,1,283,396,71,1
6239,Red Linen Vest,GEAR,DROP,1,280,396,70,1
6239,Red Linen Vest,GEAR,DROP,1,266,396,67,1
23785,Hardened Adamantite Tube,INTERMEDIATE,TRAINER,6,2,3,66,1
23785,Hardened Adamantite Tube,INTERMEDIATE,TRAINER,2,1,3,33,1
14342,Mooncloth,INTERMEDIATE,VENDOR,6,10287,15200,67,1
14342,Mooncloth,INTERMEDIATE,VENDOR,7,9772,15200,64,1
44958,Ethereal Oil,INTERMEDIATE,TRAINER,7,72,96,75,1
44958,Ethereal Oil,INTERMEDIATE,TRAINER,2,69,96,71,1
3531,Heavy Wool Bandage,MISC,TRAINER,12,220,272,80,1
22448,Small Prismatic Shard,INTERMEDIATE,TRAINER,20,1,0,0,1
22448,Small Prismatic Shard,INTERMEDIATE,TRAINER,3,1,0,0,1
22448,Small Prismatic Shard,INTERMEDIATE,TRAINER,10,1,0,0,1
24270,Bag of Jewels,BAG,VENDOR,1,18418,20006,92,1
24270,Bag of Jewels,BAG,VENDOR,1,17497,20006,87,1
24270,Bag of Jewels,BAG,VENDOR,1,16797,20006,83,1
24270,Bag of Jewels,BAG,VENDOR,1,16461,20006,82,1
24270,Bag of Jewels,BAG,VENDOR,1,18418,20006,92,1
24270,Bag of Jewels,BAG,VENDOR,1,17497,20006,87,1
24270,Bag of Jewels,BAG,VENDOR,1,16797,20006,83,1
24270,Bag of Jewels,BAG,VENDOR,1,16461,20006,82,1
24269,Heavy Netherweave Net,MISC,UNSOURCED,20,11923,14400,82,1
24269,Heavy Netherweave Net,MISC,UNSOURCED,10,11684,14400,81,1
32836,Purified Shadow Pearl,GEM_CUT,TRAINER,1,8676,9280,93,1
32836,Purified Shadow Pearl,GEM_CUT,TRAINER,1,8242,9280,88,1
32836,Purified Shadow Pearl,GEM_CUT,TRAINER,1,8159,9280,87,1
32836,Purified Shadow Pearl,GEM_CUT,TRAINER,1,7751,9280,83,1
32836,Purified Shadow Pearl,GEM_CUT,TRAINER,1,8676,9280,93,1
32836,Purified Shadow Pearl,GEM_CUT,TRAINER,1,8242,9280,88,1
22448,Small Prismatic Shard,INTERMEDIATE,TRAINER,20,1,0,0,1
22448,Small Prismatic Shard,INTERMEDIATE,TRAINER,4,1,0,0,1
22448,Small Prismatic Shard,INTERMEDIATE,TRAINER,6,1,0,0,1
24270,Bag of Jewels,BAG,VENDOR,1,17434,20006,87,1
24270,Bag of Jewels,BAG,VENDOR,1,17085,20006,85,1
24270,Bag of Jewels,BAG,VENDOR,1,16230,20006,81,1
24270,Bag of Jewels,BAG,VENDOR,1,15905,20006,79,1
24270,Bag of Jewels,BAG,VENDOR,1,17434,20006,87,1
24269,Heavy Netherweave Net,MISC,UNSOURCED,12,10108,14400,70,1
22573,Mote of Earth,INTERMEDIATE,TRAINER,10,3313,3200,103,0
22573,Mote of Earth,INTERMEDIATE,TRAINER,10,3279,3200,102,0
22573,Mote of Earth,INTERMEDIATE,TRAINER,10,3313,3200,103,0
22573,Mote of Earth,INTERMEDIATE,TRAINER,10,3279,3200,102,0
22573,Mote of Earth,INTERMEDIATE,TRAINER,10,3313,3200,103,0
22573,Mote of Earth,INTERMEDIATE,TRAINER,10,3279,3200,102,0
22573,Mote of Earth,INTERMEDIATE,TRAINER,10,3313,3200,103,0
22573,Mote of Earth,INTERMEDIATE,TRAINER,10,3279,3200,102,0
22573,Mote of Earth,INTERMEDIATE,TRAINER,10,3313,3200,103,0
22573,Mote of Earth,INTERMEDIATE,TRAINER,10,3279,3200,102,0
22573,Mote of Earth,INTERMEDIATE,TRAINER,10,3313,3200,103,0
22573,Mote of Earth,INTERMEDIATE,TRAINER,10,3279,3200,102,0
22573,Mote of Earth,INTERMEDIATE,TRAINER,10,3313,3200,103,0
22573,Mote of Earth,INTERMEDIATE,TRAINER,10,3279,3200,102,0
22573,Mote of Earth,INTERMEDIATE,TRAINER,1,3313,3200,103,0
22573,Mote of Earth,INTERMEDIATE,TRAINER,9,3279,3200,102,0
5966,Guardian Gloves,GEAR,TRAINER,1,3602,4183,86,1
5966,Guardian Gloves,GEAR,TRAINER,1,3529,4183,84,1
5966,Guardian Gloves,GEAR,TRAINER,1,3423,4183,81,1
5966,Guardian Gloves,GEAR,TRAINER,1,3320,4183,79,1
5966,Guardian Gloves,GEAR,TRAINER,1,3602,4183,86,1
14048,Bolt of Runecloth,INTERMEDIATE,TRAINER,8,11761,11880,98,1
14048,Bolt of Runecloth,INTERMEDIATE,TRAINER,2,11290,11880,95,1
24268,Netherweave Net,MISC,TRAINER,18,7076,7200,98,1
4304,Thick Leather,INTERMEDIATE,TRAINER,2,3111,3636,85,1
4304,Thick Leather,INTERMEDIATE,TRAINER,3,2955,3636,81,1
32836,Purified Shadow Pearl,GEM_CUT,TRAINER,1,9080,9280,97,1
32836,Purified Shadow Pearl,GEM_CUT,TRAINER,1,8716,9280,93,1
32836,Purified Shadow Pearl,GEM_CUT,TRAINER,1,9080,9280,97,1
32836,Purified Shadow Pearl,GEM_CUT,TRAINER,1,8716,9280,93,1
32836,Purified Shadow Pearl,GEM_CUT,TRAINER,1,9080,9280,97,1
32836,Purified Shadow Pearl,GEM_CUT,TRAINER,1,8716,9280,93,1
32836,Purified Shadow Pearl,GEM_CUT,TRAINER,1,9080,9280,97,1
32836,Purified Shadow Pearl,GEM_CUT,TRAINER,1,8716,9280,93,1
3577,Gold Bar,INTERMEDIATE,TRAINER,2,4848,3760,128,0
3577,Gold Bar,INTERMEDIATE,TRAINER,6,4702,3760,125,0
10008,White Bandit Mask,GEAR,DROP,1,4377,6023,72,1
10008,White Bandit Mask,GEAR,DROP,1,4289,6023,71,1
10008,White Bandit Mask,GEAR,DROP,1,4160,6023,69,1
10008,White Bandit Mask,GEAR,DROP,1,3952,6023,65,1
10008,White Bandit Mask,GEAR,DROP,1,4377,6023,72,1
10008,White Bandit Mask,GEAR,DROP,1,4289,6023,71,1
10008,White Bandit Mask,GEAR,DROP,1,4160,6023,69,1
10008,White Bandit Mask,GEAR,DROP,1,3952,6023,65,1
10008,White Bandit Mask,GEAR,DROP,1,4377,6023,72,1
32836,Purified Shadow Pearl,GEM_CUT,TRAINER,1,7616,9280,82,1
32836,Purified Shadow Pearl,GEM_CUT,TRAINER,1,7235,9280,77,1
32836,Purified Shadow Pearl,GEM_CUT,TRAINER,1,7616,9280,82,1
32836,Purified Shadow Pearl,GEM_CUT,TRAINER,1,7235,9280,77,1
32836,Purified Shadow Pearl,GEM_CUT,TRAINER,1,7616,9280,82,1
32836,Purified Shadow Pearl,GEM_CUT,TRAINER,1,7235,9280,77,1
23517,Felsteel Gloves,GEAR,DROP,1,5,6,83,1
23517,Felsteel Gloves,GEAR,DROP,1,4,6,66,1
23517,Felsteel Gloves,GEAR,DROP,1,3,6,50,1
23517,Felsteel Gloves,GEAR,DROP,1,5,6,83,1
23517,Felsteel Gloves,GEAR,DROP,1,4,6,66,1
23517,Felsteel Gloves,GEAR,DROP,1,3,6,50,1
23517,Felsteel Gloves,GEAR,DROP,1,5,6,83,1
23517,Felsteel Gloves,GEAR,DROP,1,4,6,66,1
23517,Felsteel Gloves,GEAR,DROP,1,3,6,50,1
23517,Felsteel Gloves,GEAR,DROP,1,5,6,83,1
23517,Felsteel Gloves,GEAR,DROP,1,4,6,66,1
23517,Felsteel Gloves,GEAR,DROP,1,3,6,50,1
23517,Felsteel Gloves,GEAR,DROP,1,5,6,83,1
23517,Felsteel Gloves,GEAR,DROP,1,4,6,66,1
24268,Netherweave Net,MISC,TRAINER,20,5557,7200,77,1
24268,Netherweave Net,MISC,TRAINER,2,5445,7200,75,1
23519,Felsteel Helm,GEAR,DROP,1,6,8,75,1
23519,Felsteel Helm,GEAR,DROP,1,5,8,62,1
23519,Felsteel Helm,GEAR,DROP,1,4,8,50,1
23519,Felsteel Helm,GEAR,DROP,1,4,8,50,1
23519,Felsteel Helm,GEAR,DROP,1,6,8,75,1
18251,Core Armor Kit,MISC,DROP,7,24038,28000,85,1
32833,Purified Jaggal Pearl,GEM_CUT,TRAINER,1,8528,9280,91,1
32833,Purified Jaggal Pearl,GEM_CUT,TRAINER,1,8186,9280,88,1
32833,Purified Jaggal Pearl,GEM_CUT,TRAINER,1,8022,9280,86,1
32833,Purified Jaggal Pearl,GEM_CUT,TRAINER,1,8528,9280,91,1
32833,Purified Jaggal Pearl,GEM_CUT,TRAINER,1,8186,9280,88,1
32833,Purified Jaggal Pearl,GEM_CUT,TRAINER,1,8022,9280,86,1
32833,Purified Jaggal Pearl,GEM_CUT,TRAINER,1,8528,9280,91,1
32833,Purified Jaggal Pearl,GEM_CUT,TRAINER,1,8186,9280,88,1
32833,Purified Jaggal Pearl,GEM_CUT,TRAINER,1,8022,9280,86,1
32833,Purified Jaggal Pearl,GEM_CUT,TRAINER,1,8528,9280,91,1
32833,Purified Jaggal Pearl,GEM_CUT,TRAINER,1,8186,9280,88,1
32833,Purified Jaggal Pearl,GEM_CUT,TRAINER,1,8022,9280,86,1
32833,Purified Jaggal Pearl,GEM_CUT,TRAINER,1,8528,9280,91,1
32833,Purified Jaggal Pearl,GEM_CUT,TRAINER,1,8186,9280,88,1
44958,Ethereal Oil,INTERMEDIATE,TRAINER,8,79,96,82,1
44958,Ethereal Oil,INTERMEDIATE,TRAINER,1,78,96,81,1
32833,Purified Jaggal Pearl,GEM_CUT,TRAINER,1,8697,9280,93,1
32833,Purified Jaggal Pearl,GEM_CUT,TRAINER,1,8436,9280,90,1
32833,Purified Jaggal Pearl,GEM_CUT,TRAINER,1,8697,9280,93,1
32833,Purified Jaggal Pearl,GEM_CUT,TRAINER,1,8436,9280,90,1
32833,Purified Jaggal Pearl,GEM_CUT,TRAINER,1,8697,9280,93,1
32833,Purified Jaggal Pearl,GEM_CUT,TRAINER,1,8436,9280,90,1
32833,Purified Jaggal Pearl,GEM_CUT,TRAINER,1,8697,9280,93,1
32833,Purified Jaggal Pearl,GEM_CUT,TRAINER,1,8436,9280,90,1
32833,Purified Jaggal Pearl,GEM_CUT,TRAINER,1,8697,9280,93,1
23519,Felsteel Helm,GEAR,DROP,1,5,8,62,1
23519,Felsteel Helm,GEAR,DROP,1,4,8,50,1
23519,Felsteel Helm,GEAR,DROP,1,4,8,50,1
23519,Felsteel Helm,GEAR,DROP,1,4,8,50,1
23519,Felsteel Helm,GEAR,DROP,1,5,8,62,1
23519,Felsteel Helm,GEAR,DROP,1,4,8,50,1
23519,Felsteel Helm,GEAR,DROP,1,4,8,50,1
23519,Felsteel Helm,GEAR,DROP,1,4,8,50,1
23519,Felsteel Helm,GEAR,DROP,1,5,8,62,1
23519,Felsteel Helm,GEAR,DROP,1,4,8,50,1
23519,Felsteel Helm,GEAR,DROP,1,4,8,50,1
23519,Felsteel Helm,GEAR,DROP,1,4,8,50,1
23519,Felsteel Helm,GEAR,DROP,1,5,8,62,1
23519,Felsteel Helm,GEAR,DROP,1,4,8,50,1
23519,Felsteel Helm,GEAR,DROP,1,4,8,50,1
5966,Guardian Gloves,GEAR,TRAINER,1,3806,4183,90,1
5966,Guardian Gloves,GEAR,TRAINER,1,3653,4183,87,1
5966,Guardian Gloves,GEAR,TRAINER,1,3806,4183,90,1
5966,Guardian Gloves,GEAR,TRAINER,1,3653,4183,87,1
5966,Guardian Gloves,GEAR,TRAINER,1,3806,4183,90,1
5966,Guardian Gloves,GEAR,TRAINER,1,3653,4183,87,1
5966,Guardian Gloves,GEAR,TRAINER,1,3806,4183,90,1
5966,Guardian Gloves,GEAR,TRAINER,1,3653,4183,87,1
5966,Guardian Gloves,GEAR,TRAINER,1,3806,4183,90,1
5966,Guardian Gloves,GEAR,TRAINER,1,3653,4183,87,1
5966,Guardian Gloves,GEAR,TRAINER,1,3806,4183,90,1
5966,Guardian Gloves,GEAR,TRAINER,1,3653,4183,87,1
5966,Guardian Gloves,GEAR,TRAINER,1,3806,4183,90,1
5966,Guardian Gloves,GEAR,TRAINER,1,3653,4183,87,1
23517,Felsteel Gloves,GEAR,DROP,1,4,6,66,1
23517,Felsteel Gloves,GEAR,DROP,1,3,6,50,1
23517,Felsteel Gloves,GEAR,DROP,1,3,6,50,1
23517,Felsteel Gloves,GEAR,DROP,1,3,6,50,1
23517,Felsteel Gloves,GEAR,DROP,1,4,6,66,1
23517,Felsteel Gloves,GEAR,DROP,1,3,6,50,1
23517,Felsteel Gloves,GEAR,DROP,1,3,6,50,1
23517,Felsteel Gloves,GEAR,DROP,1,3,6,50,1
23517,Felsteel Gloves,GEAR,DROP,1,4,6,66,1
23517,Felsteel Gloves,GEAR,DROP,1,3,6,50,1
23517,Felsteel Gloves,GEAR,DROP,1,3,6,50,1
23517,Felsteel Gloves,GEAR,DROP,1,3,6,50,1
23517,Felsteel Gloves,GEAR,DROP,1,4,6,66,1
22445,Arcane Dust,INTERMEDIATE,UNSOURCED,20,4691,5013,93,1
22445,Arcane Dust,INTERMEDIATE,UNSOURCED,20,4503,5013,89,1
22445,Arcane Dust,INTERMEDIATE,UNSOURCED,1,4412,5013,88,1
22445,Arcane Dust,INTERMEDIATE,UNSOURCED,1,4691,5013,93,1
25650,Knothide Armor Kit,MISC,TRAINER,9,16490,20000,82,1
14048,Bolt of Runecloth,INTERMEDIATE,TRAINER,5,10617,11880,89,1
14048,Bolt of Runecloth,INTERMEDIATE,TRAINER,5,10192,11880,85,1
3575,Iron Bar,INTERMEDIATE,TRAINER,15,843,900,93,1
21887,Knothide Leather,INTERMEDIATE,TRAINER,4,5538,7500,73,1
21887,Knothide Leather,INTERMEDIATE,TRAINER,1,5316,7500,70,1
32836,Purified Shadow Pearl,GEM_CUT,TRAINER,1,8280,9280,89,1
32836,Purified Shadow Pearl,GEM_CUT,TRAINER,1,7948,9280,85,1
32836,Purified Shadow Pearl,GEM_CUT,TRAINER,1,8280,9280,89,1
32836,Purified Shadow Pearl,GEM_CUT,TRAINER,1,7948,9280,85,1
32836,Purified Shadow Pearl,GEM_CUT,TRAINER,1,8280,9280,89,1
32836,Purified Shadow Pearl,GEM_CUT,TRAINER,1,7948,9280,85,1
32836,Purified Shadow Pearl,GEM_CUT,TRAINER,1,8280,9280,89,1
32836,Purified Shadow Pearl,GEM_CUT,TRAINER,1,7948,9280,85,1
32836,Purified Shadow Pearl,GEM_CUT,TRAINER,1,8280,9280,89,1
32836,Purified Shadow Pearl,GEM_CUT,TRAINER,1,7948,9280,85,1
23517,Felsteel Gloves,GEAR,DROP,1,4,6,66,1
23517,Felsteel Gloves,GEAR,DROP,1,3,6,50,1
23517,Felsteel Gloves,GEAR,DROP,1,3,6,50,1
23517,Felsteel Gloves,GEAR,DROP,1,4,6,66,1
23517,Felsteel Gloves,GEAR,DROP,1,3,6,50,1
23517,Felsteel Gloves,GEAR,DROP,1,3,6,50,1
23517,Felsteel Gloves,GEAR,DROP,1,4,6,66,1
23517,Felsteel Gloves,GEAR,DROP,1,3,6,50,1
23517,Felsteel Gloves,GEAR,DROP,1,3,6,50,1
23517,Felsteel Gloves,GEAR,DROP,1,4,6,66,1
23517,Felsteel Gloves,GEAR,DROP,1,3,6,50,1
23517,Felsteel Gloves,GEAR,DROP,1,3,6,50,1
23517,Felsteel Gloves,GEAR,DROP,1,4,6,66,1
22448,Small Prismatic Shard,INTERMEDIATE,TRAINER,20,1,0,0,1
22448,Small Prismatic Shard,INTERMEDIATE,TRAINER,2,1,0,0,1
22448,Small Prismatic Shard,INTERMEDIATE,TRAINER,2,1,0,0,1
32836,Purified Shadow Pearl,GEM_CUT,TRAINER,1,6948,9280,74,1
32836,Purified Shadow Pearl,GEM_CUT,TRAINER,1,6878,9280,74,1
32836,Purified Shadow Pearl,GEM_CUT,TRAINER,1,6534,9280,70,1
32836,Purified Shadow Pearl,GEM_CUT,TRAINER,1,6337,9280,68,1
32836,Purified Shadow Pearl,GEM_CUT,TRAINER,1,6948,9280,74,1
32836,Purified Shadow Pearl,GEM_CUT,TRAINER,1,6878,9280,74,1
32836,Purified Shadow Pearl,GEM_CUT,TRAINER,1,6534,9280,70,1
32836,Purified Shadow Pearl,GEM_CUT,TRAINER,1,6337,9280,68,1
32836,Purified Shadow Pearl,GEM_CUT,TRAINER,1,6948,9280,74,1
32836,Purified Shadow Pearl,GEM_CUT,TRAINER,1,6878,9280,74,1
32836,Purified Shadow Pearl,GEM_CUT,TRAINER,1,6534,9280,70,1
32836,Purified Shadow Pearl,GEM_CUT,TRAINER,1,6337,9280,68,1
32836,Purified Shadow Pearl,GEM_CUT,TRAINER,1,6948,9280,74,1
32836,Purified Shadow Pearl,GEM_CUT,TRAINER,1,6878,9280,74,1
22448,Small Prismatic Shard,INTERMEDIATE,TRAINER,20,1,0,0,1
22448,Small Prismatic Shard,INTERMEDIATE,TRAINER,6,1,0,0,1
22448,Small Prismatic Shard,INTERMEDIATE,TRAINER,7,1,0,0,1
23787,Felsteel Stabilizer,INTERMEDIATE,TRAINER,5,1,2,50,1
23518,Felsteel Leggings,GEAR,DROP,1,5,8,62,1
23518,Felsteel Leggings,GEAR,DROP,1,4,8,50,1
23518,Felsteel Leggings,GEAR,DROP,1,4,8,50,1
23518,Felsteel Leggings,GEAR,DROP,1,4,8,50,1
23518,Felsteel Leggings,GEAR,DROP,1,5,8,62,1
23518,Felsteel Leggings,GEAR,DROP,1,4,8,50,1
23518,Felsteel Leggings,GEAR,DROP,1,4,8,50,1
23518,Felsteel Leggings,GEAR,DROP,1,4,8,50,1
22448,Small Prismatic Shard,INTERMEDIATE,TRAINER,20,1,0,0,1
22448,Small Prismatic Shard,INTERMEDIATE,TRAINER,15,1,0,0,1
22448,Small Prismatic Shard,INTERMEDIATE,TRAINER,4,1,0,0,1
22573,Mote of Earth,INTERMEDIATE,TRAINER,10,3587,3200,112,0
22573,Mote of Earth,INTERMEDIATE,TRAINER,10,3443,3200,107,0
22573,Mote of Earth,INTERMEDIATE,TRAINER,10,3270,3200,102,0
22573,Mote of Earth,INTERMEDIATE,TRAINER,10,3587,3200,112,0
22573,Mote of Earth,INTERMEDIATE,TRAINER,2,3443,3200,107,0
22573,Mote of Earth,INTERMEDIATE,TRAINER,8,3270,3200,102,0
23446,Adamantite Bar,INTERMEDIATE,TRAINER,5,16587,18000,92,1
23446,Adamantite Bar,INTERMEDIATE,TRAINER,5,15757,18000,87,1
22448,Small Prismatic Shard,INTERMEDIATE,TRAINER,20,1,0,0,1
22448,Small Prismatic Shard,INTERMEDIATE,TRAINER,14,1,0,0,1
22448,Small Prismatic Shard,INTERMEDIATE,TRAINER,2,1,0,0,1
44958,Ethereal Oil,INTERMEDIATE,TRAINER,6,71,96,73,1
44958,Ethereal Oil,INTERMEDIATE,TRAINER,8,67,96,69,1
24268,Netherweave Net,MISC,TRAINER,20,6226,7200,86,1
24268,Netherweave Net,MISC,TRAINER,2,6163,7200,85,1
23787,Felsteel Stabilizer,INTERMEDIATE,TRAINER,7,1,2,50,1
23787,Felsteel Stabilizer,INTERMEDIATE,TRAINER,1,1,2,50,1
32836,Purified Shadow Pearl,GEM_CUT,TRAINER,1,8379,9280,90,1
32836,Purified Shadow Pearl,GEM_CUT,TRAINER,1,8295,9280,89,1
32836,Purified Shadow Pearl,GEM_CUT,TRAINER,1,7963,9280,85,1
32836,Purified Shadow Pearl,GEM_CUT,TRAINER,1,8379,9280,90,1
32836,Purified Shadow Pearl,GEM_CUT,TRAINER,1,8295,9280,89,1
32836,Purified Shadow Pearl,GEM_CUT,TRAINER,1,7963,9280,85,1
32836,Purified Shadow Pearl,GEM_CUT,TRAINER,1,8379,9280,90,1
32836,Purified Shadow Pearl,GEM_CUT,TRAINER,1,8295,9280,89,1
44958,Ethereal Oil,INTERMEDIATE,TRAINER,4,77,96,80,1
44958,Ethereal Oil,INTERMEDIATE,TRAINER,7,73,96,76,1
23518,Felsteel Leggings,GEAR,DROP,1,6,8,75,1
23518,Felsteel Leggings,GEAR,DROP,1,5,8,62,1
23518,Felsteel Leggings,GEAR,DROP,1,4,8,50,1
23518,Felsteel Leggings,GEAR,DROP,1,6,8,75,1
23518,Felsteel Leggings,GEAR,DROP,1,5,8,62,1
23518,Felsteel Leggings,GEAR,DROP,1,4,8,50,1
23518,Felsteel Leggings,GEAR,DROP,1,6,8,75,1
23518,Felsteel Leggings,GEAR,DROP,1,5,8,62,1
23518,Felsteel Leggings,GEAR,DROP,1,4,8,50,1
23518,Felsteel Leggings,GEAR,DROP,1,4,8,50,1
23518,Felsteel Leggings,GEAR,DROP,1,6,8,75,1
23518,Felsteel Leggings,GEAR,DROP,1,5,8,62,1
23518,Felsteel Leggings,GEAR,DROP,1,4,8,50,1
23518,Felsteel Leggings,GEAR,DROP,1,4,8,50,1
23518,Felsteel Leggings,GEAR,DROP,1,6,8,75,1
23518,Felsteel Leggings,GEAR,DROP,1,5,8,62,1
23518,Felsteel Leggings,GEAR,DROP,1,4,8,50,1
23518,Felsteel Leggings,GEAR,DROP,1,4,8,50,1
23518,Felsteel Leggings,GEAR,DROP,1,6,8,75,1
22448,Small Prismatic Shard,INTERMEDIATE,TRAINER,2,1,0,0,1
22448,Small Prismatic Shard,INTERMEDIATE,TRAINER,13,1,0,0,1
24270,Bag of Jewels,BAG,VENDOR,1,17300,20006,86,1
24270,Bag of Jewels,BAG,VENDOR,1,16608,20006,83,1
24270,Bag of Jewels,BAG,VENDOR,1,16109,20006,80,1
24270,Bag of Jewels,BAG,VENDOR,1,17300,20006,86,1
24270,Bag of Jewels,BAG,VENDOR,1,16608,20006,83,1
24270,Bag of Jewels,BAG,VENDOR,1,16109,20006,80,1
24270,Bag of Jewels,BAG,VENDOR,1,17300,20006,86,1
32833,Purified Jaggal Pearl,GEM_CUT,TRAINER,1,7928,9280,85,1
32833,Purified Jaggal Pearl,GEM_CUT,TRAINER,1,7769,9280,83,1
32833,Purified Jaggal Pearl,GEM_CUT,TRAINER,1,7380,9280,79,1
32833,Purified Jaggal Pearl,GEM_CUT,TRAINER,1,7084,9280,76,1
32833,Purified Jaggal Pearl,GEM_CUT,TRAINER,1,7928,9280,85,1
32833,Purified Jaggal Pearl,GEM_CUT,TRAINER,1,7769,9280,83,1
10008,White Bandit Mask,GEAR,DROP,1,4480,6023,74,1
10008,White Bandit Mask,GEAR,DROP,1,4300,6023,71,1
10008,White Bandit Mask,GEAR,DROP,1,4257,6023,70,1
10008,White Bandit Mask,GEAR,DROP,1,4480,6023,74,1
10008,White Bandit Mask,GEAR,DROP,1,4300,6023,71,1
10008,White Bandit Mask,GEAR,DROP,1,4257,6023,70,1
13506,Potion of Petrification,ELIXIR_POT,DROP,5,622,607,102,1
13506,Potion of Petrification,ELIXIR_POT,DROP,5,590,607,97,1
13506,Potion of Petrification,ELIXIR_POT,DROP,5,622,607,102,1
13506,Potion of Petrification,ELIXIR_POT,DROP,5,590,607,97,1
13506,Potion of Petrification,ELIXIR_POT,DROP,5,622,607,102,1
13506,Potion of Petrification,ELIXIR_POT,DROP,5,590,607,97,1
22448,Small Prismatic Shard,INTERMEDIATE,TRAINER,20,1,0,0,1
22448,Small Prismatic Shard,INTERMEDIATE,TRAINER,20,1,0,0,1
22448,Small Prismatic Shard,INTERMEDIATE,TRAINER,5,1,0,0,1
23517,Felsteel Gloves,GEAR,DROP,1,3,6,50,1
23517,Felsteel Gloves,GEAR,DROP,1,3,6,50,1
23517,Felsteel Gloves,GEAR,DROP,1,3,6,50,1
23517,Felsteel Gloves,GEAR,DROP,1,3,6,50,1
23517,Felsteel Gloves,GEAR,DROP,1,3,6,50,1
23517,Felsteel Gloves,GEAR,DROP,1,3,6,50,1
23517,Felsteel Gloves,GEAR,DROP,1,3,6,50,1
23517,Felsteel Gloves,GEAR,DROP,1,3,6,50,1
23517,Felsteel Gloves,GEAR,DROP,1,3,6,50,1
23517,Felsteel Gloves,GEAR,DROP,1,3,6,50,1
23517,Felsteel Gloves,GEAR,DROP,1,3,6,50,1
23517,Felsteel Gloves,GEAR,DROP,1,3,6,50,1
23517,Felsteel Gloves,GEAR,DROP,1,3,6,50,1
24268,Netherweave Net,MISC,TRAINER,10,6121,7200,85,1
22448,Small Prismatic Shard,INTERMEDIATE,TRAINER,8,1,0,0,1
22448,Small Prismatic Shard,INTERMEDIATE,TRAINER,7,1,0,0,1
24268,Netherweave Net,MISC,TRAINER,10,5572,7200,77,1
44958,Ethereal Oil,INTERMEDIATE,TRAINER,8,89,96,92,1
44958,Ethereal Oil,INTERMEDIATE,TRAINER,3,87,96,90,1
13506,Potion of Petrification,ELIXIR_POT,DROP,5,432,607,71,1
13506,Potion of Petrification,ELIXIR_POT,DROP,15,410,607,67,1
6371,Fire Oil,INTERMEDIATE,TRAINER,4,60,64,93,1
6371,Fire Oil,INTERMEDIATE,TRAINER,2,58,64,90,1
32836,Purified Shadow Pearl,GEM_CUT,TRAINER,1,6496,9280,70,1
32836,Purified Shadow Pearl,GEM_CUT,TRAINER,1,6236,9280,67,1
32836,Purified Shadow Pearl,GEM_CUT,TRAINER,1,6173,9280,66,1
32836,Purified Shadow Pearl,GEM_CUT,TRAINER,1,6496,9280,70,1
32836,Purified Shadow Pearl,GEM_CUT,TRAINER,1,6236,9280,67,1
23448,Felsteel Bar,INTERMEDIATE,TRAINER,2,90470,76000,119,0
23448,Felsteel Bar,INTERMEDIATE,TRAINER,4,89565,76000,117,0
5966,Guardian Gloves,GEAR,TRAINER,1,3982,4183,95,1
5966,Guardian Gloves,GEAR,TRAINER,1,3942,4183,94,1
5966,Guardian Gloves,GEAR,TRAINER,1,3902,4183,93,1
5966,Guardian Gloves,GEAR,TRAINER,1,3982,4183,95,1
5966,Guardian Gloves,GEAR,TRAINER,1,3942,4183,94,1
5966,Guardian Gloves,GEAR,TRAINER,1,3902,4183,93,1
5966,Guardian Gloves,GEAR,TRAINER,1,3982,4183,95,1
5966,Guardian Gloves,GEAR,TRAINER,1,3942,4183,94,1
5966,Guardian Gloves,GEAR,TRAINER,1,3902,4183,93,1
5966,Guardian Gloves,GEAR,TRAINER,1,3982,4183,95,1
5966,Guardian Gloves,GEAR,TRAINER,1,3942,4183,94,1
5966,Guardian Gloves,GEAR,TRAINER,1,3902,4183,93,1
5966,Guardian Gloves,GEAR,TRAINER,1,3982,4183,95,1
8172,Cured Thick Hide,INTERMEDIATE,TRAINER,5,3901,4545,85,1
8172,Cured Thick Hide,INTERMEDIATE,TRAINER,8,3822,4545,84,1
22522,Superior Wizard Oil,MISC,VENDOR,1,23124,26039,88,1
22522,Superior Wizard Oil,MISC,VENDOR,1,22430,26039,86,1
22522,Superior Wizard Oil,MISC,VENDOR,1,21981,26039,84,1
22522,Superior Wizard Oil,MISC,VENDOR,1,20881,26039,80,1
22522,Superior Wizard Oil,MISC,VENDOR,1,23124,26039,88,1
22522,Superior Wizard Oil,MISC,VENDOR,1,22430,26039,86,1
22522,Superior Wizard Oil,MISC,VENDOR,1,21981,26039,84,1
22522,Superior Wizard Oil,MISC,VENDOR,1,20881,26039,80,1
22522,Superior Wizard Oil,MISC,VENDOR,1,23124,26039,88,1
22522,Superior Wizard Oil,MISC,VENDOR,1,22430,26039,86,1
23517,Felsteel Gloves,GEAR,DROP,1,4,6,66,1
23517,Felsteel Gloves,GEAR,DROP,1,3,6,50,1
23517,Felsteel Gloves,GEAR,DROP,1,3,6,50,1
23517,Felsteel Gloves,GEAR,DROP,1,3,6,50,1
23517,Felsteel Gloves,GEAR,DROP,1,4,6,66,1
23517,Felsteel Gloves,GEAR,DROP,1,3,6,50,1
23517,Felsteel Gloves,GEAR,DROP,1,3,6,50,1
23517,Felsteel Gloves,GEAR,DROP,1,3,6,50,1
23517,Felsteel Gloves,GEAR,DROP,1,4,6,66,1
23517,Felsteel Gloves,GEAR,DROP,1,3,6,50,1
21858,Spellfire Bag,BAG,VENDOR,1,579528,408004,142,0
21858,Spellfire Bag,BAG,VENDOR,1,567937,408004,139,0
10056,Orange Mageweave Shirt,GEAR,TRAINER,1,6477,6998,92,1
10056,Orange Mageweave Shirt,GEAR,TRAINER,1,6217,6998,88,1
10056,Orange Mageweave Shirt,GEAR,TRAINER,1,5906,6998,84,1
10056,Orange Mageweave Shirt,GEAR,TRAINER,1,5669,6998,81,1
10056,Orange Mageweave Shirt,GEAR,TRAINER,1,6477,6998,92,1
10056,Orange Mageweave Shirt,GEAR,TRAINER,1,6217,6998,88,1
10056,Orange Mageweave Shirt,GEAR,TRAINER,1,5906,6998,84,1
10056,Orange Mageweave Shirt,GEAR,TRAINER,1,5669,6998,81,1
10056,Orange Mageweave Shirt,GEAR,TRAINER,1,6477,6998,92,1
10056,Orange Mageweave Shirt,GEAR,TRAINER,1,6217,6998,88,1
10056,Orange Mageweave Shirt,GEAR,TRAINER,1,5906,6998,84,1
10056,Orange Mageweave Shirt,GEAR,TRAINER,1,5669,6998,81,1
10056,Orange Mageweave Shirt,GEAR,TRAINER,1,6477,6998,92,1
23787,Felsteel Stabilizer,INTERMEDIATE,TRAINER,6,1,2,50,1
23787,Felsteel Stabilizer,INTERMEDIATE,TRAINER,3,1,2,50,1
24269,Heavy Netherweave Net,MISC,UNSOURCED,20,11689,14400,81,1
24269,Heavy Netherweave Net,MISC,UNSOURCED,8,11455,14400,79,1
4330,Stylish Red Shirt,GEAR,TRAINER,1,1311,1424,92,1
4330,Stylish Red Shirt,GEAR,TRAINER,1,1271,1424,89,1
4330,Stylish Red Shirt,GEAR,TRAINER,1,1258,1424,88,1
4330,Stylish Red Shirt,GEAR,TRAINER,1,1245,1424,87,1
4330,Stylish Red Shirt,GEAR,TRAINER,1,1311,1424,92,1
4330,Stylish Red Shirt,GEAR,TRAINER,1,1271,1424,89,1
4330,Stylish Red Shirt,GEAR,TRAINER,1,1258,1424,88,1
4330,Stylish Red Shirt,GEAR,TRAINER,1,1245,1424,87,1
4330,Stylish Red Shirt,GEAR,TRAINER,1,1311,1424,92,1
22445,Arcane Dust,INTERMEDIATE,UNSOURCED,20,4639,5013,92,1
22445,Arcane Dust,INTERMEDIATE,UNSOURCED,2,4407,5013,87,1
22445,Arcane Dust,INTERMEDIATE,UNSOURCED,5,4639,5013,92,1
20963,Mithril Filigree,INTERMEDIATE,TRAINER,5,2585,3012,85,1
20963,Mithril Filigree,INTERMEDIATE,TRAINER,3,2559,3012,84,1
24270,Bag of Jewels,BAG,VENDOR,1,15812,20006,79,1
24270,Bag of Jewels,BAG,VENDOR,1,15337,20006,76,1
24270,Bag of Jewels,BAG,VENDOR,1,15183,20006,75,1
24270,Bag of Jewels,BAG,VENDOR,1,14727,20006,73,1
24270,Bag of Jewels,BAG,VENDOR,1,15812,20006,79,1
24270,Bag of Jewels,BAG,VENDOR,1,15337,20006,76,1
14342,Mooncloth,INTERMEDIATE,VENDOR,12,12001,15200,78,1
14342,Mooncloth,INTERMEDIATE,VENDOR,1,11760,15200,77,1
13511,Flask of Distilled Wisdom,FLASK,DROP,5,20885,13430,155,0
13511,Flask of Distilled Wisdom,FLASK,DROP,5,20258,13430,150,0
13511,Flask of Distilled Wisdom,FLASK,DROP,5,20885,13430,155,0
13511,Flask of Distilled Wisdom,FLASK,DROP,5,20258,13430,150,0
13511,Flask of Distilled Wisdom,FLASK,DROP,5,20885,13430,155,0
13511,Flask of Distilled Wisdom,FLASK,DROP,9,20258,13430,150,0
44958,Ethereal Oil,INTERMEDIATE,TRAINER,8,74,96,77,1
44958,Ethereal Oil,INTERMEDIATE,TRAINER,4,72,96,75,1
44958,Ethereal Oil,INTERMEDIATE,TRAINER,9,79,96,82,1
44958,Ethereal Oil,INTERMEDIATE,TRAINER,1,78,96,81,1
23518,Felsteel Leggings,GEAR,DROP,1,5,8,62,1
23518,Felsteel Leggings,GEAR,DROP,1,4,8,50,1
23518,Felsteel Leggings,GEAR,DROP,1,5,8,62,1
23518,Felsteel Leggings,GEAR,DROP,1,4,8,50,1
23518,Felsteel Leggings,GEAR,DROP,1,5,8,62,1
23518,Felsteel Leggings,GEAR,DROP,1,4,8,50,1
23518,Felsteel Leggings,GEAR,DROP,1,5,8,62,1
23518,Felsteel Leggings,GEAR,DROP,1,4,8,50,1
23518,Felsteel Leggings,GEAR,DROP,1,5,8,62,1
23518,Felsteel Leggings,GEAR,DROP,1,4,8,50,1
23518,Felsteel Leggings,GEAR,DROP,1,5,8,62,1
23518,Felsteel Leggings,GEAR,DROP,1,4,8,50,1
23518,Felsteel Leggings,GEAR,DROP,1,5,8,62,1
23518,Felsteel Leggings,GEAR,DROP,1,4,8,50,1
23518,Felsteel Leggings,GEAR,DROP,1,5,8,62,1
23785,Hardened Adamantite Tube,INTERMEDIATE,TRAINER,7,2,3,66,1
23785,Hardened Adamantite Tube,INTERMEDIATE,TRAINER,4,1,3,33,1
23519,Felsteel Helm,GEAR,DROP,1,5,8,62,1
23519,Felsteel Helm,GEAR,DROP,1,4,8,50,1
23519,Felsteel Helm,GEAR,DROP,1,5,8,62,1
23519,Felsteel Helm,GEAR,DROP,1,4,8,50,1
23519,Felsteel Helm,GEAR,DROP,1,5,8,62,1
23519,Felsteel Helm,GEAR,DROP,1,4,8,50,1
23519,Felsteel Helm,GEAR,DROP,1,5,8,62,1
23519,Felsteel Helm,GEAR,DROP,1,4,8,50,1
23519,Felsteel Helm,GEAR,DROP,1,5,8,62,1
23519,Felsteel Helm,GEAR,DROP,1,4,8,50,1
23519,Felsteel Helm,GEAR,DROP,1,5,8,62,1
23519,Felsteel Helm,GEAR,DROP,1,4,8,50,1
23519,Felsteel Helm,GEAR,DROP,1,5,8,62,1
23519,Felsteel Helm,GEAR,DROP,1,4,8,50,1
32833,Purified Jaggal Pearl,GEM_CUT,TRAINER,1,6366,9280,68,1
32833,Purified Jaggal Pearl,GEM_CUT,TRAINER,1,6175,9280,66,1
32833,Purified Jaggal Pearl,GEM_CUT,TRAINER,1,6366,9280,68,1
32833,Purified Jaggal Pearl,GEM_CUT,TRAINER,1,6175,9280,66,1
32833,Purified Jaggal Pearl,GEM_CUT,TRAINER,1,6366,9280,68,1
32833,Purified Jaggal Pearl,GEM_CUT,TRAINER,1,6175,9280,66,1
32833,Purified Jaggal Pearl,GEM_CUT,TRAINER,1,6366,9280,68,1
22448,Small Prismatic Shard,INTERMEDIATE,TRAINER,20,1,0,0,1
22448,Small Prismatic Shard,INTERMEDIATE,TRAINER,7,1,0,0,1
24270,Bag of Jewels,BAG,VENDOR,1,19369,20006,96,1
24270,Bag of Jewels,BAG,VENDOR,1,18594,20006,92,1
24270,Bag of Jewels,BAG,VENDOR,1,18036,20006,90,1
24270,Bag of Jewels,BAG,VENDOR,1,19369,20006,96,1
24270,Bag of Jewels,BAG,VENDOR,1,18594,20006,92,1
24270,Bag of Jewels,BAG,VENDOR,1,18036,20006,90,1
24270,Bag of Jewels,BAG,VENDOR,1,19369,20006,96,1
24270,Bag of Jewels,BAG,VENDOR,1,18594,20006,92,1
24270,Bag of Jewels,BAG,VENDOR,1,18036,20006,90,1
24270,Bag of Jewels,BAG,VENDOR,1,19369,20006,96,1
24270,Bag of Jewels,BAG,VENDOR,1,18594,20006,92,1
24270,Bag of Jewels,BAG,VENDOR,1,18036,20006,90,1
24269,Heavy Netherweave Net,MISC,UNSOURCED,20,12280,14400,85,1
24269,Heavy Netherweave Net,MISC,UNSOURCED,4,12157,14400,84,1
22448,Small Prismatic Shard,INTERMEDIATE,TRAINER,20,1,0,0,1
22448,Small Prismatic Shard,INTERMEDIATE,TRAINER,3,1,0,0,1
22448,Small Prismatic Shard,INTERMEDIATE,TRAINER,1,1,0,0,1
32833,Purified Jaggal Pearl,GEM_CUT,TRAINER,1,8655,9280,93,1
32833,Purified Jaggal Pearl,GEM_CUT,TRAINER,1,8395,9280,90,1
32833,Purified Jaggal Pearl,GEM_CUT,TRAINER,1,8227,9280,88,1
32833,Purified Jaggal Pearl,GEM_CUT,TRAINER,1,8655,9280,93,1
32833,Purified Jaggal Pearl,GEM_CUT,TRAINER,1,8395,9280,90,1
32833,Purified Jaggal Pearl,GEM_CUT,TRAINER,1,8227,9280,88,1
32833,Purified Jaggal Pearl,GEM_CUT,TRAINER,1,8655,9280,93,1
32833,Purified Jaggal Pearl,GEM_CUT,TRAINER,1,8395,9280,90,1
32833,Purified Jaggal Pearl,GEM_CUT,TRAINER,1,6706,9280,72,1
32833,Purified Jaggal Pearl,GEM_CUT,TRAINER,1,6638,9280,71,1
32833,Purified Jaggal Pearl,GEM_CUT,TRAINER,1,6571,9280,70,1
32833,Purified Jaggal Pearl,GEM_CUT,TRAINER,1,6706,9280,72,1
32833,Purified Jaggal Pearl,GEM_CUT,TRAINER,1,6638,9280,71,1
32833,Purified Jaggal Pearl,GEM_CUT,TRAINER,1,6571,9280,70,1
32833,Purified Jaggal Pearl,GEM_CUT,TRAINER,1,6706,9280,72,1
32833,Purified Jaggal Pearl,GEM_CUT,TRAINER,1,6638,9280,71,1
32833,Purified Jaggal Pearl,GEM_CUT,TRAINER,1,6571,9280,70,1
32833,Purified Jaggal Pearl,GEM_CUT,TRAINER,1,6706,9280,72,1
32833,Purified Jaggal Pearl,GEM_CUT,TRAINER,1,6638,9280,71,1
32833,Purified Jaggal Pearl,GEM_CUT,TRAINER,1,6571,9280,70,1
32833,Purified Jaggal Pearl,GEM_CUT,TRAINER,1,6706,9280,72,1
23518,Felsteel Leggings,GEAR,DROP,1,5,8,62,1
23518,Felsteel Leggings,GEAR,DROP,1,4,8,50,1
23518,Felsteel Leggings,GEAR,DROP,1,4,8,50,1
23518,Felsteel Leggings,GEAR,DROP,1,5,8,62,1
23518,Felsteel Leggings,GEAR,DROP,1,4,8,50,1
24268,Netherweave Net,MISC,TRAINER,18,5832,7200,81,1
44958,Ethereal Oil,INTERMEDIATE,TRAINER,15,89,96,92,1
2584,Woolen Cape,GEAR,TRAINER,1,462,508,90,1
2584,Woolen Cape,GEAR,TRAINER,1,448,508,88,1
2584,Woolen Cape,GEAR,TRAINER,1,430,508,84,1
2584,Woolen Cape,GEAR,TRAINER,1,412,508,81,1
2584,Woolen Cape,GEAR,TRAINER,1,462,508,90,1
2584,Woolen Cape,GEAR,TRAINER,1,448,508,88,1
44958,Ethereal Oil,INTERMEDIATE,TRAINER,14,87,96,90,1
44958,Ethereal Oil,INTERMEDIATE,TRAINER,1,86,96,89,1
22449,Large Prismatic Shard,INTERMEDIATE,VENDOR,2,245904,240000,102,1
22449,Large Prismatic Shard,INTERMEDIATE,VENDOR,8,240985,240000,100,1
23446,Adamantite Bar,INTERMEDIATE,TRAINER,8,14760,18000,82,1
23446,Adamantite Bar,INTERMEDIATE,TRAINER,2,14169,18000,78,1
23446,Adamantite Bar,INTERMEDIATE,TRAINER,2,12312,18000,68,1
23446,Adamantite Bar,INTERMEDIATE,TRAINER,4,11942,18000,66,1
13423,Stonescale Oil,INTERMEDIATE,TRAINER,2,91,102,89,1
13423,Stonescale Oil,INTERMEDIATE,TRAINER,8,88,102,86,1
22449,Large Prismatic Shard,INTERMEDIATE,VENDOR,20,173448,240000,72,1
22449,Large Prismatic Shard,INTERMEDIATE,VENDOR,1,164775,240000,68,1
22449,Large Prismatic Shard,INTERMEDIATE,VENDOR,1,173448,240000,72,1
44958,Ethereal Oil,INTERMEDIATE,TRAINER,7,71,96,73,1
44958,Ethereal Oil,INTERMEDIATE,TRAINER,2,68,96,70,1
4246,Fine Leather Belt,GEAR,TRAINER,1,546,578,94,1
4246,Fine Leather Belt,GEAR,TRAINER,1,540,578,93,1
4246,Fine Leather Belt,GEAR,TRAINER,1,546,578,94,1
4246,Fine Leather Belt,GEAR,TRAINER,1,540,578,93,1
4246,Fine Leather Belt,GEAR,TRAINER,1,546,578,94,1
4246,Fine Leather Belt,GEAR,TRAINER,1,540,578,93,1
4246,Fine Leather Belt,GEAR,TRAINER,1,546,578,94,1
4246,Fine Leather Belt,GEAR,TRAINER,1,540,578,93,1
4246,Fine Leather Belt,GEAR,TRAINER,1,546,578,94,1
4246,Fine Leather Belt,GEAR,TRAINER,1,540,578,93,1
4246,Fine Leather Belt,GEAR,TRAINER,1,546,578,94,1
4246,Fine Leather Belt,GEAR,TRAINER,1,540,578,93,1
4246,Fine Leather Belt,GEAR,TRAINER,1,546,578,94,1
4246,Fine Leather Belt,GEAR,TRAINER,1,540,578,93,1
4246,Fine Leather Belt,GEAR,TRAINER,1,546,578,94,1
22448,Small Prismatic Shard,INTERMEDIATE,TRAINER,20,1,0,0,1
22448,Small Prismatic Shard,INTERMEDIATE,TRAINER,10,1,0,0,1
22448,Small Prismatic Shard,INTERMEDIATE,TRAINER,9,1,0,0,1
42420,Shadow Crystal Focusing Lens,MISC,TRAINER,1,16192,20000,80,1
42420,Shadow Crystal Focusing Lens,MISC,TRAINER,1,15706,20000,78,1
42420,Shadow Crystal Focusing Lens,MISC,TRAINER,1,15391,20000,76,1
42420,Shadow Crystal Focusing Lens,MISC,TRAINER,1,15237,20000,76,1
42420,Shadow Crystal Focusing Lens,MISC,TRAINER,1,16192,20000,80,1
42420,Shadow Crystal Focusing Lens,MISC,TRAINER,1,15706,20000,78,1
42420,Shadow Crystal Focusing Lens,MISC,TRAINER,1,15391,20000,76,1
42420,Shadow Crystal Focusing Lens,MISC,TRAINER,1,15237,20000,76,1
42420,Shadow Crystal Focusing Lens,MISC,TRAINER,1,16192,20000,80,1
42420,Shadow Crystal Focusing Lens,MISC,TRAINER,1,15706,20000,78,1
24268,Netherweave Net,MISC,TRAINER,20,4703,7200,65,1
24268,Netherweave Net,MISC,TRAINER,6,4655,7200,64,1
42420,Shadow Crystal Focusing Lens,MISC,TRAINER,1,16512,20000,82,1
42420,Shadow Crystal Focusing Lens,MISC,TRAINER,1,15851,20000,79,1
42420,Shadow Crystal Focusing Lens,MISC,TRAINER,1,16512,20000,82,1
42420,Shadow Crystal Focusing Lens,MISC,TRAINER,1,15851,20000,79,1
42420,Shadow Crystal Focusing Lens,MISC,TRAINER,1,16512,20000,82,1
42420,Shadow Crystal Focusing Lens,MISC,TRAINER,1,15851,20000,79,1
42420,Shadow Crystal Focusing Lens,MISC,TRAINER,1,16512,20000,82,1
42420,Shadow Crystal Focusing Lens,MISC,TRAINER,1,15851,20000,79,1
21843,Imbued Netherweave Bag,BAG,VENDOR,1,52335,60005,87,1
21843,Imbued Netherweave Bag,BAG,VENDOR,1,50764,60005,84,1
21843,Imbued Netherweave Bag,BAG,VENDOR,1,52335,60005,87,1
21843,Imbued Netherweave Bag,BAG,VENDOR,1,50764,60005,84,1
21843,Imbued Netherweave Bag,BAG,VENDOR,1,52335,60005,87,1
21843,Imbued Netherweave Bag,BAG,VENDOR,1,50764,60005,84,1
21843,Imbued Netherweave Bag,BAG,VENDOR,1,52335,60005,87,1
21843,Imbued Netherweave Bag,BAG,VENDOR,1,50764,60005,84,1
21843,Imbued Netherweave Bag,BAG,VENDOR,1,52335,60005,87,1
34086,Winter Boots,GEAR,VENDOR,1,12000,13588,88,1
34086,Winter Boots,GEAR,VENDOR,1,11400,13588,83,1
34086,Winter Boots,GEAR,VENDOR,1,12000,13588,88,1
34086,Winter Boots,GEAR,VENDOR,1,11400,13588,83,1
34086,Winter Boots,GEAR,VENDOR,1,12000,13588,88,1
22448,Small Prismatic Shard,INTERMEDIATE,TRAINER,12,1,0,0,1
22448,Small Prismatic Shard,INTERMEDIATE,TRAINER,3,1,0,0,1
22246,Enchanted Mageweave Pouch,BAG,VENDOR,1,52200,43512,119,0
22246,Enchanted Mageweave Pouch,BAG,VENDOR,1,49590,43512,113,0
32836,Purified Shadow Pearl,GEM_CUT,TRAINER,1,7141,9280,76,1
32836,Purified Shadow Pearl,GEM_CUT,TRAINER,1,6783,9280,73,1
32836,Purified Shadow Pearl,GEM_CUT,TRAINER,1,6715,9280,72,1
32836,Purified Shadow Pearl,GEM_CUT,TRAINER,1,7141,9280,76,1
32836,Purified Shadow Pearl,GEM_CUT,TRAINER,1,6783,9280,73,1
32836,Purified Shadow Pearl,GEM_CUT,TRAINER,1,6715,9280,72,1
32836,Purified Shadow Pearl,GEM_CUT,TRAINER,1,7141,9280,76,1
32836,Purified Shadow Pearl,GEM_CUT,TRAINER,1,6783,9280,73,1
32836,Purified Shadow Pearl,GEM_CUT,TRAINER,1,6715,9280,72,1
32836,Purified Shadow Pearl,GEM_CUT,TRAINER,1,7141,9280,76,1
32836,Purified Shadow Pearl,GEM_CUT,TRAINER,1,6783,9280,73,1
32836,Purified Shadow Pearl,GEM_CUT,TRAINER,1,6715,9280,72,1
24270,Bag of Jewels,BAG,VENDOR,1,14199,20006,70,1
24270,Bag of Jewels,BAG,VENDOR,1,13915,20006,69,1
24270,Bag of Jewels,BAG,VENDOR,1,14199,20006,70,1
24270,Bag of Jewels,BAG,VENDOR,1,13915,20006,69,1
24270,Bag of Jewels,BAG,VENDOR,1,14199,20006,70,1
24270,Bag of Jewels,BAG,VENDOR,1,13915,20006,69,1
24270,Bag of Jewels,BAG,VENDOR,1,14199,20006,70,1
24270,Bag of Jewels,BAG,VENDOR,1,13915,20006,69,1
24270,Bag of Jewels,BAG,VENDOR,1,14199,20006,70,1
24270,Bag of Jewels,BAG,VENDOR,1,13915,20006,69,1
22448,Small Prismatic Shard,INTERMEDIATE,TRAINER,20,1,0,0,1
22448,Small Prismatic Shard,INTERMEDIATE,TRAINER,20,1,0,0,1
22448,Small Prismatic Shard,INTERMEDIATE,TRAINER,1,1,0,0,1
22448,Small Prismatic Shard,INTERMEDIATE,TRAINER,1,1,0,0,1
24268,Netherweave Net,MISC,TRAINER,18,6350,7200,88,1
23787,Felsteel Stabilizer,INTERMEDIATE,TRAINER,2,1,2,50,1
23787,Felsteel Stabilizer,INTERMEDIATE,TRAINER,9,1,2,50,1
21752,Thorium Setting,INTERMEDIATE,TRAINER,1,1359,1545,87,1
21752,Thorium Setting,INTERMEDIATE,TRAINER,7,1331,1545,86,1
44958,Ethereal Oil,INTERMEDIATE,TRAINER,7,75,96,78,1
44958,Ethereal Oil,INTERMEDIATE,TRAINER,2,71,96,73,1
22448,Small Prismatic Shard,INTERMEDIATE,TRAINER,20,1,0,0,1
22448,Small Prismatic Shard,INTERMEDIATE,TRAINER,1,1,0,0,1
22448,Small Prismatic Shard,INTERMEDIATE,TRAINER,6,1,0,0,1
23785,Hardened Adamantite Tube,INTERMEDIATE,TRAINER,5,2,3,66,1
23785,Hardened Adamantite Tube,INTERMEDIATE,TRAINER,8,1,3,33,1
24270,Bag of Jewels,BAG,VENDOR,1,15760,20006,78,1
24270,Bag of Jewels,BAG,VENDOR,1,15444,20006,77,1
24270,Bag of Jewels,BAG,VENDOR,1,15760,20006,78,1
24270,Bag of Jewels,BAG,VENDOR,1,15444,20006,77,1
24270,Bag of Jewels,BAG,VENDOR,1,15760,20006,78,1
24270,Bag of Jewels,BAG,VENDOR,1,15444,20006,77,1
24270,Bag of Jewels,BAG,VENDOR,1,15760,20006,78,1
24270,Bag of Jewels,BAG,VENDOR,1,15444,20006,77,1
24270,Bag of Jewels,BAG,VENDOR,1,15760,20006,78,1
44958,Ethereal Oil,INTERMEDIATE,TRAINER,6,77,96,80,1
44958,Ethereal Oil,INTERMEDIATE,TRAINER,7,75,96,78,1
24269,Heavy Netherweave Net,MISC,UNSOURCED,20,11710,14400,81,1
24269,Heavy Netherweave Net,MISC,UNSOURCED,6,11241,14400,78,1
23785,Hardened Adamantite Tube,INTERMEDIATE,TRAINER,6,1,3,33,1
23785,Hardened Adamantite Tube,INTERMEDIATE,TRAINER,4,1,3,33,1
23446,Adamantite Bar,INTERMEDIATE,TRAINER,8,14288,18000,79,1
23446,Adamantite Bar,INTERMEDIATE,TRAINER,2,13573,18000,75,1
13423,Stonescale Oil,INTERMEDIATE,TRAINER,7,87,102,85,1
13423,Stonescale Oil,INTERMEDIATE,TRAINER,5,82,102,80,1
24271,Spellcloth,INTERMEDIATE,VENDOR,8,47667,64001,74,1
24271,Spellcloth,INTERMEDIATE,VENDOR,7,46236,64001,72,1
25650,Knothide Armor Kit,MISC,TRAINER,10,14592,20000,72,1
23787,Felsteel Stabilizer,INTERMEDIATE,TRAINER,10,1,2,50,1
22448,Small Prismatic Shard,INTERMEDIATE,TRAINER,20,1,0,0,1
22448,Small Prismatic Shard,INTERMEDIATE,TRAINER,6,1,0,0,1
22448,Small Prismatic Shard,INTERMEDIATE,TRAINER,7,1,0,0,1
23518,Felsteel Leggings,GEAR,DROP,1,4,8,50,1
23518,Felsteel Leggings,GEAR,DROP,1,4,8,50,1
23518,Felsteel Leggings,GEAR,DROP,1,4,8,50,1
23518,Felsteel Leggings,GEAR,DROP,1,4,8,50,1
23518,Felsteel Leggings,GEAR,DROP,1,4,8,50,1
23518,Felsteel Leggings,GEAR,DROP,1,4,8,50,1
23518,Felsteel Leggings,GEAR,DROP,1,4,8,50,1
23518,Felsteel Leggings,GEAR,DROP,1,4,8,50,1
23518,Felsteel Leggings,GEAR,DROP,1,4,8,50,1
23518,Felsteel Leggings,GEAR,DROP,1,4,8,50,1
23518,Felsteel Leggings,GEAR,DROP,1,4,8,50,1
23518,Felsteel Leggings,GEAR,DROP,1,4,8,50,1
32833,Purified Jaggal Pearl,GEM_CUT,TRAINER,1,8203,9280,88,1
32833,Purified Jaggal Pearl,GEM_CUT,TRAINER,1,8038,9280,86,1
32833,Purified Jaggal Pearl,GEM_CUT,TRAINER,1,7636,9280,82,1
32833,Purified Jaggal Pearl,GEM_CUT,TRAINER,1,8203,9280,88,1
32833,Purified Jaggal Pearl,GEM_CUT,TRAINER,1,8038,9280,86,1
32833,Purified Jaggal Pearl,GEM_CUT,TRAINER,1,7636,9280,82,1
10056,Orange Mageweave Shirt,GEAR,TRAINER,1,6575,6998,93,1
10056,Orange Mageweave Shirt,GEAR,TRAINER,1,6312,6998,90,1
10056,Orange Mageweave Shirt,GEAR,TRAINER,1,6248,6998,89,1
10056,Orange Mageweave Shirt,GEAR,TRAINER,1,6060,6998,86,1
10056,Orange Mageweave Shirt,GEAR,TRAINER,1,6575,6998,93,1
10056,Orange Mageweave Shirt,GEAR,TRAINER,1,6312,6998,90,1
10056,Orange Mageweave Shirt,GEAR,TRAINER,1,6248,6998,89,1
10056,Orange Mageweave Shirt,GEAR,TRAINER,1,6060,6998,86,1
10056,Orange Mageweave Shirt,GEAR,TRAINER,1,6575,6998,93,1
40195,Pygmy Oil,INTERMEDIATE,TRAINER,11,239,300,79,1
40195,Pygmy Oil,INTERMEDIATE,TRAINER,3,229,300,76,1
24268,Netherweave Net,MISC,TRAINER,10,6156,7200,85,1
23785,Hardened Adamantite Tube,INTERMEDIATE,TRAINER,2,2,3,66,1
23785,Hardened Adamantite Tube,INTERMEDIATE,TRAINER,8,1,3,33,1
5966,Guardian Gloves,GEAR,TRAINER,1,3155,4183,75,1
5966,Guardian Gloves,GEAR,TRAINER,1,3028,4183,72,1
5966,Guardian Gloves,GEAR,TRAINER,1,2906,4183,69,1
5966,Guardian Gloves,GEAR,TRAINER,1,2760,4183,65,1
5966,Guardian Gloves,GEAR,TRAINER,1,3155,4183,75,1
5966,Guardian Gloves,GEAR,TRAINER,1,3028,4183,72,1
5966,Guardian Gloves,GEAR,TRAINER,1,2906,4183,69,1
5966,Guardian Gloves,GEAR,TRAINER,1,2760,4183,65,1
5966,Guardian Gloves,GEAR,TRAINER,1,3155,4183,75,1
5966,Guardian Gloves,GEAR,TRAINER,1,3028,4183,72,1
5966,Guardian Gloves,GEAR,TRAINER,1,2906,4183,69,1
5966,Guardian Gloves,GEAR,TRAINER,1,2760,4183,65,1
5966,Guardian Gloves,GEAR,TRAINER,1,3155,4183,75,1
33208,Flask of Chromatic Wonder,FLASK,VENDOR,5,49320,36000,137,0
33208,Flask of Chromatic Wonder,FLASK,VENDOR,5,48333,36000,134,0
33208,Flask of Chromatic Wonder,FLASK,VENDOR,20,46883,36000,130,0
33208,Flask of Chromatic Wonder,FLASK,VENDOR,5,49320,36000,137,0
33208,Flask of Chromatic Wonder,FLASK,VENDOR,5,48333,36000,134,0
42420,Shadow Crystal Focusing Lens,MISC,TRAINER,1,15048,20000,75,1
42420,Shadow Crystal Focusing Lens,MISC,TRAINER,1,14446,20000,72,1
42420,Shadow Crystal Focusing Lens,MISC,TRAINER,1,15048,20000,75,1
42420,Shadow Crystal Focusing Lens,MISC,TRAINER,1,14446,20000,72,1
42420,Shadow Crystal Focusing Lens,MISC,TRAINER,1,15048,20000,75,1
42420,Shadow Crystal Focusing Lens,MISC,TRAINER,1,14446,20000,72,1
42420,Shadow Crystal Focusing Lens,MISC,TRAINER,1,15048,20000,75,1
42420,Shadow Crystal Focusing Lens,MISC,TRAINER,1,14446,20000,72,1
42420,Shadow Crystal Focusing Lens,MISC,TRAINER,1,15048,20000,75,1
42420,Shadow Crystal Focusing Lens,MISC,TRAINER,1,14446,20000,72,1
42420,Shadow Crystal Focusing Lens,MISC,TRAINER,1,15048,20000,75,1
42420,Shadow Crystal Focusing Lens,MISC,TRAINER,1,14446,20000,72,1
42420,Shadow Crystal Focusing Lens,MISC,TRAINER,1,15048,20000,75,1
42420,Shadow Crystal Focusing Lens,MISC,TRAINER,1,14446,20000,72,1
42420,Shadow Crystal Focusing Lens,MISC,TRAINER,1,15048,20000,75,1
22448,Small Prismatic Shard,INTERMEDIATE,TRAINER,20,1,0,0,1
22448,Small Prismatic Shard,INTERMEDIATE,TRAINER,6,1,0,0,1
22448,Small Prismatic Shard,INTERMEDIATE,TRAINER,13,1,0,0,1
21752,Thorium Setting,INTERMEDIATE,TRAINER,4,1204,1545,77,1
21752,Thorium Setting,INTERMEDIATE,TRAINER,1,1191,1545,77,1
2584,Woolen Cape,GEAR,TRAINER,1,430,508,84,1
2584,Woolen Cape,GEAR,TRAINER,1,425,508,83,1
2584,Woolen Cape,GEAR,TRAINER,1,408,508,80,1
2584,Woolen Cape,GEAR,TRAINER,1,430,508,84,1
2584,Woolen Cape,GEAR,TRAINER,1,425,508,83,1
2584,Woolen Cape,GEAR,TRAINER,1,408,508,80,1
25679,Comfortable Insoles,MISC,VENDOR,5,9212,10000,92,1
8172,Cured Thick Hide,INTERMEDIATE,TRAINER,5,3644,4545,80,1
8172,Cured Thick Hide,INTERMEDIATE,TRAINER,2,3534,4545,77,1
40195,Pygmy Oil,INTERMEDIATE,TRAINER,7,284,300,94,1
40195,Pygmy Oil,INTERMEDIATE,TRAINER,7,269,300,89,1
6662,Elixir of Giant Growth,ELIXIR_POT,DROP,18,264,108,244,0
22448,Small Prismatic Shard,INTERMEDIATE,TRAINER,20,1,0,0,1
22448,Small Prismatic Shard,INTERMEDIATE,TRAINER,7,1,0,0,1
32833,Purified Jaggal Pearl,GEM_CUT,TRAINER,1,6671,9280,71,1
32833,Purified Jaggal Pearl,GEM_CUT,TRAINER,1,6337,9280,68,1
32833,Purified Jaggal Pearl,GEM_CUT,TRAINER,1,6671,9280,71,1
32833,Purified Jaggal Pearl,GEM_CUT,TRAINER,1,6337,9280,68,1
32833,Purified Jaggal Pearl,GEM_CUT,TRAINER,1,6671,9280,71,1
32833,Purified Jaggal Pearl,GEM_CUT,TRAINER,1,6337,9280,68,1
32833,Purified Jaggal Pearl,GEM_CUT,TRAINER,1,6671,9280,71,1
32833,Purified Jaggal Pearl,GEM_CUT,TRAINER,1,6337,9280,68,1
32833,Purified Jaggal Pearl,GEM_CUT,TRAINER,1,6671,9280,71,1
32833,Purified Jaggal Pearl,GEM_CUT,TRAINER,1,6337,9280,68,1
32833,Purified Jaggal Pearl,GEM_CUT,TRAINER,1,6671,9280,71,1
32833,Purified Jaggal Pearl,GEM_CUT,TRAINER,1,6337,9280,68,1
32833,Purified Jaggal Pearl,GEM_CUT,TRAINER,1,6671,9280,71,1
6887,Spotted Yellowtail,FOOD,VENDOR,5,21,23,91,1
24268,Netherweave Net,MISC,TRAINER,10,7076,7200,98,1
22448,Small Prismatic Shard,INTERMEDIATE,TRAINER,11,1,0,0,1
22448,Small Prismatic Shard,INTERMEDIATE,TRAINER,4,1,0,0,1
2579,Green Linen Shirt,GEAR,TRAINER,1,428,536,79,1
2579,Green Linen Shirt,GEAR,TRAINER,1,423,536,78,1
2579,Green Linen Shirt,GEAR,TRAINER,1,406,536,75,1
2579,Green Linen Shirt,GEAR,TRAINER,1,389,536,72,1
2579,Green Linen Shirt,GEAR,TRAINER,1,428,536,79,1
2579,Green Linen Shirt,GEAR,TRAINER,1,423,536,78,1
2579,Green Linen Shirt,GEAR,TRAINER,1,406,536,75,1
21754,The Aquamarine Ward,GEAR,DROP,1,6834,9545,71,1
21754,The Aquamarine Ward,GEAR,DROP,1,6492,9545,68,1
21754,The Aquamarine Ward,GEAR,DROP,1,6834,9545,71,1
21754,The Aquamarine Ward,GEAR,DROP,1,6492,9545,68,1
21754,The Aquamarine Ward,GEAR,DROP,1,6834,9545,71,1
32833,Purified Jaggal Pearl,GEM_CUT,TRAINER,1,7470,9280,80,1
32833,Purified Jaggal Pearl,GEM_CUT,TRAINER,1,7245,9280,78,1
32833,Purified Jaggal Pearl,GEM_CUT,TRAINER,1,6955,9280,74,1
32833,Purified Jaggal Pearl,GEM_CUT,TRAINER,1,7470,9280,80,1
32833,Purified Jaggal Pearl,GEM_CUT,TRAINER,1,7245,9280,78,1
24270,Bag of Jewels,BAG,VENDOR,1,16534,20006,82,1
24270,Bag of Jewels,BAG,VENDOR,1,16368,20006,81,1
24270,Bag of Jewels,BAG,VENDOR,1,15549,20006,77,1
24270,Bag of Jewels,BAG,VENDOR,1,16534,20006,82,1
24270,Bag of Jewels,BAG,VENDOR,1,16368,20006,81,1
24270,Bag of Jewels,BAG,VENDOR,1,15549,20006,77,1
13423,Stonescale Oil,INTERMEDIATE,TRAINER,2,71,102,69,1
13423,Stonescale Oil,INTERMEDIATE,TRAINER,6,68,102,66,1
24269,Heavy Netherweave Net,MISC,UNSOURCED,20,12859,14400,89,1
24269,Heavy Netherweave Net,MISC,UNSOURCED,6,12344,14400,85,1
14342,Mooncloth,INTERMEDIATE,VENDOR,12,14339,15200,94,1
22448,Small Prismatic Shard,INTERMEDIATE,TRAINER,20,1,0,0,1
22448,Small Prismatic Shard,INTERMEDIATE,TRAINER,4,1,0,0,1
22448,Small Prismatic Shard,INTERMEDIATE,TRAINER,15,1,0,0,1
23787,Felsteel Stabilizer,INTERMEDIATE,TRAINER,6,1,2,50,1
23787,Felsteel Stabilizer,INTERMEDIATE,TRAINER,2,1,2,50,1
24268,Netherweave Net,MISC,TRAINER,20,4955,7200,68,1
4314,Double-stitched Woolen Shoulders,GEAR,TRAINER,1,1078,1424,75,1
4314,Double-stitched Woolen Shoulders,GEAR,TRAINER,1,1056,1424,74,1
4314,Double-stitched Woolen Shoulders,GEAR,TRAINER,1,1024,1424,71,1
4314,Double-stitched Woolen Shoulders,GEAR,TRAINER,1,1003,1424,70,1
4314,Double-stitched Woolen Shoulders,GEAR,TRAINER,1,1078,1424,75,1
24270,Bag of Jewels,BAG,VENDOR,1,16164,20006,80,1
24270,Bag of Jewels,BAG,VENDOR,1,16002,20006,79,1
24270,Bag of Jewels,BAG,VENDOR,1,15201,20006,75,1
24270,Bag of Jewels,BAG,VENDOR,1,16164,20006,80,1
24270,Bag of Jewels,BAG,VENDOR,1,16002,20006,79,1
24270,Bag of Jewels,BAG,VENDOR,1,15201,20006,75,1
24270,Bag of Jewels,BAG,VENDOR,1,16164,20006,80,1
24270,Bag of Jewels,BAG,VENDOR,1,16002,20006,79,1
24270,Bag of Jewels,BAG,VENDOR,1,15201,20006,75,1
24270,Bag of Jewels,BAG,VENDOR,1,16164,20006,80,1
24270,Bag of Jewels,BAG,VENDOR,1,16002,20006,79,1
40195,Pygmy Oil,INTERMEDIATE,TRAINER,1,206,300,68,1
40195,Pygmy Oil,INTERMEDIATE,TRAINER,4,197,300,65,1
32836,Purified Shadow Pearl,GEM_CUT,TRAINER,1,6514,9280,70,1
32836,Purified Shadow Pearl,GEM_CUT,TRAINER,1,6383,9280,68,1
32836,Purified Shadow Pearl,GEM_CUT,TRAINER,1,6063,9280,65,1
32836,Purified Shadow Pearl,GEM_CUT,TRAINER,1,5881,9280,63,1
32836,Purified Shadow Pearl,GEM_CUT,TRAINER,1,6514,9280,70,1
32836,Purified Shadow Pearl,GEM_CUT,TRAINER,1,6383,9280,68,1
44958,Ethereal Oil,INTERMEDIATE,TRAINER,5,78,96,81,1
44958,Ethereal Oil,INTERMEDIATE,TRAINER,5,76,96,79,1
23446,Adamantite Bar,INTERMEDIATE,TRAINER,2,16063,18000,89,1
23446,Adamantite Bar,INTERMEDIATE,TRAINER,7,15581,18000,86,1
23518,Felsteel Leggings,GEAR,DROP,1,7,8,87,1
23518,Felsteel Leggings,GEAR,DROP,1,6,8,75,1
23518,Felsteel Leggings,GEAR,DROP,1,7,8,87,1
23518,Felsteel Leggings,GEAR,DROP,1,6,8,75,1
23518,Felsteel Leggings,GEAR,DROP,1,7,8,87,1
23518,Felsteel Leggings,GEAR,DROP,1,6,8,75,1
23518,Felsteel Leggings,GEAR,DROP,1,7,8,87,1
23518,Felsteel Leggings,GEAR,DROP,1,6,8,75,1
23518,Felsteel Leggings,GEAR,DROP,1,7,8,87,1
23518,Felsteel Leggings,GEAR,DROP,1,6,8,75,1
23518,Felsteel Leggings,GEAR,DROP,1,7,8,87,1
23446,Adamantite Bar,INTERMEDIATE,TRAINER,2,14086,18000,78,1
23446,Adamantite Bar,INTERMEDIATE,TRAINER,11,13804,18000,76,1
32836,Purified Shadow Pearl,GEM_CUT,TRAINER,1,5976,9280,64,1
32836,Purified Shadow Pearl,GEM_CUT,TRAINER,1,5736,9280,61,1
32836,Purified Shadow Pearl,GEM_CUT,TRAINER,1,5976,9280,64,1
32836,Purified Shadow Pearl,GEM_CUT,TRAINER,1,5736,9280,61,1
32836,Purified Shadow Pearl,GEM_CUT,TRAINER,1,5976,9280,64,1
32836,Purified Shadow Pearl,GEM_CUT,TRAINER,1,5736,9280,61,1
32836,Purified Shadow Pearl,GEM_CUT,TRAINER,1,5976,9280,64,1
13513,Flask of Chromatic Resistance,FLASK,DROP,5,59332,20250,292,0
13513,Flask of Chromatic Resistance,FLASK,DROP,5,58145,20250,287,0
13513,Flask of Chromatic Resistance,FLASK,DROP,5,56400,20250,278,0
13513,Flask of Chromatic Resistance,FLASK,DROP,1,59332,20250,292,0
8545,Heavy Mageweave Bandage,MISC,TRAINER,12,1701,2020,84,1
10003,Black Mageweave Gloves,GEAR,TRAINER,1,9584,11996,79,1
10003,Black Mageweave Gloves,GEAR,TRAINER,1,9200,11996,76,1
10003,Black Mageweave Gloves,GEAR,TRAINER,1,9016,11996,75,1
10003,Black Mageweave Gloves,GEAR,TRAINER,1,8835,11996,73,1
10003,Black Mageweave Gloves,GEAR,TRAINER,1,9584,11996,79,1
10003,Black Mageweave Gloves,GEAR,TRAINER,1,9200,11996,76,1
10003,Black Mageweave Gloves,GEAR,TRAINER,1,9016,11996,75,1
10003,Black Mageweave Gloves,GEAR,TRAINER,1,8835,11996,73,1
23517,Felsteel Gloves,GEAR,DROP,1,5,6,83,1
23517,Felsteel Gloves,GEAR,DROP,1,4,6,66,1
23517,Felsteel Gloves,GEAR,DROP,1,5,6,83,1
23517,Felsteel Gloves,GEAR,DROP,1,4,6,66,1
23517,Felsteel Gloves,GEAR,DROP,1,5,6,83,1
23517,Felsteel Gloves,GEAR,DROP,1,4,6,66,1
23517,Felsteel Gloves,GEAR,DROP,1,5,6,83,1
23517,Felsteel Gloves,GEAR,DROP,1,4,6,66,1
23517,Felsteel Gloves,GEAR,DROP,1,5,6,83,1
23517,Felsteel Gloves,GEAR,DROP,1,4,6,66,1
23517,Felsteel Gloves,GEAR,DROP,1,5,6,83,1
23517,Felsteel Gloves,GEAR,DROP,1,4,6,66,1
23517,Felsteel Gloves,GEAR,DROP,1,5,6,83,1
23517,Felsteel Gloves,GEAR,DROP,1,4,6,66,1
23517,Felsteel Gloves,GEAR,DROP,1,5,6,83,1
9999,Black Mageweave Leggings,GEAR,TRAINER,1,6238,9496,65,1
9999,Black Mageweave Leggings,GEAR,TRAINER,1,6050,9496,63,1
9999,Black Mageweave Leggings,GEAR,TRAINER,1,5868,9496,61,1
9999,Black Mageweave Leggings,GEAR,TRAINER,1,5697,9496,59,1
9999,Black Mageweave Leggings,GEAR,TRAINER,1,6238,9496,65,1
9999,Black Mageweave Leggings,GEAR,TRAINER,1,6050,9496,63,1
9999,Black Mageweave Leggings,GEAR,TRAINER,1,5868,9496,61,1
9999,Black Mageweave Leggings,GEAR,TRAINER,1,5697,9496,59,1
44958,Ethereal Oil,INTERMEDIATE,TRAINER,8,73,96,76,1
44958,Ethereal Oil,INTERMEDIATE,TRAINER,1,72,96,75,1
21752,Thorium Setting,INTERMEDIATE,TRAINER,7,1112,1545,71,1
22449,Large Prismatic Shard,INTERMEDIATE,VENDOR,20,180624,240000,75,1
22449,Large Prismatic Shard,INTERMEDIATE,VENDOR,2,177011,240000,73,1
22448,Small Prismatic Shard,INTERMEDIATE,TRAINER,20,1,0,0,1
22448,Small Prismatic Shard,INTERMEDIATE,TRAINER,1,1,0,0,1
41367,Dark Jade Focusing Lens,MISC,TRAINER,1,20056,20000,100,1
41367,Dark Jade Focusing Lens,MISC,TRAINER,1,19053,20000,95,1
41367,Dark Jade Focusing Lens,MISC,TRAINER,1,18481,20000,92,1
41367,Dark Jade Focusing Lens,MISC,TRAINER,1,20056,20000,100,1
41367,Dark Jade Focusing Lens,MISC,TRAINER,1,19053,20000,95,1
41367,Dark Jade Focusing Lens,MISC,TRAINER,1,18481,20000,92,1
41367,Dark Jade Focusing Lens,MISC,TRAINER,1,20056,20000,100,1
41367,Dark Jade Focusing Lens,MISC,TRAINER,1,19053,20000,95,1
41367,Dark Jade Focusing Lens,MISC,TRAINER,1,18481,20000,92,1
41367,Dark Jade Focusing Lens,MISC,TRAINER,1,20056,20000,100,1
41367,Dark Jade Focusing Lens,MISC,TRAINER,1,19053,20000,95,1
10056,Orange Mageweave Shirt,GEAR,TRAINER,1,6182,6998,88,1
10056,Orange Mageweave Shirt,GEAR,TRAINER,1,5934,6998,84,1
10056,Orange Mageweave Shirt,GEAR,TRAINER,1,6182,6998,88,1
10056,Orange Mageweave Shirt,GEAR,TRAINER,1,5934,6998,84,1
10056,Orange Mageweave Shirt,GEAR,TRAINER,1,6182,6998,88,1
10056,Orange Mageweave Shirt,GEAR,TRAINER,1,5934,6998,84,1
10056,Orange Mageweave Shirt,GEAR,TRAINER,1,6182,6998,88,1
10056,Orange Mageweave Shirt,GEAR,TRAINER,1,5934,6998,84,1
22448,Small Prismatic Shard,INTERMEDIATE,TRAINER,20,1,0,0,1
22448,Small Prismatic Shard,INTERMEDIATE,TRAINER,11,1,0,0,1
22448,Small Prismatic Shard,INTERMEDIATE,TRAINER,8,1,0,0,1
8173,Thick Armor Kit,MISC,TRAINER,10,5568,6440,86,1
8173,Thick Armor Kit,MISC,TRAINER,4,5512,6440,85,1
23518,Felsteel Leggings,GEAR,DROP,1,6,8,75,1
23518,Felsteel Leggings,GEAR,DROP,1,5,8,62,1
23518,Felsteel Leggings,GEAR,DROP,1,4,8,50,1
23518,Felsteel Leggings,GEAR,DROP,1,6,8,75,1
23518,Felsteel Leggings,GEAR,DROP,1,5,8,62,1
23518,Felsteel Leggings,GEAR,DROP,1,4,8,50,1
23518,Felsteel Leggings,GEAR,DROP,1,6,8,75,1
23518,Felsteel Leggings,GEAR,DROP,1,5,8,62,1
23518,Felsteel Leggings,GEAR,DROP,1,4,8,50,1
23518,Felsteel Leggings,GEAR,DROP,1,5,8,62,1
23518,Felsteel Leggings,GEAR,DROP,1,4,8,50,1
23518,Felsteel Leggings,GEAR,DROP,1,5,8,62,1
23518,Felsteel Leggings,GEAR,DROP,1,4,8,50,1
23518,Felsteel Leggings,GEAR,DROP,1,5,8,62,1
23518,Felsteel Leggings,GEAR,DROP,1,4,8,50,1
23518,Felsteel Leggings,GEAR,DROP,1,5,8,62,1
2841,Bronze Bar,INTERMEDIATE,TRAINER,20,67,62,108,0
2841,Bronze Bar,INTERMEDIATE,TRAINER,4,66,62,106,0
2841,Bronze Bar,INTERMEDIATE,TRAINER,2,62,62,100,0
22448,Small Prismatic Shard,INTERMEDIATE,TRAINER,20,1,0,0,1
22448,Small Prismatic Shard,INTERMEDIATE,TRAINER,3,1,0,0,1
22448,Small Prismatic Shard,INTERMEDIATE,TRAINER,16,1,0,0,1
40195,Pygmy Oil,INTERMEDIATE,TRAINER,10,272,300,90,1
40195,Pygmy Oil,INTERMEDIATE,TRAINER,2,263,300,87,1
23518,Felsteel Leggings,GEAR,DROP,1,6,8,75,1
23518,Felsteel Leggings,GEAR,DROP,1,5,8,62,1
23518,Felsteel Leggings,GEAR,DROP,1,4,8,50,1
23518,Felsteel Leggings,GEAR,DROP,1,6,8,75,1
23518,Felsteel Leggings,GEAR,DROP,1,5,8,62,1
23518,Felsteel Leggings,GEAR,DROP,1,4,8,50,1
23518,Felsteel Leggings,GEAR,DROP,1,6,8,75,1
23518,Felsteel Leggings,GEAR,DROP,1,5,8,62,1
23518,Felsteel Leggings,GEAR,DROP,1,4,8,50,1
23518,Felsteel Leggings,GEAR,DROP,1,6,8,75,1
23518,Felsteel Leggings,GEAR,DROP,1,5,8,62,1
44958,Ethereal Oil,INTERMEDIATE,TRAINER,5,90,96,93,1
44958,Ethereal Oil,INTERMEDIATE,TRAINER,1,85,96,88,1
23787,Felsteel Stabilizer,INTERMEDIATE,TRAINER,6,1,2,50,1
23787,Felsteel Stabilizer,INTERMEDIATE,TRAINER,7,1,2,50,1
21754,The Aquamarine Ward,GEAR,DROP,1,6891,9545,72,1
21754,The Aquamarine Ward,GEAR,DROP,1,6822,9545,71,1
21754,The Aquamarine Ward,GEAR,DROP,1,6549,9545,68,1
21754,The Aquamarine Ward,GEAR,DROP,1,6483,9545,67,1
21754,The Aquamarine Ward,GEAR,DROP,1,6891,9545,72,1
21754,The Aquamarine Ward,GEAR,DROP,1,6822,9545,71,1
21754,The Aquamarine Ward,GEAR,DROP,1,6549,9545,68,1
21754,The Aquamarine Ward,GEAR,DROP,1,6483,9545,67,1
21754,The Aquamarine Ward,GEAR,DROP,1,6891,9545,72,1
21754,The Aquamarine Ward,GEAR,DROP,1,6822,9545,71,1
21754,The Aquamarine Ward,GEAR,DROP,1,6549,9545,68,1
21754,The Aquamarine Ward,GEAR,DROP,1,6483,9545,67,1
21754,The Aquamarine Ward,GEAR,DROP,1,6891,9545,72,1
21754,The Aquamarine Ward,GEAR,DROP,1,6822,9545,71,1
21754,The Aquamarine Ward,GEAR,DROP,1,6549,9545,68,1
40039,Champion's Monarch Topaz,GEM_CUT,DROP,1,407880,150000,271,0
40039,Champion's Monarch Topaz,GEM_CUT,DROP,1,399722,150000,266,0
44958,Ethereal Oil,INTERMEDIATE,TRAINER,7,65,96,67,1
44958,Ethereal Oil,INTERMEDIATE,TRAINER,3,63,96,65,1
23785,Hardened Adamantite Tube,INTERMEDIATE,TRAINER,6,2,3,66,1
23785,Hardened Adamantite Tube,INTERMEDIATE,TRAINER,4,1,3,33,1
10008,White Bandit Mask,GEAR,DROP,1,5376,6023,89,1
10008,White Bandit Mask,GEAR,DROP,1,5107,6023,84,1
10008,White Bandit Mask,GEAR,DROP,1,4851,6023,80,1
10008,White Bandit Mask,GEAR,DROP,1,4753,6023,78,1
10008,White Bandit Mask,GEAR,DROP,1,5376,6023,89,1
10008,White Bandit Mask,GEAR,DROP,1,5107,6023,84,1
10008,White Bandit Mask,GEAR,DROP,1,4851,6023,80,1
10008,White Bandit Mask,GEAR,DROP,1,4753,6023,78,1
10008,White Bandit Mask,GEAR,DROP,1,5376,6023,89,1
10008,White Bandit Mask,GEAR,DROP,1,5107,6023,84,1
10008,White Bandit Mask,GEAR,DROP,1,4851,6023,80,1
14048,Bolt of Runecloth,INTERMEDIATE,TRAINER,4,11547,11880,97,1
14048,Bolt of Runecloth,INTERMEDIATE,TRAINER,3,11316,11880,95,1
14156,Bottomless Bag,BAG,DROP,1,821216,483980,169,0
23518,Felsteel Leggings,GEAR,DROP,1,7,8,87,1
23518,Felsteel Leggings,GEAR,DROP,1,6,8,75,1
23518,Felsteel Leggings,GEAR,DROP,1,7,8,87,1
23518,Felsteel Leggings,GEAR,DROP,1,6,8,75,1
23518,Felsteel Leggings,GEAR,DROP,1,7,8,87,1
23518,Felsteel Leggings,GEAR,DROP,1,6,8,75,1
23518,Felsteel Leggings,GEAR,DROP,1,7,8,87,1
23518,Felsteel Leggings,GEAR,DROP,1,6,8,75,1
23518,Felsteel Leggings,GEAR,DROP,1,7,8,87,1
23518,Felsteel Leggings,GEAR,DROP,1,6,8,75,1
23518,Felsteel Leggings,GEAR,DROP,1,7,8,87,1
23518,Felsteel Leggings,GEAR,DROP,1,6,8,75,1
23518,Felsteel Leggings,GEAR,DROP,1,7,8,87,1
23518,Felsteel Leggings,GEAR,DROP,1,6,8,75,1
23518,Felsteel Leggings,GEAR,DROP,1,7,8,87,1
24269,Heavy Netherweave Net,MISC,UNSOURCED,16,10080,14400,70,1
22448,Small Prismatic Shard,INTERMEDIATE,TRAINER,20,1,0,0,1
22448,Small Prismatic Shard,INTERMEDIATE,TRAINER,5,1,0,0,1
22448,Small Prismatic Shard,INTERMEDIATE,TRAINER,2,1,0,0,1
21862,Imbued Netherweave Tunic,GEAR,VENDOR,1,49039,65006,75,1
21862,Imbued Netherweave Tunic,GEAR,VENDOR,1,46587,65006,71,1
21862,Imbued Netherweave Tunic,GEAR,VENDOR,1,49039,65006,75,1
21862,Imbued Netherweave Tunic,GEAR,VENDOR,1,46587,65006,71,1
21862,Imbued Netherweave Tunic,GEAR,VENDOR,1,49039,65006,75,1
13423,Stonescale Oil,INTERMEDIATE,TRAINER,7,77,102,75,1
13423,Stonescale Oil,INTERMEDIATE,TRAINER,1,74,102,72,1
32836,Purified Shadow Pearl,GEM_CUT,TRAINER,1,8589,9280,92,1
32836,Purified Shadow Pearl,GEM_CUT,TRAINER,1,8159,9280,87,1
32836,Purified Shadow Pearl,GEM_CUT,TRAINER,1,8589,9280,92,1
32836,Purified Shadow Pearl,GEM_CUT,TRAINER,1,8159,9280,87,1
32836,Purified Shadow Pearl,GEM_CUT,TRAINER,1,8589,9280,92,1
32836,Purified Shadow Pearl,GEM_CUT,TRAINER,1,8159,9280,87,1
32836,Purified Shadow Pearl,GEM_CUT,TRAINER,1,8589,9280,92,1
32836,Purified Shadow Pearl,GEM_CUT,TRAINER,1,8159,9280,87,1
32836,Purified Shadow Pearl,GEM_CUT,TRAINER,1,8589,9280,92,1
32836,Purified Shadow Pearl,GEM_CUT,TRAINER,1,8159,9280,87,1
32836,Purified Shadow Pearl,GEM_CUT,TRAINER,1,8589,9280,92,1
32836,Purified Shadow Pearl,GEM_CUT,TRAINER,1,8159,9280,87,1
32836,Purified Shadow Pearl,GEM_CUT,TRAINER,1,8589,9280,92,1
32836,Purified Shadow Pearl,GEM_CUT,TRAINER,1,8159,9280,87,1
32836,Purified Shadow Pearl,GEM_CUT,TRAINER,1,8589,9280,92,1
21887,Knothide Leather,INTERMEDIATE,TRAINER,6,6240,7500,83,1
21862,Imbued Netherweave Tunic,GEAR,VENDOR,1,47454,65006,72,1
21862,Imbued Netherweave Tunic,GEAR,VENDOR,1,46504,65006,71,1
21862,Imbued Netherweave Tunic,GEAR,VENDOR,1,45573,65006,70,1
21862,Imbued Netherweave Tunic,GEAR,VENDOR,1,47454,65006,72,1
21862,Imbued Netherweave Tunic,GEAR,VENDOR,1,46504,65006,71,1
21862,Imbued Netherweave Tunic,GEAR,VENDOR,1,45573,65006,70,1
21862,Imbued Netherweave Tunic,GEAR,VENDOR,1,47454,65006,72,1
21862,Imbued Netherweave Tunic,GEAR,VENDOR,1,46504,65006,71,1
21862,Imbued Netherweave Tunic,GEAR,VENDOR,1,45573,65006,70,1
21862,Imbued Netherweave Tunic,GEAR,VENDOR,1,47454,65006,72,1
21862,Imbued Netherweave Tunic,GEAR,VENDOR,1,46504,65006,71,1
21862,Imbued Netherweave Tunic,GEAR,VENDOR,1,45573,65006,70,1
24270,Bag of Jewels,BAG,VENDOR,1,16020,20006,80,1
24270,Bag of Jewels,BAG,VENDOR,1,15859,20006,79,1
24270,Bag of Jewels,BAG,VENDOR,1,15700,20006,78,1
24270,Bag of Jewels,BAG,VENDOR,1,16020,20006,80,1
24270,Bag of Jewels,BAG,VENDOR,1,15859,20006,79,1
24270,Bag of Jewels,BAG,VENDOR,1,15700,20006,78,1
21887,Knothide Leather,INTERMEDIATE,TRAINER,2,6838,7500,91,1
21887,Knothide Leather,INTERMEDIATE,TRAINER,6,6769,7500,90,1
14048,Bolt of Runecloth,INTERMEDIATE,TRAINER,4,9970,11880,83,1
14048,Bolt of Runecloth,INTERMEDIATE,TRAINER,1,9870,11880,83,1
21752,Thorium Setting,INTERMEDIATE,TRAINER,12,1481,1545,95,1
21752,Thorium Setting,INTERMEDIATE,TRAINER,2,1421,1545,91,1
23446,Adamantite Bar,INTERMEDIATE,TRAINER,13,12141,18000,67,1
23446,Adamantite Bar,INTERMEDIATE,TRAINER,1,11655,18000,64,1
4339,Bolt of Mageweave,INTERMEDIATE,TRAINER,5,3728,5050,73,1
4339,Bolt of Mageweave,INTERMEDIATE,TRAINER,3,3690,5050,73,1
25679,Comfortable Insoles,MISC,VENDOR,10,8008,10000,80,1
25679,Comfortable Insoles,MISC,VENDOR,3,7767,10000,77,1
44839,Candied Sweet Potato,FOOD,DROP,5,13,18,72,1
44839,Candied Sweet Potato,FOOD,DROP,7,12,18,66,1
22448,Small Prismatic Shard,INTERMEDIATE,TRAINER,7,1,0,0,1
22448,Small Prismatic Shard,INTERMEDIATE,TRAINER,8,1,0,0,1
44958,Ethereal Oil,INTERMEDIATE,TRAINER,1,77,96,80,1
44958,Ethereal Oil,INTERMEDIATE,TRAINER,8,75,96,78,1
13423,Stonescale Oil,INTERMEDIATE,TRAINER,4,86,102,84,1
13423,Stonescale Oil,INTERMEDIATE,TRAINER,1,82,102,80,1
23785,Hardened Adamantite Tube,INTERMEDIATE,TRAINER,2,1,3,33,1
23785,Hardened Adamantite Tube,INTERMEDIATE,TRAINER,4,1,3,33,1
24269,Heavy Netherweave Net,MISC,UNSOURCED,10,11865,14400,82,1
23518,Felsteel Leggings,GEAR,DROP,1,7,8,87,1
23518,Felsteel Leggings,GEAR,DROP,1,6,8,75,1
23518,Felsteel Leggings,GEAR,DROP,1,5,8,62,1
23518,Felsteel Leggings,GEAR,DROP,1,4,8,50,1
23518,Felsteel Leggings,GEAR,DROP,1,7,8,87,1
23518,Felsteel Leggings,GEAR,DROP,1,6,8,75,1
23518,Felsteel Leggings,GEAR,DROP,1,5,8,62,1
23518,Felsteel Leggings,GEAR,DROP,1,4,8,50,1
23518,Felsteel Leggings,GEAR,DROP,1,7,8,87,1
23518,Felsteel Leggings,GEAR,DROP,1,6,8,75,1
23518,Felsteel Leggings,GEAR,DROP,1,5,8,62,1
23518,Felsteel Leggings,GEAR,DROP,1,4,8,50,1
23518,Felsteel Leggings,GEAR,DROP,1,7,8,87,1
23518,Felsteel Leggings,GEAR,DROP,1,6,8,75,1
21752,Thorium Setting,INTERMEDIATE,TRAINER,1,1322,1545,85,1
21752,Thorium Setting,INTERMEDIATE,TRAINER,4,1308,1545,84,1
23785,Hardened Adamantite Tube,INTERMEDIATE,TRAINER,5,1,3,33,1
23785,Hardened Adamantite Tube,INTERMEDIATE,TRAINER,7,1,3,33,1
27661,Blackened Trout,FOOD,VENDOR,15,34,47,72,1
42420,Shadow Crystal Focusing Lens,MISC,TRAINER,1,21816,20000,109,0
23787,Felsteel Stabilizer,INTERMEDIATE,TRAINER,4,1,2,50,1
23787,Felsteel Stabilizer,INTERMEDIATE,TRAINER,7,1,2,50,1
44958,Ethereal Oil,INTERMEDIATE,TRAINER,8,68,96,70,1
44958,Ethereal Oil,INTERMEDIATE,TRAINER,7,64,96,66,1
23785,Hardened Adamantite Tube,INTERMEDIATE,TRAINER,1,2,3,66,1
23785,Hardened Adamantite Tube,INTERMEDIATE,TRAINER,9,1,3,33,1
13423,Stonescale Oil,INTERMEDIATE,TRAINER,10,77,102,75,1
13423,Stonescale Oil,INTERMEDIATE,TRAINER,5,75,102,73,1
24270,Bag of Jewels,BAG,VENDOR,1,15124,20006,75,1
24270,Bag of Jewels,BAG,VENDOR,1,14367,20006,71,1
24270,Bag of Jewels,BAG,VENDOR,1,15124,20006,75,1
24270,Bag of Jewels,BAG,VENDOR,1,14367,20006,71,1
24270,Bag of Jewels,BAG,VENDOR,1,15124,20006,75,1
24270,Bag of Jewels,BAG,VENDOR,1,14367,20006,71,1
24270,Bag of Jewels,BAG,VENDOR,1,15124,20006,75,1
24270,Bag of Jewels,BAG,VENDOR,1,14367,20006,71,1
23785,Hardened Adamantite Tube,INTERMEDIATE,TRAINER,9,1,3,33,1
23785,Hardened Adamantite Tube,INTERMEDIATE,TRAINER,3,1,3,33,1
12359,Thorium Bar,INTERMEDIATE,TRAINER,13,1492,1545,96,1
12359,Thorium Bar,INTERMEDIATE,TRAINER,1,1462,1545,94,1
3385,Lesser Mana Potion,ELIXIR_POT,TRAINER,5,830,736,112,0
3385,Lesser Mana Potion,ELIXIR_POT,TRAINER,4,796,736,108,0
3860,Mithril Bar,INTERMEDIATE,TRAINER,6,1605,1545,103,0
3860,Mithril Bar,INTERMEDIATE,TRAINER,4,1545,1545,100,0
23785,Hardened Adamantite Tube,INTERMEDIATE,TRAINER,8,2,3,66,1
23785,Hardened Adamantite Tube,INTERMEDIATE,TRAINER,2,1,3,33,1
13510,Flask of the Titans,FLASK,DROP,20,46290,16860,274,0
13510,Flask of the Titans,FLASK,DROP,5,43975,16860,260,0
13510,Flask of the Titans,FLASK,DROP,11,41776,16860,247,0
2580,Reinforced Linen Cape,GEAR,TRAINER,1,244,254,96,1
2580,Reinforced Linen Cape,GEAR,TRAINER,1,231,254,90,1
2580,Reinforced Linen Cape,GEAR,TRAINER,1,221,254,87,1
2580,Reinforced Linen Cape,GEAR,TRAINER,1,244,254,96,1
2580,Reinforced Linen Cape,GEAR,TRAINER,1,231,254,90,1
2580,Reinforced Linen Cape,GEAR,TRAINER,1,221,254,87,1
2580,Reinforced Linen Cape,GEAR,TRAINER,1,244,254,96,1
2580,Reinforced Linen Cape,GEAR,TRAINER,1,231,254,90,1
2580,Reinforced Linen Cape,GEAR,TRAINER,1,221,254,87,1
2580,Reinforced Linen Cape,GEAR,TRAINER,1,244,254,96,1
2580,Reinforced Linen Cape,GEAR,TRAINER,1,231,254,90,1
2580,Reinforced Linen Cape,GEAR,TRAINER,1,221,254,87,1
2580,Reinforced Linen Cape,GEAR,TRAINER,1,244,254,96,1
2580,Reinforced Linen Cape,GEAR,TRAINER,1,231,254,90,1
2580,Reinforced Linen Cape,GEAR,TRAINER,1,221,254,87,1
22448,Small Prismatic Shard,INTERMEDIATE,TRAINER,20,1,0,0,1
22448,Small Prismatic Shard,INTERMEDIATE,TRAINER,11,1,0,0,1
22448,Small Prismatic Shard,INTERMEDIATE,TRAINER,5,1,0,0,1
24271,Spellcloth,INTERMEDIATE,VENDOR,2,56793,64001,88,1
24271,Spellcloth,INTERMEDIATE,VENDOR,4,55089,64001,86,1
44958,Ethereal Oil,INTERMEDIATE,TRAINER,11,83,96,86,1
44958,Ethereal Oil,INTERMEDIATE,TRAINER,2,80,96,83,1
23787,Felsteel Stabilizer,INTERMEDIATE,TRAINER,2,1,2,50,1
23787,Felsteel Stabilizer,INTERMEDIATE,TRAINER,3,1,2,50,1
23785,Hardened Adamantite Tube,INTERMEDIATE,TRAINER,8,1,3,33,1
23785,Hardened Adamantite Tube,INTERMEDIATE,TRAINER,1,1,3,33,1
24060,Luminous Noble Topaz,GEM_CUT,DROP,1,323604,120000,269,0
24060,Luminous Noble Topaz,GEM_CUT,DROP,1,307423,120000,256,0
24060,Luminous Noble Topaz,GEM_CUT,DROP,1,292051,120000,243,0
13423,Stonescale Oil,INTERMEDIATE,TRAINER,3,86,102,84,1
13423,Stonescale Oil,INTERMEDIATE,TRAINER,11,84,102,82,1
23787,Felsteel Stabilizer,INTERMEDIATE,TRAINER,4,1,2,50,1
23787,Felsteel Stabilizer,INTERMEDIATE,TRAINER,7,1,2,50,1
32836,Purified Shadow Pearl,GEM_CUT,TRAINER,1,9147,9280,98,1
32836,Purified Shadow Pearl,GEM_CUT,TRAINER,1,8872,9280,95,1
32836,Purified Shadow Pearl,GEM_CUT,TRAINER,1,9147,9280,98,1
32836,Purified Shadow Pearl,GEM_CUT,TRAINER,1,8872,9280,95,1
32836,Purified Shadow Pearl,GEM_CUT,TRAINER,1,9147,9280,98,1
32836,Purified Shadow Pearl,GEM_CUT,TRAINER,1,8872,9280,95,1
32836,Purified Shadow Pearl,GEM_CUT,TRAINER,1,9147,9280,98,1
32836,Purified Shadow Pearl,GEM_CUT,TRAINER,1,8872,9280,95,1
32836,Purified Shadow Pearl,GEM_CUT,TRAINER,1,9147,9280,98,1
32836,Purified Shadow Pearl,GEM_CUT,TRAINER,1,8872,9280,95,1
32836,Purified Shadow Pearl,GEM_CUT,TRAINER,1,9147,9280,98,1
32836,Purified Shadow Pearl,GEM_CUT,TRAINER,1,8872,9280,95,1
32836,Purified Shadow Pearl,GEM_CUT,TRAINER,1,9147,9280,98,1
32836,Purified Shadow Pearl,GEM_CUT,TRAINER,1,8872,9280,95,1
32836,Purified Shadow Pearl,GEM_CUT,TRAINER,1,9147,9280,98,1
24268,Netherweave Net,MISC,TRAINER,20,5469,7200,75,1
24268,Netherweave Net,MISC,TRAINER,10,5195,7200,72,1
23448,Felsteel Bar,INTERMEDIATE,TRAINER,5,84588,76000,111,0
23519,Felsteel Helm,GEAR,DROP,1,6,8,75,1
23519,Felsteel Helm,GEAR,DROP,1,5,8,62,1
23519,Felsteel Helm,GEAR,DROP,1,6,8,75,1
23519,Felsteel Helm,GEAR,DROP,1,5,8,62,1
23519,Felsteel Helm,GEAR,DROP,1,6,8,75,1
23519,Felsteel Helm,GEAR,DROP,1,5,8,62,1
23519,Felsteel Helm,GEAR,DROP,1,6,8,75,1
23519,Felsteel Helm,GEAR,DROP,1,5,8,62,1
23519,Felsteel Helm,GEAR,DROP,1,6,8,75,1
23519,Felsteel Helm,GEAR,DROP,1,5,8,62,1
23519,Felsteel Helm,GEAR,DROP,1,6,8,75,1
23519,Felsteel Helm,GEAR,DROP,1,5,8,62,1
22448,Small Prismatic Shard,INTERMEDIATE,TRAINER,20,1,0,0,1
22448,Small Prismatic Shard,INTERMEDIATE,TRAINER,5,1,0,0,1
22448,Small Prismatic Shard,INTERMEDIATE,TRAINER,2,1,0,0,1
32836,Purified Shadow Pearl,GEM_CUT,TRAINER,1,5995,9280,64,1
32836,Purified Shadow Pearl,GEM_CUT,TRAINER,1,5695,9280,61,1
32836,Purified Shadow Pearl,GEM_CUT,TRAINER,1,5581,9280,60,1
32836,Purified Shadow Pearl,GEM_CUT,TRAINER,1,5568,9280,60,1
32836,Purified Shadow Pearl,GEM_CUT,TRAINER,1,5995,9280,64,1
32836,Purified Shadow Pearl,GEM_CUT,TRAINER,1,5695,9280,61,1
32836,Purified Shadow Pearl,GEM_CUT,TRAINER,1,5581,9280,60,1
32836,Purified Shadow Pearl,GEM_CUT,TRAINER,1,5568,9280,60,1
32836,Purified Shadow Pearl,GEM_CUT,TRAINER,1,5995,9280,64,1
32836,Purified Shadow Pearl,GEM_CUT,TRAINER,1,5695,9280,61,1
32836,Purified Shadow Pearl,GEM_CUT,TRAINER,1,5581,9280,60,1
32836,Purified Shadow Pearl,GEM_CUT,TRAINER,1,5568,9280,60,1
32836,Purified Shadow Pearl,GEM_CUT,TRAINER,1,5995,9280,64,1
24268,Netherweave Net,MISC,TRAINER,20,5598,7200,77,1
24268,Netherweave Net,MISC,TRAINER,8,5318,7200,73,1
8170,Rugged Leather,INTERMEDIATE,TRAINER,1,4655,7128,65,1
8170,Rugged Leather,INTERMEDIATE,TRAINER,5,4608,7128,64,1
32836,Purified Shadow Pearl,GEM_CUT,TRAINER,1,9147,9280,98,1
32836,Purified Shadow Pearl,GEM_CUT,TRAINER,1,8872,9280,95,1
32836,Purified Shadow Pearl,GEM_CUT,TRAINER,1,9147,9280,98,1
32836,Purified Shadow Pearl,GEM_CUT,TRAINER,1,8872,9280,95,1
32836,Purified Shadow Pearl,GEM_CUT,TRAINER,1,9147,9280,98,1
32836,Purified Shadow Pearl,GEM_CUT,TRAINER,1,8872,9280,95,1
32836,Purified Shadow Pearl,GEM_CUT,TRAINER,1,9147,9280,98,1
32836,Purified Shadow Pearl,GEM_CUT,TRAINER,1,8872,9280,95,1
32836,Purified Shadow Pearl,GEM_CUT,TRAINER,1,9147,9280,98,1
4314,Double-stitched Woolen Shoulders,GEAR,TRAINER,1,1305,1424,91,1
4314,Double-stitched Woolen Shoulders,GEAR,TRAINER,1,1265,1424,88,1
4314,Double-stitched Woolen Shoulders,GEAR,TRAINER,1,1305,1424,91,1
4314,Double-stitched Woolen Shoulders,GEAR,TRAINER,1,1265,1424,88,1
4314,Double-stitched Woolen Shoulders,GEAR,TRAINER,1,1305,1424,91,1
4314,Double-stitched Woolen Shoulders,GEAR,TRAINER,1,1265,1424,88,1
4314,Double-stitched Woolen Shoulders,GEAR,TRAINER,1,1305,1424,91,1
4314,Double-stitched Woolen Shoulders,GEAR,TRAINER,1,1265,1424,88,1
4314,Double-stitched Woolen Shoulders,GEAR,TRAINER,1,1305,1424,91,1
4314,Double-stitched Woolen Shoulders,GEAR,TRAINER,1,1265,1424,88,1
4314,Double-stitched Woolen Shoulders,GEAR,TRAINER,1,1305,1424,91,1
4314,Double-stitched Woolen Shoulders,GEAR,TRAINER,1,1265,1424,88,1
4314,Double-stitched Woolen Shoulders,GEAR,TRAINER,1,1305,1424,91,1
4314,Double-stitched Woolen Shoulders,GEAR,TRAINER,1,1265,1424,88,1
4314,Double-stitched Woolen Shoulders,GEAR,TRAINER,1,1305,1424,91,1
10008,White Bandit Mask,GEAR,DROP,1,4897,6023,81,1
10008,White Bandit Mask,GEAR,DROP,1,4701,6023,78,1
10008,White Bandit Mask,GEAR,DROP,1,4606,6023,76,1
10008,White Bandit Mask,GEAR,DROP,1,4897,6023,81,1
10008,White Bandit Mask,GEAR,DROP,1,4701,6023,78,1
10008,White Bandit Mask,GEAR,DROP,1,4606,6023,76,1
10008,White Bandit Mask,GEAR,DROP,1,4897,6023,81,1
10008,White Bandit Mask,GEAR,DROP,1,4701,6023,78,1
44958,Ethereal Oil,INTERMEDIATE,TRAINER,3,81,96,84,1
44958,Ethereal Oil,INTERMEDIATE,TRAINER,6,80,96,83,1
25650,Knothide Armor Kit,MISC,TRAINER,10,13870,20000,69,1
32833,Purified Jaggal Pearl,GEM_CUT,TRAINER,1,7037,9280,75,1
32833,Purified Jaggal Pearl,GEM_CUT,TRAINER,1,6685,9280,72,1
32833,Purified Jaggal Pearl,GEM_CUT,TRAINER,1,6417,9280,69,1
32833,Purified Jaggal Pearl,GEM_CUT,TRAINER,1,7037,9280,75,1
32833,Purified Jaggal Pearl,GEM_CUT,TRAINER,1,6685,9280,72,1
32833,Purified Jaggal Pearl,GEM_CUT,TRAINER,1,6417,9280,69,1
32833,Purified Jaggal Pearl,GEM_CUT,TRAINER,1,7037,9280,75,1
32833,Purified Jaggal Pearl,GEM_CUT,TRAINER,1,6685,9280,72,1
32833,Purified Jaggal Pearl,GEM_CUT,TRAINER,1,6417,9280,69,1
2584,Woolen Cape,GEAR,TRAINER,1,395,508,77,1
2584,Woolen Cape,GEAR,TRAINER,1,383,508,75,1
2584,Woolen Cape,GEAR,TRAINER,1,363,508,71,1
2584,Woolen Cape,GEAR,TRAINER,1,395,508,77,1
2584,Woolen Cape,GEAR,TRAINER,1,383,508,75,1
2584,Woolen Cape,GEAR,TRAINER,1,363,508,71,1
2584,Woolen Cape,GEAR,TRAINER,1,395,508,77,1
2584,Woolen Cape,GEAR,TRAINER,1,383,508,75,1
2584,Woolen Cape,GEAR,TRAINER,1,363,508,71,1
2584,Woolen Cape,GEAR,TRAINER,1,395,508,77,1
2584,Woolen Cape,GEAR,TRAINER,1,383,508,75,1
2584,Woolen Cape,GEAR,TRAINER,1,363,508,71,1
24268,Netherweave Net,MISC,TRAINER,20,6531,7200,90,1
24268,Netherweave Net,MISC,TRAINER,6,6335,7200,87,1
44958,Ethereal Oil,INTERMEDIATE,TRAINER,8,91,96,94,1
44958,Ethereal Oil,INTERMEDIATE,TRAINER,1,87,96,90,1
4241,Green Woolen Bag,BAG,DROP,1,3716,1832,202,0
4241,Green Woolen Bag,BAG,DROP,1,3567,1832,194,0
4241,Green Woolen Bag,BAG,DROP,1,3495,1832,190,0
23519,Felsteel Helm,GEAR,DROP,1,6,8,75,1
23519,Felsteel Helm,GEAR,DROP,1,5,8,62,1
23519,Felsteel Helm,GEAR,DROP,1,4,8,50,1
23519,Felsteel Helm,GEAR,DROP,1,4,8,50,1
23519,Felsteel Helm,GEAR,DROP,1,6,8,75,1
23519,Felsteel Helm,GEAR,DROP,1,5,8,62,1
23519,Felsteel Helm,GEAR,DROP,1,4,8,50,1
23519,Felsteel Helm,GEAR,DROP,1,4,8,50,1
23519,Felsteel Helm,GEAR,DROP,1,6,8,75,1
23519,Felsteel Helm,GEAR,DROP,1,5,8,62,1
22448,Small Prismatic Shard,INTERMEDIATE,TRAINER,20,1,0,0,1
22448,Small Prismatic Shard,INTERMEDIATE,TRAINER,11,1,0,0,1
22448,Small Prismatic Shard,INTERMEDIATE,TRAINER,5,1,0,0,1
22448,Small Prismatic Shard,INTERMEDIATE,TRAINER,20,1,0,0,1
22448,Small Prismatic Shard,INTERMEDIATE,TRAINER,6,1,0,0,1
22448,Small Prismatic Shard,INTERMEDIATE,TRAINER,4,1,0,0,1
23517,Felsteel Gloves,GEAR,DROP,1,4,6,66,1
23517,Felsteel Gloves,GEAR,DROP,1,3,6,50,1
23517,Felsteel Gloves,GEAR,DROP,1,4,6,66,1
23517,Felsteel Gloves,GEAR,DROP,1,3,6,50,1
23517,Felsteel Gloves,GEAR,DROP,1,4,6,66,1
23517,Felsteel Gloves,GEAR,DROP,1,3,6,50,1
23517,Felsteel Gloves,GEAR,DROP,1,4,6,66,1
44958,Ethereal Oil,INTERMEDIATE,TRAINER,3,86,96,89,1
44958,Ethereal Oil,INTERMEDIATE,TRAINER,8,83,96,86,1
22448,Small Prismatic Shard,INTERMEDIATE,TRAINER,20,1,0,0,1
22448,Small Prismatic Shard,INTERMEDIATE,TRAINER,2,1,0,0,1
22448,Small Prismatic Shard,INTERMEDIATE,TRAINER,2,1,0,0,1
13423,Stonescale Oil,INTERMEDIATE,TRAINER,5,87,102,85,1
13423,Stonescale Oil,INTERMEDIATE,TRAINER,10,86,102,84,1
6453,Strong Anti-Venom,MISC,DROP,18,318,373,85,1
24269,Heavy Netherweave Net,MISC,UNSOURCED,12,11404,14400,79,1
22861,Flask of Blinding Light,FLASK,UNSOURCED,5,90859,52000,174,0
22861,Flask of Blinding Light,FLASK,UNSOURCED,5,89950,52000,172,0
22861,Flask of Blinding Light,FLASK,UNSOURCED,20,86352,52000,166,0
22861,Flask of Blinding Light,FLASK,UNSOURCED,2,82897,52000,159,0
22449,Large Prismatic Shard,INTERMEDIATE,VENDOR,20,208608,240000,86,1
22449,Large Prismatic Shard,INTERMEDIATE,VENDOR,5,200263,240000,83,1
22449,Large Prismatic Shard,INTERMEDIATE,VENDOR,1,208608,240000,86,1
23519,Felsteel Helm,GEAR,DROP,1,5,8,62,1
23519,Felsteel Helm,GEAR,DROP,1,4,8,50,1
23519,Felsteel Helm,GEAR,DROP,1,4,8,50,1
23519,Felsteel Helm,GEAR,DROP,1,5,8,62,1
23519,Felsteel Helm,GEAR,DROP,1,4,8,50,1
23519,Felsteel Helm,GEAR,DROP,1,4,8,50,1
23519,Felsteel Helm,GEAR,DROP,1,5,8,62,1
23519,Felsteel Helm,GEAR,DROP,1,4,8,50,1
23519,Felsteel Helm,GEAR,DROP,1,4,8,50,1
23519,Felsteel Helm,GEAR,DROP,1,5,8,62,1
23519,Felsteel Helm,GEAR,DROP,1,4,8,50,1
23519,Felsteel Helm,GEAR,DROP,1,4,8,50,1
23519,Felsteel Helm,GEAR,DROP,1,5,8,62,1
23519,Felsteel Helm,GEAR,DROP,1,4,8,50,1
23517,Felsteel Gloves,GEAR,DROP,1,5,6,83,1
23517,Felsteel Gloves,GEAR,DROP,1,4,6,66,1
23517,Felsteel Gloves,GEAR,DROP,1,3,6,50,1
23517,Felsteel Gloves,GEAR,DROP,1,5,6,83,1
23517,Felsteel Gloves,GEAR,DROP,1,4,6,66,1
23517,Felsteel Gloves,GEAR,DROP,1,3,6,50,1
23517,Felsteel Gloves,GEAR,DROP,1,5,6,83,1
31080,Mercurial Stone,GEAR,TRAINER,1,103776,96000,108,0
31080,Mercurial Stone,GEAR,TRAINER,1,102738,96000,107,0
24270,Bag of Jewels,BAG,VENDOR,1,16852,20006,84,1
24270,Bag of Jewels,BAG,VENDOR,1,16683,20006,83,1
24270,Bag of Jewels,BAG,VENDOR,1,16852,20006,84,1
24270,Bag of Jewels,BAG,VENDOR,1,16683,20006,83,1
24270,Bag of Jewels,BAG,VENDOR,1,16852,20006,84,1
24270,Bag of Jewels,BAG,VENDOR,1,16683,20006,83,1
24270,Bag of Jewels,BAG,VENDOR,1,16852,20006,84,1
24270,Bag of Jewels,BAG,VENDOR,1,16683,20006,83,1
24270,Bag of Jewels,BAG,VENDOR,1,16852,20006,84,1
24270,Bag of Jewels,BAG,VENDOR,1,16683,20006,83,1
24270,Bag of Jewels,BAG,VENDOR,1,16852,20006,84,1
24270,Bag of Jewels,BAG,VENDOR,1,16683,20006,83,1
24270,Bag of Jewels,BAG,VENDOR,1,16852,20006,84,1
24270,Bag of Jewels,BAG,VENDOR,1,16683,20006,83,1
24269,Heavy Netherweave Net,MISC,UNSOURCED,20,13671,14400,94,1
24269,Heavy Netherweave Net,MISC,UNSOURCED,2,13260,14400,92,1
9999,Black Mageweave Leggings,GEAR,TRAINER,1,7691,9496,80,1
9999,Black Mageweave Leggings,GEAR,TRAINER,1,7383,9496,77,1
9999,Black Mageweave Leggings,GEAR,TRAINER,1,7691,9496,80,1
9999,Black Mageweave Leggings,GEAR,TRAINER,1,7383,9496,77,1
9999,Black Mageweave Leggings,GEAR,TRAINER,1,7691,9496,80,1
9999,Black Mageweave Leggings,GEAR,TRAINER,1,7383,9496,77,1
9999,Black Mageweave Leggings,GEAR,TRAINER,1,7691,9496,80,1
9999,Black Mageweave Leggings,GEAR,TRAINER,1,7383,9496,77,1
9999,Black Mageweave Leggings,GEAR,TRAINER,1,7691,9496,80,1
23518,Felsteel Leggings,GEAR,DROP,1,5,8,62,1
23518,Felsteel Leggings,GEAR,DROP,1,4,8,50,1
23518,Felsteel Leggings,GEAR,DROP,1,5,8,62,1
23518,Felsteel Leggings,GEAR,DROP,1,4,8,50,1
23518,Felsteel Leggings,GEAR,DROP,1,5,8,62,1
23518,Felsteel Leggings,GEAR,DROP,1,4,8,50,1
23518,Felsteel Leggings,GEAR,DROP,1,5,8,62,1
23518,Felsteel Leggings,GEAR,DROP,1,4,8,50,1
23518,Felsteel Leggings,GEAR,DROP,1,5,8,62,1
23518,Felsteel Leggings,GEAR,DROP,1,4,8,50,1
23785,Hardened Adamantite Tube,INTERMEDIATE,TRAINER,5,1,3,33,1
23785,Hardened Adamantite Tube,INTERMEDIATE,TRAINER,5,1,3,33,1
23787,Felsteel Stabilizer,INTERMEDIATE,TRAINER,9,1,2,50,1
23787,Felsteel Stabilizer,INTERMEDIATE,TRAINER,3,1,2,50,1
23787,Felsteel Stabilizer,INTERMEDIATE,TRAINER,4,1,2,50,1
23787,Felsteel Stabilizer,INTERMEDIATE,TRAINER,4,1,2,50,1
42420,Shadow Crystal Focusing Lens,MISC,TRAINER,1,15184,20000,75,1
42420,Shadow Crystal Focusing Lens,MISC,TRAINER,1,14424,20000,72,1
42420,Shadow Crystal Focusing Lens,MISC,TRAINER,1,13702,20000,68,1
42420,Shadow Crystal Focusing Lens,MISC,TRAINER,1,15184,20000,75,1
42420,Shadow Crystal Focusing Lens,MISC,TRAINER,1,14424,20000,72,1
42420,Shadow Crystal Focusing Lens,MISC,TRAINER,1,13702,20000,68,1
42420,Shadow Crystal Focusing Lens,MISC,TRAINER,1,15184,20000,75,1
42420,Shadow Crystal Focusing Lens,MISC,TRAINER,1,14424,20000,72,1
23106,Dazzling Deep Peridot,GEM_CUT,VENDOR,1,16168,20000,80,1
23106,Dazzling Deep Peridot,GEM_CUT,VENDOR,1,16006,20000,80,1
23106,Dazzling Deep Peridot,GEM_CUT,VENDOR,1,15685,20000,78,1
23106,Dazzling Deep Peridot,GEM_CUT,VENDOR,1,15214,20000,76,1
23106,Dazzling Deep Peridot,GEM_CUT,VENDOR,1,16168,20000,80,1
23106,Dazzling Deep Peridot,GEM_CUT,VENDOR,1,16006,20000,80,1
23106,Dazzling Deep Peridot,GEM_CUT,VENDOR,1,15685,20000,78,1
23106,Dazzling Deep Peridot,GEM_CUT,VENDOR,1,15214,20000,76,1
23106,Dazzling Deep Peridot,GEM_CUT,VENDOR,1,16168,20000,80,1
23106,Dazzling Deep Peridot,GEM_CUT,VENDOR,1,16006,20000,80,1
23106,Dazzling Deep Peridot,GEM_CUT,VENDOR,1,15685,20000,78,1
23106,Dazzling Deep Peridot,GEM_CUT,VENDOR,1,15214,20000,76,1
23106,Dazzling Deep Peridot,GEM_CUT,VENDOR,1,16168,20000,80,1
22448,Small Prismatic Shard,INTERMEDIATE,TRAINER,20,1,0,0,1
22448,Small Prismatic Shard,INTERMEDIATE,TRAINER,1,1,0,0,1
40195,Pygmy Oil,INTERMEDIATE,TRAINER,9,262,300,87,1
40195,Pygmy Oil,INTERMEDIATE,TRAINER,5,259,300,86,1
14048,Bolt of Runecloth,INTERMEDIATE,TRAINER,12,10061,11880,84,1
14048,Bolt of Runecloth,INTERMEDIATE,TRAINER,1,9658,11880,81,1
13462,Purification Potion,ELIXIR_POT,TRAINER,18,6082,5590,108,0
24268,Netherweave Net,MISC,TRAINER,18,5248,7200,72,1
24270,Bag of Jewels,BAG,VENDOR,1,17852,20006,89,1
24270,Bag of Jewels,BAG,VENDOR,1,17673,20006,88,1
24270,Bag of Jewels,BAG,VENDOR,1,17852,20006,89,1
24270,Bag of Jewels,BAG,VENDOR,1,17673,20006,88,1
24270,Bag of Jewels,BAG,VENDOR,1,17852,20006,89,1
24270,Bag of Jewels,BAG,VENDOR,1,17673,20006,88,1
24270,Bag of Jewels,BAG,VENDOR,1,17852,20006,89,1
24270,Bag of Jewels,BAG,VENDOR,1,17673,20006,88,1
40195,Pygmy Oil,INTERMEDIATE,TRAINER,5,276,300,92,1
40195,Pygmy Oil,INTERMEDIATE,TRAINER,6,262,300,87,1
13423,Stonescale Oil,INTERMEDIATE,TRAINER,8,95,102,93,1
13423,Stonescale Oil,INTERMEDIATE,TRAINER,4,94,102,92,1
5966,Guardian Gloves,GEAR,TRAINER,1,3525,4183,84,1
5966,Guardian Gloves,GEAR,TRAINER,1,3348,4183,80,1
5966,Guardian Gloves,GEAR,TRAINER,1,3314,4183,79,1
5966,Guardian Gloves,GEAR,TRAINER,1,3525,4183,84,1
5966,Guardian Gloves,GEAR,TRAINER,1,3348,4183,80,1
5966,Guardian Gloves,GEAR,TRAINER,1,3314,4183,79,1
5966,Guardian Gloves,GEAR,TRAINER,1,3525,4183,84,1
5966,Guardian Gloves,GEAR,TRAINER,1,3348,4183,80,1
5966,Guardian Gloves,GEAR,TRAINER,1,3314,4183,79,1
5966,Guardian Gloves,GEAR,TRAINER,1,3525,4183,84,1
5966,Guardian Gloves,GEAR,TRAINER,1,3348,4183,80,1
5966,Guardian Gloves,GEAR,TRAINER,1,3314,4183,79,1
23518,Felsteel Leggings,GEAR,DROP,1,5,8,62,1
23518,Felsteel Leggings,GEAR,DROP,1,4,8,50,1
23518,Felsteel Leggings,GEAR,DROP,1,4,8,50,1
23518,Felsteel Leggings,GEAR,DROP,1,4,8,50,1
23518,Felsteel Leggings,GEAR,DROP,1,5,8,62,1
23518,Felsteel Leggings,GEAR,DROP,1,4,8,50,1
23518,Felsteel Leggings,GEAR,DROP,1,4,8,50,1
23518,Felsteel Leggings,GEAR,DROP,1,4,8,50,1
23518,Felsteel Leggings,GEAR,DROP,1,5,8,62,1
23518,Felsteel Leggings,GEAR,DROP,1,4,8,50,1
13423,Stonescale Oil,INTERMEDIATE,TRAINER,7,75,102,73,1
44958,Ethereal Oil,INTERMEDIATE,TRAINER,7,75,96,78,1
44958,Ethereal Oil,INTERMEDIATE,TRAINER,2,71,96,73,1
44958,Ethereal Oil,INTERMEDIATE,TRAINER,6,72,96,75,1
44958,Ethereal Oil,INTERMEDIATE,TRAINER,2,69,96,71,1
23785,Hardened Adamantite Tube,INTERMEDIATE,TRAINER,4,2,3,66,1
23785,Hardened Adamantite Tube,INTERMEDIATE,TRAINER,8,1,3,33,1
22448,Small Prismatic Shard,INTERMEDIATE,TRAINER,20,1,0,0,1
22448,Small Prismatic Shard,INTERMEDIATE,TRAINER,2,1,0,0,1
22448,Small Prismatic Shard,INTERMEDIATE,TRAINER,17,1,0,0,1
21862,Imbued Netherweave Tunic,GEAR,VENDOR,1,52628,65006,80,1
21862,Imbued Netherweave Tunic,GEAR,VENDOR,1,49996,65006,76,1
21862,Imbued Netherweave Tunic,GEAR,VENDOR,1,48496,65006,74,1
21862,Imbued Netherweave Tunic,GEAR,VENDOR,1,46556,65006,71,1
21862,Imbued Netherweave Tunic,GEAR,VENDOR,1,52628,65006,80,1
21862,Imbued Netherweave Tunic,GEAR,VENDOR,1,49996,65006,76,1
21862,Imbued Netherweave Tunic,GEAR,VENDOR,1,48496,65006,74,1
23787,Felsteel Stabilizer,INTERMEDIATE,TRAINER,3,1,2,50,1
23787,Felsteel Stabilizer,INTERMEDIATE,TRAINER,4,1,2,50,1
44958,Ethereal Oil,INTERMEDIATE,TRAINER,1,90,96,93,1
44958,Ethereal Oil,INTERMEDIATE,TRAINER,13,88,96,91,1
22761,Bramblewood Belt,GEAR,VENDOR,1,19101,22849,83,1
22761,Bramblewood Belt,GEAR,VENDOR,1,18909,22849,82,1
22761,Bramblewood Belt,GEAR,VENDOR,1,19101,22849,83,1
22761,Bramblewood Belt,GEAR,VENDOR,1,18909,22849,82,1
22761,Bramblewood Belt,GEAR,VENDOR,1,19101,22849,83,1
22761,Bramblewood Belt,GEAR,VENDOR,1,18909,22849,82,1
22761,Bramblewood Belt,GEAR,VENDOR,1,19101,22849,83,1
22761,Bramblewood Belt,GEAR,VENDOR,1,18909,22849,82,1
22761,Bramblewood Belt,GEAR,VENDOR,1,19101,22849,83,1
22761,Bramblewood Belt,GEAR,VENDOR,1,18909,22849,82,1
22761,Bramblewood Belt,GEAR,VENDOR,1,19101,22849,83,1
22761,Bramblewood Belt,GEAR,VENDOR,1,18909,22849,82,1
22761,Bramblewood Belt,GEAR,VENDOR,1,19101,22849,83,1
10056,Orange Mageweave Shirt,GEAR,TRAINER,1,5621,6998,80,1
10056,Orange Mageweave Shirt,GEAR,TRAINER,1,5508,6998,78,1
10056,Orange Mageweave Shirt,GEAR,TRAINER,1,5397,6998,77,1
10056,Orange Mageweave Shirt,GEAR,TRAINER,1,5127,6998,73,1
10056,Orange Mageweave Shirt,GEAR,TRAINER,1,5621,6998,80,1
10056,Orange Mageweave Shirt,GEAR,TRAINER,1,5508,6998,78,1
10056,Orange Mageweave Shirt,GEAR,TRAINER,1,5397,6998,77,1
10056,Orange Mageweave Shirt,GEAR,TRAINER,1,5127,6998,73,1
10056,Orange Mageweave Shirt,GEAR,TRAINER,1,5621,6998,80,1
10056,Orange Mageweave Shirt,GEAR,TRAINER,1,5508,6998,78,1
10056,Orange Mageweave Shirt,GEAR,TRAINER,1,5397,6998,77,1
10056,Orange Mageweave Shirt,GEAR,TRAINER,1,5127,6998,73,1
10056,Orange Mageweave Shirt,GEAR,TRAINER,1,5621,6998,80,1
10056,Orange Mageweave Shirt,GEAR,TRAINER,1,5508,6998,78,1
44958,Ethereal Oil,INTERMEDIATE,TRAINER,4,96,96,100,1
44958,Ethereal Oil,INTERMEDIATE,TRAINER,2,93,96,96,1
32836,Purified Shadow Pearl,GEM_CUT,TRAINER,1,7180,9280,77,1
32836,Purified Shadow Pearl,GEM_CUT,TRAINER,1,7108,9280,76,1
32836,Purified Shadow Pearl,GEM_CUT,TRAINER,1,6965,9280,75,1
32836,Purified Shadow Pearl,GEM_CUT,TRAINER,1,6895,9280,74,1
32836,Purified Shadow Pearl,GEM_CUT,TRAINER,1,7180,9280,77,1
32836,Purified Shadow Pearl,GEM_CUT,TRAINER,1,7108,9280,76,1
32836,Purified Shadow Pearl,GEM_CUT,TRAINER,1,6965,9280,75,1
32836,Purified Shadow Pearl,GEM_CUT,TRAINER,1,6895,9280,74,1
32836,Purified Shadow Pearl,GEM_CUT,TRAINER,1,7180,9280,77,1
32836,Purified Shadow Pearl,GEM_CUT,TRAINER,1,7108,9280,76,1
32836,Purified Shadow Pearl,GEM_CUT,TRAINER,1,6965,9280,75,1
32836,Purified Shadow Pearl,GEM_CUT,TRAINER,1,6895,9280,74,1
32836,Purified Shadow Pearl,GEM_CUT,TRAINER,1,7180,9280,77,1
32836,Purified Shadow Pearl,GEM_CUT,TRAINER,1,7108,9280,76,1
32836,Purified Shadow Pearl,GEM_CUT,TRAINER,1,6965,9280,75,1
21887,Knothide Leather,INTERMEDIATE,TRAINER,12,5391,7500,71,1
21887,Knothide Leather,INTERMEDIATE,TRAINER,3,5121,7500,68,1
24268,Netherweave Net,MISC,TRAINER,20,6093,7200,84,1
24268,Netherweave Net,MISC,TRAINER,10,6032,7200,83,1
23787,Felsteel Stabilizer,INTERMEDIATE,TRAINER,9,1,2,50,1
23787,Felsteel Stabilizer,INTERMEDIATE,TRAINER,3,1,2,50,1
4241,Green Woolen Bag,BAG,DROP,1,4652,1832,253,0
12359,Thorium Bar,INTERMEDIATE,TRAINER,1,1464,1545,94,1
12359,Thorium Bar,INTERMEDIATE,TRAINER,13,1405,1545,90,1
6384,Stylish Blue Shirt,GEAR,DROP,1,1799,2182,82,1
6384,Stylish Blue Shirt,GEAR,DROP,1,1709,2182,78,1
6384,Stylish Blue Shirt,GEAR,DROP,1,1799,2182,82,1
6384,Stylish Blue Shirt,GEAR,DROP,1,1709,2182,78,1
6384,Stylish Blue Shirt,GEAR,DROP,1,1799,2182,82,1
6384,Stylish Blue Shirt,GEAR,DROP,1,1709,2182,78,1
6384,Stylish Blue Shirt,GEAR,DROP,1,1799,2182,82,1
6384,Stylish Blue Shirt,GEAR,DROP,1,1709,2182,78,1
6384,Stylish Blue Shirt,GEAR,DROP,1,1799,2182,82,1
6384,Stylish Blue Shirt,GEAR,DROP,1,1709,2182,78,1
6384,Stylish Blue Shirt,GEAR,DROP,1,1799,2182,82,1
6384,Stylish Blue Shirt,GEAR,DROP,1,1709,2182,78,1
6384,Stylish Blue Shirt,GEAR,DROP,1,1799,2182,82,1
6384,Stylish Blue Shirt,GEAR,DROP,1,1709,2182,78,1
6384,Stylish Blue Shirt,GEAR,DROP,1,1799,2182,82,1
23787,Felsteel Stabilizer,INTERMEDIATE,TRAINER,2,1,2,50,1
23787,Felsteel Stabilizer,INTERMEDIATE,TRAINER,3,1,2,50,1
21861,Imbued Netherweave Robe,GEAR,VENDOR,1,60747,65006,93,1
21861,Imbued Netherweave Robe,GEAR,VENDOR,1,59532,65006,91,1
21861,Imbued Netherweave Robe,GEAR,VENDOR,1,57746,65006,88,1
21861,Imbued Netherweave Robe,GEAR,VENDOR,1,56591,65006,87,1
21861,Imbued Netherweave Robe,GEAR,VENDOR,1,60747,65006,93,1
21861,Imbued Netherweave Robe,GEAR,VENDOR,1,59532,65006,91,1
21861,Imbued Netherweave Robe,GEAR,VENDOR,1,57746,65006,88,1
21861,Imbued Netherweave Robe,GEAR,VENDOR,1,56591,65006,87,1
21861,Imbued Netherweave Robe,GEAR,VENDOR,1,60747,65006,93,1
21861,Imbued Netherweave Robe,GEAR,VENDOR,1,59532,65006,91,1
21861,Imbued Netherweave Robe,GEAR,VENDOR,1,57746,65006,88,1
21861,Imbued Netherweave Robe,GEAR,VENDOR,1,56591,65006,87,1
22448,Small Prismatic Shard,INTERMEDIATE,TRAINER,20,1,0,0,1
22448,Small Prismatic Shard,INTERMEDIATE,TRAINER,20,1,0,0,1
22448,Small Prismatic Shard,INTERMEDIATE,TRAINER,2,1,0,0,1
32833,Purified Jaggal Pearl,GEM_CUT,TRAINER,1,7666,9280,82,1
32833,Purified Jaggal Pearl,GEM_CUT,TRAINER,1,7282,9280,78,1
32833,Purified Jaggal Pearl,GEM_CUT,TRAINER,1,6990,9280,75,1
32833,Purified Jaggal Pearl,GEM_CUT,TRAINER,1,7666,9280,82,1
32833,Purified Jaggal Pearl,GEM_CUT,TRAINER,1,7282,9280,78,1
24270,Bag of Jewels,BAG,VENDOR,1,17824,20006,89,1
24270,Bag of Jewels,BAG,VENDOR,1,17111,20006,85,1
24270,Bag of Jewels,BAG,VENDOR,1,17824,20006,89,1
24270,Bag of Jewels,BAG,VENDOR,1,17111,20006,85,1
24270,Bag of Jewels,BAG,VENDOR,1,17824,20006,89,1
24270,Bag of Jewels,BAG,VENDOR,1,17111,20006,85,1
24270,Bag of Jewels,BAG,VENDOR,1,17824,20006,89,1
24270,Bag of Jewels,BAG,VENDOR,1,17111,20006,85,1
24270,Bag of Jewels,BAG,VENDOR,1,17824,20006,89,1
23517,Felsteel Gloves,GEAR,DROP,1,4,6,66,1
23517,Felsteel Gloves,GEAR,DROP,1,3,6,50,1
23517,Felsteel Gloves,GEAR,DROP,1,4,6,66,1
23517,Felsteel Gloves,GEAR,DROP,1,3,6,50,1
23517,Felsteel Gloves,GEAR,DROP,1,4,6,66,1
23517,Felsteel Gloves,GEAR,DROP,1,3,6,50,1
23517,Felsteel Gloves,GEAR,DROP,1,4,6,66,1
23517,Felsteel Gloves,GEAR,DROP,1,3,6,50,1
23517,Felsteel Gloves,GEAR,DROP,1,4,6,66,1
23517,Felsteel Gloves,GEAR,DROP,1,3,6,50,1
23517,Felsteel Gloves,GEAR,DROP,1,4,6,66,1
23517,Felsteel Gloves,GEAR,DROP,1,3,6,50,1
24270,Bag of Jewels,BAG,VENDOR,1,17284,20006,86,1
24270,Bag of Jewels,BAG,VENDOR,1,16592,20006,82,1
24270,Bag of Jewels,BAG,VENDOR,1,17284,20006,86,1
24270,Bag of Jewels,BAG,VENDOR,1,16592,20006,82,1
24270,Bag of Jewels,BAG,VENDOR,1,17284,20006,86,1
24270,Bag of Jewels,BAG,VENDOR,1,16592,20006,82,1
24270,Bag of Jewels,BAG,VENDOR,1,17284,20006,86,1
10008,White Bandit Mask,GEAR,DROP,1,4189,6023,69,1
10008,White Bandit Mask,GEAR,DROP,1,4063,6023,67,1
10008,White Bandit Mask,GEAR,DROP,1,3900,6023,64,1
10008,White Bandit Mask,GEAR,DROP,1,3705,6023,61,1
10008,White Bandit Mask,GEAR,DROP,1,4189,6023,69,1
10008,White Bandit Mask,GEAR,DROP,1,4063,6023,67,1
10008,White Bandit Mask,GEAR,DROP,1,3900,6023,64,1
10008,White Bandit Mask,GEAR,DROP,1,3705,6023,61,1
10008,White Bandit Mask,GEAR,DROP,1,4189,6023,69,1
24269,Heavy Netherweave Net,MISC,UNSOURCED,18,12130,14400,84,1
22448,Small Prismatic Shard,INTERMEDIATE,TRAINER,20,1,0,0,1
22448,Small Prismatic Shard,INTERMEDIATE,TRAINER,9,1,0,0,1
22448,Small Prismatic Shard,INTERMEDIATE,TRAINER,4,1,0,0,1
24270,Bag of Jewels,BAG,VENDOR,1,15100,20006,75,1
24270,Bag of Jewels,BAG,VENDOR,1,14949,20006,74,1
24270,Bag of Jewels,BAG,VENDOR,1,14799,20006,73,1
24270,Bag of Jewels,BAG,VENDOR,1,14207,20006,71,1
24270,Bag of Jewels,BAG,VENDOR,1,15100,20006,75,1
24270,Bag of Jewels,BAG,VENDOR,1,14949,20006,74,1
24270,Bag of Jewels,BAG,VENDOR,1,14799,20006,73,1
22448,Small Prismatic Shard,INTERMEDIATE,TRAINER,20,1,0,0,1
22448,Small Prismatic Shard,INTERMEDIATE,TRAINER,20,1,0,0,1
22448,Small Prismatic Shard,INTERMEDIATE,TRAINER,2,1,0,0,1
22448,Small Prismatic Shard,INTERMEDIATE,TRAINER,3,1,0,0,1
44839,Candied Sweet Potato,FOOD,DROP,9,16,18,88,1
13423,Stonescale Oil,INTERMEDIATE,TRAINER,2,88,102,86,1
13423,Stonescale Oil,INTERMEDIATE,TRAINER,9,85,102,83,1
22448,Small Prismatic Shard,INTERMEDIATE,TRAINER,20,1,0,0,1
22448,Small Prismatic Shard,INTERMEDIATE,TRAINER,4,1,0,0,1
22448,Small Prismatic Shard,INTERMEDIATE,TRAINER,6,1,0,0,1
22448,Small Prismatic Shard,INTERMEDIATE,TRAINER,20,1,0,0,1
22448,Small Prismatic Shard,INTERMEDIATE,TRAINER,2,1,0,0,1
22448,Small Prismatic Shard,INTERMEDIATE,TRAINER,5,1,0,0,1
5966,Guardian Gloves,GEAR,TRAINER,1,3704,4183,88,1
5966,Guardian Gloves,GEAR,TRAINER,1,3518,4183,84,1
5966,Guardian Gloves,GEAR,TRAINER,1,3704,4183,88,1
5966,Guardian Gloves,GEAR,TRAINER,1,3518,4183,84,1
5966,Guardian Gloves,GEAR,TRAINER,1,3704,4183,88,1
24270,Bag of Jewels,BAG,VENDOR,1,17477,20006,87,1
24270,Bag of Jewels,BAG,VENDOR,1,16777,20006,83,1
24270,Bag of Jewels,BAG,VENDOR,1,16273,20006,81,1
24270,Bag of Jewels,BAG,VENDOR,1,17477,20006,87,1
24270,Bag of Jewels,BAG,VENDOR,1,16777,20006,83,1
24270,Bag of Jewels,BAG,VENDOR,1,16273,20006,81,1
24270,Bag of Jewels,BAG,VENDOR,1,17477,20006,87,1
24270,Bag of Jewels,BAG,VENDOR,1,16777,20006,83,1
24270,Bag of Jewels,BAG,VENDOR,1,16273,20006,81,1
24270,Bag of Jewels,BAG,VENDOR,1,17477,20006,87,1
24270,Bag of Jewels,BAG,VENDOR,1,16777,20006,83,1
24270,Bag of Jewels,BAG,VENDOR,1,16273,20006,81,1
24270,Bag of Jewels,BAG,VENDOR,1,17477,20006,87,1
24270,Bag of Jewels,BAG,VENDOR,1,16777,20006,83,1
23518,Felsteel Leggings,GEAR,DROP,1,5,8,62,1
23518,Felsteel Leggings,GEAR,DROP,1,4,8,50,1
23518,Felsteel Leggings,GEAR,DROP,1,4,8,50,1
23518,Felsteel Leggings,GEAR,DROP,1,5,8,62,1
23518,Felsteel Leggings,GEAR,DROP,1,4,8,50,1
23518,Felsteel Leggings,GEAR,DROP,1,4,8,50,1
23518,Felsteel Leggings,GEAR,DROP,1,5,8,62,1
23785,Hardened Adamantite Tube,INTERMEDIATE,TRAINER,7,2,3,66,1
23785,Hardened Adamantite Tube,INTERMEDIATE,TRAINER,6,1,3,33,1
8545,Heavy Mageweave Bandage,MISC,TRAINER,6,1650,2020,81,1
24268,Netherweave Net,MISC,TRAINER,16,7038,7200,97,1
23517,Felsteel Gloves,GEAR,DROP,1,5,6,83,1
23517,Felsteel Gloves,GEAR,DROP,1,4,6,66,1
23517,Felsteel Gloves,GEAR,DROP,1,5,6,83,1
23517,Felsteel Gloves,GEAR,DROP,1,4,6,66,1
23517,Felsteel Gloves,GEAR,DROP,1,5,6,83,1
23517,Felsteel Gloves,GEAR,DROP,1,4,6,66,1
23517,Felsteel Gloves,GEAR,DROP,1,5,6,83,1
23517,Felsteel Gloves,GEAR,DROP,1,4,6,66,1
23517,Felsteel Gloves,GEAR,DROP,1,5,6,83,1
23517,Felsteel Gloves,GEAR,DROP,1,4,6,66,1
23517,Felsteel Gloves,GEAR,DROP,1,5,6,83,1
23517,Felsteel Gloves,GEAR,DROP,1,4,6,66,1
13513,Flask of Chromatic Resistance,FLASK,DROP,5,34177,20250,168,0
13513,Flask of Chromatic Resistance,FLASK,DROP,5,32809,20250,162,0
13513,Flask of Chromatic Resistance,FLASK,DROP,5,31168,20250,153,0
13513,Flask of Chromatic Resistance,FLASK,DROP,20,30856,20250,152,0
13513,Flask of Chromatic Resistance,FLASK,DROP,5,34177,20250,168,0
23785,Hardened Adamantite Tube,INTERMEDIATE,TRAINER,2,2,3,66,1
23785,Hardened Adamantite Tube,INTERMEDIATE,TRAINER,6,1,3,33,1
24269,Heavy Netherweave Net,MISC,UNSOURCED,12,10301,14400,71,1
24269,Heavy Netherweave Net,MISC,UNSOURCED,14,10730,14400,74,1
22448,Small Prismatic Shard,INTERMEDIATE,TRAINER,20,1,0,0,1
22448,Small Prismatic Shard,INTERMEDIATE,TRAINER,20,1,0,0,1
22448,Small Prismatic Shard,INTERMEDIATE,TRAINER,2,1,0,0,1
24268,Netherweave Net,MISC,TRAINER,20,6140,7200,85,1
24268,Netherweave Net,MISC,TRAINER,6,5955,7200,82,1
23785,Hardened Adamantite Tube,INTERMEDIATE,TRAINER,2,2,3,66,1
23785,Hardened Adamantite Tube,INTERMEDIATE,TRAINER,4,1,3,33,1
24269,Heavy Netherweave Net,MISC,UNSOURCED,14,12484,14400,86,1
44958,Ethereal Oil,INTERMEDIATE,TRAINER,1,69,96,71,1
44958,Ethereal Oil,INTERMEDIATE,TRAINER,12,66,96,68,1
24269,Heavy Netherweave Net,MISC,UNSOURCED,20,12816,14400,89,1
23446,Adamantite Bar,INTERMEDIATE,TRAINER,5,14535,18000,80,1
23446,Adamantite Bar,INTERMEDIATE,TRAINER,1,14389,18000,79,1
23519,Felsteel Helm,GEAR,DROP,1,6,8,75,1
23519,Felsteel Helm,GEAR,DROP,1,5,8,62,1
23519,Felsteel Helm,GEAR,DROP,1,6,8,75,1
23519,Felsteel Helm,GEAR,DROP,1,5,8,62,1
23519,Felsteel Helm,GEAR,DROP,1,6,8,75,1
23519,Felsteel Helm,GEAR,DROP,1,5,8,62,1
23519,Felsteel Helm,GEAR,DROP,1,6,8,75,1
23519,Felsteel Helm,GEAR,DROP,1,5,8,62,1
23519,Felsteel Helm,GEAR,DROP,1,6,8,75,1
23517,Felsteel Gloves,GEAR,DROP,1,5,6,83,1
23517,Felsteel Gloves,GEAR,DROP,1,4,6,66,1
23517,Felsteel Gloves,GEAR,DROP,1,5,6,83,1
23517,Felsteel Gloves,GEAR,DROP,1,4,6,66,1
23517,Felsteel Gloves,GEAR,DROP,1,5,6,83,1
23517,Felsteel Gloves,GEAR,DROP,1,4,6,66,1
23517,Felsteel Gloves,GEAR,DROP,1,5,6,83,1
23517,Felsteel Gloves,GEAR,DROP,1,4,6,66,1
23517,Felsteel Gloves,GEAR,DROP,1,5,6,83,1
23517,Felsteel Gloves,GEAR,DROP,1,4,6,66,1
23517,Felsteel Gloves,GEAR,DROP,1,5,6,83,1
23517,Felsteel Gloves,GEAR,DROP,1,4,6,66,1
23517,Felsteel Gloves,GEAR,DROP,1,5,6,83,1
24269,Heavy Netherweave Net,MISC,UNSOURCED,20,13939,14400,96,1
23793,Heavy Knothide Leather,INTERMEDIATE,TRAINER,6,24380,25000,97,1
23793,Heavy Knothide Leather,INTERMEDIATE,TRAINER,3,23892,25000,95,1
21752,Thorium Setting,INTERMEDIATE,TRAINER,12,1297,1545,83,1
21752,Thorium Setting,INTERMEDIATE,TRAINER,3,1271,1545,82,1
18662,Heavy Leather Ball,MISC,VENDOR,5,944,1312,71,1
18662,Heavy Leather Ball,MISC,VENDOR,5,896,1312,68,1
18662,Heavy Leather Ball,MISC,VENDOR,1,851,1312,64,1
22448,Small Prismatic Shard,INTERMEDIATE,TRAINER,5,1,0,0,1
22448,Small Prismatic Shard,INTERMEDIATE,TRAINER,13,1,0,0,1
23449,Khorium Bar,INTERMEDIATE,TRAINER,5,28440,40000,71,1
24269,Heavy Netherweave Net,MISC,UNSOURCED,14,11335,14400,78,1
32836,Purified Shadow Pearl,GEM_CUT,TRAINER,1,7820,9280,84,1
32836,Purified Shadow Pearl,GEM_CUT,TRAINER,1,7585,9280,81,1
32836,Purified Shadow Pearl,GEM_CUT,TRAINER,1,7509,9280,80,1
32836,Purified Shadow Pearl,GEM_CUT,TRAINER,1,7820,9280,84,1
32836,Purified Shadow Pearl,GEM_CUT,TRAINER,1,7585,9280,81,1
32836,Purified Shadow Pearl,GEM_CUT,TRAINER,1,7509,9280,80,1
32836,Purified Shadow Pearl,GEM_CUT,TRAINER,1,7820,9280,84,1
32836,Purified Shadow Pearl,GEM_CUT,TRAINER,1,7585,9280,81,1
32836,Purified Shadow Pearl,GEM_CUT,TRAINER,1,7509,9280,80,1
32836,Purified Shadow Pearl,GEM_CUT,TRAINER,1,7820,9280,84,1
32836,Purified Shadow Pearl,GEM_CUT,TRAINER,1,7585,9280,81,1
32836,Purified Shadow Pearl,GEM_CUT,TRAINER,1,7509,9280,80,1
32836,Purified Shadow Pearl,GEM_CUT,TRAINER,1,9420,9280,101,1
32836,Purified Shadow Pearl,GEM_CUT,TRAINER,1,9231,9280,99,1
32836,Purified Shadow Pearl,GEM_CUT,TRAINER,1,8861,9280,95,1
32836,Purified Shadow Pearl,GEM_CUT,TRAINER,1,9420,9280,101,1
32836,Purified Shadow Pearl,GEM_CUT,TRAINER,1,9231,9280,99,1
21887,Knothide Leather,INTERMEDIATE,TRAINER,8,5913,7500,78,1
40153,Veiled Ametrine,GEM_CUT,VENDOR,1,261000,250000,104,0
40153,Veiled Ametrine,GEM_CUT,VENDOR,1,255780,250000,102,0
40153,Veiled Ametrine,GEM_CUT,VENDOR,1,250664,250000,100,0
22448,Small Prismatic Shard,INTERMEDIATE,TRAINER,20,1,0,0,1
22448,Small Prismatic Shard,INTERMEDIATE,TRAINER,19,1,0,0,1
23449,Khorium Bar,INTERMEDIATE,TRAINER,7,36400,40000,91,1
23449,Khorium Bar,INTERMEDIATE,TRAINER,7,34580,40000,86,1
24269,Heavy Netherweave Net,MISC,UNSOURCED,20,12516,14400,86,1
24269,Heavy Netherweave Net,MISC,UNSOURCED,4,11890,14400,82,1
8173,Thick Armor Kit,MISC,TRAINER,8,4336,6440,67,1
21341,Felcloth Bag,BAG,UNSOURCED,1,302207,199240,151,0
21341,Felcloth Bag,BAG,UNSOURCED,1,296162,199240,148,0
21341,Felcloth Bag,BAG,UNSOURCED,1,293200,199240,147,0
4236,Cured Heavy Hide,INTERMEDIATE,TRAINER,6,1147,1350,84,1
4236,Cured Heavy Hide,INTERMEDIATE,TRAINER,7,1101,1350,81,1
44958,Ethereal Oil,INTERMEDIATE,TRAINER,8,73,96,76,1
44958,Ethereal Oil,INTERMEDIATE,TRAINER,5,72,96,75,1
23519,Felsteel Helm,GEAR,DROP,1,7,8,87,1
23519,Felsteel Helm,GEAR,DROP,1,6,8,75,1
23519,Felsteel Helm,GEAR,DROP,1,7,8,87,1
23519,Felsteel Helm,GEAR,DROP,1,6,8,75,1
23519,Felsteel Helm,GEAR,DROP,1,7,8,87,1
23519,Felsteel Helm,GEAR,DROP,1,6,8,75,1
23519,Felsteel Helm,GEAR,DROP,1,7,8,87,1
23519,Felsteel Helm,GEAR,DROP,1,6,8,75,1
23519,Felsteel Helm,GEAR,DROP,1,7,8,87,1
40011,Stormy Sky Sapphire,GEM_CUT,VENDOR,1,172260,150000,114,0
40011,Stormy Sky Sapphire,GEM_CUT,VENDOR,1,163647,150000,109,0
23518,Felsteel Leggings,GEAR,DROP,1,7,8,87,1
23518,Felsteel Leggings,GEAR,DROP,1,6,8,75,1
23518,Felsteel Leggings,GEAR,DROP,1,5,8,62,1
23518,Felsteel Leggings,GEAR,DROP,1,4,8,50,1
23518,Felsteel Leggings,GEAR,DROP,1,7,8,87,1
23518,Felsteel Leggings,GEAR,DROP,1,6,8,75,1
22448,Small Prismatic Shard,INTERMEDIATE,TRAINER,20,1,0,0,1
22448,Small Prismatic Shard,INTERMEDIATE,TRAINER,1,1,0,0,1
23519,Felsteel Helm,GEAR,DROP,1,6,8,75,1
23519,Felsteel Helm,GEAR,DROP,1,5,8,62,1
23519,Felsteel Helm,GEAR,DROP,1,6,8,75,1
23519,Felsteel Helm,GEAR,DROP,1,5,8,62,1
23519,Felsteel Helm,GEAR,DROP,1,6,8,75,1
23519,Felsteel Helm,GEAR,DROP,1,5,8,62,1
23519,Felsteel Helm,GEAR,DROP,1,6,8,75,1
27662,Feltail Delight,FOOD,VENDOR,5,30,48,62,1
27662,Feltail Delight,FOOD,VENDOR,5,29,48,60,1
23517,Felsteel Gloves,GEAR,DROP,1,4,6,66,1
23517,Felsteel Gloves,GEAR,DROP,1,3,6,50,1
23517,Felsteel Gloves,GEAR,DROP,1,3,6,50,1
23517,Felsteel Gloves,GEAR,DROP,1,3,6,50,1
23517,Felsteel Gloves,GEAR,DROP,1,4,6,66,1
23517,Felsteel Gloves,GEAR,DROP,1,3,6,50,1
23517,Felsteel Gloves,GEAR,DROP,1,3,6,50,1
23517,Felsteel Gloves,GEAR,DROP,1,3,6,50,1
23517,Felsteel Gloves,GEAR,DROP,1,4,6,66,1
8544,Mageweave Bandage,MISC,TRAINER,7,678,1010,67,1
24268,Netherweave Net,MISC,TRAINER,20,6226,7200,86,1
24268,Netherweave Net,MISC,TRAINER,8,5914,7200,82,1
24270,Bag of Jewels,BAG,VENDOR,1,16075,20006,80,1
24270,Bag of Jewels,BAG,VENDOR,1,15271,20006,76,1
24270,Bag of Jewels,BAG,VENDOR,1,14660,20006,73,1
24270,Bag of Jewels,BAG,VENDOR,1,16075,20006,80,1
24270,Bag of Jewels,BAG,VENDOR,1,15271,20006,76,1
34330,Heavy Knothide Armor Kit,MISC,TRAINER,8,58327,75000,77,1
42420,Shadow Crystal Focusing Lens,MISC,TRAINER,1,14440,20000,72,1
42420,Shadow Crystal Focusing Lens,MISC,TRAINER,1,14295,20000,71,1
42420,Shadow Crystal Focusing Lens,MISC,TRAINER,1,14152,20000,70,1
42420,Shadow Crystal Focusing Lens,MISC,TRAINER,1,14440,20000,72,1
42420,Shadow Crystal Focusing Lens,MISC,TRAINER,1,14295,20000,71,1
42420,Shadow Crystal Focusing Lens,MISC,TRAINER,1,14152,20000,70,1
42420,Shadow Crystal Focusing Lens,MISC,TRAINER,1,14440,20000,72,1
42420,Shadow Crystal Focusing Lens,MISC,TRAINER,1,14295,20000,71,1
42420,Shadow Crystal Focusing Lens,MISC,TRAINER,1,14152,20000,70,1
21887,Knothide Leather,INTERMEDIATE,TRAINER,4,5670,7500,75,1
21887,Knothide Leather,INTERMEDIATE,TRAINER,3,5499,7500,73,1
44958,Ethereal Oil,INTERMEDIATE,TRAINER,8,67,96,69,1
44958,Ethereal Oil,INTERMEDIATE,TRAINER,1,63,96,65,1
44958,Ethereal Oil,INTERMEDIATE,TRAINER,2,90,96,93,1
44958,Ethereal Oil,INTERMEDIATE,TRAINER,7,88,96,91,1
23787,Felsteel Stabilizer,INTERMEDIATE,TRAINER,5,1,2,50,1
23787,Felsteel Stabilizer,INTERMEDIATE,TRAINER,10,1,2,50,1
6450,Silk Bandage,MISC,TRAINER,7,470,594,79,1
24271,Spellcloth,INTERMEDIATE,VENDOR,14,93313,64001,145,0
24271,Spellcloth,INTERMEDIATE,VENDOR,1,89580,64001,139,0
23447,Eternium Bar,INTERMEDIATE,TRAINER,6,16170,20000,80,1
23447,Eternium Bar,INTERMEDIATE,TRAINER,3,15361,20000,76,1
24269,Heavy Netherweave Net,MISC,UNSOURCED,18,9201,14400,63,1
24271,Spellcloth,INTERMEDIATE,VENDOR,12,62496,64001,97,1
24271,Spellcloth,INTERMEDIATE,VENDOR,3,61246,64001,95,1
24268,Netherweave Net,MISC,TRAINER,20,6933,7200,96,1
24268,Netherweave Net,MISC,TRAINER,4,6655,7200,92,1
21752,Thorium Setting,INTERMEDIATE,TRAINER,3,1175,1545,76,1
21752,Thorium Setting,INTERMEDIATE,TRAINER,7,1139,1545,73,1
23519,Felsteel Helm,GEAR,DROP,1,7,8,87,1
23519,Felsteel Helm,GEAR,DROP,1,6,8,75,1
23519,Felsteel Helm,GEAR,DROP,1,5,8,62,1
23519,Felsteel Helm,GEAR,DROP,1,7,8,87,1
23519,Felsteel Helm,GEAR,DROP,1,6,8,75,1
23518,Felsteel Leggings,GEAR,DROP,1,6,8,75,1
23518,Felsteel Leggings,GEAR,DROP,1,5,8,62,1
23518,Felsteel Leggings,GEAR,DROP,1,6,8,75,1
23518,Felsteel Leggings,GEAR,DROP,1,5,8,62,1
23518,Felsteel Leggings,GEAR,DROP,1,6,8,75,1
22448,Small Prismatic Shard,INTERMEDIATE,TRAINER,20,1,0,0,1
22448,Small Prismatic Shard,INTERMEDIATE,TRAINER,1,1,0,0,1
22448,Small Prismatic Shard,INTERMEDIATE,TRAINER,6,1,0,0,1
23787,Felsteel Stabilizer,INTERMEDIATE,TRAINER,5,1,2,50,1
22448,Small Prismatic Shard,INTERMEDIATE,TRAINER,20,1,0,0,1
22448,Small Prismatic Shard,INTERMEDIATE,TRAINER,4,1,0,0,1
23449,Khorium Bar,INTERMEDIATE,TRAINER,1,32800,40000,82,1
23449,Khorium Bar,INTERMEDIATE,TRAINER,6,32472,40000,81,1
10056,Orange Mageweave Shirt,GEAR,TRAINER,1,5266,6998,75,1
10056,Orange Mageweave Shirt,GEAR,TRAINER,1,5055,6998,72,1
10056,Orange Mageweave Shirt,GEAR,TRAINER,1,5266,6998,75,1
10056,Orange Mageweave Shirt,GEAR,TRAINER,1,5055,6998,72,1
10056,Orange Mageweave Shirt,GEAR,TRAINER,1,5266,6998,75,1
10056,Orange Mageweave Shirt,GEAR,TRAINER,1,5055,6998,72,1
10056,Orange Mageweave Shirt,GEAR,TRAINER,1,5266,6998,75,1
10056,Orange Mageweave Shirt,GEAR,TRAINER,1,5055,6998,72,1
10056,Orange Mageweave Shirt,GEAR,TRAINER,1,5266,6998,75,1
10056,Orange Mageweave Shirt,GEAR,TRAINER,1,5055,6998,72,1
23519,Felsteel Helm,GEAR,DROP,1,6,8,75,1
23519,Felsteel Helm,GEAR,DROP,1,5,8,62,1
23519,Felsteel Helm,GEAR,DROP,1,4,8,50,1
23519,Felsteel Helm,GEAR,DROP,1,4,8,50,1
23519,Felsteel Helm,GEAR,DROP,1,6,8,75,1
23519,Felsteel Helm,GEAR,DROP,1,5,8,62,1
23519,Felsteel Helm,GEAR,DROP,1,4,8,50,1
23519,Felsteel Helm,GEAR,DROP,1,4,8,50,1
23519,Felsteel Helm,GEAR,DROP,1,6,8,75,1
23517,Felsteel Gloves,GEAR,DROP,1,5,6,83,1
23517,Felsteel Gloves,GEAR,DROP,1,4,6,66,1
23517,Felsteel Gloves,GEAR,DROP,1,3,6,50,1
23517,Felsteel Gloves,GEAR,DROP,1,5,6,83,1
23517,Felsteel Gloves,GEAR,DROP,1,4,6,66,1
23517,Felsteel Gloves,GEAR,DROP,1,3,6,50,1
23517,Felsteel Gloves,GEAR,DROP,1,5,6,83,1
23517,Felsteel Gloves,GEAR,DROP,1,4,6,66,1
23517,Felsteel Gloves,GEAR,DROP,1,3,6,50,1
23517,Felsteel Gloves,GEAR,DROP,1,5,6,83,1
23517,Felsteel Gloves,GEAR,DROP,1,4,6,66,1
23517,Felsteel Gloves,GEAR,DROP,1,3,6,50,1
23517,Felsteel Gloves,GEAR,DROP,1,5,6,83,1
23517,Felsteel Gloves,GEAR,DROP,1,4,6,66,1
4318,Gloves of Meditation,GEAR,TRAINER,1,1834,2322,78,1
4318,Gloves of Meditation,GEAR,TRAINER,1,1778,2322,76,1
4318,Gloves of Meditation,GEAR,TRAINER,1,1834,2322,78,1
4318,Gloves of Meditation,GEAR,TRAINER,1,1778,2322,76,1
4318,Gloves of Meditation,GEAR,TRAINER,1,1834,2322,78,1
4318,Gloves of Meditation,GEAR,TRAINER,1,1778,2322,76,1
4318,Gloves of Meditation,GEAR,TRAINER,1,1834,2322,78,1
4318,Gloves of Meditation,GEAR,TRAINER,1,1778,2322,76,1
4318,Gloves of Meditation,GEAR,TRAINER,1,1834,2322,78,1
4318,Gloves of Meditation,GEAR,TRAINER,1,1778,2322,76,1
4318,Gloves of Meditation,GEAR,TRAINER,1,1834,2322,78,1
4318,Gloves of Meditation,GEAR,TRAINER,1,1778,2322,76,1
4318,Gloves of Meditation,GEAR,TRAINER,1,1834,2322,78,1
4318,Gloves of Meditation,GEAR,TRAINER,1,1778,2322,76,1
4330,Stylish Red Shirt,GEAR,TRAINER,1,1361,1424,95,1
4330,Stylish Red Shirt,GEAR,TRAINER,1,1306,1424,91,1
4330,Stylish Red Shirt,GEAR,TRAINER,1,1240,1424,87,1
4330,Stylish Red Shirt,GEAR,TRAINER,1,1361,1424,95,1
4330,Stylish Red Shirt,GEAR,TRAINER,1,1306,1424,91,1
4330,Stylish Red Shirt,GEAR,TRAINER,1,1240,1424,87,1
4330,Stylish Red Shirt,GEAR,TRAINER,1,1361,1424,95,1
4330,Stylish Red Shirt,GEAR,TRAINER,1,1306,1424,91,1
4330,Stylish Red Shirt,GEAR,TRAINER,1,1240,1424,87,1
4330,Stylish Red Shirt,GEAR,TRAINER,1,1361,1424,95,1
4330,Stylish Red Shirt,GEAR,TRAINER,1,1306,1424,91,1
44958,Ethereal Oil,INTERMEDIATE,TRAINER,6,89,96,92,1
44958,Ethereal Oil,INTERMEDIATE,TRAINER,2,88,96,91,1
41367,Dark Jade Focusing Lens,MISC,TRAINER,1,17112,20000,85,1
41367,Dark Jade Focusing Lens,MISC,TRAINER,1,16427,20000,82,1
41367,Dark Jade Focusing Lens,MISC,TRAINER,1,15605,20000,78,1
41367,Dark Jade Focusing Lens,MISC,TRAINER,1,15292,20000,76,1
41367,Dark Jade Focusing Lens,MISC,TRAINER,1,17112,20000,85,1
41367,Dark Jade Focusing Lens,MISC,TRAINER,1,16427,20000,82,1
41367,Dark Jade Focusing Lens,MISC,TRAINER,1,15605,20000,78,1
41367,Dark Jade Focusing Lens,MISC,TRAINER,1,15292,20000,76,1
41367,Dark Jade Focusing Lens,MISC,TRAINER,1,17112,20000,85,1
41367,Dark Jade Focusing Lens,MISC,TRAINER,1,16427,20000,82,1
41367,Dark Jade Focusing Lens,MISC,TRAINER,1,15605,20000,78,1
41367,Dark Jade Focusing Lens,MISC,TRAINER,1,15292,20000,76,1
41367,Dark Jade Focusing Lens,MISC,TRAINER,1,17112,20000,85,1
41367,Dark Jade Focusing Lens,MISC,TRAINER,1,16427,20000,82,1
23519,Felsteel Helm,GEAR,DROP,1,6,8,75,1
23519,Felsteel Helm,GEAR,DROP,1,5,8,62,1
23519,Felsteel Helm,GEAR,DROP,1,4,8,50,1
23519,Felsteel Helm,GEAR,DROP,1,4,8,50,1
23519,Felsteel Helm,GEAR,DROP,1,6,8,75,1
23519,Felsteel Helm,GEAR,DROP,1,5,8,62,1
23519,Felsteel Helm,GEAR,DROP,1,4,8,50,1
23519,Felsteel Helm,GEAR,DROP,1,4,8,50,1
23519,Felsteel Helm,GEAR,DROP,1,6,8,75,1
23519,Felsteel Helm,GEAR,DROP,1,5,8,62,1
23519,Felsteel Helm,GEAR,DROP,1,4,8,50,1
23519,Felsteel Helm,GEAR,DROP,1,4,8,50,1
23519,Felsteel Helm,GEAR,DROP,1,6,8,75,1
23519,Felsteel Helm,GEAR,DROP,1,5,8,62,1
23519,Felsteel Helm,GEAR,DROP,1,4,8,50,1
24269,Heavy Netherweave Net,MISC,UNSOURCED,20,11750,14400,81,1
24269,Heavy Netherweave Net,MISC,UNSOURCED,8,11515,14400,79,1
40195,Pygmy Oil,INTERMEDIATE,TRAINER,6,270,300,90,1
40195,Pygmy Oil,INTERMEDIATE,TRAINER,3,267,300,89,1
22448,Small Prismatic Shard,INTERMEDIATE,TRAINER,20,1,0,0,1
22448,Small Prismatic Shard,INTERMEDIATE,TRAINER,13,1,0,0,1
22448,Small Prismatic Shard,INTERMEDIATE,TRAINER,3,1,0,0,1
8170,Rugged Leather,INTERMEDIATE,TRAINER,9,6263,7128,87,1
8170,Rugged Leather,INTERMEDIATE,TRAINER,2,6137,7128,86,1
27663,Blackened Sporefish,FOOD,VENDOR,15,40,48,83,1
24270,Bag of Jewels,BAG,VENDOR,1,14883,20006,74,1
24270,Bag of Jewels,BAG,VENDOR,1,14138,20006,70,1
24270,Bag of Jewels,BAG,VENDOR,1,13855,20006,69,1
24270,Bag of Jewels,BAG,VENDOR,1,13300,20006,66,1
24270,Bag of Jewels,BAG,VENDOR,1,14883,20006,74,1
24268,Netherweave Net,MISC,TRAINER,16,6042,7200,83,1
23517,Felsteel Gloves,GEAR,DROP,1,4,6,66,1
23517,Felsteel Gloves,GEAR,DROP,1,3,6,50,1
23517,Felsteel Gloves,GEAR,DROP,1,4,6,66,1
23517,Felsteel Gloves,GEAR,DROP,1,3,6,50,1
23517,Felsteel Gloves,GEAR,DROP,1,4,6,66,1
23517,Felsteel Gloves,GEAR,DROP,1,3,6,50,1
23517,Felsteel Gloves,GEAR,DROP,1,4,6,66,1
23517,Felsteel Gloves,GEAR,DROP,1,3,6,50,1
23517,Felsteel Gloves,GEAR,DROP,1,4,6,66,1
23517,Felsteel Gloves,GEAR,DROP,1,3,6,50,1
23787,Felsteel Stabilizer,INTERMEDIATE,TRAINER,4,1,2,50,1
23787,Felsteel Stabilizer,INTERMEDIATE,TRAINER,2,1,2,50,1
23787,Felsteel Stabilizer,INTERMEDIATE,TRAINER,3,1,2,50,1
23787,Felsteel Stabilizer,INTERMEDIATE,TRAINER,5,1,2,50,1
23447,Eternium Bar,INTERMEDIATE,TRAINER,1,15400,20000,77,1
23447,Eternium Bar,INTERMEDIATE,TRAINER,7,14938,20000,74,1
24269,Heavy Netherweave Net,MISC,UNSOURCED,20,10981,14400,76,1
24269,Heavy Netherweave Net,MISC,UNSOURCED,6,10651,14400,73,1
23449,Khorium Bar,INTERMEDIATE,TRAINER,7,30952,40000,77,1
21752,Thorium Setting,INTERMEDIATE,TRAINER,4,1346,1545,87,1
21752,Thorium Setting,INTERMEDIATE,TRAINER,1,1332,1545,86,1
23519,Felsteel Helm,GEAR,DROP,1,5,8,62,1
23519,Felsteel Helm,GEAR,DROP,1,4,8,50,1
23519,Felsteel Helm,GEAR,DROP,1,4,8,50,1
23519,Felsteel Helm,GEAR,DROP,1,4,8,50,1
23519,Felsteel Helm,GEAR,DROP,1,5,8,62,1
23519,Felsteel Helm,GEAR,DROP,1,4,8,50,1
23519,Felsteel Helm,GEAR,DROP,1,4,8,50,1
23519,Felsteel Helm,GEAR,DROP,1,4,8,50,1
23519,Felsteel Helm,GEAR,DROP,1,5,8,62,1
22861,Flask of Blinding Light,FLASK,UNSOURCED,20,144965,52000,278,0
22861,Flask of Blinding Light,FLASK,UNSOURCED,5,139166,52000,267,0
22861,Flask of Blinding Light,FLASK,UNSOURCED,7,133599,52000,256,0
22448,Small Prismatic Shard,INTERMEDIATE,TRAINER,20,1,0,0,1
22448,Small Prismatic Shard,INTERMEDIATE,TRAINER,20,1,0,0,1
22448,Small Prismatic Shard,INTERMEDIATE,TRAINER,2,1,0,0,1
22448,Small Prismatic Shard,INTERMEDIATE,TRAINER,3,1,0,0,1
13423,Stonescale Oil,INTERMEDIATE,TRAINER,3,77,102,75,1
13423,Stonescale Oil,INTERMEDIATE,TRAINER,2,76,102,74,1
22448,Small Prismatic Shard,INTERMEDIATE,TRAINER,20,1,0,0,1
22448,Small Prismatic Shard,INTERMEDIATE,TRAINER,7,1,0,0,1
22448,Small Prismatic Shard,INTERMEDIATE,TRAINER,12,1,0,0,1
23518,Felsteel Leggings,GEAR,DROP,1,5,8,62,1
23518,Felsteel Leggings,GEAR,DROP,1,4,8,50,1
23518,Felsteel Leggings,GEAR,DROP,1,5,8,62,1
23518,Felsteel Leggings,GEAR,DROP,1,4,8,50,1
23518,Felsteel Leggings,GEAR,DROP,1,5,8,62,1
23518,Felsteel Leggings,GEAR,DROP,1,4,8,50,1
23518,Felsteel Leggings,GEAR,DROP,1,5,8,62,1
23518,Felsteel Leggings,GEAR,DROP,1,4,8,50,1
23518,Felsteel Leggings,GEAR,DROP,1,5,8,62,1
23518,Felsteel Leggings,GEAR,DROP,1,4,8,50,1
23518,Felsteel Leggings,GEAR,DROP,1,5,8,62,1
23518,Felsteel Leggings,GEAR,DROP,1,4,8,50,1
8173,Thick Armor Kit,MISC,TRAINER,10,4389,6440,68,1
8173,Thick Armor Kit,MISC,TRAINER,4,4169,6440,64,1
23518,Felsteel Leggings,GEAR,DROP,1,5,8,62,1
23518,Felsteel Leggings,GEAR,DROP,1,4,8,50,1
23518,Felsteel Leggings,GEAR,DROP,1,4,8,50,1
23518,Felsteel Leggings,GEAR,DROP,1,4,8,50,1
23518,Felsteel Leggings,GEAR,DROP,1,5,8,62,1
23518,Felsteel Leggings,GEAR,DROP,1,4,8,50,1
23518,Felsteel Leggings,GEAR,DROP,1,4,8,50,1
23518,Felsteel Leggings,GEAR,DROP,1,4,8,50,1
23518,Felsteel Leggings,GEAR,DROP,1,5,8,62,1
23518,Felsteel Leggings,GEAR,DROP,1,4,8,50,1
23518,Felsteel Leggings,GEAR,DROP,1,4,8,50,1
23518,Felsteel Leggings,GEAR,DROP,1,4,8,50,1
23518,Felsteel Leggings,GEAR,DROP,1,5,8,62,1
8544,Mageweave Bandage,MISC,TRAINER,11,751,1010,74,1
24268,Netherweave Net,MISC,TRAINER,20,5987,7200,83,1
24268,Netherweave Net,MISC,TRAINER,8,5807,7200,80,1
44958,Ethereal Oil,INTERMEDIATE,TRAINER,7,73,96,76,1
44958,Ethereal Oil,INTERMEDIATE,TRAINER,1,70,96,72,1
7966,Solid Grinding Stone,INTERMEDIATE,TRAINER,2,2920,2352,124,0
7966,Solid Grinding Stone,INTERMEDIATE,TRAINER,4,2861,2352,121,0
21887,Knothide Leather,INTERMEDIATE,TRAINER,4,5310,7500,70,1
21887,Knothide Leather,INTERMEDIATE,TRAINER,1,5044,7500,67,1
5966,Guardian Gloves,GEAR,TRAINER,1,2820,4183,67,1
5966,Guardian Gloves,GEAR,TRAINER,1,2679,4183,64,1
5966,Guardian Gloves,GEAR,TRAINER,1,2820,4183,67,1
5966,Guardian Gloves,GEAR,TRAINER,1,2679,4183,64,1
5966,Guardian Gloves,GEAR,TRAINER,1,2820,4183,67,1
5966,Guardian Gloves,GEAR,TRAINER,1,2679,4183,64,1
5966,Guardian Gloves,GEAR,TRAINER,1,2820,4183,67,1
5966,Guardian Gloves,GEAR,TRAINER,1,2679,4183,64,1
5966,Guardian Gloves,GEAR,TRAINER,1,2820,4183,67,1
5966,Guardian Gloves,GEAR,TRAINER,1,2679,4183,64,1
42420,Shadow Crystal Focusing Lens,MISC,TRAINER,1,14016,20000,70,1
42420,Shadow Crystal Focusing Lens,MISC,TRAINER,1,13595,20000,67,1
42420,Shadow Crystal Focusing Lens,MISC,TRAINER,1,14016,20000,70,1
42420,Shadow Crystal Focusing Lens,MISC,TRAINER,1,13595,20000,67,1
42420,Shadow Crystal Focusing Lens,MISC,TRAINER,1,14016,20000,70,1
42420,Shadow Crystal Focusing Lens,MISC,TRAINER,1,13595,20000,67,1
42420,Shadow Crystal Focusing Lens,MISC,TRAINER,1,14016,20000,70,1
42420,Shadow Crystal Focusing Lens,MISC,TRAINER,1,13595,20000,67,1
42420,Shadow Crystal Focusing Lens,MISC,TRAINER,1,14016,20000,70,1
42420,Shadow Crystal Focusing Lens,MISC,TRAINER,1,13595,20000,67,1
10512,Hi-Impact Mithril Slugs,AMMO,TRAINER,1000,10,13,76,1
10512,Hi-Impact Mithril Slugs,AMMO,TRAINER,600,9,13,69,1
24268,Netherweave Net,MISC,TRAINER,20,5054,7200,70,1
22449,Large Prismatic Shard,INTERMEDIATE,VENDOR,20,174720,240000,72,1
22449,Large Prismatic Shard,INTERMEDIATE,VENDOR,6,171225,240000,71,1
22449,Large Prismatic Shard,INTERMEDIATE,VENDOR,4,169512,240000,70,1
44958,Ethereal Oil,INTERMEDIATE,TRAINER,8,84,96,87,1
44958,Ethereal Oil,INTERMEDIATE,TRAINER,4,83,96,86,1
3575,Iron Bar,INTERMEDIATE,TRAINER,3,1036,900,115,0
3575,Iron Bar,INTERMEDIATE,TRAINER,2,1015,900,112,0
5966,Guardian Gloves,GEAR,TRAINER,1,3381,4183,80,1
5966,Guardian Gloves,GEAR,TRAINER,1,3313,4183,79,1
5966,Guardian Gloves,GEAR,TRAINER,1,3381,4183,80,1
5966,Guardian Gloves,GEAR,TRAINER,1,3313,4183,79,1
5966,Guardian Gloves,GEAR,TRAINER,1,3381,4183,80,1
5966,Guardian Gloves,GEAR,TRAINER,1,3313,4183,79,1
5966,Guardian Gloves,GEAR,TRAINER,1,3381,4183,80,1
5966,Guardian Gloves,GEAR,TRAINER,1,3313,4183,79,1
5966,Guardian Gloves,GEAR,TRAINER,1,3381,4183,80,1
5966,Guardian Gloves,GEAR,TRAINER,1,3313,4183,79,1
5966,Guardian Gloves,GEAR,TRAINER,1,3381,4183,80,1
5966,Guardian Gloves,GEAR,TRAINER,1,3313,4183,79,1
5966,Guardian Gloves,GEAR,TRAINER,1,3381,4183,80,1
22448,Small Prismatic Shard,INTERMEDIATE,TRAINER,20,1,0,0,1
22448,Small Prismatic Shard,INTERMEDIATE,TRAINER,11,1,0,0,1
22448,Small Prismatic Shard,INTERMEDIATE,TRAINER,2,1,0,0,1
23518,Felsteel Leggings,GEAR,DROP,1,5,8,62,1
23518,Felsteel Leggings,GEAR,DROP,1,4,8,50,1
23518,Felsteel Leggings,GEAR,DROP,1,5,8,62,1
23518,Felsteel Leggings,GEAR,DROP,1,4,8,50,1
23518,Felsteel Leggings,GEAR,DROP,1,5,8,62,1
44958,Ethereal Oil,INTERMEDIATE,TRAINER,8,71,96,73,1
44958,Ethereal Oil,INTERMEDIATE,TRAINER,7,68,96,70,1
3860,Mithril Bar,INTERMEDIATE,TRAINER,7,1111,1545,71,1
23447,Eternium Bar,INTERMEDIATE,TRAINER,8,16340,20000,81,1
23787,Felsteel Stabilizer,INTERMEDIATE,TRAINER,5,1,2,50,1
13423,Stonescale Oil,INTERMEDIATE,TRAINER,4,87,102,85,1
13423,Stonescale Oil,INTERMEDIATE,TRAINER,7,84,102,82,1
44958,Ethereal Oil,INTERMEDIATE,TRAINER,4,80,96,83,1
44958,Ethereal Oil,INTERMEDIATE,TRAINER,9,76,96,79,1
14529,Runecloth Bandage,MISC,TRAINER,12,1748,2376,73,1
23118,Solid Azure Moonstone,GEM_CUT,TRAINER,1,21816,20000,109,0
23118,Solid Azure Moonstone,GEM_CUT,TRAINER,1,21379,20000,106,0
22522,Superior Wizard Oil,MISC,VENDOR,1,20382,26039,78,1
22522,Superior Wizard Oil,MISC,VENDOR,1,19770,26039,75,1
22522,Superior Wizard Oil,MISC,VENDOR,1,19572,26039,75,1
22522,Superior Wizard Oil,MISC,VENDOR,1,19376,26039,74,1
22522,Superior Wizard Oil,MISC,VENDOR,1,20382,26039,78,1
22522,Superior Wizard Oil,MISC,VENDOR,1,19770,26039,75,1
22522,Superior Wizard Oil,MISC,VENDOR,1,19572,26039,75,1
5966,Guardian Gloves,GEAR,TRAINER,1,3748,4183,89,1
5966,Guardian Gloves,GEAR,TRAINER,1,3598,4183,86,1
5966,Guardian Gloves,GEAR,TRAINER,1,3562,4183,85,1
5966,Guardian Gloves,GEAR,TRAINER,1,3748,4183,89,1
5966,Guardian Gloves,GEAR,TRAINER,1,3598,4183,86,1
5966,Guardian Gloves,GEAR,TRAINER,1,3562,4183,85,1
5966,Guardian Gloves,GEAR,TRAINER,1,3748,4183,89,1
5966,Guardian Gloves,GEAR,TRAINER,1,3598,4183,86,1
5966,Guardian Gloves,GEAR,TRAINER,1,3562,4183,85,1
5966,Guardian Gloves,GEAR,TRAINER,1,3748,4183,89,1
5966,Guardian Gloves,GEAR,TRAINER,1,3598,4183,86,1
5966,Guardian Gloves,GEAR,TRAINER,1,3562,4183,85,1
5966,Guardian Gloves,GEAR,TRAINER,1,3748,4183,89,1
24271,Spellcloth,INTERMEDIATE,VENDOR,7,54745,64001,85,1
24271,Spellcloth,INTERMEDIATE,VENDOR,3,53650,64001,83,1
10056,Orange Mageweave Shirt,GEAR,TRAINER,1,5724,6998,81,1
10056,Orange Mageweave Shirt,GEAR,TRAINER,1,5437,6998,77,1
10056,Orange Mageweave Shirt,GEAR,TRAINER,1,5219,6998,74,1
10056,Orange Mageweave Shirt,GEAR,TRAINER,1,5062,6998,72,1
10056,Orange Mageweave Shirt,GEAR,TRAINER,1,5724,6998,81,1
10056,Orange Mageweave Shirt,GEAR,TRAINER,1,5437,6998,77,1
10056,Orange Mageweave Shirt,GEAR,TRAINER,1,5219,6998,74,1
10056,Orange Mageweave Shirt,GEAR,TRAINER,1,5062,6998,72,1
10056,Orange Mageweave Shirt,GEAR,TRAINER,1,5724,6998,81,1
10056,Orange Mageweave Shirt,GEAR,TRAINER,1,5437,6998,77,1
10056,Orange Mageweave Shirt,GEAR,TRAINER,1,5219,6998,74,1
10056,Orange Mageweave Shirt,GEAR,TRAINER,1,5062,6998,72,1
10056,Orange Mageweave Shirt,GEAR,TRAINER,1,5724,6998,81,1
10056,Orange Mageweave Shirt,GEAR,TRAINER,1,5437,6998,77,1
24269,Heavy Netherweave Net,MISC,UNSOURCED,20,12172,14400,84,1
24269,Heavy Netherweave Net,MISC,UNSOURCED,4,11563,14400,80,1
13510,Flask of the Titans,FLASK,DROP,5,35254,16860,209,0
13510,Flask of the Titans,FLASK,DROP,13,34196,16860,202,0
24268,Netherweave Net,MISC,TRAINER,20,6065,7200,84,1
24268,Netherweave Net,MISC,TRAINER,8,5822,7200,80,1
21861,Imbued Netherweave Robe,GEAR,VENDOR,1,41538,65006,63,1
21861,Imbued Netherweave Robe,GEAR,VENDOR,1,39876,65006,61,1
21861,Imbued Netherweave Robe,GEAR,VENDOR,1,41538,65006,63,1
21861,Imbued Netherweave Robe,GEAR,VENDOR,1,39876,65006,61,1
21861,Imbued Netherweave Robe,GEAR,VENDOR,1,41538,65006,63,1
21861,Imbued Netherweave Robe,GEAR,VENDOR,1,39876,65006,61,1
21861,Imbued Netherweave Robe,GEAR,VENDOR,1,41538,65006,63,1
21861,Imbued Netherweave Robe,GEAR,VENDOR,1,39876,65006,61,1
21861,Imbued Netherweave Robe,GEAR,VENDOR,1,41538,65006,63,1
21861,Imbued Netherweave Robe,GEAR,VENDOR,1,39876,65006,61,1
21861,Imbued Netherweave Robe,GEAR,VENDOR,1,41538,65006,63,1
21861,Imbued Netherweave Robe,GEAR,VENDOR,1,39876,65006,61,1
21861,Imbued Netherweave Robe,GEAR,VENDOR,1,41538,65006,63,1
21861,Imbued Netherweave Robe,GEAR,VENDOR,1,39876,65006,61,1
21861,Imbued Netherweave Robe,GEAR,VENDOR,1,41538,65006,63,1
18662,Heavy Leather Ball,MISC,VENDOR,5,1152,1312,87,1
18662,Heavy Leather Ball,MISC,VENDOR,5,1105,1312,84,1
22861,Flask of Blinding Light,FLASK,UNSOURCED,10,136240,52000,262,0
24269,Heavy Netherweave Net,MISC,UNSOURCED,20,10730,14400,74,1
24269,Heavy Netherweave Net,MISC,UNSOURCED,6,10515,14400,73,1
32836,Purified Shadow Pearl,GEM_CUT,TRAINER,1,8361,9280,90,1
32836,Purified Shadow Pearl,GEM_CUT,TRAINER,1,8193,9280,88,1
32836,Purified Shadow Pearl,GEM_CUT,TRAINER,1,8361,9280,90,1
32836,Purified Shadow Pearl,GEM_CUT,TRAINER,1,8193,9280,88,1
32836,Purified Shadow Pearl,GEM_CUT,TRAINER,1,8361,9280,90,1
32836,Purified Shadow Pearl,GEM_CUT,TRAINER,1,8193,9280,88,1
32836,Purified Shadow Pearl,GEM_CUT,TRAINER,1,8361,9280,90,1
32836,Purified Shadow Pearl,GEM_CUT,TRAINER,1,8193,9280,88,1
32836,Purified Shadow Pearl,GEM_CUT,TRAINER,1,8361,9280,90,1
32836,Purified Shadow Pearl,GEM_CUT,TRAINER,1,8193,9280,88,1
32836,Purified Shadow Pearl,GEM_CUT,TRAINER,1,8361,9280,90,1
32836,Purified Shadow Pearl,GEM_CUT,TRAINER,1,8193,9280,88,1
23785,Hardened Adamantite Tube,INTERMEDIATE,TRAINER,4,1,3,33,1
23785,Hardened Adamantite Tube,INTERMEDIATE,TRAINER,4,1,3,33,1
24269,Heavy Netherweave Net,MISC,UNSOURCED,14,11865,14400,82,1
10003,Black Mageweave Gloves,GEAR,TRAINER,1,10075,11996,83,1
10003,Black Mageweave Gloves,GEAR,TRAINER,1,9873,11996,82,1
10003,Black Mageweave Gloves,GEAR,TRAINER,1,9379,11996,78,1
10003,Black Mageweave Gloves,GEAR,TRAINER,1,9003,11996,75,1
10003,Black Mageweave Gloves,GEAR,TRAINER,1,10075,11996,83,1
10003,Black Mageweave Gloves,GEAR,TRAINER,1,9873,11996,82,1
10003,Black Mageweave Gloves,GEAR,TRAINER,1,9379,11996,78,1
10003,Black Mageweave Gloves,GEAR,TRAINER,1,9003,11996,75,1
10003,Black Mageweave Gloves,GEAR,TRAINER,1,10075,11996,83,1
23518,Felsteel Leggings,GEAR,DROP,1,6,8,75,1
23518,Felsteel Leggings,GEAR,DROP,1,5,8,62,1
23518,Felsteel Leggings,GEAR,DROP,1,4,8,50,1
23518,Felsteel Leggings,GEAR,DROP,1,4,8,50,1
23518,Felsteel Leggings,GEAR,DROP,1,6,8,75,1
23518,Felsteel Leggings,GEAR,DROP,1,5,8,62,1
23518,Felsteel Leggings,GEAR,DROP,1,4,8,50,1
23518,Felsteel Leggings,GEAR,DROP,1,4,8,50,1
23518,Felsteel Leggings,GEAR,DROP,1,6,8,75,1
23518,Felsteel Leggings,GEAR,DROP,1,5,8,62,1
23518,Felsteel Leggings,GEAR,DROP,1,4,8,50,1
23518,Felsteel Leggings,GEAR,DROP,1,4,8,50,1
23787,Felsteel Stabilizer,INTERMEDIATE,TRAINER,7,1,2,50,1
23787,Felsteel Stabilizer,INTERMEDIATE,TRAINER,6,1,2,50,1
44958,Ethereal Oil,INTERMEDIATE,TRAINER,5,75,96,78,1
44958,Ethereal Oil,INTERMEDIATE,TRAINER,1,72,96,75,1
35128,Hardened Khorium,INTERMEDIATE,DROP,3,108240,120001,90,1
35128,Hardened Khorium,INTERMEDIATE,DROP,5,107157,120001,89,1
22448,Small Prismatic Shard,INTERMEDIATE,TRAINER,20,1,0,0,1
22448,Small Prismatic Shard,INTERMEDIATE,TRAINER,11,1,0,0,1
22448,Small Prismatic Shard,INTERMEDIATE,TRAINER,8,1,0,0,1
31080,Mercurial Stone,GEAR,TRAINER,1,112819,96000,117,0
42420,Shadow Crystal Focusing Lens,MISC,TRAINER,1,17640,20000,88,1
42420,Shadow Crystal Focusing Lens,MISC,TRAINER,1,17287,20000,86,1
42420,Shadow Crystal Focusing Lens,MISC,TRAINER,1,16595,20000,82,1
42420,Shadow Crystal Focusing Lens,MISC,TRAINER,1,17640,20000,88,1
42420,Shadow Crystal Focusing Lens,MISC,TRAINER,1,17287,20000,86,1
42420,Shadow Crystal Focusing Lens,MISC,TRAINER,1,16595,20000,82,1
42420,Shadow Crystal Focusing Lens,MISC,TRAINER,1,17640,20000,88,1
42420,Shadow Crystal Focusing Lens,MISC,TRAINER,1,17287,20000,86,1
32836,Purified Shadow Pearl,GEM_CUT,TRAINER,1,8141,9280,87,1
32836,Purified Shadow Pearl,GEM_CUT,TRAINER,1,7815,9280,84,1
32836,Purified Shadow Pearl,GEM_CUT,TRAINER,1,8141,9280,87,1
32836,Purified Shadow Pearl,GEM_CUT,TRAINER,1,7815,9280,84,1
32836,Purified Shadow Pearl,GEM_CUT,TRAINER,1,8141,9280,87,1
32836,Purified Shadow Pearl,GEM_CUT,TRAINER,1,7815,9280,84,1
32836,Purified Shadow Pearl,GEM_CUT,TRAINER,1,8141,9280,87,1
32836,Purified Shadow Pearl,GEM_CUT,TRAINER,1,7815,9280,84,1
23787,Felsteel Stabilizer,INTERMEDIATE,TRAINER,2,1,2,50,1
23787,Felsteel Stabilizer,INTERMEDIATE,TRAINER,10,1,2,50,1
21843,Imbued Netherweave Bag,BAG,VENDOR,1,51747,60005,86,1
21843,Imbued Netherweave Bag,BAG,VENDOR,1,49677,60005,82,1
21843,Imbued Netherweave Bag,BAG,VENDOR,1,47689,60005,79,1
21843,Imbued Netherweave Bag,BAG,VENDOR,1,51747,60005,86,1
21843,Imbued Netherweave Bag,BAG,VENDOR,1,49677,60005,82,1
21843,Imbued Netherweave Bag,BAG,VENDOR,1,47689,60005,79,1
21843,Imbued Netherweave Bag,BAG,VENDOR,1,51747,60005,86,1
21887,Knothide Leather,INTERMEDIATE,TRAINER,10,5670,7500,75,1
21887,Knothide Leather,INTERMEDIATE,TRAINER,3,5556,7500,74,1
22448,Small Prismatic Shard,INTERMEDIATE,TRAINER,20,1,0,0,1
22448,Small Prismatic Shard,INTERMEDIATE,TRAINER,20,1,0,0,1
22448,Small Prismatic Shard,INTERMEDIATE,TRAINER,2,1,0,0,1
21862,Imbued Netherweave Tunic,GEAR,VENDOR,1,44853,65006,68,1
21862,Imbued Netherweave Tunic,GEAR,VENDOR,1,43955,65006,67,1
21862,Imbued Netherweave Tunic,GEAR,VENDOR,1,43515,65006,66,1
21862,Imbued Netherweave Tunic,GEAR,VENDOR,1,41339,65006,63,1
21862,Imbued Netherweave Tunic,GEAR,VENDOR,1,44853,65006,68,1
21862,Imbued Netherweave Tunic,GEAR,VENDOR,1,43955,65006,67,1
21862,Imbued Netherweave Tunic,GEAR,VENDOR,1,43515,65006,66,1
21862,Imbued Netherweave Tunic,GEAR,VENDOR,1,41339,65006,63,1
21862,Imbued Netherweave Tunic,GEAR,VENDOR,1,44853,65006,68,1
21862,Imbued Netherweave Tunic,GEAR,VENDOR,1,43955,65006,67,1
22448,Small Prismatic Shard,INTERMEDIATE,TRAINER,20,1,0,0,1
22448,Small Prismatic Shard,INTERMEDIATE,TRAINER,3,1,0,0,1
22448,Small Prismatic Shard,INTERMEDIATE,TRAINER,10,1,0,0,1
22445,Arcane Dust,INTERMEDIATE,UNSOURCED,20,4196,5013,83,1
22445,Arcane Dust,INTERMEDIATE,UNSOURCED,5,4112,5013,82,1
22445,Arcane Dust,INTERMEDIATE,UNSOURCED,8,4196,5013,83,1
23785,Hardened Adamantite Tube,INTERMEDIATE,TRAINER,6,1,3,33,1
23785,Hardened Adamantite Tube,INTERMEDIATE,TRAINER,5,1,3,33,1
13423,Stonescale Oil,INTERMEDIATE,TRAINER,9,73,102,71,1
25671,Thick Draenic Vest,GEAR,TRAINER,1,86402,85000,101,1
25671,Thick Draenic Vest,GEAR,TRAINER,1,85537,85000,100,1
25671,Thick Draenic Vest,GEAR,TRAINER,1,82115,85000,96,1
25671,Thick Draenic Vest,GEAR,TRAINER,1,80472,85000,94,1
25671,Thick Draenic Vest,GEAR,TRAINER,1,86402,85000,101,1
25671,Thick Draenic Vest,GEAR,TRAINER,1,85537,85000,100,1
25671,Thick Draenic Vest,GEAR,TRAINER,1,82115,85000,96,1
25671,Thick Draenic Vest,GEAR,TRAINER,1,80472,85000,94,1
25671,Thick Draenic Vest,GEAR,TRAINER,1,86402,85000,101,1
25671,Thick Draenic Vest,GEAR,TRAINER,1,85537,85000,100,1
25671,Thick Draenic Vest,GEAR,TRAINER,1,82115,85000,96,1
25671,Thick Draenic Vest,GEAR,TRAINER,1,80472,85000,94,1
25671,Thick Draenic Vest,GEAR,TRAINER,1,86402,85000,101,1
44958,Ethereal Oil,INTERMEDIATE,TRAINER,3,76,96,79,1
44958,Ethereal Oil,INTERMEDIATE,TRAINER,5,73,96,76,1
22448,Small Prismatic Shard,INTERMEDIATE,TRAINER,20,1,0,0,1
22448,Small Prismatic Shard,INTERMEDIATE,TRAINER,20,1,0,0,1
22448,Small Prismatic Shard,INTERMEDIATE,TRAINER,2,1,0,0,1
22448,Small Prismatic Shard,INTERMEDIATE,TRAINER,3,1,0,0,1
15407,Cured Rugged Hide,INTERMEDIATE,TRAINER,4,8317,9060,91,1
15407,Cured Rugged Hide,INTERMEDIATE,TRAINER,5,8233,9060,90,1
42420,Shadow Crystal Focusing Lens,MISC,TRAINER,1,19000,20000,95,1
42420,Shadow Crystal Focusing Lens,MISC,TRAINER,1,18050,20000,90,1
42420,Shadow Crystal Focusing Lens,MISC,TRAINER,1,19000,20000,95,1
42420,Shadow Crystal Focusing Lens,MISC,TRAINER,1,18050,20000,90,1
42420,Shadow Crystal Focusing Lens,MISC,TRAINER,1,19000,20000,95,1
42420,Shadow Crystal Focusing Lens,MISC,TRAINER,1,18050,20000,90,1
42420,Shadow Crystal Focusing Lens,MISC,TRAINER,1,19000,20000,95,1
42420,Shadow Crystal Focusing Lens,MISC,TRAINER,1,18050,20000,90,1
42420,Shadow Crystal Focusing Lens,MISC,TRAINER,1,19000,20000,95,1
42420,Shadow Crystal Focusing Lens,MISC,TRAINER,1,18050,20000,90,1
42420,Shadow Crystal Focusing Lens,MISC,TRAINER,1,19000,20000,95,1
23519,Felsteel Helm,GEAR,DROP,1,7,8,87,1
23519,Felsteel Helm,GEAR,DROP,1,6,8,75,1
23519,Felsteel Helm,GEAR,DROP,1,5,8,62,1
23519,Felsteel Helm,GEAR,DROP,1,4,8,50,1
23519,Felsteel Helm,GEAR,DROP,1,7,8,87,1
23519,Felsteel Helm,GEAR,DROP,1,6,8,75,1
23519,Felsteel Helm,GEAR,DROP,1,5,8,62,1
23519,Felsteel Helm,GEAR,DROP,1,4,8,50,1
23519,Felsteel Helm,GEAR,DROP,1,7,8,87,1
12359,Thorium Bar,INTERMEDIATE,TRAINER,8,1122,1545,72,1
12359,Thorium Bar,INTERMEDIATE,TRAINER,1,1110,1545,71,1
24269,Heavy Netherweave Net,MISC,UNSOURCED,18,9460,14400,65,1
24269,Heavy Netherweave Net,MISC,UNSOURCED,12,11975,14400,83,1
22448,Small Prismatic Shard,INTERMEDIATE,TRAINER,20,1,0,0,1
22448,Small Prismatic Shard,INTERMEDIATE,TRAINER,1,1,0,0,1
34330,Heavy Knothide Armor Kit,MISC,TRAINER,8,49822,75000,66,1
22448,Small Prismatic Shard,INTERMEDIATE,TRAINER,20,1,0,0,1
22448,Small Prismatic Shard,INTERMEDIATE,TRAINER,1,1,0,0,1
13445,Elixir of Superior Defense,ELIXIR_POT,VENDOR,5,1263,1064,118,0
13445,Elixir of Superior Defense,ELIXIR_POT,VENDOR,5,1212,1064,113,0
13445,Elixir of Superior Defense,ELIXIR_POT,VENDOR,10,1263,1064,118,0
44958,Ethereal Oil,INTERMEDIATE,TRAINER,11,69,96,71,1
44958,Ethereal Oil,INTERMEDIATE,TRAINER,3,67,96,69,1
10512,Hi-Impact Mithril Slugs,AMMO,TRAINER,1000,11,13,84,1
10512,Hi-Impact Mithril Slugs,AMMO,TRAINER,1000,10,13,76,1
10512,Hi-Impact Mithril Slugs,AMMO,TRAINER,600,9,13,69,1
21887,Knothide Leather,INTERMEDIATE,TRAINER,6,5584,7500,74,1
21887,Knothide Leather,INTERMEDIATE,TRAINER,1,5360,7500,71,1
12359,Thorium Bar,INTERMEDIATE,TRAINER,8,1165,1545,75,1
22448,Small Prismatic Shard,INTERMEDIATE,TRAINER,20,1,0,0,1
22448,Small Prismatic Shard,INTERMEDIATE,TRAINER,20,1,0,0,1
22448,Small Prismatic Shard,INTERMEDIATE,TRAINER,1,1,0,0,1
22448,Small Prismatic Shard,INTERMEDIATE,TRAINER,1,1,0,0,1
44958,Ethereal Oil,INTERMEDIATE,TRAINER,1,90,96,93,1
44958,Ethereal Oil,INTERMEDIATE,TRAINER,6,86,96,89,1
13423,Stonescale Oil,INTERMEDIATE,TRAINER,8,89,102,87,1
13423,Stonescale Oil,INTERMEDIATE,TRAINER,4,84,102,82,1
23517,Felsteel Gloves,GEAR,DROP,1,3,6,50,1
23517,Felsteel Gloves,GEAR,DROP,1,3,6,50,1
23517,Felsteel Gloves,GEAR,DROP,1,3,6,50,1
23517,Felsteel Gloves,GEAR,DROP,1,3,6,50,1
23517,Felsteel Gloves,GEAR,DROP,1,3,6,50,1
23517,Felsteel Gloves,GEAR,DROP,1,3,6,50,1
23517,Felsteel Gloves,GEAR,DROP,1,3,6,50,1
23517,Felsteel Gloves,GEAR,DROP,1,3,6,50,1
23517,Felsteel Gloves,GEAR,DROP,1,3,6,50,1
23787,Felsteel Stabilizer,INTERMEDIATE,TRAINER,13,1,2,50,1
23517,Felsteel Gloves,GEAR,DROP,1,5,6,83,1
23517,Felsteel Gloves,GEAR,DROP,1,4,6,66,1
23517,Felsteel Gloves,GEAR,DROP,1,3,6,50,1
23517,Felsteel Gloves,GEAR,DROP,1,5,6,83,1
23517,Felsteel Gloves,GEAR,DROP,1,4,6,66,1
23787,Felsteel Stabilizer,INTERMEDIATE,TRAINER,10,1,2,50,1
23787,Felsteel Stabilizer,INTERMEDIATE,TRAINER,2,1,2,50,1
12359,Thorium Bar,INTERMEDIATE,TRAINER,4,1390,1545,89,1
12359,Thorium Bar,INTERMEDIATE,TRAINER,9,1362,1545,88,1
22445,Arcane Dust,INTERMEDIATE,UNSOURCED,20,5095,5013,101,1
22445,Arcane Dust,INTERMEDIATE,UNSOURCED,20,4993,5013,99,1
22445,Arcane Dust,INTERMEDIATE,UNSOURCED,1,4893,5013,97,1
22445,Arcane Dust,INTERMEDIATE,UNSOURCED,4,4697,5013,93,1
21862,Imbued Netherweave Tunic,GEAR,VENDOR,1,57334,65006,88,1
21862,Imbued Netherweave Tunic,GEAR,VENDOR,1,56187,65006,86,1
21862,Imbued Netherweave Tunic,GEAR,VENDOR,1,55063,65006,84,1
21862,Imbued Netherweave Tunic,GEAR,VENDOR,1,57334,65006,88,1
21862,Imbued Netherweave Tunic,GEAR,VENDOR,1,56187,65006,86,1
21862,Imbued Netherweave Tunic,GEAR,VENDOR,1,55063,65006,84,1
21862,Imbued Netherweave Tunic,GEAR,VENDOR,1,57334,65006,88,1
21862,Imbued Netherweave Tunic,GEAR,VENDOR,1,56187,65006,86,1
21862,Imbued Netherweave Tunic,GEAR,VENDOR,1,55063,65006,84,1
21862,Imbued Netherweave Tunic,GEAR,VENDOR,1,57334,65006,88,1
21862,Imbued Netherweave Tunic,GEAR,VENDOR,1,56187,65006,86,1
21887,Knothide Leather,INTERMEDIATE,TRAINER,4,5697,7500,75,1
21887,Knothide Leather,INTERMEDIATE,TRAINER,5,5469,7500,72,1
32836,Purified Shadow Pearl,GEM_CUT,TRAINER,1,8286,9280,89,1
32836,Purified Shadow Pearl,GEM_CUT,TRAINER,1,8203,9280,88,1
32836,Purified Shadow Pearl,GEM_CUT,TRAINER,1,7956,9280,85,1
32836,Purified Shadow Pearl,GEM_CUT,TRAINER,1,7717,9280,83,1
32836,Purified Shadow Pearl,GEM_CUT,TRAINER,1,8286,9280,89,1
32836,Purified Shadow Pearl,GEM_CUT,TRAINER,1,8203,9280,88,1
32836,Purified Shadow Pearl,GEM_CUT,TRAINER,1,7956,9280,85,1
32836,Purified Shadow Pearl,GEM_CUT,TRAINER,1,7717,9280,83,1
32836,Purified Shadow Pearl,GEM_CUT,TRAINER,1,8286,9280,89,1
32836,Purified Shadow Pearl,GEM_CUT,TRAINER,1,8203,9280,88,1
32836,Purified Shadow Pearl,GEM_CUT,TRAINER,1,7956,9280,85,1
21862,Imbued Netherweave Tunic,GEAR,VENDOR,1,44931,65006,69,1
21862,Imbued Netherweave Tunic,GEAR,VENDOR,1,44481,65006,68,1
21862,Imbued Netherweave Tunic,GEAR,VENDOR,1,42256,65006,65,1
21862,Imbued Netherweave Tunic,GEAR,VENDOR,1,40988,65006,63,1
21862,Imbued Netherweave Tunic,GEAR,VENDOR,1,44931,65006,69,1
21862,Imbued Netherweave Tunic,GEAR,VENDOR,1,44481,65006,68,1
21862,Imbued Netherweave Tunic,GEAR,VENDOR,1,42256,65006,65,1
21862,Imbued Netherweave Tunic,GEAR,VENDOR,1,40988,65006,63,1
21862,Imbued Netherweave Tunic,GEAR,VENDOR,1,44931,65006,69,1
21862,Imbued Netherweave Tunic,GEAR,VENDOR,1,44481,65006,68,1
21862,Imbued Netherweave Tunic,GEAR,VENDOR,1,42256,65006,65,1
21862,Imbued Netherweave Tunic,GEAR,VENDOR,1,40988,65006,63,1
21862,Imbued Netherweave Tunic,GEAR,VENDOR,1,44931,65006,69,1
23785,Hardened Adamantite Tube,INTERMEDIATE,TRAINER,5,1,3,33,1
23785,Hardened Adamantite Tube,INTERMEDIATE,TRAINER,8,1,3,33,1
30839,Flameheart Vest,GEAR,VENDOR,1,612739,514000,119,0
30839,Flameheart Vest,GEAR,VENDOR,1,600484,514000,116,0
30839,Flameheart Vest,GEAR,VENDOR,1,576464,514000,112,0
22448,Small Prismatic Shard,INTERMEDIATE,TRAINER,20,1,0,0,1
22448,Small Prismatic Shard,INTERMEDIATE,TRAINER,4,1,0,0,1
22448,Small Prismatic Shard,INTERMEDIATE,TRAINER,6,1,0,0,1
24268,Netherweave Net,MISC,TRAINER,20,5677,7200,78,1
24268,Netherweave Net,MISC,TRAINER,2,5506,7200,76,1
4339,Bolt of Mageweave,INTERMEDIATE,TRAINER,3,3747,5050,74,1
4339,Bolt of Mageweave,INTERMEDIATE,TRAINER,5,3709,5050,73,1
22448,Small Prismatic Shard,INTERMEDIATE,TRAINER,20,1,0,0,1
22448,Small Prismatic Shard,INTERMEDIATE,TRAINER,20,1,0,0,1
22448,Small Prismatic Shard,INTERMEDIATE,TRAINER,1,1,0,0,1
22448,Small Prismatic Shard,INTERMEDIATE,TRAINER,1,1,0,0,1
23785,Hardened Adamantite Tube,INTERMEDIATE,TRAINER,2,1,3,33,1
23785,Hardened Adamantite Tube,INTERMEDIATE,TRAINER,7,1,3,33,1
40195,Pygmy Oil,INTERMEDIATE,TRAINER,11,274,300,91,1
8170,Rugged Leather,INTERMEDIATE,TRAINER,4,6158,7128,86,1
8170,Rugged Leather,INTERMEDIATE,TRAINER,1,5911,7128,82,1
11128,Golden Rod,INTERMEDIATE,TRAINER,1,4268,3880,110,0
11128,Golden Rod,INTERMEDIATE,TRAINER,1,4097,3880,105,0
11128,Golden Rod,INTERMEDIATE,TRAINER,1,4268,3880,110,0
11128,Golden Rod,INTERMEDIATE,TRAINER,1,4097,3880,105,0
11128,Golden Rod,INTERMEDIATE,TRAINER,1,4268,3880,110,0
11128,Golden Rod,INTERMEDIATE,TRAINER,1,4097,3880,105,0
11128,Golden Rod,INTERMEDIATE,TRAINER,1,4268,3880,110,0
11128,Golden Rod,INTERMEDIATE,TRAINER,1,4097,3880,105,0
11128,Golden Rod,INTERMEDIATE,TRAINER,1,4268,3880,110,0
11128,Golden Rod,INTERMEDIATE,TRAINER,1,4097,3880,105,0
11128,Golden Rod,INTERMEDIATE,TRAINER,1,4268,3880,110,0
11128,Golden Rod,INTERMEDIATE,TRAINER,1,4097,3880,105,0
23518,Felsteel Leggings,GEAR,DROP,1,6,8,75,1
23518,Felsteel Leggings,GEAR,DROP,1,5,8,62,1
23518,Felsteel Leggings,GEAR,DROP,1,6,8,75,1
23518,Felsteel Leggings,GEAR,DROP,1,5,8,62,1
23518,Felsteel Leggings,GEAR,DROP,1,6,8,75,1
23518,Felsteel Leggings,GEAR,DROP,1,5,8,62,1
23518,Felsteel Leggings,GEAR,DROP,1,6,8,75,1
23518,Felsteel Leggings,GEAR,DROP,1,5,8,62,1
23518,Felsteel Leggings,GEAR,DROP,1,6,8,75,1
23518,Felsteel Leggings,GEAR,DROP,1,5,8,62,1
23518,Felsteel Leggings,GEAR,DROP,1,6,8,75,1
23518,Felsteel Leggings,GEAR,DROP,1,5,8,62,1
23518,Felsteel Leggings,GEAR,DROP,1,6,8,75,1
23518,Felsteel Leggings,GEAR,DROP,1,5,8,62,1
23518,Felsteel Leggings,GEAR,DROP,1,6,8,75,1
22448,Small Prismatic Shard,INTERMEDIATE,TRAINER,11,1,0,0,1
22448,Small Prismatic Shard,INTERMEDIATE,TRAINER,4,1,0,0,1
23518,Felsteel Leggings,GEAR,DROP,1,7,8,87,1
23518,Felsteel Leggings,GEAR,DROP,1,6,8,75,1
23518,Felsteel Leggings,GEAR,DROP,1,5,8,62,1
23518,Felsteel Leggings,GEAR,DROP,1,7,8,87,1
23518,Felsteel Leggings,GEAR,DROP,1,6,8,75,1
23518,Felsteel Leggings,GEAR,DROP,1,5,8,62,1
23518,Felsteel Leggings,GEAR,DROP,1,7,8,87,1
23518,Felsteel Leggings,GEAR,DROP,1,6,8,75,1
23518,Felsteel Leggings,GEAR,DROP,1,5,8,62,1
21752,Thorium Setting,INTERMEDIATE,TRAINER,9,1028,1545,66,1
13512,Flask of Supreme Power,FLASK,DROP,5,37215,11430,325,0
13512,Flask of Supreme Power,FLASK,DROP,5,35726,11430,312,0
24268,Netherweave Net,MISC,TRAINER,20,5460,7200,75,1
24268,Netherweave Net,MISC,TRAINER,6,5405,7200,75,1
21342,Core Felcloth Bag,BAG,DROP,1,647678,353768,183,0
4330,Stylish Red Shirt,GEAR,TRAINER,1,1096,1424,76,1
4330,Stylish Red Shirt,GEAR,TRAINER,1,1063,1424,74,1
4330,Stylish Red Shirt,GEAR,TRAINER,1,1041,1424,73,1
4330,Stylish Red Shirt,GEAR,TRAINER,1,999,1424,70,1
4330,Stylish Red Shirt,GEAR,TRAINER,1,1096,1424,76,1
4330,Stylish Red Shirt,GEAR,TRAINER,1,1063,1424,74,1
4330,Stylish Red Shirt,GEAR,TRAINER,1,1041,1424,73,1
4330,Stylish Red Shirt,GEAR,TRAINER,1,999,1424,70,1
4330,Stylish Red Shirt,GEAR,TRAINER,1,1096,1424,76,1
4330,Stylish Red Shirt,GEAR,TRAINER,1,1063,1424,74,1
4330,Stylish Red Shirt,GEAR,TRAINER,1,1041,1424,73,1
4330,Stylish Red Shirt,GEAR,TRAINER,1,999,1424,70,1
4330,Stylish Red Shirt,GEAR,TRAINER,1,1096,1424,76,1
4330,Stylish Red Shirt,GEAR,TRAINER,1,1063,1424,74,1
4330,Stylish Red Shirt,GEAR,TRAINER,1,1041,1424,73,1
14529,Runecloth Bandage,MISC,TRAINER,7,2206,2376,92,1
21845,Primal Mooncloth,INTERMEDIATE,VENDOR,14,47833,64001,74,1
24270,Bag of Jewels,BAG,VENDOR,1,17102,20006,85,1
24270,Bag of Jewels,BAG,VENDOR,1,16417,20006,82,1
24270,Bag of Jewels,BAG,VENDOR,1,17102,20006,85,1
24270,Bag of Jewels,BAG,VENDOR,1,16417,20006,82,1
24270,Bag of Jewels,BAG,VENDOR,1,17102,20006,85,1
24270,Bag of Jewels,BAG,VENDOR,1,16417,20006,82,1
24270,Bag of Jewels,BAG,VENDOR,1,17102,20006,85,1
24270,Bag of Jewels,BAG,VENDOR,1,16417,20006,82,1
24270,Bag of Jewels,BAG,VENDOR,1,17102,20006,85,1
24270,Bag of Jewels,BAG,VENDOR,1,16417,20006,82,1
24270,Bag of Jewels,BAG,VENDOR,1,17102,20006,85,1
24270,Bag of Jewels,BAG,VENDOR,1,16417,20006,82,1
24270,Bag of Jewels,BAG,VENDOR,1,17102,20006,85,1
24270,Bag of Jewels,BAG,VENDOR,1,16417,20006,82,1
24270,Bag of Jewels,BAG,VENDOR,1,17102,20006,85,1
23787,Felsteel Stabilizer,INTERMEDIATE,TRAINER,12,1,2,50,1
23787,Felsteel Stabilizer,INTERMEDIATE,TRAINER,3,1,2,50,1
12359,Thorium Bar,INTERMEDIATE,TRAINER,1,1093,1545,70,1
12359,Thorium Bar,INTERMEDIATE,TRAINER,4,1049,1545,67,1
23517,Felsteel Gloves,GEAR,DROP,1,4,6,66,1
23517,Felsteel Gloves,GEAR,DROP,1,3,6,50,1
23517,Felsteel Gloves,GEAR,DROP,1,4,6,66,1
23517,Felsteel Gloves,GEAR,DROP,1,3,6,50,1
23517,Felsteel Gloves,GEAR,DROP,1,4,6,66,1
23517,Felsteel Gloves,GEAR,DROP,1,3,6,50,1
23517,Felsteel Gloves,GEAR,DROP,1,4,6,66,1
44958,Ethereal Oil,INTERMEDIATE,TRAINER,1,91,96,94,1
44958,Ethereal Oil,INTERMEDIATE,TRAINER,12,89,96,92,1
23787,Felsteel Stabilizer,INTERMEDIATE,TRAINER,2,1,2,50,1
23787,Felsteel Stabilizer,INTERMEDIATE,TRAINER,9,1,2,50,1
23519,Felsteel Helm,GEAR,DROP,1,7,8,87,1
23519,Felsteel Helm,GEAR,DROP,1,6,8,75,1
23519,Felsteel Helm,GEAR,DROP,1,5,8,62,1
23519,Felsteel Helm,GEAR,DROP,1,7,8,87,1
23519,Felsteel Helm,GEAR,DROP,1,6,8,75,1
23519,Felsteel Helm,GEAR,DROP,1,5,8,62,1
23519,Felsteel Helm,GEAR,DROP,1,7,8,87,1
23519,Felsteel Helm,GEAR,DROP,1,6,8,75,1
23519,Felsteel Helm,GEAR,DROP,1,5,8,62,1
23519,Felsteel Helm,GEAR,DROP,1,7,8,87,1
23519,Felsteel Helm,GEAR,DROP,1,6,8,75,1
23787,Felsteel Stabilizer,INTERMEDIATE,TRAINER,10,1,2,50,1
23787,Felsteel Stabilizer,INTERMEDIATE,TRAINER,1,1,2,50,1
8170,Rugged Leather,INTERMEDIATE,TRAINER,6,5439,7128,76,1
40024,Tenuous Twilight Opal,GEM_CUT,DROP,1,362940,150000,241,0
40024,Tenuous Twilight Opal,GEM_CUT,DROP,1,359310,150000,239,0
40024,Tenuous Twilight Opal,GEM_CUT,DROP,1,352123,150000,234,0
23447,Eternium Bar,INTERMEDIATE,TRAINER,7,15400,20000,77,1
44839,Candied Sweet Potato,FOOD,DROP,15,14,18,77,1
21752,Thorium Setting,INTERMEDIATE,TRAINER,3,1378,1545,89,1
21752,Thorium Setting,INTERMEDIATE,TRAINER,2,1322,1545,85,1
23519,Felsteel Helm,GEAR,DROP,1,7,8,87,1
23519,Felsteel Helm,GEAR,DROP,1,6,8,75,1
23519,Felsteel Helm,GEAR,DROP,1,7,8,87,1
23519,Felsteel Helm,GEAR,DROP,1,6,8,75,1
23519,Felsteel Helm,GEAR,DROP,1,7,8,87,1
23519,Felsteel Helm,GEAR,DROP,1,6,8,75,1
23519,Felsteel Helm,GEAR,DROP,1,7,8,87,1
23519,Felsteel Helm,GEAR,DROP,1,6,8,75,1
23519,Felsteel Helm,GEAR,DROP,1,7,8,87,1
23519,Felsteel Helm,GEAR,DROP,1,6,8,75,1
8170,Rugged Leather,INTERMEDIATE,TRAINER,1,6161,7128,86,1
8170,Rugged Leather,INTERMEDIATE,TRAINER,5,5976,7128,83,1
23785,Hardened Adamantite Tube,INTERMEDIATE,TRAINER,2,2,3,66,1
23785,Hardened Adamantite Tube,INTERMEDIATE,TRAINER,3,1,3,33,1
14155,Mooncloth Bag,BAG,DROP,1,105185,59935,175,0
14155,Mooncloth Bag,BAG,DROP,1,100977,59935,168,0
34330,Heavy Knothide Armor Kit,MISC,TRAINER,10,47775,75000,63,1
34330,Heavy Knothide Armor Kit,MISC,TRAINER,1,46819,75000,62,1
23449,Khorium Bar,INTERMEDIATE,TRAINER,10,36480,40000,91,1
23449,Khorium Bar,INTERMEDIATE,TRAINER,1,35750,40000,89,1
22448,Small Prismatic Shard,INTERMEDIATE,TRAINER,20,1,0,0,1
22448,Small Prismatic Shard,INTERMEDIATE,TRAINER,1,1,0,0,1
22448,Small Prismatic Shard,INTERMEDIATE,TRAINER,12,1,0,0,1
22448,Small Prismatic Shard,INTERMEDIATE,TRAINER,3,1,0,0,1
22448,Small Prismatic Shard,INTERMEDIATE,TRAINER,12,1,0,0,1
21843,Imbued Netherweave Bag,BAG,VENDOR,1,45993,60005,76,1
21843,Imbued Netherweave Bag,BAG,VENDOR,1,45533,60005,75,1
21843,Imbued Netherweave Bag,BAG,VENDOR,1,43256,60005,72,1
21843,Imbued Netherweave Bag,BAG,VENDOR,1,45993,60005,76,1
21843,Imbued Netherweave Bag,BAG,VENDOR,1,45533,60005,75,1
21843,Imbued Netherweave Bag,BAG,VENDOR,1,43256,60005,72,1
23518,Felsteel Leggings,GEAR,DROP,1,6,8,75,1
23518,Felsteel Leggings,GEAR,DROP,1,5,8,62,1
23518,Felsteel Leggings,GEAR,DROP,1,6,8,75,1
23518,Felsteel Leggings,GEAR,DROP,1,5,8,62,1
23518,Felsteel Leggings,GEAR,DROP,1,6,8,75,1
23518,Felsteel Leggings,GEAR,DROP,1,5,8,62,1
23518,Felsteel Leggings,GEAR,DROP,1,6,8,75,1
23518,Felsteel Leggings,GEAR,DROP,1,5,8,62,1
23518,Felsteel Leggings,GEAR,DROP,1,6,8,75,1
23518,Felsteel Leggings,GEAR,DROP,1,5,8,62,1
4330,Stylish Red Shirt,GEAR,TRAINER,1,1176,1424,82,1
4330,Stylish Red Shirt,GEAR,TRAINER,1,1164,1424,81,1
4330,Stylish Red Shirt,GEAR,TRAINER,1,1152,1424,80,1
4330,Stylish Red Shirt,GEAR,TRAINER,1,1105,1424,77,1
4330,Stylish Red Shirt,GEAR,TRAINER,1,1176,1424,82,1
4330,Stylish Red Shirt,GEAR,TRAINER,1,1164,1424,81,1
4330,Stylish Red Shirt,GEAR,TRAINER,1,1152,1424,80,1
4330,Stylish Red Shirt,GEAR,TRAINER,1,1105,1424,77,1
24268,Netherweave Net,MISC,TRAINER,20,5433,7200,75,1
24270,Bag of Jewels,BAG,VENDOR,1,16540,20006,82,1
24270,Bag of Jewels,BAG,VENDOR,1,16209,20006,81,1
24270,Bag of Jewels,BAG,VENDOR,1,16046,20006,80,1
24270,Bag of Jewels,BAG,VENDOR,1,15885,20006,79,1
24270,Bag of Jewels,BAG,VENDOR,1,16540,20006,82,1
24270,Bag of Jewels,BAG,VENDOR,1,16209,20006,81,1
24270,Bag of Jewels,BAG,VENDOR,1,16046,20006,80,1
24270,Bag of Jewels,BAG,VENDOR,1,15885,20006,79,1
24270,Bag of Jewels,BAG,VENDOR,1,16540,20006,82,1
22448,Small Prismatic Shard,INTERMEDIATE,TRAINER,20,1,0,0,1
22448,Small Prismatic Shard,INTERMEDIATE,TRAINER,1,1,0,0,1
22448,Small Prismatic Shard,INTERMEDIATE,TRAINER,12,1,0,0,1
44958,Ethereal Oil,INTERMEDIATE,TRAINER,6,65,96,67,1
44958,Ethereal Oil,INTERMEDIATE,TRAINER,1,63,96,65,1
32836,Purified Shadow Pearl,GEM_CUT,TRAINER,1,8176,9280,88,1
32836,Purified Shadow Pearl,GEM_CUT,TRAINER,1,8012,9280,86,1
32836,Purified Shadow Pearl,GEM_CUT,TRAINER,1,7691,9280,82,1
32836,Purified Shadow Pearl,GEM_CUT,TRAINER,1,8176,9280,88,1
32836,Purified Shadow Pearl,GEM_CUT,TRAINER,1,8012,9280,86,1
32836,Purified Shadow Pearl,GEM_CUT,TRAINER,1,7691,9280,82,1
32836,Purified Shadow Pearl,GEM_CUT,TRAINER,1,8176,9280,88,1
6385,Stylish Green Shirt,GEAR,DROP,1,1733,2282,75,1
6385,Stylish Green Shirt,GEAR,DROP,1,1715,2282,75,1
6385,Stylish Green Shirt,GEAR,DROP,1,1663,2282,72,1
6385,Stylish Green Shirt,GEAR,DROP,1,1733,2282,75,1
6385,Stylish Green Shirt,GEAR,DROP,1,1715,2282,75,1
6385,Stylish Green Shirt,GEAR,DROP,1,1663,2282,72,1
6385,Stylish Green Shirt,GEAR,DROP,1,1733,2282,75,1
6385,Stylish Green Shirt,GEAR,DROP,1,1715,2282,75,1
6385,Stylish Green Shirt,GEAR,DROP,1,1663,2282,72,1
6385,Stylish Green Shirt,GEAR,DROP,1,1733,2282,75,1
6385,Stylish Green Shirt,GEAR,DROP,1,1715,2282,75,1
32836,Purified Shadow Pearl,GEM_CUT,TRAINER,1,6716,9280,72,1
32836,Purified Shadow Pearl,GEM_CUT,TRAINER,1,6581,9280,70,1
32836,Purified Shadow Pearl,GEM_CUT,TRAINER,1,6251,9280,67,1
32836,Purified Shadow Pearl,GEM_CUT,TRAINER,1,5938,9280,63,1
32836,Purified Shadow Pearl,GEM_CUT,TRAINER,1,6716,9280,72,1
32836,Purified Shadow Pearl,GEM_CUT,TRAINER,1,6581,9280,70,1
32836,Purified Shadow Pearl,GEM_CUT,TRAINER,1,6251,9280,67,1
32836,Purified Shadow Pearl,GEM_CUT,TRAINER,1,5938,9280,63,1
32836,Purified Shadow Pearl,GEM_CUT,TRAINER,1,6716,9280,72,1
32836,Purified Shadow Pearl,GEM_CUT,TRAINER,1,6581,9280,70,1
32836,Purified Shadow Pearl,GEM_CUT,TRAINER,1,6251,9280,67,1
40195,Pygmy Oil,INTERMEDIATE,TRAINER,4,253,300,84,1
40195,Pygmy Oil,INTERMEDIATE,TRAINER,9,242,300,80,1
22448,Small Prismatic Shard,INTERMEDIATE,TRAINER,20,1,0,0,1
22448,Small Prismatic Shard,INTERMEDIATE,TRAINER,3,1,0,0,1
22448,Small Prismatic Shard,INTERMEDIATE,TRAINER,1,1,0,0,1
27662,Feltail Delight,FOOD,VENDOR,13,33,48,68,1
24268,Netherweave Net,MISC,TRAINER,12,6160,7200,85,1
21843,Imbued Netherweave Bag,BAG,VENDOR,1,50302,60005,83,1
21843,Imbued Netherweave Bag,BAG,VENDOR,1,48792,60005,81,1
21843,Imbued Netherweave Bag,BAG,VENDOR,1,47328,60005,78,1
21843,Imbued Netherweave Bag,BAG,VENDOR,1,50302,60005,83,1
21843,Imbued Netherweave Bag,BAG,VENDOR,1,48792,60005,81,1
21843,Imbued Netherweave Bag,BAG,VENDOR,1,47328,60005,78,1
21843,Imbued Netherweave Bag,BAG,VENDOR,1,50302,60005,83,1
21843,Imbued Netherweave Bag,BAG,VENDOR,1,48792,60005,81,1
21843,Imbued Netherweave Bag,BAG,VENDOR,1,47328,60005,78,1
21843,Imbued Netherweave Bag,BAG,VENDOR,1,50302,60005,83,1
44958,Ethereal Oil,INTERMEDIATE,TRAINER,1,81,96,84,1
44958,Ethereal Oil,INTERMEDIATE,TRAINER,11,80,96,83,1
24268,Netherweave Net,MISC,TRAINER,20,6984,7200,97,1
24268,Netherweave Net,MISC,TRAINER,8,6844,7200,95,1
8173,Thick Armor Kit,MISC,TRAINER,7,5173,6440,80,1
23448,Felsteel Bar,INTERMEDIATE,TRAINER,10,55723,76000,73,1
23448,Felsteel Bar,INTERMEDIATE,TRAINER,5,53494,76000,70,1
32833,Purified Jaggal Pearl,GEM_CUT,TRAINER,1,6592,9280,71,1
32833,Purified Jaggal Pearl,GEM_CUT,TRAINER,1,6526,9280,70,1
32833,Purified Jaggal Pearl,GEM_CUT,TRAINER,1,6264,9280,67,1
32833,Purified Jaggal Pearl,GEM_CUT,TRAINER,1,6138,9280,66,1
32833,Purified Jaggal Pearl,GEM_CUT,TRAINER,1,6592,9280,71,1
32833,Purified Jaggal Pearl,GEM_CUT,TRAINER,1,6526,9280,70,1
32833,Purified Jaggal Pearl,GEM_CUT,TRAINER,1,6264,9280,67,1
32833,Purified Jaggal Pearl,GEM_CUT,TRAINER,1,6138,9280,66,1
32833,Purified Jaggal Pearl,GEM_CUT,TRAINER,1,6592,9280,71,1
32833,Purified Jaggal Pearl,GEM_CUT,TRAINER,1,6526,9280,70,1
32833,Purified Jaggal Pearl,GEM_CUT,TRAINER,1,6264,9280,67,1
32833,Purified Jaggal Pearl,GEM_CUT,TRAINER,1,6138,9280,66,1
32833,Purified Jaggal Pearl,GEM_CUT,TRAINER,1,6592,9280,71,1
32833,Purified Jaggal Pearl,GEM_CUT,TRAINER,1,6526,9280,70,1
22573,Mote of Earth,INTERMEDIATE,TRAINER,10,3061,3200,95,1
22573,Mote of Earth,INTERMEDIATE,TRAINER,10,2907,3200,90,1
22573,Mote of Earth,INTERMEDIATE,TRAINER,10,3061,3200,95,1
22573,Mote of Earth,INTERMEDIATE,TRAINER,10,2907,3200,90,1
22573,Mote of Earth,INTERMEDIATE,TRAINER,10,3061,3200,95,1
22573,Mote of Earth,INTERMEDIATE,TRAINER,10,2907,3200,90,1
22573,Mote of Earth,INTERMEDIATE,TRAINER,10,3061,3200,95,1
22573,Mote of Earth,INTERMEDIATE,TRAINER,8,2907,3200,90,1
22573,Mote of Earth,INTERMEDIATE,TRAINER,2,3061,3200,95,1
24270,Bag of Jewels,BAG,VENDOR,1,13873,20006,69,1
24270,Bag of Jewels,BAG,VENDOR,1,13179,20006,65,1
24270,Bag of Jewels,BAG,VENDOR,1,12783,20006,63,1
24270,Bag of Jewels,BAG,VENDOR,1,12143,20006,60,1
24270,Bag of Jewels,BAG,VENDOR,1,13873,20006,69,1
24270,Bag of Jewels,BAG,VENDOR,1,13179,20006,65,1
24270,Bag of Jewels,BAG,VENDOR,1,12783,20006,63,1
24270,Bag of Jewels,BAG,VENDOR,1,12143,20006,60,1
24270,Bag of Jewels,BAG,VENDOR,1,13873,20006,69,1
24270,Bag of Jewels,BAG,VENDOR,1,13179,20006,65,1
24270,Bag of Jewels,BAG,VENDOR,1,12783,20006,63,1
24270,Bag of Jewels,BAG,VENDOR,1,12143,20006,60,1
24270,Bag of Jewels,BAG,VENDOR,1,13873,20006,69,1
24270,Bag of Jewels,BAG,VENDOR,1,13179,20006,65,1
24270,Bag of Jewels,BAG,VENDOR,1,12783,20006,63,1
22448,Small Prismatic Shard,INTERMEDIATE,TRAINER,20,1,0,0,1
22448,Small Prismatic Shard,INTERMEDIATE,TRAINER,4,1,0,0,1
4241,Green Woolen Bag,BAG,DROP,1,4607,1832,251,0
4241,Green Woolen Bag,BAG,DROP,1,4468,1832,243,0
4241,Green Woolen Bag,BAG,DROP,1,4333,1832,236,0
22448,Small Prismatic Shard,INTERMEDIATE,TRAINER,20,1,0,0,1
22448,Small Prismatic Shard,INTERMEDIATE,TRAINER,8,1,0,0,1
22448,Small Prismatic Shard,INTERMEDIATE,TRAINER,5,1,0,0,1
23787,Felsteel Stabilizer,INTERMEDIATE,TRAINER,4,1,2,50,1
23787,Felsteel Stabilizer,INTERMEDIATE,TRAINER,9,1,2,50,1
24268,Netherweave Net,MISC,TRAINER,20,6274,7200,87,1
24268,Netherweave Net,MISC,TRAINER,6,5960,7200,82,1
4236,Cured Heavy Hide,INTERMEDIATE,TRAINER,10,1058,1350,78,1
4236,Cured Heavy Hide,INTERMEDIATE,TRAINER,5,1015,1350,75,1
40195,Pygmy Oil,INTERMEDIATE,TRAINER,2,199,300,66,1
40195,Pygmy Oil,INTERMEDIATE,TRAINER,8,197,300,65,1
42420,Shadow Crystal Focusing Lens,MISC,TRAINER,1,18096,20000,90,1
42420,Shadow Crystal Focusing Lens,MISC,TRAINER,1,17191,20000,85,1
42420,Shadow Crystal Focusing Lens,MISC,TRAINER,1,16847,20000,84,1
42420,Shadow Crystal Focusing Lens,MISC,TRAINER,1,18096,20000,90,1
42420,Shadow Crystal Focusing Lens,MISC,TRAINER,1,17191,20000,85,1
42420,Shadow Crystal Focusing Lens,MISC,TRAINER,1,16847,20000,84,1
42420,Shadow Crystal Focusing Lens,MISC,TRAINER,1,18096,20000,90,1
42420,Shadow Crystal Focusing Lens,MISC,TRAINER,1,17191,20000,85,1
42420,Shadow Crystal Focusing Lens,MISC,TRAINER,1,16847,20000,84,1
23787,Felsteel Stabilizer,INTERMEDIATE,TRAINER,6,1,2,50,1
23787,Felsteel Stabilizer,INTERMEDIATE,TRAINER,7,1,2,50,1
35128,Hardened Khorium,INTERMEDIATE,DROP,2,210421,120001,175,0
35128,Hardened Khorium,INTERMEDIATE,DROP,9,202004,120001,168,0
44958,Ethereal Oil,INTERMEDIATE,TRAINER,8,82,96,85,1
44958,Ethereal Oil,INTERMEDIATE,TRAINER,6,79,96,82,1
32836,Purified Shadow Pearl,GEM_CUT,TRAINER,1,8519,9280,91,1
32836,Purified Shadow Pearl,GEM_CUT,TRAINER,1,8263,9280,89,1
32836,Purified Shadow Pearl,GEM_CUT,TRAINER,1,8519,9280,91,1
32836,Purified Shadow Pearl,GEM_CUT,TRAINER,1,8263,9280,89,1
32836,Purified Shadow Pearl,GEM_CUT,TRAINER,1,8519,9280,91,1
32836,Purified Shadow Pearl,GEM_CUT,TRAINER,1,8263,9280,89,1
32836,Purified Shadow Pearl,GEM_CUT,TRAINER,1,8519,9280,91,1
32836,Purified Shadow Pearl,GEM_CUT,TRAINER,1,8263,9280,89,1
13510,Flask of the Titans,FLASK,DROP,5,26082,16860,154,0
13510,Flask of the Titans,FLASK,DROP,20,25821,16860,153,0
13510,Flask of the Titans,FLASK,DROP,13,26082,16860,154,0
23785,Hardened Adamantite Tube,INTERMEDIATE,TRAINER,4,1,3,33,1
23785,Hardened Adamantite Tube,INTERMEDIATE,TRAINER,3,1,3,33,1
44958,Ethereal Oil,INTERMEDIATE,TRAINER,10,94,96,97,1
44958,Ethereal Oil,INTERMEDIATE,TRAINER,2,93,96,96,1
23785,Hardened Adamantite Tube,INTERMEDIATE,TRAINER,8,1,3,33,1
23785,Hardened Adamantite Tube,INTERMEDIATE,TRAINER,3,1,3,33,1
24268,Netherweave Net,MISC,TRAINER,16,4856,7200,67,1
23785,Hardened Adamantite Tube,INTERMEDIATE,TRAINER,4,2,3,66,1
23785,Hardened Adamantite Tube,INTERMEDIATE,TRAINER,7,1,3,33,1
24269,Heavy Netherweave Net,MISC,UNSOURCED,20,12631,14400,87,1
24269,Heavy Netherweave Net,MISC,UNSOURCED,10,12125,14400,84,1
22448,Small Prismatic Shard,INTERMEDIATE,TRAINER,20,1,0,0,1
22448,Small Prismatic Shard,INTERMEDIATE,TRAINER,20,1,0,0,1
22448,Small Prismatic Shard,INTERMEDIATE,TRAINER,1,1,0,0,1
22448,Small Prismatic Shard,INTERMEDIATE,TRAINER,1,1,0,0,1
23449,Khorium Bar,INTERMEDIATE,TRAINER,15,32384,40000,80,1
17771,Elementium Bar,MISC,DROP,2,6241977,2472560,252,0
23449,Khorium Bar,INTERMEDIATE,TRAINER,5,34968,40000,87,1
23449,Khorium Bar,INTERMEDIATE,TRAINER,2,33918,40000,84,1
24270,Bag of Jewels,BAG,VENDOR,1,15988,20006,79,1
24270,Bag of Jewels,BAG,VENDOR,1,15188,20006,75,1
24270,Bag of Jewels,BAG,VENDOR,1,15036,20006,75,1
24270,Bag of Jewels,BAG,VENDOR,1,15988,20006,79,1
24270,Bag of Jewels,BAG,VENDOR,1,15188,20006,75,1
24270,Bag of Jewels,BAG,VENDOR,1,15036,20006,75,1
24270,Bag of Jewels,BAG,VENDOR,1,15988,20006,79,1
24270,Bag of Jewels,BAG,VENDOR,1,15188,20006,75,1
24270,Bag of Jewels,BAG,VENDOR,1,15036,20006,75,1
24270,Bag of Jewels,BAG,VENDOR,1,15988,20006,79,1
44958,Ethereal Oil,INTERMEDIATE,TRAINER,7,74,96,77,1
44958,Ethereal Oil,INTERMEDIATE,TRAINER,3,72,96,75,1
24270,Bag of Jewels,BAG,VENDOR,1,13635,20006,68,1
24270,Bag of Jewels,BAG,VENDOR,1,12953,20006,64,1
24270,Bag of Jewels,BAG,VENDOR,1,12564,20006,62,1
24270,Bag of Jewels,BAG,VENDOR,1,13635,20006,68,1
24270,Bag of Jewels,BAG,VENDOR,1,12953,20006,64,1
24270,Bag of Jewels,BAG,VENDOR,1,12564,20006,62,1
24270,Bag of Jewels,BAG,VENDOR,1,13635,20006,68,1
24270,Bag of Jewels,BAG,VENDOR,1,12953,20006,64,1
24270,Bag of Jewels,BAG,VENDOR,1,12564,20006,62,1
24270,Bag of Jewels,BAG,VENDOR,1,13635,20006,68,1
24270,Bag of Jewels,BAG,VENDOR,1,12953,20006,64,1
24270,Bag of Jewels,BAG,VENDOR,1,12564,20006,62,1
22448,Small Prismatic Shard,INTERMEDIATE,TRAINER,20,1,0,0,1
22448,Small Prismatic Shard,INTERMEDIATE,TRAINER,1,1,0,0,1
22448,Small Prismatic Shard,INTERMEDIATE,TRAINER,13,1,0,0,1
22448,Small Prismatic Shard,INTERMEDIATE,TRAINER,5,1,0,0,1
32833,Purified Jaggal Pearl,GEM_CUT,TRAINER,1,6716,9280,72,1
32833,Purified Jaggal Pearl,GEM_CUT,TRAINER,1,6514,9280,70,1
32833,Purified Jaggal Pearl,GEM_CUT,TRAINER,1,6253,9280,67,1
32833,Purified Jaggal Pearl,GEM_CUT,TRAINER,1,6127,9280,66,1
32833,Purified Jaggal Pearl,GEM_CUT,TRAINER,1,6716,9280,72,1
32833,Purified Jaggal Pearl,GEM_CUT,TRAINER,1,6514,9280,70,1
32833,Purified Jaggal Pearl,GEM_CUT,TRAINER,1,6253,9280,67,1
32833,Purified Jaggal Pearl,GEM_CUT,TRAINER,1,6127,9280,66,1
32833,Purified Jaggal Pearl,GEM_CUT,TRAINER,1,6716,9280,72,1
32833,Purified Jaggal Pearl,GEM_CUT,TRAINER,1,6514,9280,70,1
32833,Purified Jaggal Pearl,GEM_CUT,TRAINER,1,6253,9280,67,1
32833,Purified Jaggal Pearl,GEM_CUT,TRAINER,1,6127,9280,66,1
32833,Purified Jaggal Pearl,GEM_CUT,TRAINER,1,6716,9280,72,1
23787,Felsteel Stabilizer,INTERMEDIATE,TRAINER,9,1,2,50,1
23787,Felsteel Stabilizer,INTERMEDIATE,TRAINER,2,1,2,50,1
24271,Spellcloth,INTERMEDIATE,VENDOR,10,62496,64001,97,1
24271,Spellcloth,INTERMEDIATE,VENDOR,5,59371,64001,92,1
23517,Felsteel Gloves,GEAR,DROP,1,3,6,50,1
23517,Felsteel Gloves,GEAR,DROP,1,3,6,50,1
23517,Felsteel Gloves,GEAR,DROP,1,3,6,50,1
23517,Felsteel Gloves,GEAR,DROP,1,3,6,50,1
23517,Felsteel Gloves,GEAR,DROP,1,3,6,50,1
23517,Felsteel Gloves,GEAR,DROP,1,3,6,50,1
23517,Felsteel Gloves,GEAR,DROP,1,3,6,50,1
23517,Felsteel Gloves,GEAR,DROP,1,3,6,50,1
23517,Felsteel Gloves,GEAR,DROP,1,3,6,50,1
23517,Felsteel Gloves,GEAR,DROP,1,3,6,50,1
23517,Felsteel Gloves,GEAR,DROP,1,3,6,50,1
23517,Felsteel Gloves,GEAR,DROP,1,3,6,50,1
23517,Felsteel Gloves,GEAR,DROP,1,3,6,50,1
24270,Bag of Jewels,BAG,VENDOR,1,20335,20006,101,1
24270,Bag of Jewels,BAG,VENDOR,1,19521,20006,97,1
24270,Bag of Jewels,BAG,VENDOR,1,19130,20006,95,1
24270,Bag of Jewels,BAG,VENDOR,1,20335,20006,101,1
24270,Bag of Jewels,BAG,VENDOR,1,19521,20006,97,1
24270,Bag of Jewels,BAG,VENDOR,1,19130,20006,95,1
24270,Bag of Jewels,BAG,VENDOR,1,20335,20006,101,1
24270,Bag of Jewels,BAG,VENDOR,1,19521,20006,97,1
24270,Bag of Jewels,BAG,VENDOR,1,19130,20006,95,1
24270,Bag of Jewels,BAG,VENDOR,1,20335,20006,101,1
24270,Bag of Jewels,BAG,VENDOR,1,19521,20006,97,1
24270,Bag of Jewels,BAG,VENDOR,1,19130,20006,95,1
22448,Small Prismatic Shard,INTERMEDIATE,TRAINER,11,1,0,0,1
22448,Small Prismatic Shard,INTERMEDIATE,TRAINER,4,1,0,0,1
23518,Felsteel Leggings,GEAR,DROP,1,5,8,62,1
23518,Felsteel Leggings,GEAR,DROP,1,4,8,50,1
23518,Felsteel Leggings,GEAR,DROP,1,5,8,62,1
23518,Felsteel Leggings,GEAR,DROP,1,4,8,50,1
23518,Felsteel Leggings,GEAR,DROP,1,5,8,62,1
23518,Felsteel Leggings,GEAR,DROP,1,4,8,50,1
23518,Felsteel Leggings,GEAR,DROP,1,5,8,62,1
23518,Felsteel Leggings,GEAR,DROP,1,4,8,50,1
23518,Felsteel Leggings,GEAR,DROP,1,5,8,62,1
16206,Arcanite Rod,INTERMEDIATE,TRAINER,1,124465,123600,100,0
16206,Arcanite Rod,INTERMEDIATE,TRAINER,1,123600,123600,100,0
16206,Arcanite Rod,INTERMEDIATE,TRAINER,1,123600,123600,100,0
16206,Arcanite Rod,INTERMEDIATE,TRAINER,1,124465,123600,100,0
16206,Arcanite Rod,INTERMEDIATE,TRAINER,1,123600,123600,100,0
23766,Stabilized Eternium Scope,MISC,DROP,5,191774,240018,79,1
23766,Stabilized Eternium Scope,MISC,DROP,3,189856,240018,79,1
32833,Purified Jaggal Pearl,GEM_CUT,TRAINER,1,8092,9280,87,1
32833,Purified Jaggal Pearl,GEM_CUT,TRAINER,1,7849,9280,84,1
32833,Purified Jaggal Pearl,GEM_CUT,TRAINER,1,8092,9280,87,1
32833,Purified Jaggal Pearl,GEM_CUT,TRAINER,1,7849,9280,84,1
32833,Purified Jaggal Pearl,GEM_CUT,TRAINER,1,8092,9280,87,1
32833,Purified Jaggal Pearl,GEM_CUT,TRAINER,1,7849,9280,84,1
32833,Purified Jaggal Pearl,GEM_CUT,TRAINER,1,8092,9280,87,1
32833,Purified Jaggal Pearl,GEM_CUT,TRAINER,1,7849,9280,84,1
32833,Purified Jaggal Pearl,GEM_CUT,TRAINER,1,8092,9280,87,1
32833,Purified Jaggal Pearl,GEM_CUT,TRAINER,1,7849,9280,84,1
32833,Purified Jaggal Pearl,GEM_CUT,TRAINER,1,8092,9280,87,1
32833,Purified Jaggal Pearl,GEM_CUT,TRAINER,1,7849,9280,84,1
32833,Purified Jaggal Pearl,GEM_CUT,TRAINER,1,8092,9280,87,1
32833,Purified Jaggal Pearl,GEM_CUT,TRAINER,1,7849,9280,84,1
32833,Purified Jaggal Pearl,GEM_CUT,TRAINER,1,8092,9280,87,1
24270,Bag of Jewels,BAG,VENDOR,1,18616,20006,93,1
24270,Bag of Jewels,BAG,VENDOR,1,18243,20006,91,1
24270,Bag of Jewels,BAG,VENDOR,1,17513,20006,87,1
24270,Bag of Jewels,BAG,VENDOR,1,16637,20006,83,1
24270,Bag of Jewels,BAG,VENDOR,1,18616,20006,93,1
24270,Bag of Jewels,BAG,VENDOR,1,18243,20006,91,1
24270,Bag of Jewels,BAG,VENDOR,1,17513,20006,87,1
24270,Bag of Jewels,BAG,VENDOR,1,16637,20006,83,1
23518,Felsteel Leggings,GEAR,DROP,1,5,8,62,1
23518,Felsteel Leggings,GEAR,DROP,1,4,8,50,1
23518,Felsteel Leggings,GEAR,DROP,1,4,8,50,1
23518,Felsteel Leggings,GEAR,DROP,1,5,8,62,1
23518,Felsteel Leggings,GEAR,DROP,1,4,8,50,1
23518,Felsteel Leggings,GEAR,DROP,1,4,8,50,1
23518,Felsteel Leggings,GEAR,DROP,1,5,8,62,1
23518,Felsteel Leggings,GEAR,DROP,1,4,8,50,1
23518,Felsteel Leggings,GEAR,DROP,1,4,8,50,1
23518,Felsteel Leggings,GEAR,DROP,1,5,8,62,1
23518,Felsteel Leggings,GEAR,DROP,1,4,8,50,1
23518,Felsteel Leggings,GEAR,DROP,1,4,8,50,1
23518,Felsteel Leggings,GEAR,DROP,1,5,8,62,1
23518,Felsteel Leggings,GEAR,DROP,1,4,8,50,1
31079,Mercurial Adamantite,INTERMEDIATE,TRAINER,6,94600,86000,110,0
22448,Small Prismatic Shard,INTERMEDIATE,TRAINER,2,1,0,0,1
22448,Small Prismatic Shard,INTERMEDIATE,TRAINER,13,1,0,0,1
21861,Imbued Netherweave Robe,GEAR,VENDOR,1,49729,65006,76,1
21861,Imbued Netherweave Robe,GEAR,VENDOR,1,47242,65006,72,1
21861,Imbued Netherweave Robe,GEAR,VENDOR,1,49729,65006,76,1
21861,Imbued Netherweave Robe,GEAR,VENDOR,1,47242,65006,72,1
21861,Imbued Netherweave Robe,GEAR,VENDOR,1,49729,65006,76,1
21861,Imbued Netherweave Robe,GEAR,VENDOR,1,47242,65006,72,1
21861,Imbued Netherweave Robe,GEAR,VENDOR,1,49729,65006,76,1
24268,Netherweave Net,MISC,TRAINER,20,5487,7200,76,1
24268,Netherweave Net,MISC,TRAINER,10,5377,7200,74,1
14048,Bolt of Runecloth,INTERMEDIATE,TRAINER,5,9621,11880,80,1
14048,Bolt of Runecloth,INTERMEDIATE,TRAINER,5,9139,11880,76,1
44958,Ethereal Oil,INTERMEDIATE,TRAINER,6,70,96,72,1
23785,Hardened Adamantite Tube,INTERMEDIATE,TRAINER,7,1,3,33,1
23785,Hardened Adamantite Tube,INTERMEDIATE,TRAINER,8,1,3,33,1
21887,Knothide Leather,INTERMEDIATE,TRAINER,3,7755,7500,103,1
21887,Knothide Leather,INTERMEDIATE,TRAINER,3,7677,7500,102,1
23787,Felsteel Stabilizer,INTERMEDIATE,TRAINER,1,1,2,50,1
23787,Felsteel Stabilizer,INTERMEDIATE,TRAINER,9,1,2,50,1
23517,Felsteel Gloves,GEAR,DROP,1,5,6,83,1
23517,Felsteel Gloves,GEAR,DROP,1,4,6,66,1
23517,Felsteel Gloves,GEAR,DROP,1,3,6,50,1
23517,Felsteel Gloves,GEAR,DROP,1,3,6,50,1
23517,Felsteel Gloves,GEAR,DROP,1,5,6,83,1
23517,Felsteel Gloves,GEAR,DROP,1,4,6,66,1
23517,Felsteel Gloves,GEAR,DROP,1,3,6,50,1
23517,Felsteel Gloves,GEAR,DROP,1,3,6,50,1
23517,Felsteel Gloves,GEAR,DROP,1,5,6,83,1
23517,Felsteel Gloves,GEAR,DROP,1,4,6,66,1
24269,Heavy Netherweave Net,MISC,UNSOURCED,20,12513,14400,86,1
24269,Heavy Netherweave Net,MISC,UNSOURCED,10,11887,14400,82,1
24269,Heavy Netherweave Net,MISC,UNSOURCED,20,9406,14400,65,1
24269,Heavy Netherweave Net,MISC,UNSOURCED,10,8935,14400,62,1
13512,Flask of Supreme Power,FLASK,DROP,14,25181,11430,220,0
23517,Felsteel Gloves,GEAR,DROP,1,5,6,83,1
23517,Felsteel Gloves,GEAR,DROP,1,4,6,66,1
23517,Felsteel Gloves,GEAR,DROP,1,3,6,50,1
23517,Felsteel Gloves,GEAR,DROP,1,5,6,83,1
23517,Felsteel Gloves,GEAR,DROP,1,4,6,66,1
23517,Felsteel Gloves,GEAR,DROP,1,3,6,50,1
23517,Felsteel Gloves,GEAR,DROP,1,5,6,83,1
23517,Felsteel Gloves,GEAR,DROP,1,4,6,66,1
23517,Felsteel Gloves,GEAR,DROP,1,3,6,50,1
13512,Flask of Supreme Power,FLASK,DROP,5,29873,11430,261,0
13512,Flask of Supreme Power,FLASK,DROP,20,28976,11430,253,0
13512,Flask of Supreme Power,FLASK,DROP,5,27816,11430,243,0
13512,Flask of Supreme Power,FLASK,DROP,8,27537,11430,240,0
21887,Knothide Leather,INTERMEDIATE,TRAINER,3,5106,7500,68,1
21887,Knothide Leather,INTERMEDIATE,TRAINER,7,5003,7500,66,1
14048,Bolt of Runecloth,INTERMEDIATE,TRAINER,4,9970,11880,83,1
14048,Bolt of Runecloth,INTERMEDIATE,TRAINER,1,9670,11880,81,1
22448,Small Prismatic Shard,INTERMEDIATE,TRAINER,20,1,0,0,1
22448,Small Prismatic Shard,INTERMEDIATE,TRAINER,20,1,0,0,1
22448,Small Prismatic Shard,INTERMEDIATE,TRAINER,4,1,0,0,1
22448,Small Prismatic Shard,INTERMEDIATE,TRAINER,1,1,0,0,1
23774,Fel Iron Toolbox,BAG,VENDOR,1,122408,104000,117,0
23774,Fel Iron Toolbox,BAG,VENDOR,1,116287,104000,111,0
23774,Fel Iron Toolbox,BAG,VENDOR,1,112798,104000,108,0
22448,Small Prismatic Shard,INTERMEDIATE,TRAINER,20,1,0,0,1
22448,Small Prismatic Shard,INTERMEDIATE,TRAINER,1,1,0,0,1
22448,Small Prismatic Shard,INTERMEDIATE,TRAINER,3,1,0,0,1
22448,Small Prismatic Shard,INTERMEDIATE,TRAINER,20,1,0,0,1
22448,Small Prismatic Shard,INTERMEDIATE,TRAINER,1,1,0,0,1
13506,Potion of Petrification,ELIXIR_POT,DROP,5,485,607,79,1
13506,Potion of Petrification,ELIXIR_POT,DROP,5,475,607,78,1
13506,Potion of Petrification,ELIXIR_POT,DROP,5,451,607,74,1
13506,Potion of Petrification,ELIXIR_POT,DROP,1,441,607,72,1
23517,Felsteel Gloves,GEAR,DROP,1,3,6,50,1
23517,Felsteel Gloves,GEAR,DROP,1,3,6,50,1
23517,Felsteel Gloves,GEAR,DROP,1,3,6,50,1
23517,Felsteel Gloves,GEAR,DROP,1,3,6,50,1
23517,Felsteel Gloves,GEAR,DROP,1,3,6,50,1
23517,Felsteel Gloves,GEAR,DROP,1,3,6,50,1
23517,Felsteel Gloves,GEAR,DROP,1,3,6,50,1
4330,Stylish Red Shirt,GEAR,TRAINER,1,1178,1424,82,1
4330,Stylish Red Shirt,GEAR,TRAINER,1,1119,1424,78,1
4330,Stylish Red Shirt,GEAR,TRAINER,1,1178,1424,82,1
4330,Stylish Red Shirt,GEAR,TRAINER,1,1119,1424,78,1
4330,Stylish Red Shirt,GEAR,TRAINER,1,1178,1424,82,1
4330,Stylish Red Shirt,GEAR,TRAINER,1,1119,1424,78,1
4330,Stylish Red Shirt,GEAR,TRAINER,1,1178,1424,82,1
4330,Stylish Red Shirt,GEAR,TRAINER,1,1119,1424,78,1
4330,Stylish Red Shirt,GEAR,TRAINER,1,1178,1424,82,1
4330,Stylish Red Shirt,GEAR,TRAINER,1,1119,1424,78,1
4330,Stylish Red Shirt,GEAR,TRAINER,1,1178,1424,82,1
4330,Stylish Red Shirt,GEAR,TRAINER,1,1119,1424,78,1
22252,Satchel of Cenarius,BAG,VENDOR,1,224914,154900,145,0
22252,Satchel of Cenarius,BAG,VENDOR,1,218166,154900,140,0
22252,Satchel of Cenarius,BAG,VENDOR,1,224914,154900,145,0
33093,Mana Potion Injector,ELIXIR_POT,DROP,5,26904,14400,186,0
33093,Mana Potion Injector,ELIXIR_POT,DROP,20,26096,14400,181,0
33093,Mana Potion Injector,ELIXIR_POT,DROP,5,25574,14400,177,0
33093,Mana Potion Injector,ELIXIR_POT,DROP,5,26904,14400,186,0
33093,Mana Potion Injector,ELIXIR_POT,DROP,20,26096,14400,181,0
33093,Mana Potion Injector,ELIXIR_POT,DROP,5,25574,14400,177,0
33093,Mana Potion Injector,ELIXIR_POT,DROP,20,26904,14400,186,0
33093,Mana Potion Injector,ELIXIR_POT,DROP,20,26096,14400,181,0
33093,Mana Potion Injector,ELIXIR_POT,DROP,20,25574,14400,177,0
33093,Mana Potion Injector,ELIXIR_POT,DROP,5,26904,14400,186,0
33093,Mana Potion Injector,ELIXIR_POT,DROP,20,26096,14400,181,0
33093,Mana Potion Injector,ELIXIR_POT,DROP,20,25574,14400,177,0
33093,Mana Potion Injector,ELIXIR_POT,DROP,20,26904,14400,186,0
33093,Mana Potion Injector,ELIXIR_POT,DROP,20,26096,14400,181,0
33093,Mana Potion Injector,ELIXIR_POT,DROP,20,25574,14400,177,0
33093,Mana Potion Injector,ELIXIR_POT,DROP,5,26904,14400,186,0
33093,Mana Potion Injector,ELIXIR_POT,DROP,5,26096,14400,181,0
33093,Mana Potion Injector,ELIXIR_POT,DROP,20,25574,14400,177,0
33093,Mana Potion Injector,ELIXIR_POT,DROP,20,26904,14400,186,0
33093,Mana Potion Injector,ELIXIR_POT,DROP,20,26096,14400,181,0
33093,Mana Potion Injector,ELIXIR_POT,DROP,5,25574,14400,177,0
23519,Felsteel Helm,GEAR,DROP,1,6,8,75,1
23519,Felsteel Helm,GEAR,DROP,1,5,8,62,1
23519,Felsteel Helm,GEAR,DROP,1,6,8,75,1
23519,Felsteel Helm,GEAR,DROP,1,5,8,62,1
23519,Felsteel Helm,GEAR,DROP,1,6,8,75,1
23519,Felsteel Helm,GEAR,DROP,1,5,8,62,1
23519,Felsteel Helm,GEAR,DROP,1,6,8,75,1
23519,Felsteel Helm,GEAR,DROP,1,5,8,62,1
23519,Felsteel Helm,GEAR,DROP,1,6,8,75,1
23519,Felsteel Helm,GEAR,DROP,1,5,8,62,1
23519,Felsteel Helm,GEAR,DROP,1,6,8,75,1
23517,Felsteel Gloves,GEAR,DROP,1,4,6,66,1
23517,Felsteel Gloves,GEAR,DROP,1,3,6,50,1
23517,Felsteel Gloves,GEAR,DROP,1,4,6,66,1
23517,Felsteel Gloves,GEAR,DROP,1,3,6,50,1
23517,Felsteel Gloves,GEAR,DROP,1,4,6,66,1
23517,Felsteel Gloves,GEAR,DROP,1,3,6,50,1
44958,Ethereal Oil,INTERMEDIATE,TRAINER,12,103,96,107,0
44958,Ethereal Oil,INTERMEDIATE,TRAINER,3,101,96,105,0
23449,Khorium Bar,INTERMEDIATE,TRAINER,5,45540,40000,113,0
23449,Khorium Bar,INTERMEDIATE,TRAINER,3,43718,40000,109,0
22448,Small Prismatic Shard,INTERMEDIATE,TRAINER,20,1,0,0,1
22448,Small Prismatic Shard,INTERMEDIATE,TRAINER,1,1,0,0,1
24029,Teardrop Living Ruby,GEM_CUT,DROP,1,228780,120000,190,0
23517,Felsteel Gloves,GEAR,DROP,1,4,6,66,1
23517,Felsteel Gloves,GEAR,DROP,1,3,6,50,1
23517,Felsteel Gloves,GEAR,DROP,1,3,6,50,1
23517,Felsteel Gloves,GEAR,DROP,1,4,6,66,1
23517,Felsteel Gloves,GEAR,DROP,1,3,6,50,1
23517,Felsteel Gloves,GEAR,DROP,1,3,6,50,1
23517,Felsteel Gloves,GEAR,DROP,1,4,6,66,1
23517,Felsteel Gloves,GEAR,DROP,1,3,6,50,1
23517,Felsteel Gloves,GEAR,DROP,1,3,6,50,1
23517,Felsteel Gloves,GEAR,DROP,1,4,6,66,1
23517,Felsteel Gloves,GEAR,DROP,1,3,6,50,1
23517,Felsteel Gloves,GEAR,DROP,1,3,6,50,1
23517,Felsteel Gloves,GEAR,DROP,1,4,6,66,1
21752,Thorium Setting,INTERMEDIATE,TRAINER,3,1447,1545,93,1
21752,Thorium Setting,INTERMEDIATE,TRAINER,10,1374,1545,88,1
4318,Gloves of Meditation,GEAR,TRAINER,1,1854,2322,79,1
4318,Gloves of Meditation,GEAR,TRAINER,1,1835,2322,79,1
4318,Gloves of Meditation,GEAR,TRAINER,1,1816,2322,78,1
4318,Gloves of Meditation,GEAR,TRAINER,1,1761,2322,75,1
4318,Gloves of Meditation,GEAR,TRAINER,1,1854,2322,79,1
4318,Gloves of Meditation,GEAR,TRAINER,1,1835,2322,79,1
4318,Gloves of Meditation,GEAR,TRAINER,1,1816,2322,78,1
4318,Gloves of Meditation,GEAR,TRAINER,1,1761,2322,75,1
4318,Gloves of Meditation,GEAR,TRAINER,1,1854,2322,79,1
4318,Gloves of Meditation,GEAR,TRAINER,1,1835,2322,79,1
4318,Gloves of Meditation,GEAR,TRAINER,1,1816,2322,78,1
4318,Gloves of Meditation,GEAR,TRAINER,1,1761,2322,75,1
4318,Gloves of Meditation,GEAR,TRAINER,1,1854,2322,79,1
4318,Gloves of Meditation,GEAR,TRAINER,1,1835,2322,79,1
32839,Cauldron of Major Arcane Protection,MISC,UNSOURCED,2,331668,166000,199,0
22445,Arcane Dust,INTERMEDIATE,UNSOURCED,20,4749,5013,94,1
22445,Arcane Dust,INTERMEDIATE,UNSOURCED,6,4559,5013,90,1
22445,Arcane Dust,INTERMEDIATE,UNSOURCED,7,4422,5013,88,1
23787,Felsteel Stabilizer,INTERMEDIATE,TRAINER,2,1,2,50,1
23787,Felsteel Stabilizer,INTERMEDIATE,TRAINER,6,1,2,50,1
44958,Ethereal Oil,INTERMEDIATE,TRAINER,5,88,96,91,1
44958,Ethereal Oil,INTERMEDIATE,TRAINER,2,84,96,87,1
24270,Bag of Jewels,BAG,VENDOR,1,16136,20006,80,1
24270,Bag of Jewels,BAG,VENDOR,1,15329,20006,76,1
24270,Bag of Jewels,BAG,VENDOR,1,15175,20006,75,1
24270,Bag of Jewels,BAG,VENDOR,1,16136,20006,80,1
24270,Bag of Jewels,BAG,VENDOR,1,15329,20006,76,1
24270,Bag of Jewels,BAG,VENDOR,1,15175,20006,75,1
44958,Ethereal Oil,INTERMEDIATE,TRAINER,6,79,96,82,1
44958,Ethereal Oil,INTERMEDIATE,TRAINER,2,76,96,79,1
23785,Hardened Adamantite Tube,INTERMEDIATE,TRAINER,9,2,3,66,1
23785,Hardened Adamantite Tube,INTERMEDIATE,TRAINER,2,1,3,33,1
9060,Inlaid Mithril Cylinder,INTERMEDIATE,UNSOURCED,2,33331,15410,216,0
9060,Inlaid Mithril Cylinder,INTERMEDIATE,UNSOURCED,7,32331,15410,209,0
23518,Felsteel Leggings,GEAR,DROP,1,5,8,62,1
23518,Felsteel Leggings,GEAR,DROP,1,4,8,50,1
23518,Felsteel Leggings,GEAR,DROP,1,4,8,50,1
23518,Felsteel Leggings,GEAR,DROP,1,4,8,50,1
23518,Felsteel Leggings,GEAR,DROP,1,5,8,62,1
23518,Felsteel Leggings,GEAR,DROP,1,4,8,50,1
23518,Felsteel Leggings,GEAR,DROP,1,4,8,50,1
23518,Felsteel Leggings,GEAR,DROP,1,4,8,50,1
23518,Felsteel Leggings,GEAR,DROP,1,5,8,62,1
23518,Felsteel Leggings,GEAR,DROP,1,4,8,50,1
23518,Felsteel Leggings,GEAR,DROP,1,4,8,50,1
23518,Felsteel Leggings,GEAR,DROP,1,4,8,50,1
23518,Felsteel Leggings,GEAR,DROP,1,5,8,62,1
23518,Felsteel Leggings,GEAR,DROP,1,4,8,50,1
13423,Stonescale Oil,INTERMEDIATE,TRAINER,12,103,102,100,1
13423,Stonescale Oil,INTERMEDIATE,TRAINER,1,100,102,98,1
44958,Ethereal Oil,INTERMEDIATE,TRAINER,1,64,96,66,1
44958,Ethereal Oil,INTERMEDIATE,TRAINER,12,63,96,65,1
23787,Felsteel Stabilizer,INTERMEDIATE,TRAINER,12,1,2,50,1
23787,Felsteel Stabilizer,INTERMEDIATE,TRAINER,1,1,2,50,1
13423,Stonescale Oil,INTERMEDIATE,TRAINER,7,81,102,79,1
3719,Hillman's Cloak,GEAR,TRAINER,1,2753,3230,85,1
3719,Hillman's Cloak,GEAR,TRAINER,1,2697,3230,83,1
3719,Hillman's Cloak,GEAR,TRAINER,1,2589,3230,80,1
3719,Hillman's Cloak,GEAR,TRAINER,1,2753,3230,85,1
3719,Hillman's Cloak,GEAR,TRAINER,1,2697,3230,83,1
3719,Hillman's Cloak,GEAR,TRAINER,1,2589,3230,80,1
3719,Hillman's Cloak,GEAR,TRAINER,1,2753,3230,85,1
3719,Hillman's Cloak,GEAR,TRAINER,1,2697,3230,83,1
3719,Hillman's Cloak,GEAR,TRAINER,1,2589,3230,80,1
3719,Hillman's Cloak,GEAR,TRAINER,1,2753,3230,85,1
3719,Hillman's Cloak,GEAR,TRAINER,1,2697,3230,83,1
3719,Hillman's Cloak,GEAR,TRAINER,1,2589,3230,80,1
3719,Hillman's Cloak,GEAR,TRAINER,1,2753,3230,85,1
3719,Hillman's Cloak,GEAR,TRAINER,1,2697,3230,83,1
3719,Hillman's Cloak,GEAR,TRAINER,1,2589,3230,80,1
32836,Purified Shadow Pearl,GEM_CUT,TRAINER,1,8011,9280,86,1
32836,Purified Shadow Pearl,GEM_CUT,TRAINER,1,7770,9280,83,1
32836,Purified Shadow Pearl,GEM_CUT,TRAINER,1,8011,9280,86,1
32836,Purified Shadow Pearl,GEM_CUT,TRAINER,1,7770,9280,83,1
32836,Purified Shadow Pearl,GEM_CUT,TRAINER,1,8011,9280,86,1
32836,Purified Shadow Pearl,GEM_CUT,TRAINER,1,7770,9280,83,1
32836,Purified Shadow Pearl,GEM_CUT,TRAINER,1,8011,9280,86,1
32836,Purified Shadow Pearl,GEM_CUT,TRAINER,1,7770,9280,83,1
32836,Purified Shadow Pearl,GEM_CUT,TRAINER,1,8011,9280,86,1
32836,Purified Shadow Pearl,GEM_CUT,TRAINER,1,7770,9280,83,1
32836,Purified Shadow Pearl,GEM_CUT,TRAINER,1,8011,9280,86,1
32836,Purified Shadow Pearl,GEM_CUT,TRAINER,1,7770,9280,83,1
44958,Ethereal Oil,INTERMEDIATE,TRAINER,9,71,96,73,1
44958,Ethereal Oil,INTERMEDIATE,TRAINER,2,67,96,69,1
22448,Small Prismatic Shard,INTERMEDIATE,TRAINER,20,1,0,0,1
22448,Small Prismatic Shard,INTERMEDIATE,TRAINER,4,1,0,0,1
22448,Small Prismatic Shard,INTERMEDIATE,TRAINER,3,1,0,0,1
22448,Small Prismatic Shard,INTERMEDIATE,TRAINER,20,1,0,0,1
22448,Small Prismatic Shard,INTERMEDIATE,TRAINER,7,1,0,0,1
22448,Small Prismatic Shard,INTERMEDIATE,TRAINER,3,1,0,0,1
24269,Heavy Netherweave Net,MISC,UNSOURCED,20,10981,14400,76,1
24269,Heavy Netherweave Net,MISC,UNSOURCED,4,10541,14400,73,1
32836,Purified Shadow Pearl,GEM_CUT,TRAINER,1,6948,9280,74,1
32836,Purified Shadow Pearl,GEM_CUT,TRAINER,1,6739,9280,72,1
32836,Purified Shadow Pearl,GEM_CUT,TRAINER,1,6402,9280,68,1
32836,Purified Shadow Pearl,GEM_CUT,TRAINER,1,6948,9280,74,1
32836,Purified Shadow Pearl,GEM_CUT,TRAINER,1,6739,9280,72,1
32836,Purified Shadow Pearl,GEM_CUT,TRAINER,1,6402,9280,68,1
32836,Purified Shadow Pearl,GEM_CUT,TRAINER,1,6948,9280,74,1
32836,Purified Shadow Pearl,GEM_CUT,TRAINER,1,6739,9280,72,1
32836,Purified Shadow Pearl,GEM_CUT,TRAINER,1,6402,9280,68,1
32836,Purified Shadow Pearl,GEM_CUT,TRAINER,1,6948,9280,74,1
32836,Purified Shadow Pearl,GEM_CUT,TRAINER,1,6739,9280,72,1
23785,Hardened Adamantite Tube,INTERMEDIATE,TRAINER,9,1,3,33,1
23785,Hardened Adamantite Tube,INTERMEDIATE,TRAINER,3,1,3,33,1
8170,Rugged Leather,INTERMEDIATE,TRAINER,1,6533,7128,91,1
8170,Rugged Leather,INTERMEDIATE,TRAINER,5,6271,7128,87,1
23518,Felsteel Leggings,GEAR,DROP,1,6,8,75,1
23518,Felsteel Leggings,GEAR,DROP,1,5,8,62,1
23518,Felsteel Leggings,GEAR,DROP,1,4,8,50,1
23518,Felsteel Leggings,GEAR,DROP,1,6,8,75,1
23518,Felsteel Leggings,GEAR,DROP,1,5,8,62,1
23518,Felsteel Leggings,GEAR,DROP,1,4,8,50,1
23747,Felsteel Boomstick,GEAR,DROP,1,22608,24011,94,1
23747,Felsteel Boomstick,GEAR,DROP,1,21703,24011,90,1
23747,Felsteel Boomstick,GEAR,DROP,1,21051,24011,87,1
23747,Felsteel Boomstick,GEAR,DROP,1,22608,24011,94,1
23747,Felsteel Boomstick,GEAR,DROP,1,21703,24011,90,1
23747,Felsteel Boomstick,GEAR,DROP,1,21051,24011,87,1
23747,Felsteel Boomstick,GEAR,DROP,1,22608,24011,94,1
23747,Felsteel Boomstick,GEAR,DROP,1,21703,24011,90,1
23747,Felsteel Boomstick,GEAR,DROP,1,21051,24011,87,1
23747,Felsteel Boomstick,GEAR,DROP,1,22608,24011,94,1
23747,Felsteel Boomstick,GEAR,DROP,1,21703,24011,90,1
23747,Felsteel Boomstick,GEAR,DROP,1,21051,24011,87,1
23747,Felsteel Boomstick,GEAR,DROP,1,22608,24011,94,1
23747,Felsteel Boomstick,GEAR,DROP,1,21703,24011,90,1
8170,Rugged Leather,INTERMEDIATE,TRAINER,13,5313,7128,74,1
8170,Rugged Leather,INTERMEDIATE,TRAINER,2,5206,7128,73,1
24268,Netherweave Net,MISC,TRAINER,20,5948,7200,82,1
24268,Netherweave Net,MISC,TRAINER,8,5769,7200,80,1
23449,Khorium Bar,INTERMEDIATE,TRAINER,3,32100,40000,80,1
23449,Khorium Bar,INTERMEDIATE,TRAINER,12,31137,40000,77,1
15407,Cured Rugged Hide,INTERMEDIATE,TRAINER,4,6727,9060,74,1
15407,Cured Rugged Hide,INTERMEDIATE,TRAINER,2,6457,9060,71,1
24268,Netherweave Net,MISC,TRAINER,10,5434,7200,75,1
42421,Shadow Jade Focusing Lens,MISC,TRAINER,1,32640,40000,81,1
42421,Shadow Jade Focusing Lens,MISC,TRAINER,1,31987,40000,79,1
42421,Shadow Jade Focusing Lens,MISC,TRAINER,1,31347,40000,78,1
42421,Shadow Jade Focusing Lens,MISC,TRAINER,1,32640,40000,81,1
42421,Shadow Jade Focusing Lens,MISC,TRAINER,1,31987,40000,79,1
42421,Shadow Jade Focusing Lens,MISC,TRAINER,1,31347,40000,78,1
24268,Netherweave Net,MISC,TRAINER,10,6013,7200,83,1
15407,Cured Rugged Hide,INTERMEDIATE,TRAINER,8,8398,9060,92,1
15407,Cured Rugged Hide,INTERMEDIATE,TRAINER,7,7978,9060,88,1
21752,Thorium Setting,INTERMEDIATE,TRAINER,2,1291,1545,83,1
21752,Thorium Setting,INTERMEDIATE,TRAINER,5,1265,1545,81,1
14342,Mooncloth,INTERMEDIATE,VENDOR,11,12567,15200,82,1
14342,Mooncloth,INTERMEDIATE,VENDOR,4,12315,15200,81,1
23517,Felsteel Gloves,GEAR,DROP,1,3,6,50,1
23517,Felsteel Gloves,GEAR,DROP,1,3,6,50,1
23517,Felsteel Gloves,GEAR,DROP,1,3,6,50,1
23517,Felsteel Gloves,GEAR,DROP,1,3,6,50,1
23517,Felsteel Gloves,GEAR,DROP,1,3,6,50,1
23517,Felsteel Gloves,GEAR,DROP,1,3,6,50,1
23517,Felsteel Gloves,GEAR,DROP,1,3,6,50,1
23517,Felsteel Gloves,GEAR,DROP,1,3,6,50,1
32836,Purified Shadow Pearl,GEM_CUT,TRAINER,1,6106,9280,65,1
32836,Purified Shadow Pearl,GEM_CUT,TRAINER,1,5861,9280,63,1
32836,Purified Shadow Pearl,GEM_CUT,TRAINER,1,6106,9280,65,1
32836,Purified Shadow Pearl,GEM_CUT,TRAINER,1,5861,9280,63,1
32836,Purified Shadow Pearl,GEM_CUT,TRAINER,1,6106,9280,65,1
32836,Purified Shadow Pearl,GEM_CUT,TRAINER,1,5861,9280,63,1
32836,Purified Shadow Pearl,GEM_CUT,TRAINER,1,6106,9280,65,1
23449,Khorium Bar,INTERMEDIATE,TRAINER,10,32560,40000,81,1
23449,Khorium Bar,INTERMEDIATE,TRAINER,4,31583,40000,78,1
4314,Double-stitched Woolen Shoulders,GEAR,TRAINER,1,997,1424,70,1
4314,Double-stitched Woolen Shoulders,GEAR,TRAINER,1,947,1424,66,1
4314,Double-stitched Woolen Shoulders,GEAR,TRAINER,1,899,1424,63,1
4314,Double-stitched Woolen Shoulders,GEAR,TRAINER,1,997,1424,70,1
4314,Double-stitched Woolen Shoulders,GEAR,TRAINER,1,947,1424,66,1
4314,Double-stitched Woolen Shoulders,GEAR,TRAINER,1,899,1424,63,1
4314,Double-stitched Woolen Shoulders,GEAR,TRAINER,1,997,1424,70,1
4314,Double-stitched Woolen Shoulders,GEAR,TRAINER,1,947,1424,66,1
4314,Double-stitched Woolen Shoulders,GEAR,TRAINER,1,899,1424,63,1
4314,Double-stitched Woolen Shoulders,GEAR,TRAINER,1,997,1424,70,1
4314,Double-stitched Woolen Shoulders,GEAR,TRAINER,1,947,1424,66,1
4314,Double-stitched Woolen Shoulders,GEAR,TRAINER,1,899,1424,63,1
4314,Double-stitched Woolen Shoulders,GEAR,TRAINER,1,997,1424,70,1
4314,Double-stitched Woolen Shoulders,GEAR,TRAINER,1,947,1424,66,1
4314,Double-stitched Woolen Shoulders,GEAR,TRAINER,1,899,1424,63,1
22448,Small Prismatic Shard,INTERMEDIATE,TRAINER,20,1,0,0,1
22448,Small Prismatic Shard,INTERMEDIATE,TRAINER,2,1,0,0,1
22448,Small Prismatic Shard,INTERMEDIATE,TRAINER,5,1,0,0,1
22448,Small Prismatic Shard,INTERMEDIATE,TRAINER,2,1,0,0,1
22448,Small Prismatic Shard,INTERMEDIATE,TRAINER,13,1,0,0,1
22448,Small Prismatic Shard,INTERMEDIATE,TRAINER,20,1,0,0,1
22448,Small Prismatic Shard,INTERMEDIATE,TRAINER,1,1,0,0,1
22448,Small Prismatic Shard,INTERMEDIATE,TRAINER,3,1,0,0,1
32836,Purified Shadow Pearl,GEM_CUT,TRAINER,1,8878,9280,95,1
32836,Purified Shadow Pearl,GEM_CUT,TRAINER,1,8789,9280,94,1
32836,Purified Shadow Pearl,GEM_CUT,TRAINER,1,8437,9280,90,1
32836,Purified Shadow Pearl,GEM_CUT,TRAINER,1,8878,9280,95,1
32836,Purified Shadow Pearl,GEM_CUT,TRAINER,1,8789,9280,94,1
32836,Purified Shadow Pearl,GEM_CUT,TRAINER,1,8437,9280,90,1
32836,Purified Shadow Pearl,GEM_CUT,TRAINER,1,8878,9280,95,1
32836,Purified Shadow Pearl,GEM_CUT,TRAINER,1,8789,9280,94,1
32836,Purified Shadow Pearl,GEM_CUT,TRAINER,1,8437,9280,90,1
32836,Purified Shadow Pearl,GEM_CUT,TRAINER,1,8878,9280,95,1
32836,Purified Shadow Pearl,GEM_CUT,TRAINER,1,8789,9280,94,1
44958,Ethereal Oil,INTERMEDIATE,TRAINER,9,80,96,83,1
44958,Ethereal Oil,INTERMEDIATE,TRAINER,4,78,96,81,1
22448,Small Prismatic Shard,INTERMEDIATE,TRAINER,20,1,0,0,1
22448,Small Prismatic Shard,INTERMEDIATE,TRAINER,5,1,0,0,1
22448,Small Prismatic Shard,INTERMEDIATE,TRAINER,2,1,0,0,1
33208,Flask of Chromatic Wonder,FLASK,VENDOR,5,45360,36000,126,0
33208,Flask of Chromatic Wonder,FLASK,VENDOR,5,43545,36000,120,0
33208,Flask of Chromatic Wonder,FLASK,VENDOR,2,43109,36000,119,0
22445,Arcane Dust,INTERMEDIATE,UNSOURCED,12,3609,5013,71,1
22445,Arcane Dust,INTERMEDIATE,UNSOURCED,6,3428,5013,68,1
23518,Felsteel Leggings,GEAR,DROP,1,6,8,75,1
23518,Felsteel Leggings,GEAR,DROP,1,5,8,62,1
23518,Felsteel Leggings,GEAR,DROP,1,6,8,75,1
23518,Felsteel Leggings,GEAR,DROP,1,5,8,62,1
23518,Felsteel Leggings,GEAR,DROP,1,6,8,75,1
23518,Felsteel Leggings,GEAR,DROP,1,5,8,62,1
23518,Felsteel Leggings,GEAR,DROP,1,6,8,75,1
23518,Felsteel Leggings,GEAR,DROP,1,5,8,62,1
23518,Felsteel Leggings,GEAR,DROP,1,6,8,75,1
23096,Runed Blood Garnet,GEM_CUT,VENDOR,1,25400,20000,127,0
23096,Runed Blood Garnet,GEM_CUT,VENDOR,1,25146,20000,125,0
22448,Small Prismatic Shard,INTERMEDIATE,TRAINER,17,1,0,0,1
22448,Small Prismatic Shard,INTERMEDIATE,TRAINER,1,1,0,0,1
14529,Runecloth Bandage,MISC,TRAINER,12,1664,2376,70,1
13445,Elixir of Superior Defense,ELIXIR_POT,VENDOR,5,1349,1064,126,0
23787,Felsteel Stabilizer,INTERMEDIATE,TRAINER,7,1,2,50,1
23787,Felsteel Stabilizer,INTERMEDIATE,TRAINER,2,1,2,50,1
32833,Purified Jaggal Pearl,GEM_CUT,TRAINER,1,7859,9280,84,1
32833,Purified Jaggal Pearl,GEM_CUT,TRAINER,1,7701,9280,82,1
32833,Purified Jaggal Pearl,GEM_CUT,TRAINER,1,7859,9280,84,1
32833,Purified Jaggal Pearl,GEM_CUT,TRAINER,1,7701,9280,82,1
32833,Purified Jaggal Pearl,GEM_CUT,TRAINER,1,7859,9280,84,1
32833,Purified Jaggal Pearl,GEM_CUT,TRAINER,1,7701,9280,82,1
32833,Purified Jaggal Pearl,GEM_CUT,TRAINER,1,7859,9280,84,1
24270,Bag of Jewels,BAG,VENDOR,1,16604,20006,82,1
24270,Bag of Jewels,BAG,VENDOR,1,16105,20006,80,1
24270,Bag of Jewels,BAG,VENDOR,1,15621,20006,78,1
24270,Bag of Jewels,BAG,VENDOR,1,16604,20006,82,1
24270,Bag of Jewels,BAG,VENDOR,1,16105,20006,80,1
24270,Bag of Jewels,BAG,VENDOR,1,15621,20006,78,1
24270,Bag of Jewels,BAG,VENDOR,1,16604,20006,82,1
24270,Bag of Jewels,BAG,VENDOR,1,16105,20006,80,1
24270,Bag of Jewels,BAG,VENDOR,1,15621,20006,78,1
24270,Bag of Jewels,BAG,VENDOR,1,16604,20006,82,1
21861,Imbued Netherweave Robe,GEAR,VENDOR,1,57204,65006,87,1
21861,Imbued Netherweave Robe,GEAR,VENDOR,1,54915,65006,84,1
21861,Imbued Netherweave Robe,GEAR,VENDOR,1,53816,65006,82,1
21861,Imbued Netherweave Robe,GEAR,VENDOR,1,57204,65006,87,1
21861,Imbued Netherweave Robe,GEAR,VENDOR,1,54915,65006,84,1
44958,Ethereal Oil,INTERMEDIATE,TRAINER,8,70,96,72,1
44958,Ethereal Oil,INTERMEDIATE,TRAINER,7,66,96,68,1
23793,Heavy Knothide Leather,INTERMEDIATE,TRAINER,11,22080,25000,88,1
23793,Heavy Knothide Leather,INTERMEDIATE,TRAINER,1,21859,25000,87,1
13512,Flask of Supreme Power,FLASK,DROP,14,26276,11430,229,0
21861,Imbued Netherweave Robe,GEAR,VENDOR,1,59675,65006,91,1
21861,Imbued Netherweave Robe,GEAR,VENDOR,1,56691,65006,87,1
21861,Imbued Netherweave Robe,GEAR,VENDOR,1,59675,65006,91,1
21861,Imbued Netherweave Robe,GEAR,VENDOR,1,56691,65006,87,1
21861,Imbued Netherweave Robe,GEAR,VENDOR,1,59675,65006,91,1
21861,Imbued Netherweave Robe,GEAR,VENDOR,1,56691,65006,87,1
21861,Imbued Netherweave Robe,GEAR,VENDOR,1,59675,65006,91,1
21861,Imbued Netherweave Robe,GEAR,VENDOR,1,56691,65006,87,1
21861,Imbued Netherweave Robe,GEAR,VENDOR,1,59675,65006,91,1
21861,Imbued Netherweave Robe,GEAR,VENDOR,1,56691,65006,87,1
21861,Imbued Netherweave Robe,GEAR,VENDOR,1,59675,65006,91,1
21861,Imbued Netherweave Robe,GEAR,VENDOR,1,56691,65006,87,1
21861,Imbued Netherweave Robe,GEAR,VENDOR,1,59675,65006,91,1
21861,Imbued Netherweave Robe,GEAR,VENDOR,1,56691,65006,87,1
14342,Mooncloth,INTERMEDIATE,VENDOR,5,16183,15200,106,0
14342,Mooncloth,INTERMEDIATE,VENDOR,6,15859,15200,104,0
24268,Netherweave Net,MISC,TRAINER,20,5414,7200,75,1
24268,Netherweave Net,MISC,TRAINER,4,5305,7200,73,1
31080,Mercurial Stone,GEAR,TRAINER,1,122428,96000,127,0
31080,Mercurial Stone,GEAR,TRAINER,1,119979,96000,124,0
31080,Mercurial Stone,GEAR,TRAINER,1,117579,96000,122,0
13423,Stonescale Oil,INTERMEDIATE,TRAINER,6,76,102,74,1
13423,Stonescale Oil,INTERMEDIATE,TRAINER,3,72,102,70,1
23095,Bold Blood Garnet,GEM_CUT,TRAINER,1,15876,20000,79,1
23095,Bold Blood Garnet,GEM_CUT,TRAINER,1,15240,20000,76,1
23095,Bold Blood Garnet,GEM_CUT,TRAINER,1,14782,20000,73,1
23095,Bold Blood Garnet,GEM_CUT,TRAINER,1,14190,20000,70,1
23095,Bold Blood Garnet,GEM_CUT,TRAINER,1,15876,20000,79,1
23095,Bold Blood Garnet,GEM_CUT,TRAINER,1,15240,20000,76,1
23095,Bold Blood Garnet,GEM_CUT,TRAINER,1,14782,20000,73,1
23095,Bold Blood Garnet,GEM_CUT,TRAINER,1,14190,20000,70,1
33093,Mana Potion Injector,ELIXIR_POT,DROP,20,41990,14400,291,0
33093,Mana Potion Injector,ELIXIR_POT,DROP,20,40310,14400,279,0
33093,Mana Potion Injector,ELIXIR_POT,DROP,20,39503,14400,274,0
33093,Mana Potion Injector,ELIXIR_POT,DROP,5,41990,14400,291,0
33093,Mana Potion Injector,ELIXIR_POT,DROP,5,40310,14400,279,0
33093,Mana Potion Injector,ELIXIR_POT,DROP,20,39503,14400,274,0
33093,Mana Potion Injector,ELIXIR_POT,DROP,5,41990,14400,291,0
33093,Mana Potion Injector,ELIXIR_POT,DROP,20,40310,14400,279,0
33093,Mana Potion Injector,ELIXIR_POT,DROP,5,39503,14400,274,0
33093,Mana Potion Injector,ELIXIR_POT,DROP,5,41990,14400,291,0
33093,Mana Potion Injector,ELIXIR_POT,DROP,20,40310,14400,279,0
33093,Mana Potion Injector,ELIXIR_POT,DROP,5,39503,14400,274,0
33093,Mana Potion Injector,ELIXIR_POT,DROP,5,41990,14400,291,0
33093,Mana Potion Injector,ELIXIR_POT,DROP,20,40310,14400,279,0
33093,Mana Potion Injector,ELIXIR_POT,DROP,5,39503,14400,274,0
33093,Mana Potion Injector,ELIXIR_POT,DROP,20,41990,14400,291,0
33093,Mana Potion Injector,ELIXIR_POT,DROP,5,40310,14400,279,0
33093,Mana Potion Injector,ELIXIR_POT,DROP,20,39503,14400,274,0
33093,Mana Potion Injector,ELIXIR_POT,DROP,5,41990,14400,291,0
33093,Mana Potion Injector,ELIXIR_POT,DROP,20,40310,14400,279,0
33093,Mana Potion Injector,ELIXIR_POT,DROP,20,39503,14400,274,0
33093,Mana Potion Injector,ELIXIR_POT,DROP,20,41990,14400,291,0
33093,Mana Potion Injector,ELIXIR_POT,DROP,20,40310,14400,279,0
33093,Mana Potion Injector,ELIXIR_POT,DROP,5,39503,14400,274,0
33093,Mana Potion Injector,ELIXIR_POT,DROP,5,41990,14400,291,0
23785,Hardened Adamantite Tube,INTERMEDIATE,TRAINER,8,1,3,33,1
23785,Hardened Adamantite Tube,INTERMEDIATE,TRAINER,1,1,3,33,1
21841,Netherweave Bag,BAG,TRAINER,1,116412,101000,115,0
21841,Netherweave Bag,BAG,TRAINER,1,111755,101000,110,0
21841,Netherweave Bag,BAG,TRAINER,1,108402,101000,107,0
22448,Small Prismatic Shard,INTERMEDIATE,TRAINER,10,1,0,0,1
22448,Small Prismatic Shard,INTERMEDIATE,TRAINER,8,1,0,0,1
13513,Flask of Chromatic Resistance,FLASK,DROP,20,50094,20250,247,0
13513,Flask of Chromatic Resistance,FLASK,DROP,16,48591,20250,239,0
3860,Mithril Bar,INTERMEDIATE,TRAINER,3,1906,1545,123,0
3860,Mithril Bar,INTERMEDIATE,TRAINER,2,1848,1545,119,0
23517,Felsteel Gloves,GEAR,DROP,1,4,6,66,1
23517,Felsteel Gloves,GEAR,DROP,1,3,6,50,1
23517,Felsteel Gloves,GEAR,DROP,1,4,6,66,1
23517,Felsteel Gloves,GEAR,DROP,1,3,6,50,1
23517,Felsteel Gloves,GEAR,DROP,1,4,6,66,1
23517,Felsteel Gloves,GEAR,DROP,1,3,6,50,1
23517,Felsteel Gloves,GEAR,DROP,1,4,6,66,1
23787,Felsteel Stabilizer,INTERMEDIATE,TRAINER,5,1,2,50,1
23787,Felsteel Stabilizer,INTERMEDIATE,TRAINER,5,1,2,50,1
23518,Felsteel Leggings,GEAR,DROP,1,5,8,62,1
23518,Felsteel Leggings,GEAR,DROP,1,4,8,50,1
23518,Felsteel Leggings,GEAR,DROP,1,4,8,50,1
23518,Felsteel Leggings,GEAR,DROP,1,5,8,62,1
23518,Felsteel Leggings,GEAR,DROP,1,4,8,50,1
23518,Felsteel Leggings,GEAR,DROP,1,4,8,50,1
23518,Felsteel Leggings,GEAR,DROP,1,5,8,62,1
23518,Felsteel Leggings,GEAR,DROP,1,4,8,50,1
23518,Felsteel Leggings,GEAR,DROP,1,4,8,50,1
23517,Felsteel Gloves,GEAR,DROP,1,3,6,50,1
23517,Felsteel Gloves,GEAR,DROP,1,3,6,50,1
23517,Felsteel Gloves,GEAR,DROP,1,3,6,50,1
23517,Felsteel Gloves,GEAR,DROP,1,3,6,50,1
23517,Felsteel Gloves,GEAR,DROP,1,3,6,50,1
21862,Imbued Netherweave Tunic,GEAR,VENDOR,1,59271,65006,91,1
21862,Imbued Netherweave Tunic,GEAR,VENDOR,1,58085,65006,89,1
21862,Imbued Netherweave Tunic,GEAR,VENDOR,1,56342,65006,86,1
21862,Imbued Netherweave Tunic,GEAR,VENDOR,1,59271,65006,91,1
21862,Imbued Netherweave Tunic,GEAR,VENDOR,1,58085,65006,89,1
21862,Imbued Netherweave Tunic,GEAR,VENDOR,1,56342,65006,86,1
21862,Imbued Netherweave Tunic,GEAR,VENDOR,1,59271,65006,91,1
21862,Imbued Netherweave Tunic,GEAR,VENDOR,1,58085,65006,89,1
21862,Imbued Netherweave Tunic,GEAR,VENDOR,1,56342,65006,86,1
14529,Runecloth Bandage,MISC,TRAINER,5,2169,2376,91,1
22448,Small Prismatic Shard,INTERMEDIATE,TRAINER,20,1,0,0,1
22448,Small Prismatic Shard,INTERMEDIATE,TRAINER,20,1,0,0,1
22448,Small Prismatic Shard,INTERMEDIATE,TRAINER,1,1,0,0,1
22448,Small Prismatic Shard,INTERMEDIATE,TRAINER,1,1,0,0,1
41367,Dark Jade Focusing Lens,MISC,TRAINER,1,15400,20000,77,1
41367,Dark Jade Focusing Lens,MISC,TRAINER,1,14630,20000,73,1
41367,Dark Jade Focusing Lens,MISC,TRAINER,1,14483,20000,72,1
41367,Dark Jade Focusing Lens,MISC,TRAINER,1,15400,20000,77,1
41367,Dark Jade Focusing Lens,MISC,TRAINER,1,14630,20000,73,1
41367,Dark Jade Focusing Lens,MISC,TRAINER,1,14483,20000,72,1
41367,Dark Jade Focusing Lens,MISC,TRAINER,1,15400,20000,77,1
41367,Dark Jade Focusing Lens,MISC,TRAINER,1,14630,20000,73,1
41367,Dark Jade Focusing Lens,MISC,TRAINER,1,14483,20000,72,1
41367,Dark Jade Focusing Lens,MISC,TRAINER,1,15400,20000,77,1
41367,Dark Jade Focusing Lens,MISC,TRAINER,1,14630,20000,73,1
41367,Dark Jade Focusing Lens,MISC,TRAINER,1,14483,20000,72,1
41367,Dark Jade Focusing Lens,MISC,TRAINER,1,15400,20000,77,1
41367,Dark Jade Focusing Lens,MISC,TRAINER,1,14630,20000,73,1
24270,Bag of Jewels,BAG,VENDOR,1,17893,20006,89,1
24270,Bag of Jewels,BAG,VENDOR,1,17356,20006,86,1
24270,Bag of Jewels,BAG,VENDOR,1,16488,20006,82,1
24270,Bag of Jewels,BAG,VENDOR,1,17893,20006,89,1
24270,Bag of Jewels,BAG,VENDOR,1,17356,20006,86,1
24270,Bag of Jewels,BAG,VENDOR,1,16488,20006,82,1
24270,Bag of Jewels,BAG,VENDOR,1,17893,20006,89,1
24270,Bag of Jewels,BAG,VENDOR,1,17356,20006,86,1
24270,Bag of Jewels,BAG,VENDOR,1,16488,20006,82,1
24270,Bag of Jewels,BAG,VENDOR,1,17893,20006,89,1
24270,Bag of Jewels,BAG,VENDOR,1,17356,20006,86,1
24270,Bag of Jewels,BAG,VENDOR,1,16488,20006,82,1
24270,Bag of Jewels,BAG,VENDOR,1,17893,20006,89,1
23517,Felsteel Gloves,GEAR,DROP,1,4,6,66,1
23517,Felsteel Gloves,GEAR,DROP,1,3,6,50,1
23517,Felsteel Gloves,GEAR,DROP,1,4,6,66,1
23517,Felsteel Gloves,GEAR,DROP,1,3,6,50,1
23517,Felsteel Gloves,GEAR,DROP,1,4,6,66,1
23517,Felsteel Gloves,GEAR,DROP,1,3,6,50,1
23517,Felsteel Gloves,GEAR,DROP,1,4,6,66,1
23517,Felsteel Gloves,GEAR,DROP,1,3,6,50,1
23517,Felsteel Gloves,GEAR,DROP,1,4,6,66,1
23517,Felsteel Gloves,GEAR,DROP,1,3,6,50,1
23517,Felsteel Gloves,GEAR,DROP,1,4,6,66,1
23517,Felsteel Gloves,GEAR,DROP,1,3,6,50,1
23517,Felsteel Gloves,GEAR,DROP,1,4,6,66,1
23517,Felsteel Gloves,GEAR,DROP,1,3,6,50,1
23517,Felsteel Gloves,GEAR,DROP,1,4,6,66,1
40098,Radiant Forest Emerald,GEM_CUT,DROP,1,240120,150000,160,0
40098,Radiant Forest Emerald,GEM_CUT,DROP,1,228114,150000,152,0
21752,Thorium Setting,INTERMEDIATE,TRAINER,7,1156,1545,74,1
21752,Thorium Setting,INTERMEDIATE,TRAINER,6,1098,1545,71,1
24270,Bag of Jewels,BAG,VENDOR,1,15916,20006,79,1
24270,Bag of Jewels,BAG,VENDOR,1,15279,20006,76,1
24270,Bag of Jewels,BAG,VENDOR,1,15126,20006,75,1
24270,Bag of Jewels,BAG,VENDOR,1,15916,20006,79,1
24270,Bag of Jewels,BAG,VENDOR,1,15279,20006,76,1
24270,Bag of Jewels,BAG,VENDOR,1,15126,20006,75,1
24270,Bag of Jewels,BAG,VENDOR,1,15916,20006,79,1
24270,Bag of Jewels,BAG,VENDOR,1,15279,20006,76,1
3859,Steel Bar,INTERMEDIATE,TRAINER,8,1722,1400,123,0
3859,Steel Bar,INTERMEDIATE,TRAINER,5,1704,1400,121,0
27663,Blackened Sporefish,FOOD,VENDOR,14,35,48,72,1
27662,Feltail Delight,FOOD,VENDOR,13,39,48,81,1
24270,Bag of Jewels,BAG,VENDOR,1,16132,20006,80,1
24270,Bag of Jewels,BAG,VENDOR,1,15648,20006,78,1
24270,Bag of Jewels,BAG,VENDOR,1,16132,20006,80,1
24270,Bag of Jewels,BAG,VENDOR,1,15648,20006,78,1
24270,Bag of Jewels,BAG,VENDOR,1,16132,20006,80,1
24270,Bag of Jewels,BAG,VENDOR,1,15648,20006,78,1
24270,Bag of Jewels,BAG,VENDOR,1,16132,20006,80,1
24270,Bag of Jewels,BAG,VENDOR,1,15648,20006,78,1
24270,Bag of Jewels,BAG,VENDOR,1,16132,20006,80,1
24270,Bag of Jewels,BAG,VENDOR,1,15648,20006,78,1
24270,Bag of Jewels,BAG,VENDOR,1,16132,20006,80,1
24270,Bag of Jewels,BAG,VENDOR,1,15648,20006,78,1
24270,Bag of Jewels,BAG,VENDOR,1,16132,20006,80,1
40195,Pygmy Oil,INTERMEDIATE,TRAINER,12,239,300,79,1
40195,Pygmy Oil,INTERMEDIATE,TRAINER,3,236,300,78,1
21843,Imbued Netherweave Bag,BAG,VENDOR,1,53583,60005,89,1
21843,Imbued Netherweave Bag,BAG,VENDOR,1,51975,60005,86,1
21843,Imbued Netherweave Bag,BAG,VENDOR,1,51455,60005,85,1
21843,Imbued Netherweave Bag,BAG,VENDOR,1,50425,60005,84,1
21843,Imbued Netherweave Bag,BAG,VENDOR,1,53583,60005,89,1
21843,Imbued Netherweave Bag,BAG,VENDOR,1,51975,60005,86,1
23518,Felsteel Leggings,GEAR,DROP,1,5,8,62,1
23518,Felsteel Leggings,GEAR,DROP,1,4,8,50,1
23518,Felsteel Leggings,GEAR,DROP,1,5,8,62,1
23518,Felsteel Leggings,GEAR,DROP,1,4,8,50,1
23518,Felsteel Leggings,GEAR,DROP,1,5,8,62,1
23518,Felsteel Leggings,GEAR,DROP,1,4,8,50,1
23518,Felsteel Leggings,GEAR,DROP,1,5,8,62,1
23518,Felsteel Leggings,GEAR,DROP,1,4,8,50,1
23518,Felsteel Leggings,GEAR,DROP,1,5,8,62,1
23518,Felsteel Leggings,GEAR,DROP,1,4,8,50,1
23518,Felsteel Leggings,GEAR,DROP,1,5,8,62,1
23518,Felsteel Leggings,GEAR,DROP,1,4,8,50,1
23518,Felsteel Leggings,GEAR,DROP,1,5,8,62,1
40111,Bold Cardinal Ruby,GEM_CUT,VENDOR,1,316800,250000,126,0
40111,Bold Cardinal Ruby,GEM_CUT,VENDOR,1,313632,250000,125,0
21887,Knothide Leather,INTERMEDIATE,TRAINER,5,4935,7500,65,1
21887,Knothide Leather,INTERMEDIATE,TRAINER,4,4688,7500,62,1
24268,Netherweave Net,MISC,TRAINER,20,5028,7200,69,1
24268,Netherweave Net,MISC,TRAINER,8,4977,7200,69,1
21861,Imbued Netherweave Robe,GEAR,VENDOR,1,49299,65006,75,1
21861,Imbued Netherweave Robe,GEAR,VENDOR,1,46834,65006,72,1
21861,Imbued Netherweave Robe,GEAR,VENDOR,1,49299,65006,75,1
21861,Imbued Netherweave Robe,GEAR,VENDOR,1,46834,65006,72,1
21861,Imbued Netherweave Robe,GEAR,VENDOR,1,49299,65006,75,1
21861,Imbued Netherweave Robe,GEAR,VENDOR,1,46834,65006,72,1
21861,Imbued Netherweave Robe,GEAR,VENDOR,1,49299,65006,75,1
21861,Imbued Netherweave Robe,GEAR,VENDOR,1,46834,65006,72,1
21861,Imbued Netherweave Robe,GEAR,VENDOR,1,49299,65006,75,1
21861,Imbued Netherweave Robe,GEAR,VENDOR,1,46834,65006,72,1
21861,Imbued Netherweave Robe,GEAR,VENDOR,1,49299,65006,75,1
21861,Imbued Netherweave Robe,GEAR,VENDOR,1,46834,65006,72,1
21861,Imbued Netherweave Robe,GEAR,VENDOR,1,49299,65006,75,1
21861,Imbued Netherweave Robe,GEAR,VENDOR,1,46834,65006,72,1
21861,Imbued Netherweave Robe,GEAR,VENDOR,1,49299,65006,75,1
24268,Netherweave Net,MISC,TRAINER,20,6336,7200,88,1
32833,Purified Jaggal Pearl,GEM_CUT,TRAINER,1,9103,9280,98,1
32833,Purified Jaggal Pearl,GEM_CUT,TRAINER,1,8829,9280,95,1
32833,Purified Jaggal Pearl,GEM_CUT,TRAINER,1,8564,9280,92,1
32833,Purified Jaggal Pearl,GEM_CUT,TRAINER,1,8221,9280,88,1
32833,Purified Jaggal Pearl,GEM_CUT,TRAINER,1,9103,9280,98,1
32833,Purified Jaggal Pearl,GEM_CUT,TRAINER,1,8829,9280,95,1
32833,Purified Jaggal Pearl,GEM_CUT,TRAINER,1,8564,9280,92,1
32833,Purified Jaggal Pearl,GEM_CUT,TRAINER,1,8221,9280,88,1
32833,Purified Jaggal Pearl,GEM_CUT,TRAINER,1,9103,9280,98,1
32833,Purified Jaggal Pearl,GEM_CUT,TRAINER,1,8829,9280,95,1
32833,Purified Jaggal Pearl,GEM_CUT,TRAINER,1,8564,9280,92,1
32833,Purified Jaggal Pearl,GEM_CUT,TRAINER,1,8221,9280,88,1
32833,Purified Jaggal Pearl,GEM_CUT,TRAINER,1,9103,9280,98,1
32833,Purified Jaggal Pearl,GEM_CUT,TRAINER,1,8829,9280,95,1
32833,Purified Jaggal Pearl,GEM_CUT,TRAINER,1,8564,9280,92,1
23519,Felsteel Helm,GEAR,DROP,1,5,8,62,1
23519,Felsteel Helm,GEAR,DROP,1,4,8,50,1
23519,Felsteel Helm,GEAR,DROP,1,4,8,50,1
23519,Felsteel Helm,GEAR,DROP,1,5,8,62,1
23519,Felsteel Helm,GEAR,DROP,1,4,8,50,1
23519,Felsteel Helm,GEAR,DROP,1,4,8,50,1
23519,Felsteel Helm,GEAR,DROP,1,5,8,62,1
23519,Felsteel Helm,GEAR,DROP,1,4,8,50,1
23519,Felsteel Helm,GEAR,DROP,1,4,8,50,1
31080,Mercurial Stone,GEAR,TRAINER,1,116160,96000,121,0
25679,Comfortable Insoles,MISC,VENDOR,10,9682,10000,96,1
21861,Imbued Netherweave Robe,GEAR,VENDOR,1,47323,65006,72,1
21861,Imbued Netherweave Robe,GEAR,VENDOR,1,45903,65006,70,1
21861,Imbued Netherweave Robe,GEAR,VENDOR,1,47323,65006,72,1
21861,Imbued Netherweave Robe,GEAR,VENDOR,1,45903,65006,70,1
21861,Imbued Netherweave Robe,GEAR,VENDOR,1,47323,65006,72,1
21861,Imbued Netherweave Robe,GEAR,VENDOR,1,45903,65006,70,1
21861,Imbued Netherweave Robe,GEAR,VENDOR,1,47323,65006,72,1
21861,Imbued Netherweave Robe,GEAR,VENDOR,1,45903,65006,70,1
21861,Imbued Netherweave Robe,GEAR,VENDOR,1,47323,65006,72,1
25843,Fel Iron Rod,INTERMEDIATE,TRAINER,1,76125,72000,105,0
25843,Fel Iron Rod,INTERMEDIATE,TRAINER,1,73841,72000,102,0
25843,Fel Iron Rod,INTERMEDIATE,TRAINER,1,76125,72000,105,0
25843,Fel Iron Rod,INTERMEDIATE,TRAINER,1,73841,72000,102,0
25843,Fel Iron Rod,INTERMEDIATE,TRAINER,1,76125,72000,105,0
24270,Bag of Jewels,BAG,VENDOR,1,19141,20006,95,1
24270,Bag of Jewels,BAG,VENDOR,1,18949,20006,94,1
24270,Bag of Jewels,BAG,VENDOR,1,19141,20006,95,1
24270,Bag of Jewels,BAG,VENDOR,1,18949,20006,94,1
24270,Bag of Jewels,BAG,VENDOR,1,19141,20006,95,1
24270,Bag of Jewels,BAG,VENDOR,1,18949,20006,94,1
24270,Bag of Jewels,BAG,VENDOR,1,19141,20006,95,1
24270,Bag of Jewels,BAG,VENDOR,1,18949,20006,94,1
24270,Bag of Jewels,BAG,VENDOR,1,19141,20006,95,1
24270,Bag of Jewels,BAG,VENDOR,1,18949,20006,94,1
24270,Bag of Jewels,BAG,VENDOR,1,19141,20006,95,1
24270,Bag of Jewels,BAG,VENDOR,1,18949,20006,94,1
25679,Comfortable Insoles,MISC,VENDOR,10,8580,10000,85,1
25679,Comfortable Insoles,MISC,VENDOR,2,8494,10000,84,1
34330,Heavy Knothide Armor Kit,MISC,TRAINER,6,65475,75000,87,1
44958,Ethereal Oil,INTERMEDIATE,TRAINER,4,98,96,102,1
44958,Ethereal Oil,INTERMEDIATE,TRAINER,11,96,96,100,1
32833,Purified Jaggal Pearl,GEM_CUT,TRAINER,1,8280,9280,89,1
32833,Purified Jaggal Pearl,GEM_CUT,TRAINER,1,7866,9280,84,1
32833,Purified Jaggal Pearl,GEM_CUT,TRAINER,1,7551,9280,81,1
32833,Purified Jaggal Pearl,GEM_CUT,TRAINER,1,8280,9280,89,1
32833,Purified Jaggal Pearl,GEM_CUT,TRAINER,1,7866,9280,84,1
32833,Purified Jaggal Pearl,GEM_CUT,TRAINER,1,7551,9280,81,1
32833,Purified Jaggal Pearl,GEM_CUT,TRAINER,1,8280,9280,89,1
32833,Purified Jaggal Pearl,GEM_CUT,TRAINER,1,7866,9280,84,1
32833,Purified Jaggal Pearl,GEM_CUT,TRAINER,1,7551,9280,81,1
32833,Purified Jaggal Pearl,GEM_CUT,TRAINER,1,8280,9280,89,1
32833,Purified Jaggal Pearl,GEM_CUT,TRAINER,1,7866,9280,84,1
32833,Purified Jaggal Pearl,GEM_CUT,TRAINER,1,7551,9280,81,1
32833,Purified Jaggal Pearl,GEM_CUT,TRAINER,1,8280,9280,89,1
32833,Purified Jaggal Pearl,GEM_CUT,TRAINER,1,7866,9280,84,1
32836,Purified Shadow Pearl,GEM_CUT,TRAINER,1,7349,9280,79,1
32836,Purified Shadow Pearl,GEM_CUT,TRAINER,1,7128,9280,76,1
32836,Purified Shadow Pearl,GEM_CUT,TRAINER,1,7349,9280,79,1
32836,Purified Shadow Pearl,GEM_CUT,TRAINER,1,7128,9280,76,1
32836,Purified Shadow Pearl,GEM_CUT,TRAINER,1,7349,9280,79,1
32836,Purified Shadow Pearl,GEM_CUT,TRAINER,1,7128,9280,76,1
32836,Purified Shadow Pearl,GEM_CUT,TRAINER,1,7349,9280,79,1
32836,Purified Shadow Pearl,GEM_CUT,TRAINER,1,7128,9280,76,1
32836,Purified Shadow Pearl,GEM_CUT,TRAINER,1,7349,9280,79,1
32836,Purified Shadow Pearl,GEM_CUT,TRAINER,1,7128,9280,76,1
32836,Purified Shadow Pearl,GEM_CUT,TRAINER,1,7349,9280,79,1
32836,Purified Shadow Pearl,GEM_CUT,TRAINER,1,7128,9280,76,1
32836,Purified Shadow Pearl,GEM_CUT,TRAINER,1,7349,9280,79,1
32836,Purified Shadow Pearl,GEM_CUT,TRAINER,1,7128,9280,76,1
32836,Purified Shadow Pearl,GEM_CUT,TRAINER,1,7349,9280,79,1
22448,Small Prismatic Shard,INTERMEDIATE,TRAINER,2,1,0,0,1
22448,Small Prismatic Shard,INTERMEDIATE,TRAINER,16,1,0,0,1
24268,Netherweave Net,MISC,TRAINER,12,6158,7200,85,1
21887,Knothide Leather,INTERMEDIATE,TRAINER,8,6966,7500,92,1
21887,Knothide Leather,INTERMEDIATE,TRAINER,1,6826,7500,91,1
23785,Hardened Adamantite Tube,INTERMEDIATE,TRAINER,2,1,3,33,1
23785,Hardened Adamantite Tube,INTERMEDIATE,TRAINER,5,1,3,33,1
24268,Netherweave Net,MISC,TRAINER,20,5631,7200,78,1
24268,Netherweave Net,MISC,TRAINER,4,5518,7200,76,1
23518,Felsteel Leggings,GEAR,DROP,1,5,8,62,1
23518,Felsteel Leggings,GEAR,DROP,1,4,8,50,1
23518,Felsteel Leggings,GEAR,DROP,1,4,8,50,1
23518,Felsteel Leggings,GEAR,DROP,1,4,8,50,1
23518,Felsteel Leggings,GEAR,DROP,1,5,8,62,1
23518,Felsteel Leggings,GEAR,DROP,1,4,8,50,1
24270,Bag of Jewels,BAG,VENDOR,1,15555,20006,77,1
24270,Bag of Jewels,BAG,VENDOR,1,15088,20006,75,1
24270,Bag of Jewels,BAG,VENDOR,1,15555,20006,77,1
24270,Bag of Jewels,BAG,VENDOR,1,15088,20006,75,1
24270,Bag of Jewels,BAG,VENDOR,1,15555,20006,77,1
24270,Bag of Jewels,BAG,VENDOR,1,15088,20006,75,1
24270,Bag of Jewels,BAG,VENDOR,1,15555,20006,77,1
24270,Bag of Jewels,BAG,VENDOR,1,15088,20006,75,1
24270,Bag of Jewels,BAG,VENDOR,1,15555,20006,77,1
24270,Bag of Jewels,BAG,VENDOR,1,15088,20006,75,1
24270,Bag of Jewels,BAG,VENDOR,1,15555,20006,77,1
24270,Bag of Jewels,BAG,VENDOR,1,15088,20006,75,1
24270,Bag of Jewels,BAG,VENDOR,1,15555,20006,77,1
24270,Bag of Jewels,BAG,VENDOR,1,15088,20006,75,1
24270,Bag of Jewels,BAG,VENDOR,1,15555,20006,77,1
32836,Purified Shadow Pearl,GEM_CUT,TRAINER,1,7966,9280,85,1
32836,Purified Shadow Pearl,GEM_CUT,TRAINER,1,7806,9280,84,1
32836,Purified Shadow Pearl,GEM_CUT,TRAINER,1,7415,9280,79,1
32836,Purified Shadow Pearl,GEM_CUT,TRAINER,1,7966,9280,85,1
32836,Purified Shadow Pearl,GEM_CUT,TRAINER,1,7806,9280,84,1
32836,Purified Shadow Pearl,GEM_CUT,TRAINER,1,7415,9280,79,1
32836,Purified Shadow Pearl,GEM_CUT,TRAINER,1,7966,9280,85,1
32836,Purified Shadow Pearl,GEM_CUT,TRAINER,1,7806,9280,84,1
32836,Purified Shadow Pearl,GEM_CUT,TRAINER,1,7415,9280,79,1
32836,Purified Shadow Pearl,GEM_CUT,TRAINER,1,7966,9280,85,1
24270,Bag of Jewels,BAG,VENDOR,1,16548,20006,82,1
24270,Bag of Jewels,BAG,VENDOR,1,15720,20006,78,1
24270,Bag of Jewels,BAG,VENDOR,1,15405,20006,77,1
24270,Bag of Jewels,BAG,VENDOR,1,15096,20006,75,1
24270,Bag of Jewels,BAG,VENDOR,1,16548,20006,82,1
24270,Bag of Jewels,BAG,VENDOR,1,15720,20006,78,1
24270,Bag of Jewels,BAG,VENDOR,1,15405,20006,77,1
24270,Bag of Jewels,BAG,VENDOR,1,15096,20006,75,1
24270,Bag of Jewels,BAG,VENDOR,1,16548,20006,82,1
11128,Golden Rod,INTERMEDIATE,TRAINER,1,3880,3880,100,0
11128,Golden Rod,INTERMEDIATE,TRAINER,1,3880,3880,100,0
11128,Golden Rod,INTERMEDIATE,TRAINER,1,3880,3880,100,0
11128,Golden Rod,INTERMEDIATE,TRAINER,1,3880,3880,100,0
11128,Golden Rod,INTERMEDIATE,TRAINER,1,3880,3880,100,0
44958,Ethereal Oil,INTERMEDIATE,TRAINER,5,77,96,80,1
14155,Mooncloth Bag,BAG,DROP,1,128380,59935,214,0
14155,Mooncloth Bag,BAG,DROP,1,123244,59935,205,0
14155,Mooncloth Bag,BAG,DROP,1,118314,59935,197,0
20816,Delicate Copper Wire,INTERMEDIATE,UNSOURCED,5,105,40,262,0
20816,Delicate Copper Wire,INTERMEDIATE,UNSOURCED,9,103,40,257,0
13513,Flask of Chromatic Resistance,FLASK,DROP,5,35522,20250,175,0
13513,Flask of Chromatic Resistance,FLASK,DROP,7,35166,20250,173,0
21887,Knothide Leather,INTERMEDIATE,TRAINER,6,5733,7500,76,1
21887,Knothide Leather,INTERMEDIATE,TRAINER,1,5675,7500,75,1
22448,Small Prismatic Shard,INTERMEDIATE,TRAINER,20,1,0,0,1
22448,Small Prismatic Shard,INTERMEDIATE,TRAINER,20,1,0,0,1
22448,Small Prismatic Shard,INTERMEDIATE,TRAINER,3,1,0,0,1
22448,Small Prismatic Shard,INTERMEDIATE,TRAINER,2,1,0,0,1
24272,Shadowcloth,INTERMEDIATE,VENDOR,1,71636,64001,111,0
24272,Shadowcloth,INTERMEDIATE,VENDOR,6,68770,64001,107,0
21752,Thorium Setting,INTERMEDIATE,TRAINER,2,1193,1545,77,1
21752,Thorium Setting,INTERMEDIATE,TRAINER,13,1133,1545,73,1
27664,Grilled Mudfish,FOOD,VENDOR,6,45,48,93,1
44958,Ethereal Oil,INTERMEDIATE,TRAINER,10,61,96,63,1
44958,Ethereal Oil,INTERMEDIATE,TRAINER,1,59,96,61,1
3859,Steel Bar,INTERMEDIATE,TRAINER,5,1571,1400,112,0
3859,Steel Bar,INTERMEDIATE,TRAINER,7,1539,1400,109,0
5763,Red Woolen Bag,BAG,VENDOR,1,1505,1782,84,1
5763,Red Woolen Bag,BAG,VENDOR,1,1444,1782,81,1
5763,Red Woolen Bag,BAG,VENDOR,1,1505,1782,84,1
5763,Red Woolen Bag,BAG,VENDOR,1,1444,1782,81,1
5763,Red Woolen Bag,BAG,VENDOR,1,1505,1782,84,1
5763,Red Woolen Bag,BAG,VENDOR,1,1444,1782,81,1
5763,Red Woolen Bag,BAG,VENDOR,1,1505,1782,84,1
5763,Red Woolen Bag,BAG,VENDOR,1,1444,1782,81,1
24268,Netherweave Net,MISC,TRAINER,20,6573,7200,91,1
24268,Netherweave Net,MISC,TRAINER,6,6507,7200,90,1
23787,Felsteel Stabilizer,INTERMEDIATE,TRAINER,7,1,2,50,1
23787,Felsteel Stabilizer,INTERMEDIATE,TRAINER,4,1,2,50,1
22866,Flask of Pure Death,FLASK,UNSOURCED,10,137862,55500,248,0
24114,Braided Eternium Chain,GEAR,DROP,1,655242,298000,219,0
24114,Braided Eternium Chain,GEAR,DROP,1,622479,298000,208,0
24268,Netherweave Net,MISC,TRAINER,20,5710,7200,79,1
24268,Netherweave Net,MISC,TRAINER,4,5481,7200,76,1
24095,Pendant of Withering,GEAR,VENDOR,1,572908,406002,141,0
24095,Pendant of Withering,GEAR,VENDOR,1,567178,406002,139,0
24095,Pendant of Withering,GEAR,VENDOR,1,572908,406002,141,0
24270,Bag of Jewels,BAG,VENDOR,1,15747,20006,78,1
24270,Bag of Jewels,BAG,VENDOR,1,14959,20006,74,1
24270,Bag of Jewels,BAG,VENDOR,1,15747,20006,78,1
24270,Bag of Jewels,BAG,VENDOR,1,14959,20006,74,1
24270,Bag of Jewels,BAG,VENDOR,1,15747,20006,78,1
24270,Bag of Jewels,BAG,VENDOR,1,14959,20006,74,1
24270,Bag of Jewels,BAG,VENDOR,1,15747,20006,78,1
23519,Felsteel Helm,GEAR,DROP,1,4,8,50,1
23519,Felsteel Helm,GEAR,DROP,1,4,8,50,1
23519,Felsteel Helm,GEAR,DROP,1,4,8,50,1
23519,Felsteel Helm,GEAR,DROP,1,4,8,50,1
23519,Felsteel Helm,GEAR,DROP,1,4,8,50,1
23519,Felsteel Helm,GEAR,DROP,1,4,8,50,1
23519,Felsteel Helm,GEAR,DROP,1,4,8,50,1
23519,Felsteel Helm,GEAR,DROP,1,4,8,50,1
23519,Felsteel Helm,GEAR,DROP,1,4,8,50,1
23519,Felsteel Helm,GEAR,DROP,1,4,8,50,1
23519,Felsteel Helm,GEAR,DROP,1,4,8,50,1
23519,Felsteel Helm,GEAR,DROP,1,4,8,50,1
23519,Felsteel Helm,GEAR,DROP,1,4,8,50,1
40010,Lustrous Sky Sapphire,GEM_CUT,VENDOR,1,184830,150000,123,0
40010,Lustrous Sky Sapphire,GEM_CUT,VENDOR,1,179285,150000,119,0
40010,Lustrous Sky Sapphire,GEM_CUT,VENDOR,1,172113,150000,114,0
44958,Ethereal Oil,INTERMEDIATE,TRAINER,1,77,96,80,1
44958,Ethereal Oil,INTERMEDIATE,TRAINER,8,73,96,76,1
3859,Steel Bar,INTERMEDIATE,TRAINER,7,1442,1400,103,0
24066,Radiant Talasite,GEM_CUT,DROP,1,263376,120000,219,0
24066,Radiant Talasite,GEM_CUT,DROP,1,250207,120000,208,0
21341,Felcloth Bag,BAG,UNSOURCED,1,378356,199240,189,0
21341,Felcloth Bag,BAG,UNSOURCED,1,374572,199240,188,0
22448,Small Prismatic Shard,INTERMEDIATE,TRAINER,20,1,0,0,1
22448,Small Prismatic Shard,INTERMEDIATE,TRAINER,20,1,0,0,1
22448,Small Prismatic Shard,INTERMEDIATE,TRAINER,2,1,0,0,1
27666,Golden Fish Sticks,FOOD,VENDOR,12,45,48,93,1
21858,Spellfire Bag,BAG,VENDOR,1,550070,408004,134,0
10008,White Bandit Mask,GEAR,DROP,1,3878,6023,64,1
10008,White Bandit Mask,GEAR,DROP,1,3684,6023,61,1
10008,White Bandit Mask,GEAR,DROP,1,3613,6023,59,1
10008,White Bandit Mask,GEAR,DROP,1,3878,6023,64,1
10008,White Bandit Mask,GEAR,DROP,1,3684,6023,61,1
10008,White Bandit Mask,GEAR,DROP,1,3613,6023,59,1
10008,White Bandit Mask,GEAR,DROP,1,3878,6023,64,1
10008,White Bandit Mask,GEAR,DROP,1,3684,6023,61,1
10008,White Bandit Mask,GEAR,DROP,1,3613,6023,59,1
10008,White Bandit Mask,GEAR,DROP,1,3878,6023,64,1
10008,White Bandit Mask,GEAR,DROP,1,3684,6023,61,1
44958,Ethereal Oil,INTERMEDIATE,TRAINER,1,92,96,95,1
44958,Ethereal Oil,INTERMEDIATE,TRAINER,11,91,96,94,1
22448,Small Prismatic Shard,INTERMEDIATE,TRAINER,20,1,0,0,1
22448,Small Prismatic Shard,INTERMEDIATE,TRAINER,2,1,0,0,1
22448,Small Prismatic Shard,INTERMEDIATE,TRAINER,17,1,0,0,1
22448,Small Prismatic Shard,INTERMEDIATE,TRAINER,20,1,0,0,1
22448,Small Prismatic Shard,INTERMEDIATE,TRAINER,2,1,0,0,1
22448,Small Prismatic Shard,INTERMEDIATE,TRAINER,14,1,0,0,1
21844,Bolt of Soulcloth,INTERMEDIATE,VENDOR,1,184147,144000,127,0
21844,Bolt of Soulcloth,INTERMEDIATE,VENDOR,14,182305,144000,126,0
22761,Bramblewood Belt,GEAR,VENDOR,1,15354,22849,67,1
22761,Bramblewood Belt,GEAR,VENDOR,1,14586,22849,63,1
22761,Bramblewood Belt,GEAR,VENDOR,1,14002,22849,61,1
22761,Bramblewood Belt,GEAR,VENDOR,1,15354,22849,67,1
22761,Bramblewood Belt,GEAR,VENDOR,1,14586,22849,63,1
22761,Bramblewood Belt,GEAR,VENDOR,1,14002,22849,61,1
22761,Bramblewood Belt,GEAR,VENDOR,1,15354,22849,67,1
22761,Bramblewood Belt,GEAR,VENDOR,1,14586,22849,63,1
22448,Small Prismatic Shard,INTERMEDIATE,TRAINER,20,1,0,0,1
22448,Small Prismatic Shard,INTERMEDIATE,TRAINER,5,1,0,0,1
22448,Small Prismatic Shard,INTERMEDIATE,TRAINER,5,1,0,0,1
4241,Green Woolen Bag,BAG,DROP,1,4493,1832,245,0
4241,Green Woolen Bag,BAG,DROP,1,4448,1832,242,0
24270,Bag of Jewels,BAG,VENDOR,1,20061,20006,100,1
24270,Bag of Jewels,BAG,VENDOR,1,19860,20006,99,1
24270,Bag of Jewels,BAG,VENDOR,1,18867,20006,94,1
24270,Bag of Jewels,BAG,VENDOR,1,18678,20006,93,1
24270,Bag of Jewels,BAG,VENDOR,1,20061,20006,100,1
24270,Bag of Jewels,BAG,VENDOR,1,19860,20006,99,1
24270,Bag of Jewels,BAG,VENDOR,1,18867,20006,94,1
24270,Bag of Jewels,BAG,VENDOR,1,18678,20006,93,1
24270,Bag of Jewels,BAG,VENDOR,1,20061,20006,100,1
24270,Bag of Jewels,BAG,VENDOR,1,19860,20006,99,1
24270,Bag of Jewels,BAG,VENDOR,1,18867,20006,94,1
24270,Bag of Jewels,BAG,VENDOR,1,18678,20006,93,1
10008,White Bandit Mask,GEAR,DROP,1,4377,6023,72,1
10008,White Bandit Mask,GEAR,DROP,1,4289,6023,71,1
10008,White Bandit Mask,GEAR,DROP,1,4160,6023,69,1
10008,White Bandit Mask,GEAR,DROP,1,4377,6023,72,1
10008,White Bandit Mask,GEAR,DROP,1,4289,6023,71,1
10008,White Bandit Mask,GEAR,DROP,1,4160,6023,69,1
10008,White Bandit Mask,GEAR,DROP,1,4377,6023,72,1
10008,White Bandit Mask,GEAR,DROP,1,4289,6023,71,1
10008,White Bandit Mask,GEAR,DROP,1,4160,6023,69,1
10008,White Bandit Mask,GEAR,DROP,1,4377,6023,72,1
10008,White Bandit Mask,GEAR,DROP,1,4289,6023,71,1
10008,White Bandit Mask,GEAR,DROP,1,4160,6023,69,1
10008,White Bandit Mask,GEAR,DROP,1,4377,6023,72,1
10008,White Bandit Mask,GEAR,DROP,1,4660,6023,77,1
10008,White Bandit Mask,GEAR,DROP,1,4566,6023,75,1
10008,White Bandit Mask,GEAR,DROP,1,4429,6023,73,1
10008,White Bandit Mask,GEAR,DROP,1,4296,6023,71,1
10008,White Bandit Mask,GEAR,DROP,1,4660,6023,77,1
10008,White Bandit Mask,GEAR,DROP,1,4566,6023,75,1
10008,White Bandit Mask,GEAR,DROP,1,4429,6023,73,1
10008,White Bandit Mask,GEAR,DROP,1,4296,6023,71,1
10008,White Bandit Mask,GEAR,DROP,1,4660,6023,77,1
10008,White Bandit Mask,GEAR,DROP,1,4566,6023,75,1
24268,Netherweave Net,MISC,TRAINER,20,5962,7200,82,1
24268,Netherweave Net,MISC,TRAINER,6,5902,7200,81,1
41367,Dark Jade Focusing Lens,MISC,TRAINER,1,13468,20000,67,1
41367,Dark Jade Focusing Lens,MISC,TRAINER,1,13198,20000,65,1
41367,Dark Jade Focusing Lens,MISC,TRAINER,1,13468,20000,67,1
41367,Dark Jade Focusing Lens,MISC,TRAINER,1,13198,20000,65,1
41367,Dark Jade Focusing Lens,MISC,TRAINER,1,13468,20000,67,1
41367,Dark Jade Focusing Lens,MISC,TRAINER,1,13198,20000,65,1
41367,Dark Jade Focusing Lens,MISC,TRAINER,1,13468,20000,67,1
41367,Dark Jade Focusing Lens,MISC,TRAINER,1,13198,20000,65,1
41367,Dark Jade Focusing Lens,MISC,TRAINER,1,13468,20000,67,1
41367,Dark Jade Focusing Lens,MISC,TRAINER,1,13198,20000,65,1
41367,Dark Jade Focusing Lens,MISC,TRAINER,1,13468,20000,67,1
41367,Dark Jade Focusing Lens,MISC,TRAINER,1,13198,20000,65,1
41367,Dark Jade Focusing Lens,MISC,TRAINER,1,13468,20000,67,1
41367,Dark Jade Focusing Lens,MISC,TRAINER,1,13198,20000,65,1
22448,Small Prismatic Shard,INTERMEDIATE,TRAINER,20,1,0,0,1
22448,Small Prismatic Shard,INTERMEDIATE,TRAINER,3,1,0,0,1
22448,Small Prismatic Shard,INTERMEDIATE,TRAINER,16,1,0,0,1
22448,Small Prismatic Shard,INTERMEDIATE,TRAINER,13,1,0,0,1
22448,Small Prismatic Shard,INTERMEDIATE,TRAINER,5,1,0,0,1
23517,Felsteel Gloves,GEAR,DROP,1,5,6,83,1
23517,Felsteel Gloves,GEAR,DROP,1,4,6,66,1
23517,Felsteel Gloves,GEAR,DROP,1,5,6,83,1
23517,Felsteel Gloves,GEAR,DROP,1,4,6,66,1
23517,Felsteel Gloves,GEAR,DROP,1,5,6,83,1
23517,Felsteel Gloves,GEAR,DROP,1,4,6,66,1
23517,Felsteel Gloves,GEAR,DROP,1,5,6,83,1
23517,Felsteel Gloves,GEAR,DROP,1,4,6,66,1
23517,Felsteel Gloves,GEAR,DROP,1,5,6,83,1
24270,Bag of Jewels,BAG,VENDOR,1,15916,20006,79,1
24270,Bag of Jewels,BAG,VENDOR,1,15597,20006,77,1
24270,Bag of Jewels,BAG,VENDOR,1,14973,20006,74,1
24270,Bag of Jewels,BAG,VENDOR,1,14374,20006,71,1
24270,Bag of Jewels,BAG,VENDOR,1,15916,20006,79,1
24270,Bag of Jewels,BAG,VENDOR,1,15597,20006,77,1
24270,Bag of Jewels,BAG,VENDOR,1,14973,20006,74,1
24270,Bag of Jewels,BAG,VENDOR,1,14374,20006,71,1
24270,Bag of Jewels,BAG,VENDOR,1,15916,20006,79,1
24270,Bag of Jewels,BAG,VENDOR,1,15597,20006,77,1
24270,Bag of Jewels,BAG,VENDOR,1,14973,20006,74,1
24270,Bag of Jewels,BAG,VENDOR,1,14374,20006,71,1
24270,Bag of Jewels,BAG,VENDOR,1,15916,20006,79,1
24270,Bag of Jewels,BAG,VENDOR,1,15597,20006,77,1
24270,Bag of Jewels,BAG,VENDOR,1,14973,20006,74,1
21861,Imbued Netherweave Robe,GEAR,VENDOR,1,51055,65006,78,1
21861,Imbued Netherweave Robe,GEAR,VENDOR,1,49523,65006,76,1
21861,Imbued Netherweave Robe,GEAR,VENDOR,1,48037,65006,73,1
21861,Imbued Netherweave Robe,GEAR,VENDOR,1,51055,65006,78,1
21861,Imbued Netherweave Robe,GEAR,VENDOR,1,49523,65006,76,1
21861,Imbued Netherweave Robe,GEAR,VENDOR,1,48037,65006,73,1
21861,Imbued Netherweave Robe,GEAR,VENDOR,1,51055,65006,78,1
21861,Imbued Netherweave Robe,GEAR,VENDOR,1,49523,65006,76,1
21861,Imbued Netherweave Robe,GEAR,VENDOR,1,48037,65006,73,1
21861,Imbued Netherweave Robe,GEAR,VENDOR,1,51055,65006,78,1
21861,Imbued Netherweave Robe,GEAR,VENDOR,1,49523,65006,76,1
21861,Imbued Netherweave Robe,GEAR,VENDOR,1,48037,65006,73,1
21861,Imbued Netherweave Robe,GEAR,VENDOR,1,51055,65006,78,1
21861,Imbued Netherweave Robe,GEAR,VENDOR,1,49523,65006,76,1
33092,Healing Potion Injector,ELIXIR_POT,DROP,20,32766,18400,178,0
33092,Healing Potion Injector,ELIXIR_POT,DROP,20,31127,18400,169,0
33092,Healing Potion Injector,ELIXIR_POT,DROP,20,32766,18400,178,0
33092,Healing Potion Injector,ELIXIR_POT,DROP,20,31127,18400,169,0
33092,Healing Potion Injector,ELIXIR_POT,DROP,5,32766,18400,178,0
33092,Healing Potion Injector,ELIXIR_POT,DROP,5,31127,18400,169,0
33092,Healing Potion Injector,ELIXIR_POT,DROP,20,32766,18400,178,0
33092,Healing Potion Injector,ELIXIR_POT,DROP,5,31127,18400,169,0
33092,Healing Potion Injector,ELIXIR_POT,DROP,5,32766,18400,178,0
33092,Healing Potion Injector,ELIXIR_POT,DROP,20,31127,18400,169,0
33092,Healing Potion Injector,ELIXIR_POT,DROP,20,32766,18400,178,0
33092,Healing Potion Injector,ELIXIR_POT,DROP,20,31127,18400,169,0
33092,Healing Potion Injector,ELIXIR_POT,DROP,5,32766,18400,178,0
33092,Healing Potion Injector,ELIXIR_POT,DROP,20,31127,18400,169,0
33092,Healing Potion Injector,ELIXIR_POT,DROP,20,32766,18400,178,0
33092,Healing Potion Injector,ELIXIR_POT,DROP,5,31127,18400,169,0
33092,Healing Potion Injector,ELIXIR_POT,DROP,20,32766,18400,178,0
33092,Healing Potion Injector,ELIXIR_POT,DROP,20,31127,18400,169,0
33092,Healing Potion Injector,ELIXIR_POT,DROP,20,32766,18400,178,0
33092,Healing Potion Injector,ELIXIR_POT,DROP,20,31127,18400,169,0
33092,Healing Potion Injector,ELIXIR_POT,DROP,20,32766,18400,178,0
33092,Healing Potion Injector,ELIXIR_POT,DROP,20,31127,18400,169,0
33092,Healing Potion Injector,ELIXIR_POT,DROP,20,32766,18400,178,0
33092,Healing Potion Injector,ELIXIR_POT,DROP,10,31127,18400,169,0
13423,Stonescale Oil,INTERMEDIATE,TRAINER,11,86,102,84,1
33092,Healing Potion Injector,ELIXIR_POT,DROP,5,32501,18400,176,0
33092,Healing Potion Injector,ELIXIR_POT,DROP,5,31850,18400,173,0
33092,Healing Potion Injector,ELIXIR_POT,DROP,5,31531,18400,171,0
33092,Healing Potion Injector,ELIXIR_POT,DROP,20,30269,18400,164,0
33092,Healing Potion Injector,ELIXIR_POT,DROP,20,32501,18400,176,0
33092,Healing Potion Injector,ELIXIR_POT,DROP,20,31850,18400,173,0
33092,Healing Potion Injector,ELIXIR_POT,DROP,5,31531,18400,171,0
33092,Healing Potion Injector,ELIXIR_POT,DROP,20,30269,18400,164,0
33092,Healing Potion Injector,ELIXIR_POT,DROP,20,32501,18400,176,0
33092,Healing Potion Injector,ELIXIR_POT,DROP,20,31850,18400,173,0
33092,Healing Potion Injector,ELIXIR_POT,DROP,5,31531,18400,171,0
33092,Healing Potion Injector,ELIXIR_POT,DROP,5,30269,18400,164,0
33092,Healing Potion Injector,ELIXIR_POT,DROP,5,32501,18400,176,0
33092,Healing Potion Injector,ELIXIR_POT,DROP,20,31850,18400,173,0
33092,Healing Potion Injector,ELIXIR_POT,DROP,20,31531,18400,171,0
33092,Healing Potion Injector,ELIXIR_POT,DROP,5,30269,18400,164,0
33092,Healing Potion Injector,ELIXIR_POT,DROP,20,32501,18400,176,0
33092,Healing Potion Injector,ELIXIR_POT,DROP,5,31850,18400,173,0
33092,Healing Potion Injector,ELIXIR_POT,DROP,15,31531,18400,171,0
33092,Healing Potion Injector,ELIXIR_POT,DROP,5,28599,18400,155,0
33092,Healing Potion Injector,ELIXIR_POT,DROP,20,27169,18400,147,0
33092,Healing Potion Injector,ELIXIR_POT,DROP,5,28599,18400,155,0
33092,Healing Potion Injector,ELIXIR_POT,DROP,5,27169,18400,147,0
33092,Healing Potion Injector,ELIXIR_POT,DROP,5,28599,18400,155,0
33092,Healing Potion Injector,ELIXIR_POT,DROP,5,27169,18400,147,0
33092,Healing Potion Injector,ELIXIR_POT,DROP,5,28599,18400,155,0
33092,Healing Potion Injector,ELIXIR_POT,DROP,20,27169,18400,147,0
33092,Healing Potion Injector,ELIXIR_POT,DROP,20,28599,18400,155,0
33092,Healing Potion Injector,ELIXIR_POT,DROP,5,27169,18400,147,0
33092,Healing Potion Injector,ELIXIR_POT,DROP,5,28599,18400,155,0
33092,Healing Potion Injector,ELIXIR_POT,DROP,5,27169,18400,147,0
33092,Healing Potion Injector,ELIXIR_POT,DROP,5,28599,18400,155,0
33092,Healing Potion Injector,ELIXIR_POT,DROP,20,27169,18400,147,0
33092,Healing Potion Injector,ELIXIR_POT,DROP,5,28599,18400,155,0
33092,Healing Potion Injector,ELIXIR_POT,DROP,20,27169,18400,147,0
33092,Healing Potion Injector,ELIXIR_POT,DROP,5,28599,18400,155,0
33092,Healing Potion Injector,ELIXIR_POT,DROP,20,27169,18400,147,0
33092,Healing Potion Injector,ELIXIR_POT,DROP,20,28599,18400,155,0
33092,Healing Potion Injector,ELIXIR_POT,DROP,5,27169,18400,147,0
33092,Healing Potion Injector,ELIXIR_POT,DROP,15,28599,18400,155,0
24269,Heavy Netherweave Net,MISC,UNSOURCED,20,12585,14400,87,1
24269,Heavy Netherweave Net,MISC,UNSOURCED,10,12207,14400,84,1
22448,Small Prismatic Shard,INTERMEDIATE,TRAINER,20,1,0,0,1
22448,Small Prismatic Shard,INTERMEDIATE,TRAINER,8,1,0,0,1
22448,Small Prismatic Shard,INTERMEDIATE,TRAINER,2,1,0,0,1
42420,Shadow Crystal Focusing Lens,MISC,TRAINER,1,19688,20000,98,1
42420,Shadow Crystal Focusing Lens,MISC,TRAINER,1,19491,20000,97,1
42420,Shadow Crystal Focusing Lens,MISC,TRAINER,1,19688,20000,98,1
42420,Shadow Crystal Focusing Lens,MISC,TRAINER,1,19491,20000,97,1
42420,Shadow Crystal Focusing Lens,MISC,TRAINER,1,19688,20000,98,1
42420,Shadow Crystal Focusing Lens,MISC,TRAINER,1,19491,20000,97,1
42420,Shadow Crystal Focusing Lens,MISC,TRAINER,1,19688,20000,98,1
42420,Shadow Crystal Focusing Lens,MISC,TRAINER,1,19491,20000,97,1
42420,Shadow Crystal Focusing Lens,MISC,TRAINER,1,19688,20000,98,1
42420,Shadow Crystal Focusing Lens,MISC,TRAINER,1,19491,20000,97,1
42420,Shadow Crystal Focusing Lens,MISC,TRAINER,1,19688,20000,98,1
42420,Shadow Crystal Focusing Lens,MISC,TRAINER,1,19491,20000,97,1
42420,Shadow Crystal Focusing Lens,MISC,TRAINER,1,19688,20000,98,1
42420,Shadow Crystal Focusing Lens,MISC,TRAINER,1,19491,20000,97,1
42420,Shadow Crystal Focusing Lens,MISC,TRAINER,1,19688,20000,98,1
44958,Ethereal Oil,INTERMEDIATE,TRAINER,5,88,96,91,1
44958,Ethereal Oil,INTERMEDIATE,TRAINER,4,87,96,90,1
24270,Bag of Jewels,BAG,VENDOR,1,14804,20006,73,1
24270,Bag of Jewels,BAG,VENDOR,1,14507,20006,72,1
24270,Bag of Jewels,BAG,VENDOR,1,14361,20006,71,1
24270,Bag of Jewels,BAG,VENDOR,1,14217,20006,71,1
24270,Bag of Jewels,BAG,VENDOR,1,14804,20006,73,1
24270,Bag of Jewels,BAG,VENDOR,1,14507,20006,72,1
24270,Bag of Jewels,BAG,VENDOR,1,14361,20006,71,1
24270,Bag of Jewels,BAG,VENDOR,1,14217,20006,71,1
24270,Bag of Jewels,BAG,VENDOR,1,14804,20006,73,1
24270,Bag of Jewels,BAG,VENDOR,1,14507,20006,72,1
24270,Bag of Jewels,BAG,VENDOR,1,14361,20006,71,1
24270,Bag of Jewels,BAG,VENDOR,1,14217,20006,71,1
41367,Dark Jade Focusing Lens,MISC,TRAINER,1,16892,20000,84,1
41367,Dark Jade Focusing Lens,MISC,TRAINER,1,16385,20000,81,1
41367,Dark Jade Focusing Lens,MISC,TRAINER,1,16892,20000,84,1
41367,Dark Jade Focusing Lens,MISC,TRAINER,1,16385,20000,81,1
41367,Dark Jade Focusing Lens,MISC,TRAINER,1,16892,20000,84,1
41367,Dark Jade Focusing Lens,MISC,TRAINER,1,16385,20000,81,1
41367,Dark Jade Focusing Lens,MISC,TRAINER,1,16892,20000,84,1
41367,Dark Jade Focusing Lens,MISC,TRAINER,1,16385,20000,81,1
41367,Dark Jade Focusing Lens,MISC,TRAINER,1,16892,20000,84,1
41367,Dark Jade Focusing Lens,MISC,TRAINER,1,16385,20000,81,1
41367,Dark Jade Focusing Lens,MISC,TRAINER,1,16892,20000,84,1
41367,Dark Jade Focusing Lens,MISC,TRAINER,1,16385,20000,81,1
41367,Dark Jade Focusing Lens,MISC,TRAINER,1,16892,20000,84,1
41367,Dark Jade Focusing Lens,MISC,TRAINER,1,16385,20000,81,1
41367,Dark Jade Focusing Lens,MISC,TRAINER,1,16892,20000,84,1
21862,Imbued Netherweave Tunic,GEAR,VENDOR,1,58660,65006,90,1
21862,Imbued Netherweave Tunic,GEAR,VENDOR,1,57486,65006,88,1
21862,Imbued Netherweave Tunic,GEAR,VENDOR,1,58660,65006,90,1
21862,Imbued Netherweave Tunic,GEAR,VENDOR,1,57486,65006,88,1
21862,Imbued Netherweave Tunic,GEAR,VENDOR,1,58660,65006,90,1
21862,Imbued Netherweave Tunic,GEAR,VENDOR,1,57486,65006,88,1
21862,Imbued Netherweave Tunic,GEAR,VENDOR,1,58660,65006,90,1
21862,Imbued Netherweave Tunic,GEAR,VENDOR,1,57486,65006,88,1
32833,Purified Jaggal Pearl,GEM_CUT,TRAINER,1,8622,9280,92,1
32833,Purified Jaggal Pearl,GEM_CUT,TRAINER,1,8449,9280,91,1
32833,Purified Jaggal Pearl,GEM_CUT,TRAINER,1,8364,9280,90,1
32833,Purified Jaggal Pearl,GEM_CUT,TRAINER,1,8196,9280,88,1
32833,Purified Jaggal Pearl,GEM_CUT,TRAINER,1,8622,9280,92,1
32833,Purified Jaggal Pearl,GEM_CUT,TRAINER,1,8449,9280,91,1
32833,Purified Jaggal Pearl,GEM_CUT,TRAINER,1,8364,9280,90,1
32833,Purified Jaggal Pearl,GEM_CUT,TRAINER,1,8196,9280,88,1
32833,Purified Jaggal Pearl,GEM_CUT,TRAINER,1,8622,9280,92,1
32833,Purified Jaggal Pearl,GEM_CUT,TRAINER,1,8449,9280,91,1
32833,Purified Jaggal Pearl,GEM_CUT,TRAINER,1,8364,9280,90,1
32833,Purified Jaggal Pearl,GEM_CUT,TRAINER,1,8196,9280,88,1
32833,Purified Jaggal Pearl,GEM_CUT,TRAINER,1,8622,9280,92,1
22761,Bramblewood Belt,GEAR,VENDOR,1,17446,22849,76,1
22761,Bramblewood Belt,GEAR,VENDOR,1,16573,22849,72,1
22761,Bramblewood Belt,GEAR,VENDOR,1,16075,22849,70,1
22761,Bramblewood Belt,GEAR,VENDOR,1,17446,22849,76,1
22761,Bramblewood Belt,GEAR,VENDOR,1,16573,22849,72,1
22761,Bramblewood Belt,GEAR,VENDOR,1,16075,22849,70,1
22761,Bramblewood Belt,GEAR,VENDOR,1,17446,22849,76,1
22761,Bramblewood Belt,GEAR,VENDOR,1,16573,22849,72,1
22761,Bramblewood Belt,GEAR,VENDOR,1,16075,22849,70,1
22761,Bramblewood Belt,GEAR,VENDOR,1,17446,22849,76,1
22445,Arcane Dust,INTERMEDIATE,UNSOURCED,20,4381,5013,87,1
22445,Arcane Dust,INTERMEDIATE,UNSOURCED,1,4337,5013,86,1
13510,Flask of the Titans,FLASK,DROP,20,49072,16860,291,0
13510,Flask of the Titans,FLASK,DROP,5,46618,16860,276,0
13510,Flask of the Titans,FLASK,DROP,3,44753,16860,265,0
44958,Ethereal Oil,INTERMEDIATE,TRAINER,11,70,96,72,1
23517,Felsteel Gloves,GEAR,DROP,1,4,6,66,1
23517,Felsteel Gloves,GEAR,DROP,1,3,6,50,1
23517,Felsteel Gloves,GEAR,DROP,1,4,6,66,1
23517,Felsteel Gloves,GEAR,DROP,1,3,6,50,1
23517,Felsteel Gloves,GEAR,DROP,1,4,6,66,1
23517,Felsteel Gloves,GEAR,DROP,1,3,6,50,1
23517,Felsteel Gloves,GEAR,DROP,1,4,6,66,1
23517,Felsteel Gloves,GEAR,DROP,1,3,6,50,1
23517,Felsteel Gloves,GEAR,DROP,1,4,6,66,1
23517,Felsteel Gloves,GEAR,DROP,1,3,6,50,1
23517,Felsteel Gloves,GEAR,DROP,1,4,6,66,1
23517,Felsteel Gloves,GEAR,DROP,1,3,6,50,1
23517,Felsteel Gloves,GEAR,DROP,1,4,6,66,1
23517,Felsteel Gloves,GEAR,DROP,1,3,6,50,1
23517,Felsteel Gloves,GEAR,DROP,1,4,6,66,1
38225,Mycah's Botanical Bag,BAG,VENDOR,1,233512,272000,85,1
38225,Mycah's Botanical Bag,BAG,VENDOR,1,226506,272000,83,1
38225,Mycah's Botanical Bag,BAG,VENDOR,1,224240,272000,82,1
38225,Mycah's Botanical Bag,BAG,VENDOR,1,213028,272000,78,1
38225,Mycah's Botanical Bag,BAG,VENDOR,1,233512,272000,85,1
38225,Mycah's Botanical Bag,BAG,VENDOR,1,226506,272000,83,1
38225,Mycah's Botanical Bag,BAG,VENDOR,1,224240,272000,82,1
38225,Mycah's Botanical Bag,BAG,VENDOR,1,213028,272000,78,1
2997,Bolt of Woolen Cloth,INTERMEDIATE,TRAINER,7,448,408,109,0
2997,Bolt of Woolen Cloth,INTERMEDIATE,TRAINER,1,443,408,108,0
2454,Elixir of Lion's Strength,ELIXIR_POT,UNSOURCED,13,283,125,226,0
23573,Hardened Adamantite Bar,INTERMEDIATE,TRAINER,7,180000,180000,100,0
23573,Hardened Adamantite Bar,INTERMEDIATE,TRAINER,5,180000,180000,100,0
3823,Lesser Invisibility Potion,ELIXIR_POT,TRAINER,5,1093,1019,107,0
3823,Lesser Invisibility Potion,ELIXIR_POT,TRAINER,10,1060,1019,104,0
23787,Felsteel Stabilizer,INTERMEDIATE,TRAINER,6,1,2,50,1
23787,Felsteel Stabilizer,INTERMEDIATE,TRAINER,2,1,2,50,1
22448,Small Prismatic Shard,INTERMEDIATE,TRAINER,20,1,0,0,1
22448,Small Prismatic Shard,INTERMEDIATE,TRAINER,1,1,0,0,1
22448,Small Prismatic Shard,INTERMEDIATE,TRAINER,15,1,0,0,1
23787,Felsteel Stabilizer,INTERMEDIATE,TRAINER,4,1,2,50,1
23787,Felsteel Stabilizer,INTERMEDIATE,TRAINER,2,1,2,50,1
24270,Bag of Jewels,BAG,VENDOR,1,16105,20006,80,1
24270,Bag of Jewels,BAG,VENDOR,1,15299,20006,76,1
24270,Bag of Jewels,BAG,VENDOR,1,16105,20006,80,1
24270,Bag of Jewels,BAG,VENDOR,1,15299,20006,76,1
24270,Bag of Jewels,BAG,VENDOR,1,16105,20006,80,1
24270,Bag of Jewels,BAG,VENDOR,1,15299,20006,76,1
24270,Bag of Jewels,BAG,VENDOR,1,16105,20006,80,1
24269,Heavy Netherweave Net,MISC,UNSOURCED,20,12722,14400,88,1
24269,Heavy Netherweave Net,MISC,UNSOURCED,8,12467,14400,86,1
21844,Bolt of Soulcloth,INTERMEDIATE,VENDOR,1,171806,144000,119,0
21844,Bolt of Soulcloth,INTERMEDIATE,VENDOR,8,163215,144000,113,0
14342,Mooncloth,INTERMEDIATE,VENDOR,3,19224,15200,126,0
14342,Mooncloth,INTERMEDIATE,VENDOR,8,19031,15200,125,0
23785,Hardened Adamantite Tube,INTERMEDIATE,TRAINER,1,1,3,33,1
23785,Hardened Adamantite Tube,INTERMEDIATE,TRAINER,9,1,3,33,1
22448,Small Prismatic Shard,INTERMEDIATE,TRAINER,20,1,0,0,1
22448,Small Prismatic Shard,INTERMEDIATE,TRAINER,2,1,0,0,1
22448,Small Prismatic Shard,INTERMEDIATE,TRAINER,8,1,0,0,1
23508,Adamantite Plate Gloves,GEAR,VENDOR,1,321222,314000,102,0
22853,Flask of Mighty Restoration,FLASK,UNSOURCED,12,120474,45000,267,0
14342,Mooncloth,INTERMEDIATE,VENDOR,6,15102,15200,99,1
14342,Mooncloth,INTERMEDIATE,VENDOR,5,14950,15200,98,1
14155,Mooncloth Bag,BAG,DROP,1,153259,59935,255,0
6450,Silk Bandage,MISC,TRAINER,8,474,594,79,1
24270,Bag of Jewels,BAG,VENDOR,1,14311,20006,71,1
24270,Bag of Jewels,BAG,VENDOR,1,13595,20006,67,1
24270,Bag of Jewels,BAG,VENDOR,1,14311,20006,71,1
24270,Bag of Jewels,BAG,VENDOR,1,13595,20006,67,1
24270,Bag of Jewels,BAG,VENDOR,1,14311,20006,71,1
24270,Bag of Jewels,BAG,VENDOR,1,13595,20006,67,1
24270,Bag of Jewels,BAG,VENDOR,1,14311,20006,71,1
24270,Bag of Jewels,BAG,VENDOR,1,13595,20006,67,1
24270,Bag of Jewels,BAG,VENDOR,1,14311,20006,71,1
24270,Bag of Jewels,BAG,VENDOR,1,13595,20006,67,1
24270,Bag of Jewels,BAG,VENDOR,1,14311,20006,71,1
35128,Hardened Khorium,INTERMEDIATE,DROP,1,95040,120001,79,1
35128,Hardened Khorium,INTERMEDIATE,DROP,6,93139,120001,77,1
5764,Green Silk Pack,BAG,DROP,1,23940,11722,204,0
5764,Green Silk Pack,BAG,DROP,1,22743,11722,194,0
5764,Green Silk Pack,BAG,DROP,1,23940,11722,204,0
6037,Truesilver Bar,INTERMEDIATE,TRAINER,5,4836,4120,117,0
6037,Truesilver Bar,INTERMEDIATE,TRAINER,2,4594,4120,111,0
44958,Ethereal Oil,INTERMEDIATE,TRAINER,13,71,96,73,1
44958,Ethereal Oil,INTERMEDIATE,TRAINER,1,67,96,69,1
34330,Heavy Knothide Armor Kit,MISC,TRAINER,10,60382,75000,80,1
24270,Bag of Jewels,BAG,VENDOR,1,18036,20006,90,1
24270,Bag of Jewels,BAG,VENDOR,1,17314,20006,86,1
24270,Bag of Jewels,BAG,VENDOR,1,16794,20006,83,1
24270,Bag of Jewels,BAG,VENDOR,1,18036,20006,90,1
24270,Bag of Jewels,BAG,VENDOR,1,17314,20006,86,1
33092,Healing Potion Injector,ELIXIR_POT,DROP,5,28378,18400,154,0
33092,Healing Potion Injector,ELIXIR_POT,DROP,20,27526,18400,149,0
33092,Healing Potion Injector,ELIXIR_POT,DROP,5,26700,18400,145,0
33092,Healing Potion Injector,ELIXIR_POT,DROP,5,25365,18400,137,0
33092,Healing Potion Injector,ELIXIR_POT,DROP,20,28378,18400,154,0
33092,Healing Potion Injector,ELIXIR_POT,DROP,20,27526,18400,149,0
33092,Healing Potion Injector,ELIXIR_POT,DROP,20,26700,18400,145,0
33092,Healing Potion Injector,ELIXIR_POT,DROP,5,25365,18400,137,0
33092,Healing Potion Injector,ELIXIR_POT,DROP,20,28378,18400,154,0
33092,Healing Potion Injector,ELIXIR_POT,DROP,5,27526,18400,149,0
33092,Healing Potion Injector,ELIXIR_POT,DROP,20,26700,18400,145,0
33092,Healing Potion Injector,ELIXIR_POT,DROP,20,25365,18400,137,0
33092,Healing Potion Injector,ELIXIR_POT,DROP,5,28378,18400,154,0
33092,Healing Potion Injector,ELIXIR_POT,DROP,5,27526,18400,149,0
33092,Healing Potion Injector,ELIXIR_POT,DROP,20,26700,18400,145,0
33092,Healing Potion Injector,ELIXIR_POT,DROP,5,25365,18400,137,0
33092,Healing Potion Injector,ELIXIR_POT,DROP,20,28378,18400,154,0
33092,Healing Potion Injector,ELIXIR_POT,DROP,5,27526,18400,149,0
33092,Healing Potion Injector,ELIXIR_POT,DROP,20,26700,18400,145,0
33092,Healing Potion Injector,ELIXIR_POT,DROP,5,25365,18400,137,0
33092,Healing Potion Injector,ELIXIR_POT,DROP,10,28378,18400,154,0
22522,Superior Wizard Oil,MISC,VENDOR,1,19919,26039,76,1
22522,Superior Wizard Oil,MISC,VENDOR,1,18923,26039,72,1
22522,Superior Wizard Oil,MISC,VENDOR,1,19919,26039,76,1
22522,Superior Wizard Oil,MISC,VENDOR,1,18923,26039,72,1
22522,Superior Wizard Oil,MISC,VENDOR,1,19919,26039,76,1
22522,Superior Wizard Oil,MISC,VENDOR,1,18923,26039,72,1
22522,Superior Wizard Oil,MISC,VENDOR,1,19919,26039,76,1
22522,Superior Wizard Oil,MISC,VENDOR,1,18923,26039,72,1
22522,Superior Wizard Oil,MISC,VENDOR,1,19919,26039,76,1
22522,Superior Wizard Oil,MISC,VENDOR,1,18923,26039,72,1
24269,Heavy Netherweave Net,MISC,UNSOURCED,14,11489,14400,79,1
23518,Felsteel Leggings,GEAR,DROP,1,6,8,75,1
23518,Felsteel Leggings,GEAR,DROP,1,5,8,62,1
23518,Felsteel Leggings,GEAR,DROP,1,4,8,50,1
23518,Felsteel Leggings,GEAR,DROP,1,4,8,50,1
23518,Felsteel Leggings,GEAR,DROP,1,6,8,75,1
23518,Felsteel Leggings,GEAR,DROP,1,5,8,62,1
23518,Felsteel Leggings,GEAR,DROP,1,4,8,50,1
23518,Felsteel Leggings,GEAR,DROP,1,4,8,50,1
23518,Felsteel Leggings,GEAR,DROP,1,6,8,75,1
23518,Felsteel Leggings,GEAR,DROP,1,5,8,62,1
23518,Felsteel Leggings,GEAR,DROP,1,4,8,50,1
23518,Felsteel Leggings,GEAR,DROP,1,4,8,50,1
3391,Elixir of Ogre's Strength,ELIXIR_POT,DROP,15,644,237,271,0
6385,Stylish Green Shirt,GEAR,DROP,1,1962,2282,85,1
6385,Stylish Green Shirt,GEAR,DROP,1,1903,2282,83,1
6385,Stylish Green Shirt,GEAR,DROP,1,1845,2282,80,1
6385,Stylish Green Shirt,GEAR,DROP,1,1752,2282,76,1
6385,Stylish Green Shirt,GEAR,DROP,1,1962,2282,85,1
6385,Stylish Green Shirt,GEAR,DROP,1,1903,2282,83,1
5763,Red Woolen Bag,BAG,VENDOR,1,2089,1782,117,0
4241,Green Woolen Bag,BAG,DROP,1,4761,1832,259,0
29532,Drums of Panic,MISC,VENDOR,1,220875,250000,88,1
29532,Drums of Panic,MISC,VENDOR,1,218666,250000,87,1
29532,Drums of Panic,MISC,VENDOR,1,220875,250000,88,1
29532,Drums of Panic,MISC,VENDOR,1,218666,250000,87,1
29532,Drums of Panic,MISC,VENDOR,1,220875,250000,88,1
29532,Drums of Panic,MISC,VENDOR,1,218666,250000,87,1
29532,Drums of Panic,MISC,VENDOR,1,220875,250000,88,1
29532,Drums of Panic,MISC,VENDOR,1,218666,250000,87,1
32836,Purified Shadow Pearl,GEM_CUT,TRAINER,1,9305,9280,100,1
32836,Purified Shadow Pearl,GEM_CUT,TRAINER,1,9025,9280,97,1
32836,Purified Shadow Pearl,GEM_CUT,TRAINER,1,8934,9280,96,1
32836,Purified Shadow Pearl,GEM_CUT,TRAINER,1,9305,9280,100,1
32836,Purified Shadow Pearl,GEM_CUT,TRAINER,1,9025,9280,97,1
32836,Purified Shadow Pearl,GEM_CUT,TRAINER,1,8934,9280,96,1
32836,Purified Shadow Pearl,GEM_CUT,TRAINER,1,9305,9280,100,1
23517,Felsteel Gloves,GEAR,DROP,1,3,6,50,1
23517,Felsteel Gloves,GEAR,DROP,1,3,6,50,1
23517,Felsteel Gloves,GEAR,DROP,1,3,6,50,1
23517,Felsteel Gloves,GEAR,DROP,1,3,6,50,1
23517,Felsteel Gloves,GEAR,DROP,1,3,6,50,1
23517,Felsteel Gloves,GEAR,DROP,1,3,6,50,1
23517,Felsteel Gloves,GEAR,DROP,1,3,6,50,1
23517,Felsteel Gloves,GEAR,DROP,1,3,6,50,1
23517,Felsteel Gloves,GEAR,DROP,1,3,6,50,1
23517,Felsteel Gloves,GEAR,DROP,1,3,6,50,1
23517,Felsteel Gloves,GEAR,DROP,1,3,6,50,1
23517,Felsteel Gloves,GEAR,DROP,1,3,6,50,1
23517,Felsteel Gloves,GEAR,DROP,1,3,6,50,1
21752,Thorium Setting,INTERMEDIATE,TRAINER,13,1273,1545,82,1
13513,Flask of Chromatic Resistance,FLASK,DROP,5,38102,20250,188,0
13513,Flask of Chromatic Resistance,FLASK,DROP,5,36196,20250,178,0
13513,Flask of Chromatic Resistance,FLASK,DROP,5,35472,20250,175,0
13513,Flask of Chromatic Resistance,FLASK,DROP,7,38102,20250,188,0
24270,Bag of Jewels,BAG,VENDOR,1,15814,20006,79,1
24270,Bag of Jewels,BAG,VENDOR,1,15023,20006,75,1
24270,Bag of Jewels,BAG,VENDOR,1,14422,20006,72,1
24270,Bag of Jewels,BAG,VENDOR,1,13700,20006,68,1
24270,Bag of Jewels,BAG,VENDOR,1,15814,20006,79,1
24270,Bag of Jewels,BAG,VENDOR,1,15023,20006,75,1
24270,Bag of Jewels,BAG,VENDOR,1,14422,20006,72,1
24270,Bag of Jewels,BAG,VENDOR,1,13700,20006,68,1
24270,Bag of Jewels,BAG,VENDOR,1,15814,20006,79,1
6450,Silk Bandage,MISC,TRAINER,6,602,594,101,1
32836,Purified Shadow Pearl,GEM_CUT,TRAINER,1,8754,9280,94,1
32836,Purified Shadow Pearl,GEM_CUT,TRAINER,1,8316,9280,89,1
32836,Purified Shadow Pearl,GEM_CUT,TRAINER,1,8754,9280,94,1
32836,Purified Shadow Pearl,GEM_CUT,TRAINER,1,8316,9280,89,1
32836,Purified Shadow Pearl,GEM_CUT,TRAINER,1,8754,9280,94,1
32836,Purified Shadow Pearl,GEM_CUT,TRAINER,1,8316,9280,89,1
32836,Purified Shadow Pearl,GEM_CUT,TRAINER,1,8754,9280,94,1
32836,Purified Shadow Pearl,GEM_CUT,TRAINER,1,8316,9280,89,1
32836,Purified Shadow Pearl,GEM_CUT,TRAINER,1,8754,9280,94,1
32836,Purified Shadow Pearl,GEM_CUT,TRAINER,1,8316,9280,89,1
32836,Purified Shadow Pearl,GEM_CUT,TRAINER,1,8754,9280,94,1
32836,Purified Shadow Pearl,GEM_CUT,TRAINER,1,8316,9280,89,1
32836,Purified Shadow Pearl,GEM_CUT,TRAINER,1,8754,9280,94,1
32836,Purified Shadow Pearl,GEM_CUT,TRAINER,1,8316,9280,89,1
21845,Primal Mooncloth,INTERMEDIATE,VENDOR,5,75399,64001,117,0
21845,Primal Mooncloth,INTERMEDIATE,VENDOR,9,73891,64001,115,0
22448,Small Prismatic Shard,INTERMEDIATE,TRAINER,20,1,0,0,1
22448,Small Prismatic Shard,INTERMEDIATE,TRAINER,1,1,0,0,1
42421,Shadow Jade Focusing Lens,MISC,TRAINER,1,30080,40000,75,1
42421,Shadow Jade Focusing Lens,MISC,TRAINER,1,29478,40000,73,1
42421,Shadow Jade Focusing Lens,MISC,TRAINER,1,29183,40000,72,1
42421,Shadow Jade Focusing Lens,MISC,TRAINER,1,28891,40000,72,1
42421,Shadow Jade Focusing Lens,MISC,TRAINER,1,30080,40000,75,1
42421,Shadow Jade Focusing Lens,MISC,TRAINER,1,29478,40000,73,1
42421,Shadow Jade Focusing Lens,MISC,TRAINER,1,29183,40000,72,1
42421,Shadow Jade Focusing Lens,MISC,TRAINER,1,28891,40000,72,1
42421,Shadow Jade Focusing Lens,MISC,TRAINER,1,30080,40000,75,1
42421,Shadow Jade Focusing Lens,MISC,TRAINER,1,29478,40000,73,1
42421,Shadow Jade Focusing Lens,MISC,TRAINER,1,29183,40000,72,1
42421,Shadow Jade Focusing Lens,MISC,TRAINER,1,28891,40000,72,1
42421,Shadow Jade Focusing Lens,MISC,TRAINER,1,30080,40000,75,1
42421,Shadow Jade Focusing Lens,MISC,TRAINER,1,29478,40000,73,1
42421,Shadow Jade Focusing Lens,MISC,TRAINER,1,29183,40000,72,1
21862,Imbued Netherweave Tunic,GEAR,VENDOR,1,62210,65006,95,1
21862,Imbued Netherweave Tunic,GEAR,VENDOR,1,61587,65006,94,1
21862,Imbued Netherweave Tunic,GEAR,VENDOR,1,58507,65006,90,1
21862,Imbued Netherweave Tunic,GEAR,VENDOR,1,62210,65006,95,1
21862,Imbued Netherweave Tunic,GEAR,VENDOR,1,61587,65006,94,1
21862,Imbued Netherweave Tunic,GEAR,VENDOR,1,58507,65006,90,1
21862,Imbued Netherweave Tunic,GEAR,VENDOR,1,62210,65006,95,1
21862,Imbued Netherweave Tunic,GEAR,VENDOR,1,61587,65006,94,1
21862,Imbued Netherweave Tunic,GEAR,VENDOR,1,58507,65006,90,1
21862,Imbued Netherweave Tunic,GEAR,VENDOR,1,62210,65006,95,1
23785,Hardened Adamantite Tube,INTERMEDIATE,TRAINER,1,2,3,66,1
23785,Hardened Adamantite Tube,INTERMEDIATE,TRAINER,10,1,3,33,1
35128,Hardened Khorium,INTERMEDIATE,DROP,7,96120,120001,80,1
35128,Hardened Khorium,INTERMEDIATE,DROP,2,95158,120001,79,1
21861,Imbued Netherweave Robe,GEAR,VENDOR,1,58049,65006,89,1
21861,Imbued Netherweave Robe,GEAR,VENDOR,1,57468,65006,88,1
21861,Imbued Netherweave Robe,GEAR,VENDOR,1,55169,65006,84,1
21861,Imbued Netherweave Robe,GEAR,VENDOR,1,53513,65006,82,1
21861,Imbued Netherweave Robe,GEAR,VENDOR,1,58049,65006,89,1
21861,Imbued Netherweave Robe,GEAR,VENDOR,1,57468,65006,88,1
21861,Imbued Netherweave Robe,GEAR,VENDOR,1,55169,65006,84,1
21861,Imbued Netherweave Robe,GEAR,VENDOR,1,53513,65006,82,1
21861,Imbued Netherweave Robe,GEAR,VENDOR,1,58049,65006,89,1
21861,Imbued Netherweave Robe,GEAR,VENDOR,1,57468,65006,88,1
21861,Imbued Netherweave Robe,GEAR,VENDOR,1,55169,65006,84,1
21861,Imbued Netherweave Robe,GEAR,VENDOR,1,61001,65006,93,1
21861,Imbued Netherweave Robe,GEAR,VENDOR,1,60390,65006,92,1
21861,Imbued Netherweave Robe,GEAR,VENDOR,1,59786,65006,91,1
21861,Imbued Netherweave Robe,GEAR,VENDOR,1,61001,65006,93,1
21861,Imbued Netherweave Robe,GEAR,VENDOR,1,60390,65006,92,1
21861,Imbued Netherweave Robe,GEAR,VENDOR,1,59786,65006,91,1
21861,Imbued Netherweave Robe,GEAR,VENDOR,1,61001,65006,93,1
21861,Imbued Netherweave Robe,GEAR,VENDOR,1,60390,65006,92,1
21861,Imbued Netherweave Robe,GEAR,VENDOR,1,59786,65006,91,1
15407,Cured Rugged Hide,INTERMEDIATE,TRAINER,6,7882,9060,86,1
15407,Cured Rugged Hide,INTERMEDIATE,TRAINER,2,7803,9060,86,1
29532,Drums of Panic,MISC,VENDOR,1,204750,250000,81,1
29532,Drums of Panic,MISC,VENDOR,1,200655,250000,80,1
29532,Drums of Panic,MISC,VENDOR,1,194635,250000,77,1
29532,Drums of Panic,MISC,VENDOR,1,186849,250000,74,1
29532,Drums of Panic,MISC,VENDOR,1,204750,250000,81,1
29532,Drums of Panic,MISC,VENDOR,1,200655,250000,80,1
29532,Drums of Panic,MISC,VENDOR,1,194635,250000,77,1
29532,Drums of Panic,MISC,VENDOR,1,186849,250000,74,1
29532,Drums of Panic,MISC,VENDOR,1,204750,250000,81,1
29532,Drums of Panic,MISC,VENDOR,1,200655,250000,80,1
24270,Bag of Jewels,BAG,VENDOR,1,17579,20006,87,1
24270,Bag of Jewels,BAG,VENDOR,1,16700,20006,83,1
24270,Bag of Jewels,BAG,VENDOR,1,16199,20006,80,1
24270,Bag of Jewels,BAG,VENDOR,1,17579,20006,87,1
24270,Bag of Jewels,BAG,VENDOR,1,16700,20006,83,1
24270,Bag of Jewels,BAG,VENDOR,1,16199,20006,80,1
24270,Bag of Jewels,BAG,VENDOR,1,17579,20006,87,1
24270,Bag of Jewels,BAG,VENDOR,1,16700,20006,83,1
24270,Bag of Jewels,BAG,VENDOR,1,16199,20006,80,1
24270,Bag of Jewels,BAG,VENDOR,1,17579,20006,87,1
24270,Bag of Jewels,BAG,VENDOR,1,16700,20006,83,1
23785,Hardened Adamantite Tube,INTERMEDIATE,TRAINER,10,1,3,33,1
23785,Hardened Adamantite Tube,INTERMEDIATE,TRAINER,5,1,3,33,1
13423,Stonescale Oil,INTERMEDIATE,TRAINER,5,81,102,79,1
13423,Stonescale Oil,INTERMEDIATE,TRAINER,3,77,102,75,1
22448,Small Prismatic Shard,INTERMEDIATE,TRAINER,5,1,0,0,1
22448,Small Prismatic Shard,INTERMEDIATE,TRAINER,10,1,0,0,1
22448,Small Prismatic Shard,INTERMEDIATE,TRAINER,20,1,0,0,1
22448,Small Prismatic Shard,INTERMEDIATE,TRAINER,20,1,0,0,1
22448,Small Prismatic Shard,INTERMEDIATE,TRAINER,1,1,0,0,1
22448,Small Prismatic Shard,INTERMEDIATE,TRAINER,1,1,0,0,1
11144,Truesilver Rod,INTERMEDIATE,TRAINER,1,5852,4720,123,0
11144,Truesilver Rod,INTERMEDIATE,TRAINER,1,5559,4720,117,0
11144,Truesilver Rod,INTERMEDIATE,TRAINER,1,5281,4720,111,0
11144,Truesilver Rod,INTERMEDIATE,TRAINER,1,5852,4720,123,0
11144,Truesilver Rod,INTERMEDIATE,TRAINER,1,5559,4720,117,0
11144,Truesilver Rod,INTERMEDIATE,TRAINER,1,5281,4720,111,0
11144,Truesilver Rod,INTERMEDIATE,TRAINER,1,5852,4720,123,0
11144,Truesilver Rod,INTERMEDIATE,TRAINER,1,5559,4720,117,0
11144,Truesilver Rod,INTERMEDIATE,TRAINER,1,5281,4720,111,0
40133,Purified Dreadstone,GEM_CUT,VENDOR,1,342400,250000,136,0
24268,Netherweave Net,MISC,TRAINER,10,4788,7200,66,1
21887,Knothide Leather,INTERMEDIATE,TRAINER,4,6121,7500,81,1
21887,Knothide Leather,INTERMEDIATE,TRAINER,1,5998,7500,79,1
32836,Purified Shadow Pearl,GEM_CUT,TRAINER,1,7616,9280,82,1
32836,Purified Shadow Pearl,GEM_CUT,TRAINER,1,7387,9280,79,1
32836,Purified Shadow Pearl,GEM_CUT,TRAINER,1,7313,9280,78,1
32836,Purified Shadow Pearl,GEM_CUT,TRAINER,1,7093,9280,76,1
32836,Purified Shadow Pearl,GEM_CUT,TRAINER,1,7616,9280,82,1
32836,Purified Shadow Pearl,GEM_CUT,TRAINER,1,7387,9280,79,1
32836,Purified Shadow Pearl,GEM_CUT,TRAINER,1,7313,9280,78,1
32836,Purified Shadow Pearl,GEM_CUT,TRAINER,1,7093,9280,76,1
32836,Purified Shadow Pearl,GEM_CUT,TRAINER,1,7616,9280,82,1
32836,Purified Shadow Pearl,GEM_CUT,TRAINER,1,7387,9280,79,1
22522,Superior Wizard Oil,MISC,VENDOR,1,25778,26039,98,1
22522,Superior Wizard Oil,MISC,VENDOR,1,25004,26039,96,1
22522,Superior Wizard Oil,MISC,VENDOR,1,25778,26039,98,1
22522,Superior Wizard Oil,MISC,VENDOR,1,25004,26039,96,1
22522,Superior Wizard Oil,MISC,VENDOR,1,25778,26039,98,1
22522,Superior Wizard Oil,MISC,VENDOR,1,25004,26039,96,1
22522,Superior Wizard Oil,MISC,VENDOR,1,25778,26039,98,1
22522,Superior Wizard Oil,MISC,VENDOR,1,25004,26039,96,1
22522,Superior Wizard Oil,MISC,VENDOR,1,25778,26039,98,1
22522,Superior Wizard Oil,MISC,VENDOR,1,25004,26039,96,1
22522,Superior Wizard Oil,MISC,VENDOR,1,25778,26039,98,1
24268,Netherweave Net,MISC,TRAINER,20,6168,7200,85,1
24268,Netherweave Net,MISC,TRAINER,2,5859,7200,81,1
42420,Shadow Crystal Focusing Lens,MISC,TRAINER,1,14820,20000,74,1
42420,Shadow Crystal Focusing Lens,MISC,TRAINER,1,14227,20000,71,1
42420,Shadow Crystal Focusing Lens,MISC,TRAINER,1,13942,20000,69,1
42420,Shadow Crystal Focusing Lens,MISC,TRAINER,1,14820,20000,74,1
42420,Shadow Crystal Focusing Lens,MISC,TRAINER,1,14227,20000,71,1
42420,Shadow Crystal Focusing Lens,MISC,TRAINER,1,13942,20000,69,1
42420,Shadow Crystal Focusing Lens,MISC,TRAINER,1,14820,20000,74,1
42420,Shadow Crystal Focusing Lens,MISC,TRAINER,1,14227,20000,71,1
42420,Shadow Crystal Focusing Lens,MISC,TRAINER,1,13942,20000,69,1
33093,Mana Potion Injector,ELIXIR_POT,DROP,5,40088,14400,278,0
33093,Mana Potion Injector,ELIXIR_POT,DROP,20,38083,14400,264,0
33093,Mana Potion Injector,ELIXIR_POT,DROP,5,37702,14400,261,0
33093,Mana Potion Injector,ELIXIR_POT,DROP,20,40088,14400,278,0
33093,Mana Potion Injector,ELIXIR_POT,DROP,5,38083,14400,264,0
33093,Mana Potion Injector,ELIXIR_POT,DROP,5,37702,14400,261,0
33093,Mana Potion Injector,ELIXIR_POT,DROP,20,40088,14400,278,0
33093,Mana Potion Injector,ELIXIR_POT,DROP,5,38083,14400,264,0
33093,Mana Potion Injector,ELIXIR_POT,DROP,20,37702,14400,261,0
33093,Mana Potion Injector,ELIXIR_POT,DROP,5,40088,14400,278,0
33093,Mana Potion Injector,ELIXIR_POT,DROP,5,38083,14400,264,0
33093,Mana Potion Injector,ELIXIR_POT,DROP,20,37702,14400,261,0
33093,Mana Potion Injector,ELIXIR_POT,DROP,5,40088,14400,278,0
33093,Mana Potion Injector,ELIXIR_POT,DROP,20,38083,14400,264,0
33093,Mana Potion Injector,ELIXIR_POT,DROP,20,37702,14400,261,0
33093,Mana Potion Injector,ELIXIR_POT,DROP,5,40088,14400,278,0
33093,Mana Potion Injector,ELIXIR_POT,DROP,20,38083,14400,264,0
33093,Mana Potion Injector,ELIXIR_POT,DROP,5,37702,14400,261,0
33093,Mana Potion Injector,ELIXIR_POT,DROP,5,40088,14400,278,0
33093,Mana Potion Injector,ELIXIR_POT,DROP,5,38083,14400,264,0
33093,Mana Potion Injector,ELIXIR_POT,DROP,5,37702,14400,261,0
33093,Mana Potion Injector,ELIXIR_POT,DROP,15,40088,14400,278,0
22861,Flask of Blinding Light,FLASK,UNSOURCED,5,130332,52000,250,0
22861,Flask of Blinding Light,FLASK,UNSOURCED,5,127725,52000,245,0
22861,Flask of Blinding Light,FLASK,UNSOURCED,4,130332,52000,250,0
21887,Knothide Leather,INTERMEDIATE,TRAINER,9,5586,7500,74,1
13512,Flask of Supreme Power,FLASK,DROP,5,20301,11430,177,0
13512,Flask of Supreme Power,FLASK,DROP,5,19488,11430,170,0
13512,Flask of Supreme Power,FLASK,DROP,20,19098,11430,167,0
13512,Flask of Supreme Power,FLASK,DROP,6,18143,11430,158,0
23118,Solid Azure Moonstone,GEM_CUT,TRAINER,1,20000,20000,100,0
21752,Thorium Setting,INTERMEDIATE,TRAINER,1,1225,1545,79,1
21752,Thorium Setting,INTERMEDIATE,TRAINER,8,1188,1545,76,1
21752,Thorium Setting,INTERMEDIATE,TRAINER,4,1399,1545,90,1
21752,Thorium Setting,INTERMEDIATE,TRAINER,6,1385,1545,89,1
23787,Felsteel Stabilizer,INTERMEDIATE,TRAINER,11,1,2,50,1
13512,Flask of Supreme Power,FLASK,DROP,5,31318,11430,273,0
13512,Flask of Supreme Power,FLASK,DROP,5,30378,11430,265,0
13512,Flask of Supreme Power,FLASK,DROP,2,31318,11430,273,0
25844,Adamantite Rod,INTERMEDIATE,VENDOR,1,214200,180000,119,0
25844,Adamantite Rod,INTERMEDIATE,VENDOR,1,205632,180000,114,0
25844,Adamantite Rod,INTERMEDIATE,VENDOR,1,214200,180000,119,0
25844,Adamantite Rod,INTERMEDIATE,VENDOR,1,205632,180000,114,0
25844,Adamantite Rod,INTERMEDIATE,VENDOR,1,214200,180000,119,0
25844,Adamantite Rod,INTERMEDIATE,VENDOR,1,205632,180000,114,0
25844,Adamantite Rod,INTERMEDIATE,VENDOR,1,214200,180000,119,0
25844,Adamantite Rod,INTERMEDIATE,VENDOR,1,205632,180000,114,0
24270,Bag of Jewels,BAG,VENDOR,1,17102,20006,85,1
24270,Bag of Jewels,BAG,VENDOR,1,16759,20006,83,1
24270,Bag of Jewels,BAG,VENDOR,1,17102,20006,85,1
24270,Bag of Jewels,BAG,VENDOR,1,16759,20006,83,1
24270,Bag of Jewels,BAG,VENDOR,1,17102,20006,85,1
24270,Bag of Jewels,BAG,VENDOR,1,16759,20006,83,1
24270,Bag of Jewels,BAG,VENDOR,1,17102,20006,85,1
24270,Bag of Jewels,BAG,VENDOR,1,16759,20006,83,1
24270,Bag of Jewels,BAG,VENDOR,1,17102,20006,85,1
24270,Bag of Jewels,BAG,VENDOR,1,16759,20006,83,1
21752,Thorium Setting,INTERMEDIATE,TRAINER,6,1654,1545,107,0
21752,Thorium Setting,INTERMEDIATE,TRAINER,6,1620,1545,104,0
32226,Jagged Seaspray Emerald,GEM_CUT,VENDOR,1,310000,250000,124,0
24268,Netherweave Net,MISC,TRAINER,20,5944,7200,82,1
23518,Felsteel Leggings,GEAR,DROP,1,5,8,62,1
23518,Felsteel Leggings,GEAR,DROP,1,4,8,50,1
23518,Felsteel Leggings,GEAR,DROP,1,5,8,62,1
23518,Felsteel Leggings,GEAR,DROP,1,4,8,50,1
23518,Felsteel Leggings,GEAR,DROP,1,5,8,62,1
25691,Heavy Clefthoof Boots,GEAR,VENDOR,1,221294,298000,74,1
25691,Heavy Clefthoof Boots,GEAR,VENDOR,1,214655,298000,72,1
25691,Heavy Clefthoof Boots,GEAR,VENDOR,1,208215,298000,69,1
25691,Heavy Clefthoof Boots,GEAR,VENDOR,1,197804,298000,66,1
25691,Heavy Clefthoof Boots,GEAR,VENDOR,1,221294,298000,74,1
23785,Hardened Adamantite Tube,INTERMEDIATE,TRAINER,3,2,3,66,1
23785,Hardened Adamantite Tube,INTERMEDIATE,TRAINER,5,1,3,33,1
21844,Bolt of Soulcloth,INTERMEDIATE,VENDOR,7,209548,144000,145,0
21844,Bolt of Soulcloth,INTERMEDIATE,VENDOR,4,203261,144000,141,0
27663,Blackened Sporefish,FOOD,VENDOR,5,35,48,72,1
23787,Felsteel Stabilizer,INTERMEDIATE,TRAINER,2,1,2,50,1
23787,Felsteel Stabilizer,INTERMEDIATE,TRAINER,13,1,2,50,1
22448,Small Prismatic Shard,INTERMEDIATE,TRAINER,20,1,0,0,1
22448,Small Prismatic Shard,INTERMEDIATE,TRAINER,1,1,0,0,1
22448,Small Prismatic Shard,INTERMEDIATE,TRAINER,15,1,0,0,1
44958,Ethereal Oil,INTERMEDIATE,TRAINER,4,64,96,66,1
44958,Ethereal Oil,INTERMEDIATE,TRAINER,3,61,96,63,1
23517,Felsteel Gloves,GEAR,DROP,1,3,6,50,1
23517,Felsteel Gloves,GEAR,DROP,1,3,6,50,1
23517,Felsteel Gloves,GEAR,DROP,1,3,6,50,1
23517,Felsteel Gloves,GEAR,DROP,1,3,6,50,1
23517,Felsteel Gloves,GEAR,DROP,1,3,6,50,1
23517,Felsteel Gloves,GEAR,DROP,1,3,6,50,1
23517,Felsteel Gloves,GEAR,DROP,1,3,6,50,1
23517,Felsteel Gloves,GEAR,DROP,1,3,6,50,1
23517,Felsteel Gloves,GEAR,DROP,1,3,6,50,1
23517,Felsteel Gloves,GEAR,DROP,1,3,6,50,1
23517,Felsteel Gloves,GEAR,DROP,1,3,6,50,1
24270,Bag of Jewels,BAG,VENDOR,1,14855,20006,74,1
24270,Bag of Jewels,BAG,VENDOR,1,14706,20006,73,1
24270,Bag of Jewels,BAG,VENDOR,1,14411,20006,72,1
24270,Bag of Jewels,BAG,VENDOR,1,13978,20006,69,1
24270,Bag of Jewels,BAG,VENDOR,1,14855,20006,74,1
24270,Bag of Jewels,BAG,VENDOR,1,14706,20006,73,1
24270,Bag of Jewels,BAG,VENDOR,1,14411,20006,72,1
24270,Bag of Jewels,BAG,VENDOR,1,13978,20006,69,1
24270,Bag of Jewels,BAG,VENDOR,1,14855,20006,74,1
24270,Bag of Jewels,BAG,VENDOR,1,14706,20006,73,1
24270,Bag of Jewels,BAG,VENDOR,1,14411,20006,72,1
24270,Bag of Jewels,BAG,VENDOR,1,13978,20006,69,1
24270,Bag of Jewels,BAG,VENDOR,1,14855,20006,74,1
24270,Bag of Jewels,BAG,VENDOR,1,14706,20006,73,1
24270,Bag of Jewels,BAG,VENDOR,1,14411,20006,72,1
22448,Small Prismatic Shard,INTERMEDIATE,TRAINER,4,1,0,0,1
22448,Small Prismatic Shard,INTERMEDIATE,TRAINER,14,1,0,0,1
44958,Ethereal Oil,INTERMEDIATE,TRAINER,11,72,96,75,1
44958,Ethereal Oil,INTERMEDIATE,TRAINER,3,69,96,71,1
9264,Elixir of Shadow Power,ELIXIR_POT,VENDOR,5,6122,5315,115,0
9264,Elixir of Shadow Power,ELIXIR_POT,VENDOR,7,5999,5315,112,0
24268,Netherweave Net,MISC,TRAINER,16,6896,7200,95,1
44958,Ethereal Oil,INTERMEDIATE,TRAINER,2,90,96,93,1
44958,Ethereal Oil,INTERMEDIATE,TRAINER,11,89,96,92,1
10056,Orange Mageweave Shirt,GEAR,TRAINER,1,5596,6998,79,1
10056,Orange Mageweave Shirt,GEAR,TRAINER,1,5372,6998,76,1
10056,Orange Mageweave Shirt,GEAR,TRAINER,1,5318,6998,75,1
10056,Orange Mageweave Shirt,GEAR,TRAINER,1,5052,6998,72,1
10056,Orange Mageweave Shirt,GEAR,TRAINER,1,5596,6998,79,1
10056,Orange Mageweave Shirt,GEAR,TRAINER,1,5372,6998,76,1
10056,Orange Mageweave Shirt,GEAR,TRAINER,1,5318,6998,75,1
10056,Orange Mageweave Shirt,GEAR,TRAINER,1,5052,6998,72,1
25670,Thick Draenic Pants,GEAR,TRAINER,1,51324,60000,85,1
25670,Thick Draenic Pants,GEAR,TRAINER,1,50297,60000,83,1
25670,Thick Draenic Pants,GEAR,TRAINER,1,49794,60000,82,1
25670,Thick Draenic Pants,GEAR,TRAINER,1,48798,60000,81,1
25670,Thick Draenic Pants,GEAR,TRAINER,1,51324,60000,85,1
31079,Mercurial Adamantite,INTERMEDIATE,TRAINER,10,111972,86000,130,0
21887,Knothide Leather,INTERMEDIATE,TRAINER,5,5460,7500,72,1
21887,Knothide Leather,INTERMEDIATE,TRAINER,10,5296,7500,70,1
44958,Ethereal Oil,INTERMEDIATE,TRAINER,2,90,96,93,1
44958,Ethereal Oil,INTERMEDIATE,TRAINER,5,85,96,88,1
40111,Bold Cardinal Ruby,GEM_CUT,VENDOR,1,302475,250000,120,0
40111,Bold Cardinal Ruby,GEM_CUT,VENDOR,1,290376,250000,116,0
2840,Copper Bar,INTERMEDIATE,UNSOURCED,8,34,20,170,0
25650,Knothide Armor Kit,MISC,TRAINER,10,14904,20000,74,1
25650,Knothide Armor Kit,MISC,TRAINER,4,14605,20000,73,1
34330,Heavy Knothide Armor Kit,MISC,TRAINER,9,69052,75000,92,1
23446,Adamantite Bar,INTERMEDIATE,TRAINER,4,22176,18000,123,0
23446,Adamantite Bar,INTERMEDIATE,TRAINER,1,21510,18000,119,0
23787,Felsteel Stabilizer,INTERMEDIATE,TRAINER,1,1,2,50,1
23787,Felsteel Stabilizer,INTERMEDIATE,TRAINER,8,1,2,50,1
24270,Bag of Jewels,BAG,VENDOR,1,17384,20006,86,1
24270,Bag of Jewels,BAG,VENDOR,1,17036,20006,85,1
24270,Bag of Jewels,BAG,VENDOR,1,17384,20006,86,1
24270,Bag of Jewels,BAG,VENDOR,1,17036,20006,85,1
24270,Bag of Jewels,BAG,VENDOR,1,17384,20006,86,1
24270,Bag of Jewels,BAG,VENDOR,1,17036,20006,85,1
24270,Bag of Jewels,BAG,VENDOR,1,17384,20006,86,1
24270,Bag of Jewels,BAG,VENDOR,1,17036,20006,85,1
24270,Bag of Jewels,BAG,VENDOR,1,17384,20006,86,1
24270,Bag of Jewels,BAG,VENDOR,1,17036,20006,85,1
24270,Bag of Jewels,BAG,VENDOR,1,17384,20006,86,1
24270,Bag of Jewels,BAG,VENDOR,1,17036,20006,85,1
24270,Bag of Jewels,BAG,VENDOR,1,17384,20006,86,1
24270,Bag of Jewels,BAG,VENDOR,1,17036,20006,85,1
24270,Bag of Jewels,BAG,VENDOR,1,17384,20006,86,1
23518,Felsteel Leggings,GEAR,DROP,1,6,8,75,1
23518,Felsteel Leggings,GEAR,DROP,1,5,8,62,1
23518,Felsteel Leggings,GEAR,DROP,1,4,8,50,1
23518,Felsteel Leggings,GEAR,DROP,1,4,8,50,1
23518,Felsteel Leggings,GEAR,DROP,1,6,8,75,1
23518,Felsteel Leggings,GEAR,DROP,1,5,8,62,1
23518,Felsteel Leggings,GEAR,DROP,1,4,8,50,1
21862,Imbued Netherweave Tunic,GEAR,VENDOR,1,55014,65006,84,1
21862,Imbued Netherweave Tunic,GEAR,VENDOR,1,52263,65006,80,1
21862,Imbued Netherweave Tunic,GEAR,VENDOR,1,55014,65006,84,1
21862,Imbued Netherweave Tunic,GEAR,VENDOR,1,52263,65006,80,1
21862,Imbued Netherweave Tunic,GEAR,VENDOR,1,55014,65006,84,1
21862,Imbued Netherweave Tunic,GEAR,VENDOR,1,52263,65006,80,1
21862,Imbued Netherweave Tunic,GEAR,VENDOR,1,55014,65006,84,1
21862,Imbued Netherweave Tunic,GEAR,VENDOR,1,52263,65006,80,1
21862,Imbued Netherweave Tunic,GEAR,VENDOR,1,55014,65006,84,1
22448,Small Prismatic Shard,INTERMEDIATE,TRAINER,20,1,0,0,1
22448,Small Prismatic Shard,INTERMEDIATE,TRAINER,1,1,0,0,1
13460,Greater Holy Protection Potion,ELIXIR_POT,UNSOURCED,15,8595,3432,250,0
22448,Small Prismatic Shard,INTERMEDIATE,TRAINER,20,1,0,0,1
22448,Small Prismatic Shard,INTERMEDIATE,TRAINER,5,1,0,0,1
22448,Small Prismatic Shard,INTERMEDIATE,TRAINER,8,1,0,0,1
21752,Thorium Setting,INTERMEDIATE,TRAINER,4,1702,1545,110,0
21752,Thorium Setting,INTERMEDIATE,TRAINER,6,1667,1545,107,0
22573,Mote of Earth,INTERMEDIATE,TRAINER,10,2472,3200,77,1
22573,Mote of Earth,INTERMEDIATE,TRAINER,10,2397,3200,74,1
22573,Mote of Earth,INTERMEDIATE,TRAINER,10,2472,3200,77,1
22573,Mote of Earth,INTERMEDIATE,TRAINER,10,2397,3200,74,1
22573,Mote of Earth,INTERMEDIATE,TRAINER,10,2472,3200,77,1
22573,Mote of Earth,INTERMEDIATE,TRAINER,10,2397,3200,74,1
22573,Mote of Earth,INTERMEDIATE,TRAINER,10,2472,3200,77,1
22573,Mote of Earth,INTERMEDIATE,TRAINER,10,2397,3200,74,1
22573,Mote of Earth,INTERMEDIATE,TRAINER,3,2472,3200,77,1
22573,Mote of Earth,INTERMEDIATE,TRAINER,7,2397,3200,74,1
32833,Purified Jaggal Pearl,GEM_CUT,TRAINER,1,7015,9280,75,1
32833,Purified Jaggal Pearl,GEM_CUT,TRAINER,1,6664,9280,71,1
32833,Purified Jaggal Pearl,GEM_CUT,TRAINER,1,7015,9280,75,1
32833,Purified Jaggal Pearl,GEM_CUT,TRAINER,1,6664,9280,71,1
32833,Purified Jaggal Pearl,GEM_CUT,TRAINER,1,7015,9280,75,1
32833,Purified Jaggal Pearl,GEM_CUT,TRAINER,1,6664,9280,71,1
32833,Purified Jaggal Pearl,GEM_CUT,TRAINER,1,7015,9280,75,1
32833,Purified Jaggal Pearl,GEM_CUT,TRAINER,1,6664,9280,71,1
32833,Purified Jaggal Pearl,GEM_CUT,TRAINER,1,7015,9280,75,1
32833,Purified Jaggal Pearl,GEM_CUT,TRAINER,1,6664,9280,71,1
32833,Purified Jaggal Pearl,GEM_CUT,TRAINER,1,7015,9280,75,1
32833,Purified Jaggal Pearl,GEM_CUT,TRAINER,1,6664,9280,71,1
32833,Purified Jaggal Pearl,GEM_CUT,TRAINER,1,7015,9280,75,1
32833,Purified Jaggal Pearl,GEM_CUT,TRAINER,1,6664,9280,71,1
24269,Heavy Netherweave Net,MISC,UNSOURCED,14,9576,14400,66,1
12359,Thorium Bar,INTERMEDIATE,TRAINER,2,1599,1545,103,0
12359,Thorium Bar,INTERMEDIATE,TRAINER,11,1545,1545,100,0
34086,Winter Boots,GEAR,VENDOR,1,9986,13588,73,1
34086,Winter Boots,GEAR,VENDOR,1,9886,13588,72,1
34086,Winter Boots,GEAR,VENDOR,1,9589,13588,70,1
34086,Winter Boots,GEAR,VENDOR,1,9986,13588,73,1
34086,Winter Boots,GEAR,VENDOR,1,9886,13588,72,1
34086,Winter Boots,GEAR,VENDOR,1,9589,13588,70,1
34086,Winter Boots,GEAR,VENDOR,1,9986,13588,73,1
44958,Ethereal Oil,INTERMEDIATE,TRAINER,7,72,96,75,1
44958,Ethereal Oil,INTERMEDIATE,TRAINER,7,68,96,70,1
12644,Dense Grinding Stone,INTERMEDIATE,TRAINER,13,6785,5760,117,0
21887,Knothide Leather,INTERMEDIATE,TRAINER,1,6174,7500,82,1
21887,Knothide Leather,INTERMEDIATE,TRAINER,11,5988,7500,79,1
3382,Weak Troll's Blood Elixir,ELIXIR_POT,TRAINER,11,252,207,121,0
23519,Felsteel Helm,GEAR,DROP,1,5,8,62,1
23519,Felsteel Helm,GEAR,DROP,1,4,8,50,1
23519,Felsteel Helm,GEAR,DROP,1,5,8,62,1
23519,Felsteel Helm,GEAR,DROP,1,4,8,50,1
23519,Felsteel Helm,GEAR,DROP,1,5,8,62,1
23519,Felsteel Helm,GEAR,DROP,1,4,8,50,1
23519,Felsteel Helm,GEAR,DROP,1,5,8,62,1
23519,Felsteel Helm,GEAR,DROP,1,4,8,50,1
23519,Felsteel Helm,GEAR,DROP,1,5,8,62,1
23774,Fel Iron Toolbox,BAG,VENDOR,1,128700,104000,123,0
23774,Fel Iron Toolbox,BAG,VENDOR,1,127413,104000,122,0
23787,Felsteel Stabilizer,INTERMEDIATE,TRAINER,15,1,2,50,1
24269,Heavy Netherweave Net,MISC,UNSOURCED,20,12312,14400,85,1
24269,Heavy Netherweave Net,MISC,UNSOURCED,10,11942,14400,82,1
22448,Small Prismatic Shard,INTERMEDIATE,TRAINER,20,1,0,0,1
22448,Small Prismatic Shard,INTERMEDIATE,TRAINER,1,1,0,0,1
22448,Small Prismatic Shard,INTERMEDIATE,TRAINER,20,1,0,0,1
22448,Small Prismatic Shard,INTERMEDIATE,TRAINER,4,1,0,0,1
22448,Small Prismatic Shard,INTERMEDIATE,TRAINER,15,1,0,0,1
24079,Khorium Band of Shadows,GEAR,DROP,1,1021809,434000,235,0
24079,Khorium Band of Shadows,GEAR,DROP,1,980936,434000,226,0
23787,Felsteel Stabilizer,INTERMEDIATE,TRAINER,1,1,2,50,1
23787,Felsteel Stabilizer,INTERMEDIATE,TRAINER,5,1,2,50,1
22853,Flask of Mighty Restoration,FLASK,UNSOURCED,5,97290,45000,216,0
22853,Flask of Mighty Restoration,FLASK,UNSOURCED,5,93398,45000,207,0
22853,Flask of Mighty Restoration,FLASK,UNSOURCED,5,90596,45000,201,0
22853,Flask of Mighty Restoration,FLASK,UNSOURCED,5,97290,45000,216,0
22853,Flask of Mighty Restoration,FLASK,UNSOURCED,5,93398,45000,207,0
22853,Flask of Mighty Restoration,FLASK,UNSOURCED,13,90596,45000,201,0
23785,Hardened Adamantite Tube,INTERMEDIATE,TRAINER,2,2,3,66,1
23785,Hardened Adamantite Tube,INTERMEDIATE,TRAINER,3,1,3,33,1
24270,Bag of Jewels,BAG,VENDOR,1,13395,20006,66,1
24270,Bag of Jewels,BAG,VENDOR,1,12725,20006,63,1
24270,Bag of Jewels,BAG,VENDOR,1,12343,20006,61,1
24270,Bag of Jewels,BAG,VENDOR,1,13395,20006,66,1
24270,Bag of Jewels,BAG,VENDOR,1,12725,20006,63,1
24270,Bag of Jewels,BAG,VENDOR,1,12343,20006,61,1
24270,Bag of Jewels,BAG,VENDOR,1,13395,20006,66,1
24270,Bag of Jewels,BAG,VENDOR,1,12725,20006,63,1
24270,Bag of Jewels,BAG,VENDOR,1,12343,20006,61,1
14156,Bottomless Bag,BAG,DROP,1,1153227,483980,238,0
14156,Bottomless Bag,BAG,DROP,1,1095565,483980,226,0
23785,Hardened Adamantite Tube,INTERMEDIATE,TRAINER,10,1,3,33,1
23785,Hardened Adamantite Tube,INTERMEDIATE,TRAINER,2,1,3,33,1
17771,Elementium Bar,MISC,DROP,2,3760763,2472560,152,0
24269,Heavy Netherweave Net,MISC,UNSOURCED,2,42864,14400,297,0
22866,Flask of Pure Death,FLASK,UNSOURCED,5,100233,55500,180,0
22866,Flask of Pure Death,FLASK,UNSOURCED,20,97226,55500,175,0
22866,Flask of Pure Death,FLASK,UNSOURCED,5,93336,55500,168,0
22866,Flask of Pure Death,FLASK,UNSOURCED,10,90535,55500,163,0
28103,Adept's Elixir,ELIXIR_POT,TRAINER,13,11461,8412,136,0
22761,Bramblewood Belt,GEAR,VENDOR,1,20047,22849,87,1
22761,Bramblewood Belt,GEAR,VENDOR,1,19646,22849,85,1
22761,Bramblewood Belt,GEAR,VENDOR,1,19056,22849,83,1
22761,Bramblewood Belt,GEAR,VENDOR,1,20047,22849,87,1
22761,Bramblewood Belt,GEAR,VENDOR,1,19646,22849,85,1
22761,Bramblewood Belt,GEAR,VENDOR,1,19056,22849,83,1
22761,Bramblewood Belt,GEAR,VENDOR,1,20047,22849,87,1
22761,Bramblewood Belt,GEAR,VENDOR,1,19646,22849,85,1
22761,Bramblewood Belt,GEAR,VENDOR,1,19056,22849,83,1
22761,Bramblewood Belt,GEAR,VENDOR,1,20047,22849,87,1
22761,Bramblewood Belt,GEAR,VENDOR,1,19646,22849,85,1
22761,Bramblewood Belt,GEAR,VENDOR,1,19056,22849,83,1
22761,Bramblewood Belt,GEAR,VENDOR,1,20047,22849,87,1
22761,Bramblewood Belt,GEAR,VENDOR,1,19425,22849,85,1
22761,Bramblewood Belt,GEAR,VENDOR,1,19036,22849,83,1
22761,Bramblewood Belt,GEAR,VENDOR,1,19425,22849,85,1
22761,Bramblewood Belt,GEAR,VENDOR,1,19036,22849,83,1
22761,Bramblewood Belt,GEAR,VENDOR,1,19425,22849,85,1
22761,Bramblewood Belt,GEAR,VENDOR,1,19036,22849,83,1
22761,Bramblewood Belt,GEAR,VENDOR,1,19425,22849,85,1
22761,Bramblewood Belt,GEAR,VENDOR,1,19036,22849,83,1
22448,Small Prismatic Shard,INTERMEDIATE,TRAINER,20,1,0,0,1
22448,Small Prismatic Shard,INTERMEDIATE,TRAINER,20,1,0,0,1
22448,Small Prismatic Shard,INTERMEDIATE,TRAINER,1,1,0,0,1
22448,Small Prismatic Shard,INTERMEDIATE,TRAINER,1,1,0,0,1
23785,Hardened Adamantite Tube,INTERMEDIATE,TRAINER,4,2,3,66,1
23785,Hardened Adamantite Tube,INTERMEDIATE,TRAINER,8,1,3,33,1
4318,Gloves of Meditation,GEAR,TRAINER,1,2005,2322,86,1
4318,Gloves of Meditation,GEAR,TRAINER,1,1924,2322,82,1
4318,Gloves of Meditation,GEAR,TRAINER,1,1904,2322,81,1
4318,Gloves of Meditation,GEAR,TRAINER,1,2005,2322,86,1
4318,Gloves of Meditation,GEAR,TRAINER,1,1924,2322,82,1
4318,Gloves of Meditation,GEAR,TRAINER,1,1904,2322,81,1
4318,Gloves of Meditation,GEAR,TRAINER,1,2005,2322,86,1
4318,Gloves of Meditation,GEAR,TRAINER,1,1924,2322,82,1
4318,Gloves of Meditation,GEAR,TRAINER,1,1904,2322,81,1
4318,Gloves of Meditation,GEAR,TRAINER,1,2005,2322,86,1
4318,Gloves of Meditation,GEAR,TRAINER,1,1924,2322,82,1
4318,Gloves of Meditation,GEAR,TRAINER,1,1904,2322,81,1
21845,Primal Mooncloth,INTERMEDIATE,VENDOR,7,57664,64001,90,1
13513,Flask of Chromatic Resistance,FLASK,DROP,5,42751,20250,211,0
13513,Flask of Chromatic Resistance,FLASK,DROP,5,42323,20250,209,0
13513,Flask of Chromatic Resistance,FLASK,DROP,12,41053,20250,202,0
22445,Arcane Dust,INTERMEDIATE,UNSOURCED,20,4564,5013,91,1
22445,Arcane Dust,INTERMEDIATE,UNSOURCED,3,4335,5013,86,1
22445,Arcane Dust,INTERMEDIATE,UNSOURCED,1,4564,5013,91,1
21841,Netherweave Bag,BAG,TRAINER,1,115594,101000,114,0
21841,Netherweave Bag,BAG,TRAINER,1,113282,101000,112,0
40195,Pygmy Oil,INTERMEDIATE,TRAINER,11,240,300,80,1
40195,Pygmy Oil,INTERMEDIATE,TRAINER,1,232,300,77,1
21859,Imbued Netherweave Pants,GEAR,VENDOR,1,77557,65005,119,0
21859,Imbued Netherweave Pants,GEAR,VENDOR,1,74454,65005,114,0
21859,Imbued Netherweave Pants,GEAR,VENDOR,1,71475,65005,109,0
10056,Orange Mageweave Shirt,GEAR,TRAINER,1,4956,6998,70,1
10056,Orange Mageweave Shirt,GEAR,TRAINER,1,4757,6998,67,1
10056,Orange Mageweave Shirt,GEAR,TRAINER,1,4709,6998,67,1
10056,Orange Mageweave Shirt,GEAR,TRAINER,1,4956,6998,70,1
10056,Orange Mageweave Shirt,GEAR,TRAINER,1,4757,6998,67,1
10056,Orange Mageweave Shirt,GEAR,TRAINER,1,4709,6998,67,1
10056,Orange Mageweave Shirt,GEAR,TRAINER,1,4956,6998,70,1
10056,Orange Mageweave Shirt,GEAR,TRAINER,1,4757,6998,67,1
10056,Orange Mageweave Shirt,GEAR,TRAINER,1,4709,6998,67,1
10056,Orange Mageweave Shirt,GEAR,TRAINER,1,4956,6998,70,1
10056,Orange Mageweave Shirt,GEAR,TRAINER,1,4757,6998,67,1
10056,Orange Mageweave Shirt,GEAR,TRAINER,1,4709,6998,67,1
10056,Orange Mageweave Shirt,GEAR,TRAINER,1,4956,6998,70,1
10056,Orange Mageweave Shirt,GEAR,TRAINER,1,4757,6998,67,1
10056,Orange Mageweave Shirt,GEAR,TRAINER,1,4709,6998,67,1
23518,Felsteel Leggings,GEAR,DROP,1,5,8,62,1
23518,Felsteel Leggings,GEAR,DROP,1,4,8,50,1
23518,Felsteel Leggings,GEAR,DROP,1,4,8,50,1
23518,Felsteel Leggings,GEAR,DROP,1,4,8,50,1
23518,Felsteel Leggings,GEAR,DROP,1,5,8,62,1
23518,Felsteel Leggings,GEAR,DROP,1,4,8,50,1
23518,Felsteel Leggings,GEAR,DROP,1,4,8,50,1
23518,Felsteel Leggings,GEAR,DROP,1,4,8,50,1
23518,Felsteel Leggings,GEAR,DROP,1,5,8,62,1
23518,Felsteel Leggings,GEAR,DROP,1,4,8,50,1
23518,Felsteel Leggings,GEAR,DROP,1,4,8,50,1
23518,Felsteel Leggings,GEAR,DROP,1,4,8,50,1
24270,Bag of Jewels,BAG,VENDOR,1,14745,20006,73,1
24270,Bag of Jewels,BAG,VENDOR,1,14302,20006,71,1
24270,Bag of Jewels,BAG,VENDOR,1,14745,20006,73,1
24270,Bag of Jewels,BAG,VENDOR,1,14302,20006,71,1
24270,Bag of Jewels,BAG,VENDOR,1,14745,20006,73,1
24270,Bag of Jewels,BAG,VENDOR,1,14302,20006,71,1
24270,Bag of Jewels,BAG,VENDOR,1,14745,20006,73,1
24270,Bag of Jewels,BAG,VENDOR,1,14302,20006,71,1
24270,Bag of Jewels,BAG,VENDOR,1,14745,20006,73,1
24270,Bag of Jewels,BAG,VENDOR,1,14302,20006,71,1
24270,Bag of Jewels,BAG,VENDOR,1,14745,20006,73,1
21858,Spellfire Bag,BAG,VENDOR,1,470958,408004,115,0
23518,Felsteel Leggings,GEAR,DROP,1,6,8,75,1
23518,Felsteel Leggings,GEAR,DROP,1,5,8,62,1
23518,Felsteel Leggings,GEAR,DROP,1,6,8,75,1
23518,Felsteel Leggings,GEAR,DROP,1,5,8,62,1
23518,Felsteel Leggings,GEAR,DROP,1,6,8,75,1
23518,Felsteel Leggings,GEAR,DROP,1,5,8,62,1
23787,Felsteel Stabilizer,INTERMEDIATE,TRAINER,7,1,2,50,1
23787,Felsteel Stabilizer,INTERMEDIATE,TRAINER,5,1,2,50,1
11144,Truesilver Rod,INTERMEDIATE,TRAINER,1,5453,4720,115,0
11144,Truesilver Rod,INTERMEDIATE,TRAINER,1,5289,4720,112,0
11144,Truesilver Rod,INTERMEDIATE,TRAINER,1,5183,4720,109,0
11144,Truesilver Rod,INTERMEDIATE,TRAINER,1,5131,4720,108,0
11144,Truesilver Rod,INTERMEDIATE,TRAINER,1,5453,4720,115,0
11144,Truesilver Rod,INTERMEDIATE,TRAINER,1,5289,4720,112,0
11144,Truesilver Rod,INTERMEDIATE,TRAINER,1,5183,4720,109,0
11144,Truesilver Rod,INTERMEDIATE,TRAINER,1,5131,4720,108,0
11144,Truesilver Rod,INTERMEDIATE,TRAINER,1,5453,4720,115,0
11144,Truesilver Rod,INTERMEDIATE,TRAINER,1,5289,4720,112,0
11144,Truesilver Rod,INTERMEDIATE,TRAINER,1,5183,4720,109,0
11144,Truesilver Rod,INTERMEDIATE,TRAINER,1,5131,4720,108,0
23787,Felsteel Stabilizer,INTERMEDIATE,TRAINER,10,2,2,100,0
23787,Felsteel Stabilizer,INTERMEDIATE,TRAINER,3,2,2,100,0
24268,Netherweave Net,MISC,TRAINER,20,5469,7200,75,1
24268,Netherweave Net,MISC,TRAINER,4,5359,7200,74,1
22448,Small Prismatic Shard,INTERMEDIATE,TRAINER,8,1,0,0,1
22448,Small Prismatic Shard,INTERMEDIATE,TRAINER,10,1,0,0,1
11144,Truesilver Rod,INTERMEDIATE,TRAINER,1,5266,4720,111,0
11144,Truesilver Rod,INTERMEDIATE,TRAINER,1,5108,4720,108,0
11144,Truesilver Rod,INTERMEDIATE,TRAINER,1,5266,4720,111,0
11144,Truesilver Rod,INTERMEDIATE,TRAINER,1,5108,4720,108,0
11144,Truesilver Rod,INTERMEDIATE,TRAINER,1,5266,4720,111,0
11144,Truesilver Rod,INTERMEDIATE,TRAINER,1,5108,4720,108,0
24270,Bag of Jewels,BAG,VENDOR,1,17852,20006,89,1
24270,Bag of Jewels,BAG,VENDOR,1,17673,20006,88,1
24270,Bag of Jewels,BAG,VENDOR,1,16966,20006,84,1
24270,Bag of Jewels,BAG,VENDOR,1,17852,20006,89,1
24270,Bag of Jewels,BAG,VENDOR,1,17673,20006,88,1
24270,Bag of Jewels,BAG,VENDOR,1,16966,20006,84,1
24270,Bag of Jewels,BAG,VENDOR,1,17852,20006,89,1
24270,Bag of Jewels,BAG,VENDOR,1,17673,20006,88,1
24270,Bag of Jewels,BAG,VENDOR,1,16966,20006,84,1
24270,Bag of Jewels,BAG,VENDOR,1,17852,20006,89,1
24270,Bag of Jewels,BAG,VENDOR,1,17673,20006,88,1
24270,Bag of Jewels,BAG,VENDOR,1,16966,20006,84,1
3470,Rough Grinding Stone,INTERMEDIATE,TRAINER,3,26,24,108,0
3470,Rough Grinding Stone,INTERMEDIATE,TRAINER,4,24,24,100,0
23448,Felsteel Bar,INTERMEDIATE,TRAINER,9,84816,76000,111,0
23448,Felsteel Bar,INTERMEDIATE,TRAINER,6,82271,76000,108,0
22574,Mote of Fire,INTERMEDIATE,TRAINER,10,3028,3200,94,1
22574,Mote of Fire,INTERMEDIATE,TRAINER,10,2876,3200,89,1
22574,Mote of Fire,INTERMEDIATE,TRAINER,10,2818,3200,88,1
22574,Mote of Fire,INTERMEDIATE,TRAINER,10,3028,3200,94,1
22574,Mote of Fire,INTERMEDIATE,TRAINER,10,2876,3200,89,1
22574,Mote of Fire,INTERMEDIATE,TRAINER,10,2818,3200,88,1
22574,Mote of Fire,INTERMEDIATE,TRAINER,10,3028,3200,94,1
22574,Mote of Fire,INTERMEDIATE,TRAINER,10,2876,3200,89,1
22574,Mote of Fire,INTERMEDIATE,TRAINER,10,2818,3200,88,1
22574,Mote of Fire,INTERMEDIATE,TRAINER,10,3028,3200,94,1
22574,Mote of Fire,INTERMEDIATE,TRAINER,10,2876,3200,89,1
22574,Mote of Fire,INTERMEDIATE,TRAINER,10,2818,3200,88,1
22574,Mote of Fire,INTERMEDIATE,TRAINER,10,3028,3200,94,1
22574,Mote of Fire,INTERMEDIATE,TRAINER,3,2876,3200,89,1
22574,Mote of Fire,INTERMEDIATE,TRAINER,7,2818,3200,88,1
41367,Dark Jade Focusing Lens,MISC,TRAINER,1,18050,20000,90,1
41367,Dark Jade Focusing Lens,MISC,TRAINER,1,17869,20000,89,1
41367,Dark Jade Focusing Lens,MISC,TRAINER,1,17690,20000,88,1
41367,Dark Jade Focusing Lens,MISC,TRAINER,1,18050,20000,90,1
41367,Dark Jade Focusing Lens,MISC,TRAINER,1,17869,20000,89,1
41367,Dark Jade Focusing Lens,MISC,TRAINER,1,17690,20000,88,1
41367,Dark Jade Focusing Lens,MISC,TRAINER,1,18050,20000,90,1
41367,Dark Jade Focusing Lens,MISC,TRAINER,1,17869,20000,89,1
40195,Pygmy Oil,INTERMEDIATE,TRAINER,5,242,300,80,1
40195,Pygmy Oil,INTERMEDIATE,TRAINER,3,234,300,78,1
22448,Small Prismatic Shard,INTERMEDIATE,TRAINER,20,1,0,0,1
22448,Small Prismatic Shard,INTERMEDIATE,TRAINER,1,1,0,0,1
21861,Imbued Netherweave Robe,GEAR,VENDOR,1,53668,65006,82,1
21861,Imbued Netherweave Robe,GEAR,VENDOR,1,53131,65006,81,1
21861,Imbued Netherweave Robe,GEAR,VENDOR,1,51005,65006,78,1
21861,Imbued Netherweave Robe,GEAR,VENDOR,1,53668,65006,82,1
21861,Imbued Netherweave Robe,GEAR,VENDOR,1,53131,65006,81,1
21861,Imbued Netherweave Robe,GEAR,VENDOR,1,51005,65006,78,1
21861,Imbued Netherweave Robe,GEAR,VENDOR,1,53668,65006,82,1
21861,Imbued Netherweave Robe,GEAR,VENDOR,1,53131,65006,81,1
21861,Imbued Netherweave Robe,GEAR,VENDOR,1,51005,65006,78,1
4265,Heavy Armor Kit,MISC,TRAINER,7,2253,3130,71,1
21861,Imbued Netherweave Robe,GEAR,VENDOR,1,47388,65006,72,1
21861,Imbued Netherweave Robe,GEAR,VENDOR,1,46440,65006,71,1
21861,Imbued Netherweave Robe,GEAR,VENDOR,1,47388,65006,72,1
21861,Imbued Netherweave Robe,GEAR,VENDOR,1,46440,65006,71,1
21861,Imbued Netherweave Robe,GEAR,VENDOR,1,47388,65006,72,1
21861,Imbued Netherweave Robe,GEAR,VENDOR,1,46440,65006,71,1
21861,Imbued Netherweave Robe,GEAR,VENDOR,1,47388,65006,72,1
22448,Small Prismatic Shard,INTERMEDIATE,TRAINER,20,1,0,0,1
22448,Small Prismatic Shard,INTERMEDIATE,TRAINER,20,1,0,0,1
22448,Small Prismatic Shard,INTERMEDIATE,TRAINER,5,1,0,0,1
23785,Hardened Adamantite Tube,INTERMEDIATE,TRAINER,7,1,3,33,1
23785,Hardened Adamantite Tube,INTERMEDIATE,TRAINER,2,1,3,33,1
21862,Imbued Netherweave Tunic,GEAR,VENDOR,1,48675,65006,74,1
21862,Imbued Netherweave Tunic,GEAR,VENDOR,1,47701,65006,73,1
21862,Imbued Netherweave Tunic,GEAR,VENDOR,1,46269,65006,71,1
21862,Imbued Netherweave Tunic,GEAR,VENDOR,1,45343,65006,69,1
21862,Imbued Netherweave Tunic,GEAR,VENDOR,1,48675,65006,74,1
21862,Imbued Netherweave Tunic,GEAR,VENDOR,1,47701,65006,73,1
21862,Imbued Netherweave Tunic,GEAR,VENDOR,1,46269,65006,71,1
21862,Imbued Netherweave Tunic,GEAR,VENDOR,1,45343,65006,69,1
21862,Imbued Netherweave Tunic,GEAR,VENDOR,1,48675,65006,74,1
21862,Imbued Netherweave Tunic,GEAR,VENDOR,1,47701,65006,73,1
21862,Imbued Netherweave Tunic,GEAR,VENDOR,1,46269,65006,71,1
21862,Imbued Netherweave Tunic,GEAR,VENDOR,1,45343,65006,69,1
21862,Imbued Netherweave Tunic,GEAR,VENDOR,1,48675,65006,74,1
32833,Purified Jaggal Pearl,GEM_CUT,TRAINER,1,6012,9280,64,1
32833,Purified Jaggal Pearl,GEM_CUT,TRAINER,1,5951,9280,64,1
32833,Purified Jaggal Pearl,GEM_CUT,TRAINER,1,5831,9280,62,1
32833,Purified Jaggal Pearl,GEM_CUT,TRAINER,1,5714,9280,61,1
32833,Purified Jaggal Pearl,GEM_CUT,TRAINER,1,6012,9280,64,1
32833,Purified Jaggal Pearl,GEM_CUT,TRAINER,1,5951,9280,64,1
32833,Purified Jaggal Pearl,GEM_CUT,TRAINER,1,5831,9280,62,1
21861,Imbued Netherweave Robe,GEAR,VENDOR,1,44307,65006,68,1
21861,Imbued Netherweave Robe,GEAR,VENDOR,1,42534,65006,65,1
21861,Imbued Netherweave Robe,GEAR,VENDOR,1,40832,65006,62,1
21861,Imbued Netherweave Robe,GEAR,VENDOR,1,44307,65006,68,1
21861,Imbued Netherweave Robe,GEAR,VENDOR,1,42534,65006,65,1
21861,Imbued Netherweave Robe,GEAR,VENDOR,1,40832,65006,62,1
44958,Ethereal Oil,INTERMEDIATE,TRAINER,2,89,96,92,1
44958,Ethereal Oil,INTERMEDIATE,TRAINER,3,84,96,87,1
40195,Pygmy Oil,INTERMEDIATE,TRAINER,4,291,300,97,1
40195,Pygmy Oil,INTERMEDIATE,TRAINER,3,276,300,92,1
32836,Purified Shadow Pearl,GEM_CUT,TRAINER,1,7757,9280,83,1
32836,Purified Shadow Pearl,GEM_CUT,TRAINER,1,7679,9280,82,1
32836,Purified Shadow Pearl,GEM_CUT,TRAINER,1,7757,9280,83,1
32836,Purified Shadow Pearl,GEM_CUT,TRAINER,1,7679,9280,82,1
32836,Purified Shadow Pearl,GEM_CUT,TRAINER,1,7757,9280,83,1
32836,Purified Shadow Pearl,GEM_CUT,TRAINER,1,7679,9280,82,1
32836,Purified Shadow Pearl,GEM_CUT,TRAINER,1,7757,9280,83,1
32836,Purified Shadow Pearl,GEM_CUT,TRAINER,1,7679,9280,82,1
32836,Purified Shadow Pearl,GEM_CUT,TRAINER,1,7757,9280,83,1
32836,Purified Shadow Pearl,GEM_CUT,TRAINER,1,7679,9280,82,1
32836,Purified Shadow Pearl,GEM_CUT,TRAINER,1,7757,9280,83,1
32836,Purified Shadow Pearl,GEM_CUT,TRAINER,1,7679,9280,82,1
32836,Purified Shadow Pearl,GEM_CUT,TRAINER,1,7757,9280,83,1
32836,Purified Shadow Pearl,GEM_CUT,TRAINER,1,7679,9280,82,1
25650,Knothide Armor Kit,MISC,TRAINER,6,19570,20000,97,1
44958,Ethereal Oil,INTERMEDIATE,TRAINER,5,76,96,79,1
44958,Ethereal Oil,INTERMEDIATE,TRAINER,1,75,96,78,1
12644,Dense Grinding Stone,INTERMEDIATE,TRAINER,11,6169,5760,107,0
12644,Dense Grinding Stone,INTERMEDIATE,TRAINER,4,6045,5760,104,0
23787,Felsteel Stabilizer,INTERMEDIATE,TRAINER,4,1,2,50,1
23787,Felsteel Stabilizer,INTERMEDIATE,TRAINER,9,1,2,50,1
41367,Dark Jade Focusing Lens,MISC,TRAINER,1,18180,20000,90,1
41367,Dark Jade Focusing Lens,MISC,TRAINER,1,17634,20000,88,1
41367,Dark Jade Focusing Lens,MISC,TRAINER,1,17104,20000,85,1
41367,Dark Jade Focusing Lens,MISC,TRAINER,1,16761,20000,83,1
41367,Dark Jade Focusing Lens,MISC,TRAINER,1,18180,20000,90,1
41367,Dark Jade Focusing Lens,MISC,TRAINER,1,17634,20000,88,1
41367,Dark Jade Focusing Lens,MISC,TRAINER,1,17104,20000,85,1
41367,Dark Jade Focusing Lens,MISC,TRAINER,1,16761,20000,83,1
41367,Dark Jade Focusing Lens,MISC,TRAINER,1,18180,20000,90,1
41367,Dark Jade Focusing Lens,MISC,TRAINER,1,17634,20000,88,1
41367,Dark Jade Focusing Lens,MISC,TRAINER,1,17104,20000,85,1
41367,Dark Jade Focusing Lens,MISC,TRAINER,1,16761,20000,83,1
41367,Dark Jade Focusing Lens,MISC,TRAINER,1,18180,20000,90,1
41367,Dark Jade Focusing Lens,MISC,TRAINER,1,17634,20000,88,1
41367,Dark Jade Focusing Lens,MISC,TRAINER,1,17104,20000,85,1
22851,Flask of Fortification,FLASK,UNSOURCED,5,108470,48500,223,0
22851,Flask of Fortification,FLASK,UNSOURCED,20,103046,48500,212,0
22851,Flask of Fortification,FLASK,UNSOURCED,9,108470,48500,223,0
32833,Purified Jaggal Pearl,GEM_CUT,TRAINER,1,6681,9280,71,1
32833,Purified Jaggal Pearl,GEM_CUT,TRAINER,1,6547,9280,70,1
32833,Purified Jaggal Pearl,GEM_CUT,TRAINER,1,6681,9280,71,1
32833,Purified Jaggal Pearl,GEM_CUT,TRAINER,1,6547,9280,70,1
32833,Purified Jaggal Pearl,GEM_CUT,TRAINER,1,6681,9280,71,1
32833,Purified Jaggal Pearl,GEM_CUT,TRAINER,1,6547,9280,70,1
32833,Purified Jaggal Pearl,GEM_CUT,TRAINER,1,6681,9280,71,1
32833,Purified Jaggal Pearl,GEM_CUT,TRAINER,1,6547,9280,70,1
32833,Purified Jaggal Pearl,GEM_CUT,TRAINER,1,6681,9280,71,1
32833,Purified Jaggal Pearl,GEM_CUT,TRAINER,1,6547,9280,70,1
32833,Purified Jaggal Pearl,GEM_CUT,TRAINER,1,6681,9280,71,1
24251,Blackstrike Bracers,GEAR,DROP,1,619324,256004,241,0
24251,Blackstrike Bracers,GEAR,DROP,1,594551,256004,232,0
24251,Blackstrike Bracers,GEAR,DROP,1,570768,256004,222,0
3478,Coarse Grinding Stone,INTERMEDIATE,TRAINER,1,204,178,114,0
3478,Coarse Grinding Stone,INTERMEDIATE,TRAINER,8,197,178,110,0
44958,Ethereal Oil,INTERMEDIATE,TRAINER,6,60,96,62,1
44958,Ethereal Oil,INTERMEDIATE,TRAINER,9,57,96,59,1
38225,Mycah's Botanical Bag,BAG,VENDOR,1,348840,272000,128,0
3478,Coarse Grinding Stone,INTERMEDIATE,TRAINER,12,191,178,107,0
3478,Coarse Grinding Stone,INTERMEDIATE,TRAINER,1,189,178,106,0
31080,Mercurial Stone,GEAR,TRAINER,1,123984,96000,129,0
31080,Mercurial Stone,GEAR,TRAINER,1,122744,96000,127,0
31080,Mercurial Stone,GEAR,TRAINER,1,123984,96000,129,0
23784,Adamantite Frame,INTERMEDIATE,TRAINER,3,123520,104000,118,0
23784,Adamantite Frame,INTERMEDIATE,TRAINER,5,119814,104000,115,0
2997,Bolt of Woolen Cloth,INTERMEDIATE,TRAINER,6,412,408,100,0
2997,Bolt of Woolen Cloth,INTERMEDIATE,TRAINER,2,408,408,100,0
21851,Netherweave Gloves,GEAR,TRAINER,1,142368,111000,128,0
21851,Netherweave Gloves,GEAR,TRAINER,1,135249,111000,121,0
21887,Knothide Leather,INTERMEDIATE,TRAINER,4,5106,7500,68,1
21887,Knothide Leather,INTERMEDIATE,TRAINER,1,4850,7500,64,1
10056,Orange Mageweave Shirt,GEAR,TRAINER,1,6906,6998,98,1
10056,Orange Mageweave Shirt,GEAR,TRAINER,1,6698,6998,95,1
10056,Orange Mageweave Shirt,GEAR,TRAINER,1,6906,6998,98,1
10056,Orange Mageweave Shirt,GEAR,TRAINER,1,6698,6998,95,1
10056,Orange Mageweave Shirt,GEAR,TRAINER,1,6906,6998,98,1
23787,Felsteel Stabilizer,INTERMEDIATE,TRAINER,5,1,2,50,1
23787,Felsteel Stabilizer,INTERMEDIATE,TRAINER,1,1,2,50,1
13511,Flask of Distilled Wisdom,FLASK,DROP,20,36663,13430,272,0
13511,Flask of Distilled Wisdom,FLASK,DROP,4,35196,13430,262,0
27666,Golden Fish Sticks,FOOD,VENDOR,5,43,48,89,1
27666,Golden Fish Sticks,FOOD,VENDOR,8,41,48,85,1
23785,Hardened Adamantite Tube,INTERMEDIATE,TRAINER,3,2,3,66,1
23785,Hardened Adamantite Tube,INTERMEDIATE,TRAINER,7,1,3,33,1
23787,Felsteel Stabilizer,INTERMEDIATE,TRAINER,9,1,2,50,1
23787,Felsteel Stabilizer,INTERMEDIATE,TRAINER,5,1,2,50,1
23787,Felsteel Stabilizer,INTERMEDIATE,TRAINER,5,1,2,50,1
21861,Imbued Netherweave Robe,GEAR,VENDOR,1,60260,65006,92,1
21861,Imbued Netherweave Robe,GEAR,VENDOR,1,57247,65006,88,1
21861,Imbued Netherweave Robe,GEAR,VENDOR,1,54957,65006,84,1
21861,Imbued Netherweave Robe,GEAR,VENDOR,1,60260,65006,92,1
21861,Imbued Netherweave Robe,GEAR,VENDOR,1,57247,65006,88,1
21861,Imbued Netherweave Robe,GEAR,VENDOR,1,54957,65006,84,1
21861,Imbued Netherweave Robe,GEAR,VENDOR,1,60260,65006,92,1
21861,Imbued Netherweave Robe,GEAR,VENDOR,1,57247,65006,88,1
21861,Imbued Netherweave Robe,GEAR,VENDOR,1,54957,65006,84,1
21861,Imbued Netherweave Robe,GEAR,VENDOR,1,60260,65006,92,1
22854,Flask of Relentless Assault,FLASK,UNSOURCED,20,95593,45000,212,0
22854,Flask of Relentless Assault,FLASK,UNSOURCED,10,90813,45000,201,0
21843,Imbued Netherweave Bag,BAG,VENDOR,1,65140,60005,108,0
21843,Imbued Netherweave Bag,BAG,VENDOR,1,62534,60005,104,0
6037,Truesilver Bar,INTERMEDIATE,TRAINER,4,5269,4120,127,0
6037,Truesilver Bar,INTERMEDIATE,TRAINER,8,5005,4120,121,0
21861,Imbued Netherweave Robe,GEAR,VENDOR,1,42773,65006,65,1
21861,Imbued Netherweave Robe,GEAR,VENDOR,1,40634,65006,62,1
21861,Imbued Netherweave Robe,GEAR,VENDOR,1,39414,65006,60,1
21861,Imbued Netherweave Robe,GEAR,VENDOR,1,42773,65006,65,1
21861,Imbued Netherweave Robe,GEAR,VENDOR,1,40634,65006,62,1
21861,Imbued Netherweave Robe,GEAR,VENDOR,1,39414,65006,60,1
21861,Imbued Netherweave Robe,GEAR,VENDOR,1,42773,65006,65,1
21861,Imbued Netherweave Robe,GEAR,VENDOR,1,40634,65006,62,1
21861,Imbued Netherweave Robe,GEAR,VENDOR,1,39414,65006,60,1
21861,Imbued Netherweave Robe,GEAR,VENDOR,1,42773,65006,65,1
21861,Imbued Netherweave Robe,GEAR,VENDOR,1,40634,65006,62,1
22448,Small Prismatic Shard,INTERMEDIATE,TRAINER,10,1,0,0,1
22448,Small Prismatic Shard,INTERMEDIATE,TRAINER,5,1,0,0,1
3486,Heavy Grinding Stone,INTERMEDIATE,TRAINER,4,1186,1035,114,0
3486,Heavy Grinding Stone,INTERMEDIATE,TRAINER,5,1126,1035,108,0
4339,Bolt of Mageweave,INTERMEDIATE,TRAINER,7,4294,5050,85,1
4339,Bolt of Mageweave,INTERMEDIATE,TRAINER,6,4079,5050,80,1
32836,Purified Shadow Pearl,GEM_CUT,TRAINER,1,6625,9280,71,1
32836,Purified Shadow Pearl,GEM_CUT,TRAINER,1,6558,9280,70,1
32836,Purified Shadow Pearl,GEM_CUT,TRAINER,1,6625,9280,71,1
32836,Purified Shadow Pearl,GEM_CUT,TRAINER,1,6558,9280,70,1
32836,Purified Shadow Pearl,GEM_CUT,TRAINER,1,6625,9280,71,1
32836,Purified Shadow Pearl,GEM_CUT,TRAINER,1,6558,9280,70,1
32836,Purified Shadow Pearl,GEM_CUT,TRAINER,1,6625,9280,71,1
21887,Knothide Leather,INTERMEDIATE,TRAINER,13,5231,7500,69,1
23448,Felsteel Bar,INTERMEDIATE,TRAINER,2,93153,76000,122,0
23448,Felsteel Bar,INTERMEDIATE,TRAINER,7,90358,76000,118,0
34766,Poached Northern Sculpin,FOOD,VENDOR,5,38,49,77,1
20817,Bronze Setting,INTERMEDIATE,TRAINER,4,133,124,107,0
20817,Bronze Setting,INTERMEDIATE,TRAINER,4,129,124,104,0
21860,Imbued Netherweave Boots,GEAR,VENDOR,1,83032,95004,87,1
21860,Imbued Netherweave Boots,GEAR,VENDOR,1,82201,95004,86,1
21860,Imbued Netherweave Boots,GEAR,VENDOR,1,81378,95004,85,1
21860,Imbued Netherweave Boots,GEAR,VENDOR,1,77309,95004,81,1
21860,Imbued Netherweave Boots,GEAR,VENDOR,1,83032,95004,87,1
21860,Imbued Netherweave Boots,GEAR,VENDOR,1,82201,95004,86,1
21860,Imbued Netherweave Boots,GEAR,VENDOR,1,81378,95004,85,1
21860,Imbued Netherweave Boots,GEAR,VENDOR,1,77309,95004,81,1
21860,Imbued Netherweave Boots,GEAR,VENDOR,1,83032,95004,87,1
21861,Imbued Netherweave Robe,GEAR,VENDOR,1,59902,65006,92,1
21861,Imbued Netherweave Robe,GEAR,VENDOR,1,59302,65006,91,1
21861,Imbued Netherweave Robe,GEAR,VENDOR,1,59902,65006,92,1
21861,Imbued Netherweave Robe,GEAR,VENDOR,1,59302,65006,91,1
21861,Imbued Netherweave Robe,GEAR,VENDOR,1,59902,65006,92,1
21861,Imbued Netherweave Robe,GEAR,VENDOR,1,59302,65006,91,1
21861,Imbued Netherweave Robe,GEAR,VENDOR,1,59902,65006,92,1
21861,Imbued Netherweave Robe,GEAR,VENDOR,1,59302,65006,91,1
21861,Imbued Netherweave Robe,GEAR,VENDOR,1,59902,65006,92,1
21861,Imbued Netherweave Robe,GEAR,VENDOR,1,59302,65006,91,1
21861,Imbued Netherweave Robe,GEAR,VENDOR,1,59902,65006,92,1
21861,Imbued Netherweave Robe,GEAR,VENDOR,1,59302,65006,91,1
21861,Imbued Netherweave Robe,GEAR,VENDOR,1,59902,65006,92,1
21861,Imbued Netherweave Robe,GEAR,VENDOR,1,59302,65006,91,1
21862,Imbued Netherweave Tunic,GEAR,VENDOR,1,50990,65006,78,1
21862,Imbued Netherweave Tunic,GEAR,VENDOR,1,49970,65006,76,1
21862,Imbued Netherweave Tunic,GEAR,VENDOR,1,50990,65006,78,1
21862,Imbued Netherweave Tunic,GEAR,VENDOR,1,49970,65006,76,1
21862,Imbued Netherweave Tunic,GEAR,VENDOR,1,50990,65006,78,1
40195,Pygmy Oil,INTERMEDIATE,TRAINER,2,238,300,79,1
40195,Pygmy Oil,INTERMEDIATE,TRAINER,6,228,300,76,1
24065,Dazzling Talasite,GEM_CUT,DROP,1,258720,120000,215,0
24065,Dazzling Talasite,GEM_CUT,DROP,1,250958,120000,209,0
23517,Felsteel Gloves,GEAR,DROP,1,3,6,50,1
23517,Felsteel Gloves,GEAR,DROP,1,3,6,50,1
23517,Felsteel Gloves,GEAR,DROP,1,3,6,50,1
23517,Felsteel Gloves,GEAR,DROP,1,3,6,50,1
23517,Felsteel Gloves,GEAR,DROP,1,3,6,50,1
23517,Felsteel Gloves,GEAR,DROP,1,3,6,50,1
23517,Felsteel Gloves,GEAR,DROP,1,3,6,50,1
31079,Mercurial Adamantite,INTERMEDIATE,TRAINER,11,89216,86000,103,0
31079,Mercurial Adamantite,INTERMEDIATE,TRAINER,2,88323,86000,102,0
32836,Purified Shadow Pearl,GEM_CUT,TRAINER,1,7645,9280,82,1
32836,Purified Shadow Pearl,GEM_CUT,TRAINER,1,7492,9280,80,1
32836,Purified Shadow Pearl,GEM_CUT,TRAINER,1,7645,9280,82,1
32836,Purified Shadow Pearl,GEM_CUT,TRAINER,1,7492,9280,80,1
32836,Purified Shadow Pearl,GEM_CUT,TRAINER,1,7645,9280,82,1
32836,Purified Shadow Pearl,GEM_CUT,TRAINER,1,7492,9280,80,1
32836,Purified Shadow Pearl,GEM_CUT,TRAINER,1,7645,9280,82,1
32836,Purified Shadow Pearl,GEM_CUT,TRAINER,1,7492,9280,80,1
32836,Purified Shadow Pearl,GEM_CUT,TRAINER,1,7645,9280,82,1
32836,Purified Shadow Pearl,GEM_CUT,TRAINER,1,7492,9280,80,1
32836,Purified Shadow Pearl,GEM_CUT,TRAINER,1,7645,9280,82,1
32836,Purified Shadow Pearl,GEM_CUT,TRAINER,1,7492,9280,80,1
32836,Purified Shadow Pearl,GEM_CUT,TRAINER,1,7645,9280,82,1
32776,Crown of the Sea Witch,GEAR,TRAINER,1,1297296,1008000,128,0
32836,Purified Shadow Pearl,GEM_CUT,TRAINER,1,7145,9280,76,1
32836,Purified Shadow Pearl,GEM_CUT,TRAINER,1,6930,9280,74,1
32836,Purified Shadow Pearl,GEM_CUT,TRAINER,1,7145,9280,76,1
32836,Purified Shadow Pearl,GEM_CUT,TRAINER,1,6930,9280,74,1
32836,Purified Shadow Pearl,GEM_CUT,TRAINER,1,7145,9280,76,1
32836,Purified Shadow Pearl,GEM_CUT,TRAINER,1,6930,9280,74,1
32836,Purified Shadow Pearl,GEM_CUT,TRAINER,1,7145,9280,76,1
32836,Purified Shadow Pearl,GEM_CUT,TRAINER,1,6930,9280,74,1
32836,Purified Shadow Pearl,GEM_CUT,TRAINER,1,7145,9280,76,1
32836,Purified Shadow Pearl,GEM_CUT,TRAINER,1,6930,9280,74,1
24270,Bag of Jewels,BAG,VENDOR,1,16437,20006,82,1
24270,Bag of Jewels,BAG,VENDOR,1,15615,20006,78,1
24270,Bag of Jewels,BAG,VENDOR,1,15458,20006,77,1
24270,Bag of Jewels,BAG,VENDOR,1,15303,20006,76,1
24270,Bag of Jewels,BAG,VENDOR,1,16437,20006,82,1
24270,Bag of Jewels,BAG,VENDOR,1,15615,20006,78,1
24270,Bag of Jewels,BAG,VENDOR,1,15458,20006,77,1
24270,Bag of Jewels,BAG,VENDOR,1,15303,20006,76,1
24270,Bag of Jewels,BAG,VENDOR,1,16437,20006,82,1
24270,Bag of Jewels,BAG,VENDOR,1,15615,20006,78,1
24270,Bag of Jewels,BAG,VENDOR,1,15458,20006,77,1
24270,Bag of Jewels,BAG,VENDOR,1,15303,20006,76,1
2840,Copper Bar,INTERMEDIATE,UNSOURCED,1,43,20,215,0
2840,Copper Bar,INTERMEDIATE,UNSOURCED,10,41,20,205,0
23518,Felsteel Leggings,GEAR,DROP,1,7,8,87,1
23518,Felsteel Leggings,GEAR,DROP,1,6,8,75,1
23518,Felsteel Leggings,GEAR,DROP,1,5,8,62,1
23518,Felsteel Leggings,GEAR,DROP,1,4,8,50,1
23518,Felsteel Leggings,GEAR,DROP,1,7,8,87,1
23518,Felsteel Leggings,GEAR,DROP,1,6,8,75,1
23518,Felsteel Leggings,GEAR,DROP,1,5,8,62,1
23518,Felsteel Leggings,GEAR,DROP,1,4,8,50,1
23518,Felsteel Leggings,GEAR,DROP,1,7,8,87,1
23518,Felsteel Leggings,GEAR,DROP,1,6,8,75,1
23518,Felsteel Leggings,GEAR,DROP,1,5,8,62,1
23518,Felsteel Leggings,GEAR,DROP,1,4,8,50,1
12655,Enchanted Thorium Bar,INTERMEDIATE,TRAINER,9,44041,36825,119,0
12655,Enchanted Thorium Bar,INTERMEDIATE,TRAINER,2,43600,36825,118,0
44958,Ethereal Oil,INTERMEDIATE,TRAINER,9,72,96,75,1
44958,Ethereal Oil,INTERMEDIATE,TRAINER,2,71,96,73,1
23787,Felsteel Stabilizer,INTERMEDIATE,TRAINER,5,1,2,50,1
23787,Felsteel Stabilizer,INTERMEDIATE,TRAINER,5,1,2,50,1
24268,Netherweave Net,MISC,TRAINER,20,6702,7200,93,1
24268,Netherweave Net,MISC,TRAINER,4,6634,7200,92,1
22448,Small Prismatic Shard,INTERMEDIATE,TRAINER,20,1,0,0,1
22448,Small Prismatic Shard,INTERMEDIATE,TRAINER,13,1,0,0,1
22448,Small Prismatic Shard,INTERMEDIATE,TRAINER,20,1,0,0,1
22448,Small Prismatic Shard,INTERMEDIATE,TRAINER,5,1,0,0,1
22448,Small Prismatic Shard,INTERMEDIATE,TRAINER,8,1,0,0,1
24268,Netherweave Net,MISC,TRAINER,16,6361,7200,88,1
21862,Imbued Netherweave Tunic,GEAR,VENDOR,1,55033,65006,84,1
21862,Imbued Netherweave Tunic,GEAR,VENDOR,1,53932,65006,82,1
21862,Imbued Netherweave Tunic,GEAR,VENDOR,1,52314,65006,80,1
21862,Imbued Netherweave Tunic,GEAR,VENDOR,1,55033,65006,84,1
21862,Imbued Netherweave Tunic,GEAR,VENDOR,1,53932,65006,82,1
21862,Imbued Netherweave Tunic,GEAR,VENDOR,1,52314,65006,80,1
21862,Imbued Netherweave Tunic,GEAR,VENDOR,1,55033,65006,84,1
21862,Imbued Netherweave Tunic,GEAR,VENDOR,1,53932,65006,82,1
21862,Imbued Netherweave Tunic,GEAR,VENDOR,1,52314,65006,80,1
40089,Enduring Forest Emerald,GEM_CUT,VENDOR,1,165600,150000,110,0
40089,Enduring Forest Emerald,GEM_CUT,VENDOR,1,163944,150000,109,0
40089,Enduring Forest Emerald,GEM_CUT,VENDOR,1,165600,150000,110,0
23518,Felsteel Leggings,GEAR,DROP,1,5,8,62,1
23518,Felsteel Leggings,GEAR,DROP,1,4,8,50,1
23518,Felsteel Leggings,GEAR,DROP,1,4,8,50,1
23518,Felsteel Leggings,GEAR,DROP,1,4,8,50,1
23518,Felsteel Leggings,GEAR,DROP,1,5,8,62,1
23518,Felsteel Leggings,GEAR,DROP,1,4,8,50,1
23518,Felsteel Leggings,GEAR,DROP,1,4,8,50,1
23518,Felsteel Leggings,GEAR,DROP,1,4,8,50,1
23518,Felsteel Leggings,GEAR,DROP,1,5,8,62,1
23518,Felsteel Leggings,GEAR,DROP,1,4,8,50,1
23518,Felsteel Leggings,GEAR,DROP,1,4,8,50,1
23518,Felsteel Leggings,GEAR,DROP,1,4,8,50,1
24269,Heavy Netherweave Net,MISC,UNSOURCED,20,12430,14400,86,1
24269,Heavy Netherweave Net,MISC,UNSOURCED,6,11932,14400,82,1
44958,Ethereal Oil,INTERMEDIATE,TRAINER,7,82,96,85,1
44958,Ethereal Oil,INTERMEDIATE,TRAINER,8,80,96,83,1
33208,Flask of Chromatic Wonder,FLASK,VENDOR,5,50918,36000,141,0
33208,Flask of Chromatic Wonder,FLASK,VENDOR,15,50408,36000,140,0
22448,Small Prismatic Shard,INTERMEDIATE,TRAINER,20,1,0,0,1
22448,Small Prismatic Shard,INTERMEDIATE,TRAINER,20,1,0,0,1
22448,Small Prismatic Shard,INTERMEDIATE,TRAINER,1,1,0,0,1
22448,Small Prismatic Shard,INTERMEDIATE,TRAINER,1,1,0,0,1
15872,Arcanite Skeleton Key,MISC,TRAINER,4,23792,21800,109,0
25650,Knothide Armor Kit,MISC,TRAINER,8,15184,20000,75,1
5763,Red Woolen Bag,BAG,VENDOR,1,2495,1782,140,0
5763,Red Woolen Bag,BAG,VENDOR,1,2395,1782,134,0
9154,Elixir of Detect Undead,ELIXIR_POT,TRAINER,11,1270,1070,118,0
21872,Ebon Shadowbag,BAG,VENDOR,1,503553,408000,123,0
21872,Ebon Shadowbag,BAG,VENDOR,1,498517,408000,122,0
13423,Stonescale Oil,INTERMEDIATE,TRAINER,13,119,102,116,0
40195,Pygmy Oil,INTERMEDIATE,TRAINER,3,259,300,86,1
40195,Pygmy Oil,INTERMEDIATE,TRAINER,9,251,300,83,1
21860,Imbued Netherweave Boots,GEAR,VENDOR,1,76952,95004,80,1
21860,Imbued Netherweave Boots,GEAR,VENDOR,1,76182,95004,80,1
21860,Imbued Netherweave Boots,GEAR,VENDOR,1,76952,95004,80,1
21860,Imbued Netherweave Boots,GEAR,VENDOR,1,76182,95004,80,1
21860,Imbued Netherweave Boots,GEAR,VENDOR,1,76952,95004,80,1
21860,Imbued Netherweave Boots,GEAR,VENDOR,1,76182,95004,80,1
21860,Imbued Netherweave Boots,GEAR,VENDOR,1,76952,95004,80,1
21860,Imbued Netherweave Boots,GEAR,VENDOR,1,76182,95004,80,1
21860,Imbued Netherweave Boots,GEAR,VENDOR,1,76952,95004,80,1
17771,Elementium Bar,MISC,DROP,2,5255426,2472560,212,0
10003,Black Mageweave Gloves,GEAR,TRAINER,1,11636,11996,96,1
10003,Black Mageweave Gloves,GEAR,TRAINER,1,11170,11996,93,1
10003,Black Mageweave Gloves,GEAR,TRAINER,1,11058,11996,92,1
10003,Black Mageweave Gloves,GEAR,TRAINER,1,10505,11996,87,1
10003,Black Mageweave Gloves,GEAR,TRAINER,1,11636,11996,96,1
10003,Black Mageweave Gloves,GEAR,TRAINER,1,11170,11996,93,1
10003,Black Mageweave Gloves,GEAR,TRAINER,1,11058,11996,92,1
10003,Black Mageweave Gloves,GEAR,TRAINER,1,10505,11996,87,1
10003,Black Mageweave Gloves,GEAR,TRAINER,1,11636,11996,96,1
10003,Black Mageweave Gloves,GEAR,TRAINER,1,11170,11996,93,1
10003,Black Mageweave Gloves,GEAR,TRAINER,1,11058,11996,92,1
10003,Black Mageweave Gloves,GEAR,TRAINER,1,10505,11996,87,1
10003,Black Mageweave Gloves,GEAR,TRAINER,1,11636,11996,96,1
25679,Comfortable Insoles,MISC,VENDOR,10,6790,10000,67,1
6450,Silk Bandage,MISC,TRAINER,6,614,594,103,1
24269,Heavy Netherweave Net,MISC,UNSOURCED,10,9374,14400,65,1
22573,Mote of Earth,INTERMEDIATE,TRAINER,10,3243,3200,101,1
22573,Mote of Earth,INTERMEDIATE,TRAINER,10,3210,3200,100,1
22573,Mote of Earth,INTERMEDIATE,TRAINER,10,3113,3200,97,1
22573,Mote of Earth,INTERMEDIATE,TRAINER,10,3081,3200,96,1
22573,Mote of Earth,INTERMEDIATE,TRAINER,10,3243,3200,101,1
22573,Mote of Earth,INTERMEDIATE,TRAINER,10,3210,3200,100,1
22573,Mote of Earth,INTERMEDIATE,TRAINER,10,3113,3200,97,1
22573,Mote of Earth,INTERMEDIATE,TRAINER,5,3081,3200,96,1
22573,Mote of Earth,INTERMEDIATE,TRAINER,5,3243,3200,101,1
13512,Flask of Supreme Power,FLASK,DROP,5,25459,11430,222,0
13512,Flask of Supreme Power,FLASK,DROP,5,24440,11430,213,0
13512,Flask of Supreme Power,FLASK,DROP,5,23218,11430,203,0
13512,Flask of Supreme Power,FLASK,DROP,1,22057,11430,192,0
34330,Heavy Knothide Armor Kit,MISC,TRAINER,9,50055,75000,66,1
21862,Imbued Netherweave Tunic,GEAR,VENDOR,1,51484,65006,79,1
21862,Imbued Netherweave Tunic,GEAR,VENDOR,1,48909,65006,75,1
21862,Imbued Netherweave Tunic,GEAR,VENDOR,1,47441,65006,72,1
21862,Imbued Netherweave Tunic,GEAR,VENDOR,1,51484,65006,79,1
21862,Imbued Netherweave Tunic,GEAR,VENDOR,1,48909,65006,75,1
21862,Imbued Netherweave Tunic,GEAR,VENDOR,1,47441,65006,72,1
21862,Imbued Netherweave Tunic,GEAR,VENDOR,1,51484,65006,79,1
21862,Imbued Netherweave Tunic,GEAR,VENDOR,1,48909,65006,75,1
21862,Imbued Netherweave Tunic,GEAR,VENDOR,1,47441,65006,72,1
21862,Imbued Netherweave Tunic,GEAR,VENDOR,1,51484,65006,79,1
22448,Small Prismatic Shard,INTERMEDIATE,TRAINER,12,1,0,0,1
22448,Small Prismatic Shard,INTERMEDIATE,TRAINER,6,1,0,0,1
21840,Bolt of Netherweave,INTERMEDIATE,TRAINER,3,37595,28800,130,0
21840,Bolt of Netherweave,INTERMEDIATE,TRAINER,10,35715,28800,124,0
21862,Imbued Netherweave Tunic,GEAR,VENDOR,1,60936,65006,93,1
21862,Imbued Netherweave Tunic,GEAR,VENDOR,1,59107,65006,90,1
21862,Imbued Netherweave Tunic,GEAR,VENDOR,1,60936,65006,93,1
21862,Imbued Netherweave Tunic,GEAR,VENDOR,1,59107,65006,90,1
21862,Imbued Netherweave Tunic,GEAR,VENDOR,1,60936,65006,93,1
21862,Imbued Netherweave Tunic,GEAR,VENDOR,1,59107,65006,90,1
21862,Imbued Netherweave Tunic,GEAR,VENDOR,1,60936,65006,93,1
22522,Superior Wizard Oil,MISC,VENDOR,1,19372,26039,74,1
22522,Superior Wizard Oil,MISC,VENDOR,1,18984,26039,72,1
22522,Superior Wizard Oil,MISC,VENDOR,1,18794,26039,72,1
22522,Superior Wizard Oil,MISC,VENDOR,1,18042,26039,69,1
22522,Superior Wizard Oil,MISC,VENDOR,1,19372,26039,74,1
22522,Superior Wizard Oil,MISC,VENDOR,1,18984,26039,72,1
22522,Superior Wizard Oil,MISC,VENDOR,1,18794,26039,72,1
22522,Superior Wizard Oil,MISC,VENDOR,1,18042,26039,69,1
22522,Superior Wizard Oil,MISC,VENDOR,1,19372,26039,74,1
22522,Superior Wizard Oil,MISC,VENDOR,1,18984,26039,72,1
22522,Superior Wizard Oil,MISC,VENDOR,1,18794,26039,72,1
22522,Superior Wizard Oil,MISC,VENDOR,1,18042,26039,69,1
22522,Superior Wizard Oil,MISC,VENDOR,1,19372,26039,74,1
22522,Superior Wizard Oil,MISC,VENDOR,1,18984,26039,72,1
12359,Thorium Bar,INTERMEDIATE,TRAINER,5,1435,1545,92,1
12359,Thorium Bar,INTERMEDIATE,TRAINER,2,1363,1545,88,1
21867,Arcanoweave Boots,GEAR,DROP,1,843801,282208,298,0
21867,Arcanoweave Boots,GEAR,DROP,1,818486,282208,290,0
21867,Arcanoweave Boots,GEAR,DROP,1,843801,282208,298,0
23518,Felsteel Leggings,GEAR,DROP,1,5,8,62,1
23518,Felsteel Leggings,GEAR,DROP,1,4,8,50,1
23518,Felsteel Leggings,GEAR,DROP,1,4,8,50,1
23518,Felsteel Leggings,GEAR,DROP,1,5,8,62,1
23518,Felsteel Leggings,GEAR,DROP,1,4,8,50,1
23518,Felsteel Leggings,GEAR,DROP,1,4,8,50,1
23518,Felsteel Leggings,GEAR,DROP,1,5,8,62,1
23518,Felsteel Leggings,GEAR,DROP,1,4,8,50,1
23518,Felsteel Leggings,GEAR,DROP,1,4,8,50,1
23518,Felsteel Leggings,GEAR,DROP,1,5,8,62,1
23518,Felsteel Leggings,GEAR,DROP,1,4,8,50,1
23518,Felsteel Leggings,GEAR,DROP,1,4,8,50,1
23518,Felsteel Leggings,GEAR,DROP,1,5,8,62,1
23518,Felsteel Leggings,GEAR,DROP,1,4,8,50,1
3486,Heavy Grinding Stone,INTERMEDIATE,TRAINER,2,1228,1035,118,0
3486,Heavy Grinding Stone,INTERMEDIATE,TRAINER,10,1191,1035,115,0
3470,Rough Grinding Stone,INTERMEDIATE,TRAINER,9,24,24,100,0
14048,Bolt of Runecloth,INTERMEDIATE,TRAINER,7,9909,11880,83,1
14048,Bolt of Runecloth,INTERMEDIATE,TRAINER,6,9809,11880,82,1
8544,Mageweave Bandage,MISC,TRAINER,10,806,1010,79,1
24269,Heavy Netherweave Net,MISC,UNSOURCED,20,10693,14400,74,1
24269,Heavy Netherweave Net,MISC,UNSOURCED,2,10265,14400,71,1
5765,Black Silk Pack,BAG,DROP,1,26240,13280,197,0
5765,Black Silk Pack,BAG,DROP,1,25452,13280,191,0
5765,Black Silk Pack,BAG,DROP,1,24433,13280,183,0
44958,Ethereal Oil,INTERMEDIATE,TRAINER,2,80,96,83,1
44958,Ethereal Oil,INTERMEDIATE,TRAINER,3,79,96,82,1
44554,Flying Carpet,MISC,TRAINER,1,254052,254052,100,0
23511,Enchanted Adamantite Boots,GEAR,VENDOR,1,76096,60161,126,0
24270,Bag of Jewels,BAG,VENDOR,1,14103,20006,70,1
24270,Bag of Jewels,BAG,VENDOR,1,13397,20006,66,1
24270,Bag of Jewels,BAG,VENDOR,1,14103,20006,70,1
24270,Bag of Jewels,BAG,VENDOR,1,13397,20006,66,1
24270,Bag of Jewels,BAG,VENDOR,1,14103,20006,70,1
24270,Bag of Jewels,BAG,VENDOR,1,13397,20006,66,1
24270,Bag of Jewels,BAG,VENDOR,1,14103,20006,70,1
24270,Bag of Jewels,BAG,VENDOR,1,13397,20006,66,1
24270,Bag of Jewels,BAG,VENDOR,1,14103,20006,70,1
24270,Bag of Jewels,BAG,VENDOR,1,13397,20006,66,1
24270,Bag of Jewels,BAG,VENDOR,1,14103,20006,70,1
24270,Bag of Jewels,BAG,VENDOR,1,13397,20006,66,1
24270,Bag of Jewels,BAG,VENDOR,1,14103,20006,70,1
24270,Bag of Jewels,BAG,VENDOR,1,13397,20006,66,1
3575,Iron Bar,INTERMEDIATE,TRAINER,1,980,900,108,0
3575,Iron Bar,INTERMEDIATE,TRAINER,6,931,900,103,0
22448,Small Prismatic Shard,INTERMEDIATE,TRAINER,20,1,0,0,1
22448,Small Prismatic Shard,INTERMEDIATE,TRAINER,20,1,0,0,1
22448,Small Prismatic Shard,INTERMEDIATE,TRAINER,1,1,0,0,1
22448,Small Prismatic Shard,INTERMEDIATE,TRAINER,1,1,0,0,1
23517,Felsteel Gloves,GEAR,DROP,1,3,6,50,1
23517,Felsteel Gloves,GEAR,DROP,1,3,6,50,1
23517,Felsteel Gloves,GEAR,DROP,1,3,6,50,1
23517,Felsteel Gloves,GEAR,DROP,1,3,6,50,1
23517,Felsteel Gloves,GEAR,DROP,1,3,6,50,1
23517,Felsteel Gloves,GEAR,DROP,1,3,6,50,1
23517,Felsteel Gloves,GEAR,DROP,1,3,6,50,1
23517,Felsteel Gloves,GEAR,DROP,1,3,6,50,1
23517,Felsteel Gloves,GEAR,DROP,1,3,6,50,1
23517,Felsteel Gloves,GEAR,DROP,1,3,6,50,1
21887,Knothide Leather,INTERMEDIATE,TRAINER,4,6757,7500,90,1
21887,Knothide Leather,INTERMEDIATE,TRAINER,8,6419,7500,85,1
9210,Ghost Dye,INTERMEDIATE,VENDOR,10,7649,6210,123,0
9210,Ghost Dye,INTERMEDIATE,VENDOR,1,7419,6210,119,0
9210,Ghost Dye,INTERMEDIATE,VENDOR,2,7048,6210,113,0
23774,Fel Iron Toolbox,BAG,VENDOR,1,128096,104000,123,0
23774,Fel Iron Toolbox,BAG,VENDOR,1,126815,104000,121,0
25659,Scaled Draenic Boots,GEAR,TRAINER,1,69552,90000,77,1
25659,Scaled Draenic Boots,GEAR,TRAINER,1,66074,90000,73,1
25659,Scaled Draenic Boots,GEAR,TRAINER,1,63431,90000,70,1
25659,Scaled Draenic Boots,GEAR,TRAINER,1,69552,90000,77,1
25659,Scaled Draenic Boots,GEAR,TRAINER,1,66074,90000,73,1
25659,Scaled Draenic Boots,GEAR,TRAINER,1,63431,90000,70,1
25659,Scaled Draenic Boots,GEAR,TRAINER,1,69552,90000,77,1
25659,Scaled Draenic Boots,GEAR,TRAINER,1,66074,90000,73,1
25659,Scaled Draenic Boots,GEAR,TRAINER,1,63431,90000,70,1
25659,Scaled Draenic Boots,GEAR,TRAINER,1,69552,90000,77,1
25659,Scaled Draenic Boots,GEAR,TRAINER,1,66074,90000,73,1
25659,Scaled Draenic Boots,GEAR,TRAINER,1,63431,90000,70,1
11144,Truesilver Rod,INTERMEDIATE,TRAINER,1,5311,4720,112,0
11144,Truesilver Rod,INTERMEDIATE,TRAINER,1,5151,4720,109,0
11144,Truesilver Rod,INTERMEDIATE,TRAINER,1,4893,4720,103,0
11144,Truesilver Rod,INTERMEDIATE,TRAINER,1,5311,4720,112,0
11144,Truesilver Rod,INTERMEDIATE,TRAINER,1,5151,4720,109,0
11144,Truesilver Rod,INTERMEDIATE,TRAINER,1,4893,4720,103,0
11144,Truesilver Rod,INTERMEDIATE,TRAINER,1,5311,4720,112,0
11144,Truesilver Rod,INTERMEDIATE,TRAINER,1,5151,4720,109,0
11144,Truesilver Rod,INTERMEDIATE,TRAINER,1,4893,4720,103,0
11144,Truesilver Rod,INTERMEDIATE,TRAINER,1,5311,4720,112,0
11144,Truesilver Rod,INTERMEDIATE,TRAINER,1,5151,4720,109,0
11144,Truesilver Rod,INTERMEDIATE,TRAINER,1,4893,4720,103,0
11144,Truesilver Rod,INTERMEDIATE,TRAINER,1,5311,4720,112,0
23787,Felsteel Stabilizer,INTERMEDIATE,TRAINER,3,1,2,50,1
23787,Felsteel Stabilizer,INTERMEDIATE,TRAINER,11,1,2,50,1
3470,Rough Grinding Stone,INTERMEDIATE,TRAINER,6,30,24,125,0
3470,Rough Grinding Stone,INTERMEDIATE,TRAINER,8,28,24,116,0
23448,Felsteel Bar,INTERMEDIATE,TRAINER,6,76000,76000,100,0
20816,Delicate Copper Wire,INTERMEDIATE,UNSOURCED,6,85,40,212,0
20816,Delicate Copper Wire,INTERMEDIATE,UNSOURCED,4,83,40,207,0
23785,Hardened Adamantite Tube,INTERMEDIATE,TRAINER,7,2,3,66,1
23785,Hardened Adamantite Tube,INTERMEDIATE,TRAINER,3,1,3,33,1
44958,Ethereal Oil,INTERMEDIATE,TRAINER,5,89,96,92,1
44958,Ethereal Oil,INTERMEDIATE,TRAINER,3,85,96,88,1
6052,Nature Protection Potion,ELIXIR_POT,VENDOR,5,1441,991,145,0
6052,Nature Protection Potion,ELIXIR_POT,VENDOR,5,1426,991,143,0
6052,Nature Protection Potion,ELIXIR_POT,VENDOR,9,1383,991,139,0
21843,Imbued Netherweave Bag,BAG,VENDOR,1,55216,60005,92,1
21843,Imbued Netherweave Bag,BAG,VENDOR,1,53007,60005,88,1
21843,Imbued Netherweave Bag,BAG,VENDOR,1,50886,60005,84,1
21843,Imbued Netherweave Bag,BAG,VENDOR,1,49359,60005,82,1
21843,Imbued Netherweave Bag,BAG,VENDOR,1,55216,60005,92,1
21843,Imbued Netherweave Bag,BAG,VENDOR,1,53007,60005,88,1
21843,Imbued Netherweave Bag,BAG,VENDOR,1,50886,60005,84,1
21843,Imbued Netherweave Bag,BAG,VENDOR,1,49359,60005,82,1
21843,Imbued Netherweave Bag,BAG,VENDOR,1,55216,60005,92,1
21843,Imbued Netherweave Bag,BAG,VENDOR,1,53007,60005,88,1
29532,Drums of Panic,MISC,VENDOR,1,222200,250000,88,1
29532,Drums of Panic,MISC,VENDOR,1,213312,250000,85,1
29532,Drums of Panic,MISC,VENDOR,1,206912,250000,82,1
29532,Drums of Panic,MISC,VENDOR,1,200704,250000,80,1
29532,Drums of Panic,MISC,VENDOR,1,222200,250000,88,1
29532,Drums of Panic,MISC,VENDOR,1,213312,250000,85,1
29532,Drums of Panic,MISC,VENDOR,1,206912,250000,82,1
29532,Drums of Panic,MISC,VENDOR,1,200704,250000,80,1
29532,Drums of Panic,MISC,VENDOR,1,222200,250000,88,1
29532,Drums of Panic,MISC,VENDOR,1,213312,250000,85,1
29532,Drums of Panic,MISC,VENDOR,1,206912,250000,82,1
29532,Drums of Panic,MISC,VENDOR,1,200704,250000,80,1
24270,Bag of Jewels,BAG,VENDOR,1,15843,20006,79,1
24270,Bag of Jewels,BAG,VENDOR,1,15050,20006,75,1
24270,Bag of Jewels,BAG,VENDOR,1,14598,20006,72,1
24270,Bag of Jewels,BAG,VENDOR,1,14452,20006,72,1
24270,Bag of Jewels,BAG,VENDOR,1,15843,20006,79,1
24270,Bag of Jewels,BAG,VENDOR,1,15050,20006,75,1
24270,Bag of Jewels,BAG,VENDOR,1,14598,20006,72,1
24270,Bag of Jewels,BAG,VENDOR,1,14452,20006,72,1
24270,Bag of Jewels,BAG,VENDOR,1,15843,20006,79,1
24270,Bag of Jewels,BAG,VENDOR,1,15050,20006,75,1
24270,Bag of Jewels,BAG,VENDOR,1,14598,20006,72,1
24270,Bag of Jewels,BAG,VENDOR,1,14452,20006,72,1
24270,Bag of Jewels,BAG,VENDOR,1,15843,20006,79,1
24270,Bag of Jewels,BAG,VENDOR,1,15050,20006,75,1
4236,Cured Heavy Hide,INTERMEDIATE,TRAINER,7,1350,1350,100,0
4236,Cured Heavy Hide,INTERMEDIATE,TRAINER,7,1350,1350,100,0
21887,Knothide Leather,INTERMEDIATE,TRAINER,6,6942,7500,92,1
44958,Ethereal Oil,INTERMEDIATE,TRAINER,5,67,96,69,1
44958,Ethereal Oil,INTERMEDIATE,TRAINER,1,66,96,68,1
34086,Winter Boots,GEAR,VENDOR,1,8927,13588,65,1
34086,Winter Boots,GEAR,VENDOR,1,8480,13588,62,1
34086,Winter Boots,GEAR,VENDOR,1,8152,13588,59,1
34086,Winter Boots,GEAR,VENDOR,1,8152,13588,59,1
34086,Winter Boots,GEAR,VENDOR,1,8927,13588,65,1
34086,Winter Boots,GEAR,VENDOR,1,8480,13588,62,1
34086,Winter Boots,GEAR,VENDOR,1,8152,13588,59,1
34086,Winter Boots,GEAR,VENDOR,1,8152,13588,59,1
34086,Winter Boots,GEAR,VENDOR,1,8927,13588,65,1
34086,Winter Boots,GEAR,VENDOR,1,8480,13588,62,1
34086,Winter Boots,GEAR,VENDOR,1,8152,13588,59,1
22448,Small Prismatic Shard,INTERMEDIATE,TRAINER,20,1,0,0,1
22448,Small Prismatic Shard,INTERMEDIATE,TRAINER,1,1,0,0,1
22448,Small Prismatic Shard,INTERMEDIATE,TRAINER,18,1,0,0,1
32836,Purified Shadow Pearl,GEM_CUT,TRAINER,1,8975,9280,96,1
32836,Purified Shadow Pearl,GEM_CUT,TRAINER,1,8526,9280,91,1
32836,Purified Shadow Pearl,GEM_CUT,TRAINER,1,8440,9280,90,1
32836,Purified Shadow Pearl,GEM_CUT,TRAINER,1,8975,9280,96,1
32836,Purified Shadow Pearl,GEM_CUT,TRAINER,1,8526,9280,91,1
32836,Purified Shadow Pearl,GEM_CUT,TRAINER,1,8440,9280,90,1
32836,Purified Shadow Pearl,GEM_CUT,TRAINER,1,8975,9280,96,1
32836,Purified Shadow Pearl,GEM_CUT,TRAINER,1,8526,9280,91,1
32836,Purified Shadow Pearl,GEM_CUT,TRAINER,1,8440,9280,90,1
44958,Ethereal Oil,INTERMEDIATE,TRAINER,5,81,96,84,1
44958,Ethereal Oil,INTERMEDIATE,TRAINER,3,78,96,81,1
23520,Ragesteel Gloves,GEAR,DROP,1,663312,425200,156,0
23520,Ragesteel Gloves,GEAR,DROP,1,630146,425200,148,0
23787,Felsteel Stabilizer,INTERMEDIATE,TRAINER,7,1,2,50,1
23787,Felsteel Stabilizer,INTERMEDIATE,TRAINER,1,1,2,50,1
24269,Heavy Netherweave Net,MISC,UNSOURCED,20,12571,14400,87,1
24269,Heavy Netherweave Net,MISC,UNSOURCED,2,12193,14400,84,1
22448,Small Prismatic Shard,INTERMEDIATE,TRAINER,20,1,0,0,1
22448,Small Prismatic Shard,INTERMEDIATE,TRAINER,6,1,0,0,1
22448,Small Prismatic Shard,INTERMEDIATE,TRAINER,10,1,0,0,1
34766,Poached Northern Sculpin,FOOD,VENDOR,5,39,49,79,1
21876,Primal Mooncloth Bag,BAG,VENDOR,1,661752,504000,131,0
21876,Primal Mooncloth Bag,BAG,VENDOR,1,648516,504000,128,0
27665,Poached Bluefish,FOOD,VENDOR,5,37,48,77,1
27665,Poached Bluefish,FOOD,VENDOR,1,36,48,75,1
32836,Purified Shadow Pearl,GEM_CUT,TRAINER,1,7660,9280,82,1
32836,Purified Shadow Pearl,GEM_CUT,TRAINER,1,7353,9280,79,1
32836,Purified Shadow Pearl,GEM_CUT,TRAINER,1,7279,9280,78,1
32836,Purified Shadow Pearl,GEM_CUT,TRAINER,1,6987,9280,75,1
32836,Purified Shadow Pearl,GEM_CUT,TRAINER,1,7660,9280,82,1
32836,Purified Shadow Pearl,GEM_CUT,TRAINER,1,7353,9280,79,1
32836,Purified Shadow Pearl,GEM_CUT,TRAINER,1,7279,9280,78,1
32836,Purified Shadow Pearl,GEM_CUT,TRAINER,1,6987,9280,75,1
32836,Purified Shadow Pearl,GEM_CUT,TRAINER,1,7660,9280,82,1
32836,Purified Shadow Pearl,GEM_CUT,TRAINER,1,7353,9280,79,1
32836,Purified Shadow Pearl,GEM_CUT,TRAINER,1,7279,9280,78,1
32836,Purified Shadow Pearl,GEM_CUT,TRAINER,1,6987,9280,75,1
32836,Purified Shadow Pearl,GEM_CUT,TRAINER,1,7660,9280,82,1
32836,Purified Shadow Pearl,GEM_CUT,TRAINER,1,7353,9280,79,1
32836,Purified Shadow Pearl,GEM_CUT,TRAINER,1,7279,9280,78,1
10056,Orange Mageweave Shirt,GEAR,TRAINER,1,4849,6998,69,1
10056,Orange Mageweave Shirt,GEAR,TRAINER,1,4655,6998,66,1
10056,Orange Mageweave Shirt,GEAR,TRAINER,1,4849,6998,69,1
10056,Orange Mageweave Shirt,GEAR,TRAINER,1,4655,6998,66,1
10056,Orange Mageweave Shirt,GEAR,TRAINER,1,4849,6998,69,1
10056,Orange Mageweave Shirt,GEAR,TRAINER,1,4655,6998,66,1
10056,Orange Mageweave Shirt,GEAR,TRAINER,1,4849,6998,69,1
10056,Orange Mageweave Shirt,GEAR,TRAINER,1,4655,6998,66,1
21845,Primal Mooncloth,INTERMEDIATE,VENDOR,5,44518,64001,69,1
4339,Bolt of Mageweave,INTERMEDIATE,TRAINER,1,5885,5050,116,0
4339,Bolt of Mageweave,INTERMEDIATE,TRAINER,4,5767,5050,114,0
9060,Inlaid Mithril Cylinder,INTERMEDIATE,UNSOURCED,8,27613,15410,179,0
9060,Inlaid Mithril Cylinder,INTERMEDIATE,UNSOURCED,7,27060,15410,175,0
23518,Felsteel Leggings,GEAR,DROP,1,5,8,62,1
23518,Felsteel Leggings,GEAR,DROP,1,4,8,50,1
23518,Felsteel Leggings,GEAR,DROP,1,5,8,62,1
23518,Felsteel Leggings,GEAR,DROP,1,4,8,50,1
23518,Felsteel Leggings,GEAR,DROP,1,5,8,62,1
23518,Felsteel Leggings,GEAR,DROP,1,4,8,50,1
23518,Felsteel Leggings,GEAR,DROP,1,5,8,62,1
23518,Felsteel Leggings,GEAR,DROP,1,4,8,50,1
13460,Greater Holy Protection Potion,ELIXIR_POT,UNSOURCED,5,7458,3432,217,0
13460,Greater Holy Protection Potion,ELIXIR_POT,UNSOURCED,15,7159,3432,208,0
23787,Felsteel Stabilizer,INTERMEDIATE,TRAINER,1,1,2,50,1
23787,Felsteel Stabilizer,INTERMEDIATE,TRAINER,9,1,2,50,1
32836,Purified Shadow Pearl,GEM_CUT,TRAINER,1,7210,9280,77,1
32836,Purified Shadow Pearl,GEM_CUT,TRAINER,1,6993,9280,75,1
32836,Purified Shadow Pearl,GEM_CUT,TRAINER,1,6643,9280,71,1
32836,Purified Shadow Pearl,GEM_CUT,TRAINER,1,7210,9280,77,1
32836,Purified Shadow Pearl,GEM_CUT,TRAINER,1,6993,9280,75,1
32836,Purified Shadow Pearl,GEM_CUT,TRAINER,1,6643,9280,71,1
32836,Purified Shadow Pearl,GEM_CUT,TRAINER,1,7210,9280,77,1
32836,Purified Shadow Pearl,GEM_CUT,TRAINER,1,6993,9280,75,1
9224,Elixir of Demonslaying,ELIXIR_POT,VENDOR,9,4284,3045,140,0
8544,Mageweave Bandage,MISC,TRAINER,14,751,1010,74,1
44958,Ethereal Oil,INTERMEDIATE,TRAINER,2,82,96,85,1
44958,Ethereal Oil,INTERMEDIATE,TRAINER,6,79,96,82,1
24271,Spellcloth,INTERMEDIATE,VENDOR,1,92263,64001,144,0
24271,Spellcloth,INTERMEDIATE,VENDOR,9,88572,64001,138,0
23526,Swiftsteel Gloves,GEAR,DROP,1,295957,176008,168,0
31080,Mercurial Stone,GEAR,TRAINER,1,101232,96000,105,0
12644,Dense Grinding Stone,INTERMEDIATE,TRAINER,5,6410,5760,111,0
12644,Dense Grinding Stone,INTERMEDIATE,TRAINER,6,6153,5760,106,0
3576,Tin Bar,INTERMEDIATE,TRAINER,9,110,107,102,0
3576,Tin Bar,INTERMEDIATE,TRAINER,6,107,107,100,0
22448,Small Prismatic Shard,INTERMEDIATE,TRAINER,14,1,0,0,1
22448,Small Prismatic Shard,INTERMEDIATE,TRAINER,4,1,0,0,1
22853,Flask of Mighty Restoration,FLASK,UNSOURCED,5,136656,45000,303,0
22853,Flask of Mighty Restoration,FLASK,UNSOURCED,5,132556,45000,294,0
22448,Small Prismatic Shard,INTERMEDIATE,TRAINER,15,1,0,0,1
14048,Bolt of Runecloth,INTERMEDIATE,TRAINER,15,11710,11880,98,1
22573,Mote of Earth,INTERMEDIATE,TRAINER,10,3864,3200,120,0
22573,Mote of Earth,INTERMEDIATE,TRAINER,10,3709,3200,115,0
22573,Mote of Earth,INTERMEDIATE,TRAINER,10,3523,3200,110,0
22573,Mote of Earth,INTERMEDIATE,TRAINER,10,3864,3200,120,0
22573,Mote of Earth,INTERMEDIATE,TRAINER,10,3709,3200,115,0
22573,Mote of Earth,INTERMEDIATE,TRAINER,10,3523,3200,110,0
22573,Mote of Earth,INTERMEDIATE,TRAINER,10,3864,3200,120,0
22573,Mote of Earth,INTERMEDIATE,TRAINER,10,3709,3200,115,0
22573,Mote of Earth,INTERMEDIATE,TRAINER,3,3523,3200,110,0
22573,Mote of Earth,INTERMEDIATE,TRAINER,7,3864,3200,120,0
25679,Comfortable Insoles,MISC,VENDOR,10,7875,10000,78,1
25679,Comfortable Insoles,MISC,VENDOR,4,7796,10000,77,1
23785,Hardened Adamantite Tube,INTERMEDIATE,TRAINER,3,1,3,33,1
23785,Hardened Adamantite Tube,INTERMEDIATE,TRAINER,4,1,3,33,1
13512,Flask of Supreme Power,FLASK,DROP,5,16802,11430,146,0
13512,Flask of Supreme Power,FLASK,DROP,5,16465,11430,144,0
13512,Flask of Supreme Power,FLASK,DROP,2,15641,11430,136,0
14048,Bolt of Runecloth,INTERMEDIATE,TRAINER,10,14243,11880,119,0
23787,Felsteel Stabilizer,INTERMEDIATE,TRAINER,3,1,2,50,1
23787,Felsteel Stabilizer,INTERMEDIATE,TRAINER,4,1,2,50,1
32836,Purified Shadow Pearl,GEM_CUT,TRAINER,1,7850,9280,84,1
32836,Purified Shadow Pearl,GEM_CUT,TRAINER,1,7771,9280,83,1
32836,Purified Shadow Pearl,GEM_CUT,TRAINER,1,7693,9280,82,1
32836,Purified Shadow Pearl,GEM_CUT,TRAINER,1,7616,9280,82,1
32836,Purified Shadow Pearl,GEM_CUT,TRAINER,1,7850,9280,84,1
32836,Purified Shadow Pearl,GEM_CUT,TRAINER,1,7771,9280,83,1
22448,Small Prismatic Shard,INTERMEDIATE,TRAINER,20,1,0,0,1
22448,Small Prismatic Shard,INTERMEDIATE,TRAINER,8,1,0,0,1
22448,Small Prismatic Shard,INTERMEDIATE,TRAINER,8,1,0,0,1
22246,Enchanted Mageweave Pouch,BAG,VENDOR,1,46296,43512,106,0
22246,Enchanted Mageweave Pouch,BAG,VENDOR,1,45833,43512,105,0
24270,Bag of Jewels,BAG,VENDOR,1,18873,20006,94,1
24270,Bag of Jewels,BAG,VENDOR,1,18306,20006,91,1
24270,Bag of Jewels,BAG,VENDOR,1,18873,20006,94,1
24270,Bag of Jewels,BAG,VENDOR,1,18306,20006,91,1
24270,Bag of Jewels,BAG,VENDOR,1,18873,20006,94,1
24270,Bag of Jewels,BAG,VENDOR,1,18306,20006,91,1
24270,Bag of Jewels,BAG,VENDOR,1,18873,20006,94,1
24270,Bag of Jewels,BAG,VENDOR,1,18306,20006,91,1
24270,Bag of Jewels,BAG,VENDOR,1,18873,20006,94,1
24270,Bag of Jewels,BAG,VENDOR,1,18306,20006,91,1
24270,Bag of Jewels,BAG,VENDOR,1,18873,20006,94,1
24270,Bag of Jewels,BAG,VENDOR,1,18306,20006,91,1
24270,Bag of Jewels,BAG,VENDOR,1,18873,20006,94,1
24270,Bag of Jewels,BAG,VENDOR,1,18306,20006,91,1
24270,Bag of Jewels,BAG,VENDOR,1,17444,20006,87,1
24270,Bag of Jewels,BAG,VENDOR,1,17095,20006,85,1
24270,Bag of Jewels,BAG,VENDOR,1,16753,20006,83,1
24270,Bag of Jewels,BAG,VENDOR,1,17444,20006,87,1
24270,Bag of Jewels,BAG,VENDOR,1,17095,20006,85,1
24270,Bag of Jewels,BAG,VENDOR,1,16753,20006,83,1
24270,Bag of Jewels,BAG,VENDOR,1,17444,20006,87,1
24270,Bag of Jewels,BAG,VENDOR,1,17095,20006,85,1
24270,Bag of Jewels,BAG,VENDOR,1,16753,20006,83,1
24270,Bag of Jewels,BAG,VENDOR,1,17444,20006,87,1
24270,Bag of Jewels,BAG,VENDOR,1,17095,20006,85,1
24270,Bag of Jewels,BAG,VENDOR,1,16753,20006,83,1
24270,Bag of Jewels,BAG,VENDOR,1,17444,20006,87,1
24270,Bag of Jewels,BAG,VENDOR,1,17095,20006,85,1
23533,Steelgrip Gauntlets,GEAR,DROP,1,2769649,1040010,266,0
29540,Reinforced Mining Bag,BAG,VENDOR,1,296236,278000,106,0
29540,Reinforced Mining Bag,BAG,VENDOR,1,290311,278000,104,0
22448,Small Prismatic Shard,INTERMEDIATE,TRAINER,20,1,0,0,1
22448,Small Prismatic Shard,INTERMEDIATE,TRAINER,20,1,0,0,1
22448,Small Prismatic Shard,INTERMEDIATE,TRAINER,5,1,0,0,1
44958,Ethereal Oil,INTERMEDIATE,TRAINER,4,88,96,91,1
44958,Ethereal Oil,INTERMEDIATE,TRAINER,7,86,96,89,1
22448,Small Prismatic Shard,INTERMEDIATE,TRAINER,20,1,0,0,1
22448,Small Prismatic Shard,INTERMEDIATE,TRAINER,20,1,0,0,1
22448,Small Prismatic Shard,INTERMEDIATE,TRAINER,2,1,0,0,1
22448,Small Prismatic Shard,INTERMEDIATE,TRAINER,3,1,0,0,1
10008,White Bandit Mask,GEAR,DROP,1,4336,6023,71,1
10008,White Bandit Mask,GEAR,DROP,1,4119,6023,68,1
10008,White Bandit Mask,GEAR,DROP,1,3913,6023,64,1
10008,White Bandit Mask,GEAR,DROP,1,4336,6023,71,1
10008,White Bandit Mask,GEAR,DROP,1,4119,6023,68,1
10008,White Bandit Mask,GEAR,DROP,1,3913,6023,64,1
10008,White Bandit Mask,GEAR,DROP,1,4336,6023,71,1
10008,White Bandit Mask,GEAR,DROP,1,4119,6023,68,1
10008,White Bandit Mask,GEAR,DROP,1,3913,6023,64,1
10008,White Bandit Mask,GEAR,DROP,1,4336,6023,71,1
10008,White Bandit Mask,GEAR,DROP,1,4119,6023,68,1
10008,White Bandit Mask,GEAR,DROP,1,3913,6023,64,1
10008,White Bandit Mask,GEAR,DROP,1,4336,6023,71,1
10008,White Bandit Mask,GEAR,DROP,1,4119,6023,68,1
10008,White Bandit Mask,GEAR,DROP,1,3913,6023,64,1
44958,Ethereal Oil,INTERMEDIATE,TRAINER,13,69,96,71,1
44958,Ethereal Oil,INTERMEDIATE,TRAINER,2,67,96,69,1
22761,Bramblewood Belt,GEAR,VENDOR,1,16537,22849,72,1
22761,Bramblewood Belt,GEAR,VENDOR,1,15875,22849,69,1
22761,Bramblewood Belt,GEAR,VENDOR,1,15557,22849,68,1
22761,Bramblewood Belt,GEAR,VENDOR,1,16537,22849,72,1
22761,Bramblewood Belt,GEAR,VENDOR,1,15875,22849,69,1
42420,Shadow Crystal Focusing Lens,MISC,TRAINER,1,23750,20000,118,0
24268,Netherweave Net,MISC,TRAINER,20,4737,7200,65,1
24268,Netherweave Net,MISC,TRAINER,8,4594,7200,63,1
25659,Scaled Draenic Boots,GEAR,TRAINER,1,77004,90000,85,1
25659,Scaled Draenic Boots,GEAR,TRAINER,1,73923,90000,82,1
25659,Scaled Draenic Boots,GEAR,TRAINER,1,77004,90000,85,1
25659,Scaled Draenic Boots,GEAR,TRAINER,1,73923,90000,82,1
25659,Scaled Draenic Boots,GEAR,TRAINER,1,77004,90000,85,1
25659,Scaled Draenic Boots,GEAR,TRAINER,1,73923,90000,82,1
25659,Scaled Draenic Boots,GEAR,TRAINER,1,77004,90000,85,1
25659,Scaled Draenic Boots,GEAR,TRAINER,1,73923,90000,82,1
25659,Scaled Draenic Boots,GEAR,TRAINER,1,77004,90000,85,1
25659,Scaled Draenic Boots,GEAR,TRAINER,1,73923,90000,82,1
25659,Scaled Draenic Boots,GEAR,TRAINER,1,77004,90000,85,1
25659,Scaled Draenic Boots,GEAR,TRAINER,1,73923,90000,82,1
25659,Scaled Draenic Boots,GEAR,TRAINER,1,77004,90000,85,1
25659,Scaled Draenic Boots,GEAR,TRAINER,1,73923,90000,82,1
25659,Scaled Draenic Boots,GEAR,TRAINER,1,77004,90000,85,1
31080,Mercurial Stone,GEAR,TRAINER,1,114912,96000,119,0
31080,Mercurial Stone,GEAR,TRAINER,1,112613,96000,117,0
23509,Enchanted Adamantite Breastplate,GEAR,VENDOR,1,124532,100268,124,0
21341,Felcloth Bag,BAG,UNSOURCED,1,406130,199240,203,0
21341,Felcloth Bag,BAG,UNSOURCED,1,398007,199240,199,0
21872,Ebon Shadowbag,BAG,VENDOR,1,565488,408000,138,0
21872,Ebon Shadowbag,BAG,VENDOR,1,542868,408000,133,0
21872,Ebon Shadowbag,BAG,VENDOR,1,526581,408000,129,0
13512,Flask of Supreme Power,FLASK,DROP,20,24418,11430,213,0
13512,Flask of Supreme Power,FLASK,DROP,8,23441,11430,205,0
10050,Mageweave Bag,BAG,TRAINER,1,20352,16992,119,0
10050,Mageweave Bag,BAG,TRAINER,1,19741,16992,116,0
22448,Small Prismatic Shard,INTERMEDIATE,TRAINER,20,1,0,0,1
22448,Small Prismatic Shard,INTERMEDIATE,TRAINER,1,1,0,0,1
22448,Small Prismatic Shard,INTERMEDIATE,TRAINER,3,1,0,0,1
23785,Hardened Adamantite Tube,INTERMEDIATE,TRAINER,9,2,3,66,1
23785,Hardened Adamantite Tube,INTERMEDIATE,TRAINER,3,1,3,33,1
24270,Bag of Jewels,BAG,VENDOR,1,14204,20006,70,1
24270,Bag of Jewels,BAG,VENDOR,1,13493,20006,67,1
24270,Bag of Jewels,BAG,VENDOR,1,13358,20006,66,1
24270,Bag of Jewels,BAG,VENDOR,1,12690,20006,63,1
24270,Bag of Jewels,BAG,VENDOR,1,14204,20006,70,1
24270,Bag of Jewels,BAG,VENDOR,1,13493,20006,67,1
24270,Bag of Jewels,BAG,VENDOR,1,13358,20006,66,1
24270,Bag of Jewels,BAG,VENDOR,1,12690,20006,63,1
24270,Bag of Jewels,BAG,VENDOR,1,14204,20006,70,1
24270,Bag of Jewels,BAG,VENDOR,1,13493,20006,67,1
24270,Bag of Jewels,BAG,VENDOR,1,13358,20006,66,1
24270,Bag of Jewels,BAG,VENDOR,1,12690,20006,63,1
24270,Bag of Jewels,BAG,VENDOR,1,14204,20006,70,1
24270,Bag of Jewels,BAG,VENDOR,1,13493,20006,67,1
24270,Bag of Jewels,BAG,VENDOR,1,13358,20006,66,1
40169,Forceful Eye of Zul,GEM_CUT,VENDOR,1,346500,250000,138,0
13513,Flask of Chromatic Resistance,FLASK,DROP,18,63483,20250,313,0
23785,Hardened Adamantite Tube,INTERMEDIATE,TRAINER,1,2,3,66,1
23785,Hardened Adamantite Tube,INTERMEDIATE,TRAINER,12,1,3,33,1
44958,Ethereal Oil,INTERMEDIATE,TRAINER,9,74,96,77,1
44958,Ethereal Oil,INTERMEDIATE,TRAINER,1,71,96,73,1
3470,Rough Grinding Stone,INTERMEDIATE,TRAINER,10,25,24,104,0
25901,Insightful Earthstorm Diamond,GEM_CUT,VENDOR,1,436500,360000,121,0
25901,Insightful Earthstorm Diamond,GEM_CUT,VENDOR,1,423405,360000,117,0
22448,Small Prismatic Shard,INTERMEDIATE,TRAINER,20,1,0,0,1
22448,Small Prismatic Shard,INTERMEDIATE,TRAINER,7,1,0,0,1
22448,Small Prismatic Shard,INTERMEDIATE,TRAINER,3,1,0,0,1
23446,Adamantite Bar,INTERMEDIATE,TRAINER,7,20534,18000,114,0
23446,Adamantite Bar,INTERMEDIATE,TRAINER,2,20328,18000,112,0
21861,Imbued Netherweave Robe,GEAR,VENDOR,1,54948,65006,84,1
21861,Imbued Netherweave Robe,GEAR,VENDOR,1,52750,65006,81,1
21861,Imbued Netherweave Robe,GEAR,VENDOR,1,50640,65006,77,1
21861,Imbued Netherweave Robe,GEAR,VENDOR,1,48614,65006,74,1
21861,Imbued Netherweave Robe,GEAR,VENDOR,1,54948,65006,84,1
21861,Imbued Netherweave Robe,GEAR,VENDOR,1,52750,65006,81,1
21861,Imbued Netherweave Robe,GEAR,VENDOR,1,50640,65006,77,1
21861,Imbued Netherweave Robe,GEAR,VENDOR,1,48614,65006,74,1
21861,Imbued Netherweave Robe,GEAR,VENDOR,1,54948,65006,84,1
21861,Imbued Netherweave Robe,GEAR,VENDOR,1,52750,65006,81,1
21861,Imbued Netherweave Robe,GEAR,VENDOR,1,50640,65006,77,1
21861,Imbued Netherweave Robe,GEAR,VENDOR,1,48614,65006,74,1
21861,Imbued Netherweave Robe,GEAR,VENDOR,1,54948,65006,84,1
21861,Imbued Netherweave Robe,GEAR,VENDOR,1,52750,65006,81,1
21861,Imbued Netherweave Robe,GEAR,VENDOR,1,50640,65006,77,1
24268,Netherweave Net,MISC,TRAINER,14,6868,7200,95,1
10050,Mageweave Bag,BAG,TRAINER,1,19228,16992,113,0
10050,Mageweave Bag,BAG,TRAINER,1,18266,16992,107,0
22448,Small Prismatic Shard,INTERMEDIATE,TRAINER,20,1,0,0,1
22448,Small Prismatic Shard,INTERMEDIATE,TRAINER,11,1,0,0,1
22448,Small Prismatic Shard,INTERMEDIATE,TRAINER,8,1,0,0,1
44958,Ethereal Oil,INTERMEDIATE,TRAINER,5,77,96,80,1
44958,Ethereal Oil,INTERMEDIATE,TRAINER,6,73,96,76,1
33093,Mana Potion Injector,ELIXIR_POT,DROP,20,23664,14400,164,0
33093,Mana Potion Injector,ELIXIR_POT,DROP,5,22717,14400,157,0
33093,Mana Potion Injector,ELIXIR_POT,DROP,20,22262,14400,154,0
33093,Mana Potion Injector,ELIXIR_POT,DROP,5,21371,14400,148,0
33093,Mana Potion Injector,ELIXIR_POT,DROP,20,23664,14400,164,0
33093,Mana Potion Injector,ELIXIR_POT,DROP,20,22717,14400,157,0
33093,Mana Potion Injector,ELIXIR_POT,DROP,5,22262,14400,154,0
33093,Mana Potion Injector,ELIXIR_POT,DROP,20,21371,14400,148,0
33093,Mana Potion Injector,ELIXIR_POT,DROP,5,23664,14400,164,0
33093,Mana Potion Injector,ELIXIR_POT,DROP,20,22717,14400,157,0
33093,Mana Potion Injector,ELIXIR_POT,DROP,20,22262,14400,154,0
33093,Mana Potion Injector,ELIXIR_POT,DROP,20,21371,14400,148,0
33093,Mana Potion Injector,ELIXIR_POT,DROP,5,23664,14400,164,0
33093,Mana Potion Injector,ELIXIR_POT,DROP,15,22717,14400,157,0
21844,Bolt of Soulcloth,INTERMEDIATE,VENDOR,4,184694,144000,128,0
21844,Bolt of Soulcloth,INTERMEDIATE,VENDOR,1,181000,144000,125,0
21841,Netherweave Bag,BAG,TRAINER,1,115382,101000,114,0
40195,Pygmy Oil,INTERMEDIATE,TRAINER,5,266,300,88,1
40195,Pygmy Oil,INTERMEDIATE,TRAINER,8,255,300,85,1
21841,Netherweave Bag,BAG,TRAINER,1,107464,101000,106,0
21841,Netherweave Bag,BAG,TRAINER,1,104240,101000,103,0
23094,Teardrop Blood Garnet,GEM_CUT,TRAINER,1,21400,20000,107,0
23094,Teardrop Blood Garnet,GEM_CUT,TRAINER,1,20330,20000,101,0
23094,Teardrop Blood Garnet,GEM_CUT,TRAINER,1,21400,20000,107,0
21844,Bolt of Soulcloth,INTERMEDIATE,VENDOR,1,168480,144000,117,0
21844,Bolt of Soulcloth,INTERMEDIATE,VENDOR,7,166795,144000,115,0
6037,Truesilver Bar,INTERMEDIATE,TRAINER,4,4894,4120,118,0
6037,Truesilver Bar,INTERMEDIATE,TRAINER,1,4698,4120,114,0
22448,Small Prismatic Shard,INTERMEDIATE,TRAINER,20,1,0,0,1
22448,Small Prismatic Shard,INTERMEDIATE,TRAINER,6,1,0,0,1
22448,Small Prismatic Shard,INTERMEDIATE,TRAINER,10,1,0,0,1
25845,Eternium Rod,INTERMEDIATE,VENDOR,1,95904,80000,119,0
25845,Eternium Rod,INTERMEDIATE,VENDOR,1,93985,80000,117,0
25845,Eternium Rod,INTERMEDIATE,VENDOR,1,95904,80000,119,0
25845,Eternium Rod,INTERMEDIATE,VENDOR,1,93985,80000,117,0
25845,Eternium Rod,INTERMEDIATE,VENDOR,1,95904,80000,119,0
25845,Eternium Rod,INTERMEDIATE,VENDOR,1,93985,80000,117,0
25845,Eternium Rod,INTERMEDIATE,VENDOR,1,95904,80000,119,0
25845,Eternium Rod,INTERMEDIATE,VENDOR,1,93985,80000,117,0
25845,Eternium Rod,INTERMEDIATE,VENDOR,1,95904,80000,119,0
25845,Eternium Rod,INTERMEDIATE,VENDOR,1,93985,80000,117,0
25845,Eternium Rod,INTERMEDIATE,VENDOR,1,95904,80000,119,0
25845,Eternium Rod,INTERMEDIATE,VENDOR,1,93985,80000,117,0
25845,Eternium Rod,INTERMEDIATE,VENDOR,1,95904,80000,119,0
23531,Felfury Gauntlets,GEAR,DROP,1,1054338,656010,160,0
33093,Mana Potion Injector,ELIXIR_POT,DROP,5,40046,14400,278,0
33093,Mana Potion Injector,ELIXIR_POT,DROP,5,38844,14400,269,0
33093,Mana Potion Injector,ELIXIR_POT,DROP,5,36901,14400,256,0
33093,Mana Potion Injector,ELIXIR_POT,DROP,5,40046,14400,278,0
33093,Mana Potion Injector,ELIXIR_POT,DROP,20,38844,14400,269,0
33093,Mana Potion Injector,ELIXIR_POT,DROP,5,36901,14400,256,0
33093,Mana Potion Injector,ELIXIR_POT,DROP,20,40046,14400,278,0
33093,Mana Potion Injector,ELIXIR_POT,DROP,20,38844,14400,269,0
33093,Mana Potion Injector,ELIXIR_POT,DROP,5,36901,14400,256,0
33093,Mana Potion Injector,ELIXIR_POT,DROP,5,40046,14400,278,0
33093,Mana Potion Injector,ELIXIR_POT,DROP,5,38844,14400,269,0
33093,Mana Potion Injector,ELIXIR_POT,DROP,20,36901,14400,256,0
33093,Mana Potion Injector,ELIXIR_POT,DROP,5,40046,14400,278,0
33093,Mana Potion Injector,ELIXIR_POT,DROP,20,38844,14400,269,0
33093,Mana Potion Injector,ELIXIR_POT,DROP,5,36901,14400,256,0
33093,Mana Potion Injector,ELIXIR_POT,DROP,5,40046,14400,278,0
33093,Mana Potion Injector,ELIXIR_POT,DROP,20,38844,14400,269,0
33093,Mana Potion Injector,ELIXIR_POT,DROP,20,36901,14400,256,0
33093,Mana Potion Injector,ELIXIR_POT,DROP,5,40046,14400,278,0
33093,Mana Potion Injector,ELIXIR_POT,DROP,20,38844,14400,269,0
33093,Mana Potion Injector,ELIXIR_POT,DROP,20,36901,14400,256,0
44958,Ethereal Oil,INTERMEDIATE,TRAINER,1,78,96,81,1
44958,Ethereal Oil,INTERMEDIATE,TRAINER,8,77,96,80,1
34482,Leatherworker's Satchel,BAG,TRAINER,1,282803,245000,115,0
22574,Mote of Fire,INTERMEDIATE,TRAINER,10,3813,3200,119,0
22574,Mote of Fire,INTERMEDIATE,TRAINER,10,3622,3200,113,0
22574,Mote of Fire,INTERMEDIATE,TRAINER,10,3513,3200,109,0
22574,Mote of Fire,INTERMEDIATE,TRAINER,10,3813,3200,119,0
22574,Mote of Fire,INTERMEDIATE,TRAINER,10,3622,3200,113,0
22574,Mote of Fire,INTERMEDIATE,TRAINER,10,3513,3200,109,0
22574,Mote of Fire,INTERMEDIATE,TRAINER,10,3813,3200,119,0
22574,Mote of Fire,INTERMEDIATE,TRAINER,10,3622,3200,113,0
22574,Mote of Fire,INTERMEDIATE,TRAINER,8,3513,3200,109,0
22574,Mote of Fire,INTERMEDIATE,TRAINER,2,3813,3200,119,0
23538,Bracers of the Green Fortress,GEAR,DROP,1,1317610,720006,182,0
32851,Cauldron of Major Nature Protection,MISC,UNSOURCED,5,414120,166000,249,0
25843,Fel Iron Rod,INTERMEDIATE,TRAINER,1,78408,72000,108,0
25843,Fel Iron Rod,INTERMEDIATE,TRAINER,1,77623,72000,107,0
25843,Fel Iron Rod,INTERMEDIATE,TRAINER,1,76070,72000,105,0
25843,Fel Iron Rod,INTERMEDIATE,TRAINER,1,72266,72000,100,0
25843,Fel Iron Rod,INTERMEDIATE,TRAINER,1,78408,72000,108,0
21842,Bolt of Imbued Netherweave,INTERMEDIATE,VENDOR,1,91344,82026,111,0
21842,Bolt of Imbued Netherweave,INTERMEDIATE,VENDOR,14,87690,82026,106,0
22445,Arcane Dust,INTERMEDIATE,UNSOURCED,20,4005,5013,79,1
22445,Arcane Dust,INTERMEDIATE,UNSOURCED,6,3964,5013,79,1
22445,Arcane Dust,INTERMEDIATE,UNSOURCED,4,3924,5013,78,1
31079,Mercurial Adamantite,INTERMEDIATE,TRAINER,2,95700,86000,111,0
31079,Mercurial Adamantite,INTERMEDIATE,TRAINER,7,91872,86000,106,0
3577,Gold Bar,INTERMEDIATE,TRAINER,2,3760,3760,100,0
3577,Gold Bar,INTERMEDIATE,TRAINER,9,3760,3760,100,0
44958,Ethereal Oil,INTERMEDIATE,TRAINER,2,96,96,100,0
44958,Ethereal Oil,INTERMEDIATE,TRAINER,5,96,96,100,0
33173,Ragesteel Shoulders,GEAR,DROP,1,1041072,529000,196,0
33173,Ragesteel Shoulders,GEAR,DROP,1,1009839,529000,190,0
14155,Mooncloth Bag,BAG,DROP,1,112899,59935,188,0
14155,Mooncloth Bag,BAG,DROP,1,108383,59935,180,0
14155,Mooncloth Bag,BAG,DROP,1,106215,59935,177,0
23787,Felsteel Stabilizer,INTERMEDIATE,TRAINER,8,1,2,50,1
23787,Felsteel Stabilizer,INTERMEDIATE,TRAINER,6,1,2,50,1
24271,Spellcloth,INTERMEDIATE,VENDOR,1,84045,64001,131,0
24271,Spellcloth,INTERMEDIATE,VENDOR,13,81523,64001,127,0
22522,Superior Wizard Oil,MISC,VENDOR,1,22090,26039,84,1
22522,Superior Wizard Oil,MISC,VENDOR,1,21427,26039,82,1
22522,Superior Wizard Oil,MISC,VENDOR,1,20784,26039,79,1
22522,Superior Wizard Oil,MISC,VENDOR,1,22090,26039,84,1
22522,Superior Wizard Oil,MISC,VENDOR,1,21427,26039,82,1
22522,Superior Wizard Oil,MISC,VENDOR,1,20784,26039,79,1
22522,Superior Wizard Oil,MISC,VENDOR,1,22090,26039,84,1
22522,Superior Wizard Oil,MISC,VENDOR,1,21427,26039,82,1
32062,Elixir of Major Fortitude,ELIXIR_POT,TRAINER,19,12800,12800,100,0
32836,Purified Shadow Pearl,GEM_CUT,TRAINER,1,8217,9280,88,1
32836,Purified Shadow Pearl,GEM_CUT,TRAINER,1,7970,9280,85,1
32836,Purified Shadow Pearl,GEM_CUT,TRAINER,1,7890,9280,85,1
32836,Purified Shadow Pearl,GEM_CUT,TRAINER,1,7732,9280,83,1
32836,Purified Shadow Pearl,GEM_CUT,TRAINER,1,8217,9280,88,1
32836,Purified Shadow Pearl,GEM_CUT,TRAINER,1,7970,9280,85,1
25679,Comfortable Insoles,MISC,VENDOR,6,7938,10000,79,1
23793,Heavy Knothide Leather,INTERMEDIATE,TRAINER,1,17940,25000,71,1
23793,Heavy Knothide Leather,INTERMEDIATE,TRAINER,8,17581,25000,70,1
22448,Small Prismatic Shard,INTERMEDIATE,TRAINER,20,1,0,0,1
22448,Small Prismatic Shard,INTERMEDIATE,TRAINER,3,1,0,0,1
22448,Small Prismatic Shard,INTERMEDIATE,TRAINER,7,1,0,0,1
21861,Imbued Netherweave Robe,GEAR,VENDOR,1,52524,65006,80,1
21861,Imbued Netherweave Robe,GEAR,VENDOR,1,50423,65006,77,1
21861,Imbued Netherweave Robe,GEAR,VENDOR,1,47901,65006,73,1
21861,Imbued Netherweave Robe,GEAR,VENDOR,1,46942,65006,72,1
21861,Imbued Netherweave Robe,GEAR,VENDOR,1,52524,65006,80,1
21861,Imbued Netherweave Robe,GEAR,VENDOR,1,50423,65006,77,1
21861,Imbued Netherweave Robe,GEAR,VENDOR,1,47901,65006,73,1
21861,Imbued Netherweave Robe,GEAR,VENDOR,1,46942,65006,72,1
21861,Imbued Netherweave Robe,GEAR,VENDOR,1,52524,65006,80,1
24269,Heavy Netherweave Net,MISC,UNSOURCED,20,14500,14400,100,1
24269,Heavy Netherweave Net,MISC,UNSOURCED,6,13775,14400,95,1
13445,Elixir of Superior Defense,ELIXIR_POT,VENDOR,5,1553,1064,145,0
13445,Elixir of Superior Defense,ELIXIR_POT,VENDOR,10,1521,1064,142,0
44958,Ethereal Oil,INTERMEDIATE,TRAINER,5,83,96,86,1
44958,Ethereal Oil,INTERMEDIATE,TRAINER,9,81,96,84,1
23556,Hand of Eternity,GEAR,DROP,1,5877953,2456004,239,0
24268,Netherweave Net,MISC,TRAINER,20,5800,7200,80,1
24268,Netherweave Net,MISC,TRAINER,8,5626,7200,78,1
10056,Orange Mageweave Shirt,GEAR,TRAINER,1,5159,6998,73,1
10056,Orange Mageweave Shirt,GEAR,TRAINER,1,5055,6998,72,1
10056,Orange Mageweave Shirt,GEAR,TRAINER,1,5004,6998,71,1
10056,Orange Mageweave Shirt,GEAR,TRAINER,1,4903,6998,70,1
10056,Orange Mageweave Shirt,GEAR,TRAINER,1,5159,6998,73,1
10056,Orange Mageweave Shirt,GEAR,TRAINER,1,5055,6998,72,1
10056,Orange Mageweave Shirt,GEAR,TRAINER,1,5004,6998,71,1
10056,Orange Mageweave Shirt,GEAR,TRAINER,1,4903,6998,70,1
10056,Orange Mageweave Shirt,GEAR,TRAINER,1,5159,6998,73,1
10056,Orange Mageweave Shirt,GEAR,TRAINER,1,5055,6998,72,1
32836,Purified Shadow Pearl,GEM_CUT,TRAINER,1,8195,9280,88,1
32836,Purified Shadow Pearl,GEM_CUT,TRAINER,1,8113,9280,87,1
32836,Purified Shadow Pearl,GEM_CUT,TRAINER,1,7788,9280,83,1
32836,Purified Shadow Pearl,GEM_CUT,TRAINER,1,8195,9280,88,1
32836,Purified Shadow Pearl,GEM_CUT,TRAINER,1,8113,9280,87,1
32836,Purified Shadow Pearl,GEM_CUT,TRAINER,1,7788,9280,83,1
32836,Purified Shadow Pearl,GEM_CUT,TRAINER,1,8195,9280,88,1
32836,Purified Shadow Pearl,GEM_CUT,TRAINER,1,8113,9280,87,1
32836,Purified Shadow Pearl,GEM_CUT,TRAINER,1,7788,9280,83,1
32836,Purified Shadow Pearl,GEM_CUT,TRAINER,1,8195,9280,88,1
32836,Purified Shadow Pearl,GEM_CUT,TRAINER,1,8113,9280,87,1
12644,Dense Grinding Stone,INTERMEDIATE,TRAINER,3,5934,5760,103,0
12644,Dense Grinding Stone,INTERMEDIATE,TRAINER,3,5815,5760,100,0
10003,Black Mageweave Gloves,GEAR,TRAINER,1,8888,11996,74,1
10003,Black Mageweave Gloves,GEAR,TRAINER,1,8532,11996,71,1
10003,Black Mageweave Gloves,GEAR,TRAINER,1,8105,11996,67,1
10003,Black Mageweave Gloves,GEAR,TRAINER,1,7942,11996,66,1
10003,Black Mageweave Gloves,GEAR,TRAINER,1,8888,11996,74,1
10003,Black Mageweave Gloves,GEAR,TRAINER,1,8532,11996,71,1
10003,Black Mageweave Gloves,GEAR,TRAINER,1,8105,11996,67,1
10003,Black Mageweave Gloves,GEAR,TRAINER,1,7942,11996,66,1
10003,Black Mageweave Gloves,GEAR,TRAINER,1,8888,11996,74,1
10003,Black Mageweave Gloves,GEAR,TRAINER,1,8532,11996,71,1
10003,Black Mageweave Gloves,GEAR,TRAINER,1,8105,11996,67,1
42420,Shadow Crystal Focusing Lens,MISC,TRAINER,1,19344,20000,96,1
42420,Shadow Crystal Focusing Lens,MISC,TRAINER,1,18570,20000,92,1
42420,Shadow Crystal Focusing Lens,MISC,TRAINER,1,19344,20000,96,1
42420,Shadow Crystal Focusing Lens,MISC,TRAINER,1,18570,20000,92,1
42420,Shadow Crystal Focusing Lens,MISC,TRAINER,1,19344,20000,96,1
42420,Shadow Crystal Focusing Lens,MISC,TRAINER,1,18570,20000,92,1
42420,Shadow Crystal Focusing Lens,MISC,TRAINER,1,19344,20000,96,1
42420,Shadow Crystal Focusing Lens,MISC,TRAINER,1,18570,20000,92,1
42420,Shadow Crystal Focusing Lens,MISC,TRAINER,1,19344,20000,96,1
42420,Shadow Crystal Focusing Lens,MISC,TRAINER,1,18570,20000,92,1
22448,Small Prismatic Shard,INTERMEDIATE,TRAINER,20,1,0,0,1
22448,Small Prismatic Shard,INTERMEDIATE,TRAINER,20,1,0,0,1
22448,Small Prismatic Shard,INTERMEDIATE,TRAINER,1,1,0,0,1
22448,Small Prismatic Shard,INTERMEDIATE,TRAINER,1,1,0,0,1
21840,Bolt of Netherweave,INTERMEDIATE,TRAINER,4,38298,28800,132,0
21840,Bolt of Netherweave,INTERMEDIATE,TRAINER,5,36766,28800,127,0
22861,Flask of Blinding Light,FLASK,UNSOURCED,20,153426,52000,295,0
31080,Mercurial Stone,GEAR,TRAINER,1,98716,96000,102,0
31080,Mercurial Stone,GEAR,TRAINER,1,96000,96000,100,0
31080,Mercurial Stone,GEAR,TRAINER,1,96000,96000,100,0
22522,Superior Wizard Oil,MISC,VENDOR,1,23143,26039,88,1
22522,Superior Wizard Oil,MISC,VENDOR,1,22680,26039,87,1
22522,Superior Wizard Oil,MISC,VENDOR,1,23143,26039,88,1
22522,Superior Wizard Oil,MISC,VENDOR,1,22680,26039,87,1
22522,Superior Wizard Oil,MISC,VENDOR,1,23143,26039,88,1
22522,Superior Wizard Oil,MISC,VENDOR,1,22680,26039,87,1
22522,Superior Wizard Oil,MISC,VENDOR,1,23143,26039,88,1
22522,Superior Wizard Oil,MISC,VENDOR,1,22680,26039,87,1
22522,Superior Wizard Oil,MISC,VENDOR,1,23143,26039,88,1
21862,Imbued Netherweave Tunic,GEAR,VENDOR,1,55605,65006,85,1
21862,Imbued Netherweave Tunic,GEAR,VENDOR,1,53380,65006,82,1
21862,Imbued Netherweave Tunic,GEAR,VENDOR,1,50711,65006,78,1
21862,Imbued Netherweave Tunic,GEAR,VENDOR,1,48682,65006,74,1
21862,Imbued Netherweave Tunic,GEAR,VENDOR,1,55605,65006,85,1
21862,Imbued Netherweave Tunic,GEAR,VENDOR,1,53380,65006,82,1
21862,Imbued Netherweave Tunic,GEAR,VENDOR,1,50711,65006,78,1
21862,Imbued Netherweave Tunic,GEAR,VENDOR,1,48682,65006,74,1
21862,Imbued Netherweave Tunic,GEAR,VENDOR,1,55605,65006,85,1
21862,Imbued Netherweave Tunic,GEAR,VENDOR,1,53380,65006,82,1
24269,Heavy Netherweave Net,MISC,UNSOURCED,14,10834,14400,75,1
32833,Purified Jaggal Pearl,GEM_CUT,TRAINER,1,6346,9280,68,1
32833,Purified Jaggal Pearl,GEM_CUT,TRAINER,1,6092,9280,65,1
32833,Purified Jaggal Pearl,GEM_CUT,TRAINER,1,5787,9280,62,1
32833,Purified Jaggal Pearl,GEM_CUT,TRAINER,1,6346,9280,68,1
32833,Purified Jaggal Pearl,GEM_CUT,TRAINER,1,6092,9280,65,1
32833,Purified Jaggal Pearl,GEM_CUT,TRAINER,1,5787,9280,62,1
32833,Purified Jaggal Pearl,GEM_CUT,TRAINER,1,6346,9280,68,1
32833,Purified Jaggal Pearl,GEM_CUT,TRAINER,1,6092,9280,65,1
24268,Netherweave Net,MISC,TRAINER,20,5932,7200,82,1
24268,Netherweave Net,MISC,TRAINER,10,5635,7200,78,1
32836,Purified Shadow Pearl,GEM_CUT,TRAINER,1,7624,9280,82,1
32836,Purified Shadow Pearl,GEM_CUT,TRAINER,1,7242,9280,78,1
32836,Purified Shadow Pearl,GEM_CUT,TRAINER,1,7624,9280,82,1
32836,Purified Shadow Pearl,GEM_CUT,TRAINER,1,7242,9280,78,1
32836,Purified Shadow Pearl,GEM_CUT,TRAINER,1,7624,9280,82,1
32836,Purified Shadow Pearl,GEM_CUT,TRAINER,1,7242,9280,78,1
23787,Felsteel Stabilizer,INTERMEDIATE,TRAINER,3,1,2,50,1
23787,Felsteel Stabilizer,INTERMEDIATE,TRAINER,5,1,2,50,1
22448,Small Prismatic Shard,INTERMEDIATE,TRAINER,20,1,0,0,1
22448,Small Prismatic Shard,INTERMEDIATE,TRAINER,2,1,0,0,1
22448,Small Prismatic Shard,INTERMEDIATE,TRAINER,14,1,0,0,1
2460,Elixir of Tongues (NYI),ELIXIR_POT,UNSOURCED,18,929,334,278,0
22448,Small Prismatic Shard,INTERMEDIATE,TRAINER,20,1,0,0,1
22448,Small Prismatic Shard,INTERMEDIATE,TRAINER,7,1,0,0,1
23787,Felsteel Stabilizer,INTERMEDIATE,TRAINER,1,1,2,50,1
23787,Felsteel Stabilizer,INTERMEDIATE,TRAINER,9,1,2,50,1
34086,Winter Boots,GEAR,VENDOR,1,9783,13588,71,1
34086,Winter Boots,GEAR,VENDOR,1,9685,13588,71,1
34086,Winter Boots,GEAR,VENDOR,1,9297,13588,68,1
34086,Winter Boots,GEAR,VENDOR,1,9111,13588,67,1
34086,Winter Boots,GEAR,VENDOR,1,9783,13588,71,1
34086,Winter Boots,GEAR,VENDOR,1,9685,13588,71,1
34086,Winter Boots,GEAR,VENDOR,1,9297,13588,68,1
34086,Winter Boots,GEAR,VENDOR,1,9111,13588,67,1
34086,Winter Boots,GEAR,VENDOR,1,9783,13588,71,1
34086,Winter Boots,GEAR,VENDOR,1,9685,13588,71,1
34086,Winter Boots,GEAR,VENDOR,1,9297,13588,68,1
34086,Winter Boots,GEAR,VENDOR,1,9111,13588,67,1
34086,Winter Boots,GEAR,VENDOR,1,9783,13588,71,1
34086,Winter Boots,GEAR,VENDOR,1,9685,13588,71,1
23785,Hardened Adamantite Tube,INTERMEDIATE,TRAINER,4,2,3,66,1
23785,Hardened Adamantite Tube,INTERMEDIATE,TRAINER,1,1,3,33,1
14156,Bottomless Bag,BAG,DROP,1,1062044,483980,219,0
14156,Bottomless Bag,BAG,DROP,1,1030182,483980,212,0
14156,Bottomless Bag,BAG,DROP,1,1019880,483980,210,0
24272,Shadowcloth,INTERMEDIATE,VENDOR,4,75572,64001,118,0
24272,Shadowcloth,INTERMEDIATE,VENDOR,11,74060,64001,115,0
34330,Heavy Knothide Armor Kit,MISC,TRAINER,10,73027,75000,97,1
34330,Heavy Knothide Armor Kit,MISC,TRAINER,5,72296,75000,96,1
24272,Shadowcloth,INTERMEDIATE,VENDOR,1,77133,64001,120,0
24272,Shadowcloth,INTERMEDIATE,VENDOR,14,74047,64001,115,0
22574,Mote of Fire,INTERMEDIATE,TRAINER,10,4054,3200,126,0
22574,Mote of Fire,INTERMEDIATE,TRAINER,10,4013,3200,125,0
22574,Mote of Fire,INTERMEDIATE,TRAINER,10,4054,3200,126,0
22574,Mote of Fire,INTERMEDIATE,TRAINER,10,4013,3200,125,0
22574,Mote of Fire,INTERMEDIATE,TRAINER,10,4054,3200,126,0
22574,Mote of Fire,INTERMEDIATE,TRAINER,10,4013,3200,125,0
22574,Mote of Fire,INTERMEDIATE,TRAINER,10,4054,3200,126,0
22574,Mote of Fire,INTERMEDIATE,TRAINER,10,4013,3200,125,0
22574,Mote of Fire,INTERMEDIATE,TRAINER,10,4054,3200,126,0
22574,Mote of Fire,INTERMEDIATE,TRAINER,2,4013,3200,125,0
22574,Mote of Fire,INTERMEDIATE,TRAINER,8,4054,3200,126,0
23787,Felsteel Stabilizer,INTERMEDIATE,TRAINER,6,1,2,50,1
23787,Felsteel Stabilizer,INTERMEDIATE,TRAINER,4,1,2,50,1
21858,Spellfire Bag,BAG,VENDOR,1,492215,408004,120,0
21858,Spellfire Bag,BAG,VENDOR,1,472526,408004,115,0
21862,Imbued Netherweave Tunic,GEAR,VENDOR,1,59349,65006,91,1
21862,Imbued Netherweave Tunic,GEAR,VENDOR,1,57568,65006,88,1
21862,Imbued Netherweave Tunic,GEAR,VENDOR,1,56992,65006,87,1
21862,Imbued Netherweave Tunic,GEAR,VENDOR,1,55282,65006,85,1
21862,Imbued Netherweave Tunic,GEAR,VENDOR,1,59349,65006,91,1
21862,Imbued Netherweave Tunic,GEAR,VENDOR,1,57568,65006,88,1
21862,Imbued Netherweave Tunic,GEAR,VENDOR,1,56992,65006,87,1
21862,Imbued Netherweave Tunic,GEAR,VENDOR,1,55282,65006,85,1
21862,Imbued Netherweave Tunic,GEAR,VENDOR,1,59349,65006,91,1
21858,Spellfire Bag,BAG,VENDOR,1,490379,408004,120,0
21858,Spellfire Bag,BAG,VENDOR,1,485475,408004,118,0
24271,Spellcloth,INTERMEDIATE,VENDOR,2,86292,64001,134,0
24271,Spellcloth,INTERMEDIATE,VENDOR,3,85429,64001,133,0
6451,Heavy Silk Bandage,MISC,TRAINER,14,1003,1188,84,1
14529,Runecloth Bandage,MISC,TRAINER,5,2247,2376,94,1
23539,Blessed Bracers,GEAR,DROP,1,2207179,944006,233,0
23539,Blessed Bracers,GEAR,DROP,1,2096820,944006,222,0
34766,Poached Northern Sculpin,FOOD,VENDOR,5,37,49,75,1
34766,Poached Northern Sculpin,FOOD,VENDOR,7,36,49,73,1
22522,Superior Wizard Oil,MISC,VENDOR,1,22090,26039,84,1
22522,Superior Wizard Oil,MISC,VENDOR,1,21648,26039,83,1
22522,Superior Wizard Oil,MISC,VENDOR,1,22090,26039,84,1
22522,Superior Wizard Oil,MISC,VENDOR,1,21648,26039,83,1
22522,Superior Wizard Oil,MISC,VENDOR,1,22090,26039,84,1
22522,Superior Wizard Oil,MISC,VENDOR,1,21648,26039,83,1
22522,Superior Wizard Oil,MISC,VENDOR,1,22090,26039,84,1
22522,Superior Wizard Oil,MISC,VENDOR,1,21648,26039,83,1
22522,Superior Wizard Oil,MISC,VENDOR,1,22090,26039,84,1
22522,Superior Wizard Oil,MISC,VENDOR,1,21648,26039,83,1
22522,Superior Wizard Oil,MISC,VENDOR,1,22090,26039,84,1
22522,Superior Wizard Oil,MISC,VENDOR,1,21648,26039,83,1
22522,Superior Wizard Oil,MISC,VENDOR,1,22090,26039,84,1
22522,Superior Wizard Oil,MISC,VENDOR,1,21648,26039,83,1
22522,Superior Wizard Oil,MISC,VENDOR,1,22090,26039,84,1
23554,Eternium Runed Blade,GEAR,DROP,1,5348769,2296004,232,0
9060,Inlaid Mithril Cylinder,INTERMEDIATE,UNSOURCED,2,37261,15410,241,0
9060,Inlaid Mithril Cylinder,INTERMEDIATE,UNSOURCED,4,36888,15410,239,0
22866,Flask of Pure Death,FLASK,UNSOURCED,5,157575,55500,283,0
22866,Flask of Pure Death,FLASK,UNSOURCED,20,155999,55500,281,0
22866,Flask of Pure Death,FLASK,UNSOURCED,13,151319,55500,272,0
34330,Heavy Knothide Armor Kit,MISC,TRAINER,5,70447,75000,93,1
24269,Heavy Netherweave Net,MISC,UNSOURCED,20,10944,14400,76,1
24269,Heavy Netherweave Net,MISC,UNSOURCED,8,10615,14400,73,1
40195,Pygmy Oil,INTERMEDIATE,TRAINER,3,266,300,88,1
40195,Pygmy Oil,INTERMEDIATE,TRAINER,8,263,300,87,1
4339,Bolt of Mageweave,INTERMEDIATE,TRAINER,4,5492,5050,108,0
4339,Bolt of Mageweave,INTERMEDIATE,TRAINER,3,5437,5050,107,0
21845,Primal Mooncloth,INTERMEDIATE,VENDOR,5,61248,64001,95,1
21845,Primal Mooncloth,INTERMEDIATE,VENDOR,7,59410,64001,92,1
31080,Mercurial Stone,GEAR,TRAINER,1,107750,96000,112,0
31080,Mercurial Stone,GEAR,TRAINER,1,105595,96000,109,0
24270,Bag of Jewels,BAG,VENDOR,1,18054,20006,90,1
24270,Bag of Jewels,BAG,VENDOR,1,17331,20006,86,1
24270,Bag of Jewels,BAG,VENDOR,1,16637,20006,83,1
24270,Bag of Jewels,BAG,VENDOR,1,18054,20006,90,1
24270,Bag of Jewels,BAG,VENDOR,1,17331,20006,86,1
24270,Bag of Jewels,BAG,VENDOR,1,16637,20006,83,1
24270,Bag of Jewels,BAG,VENDOR,1,18054,20006,90,1
24270,Bag of Jewels,BAG,VENDOR,1,17331,20006,86,1
24270,Bag of Jewels,BAG,VENDOR,1,16637,20006,83,1
24270,Bag of Jewels,BAG,VENDOR,1,18054,20006,90,1
24270,Bag of Jewels,BAG,VENDOR,1,17331,20006,86,1
24270,Bag of Jewels,BAG,VENDOR,1,16637,20006,83,1
24270,Bag of Jewels,BAG,VENDOR,1,18054,20006,90,1
24270,Bag of Jewels,BAG,VENDOR,1,17331,20006,86,1
24270,Bag of Jewels,BAG,VENDOR,1,16637,20006,83,1
32851,Cauldron of Major Nature Protection,MISC,UNSOURCED,5,509288,166000,306,0
40039,Champion's Monarch Topaz,GEM_CUT,DROP,1,346500,150000,231,0
40039,Champion's Monarch Topaz,GEM_CUT,DROP,1,339570,150000,226,0
40039,Champion's Monarch Topaz,GEM_CUT,DROP,1,325987,150000,217,0
22251,Cenarion Herb Bag,BAG,VENDOR,1,100107,79933,125,0
24268,Netherweave Net,MISC,TRAINER,20,5758,7200,79,1
24268,Netherweave Net,MISC,TRAINER,6,5470,7200,75,1
24269,Heavy Netherweave Net,MISC,UNSOURCED,20,11721,14400,81,1
24269,Heavy Netherweave Net,MISC,UNSOURCED,4,11603,14400,80,1
22448,Small Prismatic Shard,INTERMEDIATE,TRAINER,20,1,0,0,1
22448,Small Prismatic Shard,INTERMEDIATE,TRAINER,1,1,0,0,1
22448,Small Prismatic Shard,INTERMEDIATE,TRAINER,9,1,0,0,1
3470,Rough Grinding Stone,INTERMEDIATE,TRAINER,1,31,24,129,0
3470,Rough Grinding Stone,INTERMEDIATE,TRAINER,13,30,24,125,0
23787,Felsteel Stabilizer,INTERMEDIATE,TRAINER,2,1,2,50,1
23787,Felsteel Stabilizer,INTERMEDIATE,TRAINER,6,1,2,50,1
40156,Wicked Ametrine,GEM_CUT,VENDOR,1,269100,250000,107,0
40156,Wicked Ametrine,GEM_CUT,VENDOR,1,255645,250000,102,0
40156,Wicked Ametrine,GEM_CUT,VENDOR,1,269100,250000,107,0
23785,Hardened Adamantite Tube,INTERMEDIATE,TRAINER,15,2,3,66,1
11144,Truesilver Rod,INTERMEDIATE,TRAINER,1,5988,4720,126,0
11144,Truesilver Rod,INTERMEDIATE,TRAINER,1,5928,4720,125,0
11144,Truesilver Rod,INTERMEDIATE,TRAINER,1,5809,4720,123,0
11144,Truesilver Rod,INTERMEDIATE,TRAINER,1,5576,4720,118,0
11144,Truesilver Rod,INTERMEDIATE,TRAINER,1,5988,4720,126,0
11144,Truesilver Rod,INTERMEDIATE,TRAINER,1,5928,4720,125,0
11144,Truesilver Rod,INTERMEDIATE,TRAINER,1,5809,4720,123,0
11144,Truesilver Rod,INTERMEDIATE,TRAINER,1,5576,4720,118,0
11144,Truesilver Rod,INTERMEDIATE,TRAINER,1,5988,4720,126,0
11144,Truesilver Rod,INTERMEDIATE,TRAINER,1,5928,4720,125,0
11144,Truesilver Rod,INTERMEDIATE,TRAINER,1,5809,4720,123,0
11144,Truesilver Rod,INTERMEDIATE,TRAINER,1,5576,4720,118,0
11144,Truesilver Rod,INTERMEDIATE,TRAINER,1,5988,4720,126,0
31080,Mercurial Stone,GEAR,TRAINER,1,126000,96000,131,0
31080,Mercurial Stone,GEAR,TRAINER,1,120960,96000,126,0
31080,Mercurial Stone,GEAR,TRAINER,1,117331,96000,122,0
31080,Mercurial Stone,GEAR,TRAINER,1,129888,96000,135,0
6052,Nature Protection Potion,ELIXIR_POT,VENDOR,5,1189,991,119,0
6052,Nature Protection Potion,ELIXIR_POT,VENDOR,6,1153,991,116,0
5764,Green Silk Pack,BAG,DROP,1,26257,11722,223,0
5764,Green Silk Pack,BAG,DROP,1,24944,11722,212,0
5764,Green Silk Pack,BAG,DROP,1,23946,11722,204,0
32833,Purified Jaggal Pearl,GEM_CUT,TRAINER,1,8369,9280,90,1
32833,Purified Jaggal Pearl,GEM_CUT,TRAINER,1,8117,9280,87,1
32833,Purified Jaggal Pearl,GEM_CUT,TRAINER,1,8035,9280,86,1
32833,Purified Jaggal Pearl,GEM_CUT,TRAINER,1,7874,9280,84,1
32833,Purified Jaggal Pearl,GEM_CUT,TRAINER,1,8369,9280,90,1
32833,Purified Jaggal Pearl,GEM_CUT,TRAINER,1,8117,9280,87,1
32833,Purified Jaggal Pearl,GEM_CUT,TRAINER,1,8035,9280,86,1
32833,Purified Jaggal Pearl,GEM_CUT,TRAINER,1,7874,9280,84,1
32833,Purified Jaggal Pearl,GEM_CUT,TRAINER,1,8369,9280,90,1
32833,Purified Jaggal Pearl,GEM_CUT,TRAINER,1,8117,9280,87,1
32833,Purified Jaggal Pearl,GEM_CUT,TRAINER,1,8035,9280,86,1
32833,Purified Jaggal Pearl,GEM_CUT,TRAINER,1,7874,9280,84,1
22574,Mote of Fire,INTERMEDIATE,TRAINER,10,2237,3200,69,1
22574,Mote of Fire,INTERMEDIATE,TRAINER,10,2214,3200,69,1
22574,Mote of Fire,INTERMEDIATE,TRAINER,10,2191,3200,68,1
22574,Mote of Fire,INTERMEDIATE,TRAINER,10,2237,3200,69,1
22574,Mote of Fire,INTERMEDIATE,TRAINER,10,2214,3200,69,1
22574,Mote of Fire,INTERMEDIATE,TRAINER,10,2191,3200,68,1
22574,Mote of Fire,INTERMEDIATE,TRAINER,10,2237,3200,69,1
22574,Mote of Fire,INTERMEDIATE,TRAINER,10,2214,3200,69,1
22574,Mote of Fire,INTERMEDIATE,TRAINER,10,2191,3200,68,1
22574,Mote of Fire,INTERMEDIATE,TRAINER,10,2237,3200,69,1
22574,Mote of Fire,INTERMEDIATE,TRAINER,10,2214,3200,69,1
22448,Small Prismatic Shard,INTERMEDIATE,TRAINER,20,1,0,0,1
22448,Small Prismatic Shard,INTERMEDIATE,TRAINER,1,1,0,0,1
22448,Small Prismatic Shard,INTERMEDIATE,TRAINER,3,1,0,0,1
25679,Comfortable Insoles,MISC,VENDOR,9,7668,10000,76,1
44958,Ethereal Oil,INTERMEDIATE,TRAINER,12,91,96,94,1
44958,Ethereal Oil,INTERMEDIATE,TRAINER,1,90,96,93,1
22522,Superior Wizard Oil,MISC,VENDOR,1,25778,26039,98,1
22522,Superior Wizard Oil,MISC,VENDOR,1,25262,26039,97,1
22522,Superior Wizard Oil,MISC,VENDOR,1,25778,26039,98,1
22522,Superior Wizard Oil,MISC,VENDOR,1,25262,26039,97,1
22522,Superior Wizard Oil,MISC,VENDOR,1,25778,26039,98,1
22522,Superior Wizard Oil,MISC,VENDOR,1,25262,26039,97,1
22522,Superior Wizard Oil,MISC,VENDOR,1,25778,26039,98,1
22522,Superior Wizard Oil,MISC,VENDOR,1,25262,26039,97,1
22522,Superior Wizard Oil,MISC,VENDOR,1,25778,26039,98,1
44958,Ethereal Oil,INTERMEDIATE,TRAINER,5,86,96,89,1
44958,Ethereal Oil,INTERMEDIATE,TRAINER,8,83,96,86,1
23447,Eternium Bar,INTERMEDIATE,TRAINER,2,20520,20000,102,0
23447,Eternium Bar,INTERMEDIATE,TRAINER,6,20109,20000,100,0
31863,Balanced Nightseye,GEM_CUT,DROP,1,267120,120000,222,0
31863,Balanced Nightseye,GEM_CUT,DROP,1,259106,120000,215,0
21841,Netherweave Bag,BAG,TRAINER,1,112291,101000,111,0
13506,Potion of Petrification,ELIXIR_POT,DROP,5,497,607,81,1
13506,Potion of Petrification,ELIXIR_POT,DROP,5,492,607,81,1
44958,Ethereal Oil,INTERMEDIATE,TRAINER,6,84,96,87,1
22445,Arcane Dust,INTERMEDIATE,UNSOURCED,20,3158,5013,62,1
22445,Arcane Dust,INTERMEDIATE,UNSOURCED,4,3094,5013,61,1
10050,Mageweave Bag,BAG,TRAINER,1,16992,16992,100,0
10050,Mageweave Bag,BAG,TRAINER,1,16992,16992,100,0
40181,Tense Eye of Zul,GEM_CUT,VENDOR,1,316200,250000,126,0
40181,Tense Eye of Zul,GEM_CUT,VENDOR,1,300390,250000,120,0
40181,Tense Eye of Zul,GEM_CUT,VENDOR,1,297386,250000,118,0
22861,Flask of Blinding Light,FLASK,UNSOURCED,20,104977,52000,201,0
42421,Shadow Jade Focusing Lens,MISC,TRAINER,1,27300,40000,68,1
42421,Shadow Jade Focusing Lens,MISC,TRAINER,1,26208,40000,65,1
42421,Shadow Jade Focusing Lens,MISC,TRAINER,1,25683,40000,64,1
42421,Shadow Jade Focusing Lens,MISC,TRAINER,1,24912,40000,62,1
42421,Shadow Jade Focusing Lens,MISC,TRAINER,1,27300,40000,68,1
42421,Shadow Jade Focusing Lens,MISC,TRAINER,1,26208,40000,65,1
42421,Shadow Jade Focusing Lens,MISC,TRAINER,1,25683,40000,64,1
42421,Shadow Jade Focusing Lens,MISC,TRAINER,1,24912,40000,62,1
42421,Shadow Jade Focusing Lens,MISC,TRAINER,1,27300,40000,68,1
42421,Shadow Jade Focusing Lens,MISC,TRAINER,1,26208,40000,65,1
42421,Shadow Jade Focusing Lens,MISC,TRAINER,1,25683,40000,64,1
14530,Heavy Runecloth Bandage,MISC,TRAINER,6,4229,4752,88,1
25845,Eternium Rod,INTERMEDIATE,VENDOR,1,84976,80000,106,0
25845,Eternium Rod,INTERMEDIATE,VENDOR,1,82426,80000,103,0
25845,Eternium Rod,INTERMEDIATE,VENDOR,1,84976,80000,106,0
25845,Eternium Rod,INTERMEDIATE,VENDOR,1,82426,80000,103,0
25845,Eternium Rod,INTERMEDIATE,VENDOR,1,84976,80000,106,0
25845,Eternium Rod,INTERMEDIATE,VENDOR,1,82426,80000,103,0
44958,Ethereal Oil,INTERMEDIATE,TRAINER,12,82,96,85,1
2996,Bolt of Linen Cloth,INTERMEDIATE,UNSOURCED,7,258,112,230,0
21845,Primal Mooncloth,INTERMEDIATE,VENDOR,4,82432,64001,128,0
21845,Primal Mooncloth,INTERMEDIATE,VENDOR,6,79134,64001,123,0
22448,Small Prismatic Shard,INTERMEDIATE,TRAINER,20,1,0,0,1
22448,Small Prismatic Shard,INTERMEDIATE,TRAINER,20,1,0,0,1
22448,Small Prismatic Shard,INTERMEDIATE,TRAINER,2,1,0,0,1
23787,Felsteel Stabilizer,INTERMEDIATE,TRAINER,3,1,2,50,1
23787,Felsteel Stabilizer,INTERMEDIATE,TRAINER,7,1,2,50,1
22448,Small Prismatic Shard,INTERMEDIATE,TRAINER,4,1,0,0,1
22448,Small Prismatic Shard,INTERMEDIATE,TRAINER,14,1,0,0,1
32836,Purified Shadow Pearl,GEM_CUT,TRAINER,1,7767,9280,83,1
32836,Purified Shadow Pearl,GEM_CUT,TRAINER,1,7689,9280,82,1
32836,Purified Shadow Pearl,GEM_CUT,TRAINER,1,7612,9280,82,1
32836,Purified Shadow Pearl,GEM_CUT,TRAINER,1,7535,9280,81,1
32836,Purified Shadow Pearl,GEM_CUT,TRAINER,1,7767,9280,83,1
32836,Purified Shadow Pearl,GEM_CUT,TRAINER,1,7689,9280,82,1
32836,Purified Shadow Pearl,GEM_CUT,TRAINER,1,7612,9280,82,1
32836,Purified Shadow Pearl,GEM_CUT,TRAINER,1,7535,9280,81,1
32836,Purified Shadow Pearl,GEM_CUT,TRAINER,1,7767,9280,83,1
21845,Primal Mooncloth,INTERMEDIATE,VENDOR,2,66176,64001,103,0
21845,Primal Mooncloth,INTERMEDIATE,VENDOR,4,65514,64001,102,0
44958,Ethereal Oil,INTERMEDIATE,TRAINER,1,74,96,77,1
44958,Ethereal Oil,INTERMEDIATE,TRAINER,4,71,96,73,1
23785,Hardened Adamantite Tube,INTERMEDIATE,TRAINER,1,2,3,66,1
23785,Hardened Adamantite Tube,INTERMEDIATE,TRAINER,5,1,3,33,1
23787,Felsteel Stabilizer,INTERMEDIATE,TRAINER,3,1,2,50,1
23787,Felsteel Stabilizer,INTERMEDIATE,TRAINER,11,1,2,50,1
24268,Netherweave Net,MISC,TRAINER,20,6336,7200,88,1
24268,Netherweave Net,MISC,TRAINER,2,6082,7200,84,1
5764,Green Silk Pack,BAG,DROP,1,22129,11722,188,0
25679,Comfortable Insoles,MISC,VENDOR,6,9785,10000,97,1
11371,Dark Iron Bar,INTERMEDIATE,UNSOURCED,2,46540,23040,201,0
11371,Dark Iron Bar,INTERMEDIATE,UNSOURCED,5,45609,23040,197,0
8170,Rugged Leather,INTERMEDIATE,TRAINER,3,8642,7128,121,0
8170,Rugged Leather,INTERMEDIATE,TRAINER,9,8469,7128,118,0
12359,Thorium Bar,INTERMEDIATE,TRAINER,2,1205,1545,77,1
12359,Thorium Bar,INTERMEDIATE,TRAINER,8,1168,1545,75,1
44958,Ethereal Oil,INTERMEDIATE,TRAINER,3,76,96,79,1
44958,Ethereal Oil,INTERMEDIATE,TRAINER,11,73,96,76,1
21861,Imbued Netherweave Robe,GEAR,VENDOR,1,42318,65006,65,1
21861,Imbued Netherweave Robe,GEAR,VENDOR,1,41471,65006,63,1
21861,Imbued Netherweave Robe,GEAR,VENDOR,1,39812,65006,61,1
21861,Imbued Netherweave Robe,GEAR,VENDOR,1,42318,65006,65,1
21861,Imbued Netherweave Robe,GEAR,VENDOR,1,41471,65006,63,1
21861,Imbued Netherweave Robe,GEAR,VENDOR,1,39812,65006,61,1
2841,Bronze Bar,INTERMEDIATE,TRAINER,20,62,62,100,0
2841,Bronze Bar,INTERMEDIATE,TRAINER,3,62,62,100,0
2841,Bronze Bar,INTERMEDIATE,TRAINER,3,62,62,100,0
21862,Imbued Netherweave Tunic,GEAR,VENDOR,1,57568,65006,88,1
21862,Imbued Netherweave Tunic,GEAR,VENDOR,1,55265,65006,85,1
21862,Imbued Netherweave Tunic,GEAR,VENDOR,1,57568,65006,88,1
21862,Imbued Netherweave Tunic,GEAR,VENDOR,1,55265,65006,85,1
21862,Imbued Netherweave Tunic,GEAR,VENDOR,1,57568,65006,88,1
21862,Imbued Netherweave Tunic,GEAR,VENDOR,1,55265,65006,85,1
21862,Imbued Netherweave Tunic,GEAR,VENDOR,1,57568,65006,88,1
40154,Durable Ametrine,GEM_CUT,VENDOR,1,307125,250000,122,0
40154,Durable Ametrine,GEM_CUT,VENDOR,1,291768,250000,116,0
22448,Small Prismatic Shard,INTERMEDIATE,TRAINER,20,1,0,0,1
22448,Small Prismatic Shard,INTERMEDIATE,TRAINER,6,1,0,0,1
22448,Small Prismatic Shard,INTERMEDIATE,TRAINER,4,1,0,0,1
21876,Primal Mooncloth Bag,BAG,VENDOR,1,640432,504000,127,0
21876,Primal Mooncloth Bag,BAG,VENDOR,1,614814,504000,121,0
2996,Bolt of Linen Cloth,INTERMEDIATE,UNSOURCED,4,179,112,159,0
2996,Bolt of Linen Cloth,INTERMEDIATE,UNSOURCED,2,170,112,151,0
44958,Ethereal Oil,INTERMEDIATE,TRAINER,2,81,96,84,1
44958,Ethereal Oil,INTERMEDIATE,TRAINER,5,80,96,83,1
22866,Flask of Pure Death,FLASK,UNSOURCED,20,137612,55500,247,0
22866,Flask of Pure Death,FLASK,UNSOURCED,5,130731,55500,235,0
22866,Flask of Pure Death,FLASK,UNSOURCED,3,128116,55500,230,0
21861,Imbued Netherweave Robe,GEAR,VENDOR,1,50216,65006,77,1
21861,Imbued Netherweave Robe,GEAR,VENDOR,1,49211,65006,75,1
21861,Imbued Netherweave Robe,GEAR,VENDOR,1,47242,65006,72,1
21861,Imbued Netherweave Robe,GEAR,VENDOR,1,50216,65006,77,1
21861,Imbued Netherweave Robe,GEAR,VENDOR,1,49211,65006,75,1
21861,Imbued Netherweave Robe,GEAR,VENDOR,1,47242,65006,72,1
21861,Imbued Netherweave Robe,GEAR,VENDOR,1,50216,65006,77,1
17771,Elementium Bar,MISC,DROP,2,4867480,2472560,196,0
21887,Knothide Leather,INTERMEDIATE,TRAINER,4,5472,7500,72,1
21887,Knothide Leather,INTERMEDIATE,TRAINER,5,5417,7500,72,1
23519,Felsteel Helm,GEAR,DROP,1,5,8,62,1
23519,Felsteel Helm,GEAR,DROP,1,4,8,50,1
23519,Felsteel Helm,GEAR,DROP,1,4,8,50,1
23519,Felsteel Helm,GEAR,DROP,1,4,8,50,1
23519,Felsteel Helm,GEAR,DROP,1,5,8,62,1
23519,Felsteel Helm,GEAR,DROP,1,4,8,50,1
23519,Felsteel Helm,GEAR,DROP,1,4,8,50,1
23519,Felsteel Helm,GEAR,DROP,1,4,8,50,1
23519,Felsteel Helm,GEAR,DROP,1,5,8,62,1
23519,Felsteel Helm,GEAR,DROP,1,4,8,50,1
23519,Felsteel Helm,GEAR,DROP,1,4,8,50,1
23519,Felsteel Helm,GEAR,DROP,1,4,8,50,1
23519,Felsteel Helm,GEAR,DROP,1,5,8,62,1
24089,Blazing Eternium Band,GEAR,DROP,1,1116569,512000,218,0
24089,Blazing Eternium Band,GEAR,DROP,1,1083071,512000,211,0
24089,Blazing Eternium Band,GEAR,DROP,1,1116569,512000,218,0
44958,Ethereal Oil,INTERMEDIATE,TRAINER,8,87,96,90,1
44958,Ethereal Oil,INTERMEDIATE,TRAINER,4,84,96,87,1
7966,Solid Grinding Stone,INTERMEDIATE,TRAINER,9,2973,2352,126,0
7966,Solid Grinding Stone,INTERMEDIATE,TRAINER,1,2854,2352,121,0
22445,Arcane Dust,INTERMEDIATE,UNSOURCED,20,3879,5013,77,1
22445,Arcane Dust,INTERMEDIATE,UNSOURCED,4,3840,5013,76,1
22445,Arcane Dust,INTERMEDIATE,UNSOURCED,6,3801,5013,75,1
5966,Guardian Gloves,GEAR,TRAINER,1,3231,4183,77,1
5966,Guardian Gloves,GEAR,TRAINER,1,3134,4183,74,1
5966,Guardian Gloves,GEAR,TRAINER,1,3008,4183,71,1
5966,Guardian Gloves,GEAR,TRAINER,1,3231,4183,77,1
5966,Guardian Gloves,GEAR,TRAINER,1,3134,4183,74,1
5966,Guardian Gloves,GEAR,TRAINER,1,3008,4183,71,1
5966,Guardian Gloves,GEAR,TRAINER,1,3231,4183,77,1
5966,Guardian Gloves,GEAR,TRAINER,1,3134,4183,74,1
5966,Guardian Gloves,GEAR,TRAINER,1,3008,4183,71,1
5966,Guardian Gloves,GEAR,TRAINER,1,3231,4183,77,1
13506,Potion of Petrification,ELIXIR_POT,DROP,5,482,607,79,1
13506,Potion of Petrification,ELIXIR_POT,DROP,5,477,607,78,1
23785,Hardened Adamantite Tube,INTERMEDIATE,TRAINER,7,2,3,66,1
40179,Energized Eye of Zul,GEM_CUT,VENDOR,1,376050,250000,150,0
22445,Arcane Dust,INTERMEDIATE,UNSOURCED,20,3449,5013,68,1
22445,Arcane Dust,INTERMEDIATE,UNSOURCED,2,3380,5013,67,1
22445,Arcane Dust,INTERMEDIATE,UNSOURCED,11,3449,5013,68,1
22448,Small Prismatic Shard,INTERMEDIATE,TRAINER,7,1,0,0,1
22448,Small Prismatic Shard,INTERMEDIATE,TRAINER,8,1,0,0,1
14048,Bolt of Runecloth,INTERMEDIATE,TRAINER,3,10198,11880,85,1
14048,Bolt of Runecloth,INTERMEDIATE,TRAINER,11,9688,11880,81,1
23793,Heavy Knothide Leather,INTERMEDIATE,TRAINER,8,19347,25000,77,1
23793,Heavy Knothide Leather,INTERMEDIATE,TRAINER,3,18960,25000,75,1
24270,Bag of Jewels,BAG,VENDOR,1,15004,20006,74,1
24270,Bag of Jewels,BAG,VENDOR,1,14703,20006,73,1
24270,Bag of Jewels,BAG,VENDOR,1,14114,20006,70,1
24270,Bag of Jewels,BAG,VENDOR,1,13831,20006,69,1
24270,Bag of Jewels,BAG,VENDOR,1,15004,20006,74,1
24270,Bag of Jewels,BAG,VENDOR,1,14703,20006,73,1
24270,Bag of Jewels,BAG,VENDOR,1,14114,20006,70,1
24270,Bag of Jewels,BAG,VENDOR,1,13831,20006,69,1
24270,Bag of Jewels,BAG,VENDOR,1,15004,20006,74,1
8172,Cured Thick Hide,INTERMEDIATE,TRAINER,1,3350,4545,73,1
8172,Cured Thick Hide,INTERMEDIATE,TRAINER,14,3216,4545,70,1
40101,Tense Forest Emerald,GEM_CUT,VENDOR,1,176130,150000,117,0
40159,Stark Ametrine,GEM_CUT,VENDOR,1,333375,250000,133,0
40159,Stark Ametrine,GEM_CUT,VENDOR,1,316706,250000,126,0
40159,Stark Ametrine,GEM_CUT,VENDOR,1,307204,250000,122,0
21340,Soul Pouch,BAG,VENDOR,1,80886,80078,101,0
14048,Bolt of Runecloth,INTERMEDIATE,TRAINER,2,15028,11880,126,0
14048,Bolt of Runecloth,INTERMEDIATE,TRAINER,4,14276,11880,120,0
24270,Bag of Jewels,BAG,VENDOR,1,17060,20006,85,1
24270,Bag of Jewels,BAG,VENDOR,1,16377,20006,81,1
24270,Bag of Jewels,BAG,VENDOR,1,15558,20006,77,1
24270,Bag of Jewels,BAG,VENDOR,1,17060,20006,85,1
24270,Bag of Jewels,BAG,VENDOR,1,16377,20006,81,1
24270,Bag of Jewels,BAG,VENDOR,1,15558,20006,77,1
24270,Bag of Jewels,BAG,VENDOR,1,17060,20006,85,1
24270,Bag of Jewels,BAG,VENDOR,1,16377,20006,81,1
24270,Bag of Jewels,BAG,VENDOR,1,15558,20006,77,1
24270,Bag of Jewels,BAG,VENDOR,1,17060,20006,85,1
24270,Bag of Jewels,BAG,VENDOR,1,16377,20006,81,1
24270,Bag of Jewels,BAG,VENDOR,1,15558,20006,77,1
24270,Bag of Jewels,BAG,VENDOR,1,17060,20006,85,1
24270,Bag of Jewels,BAG,VENDOR,1,16377,20006,81,1
44958,Ethereal Oil,INTERMEDIATE,TRAINER,2,71,96,73,1
44958,Ethereal Oil,INTERMEDIATE,TRAINER,3,68,96,70,1
16206,Arcanite Rod,INTERMEDIATE,TRAINER,1,135033,123600,109,0
16206,Arcanite Rod,INTERMEDIATE,TRAINER,1,128281,123600,103,0
16206,Arcanite Rod,INTERMEDIATE,TRAINER,1,135033,123600,109,0
16206,Arcanite Rod,INTERMEDIATE,TRAINER,1,128281,123600,103,0
16206,Arcanite Rod,INTERMEDIATE,TRAINER,1,135033,123600,109,0
16206,Arcanite Rod,INTERMEDIATE,TRAINER,1,128281,123600,103,0
16206,Arcanite Rod,INTERMEDIATE,TRAINER,1,135033,123600,109,0
16206,Arcanite Rod,INTERMEDIATE,TRAINER,1,128281,123600,103,0
16206,Arcanite Rod,INTERMEDIATE,TRAINER,1,135033,123600,109,0
16206,Arcanite Rod,INTERMEDIATE,TRAINER,1,128281,123600,103,0
40195,Pygmy Oil,INTERMEDIATE,TRAINER,14,242,300,80,1
13510,Flask of the Titans,FLASK,DROP,5,30043,16860,178,0
13510,Flask of the Titans,FLASK,DROP,5,29141,16860,172,0
13510,Flask of the Titans,FLASK,DROP,5,28266,16860,167,0
13510,Flask of the Titans,FLASK,DROP,13,27418,16860,162,0
24272,Shadowcloth,INTERMEDIATE,VENDOR,2,84231,64001,131,0
24272,Shadowcloth,INTERMEDIATE,VENDOR,5,80019,64001,125,0
3860,Mithril Bar,INTERMEDIATE,TRAINER,4,1919,1545,124,0
3860,Mithril Bar,INTERMEDIATE,TRAINER,3,1823,1545,117,0
24272,Shadowcloth,INTERMEDIATE,VENDOR,2,66663,64001,104,0
24272,Shadowcloth,INTERMEDIATE,VENDOR,13,65329,64001,102,0
22448,Small Prismatic Shard,INTERMEDIATE,TRAINER,20,1,0,0,1
22448,Small Prismatic Shard,INTERMEDIATE,TRAINER,20,1,0,0,1
22448,Small Prismatic Shard,INTERMEDIATE,TRAINER,1,1,0,0,1
22448,Small Prismatic Shard,INTERMEDIATE,TRAINER,1,1,0,0,1
25650,Knothide Armor Kit,MISC,TRAINER,10,15800,20000,79,1
25650,Knothide Armor Kit,MISC,TRAINER,1,15484,20000,77,1
29529,Drums of Battle,MISC,VENDOR,1,146561,162000,90,1
29529,Drums of Battle,MISC,VENDOR,1,140698,162000,86,1
29529,Drums of Battle,MISC,VENDOR,1,146561,162000,90,1
29529,Drums of Battle,MISC,VENDOR,1,140698,162000,86,1
29529,Drums of Battle,MISC,VENDOR,1,146561,162000,90,1
29529,Drums of Battle,MISC,VENDOR,1,140698,162000,86,1
29529,Drums of Battle,MISC,VENDOR,1,146561,162000,90,1
29529,Drums of Battle,MISC,VENDOR,1,140698,162000,86,1
29529,Drums of Battle,MISC,VENDOR,1,146561,162000,90,1
29529,Drums of Battle,MISC,VENDOR,1,140698,162000,86,1
14156,Bottomless Bag,BAG,DROP,1,952762,483980,196,0
21861,Imbued Netherweave Robe,GEAR,VENDOR,1,49813,65006,76,1
21861,Imbued Netherweave Robe,GEAR,VENDOR,1,48318,65006,74,1
21861,Imbued Netherweave Robe,GEAR,VENDOR,1,45902,65006,70,1
21861,Imbued Netherweave Robe,GEAR,VENDOR,1,49813,65006,76,1
21861,Imbued Netherweave Robe,GEAR,VENDOR,1,48318,65006,74,1
21861,Imbued Netherweave Robe,GEAR,VENDOR,1,45902,65006,70,1
21861,Imbued Netherweave Robe,GEAR,VENDOR,1,49813,65006,76,1
3470,Rough Grinding Stone,INTERMEDIATE,TRAINER,9,24,24,100,0
3470,Rough Grinding Stone,INTERMEDIATE,TRAINER,1,24,24,100,0
24268,Netherweave Net,MISC,TRAINER,12,5961,7200,82,1
24270,Bag of Jewels,BAG,VENDOR,1,18485,20006,92,1
24270,Bag of Jewels,BAG,VENDOR,1,18300,20006,91,1
24270,Bag of Jewels,BAG,VENDOR,1,17934,20006,89,1
24270,Bag of Jewels,BAG,VENDOR,1,18485,20006,92,1
24270,Bag of Jewels,BAG,VENDOR,1,18300,20006,91,1
24270,Bag of Jewels,BAG,VENDOR,1,17934,20006,89,1
24270,Bag of Jewels,BAG,VENDOR,1,18485,20006,92,1
33092,Healing Potion Injector,ELIXIR_POT,DROP,5,35629,18400,193,0
33092,Healing Potion Injector,ELIXIR_POT,DROP,20,34203,18400,185,0
33092,Healing Potion Injector,ELIXIR_POT,DROP,5,32492,18400,176,0
33092,Healing Potion Injector,ELIXIR_POT,DROP,20,31842,18400,173,0
33092,Healing Potion Injector,ELIXIR_POT,DROP,20,35629,18400,193,0
33092,Healing Potion Injector,ELIXIR_POT,DROP,20,34203,18400,185,0
33092,Healing Potion Injector,ELIXIR_POT,DROP,5,32492,18400,176,0
33092,Healing Potion Injector,ELIXIR_POT,DROP,5,31842,18400,173,0
33092,Healing Potion Injector,ELIXIR_POT,DROP,5,35629,18400,193,0
33092,Healing Potion Injector,ELIXIR_POT,DROP,20,34203,18400,185,0
33092,Healing Potion Injector,ELIXIR_POT,DROP,15,32492,18400,176,0
20963,Mithril Filigree,INTERMEDIATE,TRAINER,7,3361,3012,111,0
20963,Mithril Filigree,INTERMEDIATE,TRAINER,3,3327,3012,110,0
14048,Bolt of Runecloth,INTERMEDIATE,TRAINER,3,11880,11880,100,0
14048,Bolt of Runecloth,INTERMEDIATE,TRAINER,10,11880,11880,100,0
35707,Regal Nightseye,GEM_CUT,VENDOR,1,144720,120000,120,0
20963,Mithril Filigree,INTERMEDIATE,TRAINER,2,3674,3012,121,0
20963,Mithril Filigree,INTERMEDIATE,TRAINER,10,3527,3012,117,0
44958,Ethereal Oil,INTERMEDIATE,TRAINER,2,99,96,103,0
44958,Ethereal Oil,INTERMEDIATE,TRAINER,7,96,96,100,0
14342,Mooncloth,INTERMEDIATE,VENDOR,3,14178,15200,93,1
14342,Mooncloth,INTERMEDIATE,VENDOR,2,14036,15200,92,1
32221,Veiled Pyrestone,GEM_CUT,DROP,1,378975,250000,151,0
32221,Veiled Pyrestone,GEM_CUT,DROP,1,371395,250000,148,0
32221,Veiled Pyrestone,GEM_CUT,DROP,1,378975,250000,151,0
4305,Bolt of Silk Cloth,INTERMEDIATE,TRAINER,7,2822,2376,118,0
24272,Shadowcloth,INTERMEDIATE,VENDOR,1,80487,64001,125,0
24272,Shadowcloth,INTERMEDIATE,VENDOR,5,78072,64001,121,0
2842,Silver Bar,INTERMEDIATE,TRAINER,2,391,303,129,0
2842,Silver Bar,INTERMEDIATE,TRAINER,4,371,303,122,0
21845,Primal Mooncloth,INTERMEDIATE,VENDOR,8,69696,64001,108,0
21845,Primal Mooncloth,INTERMEDIATE,VENDOR,1,66211,64001,103,0
23787,Felsteel Stabilizer,INTERMEDIATE,TRAINER,3,1,2,50,1
23787,Felsteel Stabilizer,INTERMEDIATE,TRAINER,6,1,2,50,1
6338,Silver Rod,INTERMEDIATE,TRAINER,1,398,335,118,0
6338,Silver Rod,INTERMEDIATE,TRAINER,1,390,335,116,0
6338,Silver Rod,INTERMEDIATE,TRAINER,1,374,335,111,0
6338,Silver Rod,INTERMEDIATE,TRAINER,1,355,335,105,0
6338,Silver Rod,INTERMEDIATE,TRAINER,1,398,335,118,0
6338,Silver Rod,INTERMEDIATE,TRAINER,1,390,335,116,0
6338,Silver Rod,INTERMEDIATE,TRAINER,1,374,335,111,0
6338,Silver Rod,INTERMEDIATE,TRAINER,1,355,335,105,0
6338,Silver Rod,INTERMEDIATE,TRAINER,1,398,335,118,0
6338,Silver Rod,INTERMEDIATE,TRAINER,1,390,335,116,0
6338,Silver Rod,INTERMEDIATE,TRAINER,1,374,335,111,0
22449,Large Prismatic Shard,INTERMEDIATE,VENDOR,12,211464,240000,88,1
22449,Large Prismatic Shard,INTERMEDIATE,VENDOR,6,203005,240000,84,1
40015,Thick Autumn's Glow,GEM_CUT,DROP,1,403275,150000,268,0
22448,Small Prismatic Shard,INTERMEDIATE,TRAINER,20,1,0,0,1
22448,Small Prismatic Shard,INTERMEDIATE,TRAINER,2,1,0,0,1
22448,Small Prismatic Shard,INTERMEDIATE,TRAINER,2,1,0,0,1
40009,Sparkling Sky Sapphire,GEM_CUT,TRAINER,1,161460,150000,107,0
40009,Sparkling Sky Sapphire,GEM_CUT,TRAINER,1,155001,150000,103,0
32833,Purified Jaggal Pearl,GEM_CUT,TRAINER,1,7660,9280,82,1
32833,Purified Jaggal Pearl,GEM_CUT,TRAINER,1,7506,9280,80,1
32833,Purified Jaggal Pearl,GEM_CUT,TRAINER,1,7205,9280,77,1
32833,Purified Jaggal Pearl,GEM_CUT,TRAINER,1,7660,9280,82,1
32833,Purified Jaggal Pearl,GEM_CUT,TRAINER,1,7506,9280,80,1
32833,Purified Jaggal Pearl,GEM_CUT,TRAINER,1,7205,9280,77,1
32833,Purified Jaggal Pearl,GEM_CUT,TRAINER,1,7660,9280,82,1
32833,Purified Jaggal Pearl,GEM_CUT,TRAINER,1,7506,9280,80,1
32833,Purified Jaggal Pearl,GEM_CUT,TRAINER,1,7205,9280,77,1
32833,Purified Jaggal Pearl,GEM_CUT,TRAINER,1,7660,9280,82,1
32833,Purified Jaggal Pearl,GEM_CUT,TRAINER,1,7506,9280,80,1
32833,Purified Jaggal Pearl,GEM_CUT,TRAINER,1,7205,9280,77,1
32833,Purified Jaggal Pearl,GEM_CUT,TRAINER,1,7660,9280,82,1
44958,Ethereal Oil,INTERMEDIATE,TRAINER,14,92,96,95,1
40195,Pygmy Oil,INTERMEDIATE,TRAINER,6,209,300,69,1
40195,Pygmy Oil,INTERMEDIATE,TRAINER,3,200,300,66,1
21862,Imbued Netherweave Tunic,GEAR,VENDOR,1,60936,65006,93,1
21862,Imbued Netherweave Tunic,GEAR,VENDOR,1,59107,65006,90,1
21862,Imbued Netherweave Tunic,GEAR,VENDOR,1,57333,65006,88,1
21862,Imbued Netherweave Tunic,GEAR,VENDOR,1,60936,65006,93,1
21862,Imbued Netherweave Tunic,GEAR,VENDOR,1,59107,65006,90,1
21862,Imbued Netherweave Tunic,GEAR,VENDOR,1,57333,65006,88,1
21862,Imbued Netherweave Tunic,GEAR,VENDOR,1,60936,65006,93,1
21862,Imbued Netherweave Tunic,GEAR,VENDOR,1,59107,65006,90,1
21862,Imbued Netherweave Tunic,GEAR,VENDOR,1,57333,65006,88,1
21862,Imbued Netherweave Tunic,GEAR,VENDOR,1,60936,65006,93,1
21862,Imbued Netherweave Tunic,GEAR,VENDOR,1,59107,65006,90,1
23787,Felsteel Stabilizer,INTERMEDIATE,TRAINER,8,1,2,50,1
23787,Felsteel Stabilizer,INTERMEDIATE,TRAINER,5,1,2,50,1
25650,Knothide Armor Kit,MISC,TRAINER,5,13650,20000,68,1
21862,Imbued Netherweave Tunic,GEAR,VENDOR,1,55020,65006,84,1
21862,Imbued Netherweave Tunic,GEAR,VENDOR,1,53919,65006,82,1
21862,Imbued Netherweave Tunic,GEAR,VENDOR,1,55020,65006,84,1
21862,Imbued Netherweave Tunic,GEAR,VENDOR,1,53919,65006,82,1
21862,Imbued Netherweave Tunic,GEAR,VENDOR,1,55020,65006,84,1
21862,Imbued Netherweave Tunic,GEAR,VENDOR,1,53919,65006,82,1
21862,Imbued Netherweave Tunic,GEAR,VENDOR,1,55020,65006,84,1
21862,Imbued Netherweave Tunic,GEAR,VENDOR,1,53919,65006,82,1
21862,Imbued Netherweave Tunic,GEAR,VENDOR,1,55020,65006,84,1
13930,Filet of Redgill,FOOD,VENDOR,10,30,24,125,0
23785,Hardened Adamantite Tube,INTERMEDIATE,TRAINER,4,2,3,66,1
23785,Hardened Adamantite Tube,INTERMEDIATE,TRAINER,3,1,3,33,1
28104,Elixir of Mastery,ELIXIR_POT,TRAINER,5,14940,14000,106,0
28104,Elixir of Mastery,ELIXIR_POT,TRAINER,13,14491,14000,103,0
22249,Big Bag of Enchantment,BAG,DROP,1,820812,568430,144,0
23785,Hardened Adamantite Tube,INTERMEDIATE,TRAINER,2,2,3,66,1
23785,Hardened Adamantite Tube,INTERMEDIATE,TRAINER,5,1,3,33,1
29532,Drums of Panic,MISC,VENDOR,1,228000,250000,91,1
29532,Drums of Panic,MISC,VENDOR,1,216600,250000,86,1
29532,Drums of Panic,MISC,VENDOR,1,207936,250000,83,1
29532,Drums of Panic,MISC,VENDOR,1,228000,250000,91,1
29532,Drums of Panic,MISC,VENDOR,1,216600,250000,86,1
29532,Drums of Panic,MISC,VENDOR,1,207936,250000,83,1
29532,Drums of Panic,MISC,VENDOR,1,228000,250000,91,1
29532,Drums of Panic,MISC,VENDOR,1,216600,250000,86,1
29532,Drums of Panic,MISC,VENDOR,1,207936,250000,83,1
29532,Drums of Panic,MISC,VENDOR,1,228000,250000,91,1
29532,Drums of Panic,MISC,VENDOR,1,216600,250000,86,1
29532,Drums of Panic,MISC,VENDOR,1,207936,250000,83,1
29532,Drums of Panic,MISC,VENDOR,1,228000,250000,91,1
29532,Drums of Panic,MISC,VENDOR,1,216600,250000,86,1
29532,Drums of Panic,MISC,VENDOR,1,207936,250000,83,1
14048,Bolt of Runecloth,INTERMEDIATE,TRAINER,7,13828,11880,116,0
14048,Bolt of Runecloth,INTERMEDIATE,TRAINER,8,13136,11880,110,0
40195,Pygmy Oil,INTERMEDIATE,TRAINER,8,303,300,101,1
40195,Pygmy Oil,INTERMEDIATE,TRAINER,3,299,300,99,1
13506,Potion of Petrification,ELIXIR_POT,DROP,12,488,607,80,1
23785,Hardened Adamantite Tube,INTERMEDIATE,TRAINER,9,2,3,66,1
23785,Hardened Adamantite Tube,INTERMEDIATE,TRAINER,4,1,3,33,1
32836,Purified Shadow Pearl,GEM_CUT,TRAINER,1,8065,9280,86,1
32836,Purified Shadow Pearl,GEM_CUT,TRAINER,1,7823,9280,84,1
32836,Purified Shadow Pearl,GEM_CUT,TRAINER,1,8065,9280,86,1
32836,Purified Shadow Pearl,GEM_CUT,TRAINER,1,7823,9280,84,1
32836,Purified Shadow Pearl,GEM_CUT,TRAINER,1,8065,9280,86,1
32836,Purified Shadow Pearl,GEM_CUT,TRAINER,1,7823,9280,84,1
32836,Purified Shadow Pearl,GEM_CUT,TRAINER,1,8065,9280,86,1
32836,Purified Shadow Pearl,GEM_CUT,TRAINER,1,7823,9280,84,1
32836,Purified Shadow Pearl,GEM_CUT,TRAINER,1,8065,9280,86,1
32836,Purified Shadow Pearl,GEM_CUT,TRAINER,1,7823,9280,84,1
32836,Purified Shadow Pearl,GEM_CUT,TRAINER,1,8065,9280,86,1
22448,Small Prismatic Shard,INTERMEDIATE,TRAINER,20,1,0,0,1
22448,Small Prismatic Shard,INTERMEDIATE,TRAINER,1,1,0,0,1
23787,Felsteel Stabilizer,INTERMEDIATE,TRAINER,4,1,2,50,1
23787,Felsteel Stabilizer,INTERMEDIATE,TRAINER,7,1,2,50,1
22445,Arcane Dust,INTERMEDIATE,UNSOURCED,20,3770,5013,75,1
22445,Arcane Dust,INTERMEDIATE,UNSOURCED,18,3656,5013,72,1
22445,Arcane Dust,INTERMEDIATE,UNSOURCED,1,3509,5013,69,1
23445,Fel Iron Bar,INTERMEDIATE,TRAINER,2,10490,12000,87,1
23445,Fel Iron Bar,INTERMEDIATE,TRAINER,9,9965,12000,83,1
21862,Imbued Netherweave Tunic,GEAR,VENDOR,1,56827,65006,87,1
21862,Imbued Netherweave Tunic,GEAR,VENDOR,1,56258,65006,86,1
21862,Imbued Netherweave Tunic,GEAR,VENDOR,1,56827,65006,87,1
21862,Imbued Netherweave Tunic,GEAR,VENDOR,1,56258,65006,86,1
21862,Imbued Netherweave Tunic,GEAR,VENDOR,1,56827,65006,87,1
21862,Imbued Netherweave Tunic,GEAR,VENDOR,1,56258,65006,86,1
21862,Imbued Netherweave Tunic,GEAR,VENDOR,1,56827,65006,87,1
21862,Imbued Netherweave Tunic,GEAR,VENDOR,1,56258,65006,86,1
21862,Imbued Netherweave Tunic,GEAR,VENDOR,1,56827,65006,87,1
21862,Imbued Netherweave Tunic,GEAR,VENDOR,1,56258,65006,86,1
21862,Imbued Netherweave Tunic,GEAR,VENDOR,1,56827,65006,87,1
21862,Imbued Netherweave Tunic,GEAR,VENDOR,1,56258,65006,86,1
21862,Imbued Netherweave Tunic,GEAR,VENDOR,1,56827,65006,87,1
21862,Imbued Netherweave Tunic,GEAR,VENDOR,1,56258,65006,86,1
6371,Fire Oil,INTERMEDIATE,TRAINER,11,66,64,103,0
6371,Fire Oil,INTERMEDIATE,TRAINER,2,64,64,100,0
23793,Heavy Knothide Leather,INTERMEDIATE,TRAINER,4,19525,25000,78,1
23793,Heavy Knothide Leather,INTERMEDIATE,TRAINER,2,18744,25000,74,1
21341,Felcloth Bag,BAG,UNSOURCED,1,333527,199240,167,0
21341,Felcloth Bag,BAG,UNSOURCED,1,330191,199240,165,0
21341,Felcloth Bag,BAG,UNSOURCED,1,333527,199240,167,0
33093,Mana Potion Injector,ELIXIR_POT,DROP,20,30974,14400,215,0
33093,Mana Potion Injector,ELIXIR_POT,DROP,5,30354,14400,210,0
33093,Mana Potion Injector,ELIXIR_POT,DROP,5,30974,14400,215,0
33093,Mana Potion Injector,ELIXIR_POT,DROP,20,30354,14400,210,0
33093,Mana Potion Injector,ELIXIR_POT,DROP,20,30974,14400,215,0
33093,Mana Potion Injector,ELIXIR_POT,DROP,20,30354,14400,210,0
33093,Mana Potion Injector,ELIXIR_POT,DROP,5,30974,14400,215,0
33093,Mana Potion Injector,ELIXIR_POT,DROP,5,30354,14400,210,0
33093,Mana Potion Injector,ELIXIR_POT,DROP,5,30974,14400,215,0
33093,Mana Potion Injector,ELIXIR_POT,DROP,5,30354,14400,210,0
33093,Mana Potion Injector,ELIXIR_POT,DROP,20,30974,14400,215,0
33093,Mana Potion Injector,ELIXIR_POT,DROP,20,30354,14400,210,0
33093,Mana Potion Injector,ELIXIR_POT,DROP,5,30974,14400,215,0
33093,Mana Potion Injector,ELIXIR_POT,DROP,20,30354,14400,210,0
33093,Mana Potion Injector,ELIXIR_POT,DROP,5,30974,14400,215,0
33093,Mana Potion Injector,ELIXIR_POT,DROP,20,30354,14400,210,0
33093,Mana Potion Injector,ELIXIR_POT,DROP,20,30974,14400,215,0
33093,Mana Potion Injector,ELIXIR_POT,DROP,20,30354,14400,210,0
33093,Mana Potion Injector,ELIXIR_POT,DROP,5,30974,14400,215,0
33093,Mana Potion Injector,ELIXIR_POT,DROP,20,30354,14400,210,0
33093,Mana Potion Injector,ELIXIR_POT,DROP,5,30974,14400,215,0
33093,Mana Potion Injector,ELIXIR_POT,DROP,20,30354,14400,210,0
33093,Mana Potion Injector,ELIXIR_POT,DROP,20,30974,14400,215,0
33093,Mana Potion Injector,ELIXIR_POT,DROP,5,30354,14400,210,0
33093,Mana Potion Injector,ELIXIR_POT,DROP,20,30974,14400,215,0
33093,Mana Potion Injector,ELIXIR_POT,DROP,5,30354,14400,210,0
33093,Mana Potion Injector,ELIXIR_POT,DROP,20,30974,14400,215,0
33093,Mana Potion Injector,ELIXIR_POT,DROP,5,30354,14400,210,0
33093,Mana Potion Injector,ELIXIR_POT,DROP,15,30974,14400,215,0
5763,Red Woolen Bag,BAG,VENDOR,1,2718,1782,152,0
14048,Bolt of Runecloth,INTERMEDIATE,TRAINER,2,15592,11880,131,0
14048,Bolt of Runecloth,INTERMEDIATE,TRAINER,6,15436,11880,129,0
22836,Major Dreamless Sleep Potion,ELIXIR_POT,VENDOR,5,18500,13000,142,0
22836,Major Dreamless Sleep Potion,ELIXIR_POT,VENDOR,3,18130,13000,139,0
10051,Red Mageweave Bag,BAG,TRAINER,1,22305,20092,111,0
10051,Red Mageweave Bag,BAG,TRAINER,1,21412,20092,106,0
2997,Bolt of Woolen Cloth,INTERMEDIATE,TRAINER,3,430,408,105,0
2997,Bolt of Woolen Cloth,INTERMEDIATE,TRAINER,2,412,408,100,0
23787,Felsteel Stabilizer,INTERMEDIATE,TRAINER,13,1,2,50,1
23787,Felsteel Stabilizer,INTERMEDIATE,TRAINER,2,1,2,50,1
13513,Flask of Chromatic Resistance,FLASK,DROP,5,55932,20250,276,0
13513,Flask of Chromatic Resistance,FLASK,DROP,11,55372,20250,273,0
21340,Soul Pouch,BAG,VENDOR,1,84561,80078,105,0
21340,Soul Pouch,BAG,VENDOR,1,82869,80078,103,0
21340,Soul Pouch,BAG,VENDOR,1,81211,80078,101,0
44958,Ethereal Oil,INTERMEDIATE,TRAINER,1,86,96,89,1
44958,Ethereal Oil,INTERMEDIATE,TRAINER,11,82,96,85,1
23448,Felsteel Bar,INTERMEDIATE,TRAINER,7,81365,76000,107,0
23448,Felsteel Bar,INTERMEDIATE,TRAINER,4,77296,76000,101,0
22448,Small Prismatic Shard,INTERMEDIATE,TRAINER,5,1,0,0,1
22448,Small Prismatic Shard,INTERMEDIATE,TRAINER,10,1,0,0,1
24272,Shadowcloth,INTERMEDIATE,VENDOR,1,85050,64001,132,0
24272,Shadowcloth,INTERMEDIATE,VENDOR,7,84199,64001,131,0
44958,Ethereal Oil,INTERMEDIATE,TRAINER,3,85,96,88,1
44958,Ethereal Oil,INTERMEDIATE,TRAINER,2,81,96,84,1
23447,Eternium Bar,INTERMEDIATE,TRAINER,1,22310,20000,111,0
23447,Eternium Bar,INTERMEDIATE,TRAINER,8,22086,20000,110,0
22522,Superior Wizard Oil,MISC,VENDOR,1,22309,26039,85,1
22522,Superior Wizard Oil,MISC,VENDOR,1,21862,26039,83,1
22522,Superior Wizard Oil,MISC,VENDOR,1,22309,26039,85,1
22522,Superior Wizard Oil,MISC,VENDOR,1,21862,26039,83,1
22522,Superior Wizard Oil,MISC,VENDOR,1,22309,26039,85,1
22522,Superior Wizard Oil,MISC,VENDOR,1,21862,26039,83,1
22522,Superior Wizard Oil,MISC,VENDOR,1,22309,26039,85,1
22522,Superior Wizard Oil,MISC,VENDOR,1,21862,26039,83,1
6371,Fire Oil,INTERMEDIATE,TRAINER,12,78,64,121,0
6371,Fire Oil,INTERMEDIATE,TRAINER,1,75,64,117,0
24080,Khorium Band of Frost,GEAR,DROP,1,1329120,520000,255,0
24080,Khorium Band of Frost,GEAR,DROP,1,1262664,520000,242,0
24080,Khorium Band of Frost,GEAR,DROP,1,1212157,520000,233,0
44958,Ethereal Oil,INTERMEDIATE,TRAINER,9,95,96,98,1
44958,Ethereal Oil,INTERMEDIATE,TRAINER,6,90,96,93,1
2458,Elixir of Minor Fortitude,ELIXIR_POT,TRAINER,5,230,207,111,0
2458,Elixir of Minor Fortitude,ELIXIR_POT,TRAINER,11,223,207,107,0
24263,Battlecast Pants,GEAR,DROP,1,3493817,1616012,216,0
24263,Battlecast Pants,GEAR,DROP,1,3458878,1616012,214,0
24270,Bag of Jewels,BAG,VENDOR,1,15124,20006,75,1
24270,Bag of Jewels,BAG,VENDOR,1,14972,20006,74,1
24270,Bag of Jewels,BAG,VENDOR,1,14672,20006,73,1
24270,Bag of Jewels,BAG,VENDOR,1,15124,20006,75,1
24270,Bag of Jewels,BAG,VENDOR,1,14972,20006,74,1
24270,Bag of Jewels,BAG,VENDOR,1,14672,20006,73,1
24270,Bag of Jewels,BAG,VENDOR,1,15124,20006,75,1
24270,Bag of Jewels,BAG,VENDOR,1,14972,20006,74,1
24270,Bag of Jewels,BAG,VENDOR,1,14672,20006,73,1
24270,Bag of Jewels,BAG,VENDOR,1,15124,20006,75,1
24270,Bag of Jewels,BAG,VENDOR,1,14972,20006,74,1
24270,Bag of Jewels,BAG,VENDOR,1,14672,20006,73,1
24268,Netherweave Net,MISC,TRAINER,20,5598,7200,77,1
24268,Netherweave Net,MISC,TRAINER,6,5318,7200,73,1
24269,Heavy Netherweave Net,MISC,UNSOURCED,16,10693,14400,74,1
21845,Primal Mooncloth,INTERMEDIATE,VENDOR,6,89709,64001,140,0
21845,Primal Mooncloth,INTERMEDIATE,VENDOR,6,86120,64001,134,0
4305,Bolt of Silk Cloth,INTERMEDIATE,TRAINER,5,2456,2376,103,0
4305,Bolt of Silk Cloth,INTERMEDIATE,TRAINER,1,2382,2376,100,0
22448,Small Prismatic Shard,INTERMEDIATE,TRAINER,20,1,0,0,1
22448,Small Prismatic Shard,INTERMEDIATE,TRAINER,10,1,0,0,1
24271,Spellcloth,INTERMEDIATE,VENDOR,7,77184,64001,120,0
24271,Spellcloth,INTERMEDIATE,VENDOR,7,73324,64001,114,0
3665,Curiously Tasty Omelet,FOOD,VENDOR,11,546,458,119,0
22445,Arcane Dust,INTERMEDIATE,UNSOURCED,20,3729,5013,74,1
22445,Arcane Dust,INTERMEDIATE,UNSOURCED,20,3617,5013,72,1
22445,Arcane Dust,INTERMEDIATE,UNSOURCED,1,3472,5013,69,1
22445,Arcane Dust,INTERMEDIATE,UNSOURCED,1,3729,5013,74,1
40195,Pygmy Oil,INTERMEDIATE,TRAINER,6,226,300,75,1
25670,Thick Draenic Pants,GEAR,TRAINER,1,46224,60000,77,1
25670,Thick Draenic Pants,GEAR,TRAINER,1,45761,60000,76,1
25670,Thick Draenic Pants,GEAR,TRAINER,1,46224,60000,77,1
25670,Thick Draenic Pants,GEAR,TRAINER,1,45761,60000,76,1
25670,Thick Draenic Pants,GEAR,TRAINER,1,46224,60000,77,1
25670,Thick Draenic Pants,GEAR,TRAINER,1,45761,60000,76,1
25670,Thick Draenic Pants,GEAR,TRAINER,1,46224,60000,77,1
25670,Thick Draenic Pants,GEAR,TRAINER,1,45761,60000,76,1
25670,Thick Draenic Pants,GEAR,TRAINER,1,46224,60000,77,1
25670,Thick Draenic Pants,GEAR,TRAINER,1,45761,60000,76,1
25670,Thick Draenic Pants,GEAR,TRAINER,1,46224,60000,77,1
25670,Thick Draenic Pants,GEAR,TRAINER,1,45761,60000,76,1
25670,Thick Draenic Pants,GEAR,TRAINER,1,46224,60000,77,1
25670,Thick Draenic Pants,GEAR,TRAINER,1,45761,60000,76,1
25670,Thick Draenic Pants,GEAR,TRAINER,1,46224,60000,77,1
21752,Thorium Setting,INTERMEDIATE,TRAINER,4,1574,1545,101,0
21752,Thorium Setting,INTERMEDIATE,TRAINER,5,1545,1545,100,0
25845,Eternium Rod,INTERMEDIATE,VENDOR,1,84640,80000,105,0
25845,Eternium Rod,INTERMEDIATE,VENDOR,1,80408,80000,100,0
25845,Eternium Rod,INTERMEDIATE,VENDOR,1,84640,80000,105,0
25845,Eternium Rod,INTERMEDIATE,VENDOR,1,80408,80000,100,0
25845,Eternium Rod,INTERMEDIATE,VENDOR,1,84640,80000,105,0
25845,Eternium Rod,INTERMEDIATE,VENDOR,1,80408,80000,100,0
25845,Eternium Rod,INTERMEDIATE,VENDOR,1,84640,80000,105,0
25845,Eternium Rod,INTERMEDIATE,VENDOR,1,80408,80000,100,0
25845,Eternium Rod,INTERMEDIATE,VENDOR,1,84640,80000,105,0
13511,Flask of Distilled Wisdom,FLASK,DROP,20,29413,13430,219,0
13511,Flask of Distilled Wisdom,FLASK,DROP,2,28530,13430,212,0
23445,Fel Iron Bar,INTERMEDIATE,TRAINER,13,15180,12000,126,0
22448,Small Prismatic Shard,INTERMEDIATE,TRAINER,20,1,0,0,1
22448,Small Prismatic Shard,INTERMEDIATE,TRAINER,1,1,0,0,1
22448,Small Prismatic Shard,INTERMEDIATE,TRAINER,20,1,0,0,1
22448,Small Prismatic Shard,INTERMEDIATE,TRAINER,10,1,0,0,1
22448,Small Prismatic Shard,INTERMEDIATE,TRAINER,6,1,0,0,1
24268,Netherweave Net,MISC,TRAINER,20,6278,7200,87,1
24268,Netherweave Net,MISC,TRAINER,10,6026,7200,83,1
24270,Bag of Jewels,BAG,VENDOR,1,18244,20006,91,1
24270,Bag of Jewels,BAG,VENDOR,1,17514,20006,87,1
24270,Bag of Jewels,BAG,VENDOR,1,18244,20006,91,1
24270,Bag of Jewels,BAG,VENDOR,1,17514,20006,87,1
24270,Bag of Jewels,BAG,VENDOR,1,18244,20006,91,1
24270,Bag of Jewels,BAG,VENDOR,1,17514,20006,87,1
24270,Bag of Jewels,BAG,VENDOR,1,18244,20006,91,1
24270,Bag of Jewels,BAG,VENDOR,1,17514,20006,87,1
24270,Bag of Jewels,BAG,VENDOR,1,18244,20006,91,1
24270,Bag of Jewels,BAG,VENDOR,1,17514,20006,87,1
24270,Bag of Jewels,BAG,VENDOR,1,18244,20006,91,1
21872,Ebon Shadowbag,BAG,VENDOR,1,485683,408000,119,0
21872,Ebon Shadowbag,BAG,VENDOR,1,480826,408000,117,0
21841,Netherweave Bag,BAG,TRAINER,1,122462,101000,121,0
21841,Netherweave Bag,BAG,TRAINER,1,121237,101000,120,0
23763,Hyper-Vision Goggles,GEAR,DROP,1,681914,420002,162,0
23763,Hyper-Vision Goggles,GEAR,DROP,1,668275,420002,159,0
4304,Thick Leather,INTERMEDIATE,TRAINER,7,2938,3636,80,1
4304,Thick Leather,INTERMEDIATE,TRAINER,2,2791,3636,76,1
8173,Thick Armor Kit,MISC,TRAINER,10,5505,6440,85,1
8173,Thick Armor Kit,MISC,TRAINER,2,5449,6440,84,1
32836,Purified Shadow Pearl,GEM_CUT,TRAINER,1,7451,9280,80,1
32836,Purified Shadow Pearl,GEM_CUT,TRAINER,1,7227,9280,77,1
32836,Purified Shadow Pearl,GEM_CUT,TRAINER,1,7451,9280,80,1
32836,Purified Shadow Pearl,GEM_CUT,TRAINER,1,7227,9280,77,1
32836,Purified Shadow Pearl,GEM_CUT,TRAINER,1,7451,9280,80,1
32836,Purified Shadow Pearl,GEM_CUT,TRAINER,1,7227,9280,77,1
32836,Purified Shadow Pearl,GEM_CUT,TRAINER,1,7451,9280,80,1
32836,Purified Shadow Pearl,GEM_CUT,TRAINER,1,7227,9280,77,1
32836,Purified Shadow Pearl,GEM_CUT,TRAINER,1,7451,9280,80,1
32836,Purified Shadow Pearl,GEM_CUT,TRAINER,1,7227,9280,77,1
32836,Purified Shadow Pearl,GEM_CUT,TRAINER,1,7451,9280,80,1
32836,Purified Shadow Pearl,GEM_CUT,TRAINER,1,7227,9280,77,1
32836,Purified Shadow Pearl,GEM_CUT,TRAINER,1,7451,9280,80,1
32836,Purified Shadow Pearl,GEM_CUT,TRAINER,1,7227,9280,77,1
32836,Purified Shadow Pearl,GEM_CUT,TRAINER,1,7451,9280,80,1
35128,Hardened Khorium,INTERMEDIATE,DROP,7,211201,120001,175,0
35128,Hardened Khorium,INTERMEDIATE,DROP,3,209088,120001,174,0
20816,Delicate Copper Wire,INTERMEDIATE,UNSOURCED,1,105,40,262,0
20816,Delicate Copper Wire,INTERMEDIATE,UNSOURCED,14,101,40,252,0
27665,Poached Bluefish,FOOD,VENDOR,7,37,48,77,1
24272,Shadowcloth,INTERMEDIATE,VENDOR,3,76032,64001,118,0
24272,Shadowcloth,INTERMEDIATE,VENDOR,7,74511,64001,116,0
29540,Reinforced Mining Bag,BAG,VENDOR,1,290927,278000,104,0
23774,Fel Iron Toolbox,BAG,VENDOR,1,140025,104000,134,0
22448,Small Prismatic Shard,INTERMEDIATE,TRAINER,20,1,0,0,1
22448,Small Prismatic Shard,INTERMEDIATE,TRAINER,1,1,0,0,1
22448,Small Prismatic Shard,INTERMEDIATE,TRAINER,20,1,0,0,1
22448,Small Prismatic Shard,INTERMEDIATE,TRAINER,1,1,0,0,1
13442,Mighty Rage Potion,ELIXIR_POT,TRAINER,15,4043,3320,121,0
13457,Greater Fire Protection Potion,ELIXIR_POT,DROP,5,7481,3384,221,0
21865,Soulcloth Vest,GEAR,DROP,1,920635,404000,227,0
32836,Purified Shadow Pearl,GEM_CUT,TRAINER,1,8065,9280,86,1
32836,Purified Shadow Pearl,GEM_CUT,TRAINER,1,7742,9280,83,1
32836,Purified Shadow Pearl,GEM_CUT,TRAINER,1,7432,9280,80,1
32836,Purified Shadow Pearl,GEM_CUT,TRAINER,1,7134,9280,76,1
32836,Purified Shadow Pearl,GEM_CUT,TRAINER,1,8065,9280,86,1
32836,Purified Shadow Pearl,GEM_CUT,TRAINER,1,7742,9280,83,1
32836,Purified Shadow Pearl,GEM_CUT,TRAINER,1,7432,9280,80,1
32836,Purified Shadow Pearl,GEM_CUT,TRAINER,1,7134,9280,76,1
32836,Purified Shadow Pearl,GEM_CUT,TRAINER,1,8065,9280,86,1
32836,Purified Shadow Pearl,GEM_CUT,TRAINER,1,7742,9280,83,1
32836,Purified Shadow Pearl,GEM_CUT,TRAINER,1,7432,9280,80,1
32836,Purified Shadow Pearl,GEM_CUT,TRAINER,1,7134,9280,76,1
40033,Puissant Twilight Opal,GEM_CUT,VENDOR,1,183060,150000,122,0
40033,Puissant Twilight Opal,GEM_CUT,VENDOR,1,181229,150000,120,0
40033,Puissant Twilight Opal,GEM_CUT,VENDOR,1,173979,150000,115,0
23446,Adamantite Bar,INTERMEDIATE,TRAINER,8,18000,18000,100,0
44958,Ethereal Oil,INTERMEDIATE,TRAINER,13,73,96,76,1
44958,Ethereal Oil,INTERMEDIATE,TRAINER,1,69,96,71,1
16206,Arcanite Rod,INTERMEDIATE,TRAINER,1,134600,123600,108,0
16206,Arcanite Rod,INTERMEDIATE,TRAINER,1,130562,123600,105,0
16206,Arcanite Rod,INTERMEDIATE,TRAINER,1,129256,123600,104,0
16206,Arcanite Rod,INTERMEDIATE,TRAINER,1,134600,123600,108,0
16206,Arcanite Rod,INTERMEDIATE,TRAINER,1,130562,123600,105,0
16206,Arcanite Rod,INTERMEDIATE,TRAINER,1,129256,123600,104,0
16206,Arcanite Rod,INTERMEDIATE,TRAINER,1,134600,123600,108,0
16206,Arcanite Rod,INTERMEDIATE,TRAINER,1,130562,123600,105,0
16206,Arcanite Rod,INTERMEDIATE,TRAINER,1,129256,123600,104,0
16206,Arcanite Rod,INTERMEDIATE,TRAINER,1,134600,123600,108,0
16206,Arcanite Rod,INTERMEDIATE,TRAINER,1,130562,123600,105,0
16206,Arcanite Rod,INTERMEDIATE,TRAINER,1,129256,123600,104,0
16206,Arcanite Rod,INTERMEDIATE,TRAINER,1,134600,123600,108,0
16206,Arcanite Rod,INTERMEDIATE,TRAINER,1,130562,123600,105,0
16206,Arcanite Rod,INTERMEDIATE,TRAINER,1,129256,123600,104,0
24268,Netherweave Net,MISC,TRAINER,14,6145,7200,85,1
40195,Pygmy Oil,INTERMEDIATE,TRAINER,5,225,300,75,1
40195,Pygmy Oil,INTERMEDIATE,TRAINER,5,222,300,74,1
11128,Golden Rod,INTERMEDIATE,TRAINER,1,4532,3880,116,0
11128,Golden Rod,INTERMEDIATE,TRAINER,1,4486,3880,115,0
11128,Golden Rod,INTERMEDIATE,TRAINER,1,4306,3880,110,0
11128,Golden Rod,INTERMEDIATE,TRAINER,1,4090,3880,105,0
11128,Golden Rod,INTERMEDIATE,TRAINER,1,4532,3880,116,0
11128,Golden Rod,INTERMEDIATE,TRAINER,1,4486,3880,115,0
11128,Golden Rod,INTERMEDIATE,TRAINER,1,4306,3880,110,0
11128,Golden Rod,INTERMEDIATE,TRAINER,1,4090,3880,105,0
11128,Golden Rod,INTERMEDIATE,TRAINER,1,4532,3880,116,0
11128,Golden Rod,INTERMEDIATE,TRAINER,1,4486,3880,115,0
11128,Golden Rod,INTERMEDIATE,TRAINER,1,4306,3880,110,0
11128,Golden Rod,INTERMEDIATE,TRAINER,1,4090,3880,105,0
21840,Bolt of Netherweave,INTERMEDIATE,TRAINER,1,32313,28800,112,0
21840,Bolt of Netherweave,INTERMEDIATE,TRAINER,8,30697,28800,106,0
42420,Shadow Crystal Focusing Lens,MISC,TRAINER,1,18584,20000,92,1
42420,Shadow Crystal Focusing Lens,MISC,TRAINER,1,18398,20000,91,1
42420,Shadow Crystal Focusing Lens,MISC,TRAINER,1,17662,20000,88,1
42420,Shadow Crystal Focusing Lens,MISC,TRAINER,1,18584,20000,92,1
42420,Shadow Crystal Focusing Lens,MISC,TRAINER,1,18398,20000,91,1
42420,Shadow Crystal Focusing Lens,MISC,TRAINER,1,17662,20000,88,1
25844,Adamantite Rod,INTERMEDIATE,VENDOR,1,233640,180000,129,0
25844,Adamantite Rod,INTERMEDIATE,VENDOR,1,224294,180000,124,0
25844,Adamantite Rod,INTERMEDIATE,VENDOR,1,217565,180000,120,0
25844,Adamantite Rod,INTERMEDIATE,VENDOR,1,233640,180000,129,0
25844,Adamantite Rod,INTERMEDIATE,VENDOR,1,224294,180000,124,0
25844,Adamantite Rod,INTERMEDIATE,VENDOR,1,217565,180000,120,0
25844,Adamantite Rod,INTERMEDIATE,VENDOR,1,233640,180000,129,0
11128,Golden Rod,INTERMEDIATE,TRAINER,1,4277,3880,110,0
11128,Golden Rod,INTERMEDIATE,TRAINER,1,4063,3880,104,0
11128,Golden Rod,INTERMEDIATE,TRAINER,1,4277,3880,110,0
11128,Golden Rod,INTERMEDIATE,TRAINER,1,4063,3880,104,0
11128,Golden Rod,INTERMEDIATE,TRAINER,1,4277,3880,110,0
11128,Golden Rod,INTERMEDIATE,TRAINER,1,4063,3880,104,0
11128,Golden Rod,INTERMEDIATE,TRAINER,1,4277,3880,110,0
11128,Golden Rod,INTERMEDIATE,TRAINER,1,4063,3880,104,0
22246,Enchanted Mageweave Pouch,BAG,VENDOR,1,54154,43512,124,0
22246,Enchanted Mageweave Pouch,BAG,VENDOR,1,51446,43512,118,0
22246,Enchanted Mageweave Pouch,BAG,VENDOR,1,49902,43512,114,0
13511,Flask of Distilled Wisdom,FLASK,DROP,20,25177,13430,187,0
13511,Flask of Distilled Wisdom,FLASK,DROP,5,24673,13430,183,0
13511,Flask of Distilled Wisdom,FLASK,DROP,5,23439,13430,174,0
13511,Flask of Distilled Wisdom,FLASK,DROP,4,22501,13430,167,0
3470,Rough Grinding Stone,INTERMEDIATE,TRAINER,7,24,24,100,0
3470,Rough Grinding Stone,INTERMEDIATE,TRAINER,2,24,24,100,0
32850,Cauldron of Major Frost Protection,MISC,UNSOURCED,2,393685,166000,237,0
41367,Dark Jade Focusing Lens,MISC,TRAINER,1,14720,20000,73,1
41367,Dark Jade Focusing Lens,MISC,TRAINER,1,14131,20000,70,1
41367,Dark Jade Focusing Lens,MISC,TRAINER,1,13707,20000,68,1
41367,Dark Jade Focusing Lens,MISC,TRAINER,1,14720,20000,73,1
41367,Dark Jade Focusing Lens,MISC,TRAINER,1,14131,20000,70,1
41367,Dark Jade Focusing Lens,MISC,TRAINER,1,13707,20000,68,1
41367,Dark Jade Focusing Lens,MISC,TRAINER,1,14720,20000,73,1
41367,Dark Jade Focusing Lens,MISC,TRAINER,1,14131,20000,70,1
41367,Dark Jade Focusing Lens,MISC,TRAINER,1,13707,20000,68,1
41367,Dark Jade Focusing Lens,MISC,TRAINER,1,14720,20000,73,1
41367,Dark Jade Focusing Lens,MISC,TRAINER,1,14131,20000,70,1
41367,Dark Jade Focusing Lens,MISC,TRAINER,1,13707,20000,68,1
41367,Dark Jade Focusing Lens,MISC,TRAINER,1,14720,20000,73,1
41367,Dark Jade Focusing Lens,MISC,TRAINER,1,14131,20000,70,1
21843,Imbued Netherweave Bag,BAG,VENDOR,1,52534,60005,87,1
21843,Imbued Netherweave Bag,BAG,VENDOR,1,49907,60005,83,1
21843,Imbued Netherweave Bag,BAG,VENDOR,1,48409,60005,80,1
21843,Imbued Netherweave Bag,BAG,VENDOR,1,52534,60005,87,1
21843,Imbued Netherweave Bag,BAG,VENDOR,1,49907,60005,83,1
21843,Imbued Netherweave Bag,BAG,VENDOR,1,48409,60005,80,1
21843,Imbued Netherweave Bag,BAG,VENDOR,1,52534,60005,87,1
21843,Imbued Netherweave Bag,BAG,VENDOR,1,49907,60005,83,1
21843,Imbued Netherweave Bag,BAG,VENDOR,1,48409,60005,80,1
21843,Imbued Netherweave Bag,BAG,VENDOR,1,52534,60005,87,1
21843,Imbued Netherweave Bag,BAG,VENDOR,1,49907,60005,83,1
21843,Imbued Netherweave Bag,BAG,VENDOR,1,48409,60005,80,1
8173,Thick Armor Kit,MISC,TRAINER,10,5489,6440,85,1
24266,Spellstrike Hood,GEAR,DROP,1,4540240,1520000,298,0
24266,Spellstrike Hood,GEAR,DROP,1,4494837,1520000,295,0
40195,Pygmy Oil,INTERMEDIATE,TRAINER,12,230,300,76,1
40195,Pygmy Oil,INTERMEDIATE,TRAINER,3,227,300,75,1
24268,Netherweave Net,MISC,TRAINER,20,6639,7200,92,1
24268,Netherweave Net,MISC,TRAINER,10,6307,7200,87,1
22574,Mote of Fire,INTERMEDIATE,TRAINER,10,3624,3200,113,0
22574,Mote of Fire,INTERMEDIATE,TRAINER,10,3515,3200,109,0
22574,Mote of Fire,INTERMEDIATE,TRAINER,10,3409,3200,106,0
22574,Mote of Fire,INTERMEDIATE,TRAINER,10,3272,3200,102,0
22574,Mote of Fire,INTERMEDIATE,TRAINER,10,3624,3200,113,0
22574,Mote of Fire,INTERMEDIATE,TRAINER,10,3515,3200,109,0
22574,Mote of Fire,INTERMEDIATE,TRAINER,10,3409,3200,106,0
22574,Mote of Fire,INTERMEDIATE,TRAINER,10,3272,3200,102,0
22574,Mote of Fire,INTERMEDIATE,TRAINER,10,3624,3200,113,0
22574,Mote of Fire,INTERMEDIATE,TRAINER,10,3515,3200,109,0
22574,Mote of Fire,INTERMEDIATE,TRAINER,10,3409,3200,106,0
22574,Mote of Fire,INTERMEDIATE,TRAINER,10,3272,3200,102,0
22574,Mote of Fire,INTERMEDIATE,TRAINER,10,3624,3200,113,0
22574,Mote of Fire,INTERMEDIATE,TRAINER,10,3515,3200,109,0
22574,Mote of Fire,INTERMEDIATE,TRAINER,2,3409,3200,106,0
22574,Mote of Fire,INTERMEDIATE,TRAINER,8,3272,3200,102,0
44958,Ethereal Oil,INTERMEDIATE,TRAINER,7,75,96,78,1
44958,Ethereal Oil,INTERMEDIATE,TRAINER,4,72,96,75,1
22448,Small Prismatic Shard,INTERMEDIATE,TRAINER,20,1,0,0,1
22448,Small Prismatic Shard,INTERMEDIATE,TRAINER,3,1,0,0,1
22448,Small Prismatic Shard,INTERMEDIATE,TRAINER,16,1,0,0,1
12359,Thorium Bar,INTERMEDIATE,TRAINER,2,1570,1545,101,0
12359,Thorium Bar,INTERMEDIATE,TRAINER,13,1545,1545,100,0
40164,Timeless Eye of Zul,GEM_CUT,VENDOR,1,337500,250000,135,0
32836,Purified Shadow Pearl,GEM_CUT,TRAINER,1,7853,9280,84,1
32836,Purified Shadow Pearl,GEM_CUT,TRAINER,1,7774,9280,83,1
32836,Purified Shadow Pearl,GEM_CUT,TRAINER,1,7696,9280,82,1
32836,Purified Shadow Pearl,GEM_CUT,TRAINER,1,7853,9280,84,1
32836,Purified Shadow Pearl,GEM_CUT,TRAINER,1,7774,9280,83,1
32836,Purified Shadow Pearl,GEM_CUT,TRAINER,1,7696,9280,82,1
32836,Purified Shadow Pearl,GEM_CUT,TRAINER,1,7853,9280,84,1
32836,Purified Shadow Pearl,GEM_CUT,TRAINER,1,7774,9280,83,1
32836,Purified Shadow Pearl,GEM_CUT,TRAINER,1,7696,9280,82,1
32836,Purified Shadow Pearl,GEM_CUT,TRAINER,1,7853,9280,84,1
32836,Purified Shadow Pearl,GEM_CUT,TRAINER,1,7774,9280,83,1
32836,Purified Shadow Pearl,GEM_CUT,TRAINER,1,7696,9280,82,1
32836,Purified Shadow Pearl,GEM_CUT,TRAINER,1,7853,9280,84,1
32836,Purified Shadow Pearl,GEM_CUT,TRAINER,1,7774,9280,83,1
24270,Bag of Jewels,BAG,VENDOR,1,17008,20006,85,1
24270,Bag of Jewels,BAG,VENDOR,1,16667,20006,83,1
24270,Bag of Jewels,BAG,VENDOR,1,16333,20006,81,1
24270,Bag of Jewels,BAG,VENDOR,1,15843,20006,79,1
24270,Bag of Jewels,BAG,VENDOR,1,17008,20006,85,1
24270,Bag of Jewels,BAG,VENDOR,1,16667,20006,83,1
24270,Bag of Jewels,BAG,VENDOR,1,16333,20006,81,1
24270,Bag of Jewels,BAG,VENDOR,1,15843,20006,79,1
24270,Bag of Jewels,BAG,VENDOR,1,17008,20006,85,1
24270,Bag of Jewels,BAG,VENDOR,1,16667,20006,83,1
24270,Bag of Jewels,BAG,VENDOR,1,16333,20006,81,1
24270,Bag of Jewels,BAG,VENDOR,1,15843,20006,79,1
14156,Bottomless Bag,BAG,DROP,1,1432096,483980,295,0
14156,Bottomless Bag,BAG,DROP,1,1374812,483980,284,0
22522,Superior Wizard Oil,MISC,VENDOR,1,18671,26039,71,1
22522,Superior Wizard Oil,MISC,VENDOR,1,18297,26039,70,1
22522,Superior Wizard Oil,MISC,VENDOR,1,17931,26039,68,1
22522,Superior Wizard Oil,MISC,VENDOR,1,17572,26039,67,1
22522,Superior Wizard Oil,MISC,VENDOR,1,18671,26039,71,1
22522,Superior Wizard Oil,MISC,VENDOR,1,18297,26039,70,1
22522,Superior Wizard Oil,MISC,VENDOR,1,17931,26039,68,1
22522,Superior Wizard Oil,MISC,VENDOR,1,17572,26039,67,1
22522,Superior Wizard Oil,MISC,VENDOR,1,18671,26039,71,1
22522,Superior Wizard Oil,MISC,VENDOR,1,18297,26039,70,1
22522,Superior Wizard Oil,MISC,VENDOR,1,17931,26039,68,1
22522,Superior Wizard Oil,MISC,VENDOR,1,17572,26039,67,1
21841,Netherweave Bag,BAG,TRAINER,1,126916,101000,125,0
21841,Netherweave Bag,BAG,TRAINER,1,121839,101000,120,0
21841,Netherweave Bag,BAG,TRAINER,1,126916,101000,125,0
22449,Large Prismatic Shard,INTERMEDIATE,VENDOR,2,202536,240000,84,1
22449,Large Prismatic Shard,INTERMEDIATE,VENDOR,12,192409,240000,80,1
44958,Ethereal Oil,INTERMEDIATE,TRAINER,2,73,96,76,1
44958,Ethereal Oil,INTERMEDIATE,TRAINER,7,70,96,72,1
13510,Flask of the Titans,FLASK,DROP,5,32110,16860,190,0
13510,Flask of the Titans,FLASK,DROP,9,31146,16860,184,0
22835,Elixir of Major Shadow Power,ELIXIR_POT,VENDOR,5,16620,14000,118,0
22835,Elixir of Major Shadow Power,ELIXIR_POT,VENDOR,5,15955,14000,113,0
22835,Elixir of Major Shadow Power,ELIXIR_POT,VENDOR,5,16620,14000,118,0
22448,Small Prismatic Shard,INTERMEDIATE,TRAINER,10,1,0,0,1
22448,Small Prismatic Shard,INTERMEDIATE,TRAINER,8,1,0,0,1
32836,Purified Shadow Pearl,GEM_CUT,TRAINER,1,7888,9280,85,1
32836,Purified Shadow Pearl,GEM_CUT,TRAINER,1,7572,9280,81,1
32836,Purified Shadow Pearl,GEM_CUT,TRAINER,1,7193,9280,77,1
32836,Purified Shadow Pearl,GEM_CUT,TRAINER,1,7888,9280,85,1
32836,Purified Shadow Pearl,GEM_CUT,TRAINER,1,7572,9280,81,1
32836,Purified Shadow Pearl,GEM_CUT,TRAINER,1,7193,9280,77,1
32836,Purified Shadow Pearl,GEM_CUT,TRAINER,1,7888,9280,85,1
32836,Purified Shadow Pearl,GEM_CUT,TRAINER,1,7572,9280,81,1
32836,Purified Shadow Pearl,GEM_CUT,TRAINER,1,7193,9280,77,1
32836,Purified Shadow Pearl,GEM_CUT,TRAINER,1,7888,9280,85,1
22445,Arcane Dust,INTERMEDIATE,UNSOURCED,20,3937,5013,78,1
22445,Arcane Dust,INTERMEDIATE,UNSOURCED,8,3818,5013,76,1
22445,Arcane Dust,INTERMEDIATE,UNSOURCED,8,3627,5013,72,1
25650,Knothide Armor Kit,MISC,TRAINER,8,12880,20000,64,1
22448,Small Prismatic Shard,INTERMEDIATE,TRAINER,20,1,0,0,1
22448,Small Prismatic Shard,INTERMEDIATE,TRAINER,20,1,0,0,1
22448,Small Prismatic Shard,INTERMEDIATE,TRAINER,2,1,0,0,1
32836,Purified Shadow Pearl,GEM_CUT,TRAINER,1,9084,9280,97,1
32836,Purified Shadow Pearl,GEM_CUT,TRAINER,1,8902,9280,95,1
32836,Purified Shadow Pearl,GEM_CUT,TRAINER,1,9084,9280,97,1
32836,Purified Shadow Pearl,GEM_CUT,TRAINER,1,8902,9280,95,1
32836,Purified Shadow Pearl,GEM_CUT,TRAINER,1,9084,9280,97,1
32836,Purified Shadow Pearl,GEM_CUT,TRAINER,1,8902,9280,95,1
32836,Purified Shadow Pearl,GEM_CUT,TRAINER,1,9084,9280,97,1
32836,Purified Shadow Pearl,GEM_CUT,TRAINER,1,8902,9280,95,1
32836,Purified Shadow Pearl,GEM_CUT,TRAINER,1,9084,9280,97,1
32836,Purified Shadow Pearl,GEM_CUT,TRAINER,1,8902,9280,95,1
32836,Purified Shadow Pearl,GEM_CUT,TRAINER,1,9084,9280,97,1
32836,Purified Shadow Pearl,GEM_CUT,TRAINER,1,8902,9280,95,1
32836,Purified Shadow Pearl,GEM_CUT,TRAINER,1,9084,9280,97,1
32836,Purified Shadow Pearl,GEM_CUT,TRAINER,1,8902,9280,95,1
24275,Silver Spellthread,MISC,VENDOR,1,199650,165000,121,0
23489,Fel Iron Breastplate,GEAR,TRAINER,1,135360,120000,112,0
24270,Bag of Jewels,BAG,VENDOR,1,14564,20006,72,1
24270,Bag of Jewels,BAG,VENDOR,1,13981,20006,69,1
24270,Bag of Jewels,BAG,VENDOR,1,13701,20006,68,1
24270,Bag of Jewels,BAG,VENDOR,1,14564,20006,72,1
24270,Bag of Jewels,BAG,VENDOR,1,13981,20006,69,1
24270,Bag of Jewels,BAG,VENDOR,1,13701,20006,68,1
24270,Bag of Jewels,BAG,VENDOR,1,14564,20006,72,1
24270,Bag of Jewels,BAG,VENDOR,1,13981,20006,69,1
24270,Bag of Jewels,BAG,VENDOR,1,13701,20006,68,1
24270,Bag of Jewels,BAG,VENDOR,1,14564,20006,72,1
12644,Dense Grinding Stone,INTERMEDIATE,TRAINER,5,6566,5760,113,0
24074,Fel Iron Blood Ring,GEAR,TRAINER,1,55822,52000,107,0
24074,Fel Iron Blood Ring,GEAR,TRAINER,1,53589,52000,103,0
5762,Red Linen Bag,BAG,VENDOR,1,739,598,123,0
5762,Red Linen Bag,BAG,VENDOR,1,709,598,118,0
21868,Arcanoweave Robe,GEAR,DROP,1,894890,398260,224,0
21868,Arcanoweave Robe,GEAR,DROP,1,868043,398260,217,0
30459,Netherflame Robe,GEAR,UNSOURCED,1,1781524,652000,273,0
30459,Netherflame Robe,GEAR,UNSOURCED,1,1692447,652000,259,0
30459,Netherflame Robe,GEAR,UNSOURCED,1,1781524,652000,273,0
27667,Spicy Crawdad,FOOD,VENDOR,5,39,48,81,1
27667,Spicy Crawdad,FOOD,VENDOR,4,37,48,77,1
21861,Imbued Netherweave Robe,GEAR,VENDOR,1,53824,65006,82,1
21861,Imbued Netherweave Robe,GEAR,VENDOR,1,51132,65006,78,1
21861,Imbued Netherweave Robe,GEAR,VENDOR,1,50620,65006,77,1
21861,Imbued Netherweave Robe,GEAR,VENDOR,1,53824,65006,82,1
21861,Imbued Netherweave Robe,GEAR,VENDOR,1,51132,65006,78,1
21861,Imbued Netherweave Robe,GEAR,VENDOR,1,50620,65006,77,1
21861,Imbued Netherweave Robe,GEAR,VENDOR,1,53824,65006,82,1
21861,Imbued Netherweave Robe,GEAR,VENDOR,1,51132,65006,78,1
21861,Imbued Netherweave Robe,GEAR,VENDOR,1,50620,65006,77,1
21861,Imbued Netherweave Robe,GEAR,VENDOR,1,53824,65006,82,1
21861,Imbued Netherweave Robe,GEAR,VENDOR,1,51132,65006,78,1
21861,Imbued Netherweave Robe,GEAR,VENDOR,1,50620,65006,77,1
21861,Imbued Netherweave Robe,GEAR,VENDOR,1,53824,65006,82,1
21861,Imbued Netherweave Robe,GEAR,VENDOR,1,51132,65006,78,1
22448,Small Prismatic Shard,INTERMEDIATE,TRAINER,20,1,0,0,1
22448,Small Prismatic Shard,INTERMEDIATE,TRAINER,1,1,0,0,1
24270,Bag of Jewels,BAG,VENDOR,1,17294,20006,86,1
24270,Bag of Jewels,BAG,VENDOR,1,16602,20006,82,1
24270,Bag of Jewels,BAG,VENDOR,1,17294,20006,86,1
24270,Bag of Jewels,BAG,VENDOR,1,16602,20006,82,1
24270,Bag of Jewels,BAG,VENDOR,1,17294,20006,86,1
24270,Bag of Jewels,BAG,VENDOR,1,16602,20006,82,1
33093,Mana Potion Injector,ELIXIR_POT,DROP,20,30726,14400,213,0
33093,Mana Potion Injector,ELIXIR_POT,DROP,5,30418,14400,211,0
33093,Mana Potion Injector,ELIXIR_POT,DROP,5,29201,14400,202,0
33093,Mana Potion Injector,ELIXIR_POT,DROP,5,30726,14400,213,0
33093,Mana Potion Injector,ELIXIR_POT,DROP,5,30418,14400,211,0
33093,Mana Potion Injector,ELIXIR_POT,DROP,20,29201,14400,202,0
33093,Mana Potion Injector,ELIXIR_POT,DROP,5,30726,14400,213,0
33093,Mana Potion Injector,ELIXIR_POT,DROP,5,30418,14400,211,0
33093,Mana Potion Injector,ELIXIR_POT,DROP,20,29201,14400,202,0
33093,Mana Potion Injector,ELIXIR_POT,DROP,5,30726,14400,213,0
33093,Mana Potion Injector,ELIXIR_POT,DROP,20,30418,14400,211,0
33093,Mana Potion Injector,ELIXIR_POT,DROP,20,29201,14400,202,0
33093,Mana Potion Injector,ELIXIR_POT,DROP,20,30726,14400,213,0
33093,Mana Potion Injector,ELIXIR_POT,DROP,5,30418,14400,211,0
33093,Mana Potion Injector,ELIXIR_POT,DROP,5,29201,14400,202,0
33093,Mana Potion Injector,ELIXIR_POT,DROP,20,30726,14400,213,0
33093,Mana Potion Injector,ELIXIR_POT,DROP,5,30418,14400,211,0
33093,Mana Potion Injector,ELIXIR_POT,DROP,5,29201,14400,202,0
33093,Mana Potion Injector,ELIXIR_POT,DROP,20,30726,14400,213,0
33093,Mana Potion Injector,ELIXIR_POT,DROP,20,30418,14400,211,0
33093,Mana Potion Injector,ELIXIR_POT,DROP,5,29201,14400,202,0
33093,Mana Potion Injector,ELIXIR_POT,DROP,20,30726,14400,213,0
33093,Mana Potion Injector,ELIXIR_POT,DROP,20,30418,14400,211,0
33093,Mana Potion Injector,ELIXIR_POT,DROP,20,29201,14400,202,0
33093,Mana Potion Injector,ELIXIR_POT,DROP,5,30726,14400,213,0
33093,Mana Potion Injector,ELIXIR_POT,DROP,5,30418,14400,211,0
33093,Mana Potion Injector,ELIXIR_POT,DROP,5,29201,14400,202,0
33093,Mana Potion Injector,ELIXIR_POT,DROP,5,30726,14400,213,0
33093,Mana Potion Injector,ELIXIR_POT,DROP,20,30418,14400,211,0
33093,Mana Potion Injector,ELIXIR_POT,DROP,20,29201,14400,202,0
33093,Mana Potion Injector,ELIXIR_POT,DROP,20,30726,14400,213,0
33093,Mana Potion Injector,ELIXIR_POT,DROP,20,30418,14400,211,0
23533,Steelgrip Gauntlets,GEAR,DROP,1,2246421,1040010,215,0
14342,Mooncloth,INTERMEDIATE,VENDOR,5,11430,15200,75,1
14342,Mooncloth,INTERMEDIATE,VENDOR,7,11201,15200,73,1
33208,Flask of Chromatic Wonder,FLASK,VENDOR,5,39996,36000,111,0
33208,Flask of Chromatic Wonder,FLASK,VENDOR,5,38796,36000,107,0
33208,Flask of Chromatic Wonder,FLASK,VENDOR,4,36856,36000,102,0
3665,Curiously Tasty Omelet,FOOD,VENDOR,5,565,458,123,0
3665,Curiously Tasty Omelet,FOOD,VENDOR,5,559,458,122,0
3665,Curiously Tasty Omelet,FOOD,VENDOR,5,553,458,120,0
3665,Curiously Tasty Omelet,FOOD,VENDOR,1,530,458,115,0
22448,Small Prismatic Shard,INTERMEDIATE,TRAINER,20,1,0,0,1
22448,Small Prismatic Shard,INTERMEDIATE,TRAINER,1,1,0,0,1
22448,Small Prismatic Shard,INTERMEDIATE,TRAINER,3,1,0,0,1
3486,Heavy Grinding Stone,INTERMEDIATE,TRAINER,6,1045,1035,100,0
12644,Dense Grinding Stone,INTERMEDIATE,TRAINER,3,7067,5760,122,0
12644,Dense Grinding Stone,INTERMEDIATE,TRAINER,4,6784,5760,117,0
11128,Golden Rod,INTERMEDIATE,TRAINER,1,4694,3880,120,0
11128,Golden Rod,INTERMEDIATE,TRAINER,1,4459,3880,114,0
11128,Golden Rod,INTERMEDIATE,TRAINER,1,4280,3880,110,0
11128,Golden Rod,INTERMEDIATE,TRAINER,1,4237,3880,109,0
11128,Golden Rod,INTERMEDIATE,TRAINER,1,4694,3880,120,0
11128,Golden Rod,INTERMEDIATE,TRAINER,1,4459,3880,114,0
11128,Golden Rod,INTERMEDIATE,TRAINER,1,4280,3880,110,0
40016,Mystic Autumn's Glow,GEM_CUT,VENDOR,1,167805,150000,111,0
4305,Bolt of Silk Cloth,INTERMEDIATE,TRAINER,6,2447,2376,102,0
17771,Elementium Bar,MISC,DROP,1,4716408,2472560,190,0
24269,Heavy Netherweave Net,MISC,UNSOURCED,20,10229,14400,71,1
24269,Heavy Netherweave Net,MISC,UNSOURCED,2,9819,14400,68,1
44958,Ethereal Oil,INTERMEDIATE,TRAINER,9,68,96,70,1
14156,Bottomless Bag,BAG,DROP,1,863226,483980,178,0
13511,Flask of Distilled Wisdom,FLASK,DROP,5,25766,13430,191,0
13511,Flask of Distilled Wisdom,FLASK,DROP,19,24993,13430,186,0
21342,Core Felcloth Bag,BAG,DROP,1,637914,353768,180,0
43492,Haunted Herring,FOOD,DROP,20,3698,1641,225,0
43492,Haunted Herring,FOOD,DROP,5,3661,1641,223,0
22448,Small Prismatic Shard,INTERMEDIATE,TRAINER,20,1,0,0,1
22448,Small Prismatic Shard,INTERMEDIATE,TRAINER,3,1,0,0,1
22448,Small Prismatic Shard,INTERMEDIATE,TRAINER,1,1,0,0,1
3860,Mithril Bar,INTERMEDIATE,TRAINER,3,1718,1545,111,0
3860,Mithril Bar,INTERMEDIATE,TRAINER,3,1700,1545,110,0
3575,Iron Bar,INTERMEDIATE,TRAINER,8,900,900,100,0
3575,Iron Bar,INTERMEDIATE,TRAINER,5,900,900,100,0
22448,Small Prismatic Shard,INTERMEDIATE,TRAINER,15,1,0,0,1
24272,Shadowcloth,INTERMEDIATE,VENDOR,10,78132,64001,122,0
24272,Shadowcloth,INTERMEDIATE,VENDOR,5,76569,64001,119,0
11128,Golden Rod,INTERMEDIATE,TRAINER,1,4669,3880,120,0
11128,Golden Rod,INTERMEDIATE,TRAINER,1,4435,3880,114,0
11128,Golden Rod,INTERMEDIATE,TRAINER,1,4669,3880,120,0
11128,Golden Rod,INTERMEDIATE,TRAINER,1,4435,3880,114,0
11128,Golden Rod,INTERMEDIATE,TRAINER,1,4669,3880,120,0
11128,Golden Rod,INTERMEDIATE,TRAINER,1,4435,3880,114,0
11128,Golden Rod,INTERMEDIATE,TRAINER,1,4669,3880,120,0
11128,Golden Rod,INTERMEDIATE,TRAINER,1,4435,3880,114,0
11128,Golden Rod,INTERMEDIATE,TRAINER,1,4669,3880,120,0
11128,Golden Rod,INTERMEDIATE,TRAINER,1,4435,3880,114,0
11128,Golden Rod,INTERMEDIATE,TRAINER,1,4669,3880,120,0
11128,Golden Rod,INTERMEDIATE,TRAINER,1,4435,3880,114,0
11128,Golden Rod,INTERMEDIATE,TRAINER,1,4669,3880,120,0
11128,Golden Rod,INTERMEDIATE,TRAINER,1,4435,3880,114,0
14155,Mooncloth Bag,BAG,DROP,1,126006,59935,210,0
6338,Silver Rod,INTERMEDIATE,TRAINER,1,386,335,115,0
6338,Silver Rod,INTERMEDIATE,TRAINER,1,370,335,110,0
6338,Silver Rod,INTERMEDIATE,TRAINER,1,355,335,105,0
6338,Silver Rod,INTERMEDIATE,TRAINER,1,340,335,101,0
6338,Silver Rod,INTERMEDIATE,TRAINER,1,386,335,115,0
6338,Silver Rod,INTERMEDIATE,TRAINER,1,370,335,110,0
6338,Silver Rod,INTERMEDIATE,TRAINER,1,355,335,105,0
6338,Silver Rod,INTERMEDIATE,TRAINER,1,340,335,101,0
6338,Silver Rod,INTERMEDIATE,TRAINER,1,386,335,115,0
6338,Silver Rod,INTERMEDIATE,TRAINER,1,370,335,110,0
6338,Silver Rod,INTERMEDIATE,TRAINER,1,355,335,105,0
6338,Silver Rod,INTERMEDIATE,TRAINER,1,340,335,101,0
34207,Glove Reinforcements,MISC,TRAINER,3,264600,196000,135,0
22448,Small Prismatic Shard,INTERMEDIATE,TRAINER,20,1,0,0,1
22448,Small Prismatic Shard,INTERMEDIATE,TRAINER,20,1,0,0,1
22448,Small Prismatic Shard,INTERMEDIATE,TRAINER,2,1,0,0,1
24268,Netherweave Net,MISC,TRAINER,10,5972,7200,82,1
22252,Satchel of Cenarius,BAG,VENDOR,1,187429,154900,121,0
22252,Satchel of Cenarius,BAG,VENDOR,1,185554,154900,119,0
22252,Satchel of Cenarius,BAG,VENDOR,1,187429,154900,121,0
13457,Greater Fire Protection Potion,ELIXIR_POT,DROP,10,5109,3384,150,0
21845,Primal Mooncloth,INTERMEDIATE,VENDOR,5,78861,64001,123,0
21845,Primal Mooncloth,INTERMEDIATE,VENDOR,2,74917,64001,117,0
24272,Shadowcloth,INTERMEDIATE,VENDOR,2,80807,64001,126,0
24272,Shadowcloth,INTERMEDIATE,VENDOR,11,79190,64001,123,0
22449,Large Prismatic Shard,INTERMEDIATE,VENDOR,10,203112,240000,84,1
22449,Large Prismatic Shard,INTERMEDIATE,VENDOR,6,192956,240000,80,1
40116,Flashing Cardinal Ruby,GEM_CUT,VENDOR,1,271200,250000,108,0
40116,Flashing Cardinal Ruby,GEM_CUT,VENDOR,1,268488,250000,107,0
31677,Fel Mana Potion,ELIXIR_POT,DROP,5,53820,26000,207,0
31677,Fel Mana Potion,ELIXIR_POT,DROP,7,52743,26000,202,0
11128,Golden Rod,INTERMEDIATE,TRAINER,1,4410,3880,113,0
11128,Golden Rod,INTERMEDIATE,TRAINER,1,4189,3880,107,0
11128,Golden Rod,INTERMEDIATE,TRAINER,1,4147,3880,106,0
11128,Golden Rod,INTERMEDIATE,TRAINER,1,4410,3880,113,0
11128,Golden Rod,INTERMEDIATE,TRAINER,1,4189,3880,107,0
11128,Golden Rod,INTERMEDIATE,TRAINER,1,4147,3880,106,0
11128,Golden Rod,INTERMEDIATE,TRAINER,1,4410,3880,113,0
22573,Mote of Earth,INTERMEDIATE,TRAINER,10,2499,3200,78,1
22573,Mote of Earth,INTERMEDIATE,TRAINER,10,2424,3200,75,1
22573,Mote of Earth,INTERMEDIATE,TRAINER,10,2499,3200,78,1
22573,Mote of Earth,INTERMEDIATE,TRAINER,10,2424,3200,75,1
22573,Mote of Earth,INTERMEDIATE,TRAINER,10,2499,3200,78,1
22573,Mote of Earth,INTERMEDIATE,TRAINER,10,2424,3200,75,1
22573,Mote of Earth,INTERMEDIATE,TRAINER,10,2499,3200,78,1
22573,Mote of Earth,INTERMEDIATE,TRAINER,10,2424,3200,75,1
22573,Mote of Earth,INTERMEDIATE,TRAINER,10,2499,3200,78,1
22573,Mote of Earth,INTERMEDIATE,TRAINER,10,2424,3200,75,1
22573,Mote of Earth,INTERMEDIATE,TRAINER,6,2499,3200,78,1
22573,Mote of Earth,INTERMEDIATE,TRAINER,4,2424,3200,75,1
22445,Arcane Dust,INTERMEDIATE,UNSOURCED,1,4797,5013,95,1
22445,Arcane Dust,INTERMEDIATE,UNSOURCED,14,4557,5013,90,1
27656,Sporeling Snack,FOOD,VENDOR,11,1417,1200,118,0
24110,Living Ruby Pendant,GEAR,DROP,1,510570,366000,139,0
24110,Living Ruby Pendant,GEAR,DROP,1,485041,366000,132,0
22448,Small Prismatic Shard,INTERMEDIATE,TRAINER,20,1,0,0,1
22448,Small Prismatic Shard,INTERMEDIATE,TRAINER,4,1,0,0,1
22449,Large Prismatic Shard,INTERMEDIATE,VENDOR,20,182400,240000,76,1
22449,Large Prismatic Shard,INTERMEDIATE,VENDOR,6,178752,240000,74,1
16206,Arcanite Rod,INTERMEDIATE,TRAINER,1,124761,123600,100,0
16206,Arcanite Rod,INTERMEDIATE,TRAINER,1,123600,123600,100,0
16206,Arcanite Rod,INTERMEDIATE,TRAINER,1,123600,123600,100,0
16206,Arcanite Rod,INTERMEDIATE,TRAINER,1,123600,123600,100,0
16206,Arcanite Rod,INTERMEDIATE,TRAINER,1,124761,123600,100,0
16206,Arcanite Rod,INTERMEDIATE,TRAINER,1,123600,123600,100,0
16206,Arcanite Rod,INTERMEDIATE,TRAINER,1,123600,123600,100,0
16206,Arcanite Rod,INTERMEDIATE,TRAINER,1,123600,123600,100,0
5479,Crispy Lizard Tail,FOOD,VENDOR,20,130,102,127,0
5479,Crispy Lizard Tail,FOOD,VENDOR,4,123,102,120,0
13459,Greater Shadow Protection Potion,ELIXIR_POT,DROP,19,3071,1812,169,0
23517,Felsteel Gloves,GEAR,DROP,1,5,6,83,1
23517,Felsteel Gloves,GEAR,DROP,1,4,6,66,1
23517,Felsteel Gloves,GEAR,DROP,1,5,6,83,1
23517,Felsteel Gloves,GEAR,DROP,1,4,6,66,1
23517,Felsteel Gloves,GEAR,DROP,1,5,6,83,1
23517,Felsteel Gloves,GEAR,DROP,1,4,6,66,1
23517,Felsteel Gloves,GEAR,DROP,1,5,6,83,1
23517,Felsteel Gloves,GEAR,DROP,1,4,6,66,1
23517,Felsteel Gloves,GEAR,DROP,1,5,6,83,1
23517,Felsteel Gloves,GEAR,DROP,1,4,6,66,1
23517,Felsteel Gloves,GEAR,DROP,1,5,6,83,1
23517,Felsteel Gloves,GEAR,DROP,1,4,6,66,1
23517,Felsteel Gloves,GEAR,DROP,1,5,6,83,1
23517,Felsteel Gloves,GEAR,DROP,1,4,6,66,1
12404,Dense Sharpening Stone,MISC,TRAINER,4,1617,1440,112,0
31367,Wildguard Leggings,GEAR,VENDOR,1,1097915,848008,129,0
31367,Wildguard Leggings,GEAR,VENDOR,1,1064977,848008,125,0
13511,Flask of Distilled Wisdom,FLASK,DROP,5,21885,13430,162,0
13511,Flask of Distilled Wisdom,FLASK,DROP,5,21228,13430,158,0
13511,Flask of Distilled Wisdom,FLASK,DROP,16,21885,13430,162,0
6373,Elixir of Firepower,ELIXIR_POT,TRAINER,19,355,284,125,0
31080,Mercurial Stone,GEAR,TRAINER,1,116659,96000,121,0
23446,Adamantite Bar,INTERMEDIATE,TRAINER,10,19634,18000,109,0
23446,Adamantite Bar,INTERMEDIATE,TRAINER,5,19437,18000,107,0
24087,Heavy Felsteel Ring,GEAR,DROP,1,619203,344002,179,0
24087,Heavy Felsteel Ring,GEAR,DROP,1,600626,344002,174,0
27667,Spicy Crawdad,FOOD,VENDOR,5,49,48,102,1
27667,Spicy Crawdad,FOOD,VENDOR,3,48,48,100,1
23787,Felsteel Stabilizer,INTERMEDIATE,TRAINER,1,1,2,50,1
23787,Felsteel Stabilizer,INTERMEDIATE,TRAINER,13,1,2,50,1
22448,Small Prismatic Shard,INTERMEDIATE,TRAINER,20,1,0,0,1
22448,Small Prismatic Shard,INTERMEDIATE,TRAINER,6,1,0,0,1
22448,Small Prismatic Shard,INTERMEDIATE,TRAINER,10,1,0,0,1
3576,Tin Bar,INTERMEDIATE,TRAINER,2,123,107,114,0
3576,Tin Bar,INTERMEDIATE,TRAINER,5,121,107,113,0
2841,Bronze Bar,INTERMEDIATE,TRAINER,10,62,62,100,0
2841,Bronze Bar,INTERMEDIATE,TRAINER,2,62,62,100,0
23518,Felsteel Leggings,GEAR,DROP,1,5,8,62,1
23518,Felsteel Leggings,GEAR,DROP,1,4,8,50,1
23518,Felsteel Leggings,GEAR,DROP,1,4,8,50,1
23518,Felsteel Leggings,GEAR,DROP,1,5,8,62,1
23518,Felsteel Leggings,GEAR,DROP,1,4,8,50,1
23518,Felsteel Leggings,GEAR,DROP,1,4,8,50,1
23518,Felsteel Leggings,GEAR,DROP,1,5,8,62,1
23518,Felsteel Leggings,GEAR,DROP,1,4,8,50,1
23518,Felsteel Leggings,GEAR,DROP,1,4,8,50,1
23518,Felsteel Leggings,GEAR,DROP,1,5,8,62,1
23518,Felsteel Leggings,GEAR,DROP,1,4,8,50,1
24269,Heavy Netherweave Net,MISC,UNSOURCED,20,11370,14400,78,1
24269,Heavy Netherweave Net,MISC,UNSOURCED,4,10801,14400,75,1
23785,Hardened Adamantite Tube,INTERMEDIATE,TRAINER,7,1,3,33,1
23785,Hardened Adamantite Tube,INTERMEDIATE,TRAINER,2,1,3,33,1
24095,Pendant of Withering,GEAR,VENDOR,1,406002,406002,100,0
14342,Mooncloth,INTERMEDIATE,VENDOR,4,10177,15200,66,1
14342,Mooncloth,INTERMEDIATE,VENDOR,2,9769,15200,64,1
8956,Oil of Immolation,MISC,TRAINER,2,3174,2912,108,0
25659,Scaled Draenic Boots,GEAR,TRAINER,1,63729,90000,70,1
25659,Scaled Draenic Boots,GEAR,TRAINER,1,61817,90000,68,1
25659,Scaled Draenic Boots,GEAR,TRAINER,1,63729,90000,70,1
25659,Scaled Draenic Boots,GEAR,TRAINER,1,61817,90000,68,1
25659,Scaled Draenic Boots,GEAR,TRAINER,1,63729,90000,70,1
8176,Nightscape Headband,GEAR,TRAINER,1,4434,6940,63,1
8176,Nightscape Headband,GEAR,TRAINER,1,4389,6940,63,1
8176,Nightscape Headband,GEAR,TRAINER,1,4257,6940,61,1
8176,Nightscape Headband,GEAR,TRAINER,1,4164,6940,60,1
8176,Nightscape Headband,GEAR,TRAINER,1,4434,6940,63,1
8176,Nightscape Headband,GEAR,TRAINER,1,4389,6940,63,1
8176,Nightscape Headband,GEAR,TRAINER,1,4257,6940,61,1
11128,Golden Rod,INTERMEDIATE,TRAINER,1,4171,3880,107,0
11128,Golden Rod,INTERMEDIATE,TRAINER,1,4045,3880,104,0
11128,Golden Rod,INTERMEDIATE,TRAINER,1,3880,3880,100,0
11128,Golden Rod,INTERMEDIATE,TRAINER,1,3880,3880,100,0
11128,Golden Rod,INTERMEDIATE,TRAINER,1,4171,3880,107,0
11128,Golden Rod,INTERMEDIATE,TRAINER,1,4045,3880,104,0
11128,Golden Rod,INTERMEDIATE,TRAINER,1,3880,3880,100,0
11128,Golden Rod,INTERMEDIATE,TRAINER,1,3880,3880,100,0
11128,Golden Rod,INTERMEDIATE,TRAINER,1,4171,3880,107,0
11128,Golden Rod,INTERMEDIATE,TRAINER,1,4045,3880,104,0
11128,Golden Rod,INTERMEDIATE,TRAINER,1,3880,3880,100,0
11128,Golden Rod,INTERMEDIATE,TRAINER,1,3880,3880,100,0
7071,Iron Buckle,INTERMEDIATE,TRAINER,5,450,450,100,0
7071,Iron Buckle,INTERMEDIATE,TRAINER,5,450,450,100,0
7071,Iron Buckle,INTERMEDIATE,TRAINER,5,450,450,100,0
7071,Iron Buckle,INTERMEDIATE,TRAINER,5,450,450,100,0
7071,Iron Buckle,INTERMEDIATE,TRAINER,1,450,450,100,0
7071,Iron Buckle,INTERMEDIATE,TRAINER,1,450,450,100,0
4339,Bolt of Mageweave,INTERMEDIATE,TRAINER,3,3774,5050,74,1
4339,Bolt of Mageweave,INTERMEDIATE,TRAINER,11,3736,5050,73,1
22448,Small Prismatic Shard,INTERMEDIATE,TRAINER,20,1,0,0,1
22448,Small Prismatic Shard,INTERMEDIATE,TRAINER,1,1,0,0,1
22448,Small Prismatic Shard,INTERMEDIATE,TRAINER,18,1,0,0,1
44958,Ethereal Oil,INTERMEDIATE,TRAINER,5,93,96,96,1
44958,Ethereal Oil,INTERMEDIATE,TRAINER,6,88,96,91,1
23516,Flamebane Helm,GEAR,VENDOR,1,519120,400000,129,0
23516,Flamebane Helm,GEAR,VENDOR,1,503546,400000,125,0
23516,Flamebane Helm,GEAR,VENDOR,1,498510,400000,124,0
22854,Flask of Relentless Assault,FLASK,UNSOURCED,5,80262,45000,178,0
22854,Flask of Relentless Assault,FLASK,UNSOURCED,5,77854,45000,173,0
21840,Bolt of Netherweave,INTERMEDIATE,TRAINER,6,38332,28800,133,0
21840,Bolt of Netherweave,INTERMEDIATE,TRAINER,2,37182,28800,129,0
22449,Large Prismatic Shard,INTERMEDIATE,VENDOR,1,170400,240000,71,1
22449,Large Prismatic Shard,INTERMEDIATE,VENDOR,11,166992,240000,69,1
23787,Felsteel Stabilizer,INTERMEDIATE,TRAINER,9,1,2,50,1
23787,Felsteel Stabilizer,INTERMEDIATE,TRAINER,3,1,2,50,1
23787,Felsteel Stabilizer,INTERMEDIATE,TRAINER,2,1,2,50,1
6052,Nature Protection Potion,ELIXIR_POT,VENDOR,5,1120,991,113,0
6052,Nature Protection Potion,ELIXIR_POT,VENDOR,11,1075,991,108,0
21752,Thorium Setting,INTERMEDIATE,TRAINER,12,1557,1545,100,0
21752,Thorium Setting,INTERMEDIATE,TRAINER,1,1545,1545,100,0
42420,Shadow Crystal Focusing Lens,MISC,TRAINER,1,23474,20000,117,0
21845,Primal Mooncloth,INTERMEDIATE,VENDOR,7,75738,64001,118,0
21845,Primal Mooncloth,INTERMEDIATE,VENDOR,6,72708,64001,113,0
13446,Major Healing Potion,ELIXIR_POT,TRAINER,8,2319,1868,124,0
22854,Flask of Relentless Assault,FLASK,UNSOURCED,18,128790,45000,286,0
21887,Knothide Leather,INTERMEDIATE,TRAINER,7,7481,7500,99,1
8170,Rugged Leather,INTERMEDIATE,TRAINER,6,4838,7128,67,1
8170,Rugged Leather,INTERMEDIATE,TRAINER,4,4741,7128,66,1
9060,Inlaid Mithril Cylinder,INTERMEDIATE,UNSOURCED,7,31358,15410,203,0
9060,Inlaid Mithril Cylinder,INTERMEDIATE,UNSOURCED,3,31044,15410,201,0
24270,Bag of Jewels,BAG,VENDOR,1,13303,20006,66,1
24270,Bag of Jewels,BAG,VENDOR,1,12770,20006,63,1
24270,Bag of Jewels,BAG,VENDOR,1,12514,20006,62,1
24270,Bag of Jewels,BAG,VENDOR,1,13303,20006,66,1
24270,Bag of Jewels,BAG,VENDOR,1,12770,20006,63,1
12644,Dense Grinding Stone,INTERMEDIATE,TRAINER,7,6747,5760,117,0
12644,Dense Grinding Stone,INTERMEDIATE,TRAINER,3,6477,5760,112,0
25679,Comfortable Insoles,MISC,VENDOR,6,8600,10000,86,1
40130,Shifting Dreadstone,GEM_CUT,VENDOR,1,340200,250000,136,0
21340,Soul Pouch,BAG,VENDOR,1,103924,80078,129,0
15407,Cured Rugged Hide,INTERMEDIATE,TRAINER,1,8005,9060,88,1
15407,Cured Rugged Hide,INTERMEDIATE,TRAINER,10,7924,9060,87,1
23787,Felsteel Stabilizer,INTERMEDIATE,TRAINER,4,1,2,50,1
23787,Felsteel Stabilizer,INTERMEDIATE,TRAINER,10,1,2,50,1
22445,Arcane Dust,INTERMEDIATE,UNSOURCED,20,5190,5013,103,1
22445,Arcane Dust,INTERMEDIATE,UNSOURCED,20,5138,5013,102,1
22445,Arcane Dust,INTERMEDIATE,UNSOURCED,1,5035,5013,100,1
22445,Arcane Dust,INTERMEDIATE,UNSOURCED,4,5190,5013,103,1
22448,Small Prismatic Shard,INTERMEDIATE,TRAINER,20,1,0,0,1
22448,Small Prismatic Shard,INTERMEDIATE,TRAINER,1,1,0,0,1
22448,Small Prismatic Shard,INTERMEDIATE,TRAINER,12,1,0,0,1
24270,Bag of Jewels,BAG,VENDOR,1,15204,20006,75,1
24270,Bag of Jewels,BAG,VENDOR,1,14595,20006,72,1
24270,Bag of Jewels,BAG,VENDOR,1,15204,20006,75,1
24270,Bag of Jewels,BAG,VENDOR,1,14595,20006,72,1
24270,Bag of Jewels,BAG,VENDOR,1,15204,20006,75,1
24270,Bag of Jewels,BAG,VENDOR,1,14595,20006,72,1
24270,Bag of Jewels,BAG,VENDOR,1,15204,20006,75,1
24270,Bag of Jewels,BAG,VENDOR,1,14595,20006,72,1
44958,Ethereal Oil,INTERMEDIATE,TRAINER,2,83,96,86,1
44958,Ethereal Oil,INTERMEDIATE,TRAINER,4,81,96,84,1
24271,Spellcloth,INTERMEDIATE,VENDOR,1,79162,64001,123,0
24271,Spellcloth,INTERMEDIATE,VENDOR,6,75995,64001,118,0
5763,Red Woolen Bag,BAG,VENDOR,1,2174,1782,121,0
5763,Red Woolen Bag,BAG,VENDOR,1,2065,1782,115,0
25898,Tenacious Earthstorm Diamond,GEM_CUT,DROP,1,761400,360000,211,0
21862,Imbued Netherweave Tunic,GEAR,VENDOR,1,60637,65006,93,1
21862,Imbued Netherweave Tunic,GEAR,VENDOR,1,59424,65006,91,1
21862,Imbued Netherweave Tunic,GEAR,VENDOR,1,60637,65006,93,1
21862,Imbued Netherweave Tunic,GEAR,VENDOR,1,59424,65006,91,1
21862,Imbued Netherweave Tunic,GEAR,VENDOR,1,60637,65006,93,1
21862,Imbued Netherweave Tunic,GEAR,VENDOR,1,59424,65006,91,1
21862,Imbued Netherweave Tunic,GEAR,VENDOR,1,60637,65006,93,1
40146,Fierce Ametrine,GEM_CUT,VENDOR,1,293750,250000,117,0
22574,Mote of Fire,INTERMEDIATE,TRAINER,10,2705,3200,84,1
22574,Mote of Fire,INTERMEDIATE,TRAINER,10,2677,3200,83,1
22574,Mote of Fire,INTERMEDIATE,TRAINER,10,2596,3200,81,1
22574,Mote of Fire,INTERMEDIATE,TRAINER,10,2518,3200,78,1
22574,Mote of Fire,INTERMEDIATE,TRAINER,10,2705,3200,84,1
22574,Mote of Fire,INTERMEDIATE,TRAINER,10,2677,3200,83,1
22574,Mote of Fire,INTERMEDIATE,TRAINER,10,2596,3200,81,1
22574,Mote of Fire,INTERMEDIATE,TRAINER,10,2518,3200,78,1
22574,Mote of Fire,INTERMEDIATE,TRAINER,10,2705,3200,84,1
22574,Mote of Fire,INTERMEDIATE,TRAINER,10,2677,3200,83,1
22574,Mote of Fire,INTERMEDIATE,TRAINER,2,2596,3200,81,1
22574,Mote of Fire,INTERMEDIATE,TRAINER,8,2518,3200,78,1
34767,Firecracker Salmon,FOOD,VENDOR,10,42,49,85,1
24117,Embrace of the Dawn,GEAR,DROP,1,923980,424000,217,0
24117,Embrace of the Dawn,GEAR,DROP,1,877781,424000,207,0
29540,Reinforced Mining Bag,BAG,VENDOR,1,333600,278000,120,0
24258,Resolute Cape,GEAR,DROP,1,2035264,944000,215,0
24258,Resolute Cape,GEAR,DROP,1,1953853,944000,206,0
24258,Resolute Cape,GEAR,DROP,1,2035264,944000,215,0
44958,Ethereal Oil,INTERMEDIATE,TRAINER,4,73,96,76,1
44958,Ethereal Oil,INTERMEDIATE,TRAINER,3,71,96,73,1
25671,Thick Draenic Vest,GEAR,TRAINER,1,65450,85000,77,1
25671,Thick Draenic Vest,GEAR,TRAINER,1,64795,85000,76,1
25671,Thick Draenic Vest,GEAR,TRAINER,1,63499,85000,74,1
25671,Thick Draenic Vest,GEAR,TRAINER,1,65450,85000,77,1
25671,Thick Draenic Vest,GEAR,TRAINER,1,64795,85000,76,1
25671,Thick Draenic Vest,GEAR,TRAINER,1,63499,85000,74,1
25671,Thick Draenic Vest,GEAR,TRAINER,1,65450,85000,77,1
25671,Thick Draenic Vest,GEAR,TRAINER,1,64795,85000,76,1
25671,Thick Draenic Vest,GEAR,TRAINER,1,63499,85000,74,1
25671,Thick Draenic Vest,GEAR,TRAINER,1,65450,85000,77,1
25671,Thick Draenic Vest,GEAR,TRAINER,1,64795,85000,76,1
25671,Thick Draenic Vest,GEAR,TRAINER,1,63499,85000,74,1
25671,Thick Draenic Vest,GEAR,TRAINER,1,65450,85000,77,1
24271,Spellcloth,INTERMEDIATE,VENDOR,2,78624,64001,122,0
24271,Spellcloth,INTERMEDIATE,VENDOR,7,77051,64001,120,0
33093,Mana Potion Injector,ELIXIR_POT,DROP,20,43791,14400,304,0
33093,Mana Potion Injector,ELIXIR_POT,DROP,20,42039,14400,291,0
33093,Mana Potion Injector,ELIXIR_POT,DROP,20,41198,14400,286,0
33093,Mana Potion Injector,ELIXIR_POT,DROP,5,39550,14400,274,0
33093,Mana Potion Injector,ELIXIR_POT,DROP,20,43791,14400,304,0
33093,Mana Potion Injector,ELIXIR_POT,DROP,5,42039,14400,291,0
33093,Mana Potion Injector,ELIXIR_POT,DROP,5,41198,14400,286,0
33093,Mana Potion Injector,ELIXIR_POT,DROP,5,39550,14400,274,0
33093,Mana Potion Injector,ELIXIR_POT,DROP,20,43791,14400,304,0
33093,Mana Potion Injector,ELIXIR_POT,DROP,20,42039,14400,291,0
33093,Mana Potion Injector,ELIXIR_POT,DROP,20,41198,14400,286,0
33093,Mana Potion Injector,ELIXIR_POT,DROP,20,39550,14400,274,0
33093,Mana Potion Injector,ELIXIR_POT,DROP,5,43791,14400,304,0
33093,Mana Potion Injector,ELIXIR_POT,DROP,5,42039,14400,291,0
33093,Mana Potion Injector,ELIXIR_POT,DROP,5,41198,14400,286,0
33093,Mana Potion Injector,ELIXIR_POT,DROP,20,39550,14400,274,0
33093,Mana Potion Injector,ELIXIR_POT,DROP,20,43791,14400,304,0
33093,Mana Potion Injector,ELIXIR_POT,DROP,20,42039,14400,291,0
33093,Mana Potion Injector,ELIXIR_POT,DROP,20,41198,14400,286,0
33093,Mana Potion Injector,ELIXIR_POT,DROP,20,39550,14400,274,0
33093,Mana Potion Injector,ELIXIR_POT,DROP,5,43791,14400,304,0
33093,Mana Potion Injector,ELIXIR_POT,DROP,20,42039,14400,291,0
33093,Mana Potion Injector,ELIXIR_POT,DROP,20,41198,14400,286,0
33093,Mana Potion Injector,ELIXIR_POT,DROP,5,39550,14400,274,0
33093,Mana Potion Injector,ELIXIR_POT,DROP,20,43791,14400,304,0
33093,Mana Potion Injector,ELIXIR_POT,DROP,20,42039,14400,291,0
33093,Mana Potion Injector,ELIXIR_POT,DROP,15,41198,14400,286,0
24269,Heavy Netherweave Net,MISC,UNSOURCED,18,14774,14400,102,1
24249,Unyielding Bracers,GEAR,DROP,1,601711,256004,235,0
24249,Unyielding Bracers,GEAR,DROP,1,595693,256004,232,0
22448,Small Prismatic Shard,INTERMEDIATE,TRAINER,20,1,0,0,1
22448,Small Prismatic Shard,INTERMEDIATE,TRAINER,7,1,0,0,1
22448,Small Prismatic Shard,INTERMEDIATE,TRAINER,6,1,0,0,1
2840,Copper Bar,INTERMEDIATE,UNSOURCED,3,54,20,270,0
2840,Copper Bar,INTERMEDIATE,UNSOURCED,5,53,20,265,0
40195,Pygmy Oil,INTERMEDIATE,TRAINER,5,201,300,67,1
40195,Pygmy Oil,INTERMEDIATE,TRAINER,1,198,300,66,1
21217,Sagefish Delight,FOOD,VENDOR,5,1079,790,136,0
21217,Sagefish Delight,FOOD,VENDOR,5,1025,790,129,0
21217,Sagefish Delight,FOOD,VENDOR,10,994,790,125,0
35707,Regal Nightseye,GEM_CUT,VENDOR,1,149760,120000,124,0
35707,Regal Nightseye,GEM_CUT,VENDOR,1,142272,120000,118,0
40149,Lucent Ametrine,GEM_CUT,VENDOR,1,291200,250000,116,0
40149,Lucent Ametrine,GEM_CUT,VENDOR,1,288288,250000,115,0
13512,Flask of Supreme Power,FLASK,DROP,20,33317,11430,291,0
13512,Flask of Supreme Power,FLASK,DROP,5,31984,11430,279,0
13512,Flask of Supreme Power,FLASK,DROP,3,33317,11430,291,0
44958,Ethereal Oil,INTERMEDIATE,TRAINER,5,68,96,70,1
22448,Small Prismatic Shard,INTERMEDIATE,TRAINER,20,1,0,0,1
22448,Small Prismatic Shard,INTERMEDIATE,TRAINER,5,1,0,0,1
22448,Small Prismatic Shard,INTERMEDIATE,TRAINER,2,1,0,0,1
21862,Imbued Netherweave Tunic,GEAR,VENDOR,1,59818,65006,92,1
21862,Imbued Netherweave Tunic,GEAR,VENDOR,1,58023,65006,89,1
21862,Imbued Netherweave Tunic,GEAR,VENDOR,1,59818,65006,92,1
21862,Imbued Netherweave Tunic,GEAR,VENDOR,1,58023,65006,89,1
21862,Imbued Netherweave Tunic,GEAR,VENDOR,1,59818,65006,92,1
21862,Imbued Netherweave Tunic,GEAR,VENDOR,1,58023,65006,89,1
21862,Imbued Netherweave Tunic,GEAR,VENDOR,1,59818,65006,92,1
21862,Imbued Netherweave Tunic,GEAR,VENDOR,1,58023,65006,89,1
21862,Imbued Netherweave Tunic,GEAR,VENDOR,1,59818,65006,92,1
18262,Elemental Sharpening Stone,MISC,DROP,4,25280,9216,274,0
20817,Bronze Setting,INTERMEDIATE,TRAINER,4,134,124,108,0
20817,Bronze Setting,INTERMEDIATE,TRAINER,7,132,124,106,0
25650,Knothide Armor Kit,MISC,TRAINER,5,12922,20000,64,1
22449,Large Prismatic Shard,INTERMEDIATE,VENDOR,8,186960,240000,77,1
22449,Large Prismatic Shard,INTERMEDIATE,VENDOR,6,183220,240000,76,1
33093,Mana Potion Injector,ELIXIR_POT,DROP,5,29211,14400,202,0
33093,Mana Potion Injector,ELIXIR_POT,DROP,20,28918,14400,200,0
33093,Mana Potion Injector,ELIXIR_POT,DROP,5,28628,14400,198,0
33093,Mana Potion Injector,ELIXIR_POT,DROP,20,29211,14400,202,0
33093,Mana Potion Injector,ELIXIR_POT,DROP,5,28918,14400,200,0
33093,Mana Potion Injector,ELIXIR_POT,DROP,5,28628,14400,198,0
33093,Mana Potion Injector,ELIXIR_POT,DROP,5,29211,14400,202,0
33093,Mana Potion Injector,ELIXIR_POT,DROP,5,28918,14400,200,0
33093,Mana Potion Injector,ELIXIR_POT,DROP,20,28628,14400,198,0
33093,Mana Potion Injector,ELIXIR_POT,DROP,5,29211,14400,202,0
33093,Mana Potion Injector,ELIXIR_POT,DROP,5,28918,14400,200,0
33093,Mana Potion Injector,ELIXIR_POT,DROP,5,28628,14400,198,0
33093,Mana Potion Injector,ELIXIR_POT,DROP,20,29211,14400,202,0
33093,Mana Potion Injector,ELIXIR_POT,DROP,20,28918,14400,200,0
33093,Mana Potion Injector,ELIXIR_POT,DROP,5,28628,14400,198,0
33093,Mana Potion Injector,ELIXIR_POT,DROP,5,29211,14400,202,0
33093,Mana Potion Injector,ELIXIR_POT,DROP,5,28918,14400,200,0
33093,Mana Potion Injector,ELIXIR_POT,DROP,20,28628,14400,198,0
33093,Mana Potion Injector,ELIXIR_POT,DROP,5,29211,14400,202,0
33093,Mana Potion Injector,ELIXIR_POT,DROP,5,28918,14400,200,0
33093,Mana Potion Injector,ELIXIR_POT,DROP,20,28628,14400,198,0
33093,Mana Potion Injector,ELIXIR_POT,DROP,5,29211,14400,202,0
33093,Mana Potion Injector,ELIXIR_POT,DROP,20,28918,14400,200,0
33093,Mana Potion Injector,ELIXIR_POT,DROP,20,28628,14400,198,0
33093,Mana Potion Injector,ELIXIR_POT,DROP,20,29211,14400,202,0
33093,Mana Potion Injector,ELIXIR_POT,DROP,20,28918,14400,200,0
33093,Mana Potion Injector,ELIXIR_POT,DROP,5,28628,14400,198,0
29528,Drums of War,MISC,TRAINER,1,111588,97500,114,0
29528,Drums of War,MISC,TRAINER,1,106008,97500,108,0
29528,Drums of War,MISC,TRAINER,1,100707,97500,103,0
24268,Netherweave Net,MISC,TRAINER,20,6201,7200,86,1
24268,Netherweave Net,MISC,TRAINER,4,5952,7200,82,1
21341,Felcloth Bag,BAG,UNSOURCED,1,349666,199240,175,0
9060,Inlaid Mithril Cylinder,INTERMEDIATE,UNSOURCED,6,35779,15410,232,0
9060,Inlaid Mithril Cylinder,INTERMEDIATE,UNSOURCED,6,35063,15410,227,0
42420,Shadow Crystal Focusing Lens,MISC,TRAINER,1,17670,20000,88,1
42420,Shadow Crystal Focusing Lens,MISC,TRAINER,1,17139,20000,85,1
42420,Shadow Crystal Focusing Lens,MISC,TRAINER,1,16453,20000,82,1
42420,Shadow Crystal Focusing Lens,MISC,TRAINER,1,17670,20000,88,1
42420,Shadow Crystal Focusing Lens,MISC,TRAINER,1,17139,20000,85,1
42420,Shadow Crystal Focusing Lens,MISC,TRAINER,1,16453,20000,82,1
14342,Mooncloth,INTERMEDIATE,VENDOR,7,20407,15200,134,0
14342,Mooncloth,INTERMEDIATE,VENDOR,1,19590,15200,128,0
11128,Golden Rod,INTERMEDIATE,TRAINER,1,4493,3880,115,0
11128,Golden Rod,INTERMEDIATE,TRAINER,1,4448,3880,114,0
11128,Golden Rod,INTERMEDIATE,TRAINER,1,4493,3880,115,0
11128,Golden Rod,INTERMEDIATE,TRAINER,1,4448,3880,114,0
11128,Golden Rod,INTERMEDIATE,TRAINER,1,4493,3880,115,0
11128,Golden Rod,INTERMEDIATE,TRAINER,1,4448,3880,114,0
8173,Thick Armor Kit,MISC,TRAINER,5,4842,6440,75,1
24270,Bag of Jewels,BAG,VENDOR,1,23814,20006,119,0
24270,Bag of Jewels,BAG,VENDOR,1,23337,20006,116,0
24270,Bag of Jewels,BAG,VENDOR,1,22636,20006,113,0
15407,Cured Rugged Hide,INTERMEDIATE,TRAINER,1,8627,9060,95,1
15407,Cured Rugged Hide,INTERMEDIATE,TRAINER,5,8540,9060,94,1
29540,Reinforced Mining Bag,BAG,VENDOR,1,375105,278000,134,0
29540,Reinforced Mining Bag,BAG,VENDOR,1,360100,278000,129,0
29540,Reinforced Mining Bag,BAG,VENDOR,1,375105,278000,134,0
38225,Mycah's Botanical Bag,BAG,VENDOR,1,379113,272000,139,0
38225,Mycah's Botanical Bag,BAG,VENDOR,1,367739,272000,135,0
38225,Mycah's Botanical Bag,BAG,VENDOR,1,364061,272000,133,0
5762,Red Linen Bag,BAG,VENDOR,1,897,598,150,0
5762,Red Linen Bag,BAG,VENDOR,1,852,598,142,0
4305,Bolt of Silk Cloth,INTERMEDIATE,TRAINER,4,2669,2376,112,0
4305,Bolt of Silk Cloth,INTERMEDIATE,TRAINER,1,2642,2376,111,0
21844,Bolt of Soulcloth,INTERMEDIATE,VENDOR,3,171417,144000,119,0
21844,Bolt of Soulcloth,INTERMEDIATE,VENDOR,10,162846,144000,113,0
3576,Tin Bar,INTERMEDIATE,TRAINER,2,117,107,109,0
3576,Tin Bar,INTERMEDIATE,TRAINER,4,113,107,105,0
21752,Thorium Setting,INTERMEDIATE,TRAINER,5,1630,1545,105,0
23747,Felsteel Boomstick,GEAR,DROP,1,20322,24011,84,1
23747,Felsteel Boomstick,GEAR,DROP,1,19509,24011,81,1
23747,Felsteel Boomstick,GEAR,DROP,1,18728,24011,77,1
23747,Felsteel Boomstick,GEAR,DROP,1,20322,24011,84,1
23747,Felsteel Boomstick,GEAR,DROP,1,19509,24011,81,1
23747,Felsteel Boomstick,GEAR,DROP,1,18728,24011,77,1
23747,Felsteel Boomstick,GEAR,DROP,1,20322,24011,84,1
23747,Felsteel Boomstick,GEAR,DROP,1,19509,24011,81,1
23747,Felsteel Boomstick,GEAR,DROP,1,18728,24011,77,1
23747,Felsteel Boomstick,GEAR,DROP,1,20322,24011,84,1
23747,Felsteel Boomstick,GEAR,DROP,1,19509,24011,81,1
32833,Purified Jaggal Pearl,GEM_CUT,TRAINER,1,7004,9280,75,1
32833,Purified Jaggal Pearl,GEM_CUT,TRAINER,1,6653,9280,71,1
32833,Purified Jaggal Pearl,GEM_CUT,TRAINER,1,6320,9280,68,1
32833,Purified Jaggal Pearl,GEM_CUT,TRAINER,1,7004,9280,75,1
32833,Purified Jaggal Pearl,GEM_CUT,TRAINER,1,6653,9280,71,1
32833,Purified Jaggal Pearl,GEM_CUT,TRAINER,1,6320,9280,68,1
32833,Purified Jaggal Pearl,GEM_CUT,TRAINER,1,7004,9280,75,1
32833,Purified Jaggal Pearl,GEM_CUT,TRAINER,1,6653,9280,71,1
14048,Bolt of Runecloth,INTERMEDIATE,TRAINER,10,15342,11880,129,0
14048,Bolt of Runecloth,INTERMEDIATE,TRAINER,1,14574,11880,122,0
23787,Felsteel Stabilizer,INTERMEDIATE,TRAINER,4,1,2,50,1
23787,Felsteel Stabilizer,INTERMEDIATE,TRAINER,1,1,2,50,1
22522,Superior Wizard Oil,MISC,VENDOR,1,25027,26039,96,1
22522,Superior Wizard Oil,MISC,VENDOR,1,24776,26039,95,1
22522,Superior Wizard Oil,MISC,VENDOR,1,24528,26039,94,1
22522,Superior Wizard Oil,MISC,VENDOR,1,23792,26039,91,1
22522,Superior Wizard Oil,MISC,VENDOR,1,25027,26039,96,1
22522,Superior Wizard Oil,MISC,VENDOR,1,24776,26039,95,1
22522,Superior Wizard Oil,MISC,VENDOR,1,24528,26039,94,1
22522,Superior Wizard Oil,MISC,VENDOR,1,23792,26039,91,1
22522,Superior Wizard Oil,MISC,VENDOR,1,25027,26039,96,1
22522,Superior Wizard Oil,MISC,VENDOR,1,24776,26039,95,1
4339,Bolt of Mageweave,INTERMEDIATE,TRAINER,10,6024,5050,119,0
2997,Bolt of Woolen Cloth,INTERMEDIATE,TRAINER,2,475,408,116,0
2997,Bolt of Woolen Cloth,INTERMEDIATE,TRAINER,6,465,408,113,0
25650,Knothide Armor Kit,MISC,TRAINER,8,14630,20000,73,1
23785,Hardened Adamantite Tube,INTERMEDIATE,TRAINER,5,1,3,33,1
23785,Hardened Adamantite Tube,INTERMEDIATE,TRAINER,4,1,3,33,1
10008,White Bandit Mask,GEAR,DROP,1,5272,6023,87,1
10008,White Bandit Mask,GEAR,DROP,1,5219,6023,86,1
10008,White Bandit Mask,GEAR,DROP,1,5010,6023,83,1
10008,White Bandit Mask,GEAR,DROP,1,4759,6023,79,1
10008,White Bandit Mask,GEAR,DROP,1,5272,6023,87,1
10008,White Bandit Mask,GEAR,DROP,1,5219,6023,86,1
10008,White Bandit Mask,GEAR,DROP,1,5010,6023,83,1
23793,Heavy Knothide Leather,INTERMEDIATE,TRAINER,3,19710,25000,78,1
23793,Heavy Knothide Leather,INTERMEDIATE,TRAINER,2,19118,25000,76,1
12643,Dense Weightstone,MISC,TRAINER,1,3816,3816,100,0
44958,Ethereal Oil,INTERMEDIATE,TRAINER,10,87,96,90,1
44958,Ethereal Oil,INTERMEDIATE,TRAINER,2,85,96,88,1
23527,Earthpeace Breastplate,GEAR,DROP,1,931402,320004,291,0
23527,Earthpeace Breastplate,GEAR,DROP,1,884831,320004,276,0
23527,Earthpeace Breastplate,GEAR,DROP,1,840589,320004,262,0
21861,Imbued Netherweave Robe,GEAR,VENDOR,1,62795,65006,96,1
21861,Imbued Netherweave Robe,GEAR,VENDOR,1,60283,65006,92,1
21861,Imbued Netherweave Robe,GEAR,VENDOR,1,59680,65006,91,1
21861,Imbued Netherweave Robe,GEAR,VENDOR,1,56696,65006,87,1
21861,Imbued Netherweave Robe,GEAR,VENDOR,1,62795,65006,96,1
21861,Imbued Netherweave Robe,GEAR,VENDOR,1,60283,65006,92,1
21861,Imbued Netherweave Robe,GEAR,VENDOR,1,59680,65006,91,1
21861,Imbued Netherweave Robe,GEAR,VENDOR,1,56696,65006,87,1
21861,Imbued Netherweave Robe,GEAR,VENDOR,1,62795,65006,96,1
21861,Imbued Netherweave Robe,GEAR,VENDOR,1,60283,65006,92,1
21861,Imbued Netherweave Robe,GEAR,VENDOR,1,59680,65006,91,1
5081,Kodo Hide Bag,BAG,UNSOURCED,1,1859,853,217,0
23787,Felsteel Stabilizer,INTERMEDIATE,TRAINER,3,1,2,50,1
23787,Felsteel Stabilizer,INTERMEDIATE,TRAINER,10,1,2,50,1
21340,Soul Pouch,BAG,VENDOR,1,108232,80078,135,0
22522,Superior Wizard Oil,MISC,VENDOR,1,21612,26039,82,1
22522,Superior Wizard Oil,MISC,VENDOR,1,20747,26039,79,1
22522,Superior Wizard Oil,MISC,VENDOR,1,20124,26039,77,1
22522,Superior Wizard Oil,MISC,VENDOR,1,19319,26039,74,1
22522,Superior Wizard Oil,MISC,VENDOR,1,21612,26039,82,1
22522,Superior Wizard Oil,MISC,VENDOR,1,20747,26039,79,1
22522,Superior Wizard Oil,MISC,VENDOR,1,20124,26039,77,1
22522,Superior Wizard Oil,MISC,VENDOR,1,19319,26039,74,1
22522,Superior Wizard Oil,MISC,VENDOR,1,21612,26039,82,1
22522,Superior Wizard Oil,MISC,VENDOR,1,20747,26039,79,1
22522,Superior Wizard Oil,MISC,VENDOR,1,20124,26039,77,1
22522,Superior Wizard Oil,MISC,VENDOR,1,19319,26039,74,1
22522,Superior Wizard Oil,MISC,VENDOR,1,21612,26039,82,1
22522,Superior Wizard Oil,MISC,VENDOR,1,20747,26039,79,1
22448,Small Prismatic Shard,INTERMEDIATE,TRAINER,20,1,0,0,1
22448,Small Prismatic Shard,INTERMEDIATE,TRAINER,2,1,0,0,1
22448,Small Prismatic Shard,INTERMEDIATE,TRAINER,17,1,0,0,1
21887,Knothide Leather,INTERMEDIATE,TRAINER,3,4725,7500,63,1
21887,Knothide Leather,INTERMEDIATE,TRAINER,2,4536,7500,60,1
25685,Fel Leather Gloves,GEAR,VENDOR,1,586193,507000,115,0
22448,Small Prismatic Shard,INTERMEDIATE,TRAINER,20,1,0,0,1
22448,Small Prismatic Shard,INTERMEDIATE,TRAINER,1,1,0,0,1
31080,Mercurial Stone,GEAR,TRAINER,1,97152,96000,101,0
31080,Mercurial Stone,GEAR,TRAINER,1,96000,96000,100,0
31080,Mercurial Stone,GEAR,TRAINER,1,97152,96000,101,0
31080,Mercurial Stone,GEAR,TRAINER,1,121440,96000,126,0
31080,Mercurial Stone,GEAR,TRAINER,1,116582,96000,121,0
31080,Mercurial Stone,GEAR,TRAINER,1,115416,96000,120,0
14046,Runecloth Bag,BAG,VENDOR,1,77915,61005,127,0
34767,Firecracker Salmon,FOOD,VENDOR,5,37,49,75,1
34767,Firecracker Salmon,FOOD,VENDOR,6,35,49,71,1
34086,Winter Boots,GEAR,VENDOR,1,10663,13588,78,1
34086,Winter Boots,GEAR,VENDOR,1,10556,13588,77,1
34086,Winter Boots,GEAR,VENDOR,1,10239,13588,75,1
34086,Winter Boots,GEAR,VENDOR,1,9727,13588,71,1
34086,Winter Boots,GEAR,VENDOR,1,10663,13588,78,1
34086,Winter Boots,GEAR,VENDOR,1,10556,13588,77,1
34086,Winter Boots,GEAR,VENDOR,1,10239,13588,75,1
34086,Winter Boots,GEAR,VENDOR,1,9727,13588,71,1
34086,Winter Boots,GEAR,VENDOR,1,10663,13588,78,1
34086,Winter Boots,GEAR,VENDOR,1,10556,13588,77,1
2680,Spiced Wolf Meat,FOOD,TRAINER,7,36,33,109,0
21868,Arcanoweave Robe,GEAR,DROP,1,740763,398260,185,0
21868,Arcanoweave Robe,GEAR,DROP,1,718540,398260,180,0
23787,Felsteel Stabilizer,INTERMEDIATE,TRAINER,4,1,2,50,1
23787,Felsteel Stabilizer,INTERMEDIATE,TRAINER,4,1,2,50,1
31079,Mercurial Adamantite,INTERMEDIATE,TRAINER,10,86000,86000,100,0
31079,Mercurial Adamantite,INTERMEDIATE,TRAINER,4,86000,86000,100,0
17771,Elementium Bar,MISC,DROP,2,4053267,2472560,163,0
13511,Flask of Distilled Wisdom,FLASK,DROP,20,33367,13430,248,0
13511,Flask of Distilled Wisdom,FLASK,DROP,6,32032,13430,238,0
22761,Bramblewood Belt,GEAR,VENDOR,1,18598,22849,81,1
22761,Bramblewood Belt,GEAR,VENDOR,1,18040,22849,78,1
22761,Bramblewood Belt,GEAR,VENDOR,1,18598,22849,81,1
22761,Bramblewood Belt,GEAR,VENDOR,1,18040,22849,78,1
22761,Bramblewood Belt,GEAR,VENDOR,1,18598,22849,81,1
22761,Bramblewood Belt,GEAR,VENDOR,1,18040,22849,78,1
22761,Bramblewood Belt,GEAR,VENDOR,1,18598,22849,81,1
22761,Bramblewood Belt,GEAR,VENDOR,1,18040,22849,78,1
22761,Bramblewood Belt,GEAR,VENDOR,1,18598,22849,81,1
22761,Bramblewood Belt,GEAR,VENDOR,1,18040,22849,78,1
22761,Bramblewood Belt,GEAR,VENDOR,1,18598,22849,81,1
24269,Heavy Netherweave Net,MISC,UNSOURCED,20,13559,14400,94,1
24269,Heavy Netherweave Net,MISC,UNSOURCED,6,13016,14400,90,1
6451,Heavy Silk Bandage,MISC,TRAINER,14,1175,1188,98,1
34482,Leatherworker's Satchel,BAG,TRAINER,1,306936,245000,125,0
40144,Champion's Ametrine,GEM_CUT,VENDOR,1,311550,250000,124,0
40144,Champion's Ametrine,GEM_CUT,VENDOR,1,299088,250000,119,0
22252,Satchel of Cenarius,BAG,VENDOR,1,178537,154900,115,0
22252,Satchel of Cenarius,BAG,VENDOR,1,169610,154900,109,0
21845,Primal Mooncloth,INTERMEDIATE,VENDOR,7,84512,64001,132,0
6338,Silver Rod,INTERMEDIATE,TRAINER,1,335,335,100,0
6338,Silver Rod,INTERMEDIATE,TRAINER,1,335,335,100,0
6338,Silver Rod,INTERMEDIATE,TRAINER,1,335,335,100,0
6338,Silver Rod,INTERMEDIATE,TRAINER,1,335,335,100,0
6338,Silver Rod,INTERMEDIATE,TRAINER,1,335,335,100,0
6338,Silver Rod,INTERMEDIATE,TRAINER,1,335,335,100,0
23448,Felsteel Bar,INTERMEDIATE,TRAINER,9,83448,76000,109,0
23448,Felsteel Bar,INTERMEDIATE,TRAINER,4,79275,76000,104,0
21340,Soul Pouch,BAG,VENDOR,1,89846,80078,112,0
21340,Soul Pouch,BAG,VENDOR,1,87150,80078,108,0
21340,Soul Pouch,BAG,VENDOR,1,89846,80078,112,0
24270,Bag of Jewels,BAG,VENDOR,1,23696,20006,118,0
24270,Bag of Jewels,BAG,VENDOR,1,23222,20006,116,0
23787,Felsteel Stabilizer,INTERMEDIATE,TRAINER,3,1,2,50,1
23787,Felsteel Stabilizer,INTERMEDIATE,TRAINER,11,1,2,50,1
24250,Bracers of Havok,GEAR,DROP,1,741899,256004,289,0
24250,Bracers of Havok,GEAR,DROP,1,704804,256004,275,0
24270,Bag of Jewels,BAG,VENDOR,1,15188,20006,75,1
24270,Bag of Jewels,BAG,VENDOR,1,14732,20006,73,1
24270,Bag of Jewels,BAG,VENDOR,1,14142,20006,70,1
24270,Bag of Jewels,BAG,VENDOR,1,13434,20006,67,1
24270,Bag of Jewels,BAG,VENDOR,1,15188,20006,75,1
24270,Bag of Jewels,BAG,VENDOR,1,14732,20006,73,1
24270,Bag of Jewels,BAG,VENDOR,1,14142,20006,70,1
24270,Bag of Jewels,BAG,VENDOR,1,13434,20006,67,1
24270,Bag of Jewels,BAG,VENDOR,1,15188,20006,75,1
24270,Bag of Jewels,BAG,VENDOR,1,14732,20006,73,1
24270,Bag of Jewels,BAG,VENDOR,1,14142,20006,70,1
5762,Red Linen Bag,BAG,VENDOR,1,753,598,125,0
5762,Red Linen Bag,BAG,VENDOR,1,722,598,120,0
5762,Red Linen Bag,BAG,VENDOR,1,693,598,115,0
11144,Truesilver Rod,INTERMEDIATE,TRAINER,1,5753,4720,121,0
11144,Truesilver Rod,INTERMEDIATE,TRAINER,1,5695,4720,120,0
11144,Truesilver Rod,INTERMEDIATE,TRAINER,1,5638,4720,119,0
11144,Truesilver Rod,INTERMEDIATE,TRAINER,1,5753,4720,121,0
11144,Truesilver Rod,INTERMEDIATE,TRAINER,1,5695,4720,120,0
11144,Truesilver Rod,INTERMEDIATE,TRAINER,1,5638,4720,119,0
11144,Truesilver Rod,INTERMEDIATE,TRAINER,1,5753,4720,121,0
11144,Truesilver Rod,INTERMEDIATE,TRAINER,1,5695,4720,120,0
11144,Truesilver Rod,INTERMEDIATE,TRAINER,1,5638,4720,119,0
11144,Truesilver Rod,INTERMEDIATE,TRAINER,1,5753,4720,121,0
11144,Truesilver Rod,INTERMEDIATE,TRAINER,1,5695,4720,120,0
11144,Truesilver Rod,INTERMEDIATE,TRAINER,1,5638,4720,119,0
11144,Truesilver Rod,INTERMEDIATE,TRAINER,1,5753,4720,121,0
11144,Truesilver Rod,INTERMEDIATE,TRAINER,1,5695,4720,120,0
11144,Truesilver Rod,INTERMEDIATE,TRAINER,1,5638,4720,119,0
23508,Adamantite Plate Gloves,GEAR,VENDOR,1,407509,314000,129,0
24268,Netherweave Net,MISC,TRAINER,16,6013,7200,83,1
21341,Felcloth Bag,BAG,UNSOURCED,1,521251,199240,261,0
21341,Felcloth Bag,BAG,UNSOURCED,1,510825,199240,256,0
22448,Small Prismatic Shard,INTERMEDIATE,TRAINER,20,1,0,0,1
22448,Small Prismatic Shard,INTERMEDIATE,TRAINER,8,1,0,0,1
22448,Small Prismatic Shard,INTERMEDIATE,TRAINER,5,1,0,0,1
22252,Satchel of Cenarius,BAG,VENDOR,1,201060,154900,129,0
22252,Satchel of Cenarius,BAG,VENDOR,1,197038,154900,127,0
22252,Satchel of Cenarius,BAG,VENDOR,1,191126,154900,123,0
20008,Living Action Potion,ELIXIR_POT,VENDOR,15,11899,8452,140,0
22252,Satchel of Cenarius,BAG,VENDOR,1,194755,154900,125,0
22252,Satchel of Cenarius,BAG,VENDOR,1,192807,154900,124,0
22448,Small Prismatic Shard,INTERMEDIATE,TRAINER,20,1,0,0,1
22448,Small Prismatic Shard,INTERMEDIATE,TRAINER,6,1,0,0,1
22448,Small Prismatic Shard,INTERMEDIATE,TRAINER,7,1,0,0,1
25671,Thick Draenic Vest,GEAR,TRAINER,1,68544,85000,80,1
25671,Thick Draenic Vest,GEAR,TRAINER,1,65116,85000,76,1
25671,Thick Draenic Vest,GEAR,TRAINER,1,68544,85000,80,1
25671,Thick Draenic Vest,GEAR,TRAINER,1,65116,85000,76,1
25671,Thick Draenic Vest,GEAR,TRAINER,1,68544,85000,80,1
25671,Thick Draenic Vest,GEAR,TRAINER,1,65116,85000,76,1
25671,Thick Draenic Vest,GEAR,TRAINER,1,68544,85000,80,1
25671,Thick Draenic Vest,GEAR,TRAINER,1,65116,85000,76,1
25671,Thick Draenic Vest,GEAR,TRAINER,1,68544,85000,80,1
25671,Thick Draenic Vest,GEAR,TRAINER,1,65116,85000,76,1
25671,Thick Draenic Vest,GEAR,TRAINER,1,68544,85000,80,1
25671,Thick Draenic Vest,GEAR,TRAINER,1,65116,85000,76,1
25671,Thick Draenic Vest,GEAR,TRAINER,1,68544,85000,80,1
25671,Thick Draenic Vest,GEAR,TRAINER,1,65116,85000,76,1
25671,Thick Draenic Vest,GEAR,TRAINER,1,68544,85000,80,1
22252,Satchel of Cenarius,BAG,VENDOR,1,164503,154900,106,0
22252,Satchel of Cenarius,BAG,VENDOR,1,156277,154900,100,0
22522,Superior Wizard Oil,MISC,VENDOR,1,22426,26039,86,1
22522,Superior Wizard Oil,MISC,VENDOR,1,22201,26039,85,1
22522,Superior Wizard Oil,MISC,VENDOR,1,21978,26039,84,1
22522,Superior Wizard Oil,MISC,VENDOR,1,21318,26039,81,1
22522,Superior Wizard Oil,MISC,VENDOR,1,22426,26039,86,1
22522,Superior Wizard Oil,MISC,VENDOR,1,22201,26039,85,1
22522,Superior Wizard Oil,MISC,VENDOR,1,21978,26039,84,1
4245,Small Silk Pack,BAG,TRAINER,1,8901,8640,103,0
32836,Purified Shadow Pearl,GEM_CUT,TRAINER,1,6180,9280,66,1
32836,Purified Shadow Pearl,GEM_CUT,TRAINER,1,5994,9280,64,1
32836,Purified Shadow Pearl,GEM_CUT,TRAINER,1,5874,9280,63,1
32836,Purified Shadow Pearl,GEM_CUT,TRAINER,1,6180,9280,66,1
32836,Purified Shadow Pearl,GEM_CUT,TRAINER,1,5994,9280,64,1
32836,Purified Shadow Pearl,GEM_CUT,TRAINER,1,5874,9280,63,1
32836,Purified Shadow Pearl,GEM_CUT,TRAINER,1,6180,9280,66,1
32836,Purified Shadow Pearl,GEM_CUT,TRAINER,1,5994,9280,64,1
32836,Purified Shadow Pearl,GEM_CUT,TRAINER,1,5874,9280,63,1
32836,Purified Shadow Pearl,GEM_CUT,TRAINER,1,6180,9280,66,1
33208,Flask of Chromatic Wonder,FLASK,VENDOR,20,40075,36000,111,0
33208,Flask of Chromatic Wonder,FLASK,VENDOR,16,38472,36000,106,0
22448,Small Prismatic Shard,INTERMEDIATE,TRAINER,20,1,0,0,1
22448,Small Prismatic Shard,INTERMEDIATE,TRAINER,7,1,0,0,1
22252,Satchel of Cenarius,BAG,VENDOR,1,178351,154900,115,0
22252,Satchel of Cenarius,BAG,VENDOR,1,174783,154900,112,0
22252,Satchel of Cenarius,BAG,VENDOR,1,167791,154900,108,0
23787,Felsteel Stabilizer,INTERMEDIATE,TRAINER,4,1,2,50,1
23787,Felsteel Stabilizer,INTERMEDIATE,TRAINER,7,1,2,50,1
21843,Imbued Netherweave Bag,BAG,VENDOR,1,66532,60005,110,0
31080,Mercurial Stone,GEAR,TRAINER,1,101760,96000,106,0
31080,Mercurial Stone,GEAR,TRAINER,1,96672,96000,100,0
31080,Mercurial Stone,GEAR,TRAINER,1,96000,96000,100,0
22448,Small Prismatic Shard,INTERMEDIATE,TRAINER,12,1,0,0,1
22448,Small Prismatic Shard,INTERMEDIATE,TRAINER,6,1,0,0,1
34490,Bag of Many Hides,BAG,DROP,1,1077354,627500,171,0
34490,Bag of Many Hides,BAG,DROP,1,1055806,627500,168,0
23523,Khorium Pants,GEAR,DROP,1,1117984,496000,225,0
23523,Khorium Pants,GEAR,DROP,1,1084444,496000,218,0
21990,Netherweave Bandage,MISC,TRAINER,5,4134,4800,86,1
21862,Imbued Netherweave Tunic,GEAR,VENDOR,1,47915,65006,73,1
21862,Imbued Netherweave Tunic,GEAR,VENDOR,1,46956,65006,72,1
21862,Imbued Netherweave Tunic,GEAR,VENDOR,1,45547,65006,70,1
21862,Imbued Netherweave Tunic,GEAR,VENDOR,1,47915,65006,73,1
21862,Imbued Netherweave Tunic,GEAR,VENDOR,1,46956,65006,72,1
21862,Imbued Netherweave Tunic,GEAR,VENDOR,1,45547,65006,70,1
21862,Imbued Netherweave Tunic,GEAR,VENDOR,1,47915,65006,73,1
21862,Imbued Netherweave Tunic,GEAR,VENDOR,1,46956,65006,72,1
22448,Small Prismatic Shard,INTERMEDIATE,TRAINER,20,1,0,0,1
22448,Small Prismatic Shard,INTERMEDIATE,TRAINER,11,1,0,0,1
22448,Small Prismatic Shard,INTERMEDIATE,TRAINER,5,1,0,0,1
22574,Mote of Fire,INTERMEDIATE,TRAINER,10,3362,3200,105,0
22574,Mote of Fire,INTERMEDIATE,TRAINER,10,3227,3200,100,0
22574,Mote of Fire,INTERMEDIATE,TRAINER,10,3362,3200,105,0
22574,Mote of Fire,INTERMEDIATE,TRAINER,10,3227,3200,100,0
22574,Mote of Fire,INTERMEDIATE,TRAINER,10,3362,3200,105,0
22574,Mote of Fire,INTERMEDIATE,TRAINER,10,3227,3200,100,0
22574,Mote of Fire,INTERMEDIATE,TRAINER,10,3362,3200,105,0
22574,Mote of Fire,INTERMEDIATE,TRAINER,10,3227,3200,100,0
22574,Mote of Fire,INTERMEDIATE,TRAINER,10,3362,3200,105,0
22574,Mote of Fire,INTERMEDIATE,TRAINER,10,3227,3200,100,0
22574,Mote of Fire,INTERMEDIATE,TRAINER,10,3362,3200,105,0
22574,Mote of Fire,INTERMEDIATE,TRAINER,9,3227,3200,100,0
22574,Mote of Fire,INTERMEDIATE,TRAINER,1,3362,3200,105,0
7966,Solid Grinding Stone,INTERMEDIATE,TRAINER,2,2493,2352,105,0
7966,Solid Grinding Stone,INTERMEDIATE,TRAINER,4,2393,2352,101,0
32833,Purified Jaggal Pearl,GEM_CUT,TRAINER,1,8982,9280,96,1
32833,Purified Jaggal Pearl,GEM_CUT,TRAINER,1,8802,9280,94,1
32833,Purified Jaggal Pearl,GEM_CUT,TRAINER,1,8537,9280,91,1
32833,Purified Jaggal Pearl,GEM_CUT,TRAINER,1,8982,9280,96,1
32833,Purified Jaggal Pearl,GEM_CUT,TRAINER,1,8802,9280,94,1
32833,Purified Jaggal Pearl,GEM_CUT,TRAINER,1,8537,9280,91,1
32833,Purified Jaggal Pearl,GEM_CUT,TRAINER,1,8982,9280,96,1
4238,Linen Bag,BAG,TRAINER,1,414,366,113,0
4238,Linen Bag,BAG,TRAINER,1,401,366,109,0
4238,Linen Bag,BAG,TRAINER,1,414,366,113,0
40195,Pygmy Oil,INTERMEDIATE,TRAINER,11,234,300,78,1
40195,Pygmy Oil,INTERMEDIATE,TRAINER,2,231,300,77,1
44958,Ethereal Oil,INTERMEDIATE,TRAINER,6,94,96,97,1
22448,Small Prismatic Shard,INTERMEDIATE,TRAINER,20,1,0,0,1
22448,Small Prismatic Shard,INTERMEDIATE,TRAINER,3,1,0,0,1
22448,Small Prismatic Shard,INTERMEDIATE,TRAINER,16,1,0,0,1
22522,Superior Wizard Oil,MISC,VENDOR,1,20050,26039,76,1
22522,Superior Wizard Oil,MISC,VENDOR,1,19248,26039,73,1
22522,Superior Wizard Oil,MISC,VENDOR,1,18478,26039,70,1
22522,Superior Wizard Oil,MISC,VENDOR,1,20050,26039,76,1
22522,Superior Wizard Oil,MISC,VENDOR,1,19248,26039,73,1
21862,Imbued Netherweave Tunic,GEAR,VENDOR,1,50301,65006,77,1
21862,Imbued Netherweave Tunic,GEAR,VENDOR,1,49797,65006,76,1
21862,Imbued Netherweave Tunic,GEAR,VENDOR,1,50301,65006,77,1
21862,Imbued Netherweave Tunic,GEAR,VENDOR,1,49797,65006,76,1
21862,Imbued Netherweave Tunic,GEAR,VENDOR,1,50301,65006,77,1
21862,Imbued Netherweave Tunic,GEAR,VENDOR,1,49797,65006,76,1
21862,Imbued Netherweave Tunic,GEAR,VENDOR,1,50301,65006,77,1
21862,Imbued Netherweave Tunic,GEAR,VENDOR,1,49797,65006,76,1
21862,Imbued Netherweave Tunic,GEAR,VENDOR,1,50301,65006,77,1
21862,Imbued Netherweave Tunic,GEAR,VENDOR,1,49797,65006,76,1
4339,Bolt of Mageweave,INTERMEDIATE,TRAINER,8,5548,5050,109,0
9060,Inlaid Mithril Cylinder,INTERMEDIATE,UNSOURCED,5,23765,15410,154,0
9060,Inlaid Mithril Cylinder,INTERMEDIATE,UNSOURCED,8,23527,15410,152,0
23785,Hardened Adamantite Tube,INTERMEDIATE,TRAINER,10,1,3,33,1
23785,Hardened Adamantite Tube,INTERMEDIATE,TRAINER,1,1,3,33,1
22448,Small Prismatic Shard,INTERMEDIATE,TRAINER,20,1,0,0,1
22448,Small Prismatic Shard,INTERMEDIATE,TRAINER,2,1,0,0,1
22448,Small Prismatic Shard,INTERMEDIATE,TRAINER,2,1,0,0,1
44837,Spice Bread Stuffing,FOOD,DROP,5,77,24,320,0
44837,Spice Bread Stuffing,FOOD,DROP,7,73,24,304,0
44554,Flying Carpet,MISC,TRAINER,1,299272,254052,117,0
44554,Flying Carpet,MISC,TRAINER,1,284308,254052,111,0
29529,Drums of Battle,MISC,VENDOR,1,133488,162000,82,1
29529,Drums of Battle,MISC,VENDOR,1,132153,162000,81,1
29529,Drums of Battle,MISC,VENDOR,1,133488,162000,82,1
29529,Drums of Battle,MISC,VENDOR,1,132153,162000,81,1
29529,Drums of Battle,MISC,VENDOR,1,133488,162000,82,1
29529,Drums of Battle,MISC,VENDOR,1,132153,162000,81,1
29529,Drums of Battle,MISC,VENDOR,1,133488,162000,82,1
29529,Drums of Battle,MISC,VENDOR,1,132153,162000,81,1
29529,Drums of Battle,MISC,VENDOR,1,133488,162000,82,1
29529,Drums of Battle,MISC,VENDOR,1,132153,162000,81,1
29529,Drums of Battle,MISC,VENDOR,1,133488,162000,82,1
31080,Mercurial Stone,GEAR,TRAINER,1,96000,96000,100,0
21845,Primal Mooncloth,INTERMEDIATE,VENDOR,14,75712,64001,118,0
40195,Pygmy Oil,INTERMEDIATE,TRAINER,3,232,300,77,1
40195,Pygmy Oil,INTERMEDIATE,TRAINER,2,222,300,74,1
32833,Purified Jaggal Pearl,GEM_CUT,TRAINER,1,7680,9280,82,1
32833,Purified Jaggal Pearl,GEM_CUT,TRAINER,1,7296,9280,78,1
32833,Purified Jaggal Pearl,GEM_CUT,TRAINER,1,7004,9280,75,1
32833,Purified Jaggal Pearl,GEM_CUT,TRAINER,1,7680,9280,82,1
32833,Purified Jaggal Pearl,GEM_CUT,TRAINER,1,7296,9280,78,1
32833,Purified Jaggal Pearl,GEM_CUT,TRAINER,1,7004,9280,75,1
32833,Purified Jaggal Pearl,GEM_CUT,TRAINER,1,7680,9280,82,1
32833,Purified Jaggal Pearl,GEM_CUT,TRAINER,1,7296,9280,78,1
32833,Purified Jaggal Pearl,GEM_CUT,TRAINER,1,7004,9280,75,1
32833,Purified Jaggal Pearl,GEM_CUT,TRAINER,1,7680,9280,82,1
32833,Purified Jaggal Pearl,GEM_CUT,TRAINER,1,7296,9280,78,1
32833,Purified Jaggal Pearl,GEM_CUT,TRAINER,1,7004,9280,75,1
17771,Elementium Bar,MISC,DROP,3,5818427,2472560,235,0
25843,Fel Iron Rod,INTERMEDIATE,TRAINER,1,82173,72000,114,0
25843,Fel Iron Rod,INTERMEDIATE,TRAINER,1,78886,72000,109,0
25843,Fel Iron Rod,INTERMEDIATE,TRAINER,1,76519,72000,106,0
25843,Fel Iron Rod,INTERMEDIATE,TRAINER,1,75753,72000,105,0
25843,Fel Iron Rod,INTERMEDIATE,TRAINER,1,82173,72000,114,0
25843,Fel Iron Rod,INTERMEDIATE,TRAINER,1,78886,72000,109,0
25843,Fel Iron Rod,INTERMEDIATE,TRAINER,1,76519,72000,106,0
25843,Fel Iron Rod,INTERMEDIATE,TRAINER,1,75753,72000,105,0
25843,Fel Iron Rod,INTERMEDIATE,TRAINER,1,82173,72000,114,0
25843,Fel Iron Rod,INTERMEDIATE,TRAINER,1,78886,72000,109,0
25843,Fel Iron Rod,INTERMEDIATE,TRAINER,1,76519,72000,106,0
25843,Fel Iron Rod,INTERMEDIATE,TRAINER,1,75753,72000,105,0
25845,Eternium Rod,INTERMEDIATE,VENDOR,1,87808,80000,109,0
25845,Eternium Rod,INTERMEDIATE,VENDOR,1,85173,80000,106,0
25845,Eternium Rod,INTERMEDIATE,VENDOR,1,81766,80000,102,0
25845,Eternium Rod,INTERMEDIATE,VENDOR,1,87808,80000,109,0
25845,Eternium Rod,INTERMEDIATE,VENDOR,1,85173,80000,106,0
25845,Eternium Rod,INTERMEDIATE,VENDOR,1,81766,80000,102,0
25845,Eternium Rod,INTERMEDIATE,VENDOR,1,87808,80000,109,0
25845,Eternium Rod,INTERMEDIATE,VENDOR,1,85173,80000,106,0
4238,Linen Bag,BAG,TRAINER,1,425,366,116,0
4238,Linen Bag,BAG,TRAINER,1,408,366,111,0
4238,Linen Bag,BAG,TRAINER,1,395,366,107,0
44958,Ethereal Oil,INTERMEDIATE,TRAINER,3,73,96,76,1
44958,Ethereal Oil,INTERMEDIATE,TRAINER,4,70,96,72,1
23445,Fel Iron Bar,INTERMEDIATE,TRAINER,9,13483,12000,112,0
23445,Fel Iron Bar,INTERMEDIATE,TRAINER,6,13348,12000,111,0
4339,Bolt of Mageweave,INTERMEDIATE,TRAINER,2,5050,5050,100,0
4339,Bolt of Mageweave,INTERMEDIATE,TRAINER,7,5050,5050,100,0
21845,Primal Mooncloth,INTERMEDIATE,VENDOR,4,43315,64001,67,1
21845,Primal Mooncloth,INTERMEDIATE,VENDOR,2,41149,64001,64,1
23785,Hardened Adamantite Tube,INTERMEDIATE,TRAINER,6,1,3,33,1
23785,Hardened Adamantite Tube,INTERMEDIATE,TRAINER,1,1,3,33,1
44958,Ethereal Oil,INTERMEDIATE,TRAINER,1,82,96,85,1
44958,Ethereal Oil,INTERMEDIATE,TRAINER,10,79,96,82,1
22448,Small Prismatic Shard,INTERMEDIATE,TRAINER,20,1,0,0,1
22448,Small Prismatic Shard,INTERMEDIATE,TRAINER,20,1,0,0,1
22448,Small Prismatic Shard,INTERMEDIATE,TRAINER,4,1,0,0,1
22448,Small Prismatic Shard,INTERMEDIATE,TRAINER,1,1,0,0,1
21843,Imbued Netherweave Bag,BAG,VENDOR,1,76403,60005,127,0
21843,Imbued Netherweave Bag,BAG,VENDOR,1,75638,60005,126,0
21843,Imbued Netherweave Bag,BAG,VENDOR,1,72612,60005,121,0
44958,Ethereal Oil,INTERMEDIATE,TRAINER,1,82,96,85,1
44958,Ethereal Oil,INTERMEDIATE,TRAINER,9,81,96,84,1
25843,Fel Iron Rod,INTERMEDIATE,TRAINER,1,81216,72000,112,0
25843,Fel Iron Rod,INTERMEDIATE,TRAINER,1,80403,72000,111,0
25843,Fel Iron Rod,INTERMEDIATE,TRAINER,1,78794,72000,109,0
25843,Fel Iron Rod,INTERMEDIATE,TRAINER,1,81216,72000,112,0
25843,Fel Iron Rod,INTERMEDIATE,TRAINER,1,80403,72000,111,0
25843,Fel Iron Rod,INTERMEDIATE,TRAINER,1,78794,72000,109,0
25843,Fel Iron Rod,INTERMEDIATE,TRAINER,1,81216,72000,112,0
25843,Fel Iron Rod,INTERMEDIATE,TRAINER,1,80403,72000,111,0
25843,Fel Iron Rod,INTERMEDIATE,TRAINER,1,78794,72000,109,0
25843,Fel Iron Rod,INTERMEDIATE,TRAINER,1,81216,72000,112,0
25843,Fel Iron Rod,INTERMEDIATE,TRAINER,1,80403,72000,111,0
25843,Fel Iron Rod,INTERMEDIATE,TRAINER,1,78794,72000,109,0
25843,Fel Iron Rod,INTERMEDIATE,TRAINER,1,81216,72000,112,0
25843,Fel Iron Rod,INTERMEDIATE,TRAINER,1,80403,72000,111,0
6338,Silver Rod,INTERMEDIATE,TRAINER,1,372,335,111,0
6338,Silver Rod,INTERMEDIATE,TRAINER,1,368,335,109,0
6338,Silver Rod,INTERMEDIATE,TRAINER,1,360,335,107,0
6338,Silver Rod,INTERMEDIATE,TRAINER,1,345,335,102,0
6338,Silver Rod,INTERMEDIATE,TRAINER,1,372,335,111,0
6338,Silver Rod,INTERMEDIATE,TRAINER,1,368,335,109,0
6338,Silver Rod,INTERMEDIATE,TRAINER,1,360,335,107,0
6338,Silver Rod,INTERMEDIATE,TRAINER,1,345,335,102,0
6338,Silver Rod,INTERMEDIATE,TRAINER,1,372,335,111,0
6338,Silver Rod,INTERMEDIATE,TRAINER,1,368,335,109,0
32836,Purified Shadow Pearl,GEM_CUT,TRAINER,1,7683,9280,82,1
32836,Purified Shadow Pearl,GEM_CUT,TRAINER,1,7606,9280,81,1
32836,Purified Shadow Pearl,GEM_CUT,TRAINER,1,7683,9280,82,1
32836,Purified Shadow Pearl,GEM_CUT,TRAINER,1,7606,9280,81,1
32836,Purified Shadow Pearl,GEM_CUT,TRAINER,1,7683,9280,82,1
32836,Purified Shadow Pearl,GEM_CUT,TRAINER,1,7606,9280,81,1
32836,Purified Shadow Pearl,GEM_CUT,TRAINER,1,7683,9280,82,1
32836,Purified Shadow Pearl,GEM_CUT,TRAINER,1,7606,9280,81,1
32836,Purified Shadow Pearl,GEM_CUT,TRAINER,1,7683,9280,82,1
32836,Purified Shadow Pearl,GEM_CUT,TRAINER,1,7606,9280,81,1
32836,Purified Shadow Pearl,GEM_CUT,TRAINER,1,7683,9280,82,1
32836,Purified Shadow Pearl,GEM_CUT,TRAINER,1,7606,9280,81,1
32836,Purified Shadow Pearl,GEM_CUT,TRAINER,1,7683,9280,82,1
24270,Bag of Jewels,BAG,VENDOR,1,14259,20006,71,1
24270,Bag of Jewels,BAG,VENDOR,1,13546,20006,67,1
24270,Bag of Jewels,BAG,VENDOR,1,13139,20006,65,1
24270,Bag of Jewels,BAG,VENDOR,1,14259,20006,71,1
24270,Bag of Jewels,BAG,VENDOR,1,13546,20006,67,1
24270,Bag of Jewels,BAG,VENDOR,1,13139,20006,65,1
24270,Bag of Jewels,BAG,VENDOR,1,14259,20006,71,1
24270,Bag of Jewels,BAG,VENDOR,1,13546,20006,67,1
24270,Bag of Jewels,BAG,VENDOR,1,13139,20006,65,1
24270,Bag of Jewels,BAG,VENDOR,1,14259,20006,71,1
44958,Ethereal Oil,INTERMEDIATE,TRAINER,9,67,96,69,1
44958,Ethereal Oil,INTERMEDIATE,TRAINER,2,64,96,66,1
42420,Shadow Crystal Focusing Lens,MISC,TRAINER,1,14940,20000,74,1
42420,Shadow Crystal Focusing Lens,MISC,TRAINER,1,14342,20000,71,1
42420,Shadow Crystal Focusing Lens,MISC,TRAINER,1,14940,20000,74,1
42420,Shadow Crystal Focusing Lens,MISC,TRAINER,1,14342,20000,71,1
42420,Shadow Crystal Focusing Lens,MISC,TRAINER,1,14940,20000,74,1
42420,Shadow Crystal Focusing Lens,MISC,TRAINER,1,14342,20000,71,1
42420,Shadow Crystal Focusing Lens,MISC,TRAINER,1,14940,20000,74,1
42420,Shadow Crystal Focusing Lens,MISC,TRAINER,1,14342,20000,71,1
21861,Imbued Netherweave Robe,GEAR,VENDOR,1,49689,65006,76,1
21861,Imbued Netherweave Robe,GEAR,VENDOR,1,47701,65006,73,1
21861,Imbued Netherweave Robe,GEAR,VENDOR,1,46269,65006,71,1
21861,Imbued Netherweave Robe,GEAR,VENDOR,1,49689,65006,76,1
21861,Imbued Netherweave Robe,GEAR,VENDOR,1,47701,65006,73,1
21861,Imbued Netherweave Robe,GEAR,VENDOR,1,46269,65006,71,1
21861,Imbued Netherweave Robe,GEAR,VENDOR,1,49689,65006,76,1
40141,Guardian's Dreadstone,GEM_CUT,VENDOR,1,332225,250000,132,0
40141,Guardian's Dreadstone,GEM_CUT,VENDOR,1,315613,250000,126,0
40141,Guardian's Dreadstone,GEM_CUT,VENDOR,1,332225,250000,132,0
23538,Bracers of the Green Fortress,GEAR,DROP,1,1920975,720006,266,0
23538,Bracers of the Green Fortress,GEAR,DROP,1,1863345,720006,258,0
23538,Bracers of the Green Fortress,GEAR,DROP,1,1920975,720006,266,0
33092,Healing Potion Injector,ELIXIR_POT,DROP,20,43175,18400,234,0
33092,Healing Potion Injector,ELIXIR_POT,DROP,5,41448,18400,225,0
33092,Healing Potion Injector,ELIXIR_POT,DROP,5,41033,18400,223,0
33092,Healing Potion Injector,ELIXIR_POT,DROP,5,40212,18400,218,0
33092,Healing Potion Injector,ELIXIR_POT,DROP,20,43175,18400,234,0
33092,Healing Potion Injector,ELIXIR_POT,DROP,20,41448,18400,225,0
33092,Healing Potion Injector,ELIXIR_POT,DROP,5,41033,18400,223,0
33092,Healing Potion Injector,ELIXIR_POT,DROP,5,40212,18400,218,0
33092,Healing Potion Injector,ELIXIR_POT,DROP,5,43175,18400,234,0
33092,Healing Potion Injector,ELIXIR_POT,DROP,5,41448,18400,225,0
33092,Healing Potion Injector,ELIXIR_POT,DROP,20,41033,18400,223,0
33092,Healing Potion Injector,ELIXIR_POT,DROP,5,40212,18400,218,0
33092,Healing Potion Injector,ELIXIR_POT,DROP,20,43175,18400,234,0
33092,Healing Potion Injector,ELIXIR_POT,DROP,5,41448,18400,225,0
33092,Healing Potion Injector,ELIXIR_POT,DROP,20,41033,18400,223,0
33092,Healing Potion Injector,ELIXIR_POT,DROP,15,40212,18400,218,0
22445,Arcane Dust,INTERMEDIATE,UNSOURCED,20,4303,5013,85,1
22445,Arcane Dust,INTERMEDIATE,UNSOURCED,9,4130,5013,82,1
22445,Arcane Dust,INTERMEDIATE,UNSOURCED,10,3964,5013,79,1
24268,Netherweave Net,MISC,TRAINER,14,5875,7200,81,1
25679,Comfortable Insoles,MISC,VENDOR,8,7708,10000,77,1
23446,Adamantite Bar,INTERMEDIATE,TRAINER,1,18000,18000,100,0
23446,Adamantite Bar,INTERMEDIATE,TRAINER,11,18000,18000,100,0
24272,Shadowcloth,INTERMEDIATE,VENDOR,7,78400,64001,122,0
23521,Ragesteel Helm,GEAR,DROP,1,1443006,634400,227,0
23521,Ragesteel Helm,GEAR,DROP,1,1385285,634400,218,0
13512,Flask of Supreme Power,FLASK,DROP,5,33147,11430,290,0
13512,Flask of Supreme Power,FLASK,DROP,5,31821,11430,278,0
13512,Flask of Supreme Power,FLASK,DROP,5,31184,11430,272,0
13512,Flask of Supreme Power,FLASK,DROP,20,33147,11430,290,0
13512,Flask of Supreme Power,FLASK,DROP,3,31821,11430,278,0
21841,Netherweave Bag,BAG,TRAINER,1,116715,101000,115,0
21841,Netherweave Bag,BAG,TRAINER,1,115547,101000,114,0
40040,Resplendent Monarch Topaz,GEM_CUT,VENDOR,1,199305,150000,132,0
40040,Resplendent Monarch Topaz,GEM_CUT,VENDOR,1,189339,150000,126,0
15869,Silver Skeleton Key,MISC,TRAINER,2,159,159,100,0
22448,Small Prismatic Shard,INTERMEDIATE,TRAINER,20,1,0,0,1
22448,Small Prismatic Shard,INTERMEDIATE,TRAINER,20,1,0,0,1
22448,Small Prismatic Shard,INTERMEDIATE,TRAINER,4,1,0,0,1
22448,Small Prismatic Shard,INTERMEDIATE,TRAINER,1,1,0,0,1
23447,Eternium Bar,INTERMEDIATE,TRAINER,6,22692,20000,113,0
23447,Eternium Bar,INTERMEDIATE,TRAINER,3,21557,20000,107,0
21775,Onslaught Ring,GEAR,TRAINER,1,15707,17809,88,1
21775,Onslaught Ring,GEAR,TRAINER,1,14921,17809,83,1
21775,Onslaught Ring,GEAR,TRAINER,1,15707,17809,88,1
21775,Onslaught Ring,GEAR,TRAINER,1,14921,17809,83,1
21775,Onslaught Ring,GEAR,TRAINER,1,15707,17809,88,1
21775,Onslaught Ring,GEAR,TRAINER,1,14921,17809,83,1
22761,Bramblewood Belt,GEAR,VENDOR,1,16633,22849,72,1
22761,Bramblewood Belt,GEAR,VENDOR,1,16300,22849,71,1
22761,Bramblewood Belt,GEAR,VENDOR,1,15648,22849,68,1
22761,Bramblewood Belt,GEAR,VENDOR,1,16633,22849,72,1
22761,Bramblewood Belt,GEAR,VENDOR,1,16300,22849,71,1
21862,Imbued Netherweave Tunic,GEAR,VENDOR,1,45399,65006,69,1
21862,Imbued Netherweave Tunic,GEAR,VENDOR,1,43129,65006,66,1
21862,Imbued Netherweave Tunic,GEAR,VENDOR,1,42266,65006,65,1
21862,Imbued Netherweave Tunic,GEAR,VENDOR,1,40575,65006,62,1
21862,Imbued Netherweave Tunic,GEAR,VENDOR,1,45399,65006,69,1
21862,Imbued Netherweave Tunic,GEAR,VENDOR,1,43129,65006,66,1
21862,Imbued Netherweave Tunic,GEAR,VENDOR,1,42266,65006,65,1
21862,Imbued Netherweave Tunic,GEAR,VENDOR,1,40575,65006,62,1
24270,Bag of Jewels,BAG,VENDOR,1,16196,20006,80,1
24270,Bag of Jewels,BAG,VENDOR,1,15386,20006,76,1
24270,Bag of Jewels,BAG,VENDOR,1,15078,20006,75,1
24270,Bag of Jewels,BAG,VENDOR,1,16196,20006,80,1
24270,Bag of Jewels,BAG,VENDOR,1,15386,20006,76,1
24270,Bag of Jewels,BAG,VENDOR,1,15078,20006,75,1
24270,Bag of Jewels,BAG,VENDOR,1,16196,20006,80,1
24270,Bag of Jewels,BAG,VENDOR,1,15386,20006,76,1
24270,Bag of Jewels,BAG,VENDOR,1,15078,20006,75,1
24270,Bag of Jewels,BAG,VENDOR,1,16196,20006,80,1
24270,Bag of Jewels,BAG,VENDOR,1,15386,20006,76,1
24270,Bag of Jewels,BAG,VENDOR,1,15078,20006,75,1
23787,Felsteel Stabilizer,INTERMEDIATE,TRAINER,6,1,2,50,1
23787,Felsteel Stabilizer,INTERMEDIATE,TRAINER,9,1,2,50,1
12359,Thorium Bar,INTERMEDIATE,TRAINER,10,1174,1545,75,1
12359,Thorium Bar,INTERMEDIATE,TRAINER,5,1162,1545,75,1
22448,Small Prismatic Shard,INTERMEDIATE,TRAINER,20,1,0,0,1
22448,Small Prismatic Shard,INTERMEDIATE,TRAINER,20,1,0,0,1
22448,Small Prismatic Shard,INTERMEDIATE,TRAINER,2,1,0,0,1
12655,Enchanted Thorium Bar,INTERMEDIATE,TRAINER,13,40499,36825,109,0
12655,Enchanted Thorium Bar,INTERMEDIATE,TRAINER,2,40094,36825,108,0
21862,Imbued Netherweave Tunic,GEAR,VENDOR,1,58427,65006,89,1
21862,Imbued Netherweave Tunic,GEAR,VENDOR,1,56089,65006,86,1
21862,Imbued Netherweave Tunic,GEAR,VENDOR,1,58427,65006,89,1
21862,Imbued Netherweave Tunic,GEAR,VENDOR,1,56089,65006,86,1
21862,Imbued Netherweave Tunic,GEAR,VENDOR,1,58427,65006,89,1
21862,Imbued Netherweave Tunic,GEAR,VENDOR,1,56089,65006,86,1
21862,Imbued Netherweave Tunic,GEAR,VENDOR,1,58427,65006,89,1
21862,Imbued Netherweave Tunic,GEAR,VENDOR,1,56089,65006,86,1
40011,Stormy Sky Sapphire,GEM_CUT,VENDOR,1,202395,150000,134,0
24268,Netherweave Net,MISC,TRAINER,20,6272,7200,87,1
24268,Netherweave Net,MISC,TRAINER,4,6083,7200,84,1
22248,Enchanted Runecloth Bag,BAG,VENDOR,1,557094,551525,101,0
22248,Enchanted Runecloth Bag,BAG,VENDOR,1,551525,551525,100,0
24274,Runic Spellthread,MISC,VENDOR,5,413586,405000,102,0
24270,Bag of Jewels,BAG,VENDOR,1,15198,20006,75,1
24270,Bag of Jewels,BAG,VENDOR,1,14742,20006,73,1
24270,Bag of Jewels,BAG,VENDOR,1,15198,20006,75,1
24270,Bag of Jewels,BAG,VENDOR,1,14742,20006,73,1
24270,Bag of Jewels,BAG,VENDOR,1,15198,20006,75,1
24270,Bag of Jewels,BAG,VENDOR,1,14742,20006,73,1
24270,Bag of Jewels,BAG,VENDOR,1,15198,20006,75,1
24270,Bag of Jewels,BAG,VENDOR,1,14742,20006,73,1
24270,Bag of Jewels,BAG,VENDOR,1,15198,20006,75,1
24270,Bag of Jewels,BAG,VENDOR,1,14742,20006,73,1
24270,Bag of Jewels,BAG,VENDOR,1,15198,20006,75,1
24270,Bag of Jewels,BAG,VENDOR,1,14742,20006,73,1
24270,Bag of Jewels,BAG,VENDOR,1,15198,20006,75,1
24270,Bag of Jewels,BAG,VENDOR,1,14742,20006,73,1
24270,Bag of Jewels,BAG,VENDOR,1,15198,20006,75,1
6370,Blackmouth Oil,INTERMEDIATE,TRAINER,7,59,50,118,0
6370,Blackmouth Oil,INTERMEDIATE,TRAINER,6,56,50,112,0
23527,Earthpeace Breastplate,GEAR,DROP,1,921898,320004,288,0
23527,Earthpeace Breastplate,GEAR,DROP,1,894241,320004,279,0
13512,Flask of Supreme Power,FLASK,DROP,5,32095,11430,280,0
13512,Flask of Supreme Power,FLASK,DROP,5,31453,11430,275,0
13512,Flask of Supreme Power,FLASK,DROP,8,30509,11430,266,0
13443,Superior Mana Potion,ELIXIR_POT,TRAINER,18,6701,5630,119,0
23448,Felsteel Bar,INTERMEDIATE,TRAINER,5,80560,76000,106,0
23448,Felsteel Bar,INTERMEDIATE,TRAINER,3,77337,76000,101,0
13513,Flask of Chromatic Resistance,FLASK,DROP,20,43132,20250,212,0
13513,Flask of Chromatic Resistance,FLASK,DROP,5,41406,20250,204,0
13513,Flask of Chromatic Resistance,FLASK,DROP,13,43132,20250,212,0
44958,Ethereal Oil,INTERMEDIATE,TRAINER,5,72,96,75,1
44958,Ethereal Oil,INTERMEDIATE,TRAINER,1,71,96,73,1
24269,Heavy Netherweave Net,MISC,UNSOURCED,20,11249,14400,78,1
24269,Heavy Netherweave Net,MISC,UNSOURCED,4,10799,14400,74,1
23527,Earthpeace Breastplate,GEAR,DROP,1,702344,320004,219,0
22522,Superior Wizard Oil,MISC,VENDOR,1,25479,26039,97,1
22522,Superior Wizard Oil,MISC,VENDOR,1,24205,26039,92,1
22522,Superior Wizard Oil,MISC,VENDOR,1,22994,26039,88,1
22522,Superior Wizard Oil,MISC,VENDOR,1,25479,26039,97,1
22522,Superior Wizard Oil,MISC,VENDOR,1,24205,26039,92,1
22522,Superior Wizard Oil,MISC,VENDOR,1,22994,26039,88,1
21844,Bolt of Soulcloth,INTERMEDIATE,VENDOR,4,168264,144000,116,0
21844,Bolt of Soulcloth,INTERMEDIATE,VENDOR,4,159850,144000,111,0
23505,Adamantite Rapier,GEAR,VENDOR,1,302572,216000,140,0
21845,Primal Mooncloth,INTERMEDIATE,VENDOR,8,68199,64001,106,0
21845,Primal Mooncloth,INTERMEDIATE,VENDOR,4,65471,64001,102,0
39999,Bright Scarlet Ruby,GEM_CUT,TRAINER,1,159705,150000,106,0
39999,Bright Scarlet Ruby,GEM_CUT,TRAINER,1,156510,150000,104,0
29529,Drums of Battle,MISC,VENDOR,1,114534,162000,70,1
29529,Drums of Battle,MISC,VENDOR,1,112243,162000,69,1
29529,Drums of Battle,MISC,VENDOR,1,111120,162000,68,1
29529,Drums of Battle,MISC,VENDOR,1,114534,162000,70,1
29529,Drums of Battle,MISC,VENDOR,1,112243,162000,69,1
29529,Drums of Battle,MISC,VENDOR,1,111120,162000,68,1
28103,Adept's Elixir,ELIXIR_POT,TRAINER,6,8412,8412,100,0
21861,Imbued Netherweave Robe,GEAR,VENDOR,1,53356,65006,82,1
21861,Imbued Netherweave Robe,GEAR,VENDOR,1,51755,65006,79,1
21861,Imbued Netherweave Robe,GEAR,VENDOR,1,53356,65006,82,1
21861,Imbued Netherweave Robe,GEAR,VENDOR,1,51755,65006,79,1
21861,Imbued Netherweave Robe,GEAR,VENDOR,1,53356,65006,82,1
21861,Imbued Netherweave Robe,GEAR,VENDOR,1,51755,65006,79,1
21861,Imbued Netherweave Robe,GEAR,VENDOR,1,53356,65006,82,1
21861,Imbued Netherweave Robe,GEAR,VENDOR,1,51755,65006,79,1
22449,Large Prismatic Shard,INTERMEDIATE,VENDOR,7,165288,240000,68,1
22449,Large Prismatic Shard,INTERMEDIATE,VENDOR,9,161982,240000,67,1
3383,Elixir of Wisdom,ELIXIR_POT,TRAINER,12,408,390,104,0
7071,Iron Buckle,INTERMEDIATE,TRAINER,5,450,450,100,0
7071,Iron Buckle,INTERMEDIATE,TRAINER,5,450,450,100,0
7071,Iron Buckle,INTERMEDIATE,TRAINER,1,450,450,100,0
7071,Iron Buckle,INTERMEDIATE,TRAINER,3,450,450,100,0
23774,Fel Iron Toolbox,BAG,VENDOR,1,120192,104000,115,0
31080,Mercurial Stone,GEAR,TRAINER,1,113904,96000,118,0
31080,Mercurial Stone,GEAR,TRAINER,1,111625,96000,116,0
4339,Bolt of Mageweave,INTERMEDIATE,TRAINER,7,5721,5050,113,0
4339,Bolt of Mageweave,INTERMEDIATE,TRAINER,5,5549,5050,109,0
22522,Superior Wizard Oil,MISC,VENDOR,1,21091,26039,80,1
22522,Superior Wizard Oil,MISC,VENDOR,1,20458,26039,78,1
22522,Superior Wizard Oil,MISC,VENDOR,1,21091,26039,80,1
22522,Superior Wizard Oil,MISC,VENDOR,1,20458,26039,78,1
22522,Superior Wizard Oil,MISC,VENDOR,1,21091,26039,80,1
22522,Superior Wizard Oil,MISC,VENDOR,1,20458,26039,78,1
22522,Superior Wizard Oil,MISC,VENDOR,1,21091,26039,80,1
22522,Superior Wizard Oil,MISC,VENDOR,1,20458,26039,78,1
22522,Superior Wizard Oil,MISC,VENDOR,1,21091,26039,80,1
22522,Superior Wizard Oil,MISC,VENDOR,1,20458,26039,78,1
6037,Truesilver Bar,INTERMEDIATE,TRAINER,11,5421,4120,131,0
6037,Truesilver Bar,INTERMEDIATE,TRAINER,1,5312,4120,128,0
28595,Bright Blood Garnet,GEM_CUT,TRAINER,1,20000,20000,100,0
23793,Heavy Knothide Leather,INTERMEDIATE,TRAINER,7,24115,25000,96,1
23793,Heavy Knothide Leather,INTERMEDIATE,TRAINER,5,23873,25000,95,1
22761,Bramblewood Belt,GEAR,VENDOR,1,17826,22849,78,1
22761,Bramblewood Belt,GEAR,VENDOR,1,17647,22849,77,1
22761,Bramblewood Belt,GEAR,VENDOR,1,17470,22849,76,1
22761,Bramblewood Belt,GEAR,VENDOR,1,17826,22849,78,1
22761,Bramblewood Belt,GEAR,VENDOR,1,17647,22849,77,1
22761,Bramblewood Belt,GEAR,VENDOR,1,17470,22849,76,1
22761,Bramblewood Belt,GEAR,VENDOR,1,17826,22849,78,1
22761,Bramblewood Belt,GEAR,VENDOR,1,17647,22849,77,1
22761,Bramblewood Belt,GEAR,VENDOR,1,17470,22849,76,1
21887,Knothide Leather,INTERMEDIATE,TRAINER,4,7755,7500,103,1
21887,Knothide Leather,INTERMEDIATE,TRAINER,3,7599,7500,101,1
25650,Knothide Armor Kit,MISC,TRAINER,10,15656,20000,78,1
11144,Truesilver Rod,INTERMEDIATE,TRAINER,1,4720,4720,100,0
11144,Truesilver Rod,INTERMEDIATE,TRAINER,1,4720,4720,100,0
11144,Truesilver Rod,INTERMEDIATE,TRAINER,1,4720,4720,100,0
11144,Truesilver Rod,INTERMEDIATE,TRAINER,1,4720,4720,100,0
11144,Truesilver Rod,INTERMEDIATE,TRAINER,1,4720,4720,100,0
11144,Truesilver Rod,INTERMEDIATE,TRAINER,1,4720,4720,100,0
11144,Truesilver Rod,INTERMEDIATE,TRAINER,1,4720,4720,100,0
11144,Truesilver Rod,INTERMEDIATE,TRAINER,1,4720,4720,100,0
11144,Truesilver Rod,INTERMEDIATE,TRAINER,1,4720,4720,100,0
11144,Truesilver Rod,INTERMEDIATE,TRAINER,1,4720,4720,100,0
11144,Truesilver Rod,INTERMEDIATE,TRAINER,1,4720,4720,100,0
11144,Truesilver Rod,INTERMEDIATE,TRAINER,1,4720,4720,100,0
11144,Truesilver Rod,INTERMEDIATE,TRAINER,1,4720,4720,100,0
7071,Iron Buckle,INTERMEDIATE,TRAINER,5,463,450,102,0
7071,Iron Buckle,INTERMEDIATE,TRAINER,5,453,450,100,0
7071,Iron Buckle,INTERMEDIATE,TRAINER,5,450,450,100,0
7071,Iron Buckle,INTERMEDIATE,TRAINER,5,463,450,102,0
7071,Iron Buckle,INTERMEDIATE,TRAINER,4,453,450,100,0
10050,Mageweave Bag,BAG,TRAINER,1,20695,16992,121,0
21876,Primal Mooncloth Bag,BAG,VENDOR,1,690429,504000,136,0
34086,Winter Boots,GEAR,VENDOR,1,12057,13588,88,1
34086,Winter Boots,GEAR,VENDOR,1,11936,13588,87,1
34086,Winter Boots,GEAR,VENDOR,1,12057,13588,88,1
34086,Winter Boots,GEAR,VENDOR,1,11936,13588,87,1
34086,Winter Boots,GEAR,VENDOR,1,12057,13588,88,1
34086,Winter Boots,GEAR,VENDOR,1,11936,13588,87,1
34086,Winter Boots,GEAR,VENDOR,1,12057,13588,88,1
10051,Red Mageweave Bag,BAG,TRAINER,1,20092,20092,100,0
10051,Red Mageweave Bag,BAG,TRAINER,1,20092,20092,100,0
10051,Red Mageweave Bag,BAG,TRAINER,1,20092,20092,100,0
25657,Felscale Breastplate,GEAR,TRAINER,1,92966,107500,86,1
25657,Felscale Breastplate,GEAR,TRAINER,1,90177,107500,83,1
25657,Felscale Breastplate,GEAR,TRAINER,1,92966,107500,86,1
25657,Felscale Breastplate,GEAR,TRAINER,1,90177,107500,83,1
25657,Felscale Breastplate,GEAR,TRAINER,1,92966,107500,86,1
23538,Bracers of the Green Fortress,GEAR,DROP,1,1357931,720006,188,0
23538,Bracers of the Green Fortress,GEAR,DROP,1,1317193,720006,182,0
23538,Bracers of the Green Fortress,GEAR,DROP,1,1290849,720006,179,0
32839,Cauldron of Major Arcane Protection,MISC,UNSOURCED,1,277087,166000,166,0
24087,Heavy Felsteel Ring,GEAR,DROP,1,907957,344002,263,0
24087,Heavy Felsteel Ring,GEAR,DROP,1,862559,344002,250,0
41367,Dark Jade Focusing Lens,MISC,TRAINER,1,17160,20000,85,1
41367,Dark Jade Focusing Lens,MISC,TRAINER,1,16988,20000,84,1
41367,Dark Jade Focusing Lens,MISC,TRAINER,1,16818,20000,84,1
41367,Dark Jade Focusing Lens,MISC,TRAINER,1,16145,20000,80,1
41367,Dark Jade Focusing Lens,MISC,TRAINER,1,17160,20000,85,1
41367,Dark Jade Focusing Lens,MISC,TRAINER,1,16988,20000,84,1
41367,Dark Jade Focusing Lens,MISC,TRAINER,1,16818,20000,84,1
41367,Dark Jade Focusing Lens,MISC,TRAINER,1,16145,20000,80,1
41367,Dark Jade Focusing Lens,MISC,TRAINER,1,17160,20000,85,1
41367,Dark Jade Focusing Lens,MISC,TRAINER,1,16988,20000,84,1
41367,Dark Jade Focusing Lens,MISC,TRAINER,1,16818,20000,84,1
40195,Pygmy Oil,INTERMEDIATE,TRAINER,4,259,300,86,1
40195,Pygmy Oil,INTERMEDIATE,TRAINER,2,251,300,83,1
44958,Ethereal Oil,INTERMEDIATE,TRAINER,2,80,96,83,1
44958,Ethereal Oil,INTERMEDIATE,TRAINER,11,77,96,80,1
17771,Elementium Bar,MISC,DROP,4,7249050,2472560,293,0
3486,Heavy Grinding Stone,INTERMEDIATE,TRAINER,1,1096,1035,105,0
3486,Heavy Grinding Stone,INTERMEDIATE,TRAINER,13,1085,1035,104,0
22854,Flask of Relentless Assault,FLASK,UNSOURCED,20,110295,45000,245,0
22854,Flask of Relentless Assault,FLASK,UNSOURCED,6,109192,45000,242,0
30465,Lifeblood Leggings,GEAR,UNSOURCED,1,1235536,620000,199,0
21845,Primal Mooncloth,INTERMEDIATE,VENDOR,5,68544,64001,107,0
3486,Heavy Grinding Stone,INTERMEDIATE,TRAINER,11,1106,1035,106,0
22445,Arcane Dust,INTERMEDIATE,UNSOURCED,15,3684,5013,73,1
5765,Black Silk Pack,BAG,DROP,1,37385,13280,281,0
21841,Netherweave Bag,BAG,TRAINER,1,129987,101000,128,0
21841,Netherweave Bag,BAG,TRAINER,1,128687,101000,127,0
21841,Netherweave Bag,BAG,TRAINER,1,126113,101000,124,0
22522,Superior Wizard Oil,MISC,VENDOR,1,22710,26039,87,1
22522,Superior Wizard Oil,MISC,VENDOR,1,21801,26039,83,1
22522,Superior Wizard Oil,MISC,VENDOR,1,21582,26039,82,1
22522,Superior Wizard Oil,MISC,VENDOR,1,22710,26039,87,1
22522,Superior Wizard Oil,MISC,VENDOR,1,21801,26039,83,1
22522,Superior Wizard Oil,MISC,VENDOR,1,21582,26039,82,1
22522,Superior Wizard Oil,MISC,VENDOR,1,22710,26039,87,1
22522,Superior Wizard Oil,MISC,VENDOR,1,21801,26039,83,1
22522,Superior Wizard Oil,MISC,VENDOR,1,21582,26039,82,1
22522,Superior Wizard Oil,MISC,VENDOR,1,22710,26039,87,1
22522,Superior Wizard Oil,MISC,VENDOR,1,21801,26039,83,1
22522,Superior Wizard Oil,MISC,VENDOR,1,21582,26039,82,1
22522,Superior Wizard Oil,MISC,VENDOR,1,22710,26039,87,1
23114,Gleaming Golden Draenite,GEM_CUT,VENDOR,1,20460,20000,102,0
23114,Gleaming Golden Draenite,GEM_CUT,VENDOR,1,20050,20000,100,0
23114,Gleaming Golden Draenite,GEM_CUT,VENDOR,1,20000,20000,100,0
22445,Arcane Dust,INTERMEDIATE,UNSOURCED,20,4826,5013,96,1
22445,Arcane Dust,INTERMEDIATE,UNSOURCED,5,4681,5013,93,1
22445,Arcane Dust,INTERMEDIATE,UNSOURCED,2,4540,5013,90,1
25844,Adamantite Rod,INTERMEDIATE,VENDOR,1,225216,180000,125,0
25844,Adamantite Rod,INTERMEDIATE,VENDOR,1,216207,180000,120,0
25844,Adamantite Rod,INTERMEDIATE,VENDOR,1,209720,180000,116,0
25844,Adamantite Rod,INTERMEDIATE,VENDOR,1,225216,180000,125,0
25844,Adamantite Rod,INTERMEDIATE,VENDOR,1,216207,180000,120,0
40026,Purified Twilight Opal,GEM_CUT,DROP,1,393750,150000,262,0
40001,Flashing Scarlet Ruby,GEM_CUT,VENDOR,1,184680,150000,123,0
40001,Flashing Scarlet Ruby,GEM_CUT,VENDOR,1,175446,150000,116,0
44958,Ethereal Oil,INTERMEDIATE,TRAINER,8,92,96,95,1
44958,Ethereal Oil,INTERMEDIATE,TRAINER,2,88,96,91,1
10056,Orange Mageweave Shirt,GEAR,TRAINER,1,4818,6998,68,1
10056,Orange Mageweave Shirt,GEAR,TRAINER,1,4769,6998,68,1
10056,Orange Mageweave Shirt,GEAR,TRAINER,1,4625,6998,66,1
10056,Orange Mageweave Shirt,GEAR,TRAINER,1,4393,6998,62,1
10056,Orange Mageweave Shirt,GEAR,TRAINER,1,4818,6998,68,1
10056,Orange Mageweave Shirt,GEAR,TRAINER,1,4769,6998,68,1
10056,Orange Mageweave Shirt,GEAR,TRAINER,1,4625,6998,66,1
10056,Orange Mageweave Shirt,GEAR,TRAINER,1,4393,6998,62,1
10056,Orange Mageweave Shirt,GEAR,TRAINER,1,4818,6998,68,1
10056,Orange Mageweave Shirt,GEAR,TRAINER,1,4769,6998,68,1
10056,Orange Mageweave Shirt,GEAR,TRAINER,1,4625,6998,66,1
10056,Orange Mageweave Shirt,GEAR,TRAINER,1,4393,6998,62,1
10056,Orange Mageweave Shirt,GEAR,TRAINER,1,4818,6998,68,1
23785,Hardened Adamantite Tube,INTERMEDIATE,TRAINER,10,2,3,66,1
23785,Hardened Adamantite Tube,INTERMEDIATE,TRAINER,4,1,3,33,1
25521,Greater Rune of Warding,MISC,VENDOR,3,46872,40000,117,0
5480,Lean Venison,FOOD,VENDOR,5,133,105,126,0
5480,Lean Venison,FOOD,VENDOR,9,127,105,120,0
33092,Healing Potion Injector,ELIXIR_POT,DROP,5,36800,18400,200,0
33092,Healing Potion Injector,ELIXIR_POT,DROP,20,35696,18400,194,0
33092,Healing Potion Injector,ELIXIR_POT,DROP,5,34268,18400,186,0
33092,Healing Potion Injector,ELIXIR_POT,DROP,20,33582,18400,182,0
33092,Healing Potion Injector,ELIXIR_POT,DROP,20,36800,18400,200,0
33092,Healing Potion Injector,ELIXIR_POT,DROP,5,35696,18400,194,0
33092,Healing Potion Injector,ELIXIR_POT,DROP,20,34268,18400,186,0
33092,Healing Potion Injector,ELIXIR_POT,DROP,5,33582,18400,182,0
40088,Vivid Forest Emerald,GEM_CUT,VENDOR,1,176085,150000,117,0
40088,Vivid Forest Emerald,GEM_CUT,VENDOR,1,170802,150000,113,0
2840,Copper Bar,INTERMEDIATE,UNSOURCED,6,27,20,135,0
2840,Copper Bar,INTERMEDIATE,UNSOURCED,6,25,20,125,0
12359,Thorium Bar,INTERMEDIATE,TRAINER,7,1200,1545,77,1
12359,Thorium Bar,INTERMEDIATE,TRAINER,2,1140,1545,73,1
23787,Felsteel Stabilizer,INTERMEDIATE,TRAINER,5,1,2,50,1
23787,Felsteel Stabilizer,INTERMEDIATE,TRAINER,10,1,2,50,1
22448,Small Prismatic Shard,INTERMEDIATE,TRAINER,20,1,0,0,1
22448,Small Prismatic Shard,INTERMEDIATE,TRAINER,20,1,0,0,1
22448,Small Prismatic Shard,INTERMEDIATE,TRAINER,1,1,0,0,1
22448,Small Prismatic Shard,INTERMEDIATE,TRAINER,4,1,0,0,1
14529,Runecloth Bandage,MISC,TRAINER,15,2142,2376,90,1
23530,Felsteel Shield Spike,MISC,VENDOR,5,375275,256004,146,0
4241,Green Woolen Bag,BAG,DROP,1,4659,1832,254,0
4241,Green Woolen Bag,BAG,DROP,1,4426,1832,241,0
22854,Flask of Relentless Assault,FLASK,UNSOURCED,20,72706,45000,161,0
22861,Flask of Blinding Light,FLASK,UNSOURCED,20,105830,52000,203,0
22861,Flask of Blinding Light,FLASK,UNSOURCED,5,102655,52000,197,0
22861,Flask of Blinding Light,FLASK,UNSOURCED,5,100601,52000,193,0
22861,Flask of Blinding Light,FLASK,UNSOURCED,2,105830,52000,203,0
40131,Tenuous Dreadstone,GEM_CUT,VENDOR,1,347500,250000,139,0
40131,Tenuous Dreadstone,GEM_CUT,VENDOR,1,344025,250000,137,0
24268,Netherweave Net,MISC,TRAINER,4,8450,7200,117,0
25690,Heavy Clefthoof Leggings,GEAR,VENDOR,1,290472,390000,74,1
25690,Heavy Clefthoof Leggings,GEAR,VENDOR,1,281757,390000,72,1
25690,Heavy Clefthoof Leggings,GEAR,VENDOR,1,270486,390000,69,1
25690,Heavy Clefthoof Leggings,GEAR,VENDOR,1,290472,390000,74,1
25690,Heavy Clefthoof Leggings,GEAR,VENDOR,1,281757,390000,72,1
25690,Heavy Clefthoof Leggings,GEAR,VENDOR,1,270486,390000,69,1
25690,Heavy Clefthoof Leggings,GEAR,VENDOR,1,290472,390000,74,1
25690,Heavy Clefthoof Leggings,GEAR,VENDOR,1,281757,390000,72,1
25690,Heavy Clefthoof Leggings,GEAR,VENDOR,1,270486,390000,69,1
3470,Rough Grinding Stone,INTERMEDIATE,TRAINER,7,25,24,104,0
3470,Rough Grinding Stone,INTERMEDIATE,TRAINER,2,24,24,100,0
44958,Ethereal Oil,INTERMEDIATE,TRAINER,4,60,96,62,1
44958,Ethereal Oil,INTERMEDIATE,TRAINER,4,58,96,60,1
13512,Flask of Supreme Power,FLASK,DROP,10,22402,11430,195,0
25843,Fel Iron Rod,INTERMEDIATE,TRAINER,1,76176,72000,105,0
25843,Fel Iron Rod,INTERMEDIATE,TRAINER,1,72367,72000,100,0
25843,Fel Iron Rod,INTERMEDIATE,TRAINER,1,72000,72000,100,0
25843,Fel Iron Rod,INTERMEDIATE,TRAINER,1,72000,72000,100,0
25843,Fel Iron Rod,INTERMEDIATE,TRAINER,1,76176,72000,105,0
25843,Fel Iron Rod,INTERMEDIATE,TRAINER,1,72367,72000,100,0
25843,Fel Iron Rod,INTERMEDIATE,TRAINER,1,72000,72000,100,0
25843,Fel Iron Rod,INTERMEDIATE,TRAINER,1,72000,72000,100,0
25843,Fel Iron Rod,INTERMEDIATE,TRAINER,1,76176,72000,105,0
25843,Fel Iron Rod,INTERMEDIATE,TRAINER,1,72367,72000,100,0
25843,Fel Iron Rod,INTERMEDIATE,TRAINER,1,72000,72000,100,0
25843,Fel Iron Rod,INTERMEDIATE,TRAINER,1,72000,72000,100,0
23747,Felsteel Boomstick,GEAR,DROP,1,22810,24011,94,1
23747,Felsteel Boomstick,GEAR,DROP,1,22353,24011,93,1
23747,Felsteel Boomstick,GEAR,DROP,1,21905,24011,91,1
23747,Felsteel Boomstick,GEAR,DROP,1,20809,24011,86,1
23747,Felsteel Boomstick,GEAR,DROP,1,22810,24011,94,1
23747,Felsteel Boomstick,GEAR,DROP,1,22353,24011,93,1
23787,Felsteel Stabilizer,INTERMEDIATE,TRAINER,12,1,2,50,1
23787,Felsteel Stabilizer,INTERMEDIATE,TRAINER,2,1,2,50,1
33092,Healing Potion Injector,ELIXIR_POT,DROP,5,45440,18400,246,0
33092,Healing Potion Injector,ELIXIR_POT,DROP,20,44076,18400,239,0
33092,Healing Potion Injector,ELIXIR_POT,DROP,5,41872,18400,227,0
33092,Healing Potion Injector,ELIXIR_POT,DROP,20,41453,18400,225,0
33092,Healing Potion Injector,ELIXIR_POT,DROP,20,45440,18400,246,0
33092,Healing Potion Injector,ELIXIR_POT,DROP,20,44076,18400,239,0
33092,Healing Potion Injector,ELIXIR_POT,DROP,5,41872,18400,227,0
33092,Healing Potion Injector,ELIXIR_POT,DROP,20,41453,18400,225,0
33092,Healing Potion Injector,ELIXIR_POT,DROP,20,45440,18400,246,0
33092,Healing Potion Injector,ELIXIR_POT,DROP,20,44076,18400,239,0
33092,Healing Potion Injector,ELIXIR_POT,DROP,20,41872,18400,227,0
33092,Healing Potion Injector,ELIXIR_POT,DROP,20,41453,18400,225,0
33092,Healing Potion Injector,ELIXIR_POT,DROP,5,45440,18400,246,0
33092,Healing Potion Injector,ELIXIR_POT,DROP,5,44076,18400,239,0
33092,Healing Potion Injector,ELIXIR_POT,DROP,5,41872,18400,227,0
33092,Healing Potion Injector,ELIXIR_POT,DROP,20,41453,18400,225,0
33092,Healing Potion Injector,ELIXIR_POT,DROP,5,45440,18400,246,0
33092,Healing Potion Injector,ELIXIR_POT,DROP,5,44076,18400,239,0
33092,Healing Potion Injector,ELIXIR_POT,DROP,5,41872,18400,227,0
33092,Healing Potion Injector,ELIXIR_POT,DROP,5,41453,18400,225,0
33092,Healing Potion Injector,ELIXIR_POT,DROP,5,45440,18400,246,0
33092,Healing Potion Injector,ELIXIR_POT,DROP,5,44076,18400,239,0
33092,Healing Potion Injector,ELIXIR_POT,DROP,20,41872,18400,227,0
33092,Healing Potion Injector,ELIXIR_POT,DROP,5,41453,18400,225,0
33092,Healing Potion Injector,ELIXIR_POT,DROP,5,45440,18400,246,0
33092,Healing Potion Injector,ELIXIR_POT,DROP,20,44076,18400,239,0
33092,Healing Potion Injector,ELIXIR_POT,DROP,5,41872,18400,227,0
33092,Healing Potion Injector,ELIXIR_POT,DROP,20,41453,18400,225,0
33092,Healing Potion Injector,ELIXIR_POT,DROP,5,45440,18400,246,0
42420,Shadow Crystal Focusing Lens,MISC,TRAINER,1,15908,20000,79,1
42420,Shadow Crystal Focusing Lens,MISC,TRAINER,1,15430,20000,77,1
42420,Shadow Crystal Focusing Lens,MISC,TRAINER,1,15275,20000,76,1
42420,Shadow Crystal Focusing Lens,MISC,TRAINER,1,14511,20000,72,1
42420,Shadow Crystal Focusing Lens,MISC,TRAINER,1,15908,20000,79,1
42420,Shadow Crystal Focusing Lens,MISC,TRAINER,1,15430,20000,77,1
42420,Shadow Crystal Focusing Lens,MISC,TRAINER,1,15275,20000,76,1
13511,Flask of Distilled Wisdom,FLASK,DROP,14,37647,13430,280,0
23104,Jagged Deep Peridot,GEM_CUT,TRAINER,1,22372,20000,111,0
14048,Bolt of Runecloth,INTERMEDIATE,TRAINER,6,12787,11880,107,0
14048,Bolt of Runecloth,INTERMEDIATE,TRAINER,9,12275,11880,103,0
22832,Super Mana Potion,ELIXIR_POT,VENDOR,9,16884,12000,140,0
21887,Knothide Leather,INTERMEDIATE,TRAINER,4,7260,7500,96,1
21887,Knothide Leather,INTERMEDIATE,TRAINER,9,7042,7500,93,1
20816,Delicate Copper Wire,INTERMEDIATE,UNSOURCED,2,67,40,167,0
20816,Delicate Copper Wire,INTERMEDIATE,UNSOURCED,11,63,40,157,0
22449,Large Prismatic Shard,INTERMEDIATE,VENDOR,20,177600,240000,74,1
22449,Large Prismatic Shard,INTERMEDIATE,VENDOR,10,172272,240000,71,1
20452,Smoked Desert Dumplings,FOOD,UNSOURCED,18,2381,1210,196,0
15407,Cured Rugged Hide,INTERMEDIATE,TRAINER,3,6760,9060,74,1
15407,Cured Rugged Hide,INTERMEDIATE,TRAINER,3,6624,9060,73,1
24270,Bag of Jewels,BAG,VENDOR,1,14539,20006,72,1
24270,Bag of Jewels,BAG,VENDOR,1,14393,20006,71,1
24270,Bag of Jewels,BAG,VENDOR,1,13961,20006,69,1
24270,Bag of Jewels,BAG,VENDOR,1,13542,20006,67,1
24270,Bag of Jewels,BAG,VENDOR,1,14539,20006,72,1
24270,Bag of Jewels,BAG,VENDOR,1,14393,20006,71,1
24270,Bag of Jewels,BAG,VENDOR,1,13961,20006,69,1
24270,Bag of Jewels,BAG,VENDOR,1,13542,20006,67,1
21843,Imbued Netherweave Bag,BAG,VENDOR,1,55594,60005,92,1
21843,Imbued Netherweave Bag,BAG,VENDOR,1,53926,60005,89,1
21843,Imbued Netherweave Bag,BAG,VENDOR,1,53386,60005,88,1
21843,Imbued Netherweave Bag,BAG,VENDOR,1,50716,60005,84,1
21843,Imbued Netherweave Bag,BAG,VENDOR,1,55594,60005,92,1
21843,Imbued Netherweave Bag,BAG,VENDOR,1,53926,60005,89,1
21843,Imbued Netherweave Bag,BAG,VENDOR,1,53386,60005,88,1
24268,Netherweave Net,MISC,TRAINER,20,5955,7200,82,1
24268,Netherweave Net,MISC,TRAINER,2,5895,7200,81,1
34113,Field Repair Bot 110G,INTERMEDIATE,DROP,5,43344,48000,90,1
34113,Field Repair Bot 110G,INTERMEDIATE,DROP,5,41610,48000,86,1
34113,Field Repair Bot 110G,INTERMEDIATE,DROP,5,41193,48000,85,1
34113,Field Repair Bot 110G,INTERMEDIATE,DROP,5,43344,48000,90,1
34113,Field Repair Bot 110G,INTERMEDIATE,DROP,4,41610,48000,86,1
34113,Field Repair Bot 110G,INTERMEDIATE,DROP,1,41193,48000,85,1
21887,Knothide Leather,INTERMEDIATE,TRAINER,3,7245,7500,96,1
21887,Knothide Leather,INTERMEDIATE,TRAINER,2,7100,7500,94,1
21855,Netherweave Tunic,GEAR,VENDOR,1,299444,202000,148,0
24268,Netherweave Net,MISC,TRAINER,20,5289,7200,73,1
24268,Netherweave Net,MISC,TRAINER,2,5077,7200,70,1
12216,Spiced Chili Crab,FOOD,VENDOR,5,912,802,113,0
12216,Spiced Chili Crab,FOOD,VENDOR,3,893,802,111,0
3470,Rough Grinding Stone,INTERMEDIATE,TRAINER,4,30,24,125,0
3470,Rough Grinding Stone,INTERMEDIATE,TRAINER,10,28,24,116,0
22573,Mote of Earth,INTERMEDIATE,TRAINER,10,2649,3200,82,1
22573,Mote of Earth,INTERMEDIATE,TRAINER,10,2516,3200,78,1
22573,Mote of Earth,INTERMEDIATE,TRAINER,10,2490,3200,77,1
22573,Mote of Earth,INTERMEDIATE,TRAINER,10,2649,3200,82,1
22573,Mote of Earth,INTERMEDIATE,TRAINER,10,2516,3200,78,1
22573,Mote of Earth,INTERMEDIATE,TRAINER,7,2490,3200,77,1
22573,Mote of Earth,INTERMEDIATE,TRAINER,3,2649,3200,82,1
2840,Copper Bar,INTERMEDIATE,UNSOURCED,1,34,20,170,0
2840,Copper Bar,INTERMEDIATE,UNSOURCED,8,32,20,160,0
4339,Bolt of Mageweave,INTERMEDIATE,TRAINER,5,5448,5050,107,0
4339,Bolt of Mageweave,INTERMEDIATE,TRAINER,6,5175,5050,102,0
32851,Cauldron of Major Nature Protection,MISC,UNSOURCED,3,354642,166000,213,0
24273,Mystic Spellthread,MISC,VENDOR,1,219978,165000,133,0
22834,Elixir of Major Defense,ELIXIR_POT,VENDOR,5,21328,17000,125,0
22834,Elixir of Major Defense,ELIXIR_POT,VENDOR,9,20261,17000,119,0
21858,Spellfire Bag,BAG,VENDOR,1,557904,408004,136,0
21858,Spellfire Bag,BAG,VENDOR,1,546745,408004,134,0
23448,Felsteel Bar,INTERMEDIATE,TRAINER,2,76440,76000,100,0
23448,Felsteel Bar,INTERMEDIATE,TRAINER,4,76000,76000,100,0
21840,Bolt of Netherweave,INTERMEDIATE,TRAINER,9,29237,28800,101,0
21840,Bolt of Netherweave,INTERMEDIATE,TRAINER,3,28800,28800,100,0
8173,Thick Armor Kit,MISC,TRAINER,1,6762,6440,105,0
24048,Smooth Dawnstone,GEM_CUT,DROP,1,211848,120000,176,0
24048,Smooth Dawnstone,GEM_CUT,DROP,1,209729,120000,174,0
24048,Smooth Dawnstone,GEM_CUT,DROP,1,199242,120000,166,0
40114,Bright Cardinal Ruby,GEM_CUT,VENDOR,1,312700,250000,125,0
40114,Bright Cardinal Ruby,GEM_CUT,VENDOR,1,300192,250000,120,0
40114,Bright Cardinal Ruby,GEM_CUT,VENDOR,1,288184,250000,115,0
3576,Tin Bar,INTERMEDIATE,TRAINER,5,125,107,116,0
3576,Tin Bar,INTERMEDIATE,TRAINER,2,120,107,112,0
13510,Flask of the Titans,FLASK,DROP,14,29109,16860,172,0
23446,Adamantite Bar,INTERMEDIATE,TRAINER,9,16981,18000,94,1
23446,Adamantite Bar,INTERMEDIATE,TRAINER,2,16811,18000,93,1
33092,Healing Potion Injector,ELIXIR_POT,DROP,20,50309,18400,273,0
33092,Healing Potion Injector,ELIXIR_POT,DROP,20,47793,18400,259,0
33092,Healing Potion Injector,ELIXIR_POT,DROP,20,45403,18400,246,0
33092,Healing Potion Injector,ELIXIR_POT,DROP,5,44040,18400,239,0
33092,Healing Potion Injector,ELIXIR_POT,DROP,5,50309,18400,273,0
33092,Healing Potion Injector,ELIXIR_POT,DROP,5,47793,18400,259,0
33092,Healing Potion Injector,ELIXIR_POT,DROP,20,45403,18400,246,0
33092,Healing Potion Injector,ELIXIR_POT,DROP,5,44040,18400,239,0
33092,Healing Potion Injector,ELIXIR_POT,DROP,5,50309,18400,273,0
33092,Healing Potion Injector,ELIXIR_POT,DROP,20,47793,18400,259,0
33092,Healing Potion Injector,ELIXIR_POT,DROP,5,45403,18400,246,0
33092,Healing Potion Injector,ELIXIR_POT,DROP,20,44040,18400,239,0
33092,Healing Potion Injector,ELIXIR_POT,DROP,20,50309,18400,273,0
33092,Healing Potion Injector,ELIXIR_POT,DROP,5,47793,18400,259,0
33092,Healing Potion Injector,ELIXIR_POT,DROP,5,45403,18400,246,0
3478,Coarse Grinding Stone,INTERMEDIATE,TRAINER,3,178,178,100,0
3478,Coarse Grinding Stone,INTERMEDIATE,TRAINER,8,178,178,100,0
31080,Mercurial Stone,GEAR,TRAINER,1,112147,96000,116,0
31080,Mercurial Stone,GEAR,TRAINER,1,109904,96000,114,0
31080,Mercurial Stone,GEAR,TRAINER,1,112147,96000,116,0
21862,Imbued Netherweave Tunic,GEAR,VENDOR,1,54058,65006,83,1
21862,Imbued Netherweave Tunic,GEAR,VENDOR,1,52436,65006,80,1
21862,Imbued Netherweave Tunic,GEAR,VENDOR,1,51387,65006,79,1
21862,Imbued Netherweave Tunic,GEAR,VENDOR,1,54058,65006,83,1
21862,Imbued Netherweave Tunic,GEAR,VENDOR,1,52436,65006,80,1
24270,Bag of Jewels,BAG,VENDOR,1,15171,20006,75,1
24270,Bag of Jewels,BAG,VENDOR,1,14867,20006,74,1
24270,Bag of Jewels,BAG,VENDOR,1,14420,20006,72,1
24270,Bag of Jewels,BAG,VENDOR,1,14275,20006,71,1
24270,Bag of Jewels,BAG,VENDOR,1,15171,20006,75,1
24270,Bag of Jewels,BAG,VENDOR,1,14867,20006,74,1
24270,Bag of Jewels,BAG,VENDOR,1,14420,20006,72,1
24270,Bag of Jewels,BAG,VENDOR,1,14275,20006,71,1
24270,Bag of Jewels,BAG,VENDOR,1,15171,20006,75,1
24270,Bag of Jewels,BAG,VENDOR,1,14867,20006,74,1
24270,Bag of Jewels,BAG,VENDOR,1,17294,20006,86,1
24270,Bag of Jewels,BAG,VENDOR,1,17121,20006,85,1
24270,Bag of Jewels,BAG,VENDOR,1,17294,20006,86,1
24270,Bag of Jewels,BAG,VENDOR,1,17121,20006,85,1
24270,Bag of Jewels,BAG,VENDOR,1,17294,20006,86,1
24270,Bag of Jewels,BAG,VENDOR,1,17121,20006,85,1
22252,Satchel of Cenarius,BAG,VENDOR,1,183897,154900,118,0
22252,Satchel of Cenarius,BAG,VENDOR,1,180219,154900,116,0
22252,Satchel of Cenarius,BAG,VENDOR,1,183897,154900,118,0
25844,Adamantite Rod,INTERMEDIATE,VENDOR,1,230256,180000,127,0
25844,Adamantite Rod,INTERMEDIATE,VENDOR,1,227953,180000,126,0
25844,Adamantite Rod,INTERMEDIATE,VENDOR,1,230256,180000,127,0
25844,Adamantite Rod,INTERMEDIATE,VENDOR,1,227953,180000,126,0
25844,Adamantite Rod,INTERMEDIATE,VENDOR,1,230256,180000,127,0
25844,Adamantite Rod,INTERMEDIATE,VENDOR,1,227953,180000,126,0
25844,Adamantite Rod,INTERMEDIATE,VENDOR,1,230256,180000,127,0
25844,Adamantite Rod,INTERMEDIATE,VENDOR,1,227953,180000,126,0
25844,Adamantite Rod,INTERMEDIATE,VENDOR,1,230256,180000,127,0
25844,Adamantite Rod,INTERMEDIATE,VENDOR,1,227953,180000,126,0
23505,Adamantite Rapier,GEAR,VENDOR,1,240451,216000,111,0
25845,Eternium Rod,INTERMEDIATE,VENDOR,1,90528,80000,113,0
25845,Eternium Rod,INTERMEDIATE,VENDOR,1,89622,80000,112,0
25845,Eternium Rod,INTERMEDIATE,VENDOR,1,90528,80000,113,0
25845,Eternium Rod,INTERMEDIATE,VENDOR,1,89622,80000,112,0
25845,Eternium Rod,INTERMEDIATE,VENDOR,1,90528,80000,113,0
25845,Eternium Rod,INTERMEDIATE,VENDOR,1,89622,80000,112,0
25845,Eternium Rod,INTERMEDIATE,VENDOR,1,90528,80000,113,0
25845,Eternium Rod,INTERMEDIATE,VENDOR,1,89622,80000,112,0
25845,Eternium Rod,INTERMEDIATE,VENDOR,1,90528,80000,113,0
25845,Eternium Rod,INTERMEDIATE,VENDOR,1,89622,80000,112,0
25845,Eternium Rod,INTERMEDIATE,VENDOR,1,90528,80000,113,0
25845,Eternium Rod,INTERMEDIATE,VENDOR,1,89622,80000,112,0
4375,Whirring Bronze Gizmo,INTERMEDIATE,TRAINER,10,315,260,121,0
4375,Whirring Bronze Gizmo,INTERMEDIATE,TRAINER,5,308,260,118,0
31368,Wildguard Helm,GEAR,VENDOR,1,1020661,848008,120,0
31368,Wildguard Helm,GEAR,VENDOR,1,990041,848008,116,0
31368,Wildguard Helm,GEAR,VENDOR,1,960339,848008,113,0
23573,Hardened Adamantite Bar,INTERMEDIATE,TRAINER,2,189108,180000,105,0
23573,Hardened Adamantite Bar,INTERMEDIATE,TRAINER,7,185325,180000,102,0
24272,Shadowcloth,INTERMEDIATE,VENDOR,4,84672,64001,132,0
24272,Shadowcloth,INTERMEDIATE,VENDOR,1,81285,64001,127,0
40169,Forceful Eye of Zul,GEM_CUT,VENDOR,1,288150,250000,115,0
40169,Forceful Eye of Zul,GEM_CUT,VENDOR,1,285268,250000,114,0
40169,Forceful Eye of Zul,GEM_CUT,VENDOR,1,288150,250000,115,0
14046,Runecloth Bag,BAG,VENDOR,1,70533,61005,115,0
14046,Runecloth Bag,BAG,VENDOR,1,69827,61005,114,0
14046,Runecloth Bag,BAG,VENDOR,1,70533,61005,115,0
22448,Small Prismatic Shard,INTERMEDIATE,TRAINER,20,1,0,0,1
22448,Small Prismatic Shard,INTERMEDIATE,TRAINER,15,1,0,0,1
22448,Small Prismatic Shard,INTERMEDIATE,TRAINER,4,1,0,0,1
23447,Eternium Bar,INTERMEDIATE,TRAINER,10,15264,20000,76,1
23447,Eternium Bar,INTERMEDIATE,TRAINER,3,14958,20000,74,1
32836,Purified Shadow Pearl,GEM_CUT,TRAINER,1,7573,9280,81,1
32836,Purified Shadow Pearl,GEM_CUT,TRAINER,1,7345,9280,79,1
32836,Purified Shadow Pearl,GEM_CUT,TRAINER,1,7198,9280,77,1
32836,Purified Shadow Pearl,GEM_CUT,TRAINER,1,7573,9280,81,1
32836,Purified Shadow Pearl,GEM_CUT,TRAINER,1,7345,9280,79,1
32836,Purified Shadow Pearl,GEM_CUT,TRAINER,1,7198,9280,77,1
32836,Purified Shadow Pearl,GEM_CUT,TRAINER,1,7573,9280,81,1
32836,Purified Shadow Pearl,GEM_CUT,TRAINER,1,7345,9280,79,1
15407,Cured Rugged Hide,INTERMEDIATE,TRAINER,7,9060,9060,100,0
40111,Bold Cardinal Ruby,GEM_CUT,VENDOR,1,315000,250000,126,0
13512,Flask of Supreme Power,FLASK,DROP,10,28340,11430,247,0
22445,Arcane Dust,INTERMEDIATE,UNSOURCED,20,4675,5013,93,1
22445,Arcane Dust,INTERMEDIATE,UNSOURCED,20,4628,5013,92,1
22445,Arcane Dust,INTERMEDIATE,UNSOURCED,2,4535,5013,90,1
22445,Arcane Dust,INTERMEDIATE,UNSOURCED,3,4398,5013,87,1
20963,Mithril Filigree,INTERMEDIATE,TRAINER,11,3012,3012,100,0
22522,Superior Wizard Oil,MISC,VENDOR,1,19388,26039,74,1
22522,Superior Wizard Oil,MISC,VENDOR,1,18418,26039,70,1
22522,Superior Wizard Oil,MISC,VENDOR,1,18233,26039,70,1
22522,Superior Wizard Oil,MISC,VENDOR,1,17686,26039,67,1
22522,Superior Wizard Oil,MISC,VENDOR,1,19388,26039,74,1
22522,Superior Wizard Oil,MISC,VENDOR,1,18418,26039,70,1
22522,Superior Wizard Oil,MISC,VENDOR,1,18233,26039,70,1
22522,Superior Wizard Oil,MISC,VENDOR,1,17686,26039,67,1
22522,Superior Wizard Oil,MISC,VENDOR,1,19388,26039,74,1
22522,Superior Wizard Oil,MISC,VENDOR,1,18418,26039,70,1
22522,Superior Wizard Oil,MISC,VENDOR,1,18233,26039,70,1
21844,Bolt of Soulcloth,INTERMEDIATE,VENDOR,11,156816,144000,108,0
25844,Adamantite Rod,INTERMEDIATE,VENDOR,1,202500,180000,112,0
25844,Adamantite Rod,INTERMEDIATE,VENDOR,1,194400,180000,108,0
25844,Adamantite Rod,INTERMEDIATE,VENDOR,1,188568,180000,104,0
25844,Adamantite Rod,INTERMEDIATE,VENDOR,1,186682,180000,103,0
25844,Adamantite Rod,INTERMEDIATE,VENDOR,1,202500,180000,112,0
25844,Adamantite Rod,INTERMEDIATE,VENDOR,1,194400,180000,108,0
25844,Adamantite Rod,INTERMEDIATE,VENDOR,1,188568,180000,104,0
25844,Adamantite Rod,INTERMEDIATE,VENDOR,1,186682,180000,103,0
25844,Adamantite Rod,INTERMEDIATE,VENDOR,1,202500,180000,112,0
25844,Adamantite Rod,INTERMEDIATE,VENDOR,1,194400,180000,108,0
25844,Adamantite Rod,INTERMEDIATE,VENDOR,1,188568,180000,104,0
25844,Adamantite Rod,INTERMEDIATE,VENDOR,1,186682,180000,103,0
25844,Adamantite Rod,INTERMEDIATE,VENDOR,1,202500,180000,112,0
25844,Adamantite Rod,INTERMEDIATE,VENDOR,1,194400,180000,108,0
25844,Adamantite Rod,INTERMEDIATE,VENDOR,1,188568,180000,104,0
22854,Flask of Relentless Assault,FLASK,UNSOURCED,5,126225,45000,280,0
22854,Flask of Relentless Assault,FLASK,UNSOURCED,19,124962,45000,277,0
40195,Pygmy Oil,INTERMEDIATE,TRAINER,4,336,300,112,0
40195,Pygmy Oil,INTERMEDIATE,TRAINER,11,332,300,110,0
22251,Cenarion Herb Bag,BAG,VENDOR,1,99979,79933,125,0
22251,Cenarion Herb Bag,BAG,VENDOR,1,96979,79933,121,0
22251,Cenarion Herb Bag,BAG,VENDOR,1,99979,79933,125,0
21862,Imbued Netherweave Tunic,GEAR,VENDOR,1,59805,65006,91,1
21862,Imbued Netherweave Tunic,GEAR,VENDOR,1,57412,65006,88,1
21862,Imbued Netherweave Tunic,GEAR,VENDOR,1,54541,65006,83,1
21862,Imbued Netherweave Tunic,GEAR,VENDOR,1,53995,65006,83,1
21862,Imbued Netherweave Tunic,GEAR,VENDOR,1,59805,65006,91,1
21862,Imbued Netherweave Tunic,GEAR,VENDOR,1,57412,65006,88,1
21862,Imbued Netherweave Tunic,GEAR,VENDOR,1,54541,65006,83,1
21862,Imbued Netherweave Tunic,GEAR,VENDOR,1,53995,65006,83,1
21862,Imbued Netherweave Tunic,GEAR,VENDOR,1,59805,65006,91,1
21862,Imbued Netherweave Tunic,GEAR,VENDOR,1,57412,65006,88,1
25679,Comfortable Insoles,MISC,VENDOR,6,7854,10000,78,1
40195,Pygmy Oil,INTERMEDIATE,TRAINER,13,272,300,90,1
9187,Elixir of Greater Agility,ELIXIR_POT,TRAINER,15,1983,1787,110,0
18251,Core Armor Kit,MISC,DROP,6,20638,28000,73,1
33093,Mana Potion Injector,ELIXIR_POT,DROP,20,28728,14400,199,0
33093,Mana Potion Injector,ELIXIR_POT,DROP,5,28440,14400,197,0
33093,Mana Potion Injector,ELIXIR_POT,DROP,5,27302,14400,189,0
33093,Mana Potion Injector,ELIXIR_POT,DROP,5,28728,14400,199,0
33093,Mana Potion Injector,ELIXIR_POT,DROP,20,28440,14400,197,0
33093,Mana Potion Injector,ELIXIR_POT,DROP,20,27302,14400,189,0
33093,Mana Potion Injector,ELIXIR_POT,DROP,20,28728,14400,199,0
33093,Mana Potion Injector,ELIXIR_POT,DROP,20,28440,14400,197,0
33093,Mana Potion Injector,ELIXIR_POT,DROP,5,27302,14400,189,0
33093,Mana Potion Injector,ELIXIR_POT,DROP,5,28728,14400,199,0
33093,Mana Potion Injector,ELIXIR_POT,DROP,20,28440,14400,197,0
33093,Mana Potion Injector,ELIXIR_POT,DROP,20,27302,14400,189,0
33093,Mana Potion Injector,ELIXIR_POT,DROP,5,28728,14400,199,0
33093,Mana Potion Injector,ELIXIR_POT,DROP,5,28440,14400,197,0
33093,Mana Potion Injector,ELIXIR_POT,DROP,5,27302,14400,189,0
33093,Mana Potion Injector,ELIXIR_POT,DROP,5,28728,14400,199,0
33093,Mana Potion Injector,ELIXIR_POT,DROP,5,28440,14400,197,0
33093,Mana Potion Injector,ELIXIR_POT,DROP,20,27302,14400,189,0
33093,Mana Potion Injector,ELIXIR_POT,DROP,5,28728,14400,199,0
33093,Mana Potion Injector,ELIXIR_POT,DROP,5,28440,14400,197,0
33093,Mana Potion Injector,ELIXIR_POT,DROP,5,27302,14400,189,0
33093,Mana Potion Injector,ELIXIR_POT,DROP,20,28728,14400,199,0
33093,Mana Potion Injector,ELIXIR_POT,DROP,5,28440,14400,197,0
33093,Mana Potion Injector,ELIXIR_POT,DROP,5,27302,14400,189,0
33093,Mana Potion Injector,ELIXIR_POT,DROP,20,28728,14400,199,0
33093,Mana Potion Injector,ELIXIR_POT,DROP,5,28440,14400,197,0
33093,Mana Potion Injector,ELIXIR_POT,DROP,20,27302,14400,189,0
33093,Mana Potion Injector,ELIXIR_POT,DROP,5,28728,14400,199,0
33093,Mana Potion Injector,ELIXIR_POT,DROP,5,28440,14400,197,0
33093,Mana Potion Injector,ELIXIR_POT,DROP,5,27302,14400,189,0
33093,Mana Potion Injector,ELIXIR_POT,DROP,20,28728,14400,199,0
33093,Mana Potion Injector,ELIXIR_POT,DROP,20,28440,14400,197,0
33093,Mana Potion Injector,ELIXIR_POT,DROP,5,27302,14400,189,0
24275,Silver Spellthread,MISC,VENDOR,3,227370,165000,137,0
24271,Spellcloth,INTERMEDIATE,VENDOR,6,45504,64001,71,1
24271,Spellcloth,INTERMEDIATE,VENDOR,3,43683,64001,68,1
25843,Fel Iron Rod,INTERMEDIATE,TRAINER,1,86961,72000,120,0
25843,Fel Iron Rod,INTERMEDIATE,TRAINER,1,86091,72000,119,0
25843,Fel Iron Rod,INTERMEDIATE,TRAINER,1,86961,72000,120,0
25843,Fel Iron Rod,INTERMEDIATE,TRAINER,1,86091,72000,119,0
25843,Fel Iron Rod,INTERMEDIATE,TRAINER,1,86961,72000,120,0
25843,Fel Iron Rod,INTERMEDIATE,TRAINER,1,86091,72000,119,0
25843,Fel Iron Rod,INTERMEDIATE,TRAINER,1,86961,72000,120,0
25843,Fel Iron Rod,INTERMEDIATE,TRAINER,1,86091,72000,119,0
25843,Fel Iron Rod,INTERMEDIATE,TRAINER,1,86961,72000,120,0
25843,Fel Iron Rod,INTERMEDIATE,TRAINER,1,86091,72000,119,0
25843,Fel Iron Rod,INTERMEDIATE,TRAINER,1,86961,72000,120,0
25843,Fel Iron Rod,INTERMEDIATE,TRAINER,1,86091,72000,119,0
25843,Fel Iron Rod,INTERMEDIATE,TRAINER,1,86961,72000,120,0
24269,Heavy Netherweave Net,MISC,UNSOURCED,20,11272,14400,78,1
24269,Heavy Netherweave Net,MISC,UNSOURCED,2,10933,14400,75,1
14529,Runecloth Bandage,MISC,TRAINER,15,1539,2376,64,1
31370,Iceguard Leggings,GEAR,VENDOR,1,1445516,1168000,123,0
22853,Flask of Mighty Restoration,FLASK,UNSOURCED,5,69993,45000,155,0
22853,Flask of Mighty Restoration,FLASK,UNSOURCED,9,66493,45000,147,0
20817,Bronze Setting,INTERMEDIATE,TRAINER,6,124,124,100,0
20817,Bronze Setting,INTERMEDIATE,TRAINER,4,124,124,100,0
25843,Fel Iron Rod,INTERMEDIATE,TRAINER,1,79351,72000,110,0
25843,Fel Iron Rod,INTERMEDIATE,TRAINER,1,77763,72000,108,0
25843,Fel Iron Rod,INTERMEDIATE,TRAINER,1,79351,72000,110,0
25843,Fel Iron Rod,INTERMEDIATE,TRAINER,1,77763,72000,108,0
25843,Fel Iron Rod,INTERMEDIATE,TRAINER,1,79351,72000,110,0
25843,Fel Iron Rod,INTERMEDIATE,TRAINER,1,77763,72000,108,0
25843,Fel Iron Rod,INTERMEDIATE,TRAINER,1,79351,72000,110,0
25843,Fel Iron Rod,INTERMEDIATE,TRAINER,1,77763,72000,108,0
25843,Fel Iron Rod,INTERMEDIATE,TRAINER,1,79351,72000,110,0
25843,Fel Iron Rod,INTERMEDIATE,TRAINER,1,77763,72000,108,0
25843,Fel Iron Rod,INTERMEDIATE,TRAINER,1,79351,72000,110,0
25843,Fel Iron Rod,INTERMEDIATE,TRAINER,1,77763,72000,108,0
25843,Fel Iron Rod,INTERMEDIATE,TRAINER,1,79351,72000,110,0
25843,Fel Iron Rod,INTERMEDIATE,TRAINER,1,77763,72000,108,0
22445,Arcane Dust,INTERMEDIATE,UNSOURCED,20,3920,5013,78,1
22445,Arcane Dust,INTERMEDIATE,UNSOURCED,20,3880,5013,77,1
22445,Arcane Dust,INTERMEDIATE,UNSOURCED,1,3920,5013,78,1
22445,Arcane Dust,INTERMEDIATE,UNSOURCED,1,3880,5013,77,1
41367,Dark Jade Focusing Lens,MISC,TRAINER,1,15088,20000,75,1
41367,Dark Jade Focusing Lens,MISC,TRAINER,1,14484,20000,72,1
41367,Dark Jade Focusing Lens,MISC,TRAINER,1,14194,20000,70,1
41367,Dark Jade Focusing Lens,MISC,TRAINER,1,13910,20000,69,1
41367,Dark Jade Focusing Lens,MISC,TRAINER,1,15088,20000,75,1
41367,Dark Jade Focusing Lens,MISC,TRAINER,1,14484,20000,72,1
41367,Dark Jade Focusing Lens,MISC,TRAINER,1,14194,20000,70,1
41367,Dark Jade Focusing Lens,MISC,TRAINER,1,13910,20000,69,1
41367,Dark Jade Focusing Lens,MISC,TRAINER,1,15088,20000,75,1
41367,Dark Jade Focusing Lens,MISC,TRAINER,1,14484,20000,72,1
41367,Dark Jade Focusing Lens,MISC,TRAINER,1,14194,20000,70,1
41367,Dark Jade Focusing Lens,MISC,TRAINER,1,13910,20000,69,1
41367,Dark Jade Focusing Lens,MISC,TRAINER,1,15088,20000,75,1
41367,Dark Jade Focusing Lens,MISC,TRAINER,1,14484,20000,72,1
41367,Dark Jade Focusing Lens,MISC,TRAINER,1,14194,20000,70,1
13511,Flask of Distilled Wisdom,FLASK,DROP,5,35537,13430,264,0
13511,Flask of Distilled Wisdom,FLASK,DROP,19,34826,13430,259,0
24270,Bag of Jewels,BAG,VENDOR,1,17112,20006,85,1
24270,Bag of Jewels,BAG,VENDOR,1,16769,20006,83,1
24270,Bag of Jewels,BAG,VENDOR,1,15930,20006,79,1
24270,Bag of Jewels,BAG,VENDOR,1,15133,20006,75,1
24270,Bag of Jewels,BAG,VENDOR,1,17112,20006,85,1
24270,Bag of Jewels,BAG,VENDOR,1,16769,20006,83,1
24270,Bag of Jewels,BAG,VENDOR,1,15930,20006,79,1
24270,Bag of Jewels,BAG,VENDOR,1,15133,20006,75,1
24270,Bag of Jewels,BAG,VENDOR,1,17112,20006,85,1
24270,Bag of Jewels,BAG,VENDOR,1,16769,20006,83,1
24270,Bag of Jewels,BAG,VENDOR,1,15930,20006,79,1
24270,Bag of Jewels,BAG,VENDOR,1,15133,20006,75,1
24270,Bag of Jewels,BAG,VENDOR,1,17112,20006,85,1
24270,Bag of Jewels,BAG,VENDOR,1,16769,20006,83,1
24270,Bag of Jewels,BAG,VENDOR,1,15930,20006,79,1
23774,Fel Iron Toolbox,BAG,VENDOR,1,117353,104000,112,0
23774,Fel Iron Toolbox,BAG,VENDOR,1,112658,104000,108,0
23774,Fel Iron Toolbox,BAG,VENDOR,1,110404,104000,106,0
24269,Heavy Netherweave Net,MISC,UNSOURCED,20,10908,14400,75,1
24269,Heavy Netherweave Net,MISC,UNSOURCED,10,10362,14400,71,1
21858,Spellfire Bag,BAG,VENDOR,1,439827,408004,107,0
21862,Imbued Netherweave Tunic,GEAR,VENDOR,1,47843,65006,73,1
21862,Imbued Netherweave Tunic,GEAR,VENDOR,1,45929,65006,70,1
21862,Imbued Netherweave Tunic,GEAR,VENDOR,1,47843,65006,73,1
21862,Imbued Netherweave Tunic,GEAR,VENDOR,1,45929,65006,70,1
21862,Imbued Netherweave Tunic,GEAR,VENDOR,1,47843,65006,73,1
21862,Imbued Netherweave Tunic,GEAR,VENDOR,1,45929,65006,70,1
21862,Imbued Netherweave Tunic,GEAR,VENDOR,1,47843,65006,73,1
21862,Imbued Netherweave Tunic,GEAR,VENDOR,1,45929,65006,70,1
21862,Imbued Netherweave Tunic,GEAR,VENDOR,1,47843,65006,73,1
21862,Imbued Netherweave Tunic,GEAR,VENDOR,1,45929,65006,70,1
21862,Imbued Netherweave Tunic,GEAR,VENDOR,1,47843,65006,73,1
21862,Imbued Netherweave Tunic,GEAR,VENDOR,1,45929,65006,70,1
21862,Imbued Netherweave Tunic,GEAR,VENDOR,1,47843,65006,73,1
21862,Imbued Netherweave Tunic,GEAR,VENDOR,1,45929,65006,70,1
21862,Imbued Netherweave Tunic,GEAR,VENDOR,1,47843,65006,73,1
22573,Mote of Earth,INTERMEDIATE,TRAINER,10,2465,3200,77,1
22573,Mote of Earth,INTERMEDIATE,TRAINER,10,2366,3200,73,1
22573,Mote of Earth,INTERMEDIATE,TRAINER,10,2271,3200,70,1
22573,Mote of Earth,INTERMEDIATE,TRAINER,10,2180,3200,68,1
22573,Mote of Earth,INTERMEDIATE,TRAINER,10,2465,3200,77,1
22573,Mote of Earth,INTERMEDIATE,TRAINER,10,2366,3200,73,1
22573,Mote of Earth,INTERMEDIATE,TRAINER,10,2271,3200,70,1
22573,Mote of Earth,INTERMEDIATE,TRAINER,10,2180,3200,68,1
22573,Mote of Earth,INTERMEDIATE,TRAINER,10,2465,3200,77,1
22573,Mote of Earth,INTERMEDIATE,TRAINER,5,2366,3200,73,1
22573,Mote of Earth,INTERMEDIATE,TRAINER,5,2271,3200,70,1
44958,Ethereal Oil,INTERMEDIATE,TRAINER,5,72,96,75,1
44958,Ethereal Oil,INTERMEDIATE,TRAINER,6,71,96,73,1
23787,Felsteel Stabilizer,INTERMEDIATE,TRAINER,2,1,2,50,1
23787,Felsteel Stabilizer,INTERMEDIATE,TRAINER,5,1,2,50,1
21990,Netherweave Bandage,MISC,TRAINER,12,3748,4800,78,1
22574,Mote of Fire,INTERMEDIATE,TRAINER,10,3200,3200,100,0
22574,Mote of Fire,INTERMEDIATE,TRAINER,10,3200,3200,100,0
22574,Mote of Fire,INTERMEDIATE,TRAINER,10,3200,3200,100,0
22574,Mote of Fire,INTERMEDIATE,TRAINER,10,3200,3200,100,0
22574,Mote of Fire,INTERMEDIATE,TRAINER,10,3200,3200,100,0
22574,Mote of Fire,INTERMEDIATE,TRAINER,10,3200,3200,100,0
22574,Mote of Fire,INTERMEDIATE,TRAINER,10,3200,3200,100,0
22574,Mote of Fire,INTERMEDIATE,TRAINER,10,3200,3200,100,0
22574,Mote of Fire,INTERMEDIATE,TRAINER,3,3200,3200,100,0
22574,Mote of Fire,INTERMEDIATE,TRAINER,7,3200,3200,100,0
22448,Small Prismatic Shard,INTERMEDIATE,TRAINER,11,1,0,0,1
22448,Small Prismatic Shard,INTERMEDIATE,TRAINER,7,1,0,0,1
22445,Arcane Dust,INTERMEDIATE,UNSOURCED,20,4639,5013,92,1
22445,Arcane Dust,INTERMEDIATE,UNSOURCED,1,4407,5013,87,1
22445,Arcane Dust,INTERMEDIATE,UNSOURCED,18,4639,5013,92,1
22851,Flask of Fortification,FLASK,UNSOURCED,5,78424,48500,161,0
22851,Flask of Fortification,FLASK,UNSOURCED,5,75287,48500,155,0
22851,Flask of Fortification,FLASK,UNSOURCED,20,73781,48500,152,0
22851,Flask of Fortification,FLASK,UNSOURCED,6,72305,48500,149,0
34330,Heavy Knothide Armor Kit,MISC,TRAINER,10,70305,75000,93,1
34330,Heavy Knothide Armor Kit,MISC,TRAINER,5,67492,75000,89,1
33093,Mana Potion Injector,ELIXIR_POT,DROP,5,42382,14400,294,0
33093,Mana Potion Injector,ELIXIR_POT,DROP,20,41110,14400,285,0
33093,Mana Potion Injector,ELIXIR_POT,DROP,20,39465,14400,274,0
33093,Mana Potion Injector,ELIXIR_POT,DROP,20,37491,14400,260,0
33093,Mana Potion Injector,ELIXIR_POT,DROP,5,42382,14400,294,0
33093,Mana Potion Injector,ELIXIR_POT,DROP,5,41110,14400,285,0
33093,Mana Potion Injector,ELIXIR_POT,DROP,5,39465,14400,274,0
33093,Mana Potion Injector,ELIXIR_POT,DROP,20,37491,14400,260,0
33093,Mana Potion Injector,ELIXIR_POT,DROP,5,42382,14400,294,0
33093,Mana Potion Injector,ELIXIR_POT,DROP,5,41110,14400,285,0
33093,Mana Potion Injector,ELIXIR_POT,DROP,5,39465,14400,274,0
33093,Mana Potion Injector,ELIXIR_POT,DROP,20,37491,14400,260,0
33093,Mana Potion Injector,ELIXIR_POT,DROP,5,42382,14400,294,0
33093,Mana Potion Injector,ELIXIR_POT,DROP,20,41110,14400,285,0
24270,Bag of Jewels,BAG,VENDOR,1,15904,20006,79,1
24270,Bag of Jewels,BAG,VENDOR,1,15744,20006,78,1
24270,Bag of Jewels,BAG,VENDOR,1,15271,20006,76,1
24270,Bag of Jewels,BAG,VENDOR,1,15904,20006,79,1
24270,Bag of Jewels,BAG,VENDOR,1,15744,20006,78,1
24270,Bag of Jewels,BAG,VENDOR,1,15271,20006,76,1
13511,Flask of Distilled Wisdom,FLASK,DROP,5,25532,13430,190,0
13511,Flask of Distilled Wisdom,FLASK,DROP,20,25276,13430,188,0
13511,Flask of Distilled Wisdom,FLASK,DROP,3,25532,13430,190,0
28102,Onslaught Elixir,ELIXIR_POT,TRAINER,5,10789,8600,125,0
28102,Onslaught Elixir,ELIXIR_POT,TRAINER,1,10465,8600,121,0
22445,Arcane Dust,INTERMEDIATE,UNSOURCED,20,4664,5013,93,1
22445,Arcane Dust,INTERMEDIATE,UNSOURCED,1,4570,5013,91,1
22445,Arcane Dust,INTERMEDIATE,UNSOURCED,3,4664,5013,93,1
13513,Flask of Chromatic Resistance,FLASK,DROP,5,58145,20250,287,0
13513,Flask of Chromatic Resistance,FLASK,DROP,5,56400,20250,278,0
13513,Flask of Chromatic Resistance,FLASK,DROP,5,55836,20250,275,0
13513,Flask of Chromatic Resistance,FLASK,DROP,17,53044,20250,261,0
7071,Iron Buckle,INTERMEDIATE,TRAINER,5,514,450,114,0
7071,Iron Buckle,INTERMEDIATE,TRAINER,1,503,450,111,0
7071,Iron Buckle,INTERMEDIATE,TRAINER,4,514,450,114,0
2319,Medium Leather,INTERMEDIATE,TRAINER,2,372,372,100,0
2319,Medium Leather,INTERMEDIATE,TRAINER,6,372,372,100,0
24269,Heavy Netherweave Net,MISC,UNSOURCED,2,33501,14400,232,0
27651,Buzzard Bites,FOOD,UNSOURCED,9,3510,1200,292,0
5081,Kodo Hide Bag,BAG,UNSOURCED,1,2474,853,290,0
5081,Kodo Hide Bag,BAG,UNSOURCED,1,2375,853,278,0
22522,Superior Wizard Oil,MISC,VENDOR,1,20976,26039,80,1
22522,Superior Wizard Oil,MISC,VENDOR,1,20136,26039,77,1
22522,Superior Wizard Oil,MISC,VENDOR,1,19733,26039,75,1
22522,Superior Wizard Oil,MISC,VENDOR,1,20976,26039,80,1
22522,Superior Wizard Oil,MISC,VENDOR,1,20136,26039,77,1
22522,Superior Wizard Oil,MISC,VENDOR,1,19733,26039,75,1
22522,Superior Wizard Oil,MISC,VENDOR,1,20976,26039,80,1
22522,Superior Wizard Oil,MISC,VENDOR,1,20136,26039,77,1
22522,Superior Wizard Oil,MISC,VENDOR,1,19733,26039,75,1
7071,Iron Buckle,INTERMEDIATE,TRAINER,5,486,450,108,0
7071,Iron Buckle,INTERMEDIATE,TRAINER,5,461,450,102,0
7071,Iron Buckle,INTERMEDIATE,TRAINER,5,450,450,100,0
7071,Iron Buckle,INTERMEDIATE,TRAINER,5,450,450,100,0
7071,Iron Buckle,INTERMEDIATE,TRAINER,2,486,450,108,0
7071,Iron Buckle,INTERMEDIATE,TRAINER,2,461,450,102,0
14048,Bolt of Runecloth,INTERMEDIATE,TRAINER,1,13054,11880,109,0
14048,Bolt of Runecloth,INTERMEDIATE,TRAINER,10,12792,11880,107,0
2997,Bolt of Woolen Cloth,INTERMEDIATE,TRAINER,8,492,408,120,0
2997,Bolt of Woolen Cloth,INTERMEDIATE,TRAINER,1,477,408,116,0
25670,Thick Draenic Pants,GEAR,TRAINER,1,47586,60000,79,1
25670,Thick Draenic Pants,GEAR,TRAINER,1,45682,60000,76,1
25670,Thick Draenic Pants,GEAR,TRAINER,1,43854,60000,73,1
25670,Thick Draenic Pants,GEAR,TRAINER,1,41661,60000,69,1
25670,Thick Draenic Pants,GEAR,TRAINER,1,47586,60000,79,1
44839,Candied Sweet Potato,FOOD,DROP,16,41,18,227,0
22853,Flask of Mighty Restoration,FLASK,UNSOURCED,20,85446,45000,189,0
22853,Flask of Mighty Restoration,FLASK,UNSOURCED,2,81173,45000,180,0
3576,Tin Bar,INTERMEDIATE,TRAINER,9,107,107,100,0
3576,Tin Bar,INTERMEDIATE,TRAINER,1,107,107,100,0
33092,Healing Potion Injector,ELIXIR_POT,DROP,20,28902,18400,157,0
33092,Healing Potion Injector,ELIXIR_POT,DROP,5,28034,18400,152,0
33092,Healing Potion Injector,ELIXIR_POT,DROP,5,28902,18400,157,0
33092,Healing Potion Injector,ELIXIR_POT,DROP,5,28034,18400,152,0
33092,Healing Potion Injector,ELIXIR_POT,DROP,20,28902,18400,157,0
33092,Healing Potion Injector,ELIXIR_POT,DROP,5,28034,18400,152,0
33092,Healing Potion Injector,ELIXIR_POT,DROP,20,28902,18400,157,0
33092,Healing Potion Injector,ELIXIR_POT,DROP,5,28034,18400,152,0
33092,Healing Potion Injector,ELIXIR_POT,DROP,5,28902,18400,157,0
33092,Healing Potion Injector,ELIXIR_POT,DROP,20,28034,18400,152,0
33092,Healing Potion Injector,ELIXIR_POT,DROP,5,28902,18400,157,0
33092,Healing Potion Injector,ELIXIR_POT,DROP,5,28034,18400,152,0
33092,Healing Potion Injector,ELIXIR_POT,DROP,5,28902,18400,157,0
33092,Healing Potion Injector,ELIXIR_POT,DROP,5,28034,18400,152,0
33092,Healing Potion Injector,ELIXIR_POT,DROP,20,28902,18400,157,0
33092,Healing Potion Injector,ELIXIR_POT,DROP,5,28034,18400,152,0
33092,Healing Potion Injector,ELIXIR_POT,DROP,5,28902,18400,157,0
33092,Healing Potion Injector,ELIXIR_POT,DROP,5,28034,18400,152,0
33092,Healing Potion Injector,ELIXIR_POT,DROP,20,28902,18400,157,0
33092,Healing Potion Injector,ELIXIR_POT,DROP,20,28034,18400,152,0
33092,Healing Potion Injector,ELIXIR_POT,DROP,5,28902,18400,157,0
33092,Healing Potion Injector,ELIXIR_POT,DROP,20,28034,18400,152,0
33092,Healing Potion Injector,ELIXIR_POT,DROP,5,28902,18400,157,0
33092,Healing Potion Injector,ELIXIR_POT,DROP,20,28034,18400,152,0
33092,Healing Potion Injector,ELIXIR_POT,DROP,20,28902,18400,157,0
33092,Healing Potion Injector,ELIXIR_POT,DROP,5,28034,18400,152,0
41285,Chaotic Skyflare Diamond,GEM_CUT,UNSOURCED,1,687420,360000,190,0
41285,Chaotic Skyflare Diamond,GEM_CUT,UNSOURCED,1,680545,360000,189,0
24269,Heavy Netherweave Net,MISC,UNSOURCED,20,11088,14400,77,1
24269,Heavy Netherweave Net,MISC,UNSOURCED,8,10977,14400,76,1
24269,Heavy Netherweave Net,MISC,UNSOURCED,12,13374,14400,92,1
33173,Ragesteel Shoulders,GEAR,DROP,1,947439,529000,179,0
33173,Ragesteel Shoulders,GEAR,DROP,1,937964,529000,177,0
33173,Ragesteel Shoulders,GEAR,DROP,1,900445,529000,170,0
35707,Regal Nightseye,GEM_CUT,VENDOR,1,144000,120000,120,0
35707,Regal Nightseye,GEM_CUT,VENDOR,1,142560,120000,118,0
8545,Heavy Mageweave Bandage,MISC,TRAINER,15,1879,2020,93,1
21843,Imbued Netherweave Bag,BAG,VENDOR,1,59518,60005,99,1
21843,Imbued Netherweave Bag,BAG,VENDOR,1,58327,60005,97,1
21843,Imbued Netherweave Bag,BAG,VENDOR,1,57160,60005,95,1
21843,Imbued Netherweave Bag,BAG,VENDOR,1,59518,60005,99,1
21843,Imbued Netherweave Bag,BAG,VENDOR,1,58327,60005,97,1
21843,Imbued Netherweave Bag,BAG,VENDOR,1,57160,60005,95,1
21843,Imbued Netherweave Bag,BAG,VENDOR,1,59518,60005,99,1
21843,Imbued Netherweave Bag,BAG,VENDOR,1,58327,60005,97,1
21843,Imbued Netherweave Bag,BAG,VENDOR,1,57160,60005,95,1
21843,Imbued Netherweave Bag,BAG,VENDOR,1,59518,60005,99,1
21843,Imbued Netherweave Bag,BAG,VENDOR,1,58327,60005,97,1
21843,Imbued Netherweave Bag,BAG,VENDOR,1,57160,60005,95,1
6042,Iron Shield Spike,MISC,DROP,2,10009,5640,177,0
21843,Imbued Netherweave Bag,BAG,VENDOR,1,60064,60005,100,1
21843,Imbued Netherweave Bag,BAG,VENDOR,1,59463,60005,99,1
21843,Imbued Netherweave Bag,BAG,VENDOR,1,58273,60005,97,1
21843,Imbued Netherweave Bag,BAG,VENDOR,1,60064,60005,100,1
21843,Imbued Netherweave Bag,BAG,VENDOR,1,59463,60005,99,1
31369,Iceguard Breastplate,GEAR,VENDOR,1,1314350,1168000,112,0
22522,Superior Wizard Oil,MISC,VENDOR,1,16586,26039,63,1
22522,Superior Wizard Oil,MISC,VENDOR,1,16420,26039,63,1
22522,Superior Wizard Oil,MISC,VENDOR,1,16586,26039,63,1
22522,Superior Wizard Oil,MISC,VENDOR,1,16420,26039,63,1
22522,Superior Wizard Oil,MISC,VENDOR,1,16586,26039,63,1
22522,Superior Wizard Oil,MISC,VENDOR,1,16420,26039,63,1
22522,Superior Wizard Oil,MISC,VENDOR,1,16586,26039,63,1
22522,Superior Wizard Oil,MISC,VENDOR,1,16420,26039,63,1
22522,Superior Wizard Oil,MISC,VENDOR,1,16586,26039,63,1
22522,Superior Wizard Oil,MISC,VENDOR,1,16420,26039,63,1
22522,Superior Wizard Oil,MISC,VENDOR,1,16586,26039,63,1
22522,Superior Wizard Oil,MISC,VENDOR,1,16420,26039,63,1
22522,Superior Wizard Oil,MISC,VENDOR,1,16586,26039,63,1
22522,Superior Wizard Oil,MISC,VENDOR,1,16420,26039,63,1
22522,Superior Wizard Oil,MISC,VENDOR,1,16586,26039,63,1
21840,Bolt of Netherweave,INTERMEDIATE,TRAINER,8,31518,28800,109,0
31080,Mercurial Stone,GEAR,TRAINER,1,110745,96000,115,0
31080,Mercurial Stone,GEAR,TRAINER,1,107422,96000,111,0
31080,Mercurial Stone,GEAR,TRAINER,1,106347,96000,110,0
44958,Ethereal Oil,INTERMEDIATE,TRAINER,5,70,96,72,1
44958,Ethereal Oil,INTERMEDIATE,TRAINER,4,66,96,68,1
23447,Eternium Bar,INTERMEDIATE,TRAINER,2,20000,20000,100,0
23447,Eternium Bar,INTERMEDIATE,TRAINER,6,20000,20000,100,0
13513,Flask of Chromatic Resistance,FLASK,DROP,5,49917,20250,246,0
13513,Flask of Chromatic Resistance,FLASK,DROP,5,48419,20250,239,0
13513,Flask of Chromatic Resistance,FLASK,DROP,10,47934,20250,236,0
25691,Heavy Clefthoof Boots,GEAR,VENDOR,1,260332,298000,87,1
25691,Heavy Clefthoof Boots,GEAR,VENDOR,1,247315,298000,82,1
25691,Heavy Clefthoof Boots,GEAR,VENDOR,1,242368,298000,81,1
25691,Heavy Clefthoof Boots,GEAR,VENDOR,1,260332,298000,87,1
25691,Heavy Clefthoof Boots,GEAR,VENDOR,1,247315,298000,82,1
25691,Heavy Clefthoof Boots,GEAR,VENDOR,1,242368,298000,81,1
25691,Heavy Clefthoof Boots,GEAR,VENDOR,1,260332,298000,87,1
25691,Heavy Clefthoof Boots,GEAR,VENDOR,1,247315,298000,82,1
22851,Flask of Fortification,FLASK,UNSOURCED,20,113635,48500,234,0
22851,Flask of Fortification,FLASK,UNSOURCED,5,107953,48500,222,0
22851,Flask of Fortification,FLASK,UNSOURCED,11,104714,48500,215,0
21862,Imbued Netherweave Tunic,GEAR,VENDOR,1,45217,65006,69,1
21862,Imbued Netherweave Tunic,GEAR,VENDOR,1,44312,65006,68,1
21862,Imbued Netherweave Tunic,GEAR,VENDOR,1,43425,65006,66,1
21862,Imbued Netherweave Tunic,GEAR,VENDOR,1,45217,65006,69,1
21862,Imbued Netherweave Tunic,GEAR,VENDOR,1,44312,65006,68,1
21862,Imbued Netherweave Tunic,GEAR,VENDOR,1,43425,65006,66,1
21862,Imbued Netherweave Tunic,GEAR,VENDOR,1,45217,65006,69,1
21862,Imbued Netherweave Tunic,GEAR,VENDOR,1,44312,65006,68,1
21862,Imbued Netherweave Tunic,GEAR,VENDOR,1,43425,65006,66,1
21862,Imbued Netherweave Tunic,GEAR,VENDOR,1,45217,65006,69,1
21862,Imbued Netherweave Tunic,GEAR,VENDOR,1,44312,65006,68,1
21862,Imbued Netherweave Tunic,GEAR,VENDOR,1,43425,65006,66,1
21862,Imbued Netherweave Tunic,GEAR,VENDOR,1,45217,65006,69,1
21862,Imbued Netherweave Tunic,GEAR,VENDOR,1,44312,65006,68,1
2997,Bolt of Woolen Cloth,INTERMEDIATE,TRAINER,6,446,408,109,0
2997,Bolt of Woolen Cloth,INTERMEDIATE,TRAINER,1,423,408,103,0
22445,Arcane Dust,INTERMEDIATE,UNSOURCED,4,3368,5013,67,1
22445,Arcane Dust,INTERMEDIATE,UNSOURCED,14,3334,5013,66,1
24268,Netherweave Net,MISC,TRAINER,10,5241,7200,72,1
23573,Hardened Adamantite Bar,INTERMEDIATE,TRAINER,2,200124,180000,111,0
23573,Hardened Adamantite Bar,INTERMEDIATE,TRAINER,13,198122,180000,110,0
21842,Bolt of Imbued Netherweave,INTERMEDIATE,VENDOR,8,113030,82026,137,0
5762,Red Linen Bag,BAG,VENDOR,1,714,598,119,0
18232,Field Repair Bot 74A,INTERMEDIATE,UNSOURCED,1,65820,34069,193,0
18232,Field Repair Bot 74A,INTERMEDIATE,UNSOURCED,4,63845,34069,187,0
25843,Fel Iron Rod,INTERMEDIATE,TRAINER,1,74880,72000,104,0
25843,Fel Iron Rod,INTERMEDIATE,TRAINER,1,72000,72000,100,0
25843,Fel Iron Rod,INTERMEDIATE,TRAINER,1,72000,72000,100,0
25843,Fel Iron Rod,INTERMEDIATE,TRAINER,1,72000,72000,100,0
25843,Fel Iron Rod,INTERMEDIATE,TRAINER,1,74880,72000,104,0
25843,Fel Iron Rod,INTERMEDIATE,TRAINER,1,72000,72000,100,0
25843,Fel Iron Rod,INTERMEDIATE,TRAINER,1,72000,72000,100,0
25843,Fel Iron Rod,INTERMEDIATE,TRAINER,1,72000,72000,100,0
25843,Fel Iron Rod,INTERMEDIATE,TRAINER,1,74880,72000,104,0
25843,Fel Iron Rod,INTERMEDIATE,TRAINER,1,72000,72000,100,0
25843,Fel Iron Rod,INTERMEDIATE,TRAINER,1,72000,72000,100,0
25843,Fel Iron Rod,INTERMEDIATE,TRAINER,1,72000,72000,100,0
25843,Fel Iron Rod,INTERMEDIATE,TRAINER,1,74880,72000,104,0
25843,Fel Iron Rod,INTERMEDIATE,TRAINER,1,72000,72000,100,0
12644,Dense Grinding Stone,INTERMEDIATE,TRAINER,7,7438,5760,129,0
12644,Dense Grinding Stone,INTERMEDIATE,TRAINER,3,7289,5760,126,0
25679,Comfortable Insoles,MISC,VENDOR,10,8216,10000,82,1
25679,Comfortable Insoles,MISC,VENDOR,3,7887,10000,78,1
22445,Arcane Dust,INTERMEDIATE,UNSOURCED,20,3495,5013,69,1
22445,Arcane Dust,INTERMEDIATE,UNSOURCED,20,3425,5013,68,1
22445,Arcane Dust,INTERMEDIATE,UNSOURCED,4,3495,5013,69,1
22445,Arcane Dust,INTERMEDIATE,UNSOURCED,1,3425,5013,68,1
13423,Stonescale Oil,INTERMEDIATE,TRAINER,2,113,102,110,0
13423,Stonescale Oil,INTERMEDIATE,TRAINER,11,110,102,107,0
40134,Royal Dreadstone,GEM_CUT,VENDOR,1,299250,250000,119,0
3470,Rough Grinding Stone,INTERMEDIATE,TRAINER,2,25,24,104,0
3470,Rough Grinding Stone,INTERMEDIATE,TRAINER,8,24,24,100,0
25670,Thick Draenic Pants,GEAR,TRAINER,1,60060,60000,100,1
25670,Thick Draenic Pants,GEAR,TRAINER,1,58858,60000,98,1
25670,Thick Draenic Pants,GEAR,TRAINER,1,57680,60000,96,1
25670,Thick Draenic Pants,GEAR,TRAINER,1,55949,60000,93,1
25670,Thick Draenic Pants,GEAR,TRAINER,1,60060,60000,100,1
25670,Thick Draenic Pants,GEAR,TRAINER,1,58858,60000,98,1
25670,Thick Draenic Pants,GEAR,TRAINER,1,57680,60000,96,1
25670,Thick Draenic Pants,GEAR,TRAINER,1,55949,60000,93,1
25670,Thick Draenic Pants,GEAR,TRAINER,1,60060,60000,100,1
25670,Thick Draenic Pants,GEAR,TRAINER,1,58858,60000,98,1
25670,Thick Draenic Pants,GEAR,TRAINER,1,57680,60000,96,1
25670,Thick Draenic Pants,GEAR,TRAINER,1,55949,60000,93,1
25670,Thick Draenic Pants,GEAR,TRAINER,1,60060,60000,100,1
25670,Thick Draenic Pants,GEAR,TRAINER,1,58858,60000,98,1
25670,Thick Draenic Pants,GEAR,TRAINER,1,57680,60000,96,1
42420,Shadow Crystal Focusing Lens,MISC,TRAINER,1,16400,20000,82,1
42420,Shadow Crystal Focusing Lens,MISC,TRAINER,1,15744,20000,78,1
42420,Shadow Crystal Focusing Lens,MISC,TRAINER,1,15429,20000,77,1
42420,Shadow Crystal Focusing Lens,MISC,TRAINER,1,16400,20000,82,1
42420,Shadow Crystal Focusing Lens,MISC,TRAINER,1,15744,20000,78,1
42420,Shadow Crystal Focusing Lens,MISC,TRAINER,1,15429,20000,77,1
42420,Shadow Crystal Focusing Lens,MISC,TRAINER,1,16400,20000,82,1
42420,Shadow Crystal Focusing Lens,MISC,TRAINER,1,15744,20000,78,1
42420,Shadow Crystal Focusing Lens,MISC,TRAINER,1,15429,20000,77,1
42420,Shadow Crystal Focusing Lens,MISC,TRAINER,1,16400,20000,82,1
42420,Shadow Crystal Focusing Lens,MISC,TRAINER,1,15744,20000,78,1
42420,Shadow Crystal Focusing Lens,MISC,TRAINER,1,15429,20000,77,1
42420,Shadow Crystal Focusing Lens,MISC,TRAINER,1,16400,20000,82,1
42420,Shadow Crystal Focusing Lens,MISC,TRAINER,1,15744,20000,78,1
42420,Shadow Crystal Focusing Lens,MISC,TRAINER,1,15429,20000,77,1
22445,Arcane Dust,INTERMEDIATE,UNSOURCED,20,4042,5013,80,1
22445,Arcane Dust,INTERMEDIATE,UNSOURCED,7,3920,5013,78,1
31080,Mercurial Stone,GEAR,TRAINER,1,96000,96000,100,0
13513,Flask of Chromatic Resistance,FLASK,DROP,20,33825,20250,167,0
13513,Flask of Chromatic Resistance,FLASK,DROP,5,32133,20250,158,0
13513,Flask of Chromatic Resistance,FLASK,DROP,15,33825,20250,167,0
41398,Relentless Earthsiege Diamond,GEM_CUT,UNSOURCED,1,729216,360000,202,0
41398,Relentless Earthsiege Diamond,GEM_CUT,UNSOURCED,1,700047,360000,194,0
41398,Relentless Earthsiege Diamond,GEM_CUT,UNSOURCED,1,665044,360000,184,0
22851,Flask of Fortification,FLASK,UNSOURCED,5,82532,48500,170,0
22851,Flask of Fortification,FLASK,UNSOURCED,5,79230,48500,163,0
22851,Flask of Fortification,FLASK,UNSOURCED,5,76853,48500,158,0
22851,Flask of Fortification,FLASK,UNSOURCED,3,73778,48500,152,0
21866,Arcanoweave Bracers,GEAR,DROP,1,376378,214156,175,0
21866,Arcanoweave Bracers,GEAR,DROP,1,357559,214156,166,0
21866,Arcanoweave Bracers,GEAR,DROP,1,346832,214156,161,0
24255,Unyielding Girdle,GEAR,DROP,1,2098400,976000,215,0
24255,Unyielding Girdle,GEAR,DROP,1,2014464,976000,206,0
24255,Unyielding Girdle,GEAR,DROP,1,1954030,976000,200,0
32217,Inscribed Pyrestone,GEM_CUT,DROP,1,602600,250000,241,0
8827,Elixir of Water Walking,ELIXIR_POT,UNSOURCED,6,4518,6180,73,1
22445,Arcane Dust,INTERMEDIATE,UNSOURCED,20,4252,5013,84,1
22445,Arcane Dust,INTERMEDIATE,UNSOURCED,20,4081,5013,81,1
22445,Arcane Dust,INTERMEDIATE,UNSOURCED,1,3958,5013,78,1
22445,Arcane Dust,INTERMEDIATE,UNSOURCED,1,4252,5013,84,1
21844,Bolt of Soulcloth,INTERMEDIATE,VENDOR,4,195840,144000,136,0
21844,Bolt of Soulcloth,INTERMEDIATE,VENDOR,2,186048,144000,129,0
787,Slitherskin Mackerel,FOOD,VENDOR,5,5,5,100,0
787,Slitherskin Mackerel,FOOD,VENDOR,5,5,5,100,0
13423,Stonescale Oil,INTERMEDIATE,TRAINER,4,107,102,104,0
13423,Stonescale Oil,INTERMEDIATE,TRAINER,9,102,102,100,0
24270,Bag of Jewels,BAG,VENDOR,1,15051,20006,75,1
24270,Bag of Jewels,BAG,VENDOR,1,14599,20006,72,1
24270,Bag of Jewels,BAG,VENDOR,1,14307,20006,71,1
24270,Bag of Jewels,BAG,VENDOR,1,13734,20006,68,1
24270,Bag of Jewels,BAG,VENDOR,1,15051,20006,75,1
24270,Bag of Jewels,BAG,VENDOR,1,14599,20006,72,1
24270,Bag of Jewels,BAG,VENDOR,1,14307,20006,71,1
24270,Bag of Jewels,BAG,VENDOR,1,13734,20006,68,1
24270,Bag of Jewels,BAG,VENDOR,1,15051,20006,75,1
23787,Felsteel Stabilizer,INTERMEDIATE,TRAINER,6,1,2,50,1
23787,Felsteel Stabilizer,INTERMEDIATE,TRAINER,7,1,2,50,1
9224,Elixir of Demonslaying,ELIXIR_POT,VENDOR,5,4045,3045,132,0
9224,Elixir of Demonslaying,ELIXIR_POT,VENDOR,5,3964,3045,130,0
9224,Elixir of Demonslaying,ELIXIR_POT,VENDOR,1,4045,3045,132,0
22853,Flask of Mighty Restoration,FLASK,UNSOURCED,5,78853,45000,175,0
22853,Flask of Mighty Restoration,FLASK,UNSOURCED,20,77275,45000,171,0
22853,Flask of Mighty Restoration,FLASK,UNSOURCED,5,73411,45000,163,0
22853,Flask of Mighty Restoration,FLASK,UNSOURCED,2,71942,45000,159,0
23747,Felsteel Boomstick,GEAR,DROP,1,65501,24011,272,0
23747,Felsteel Boomstick,GEAR,DROP,1,62225,24011,259,0
9179,Elixir of Greater Intellect,ELIXIR_POT,TRAINER,8,3426,3426,100,0
22445,Arcane Dust,INTERMEDIATE,UNSOURCED,10,4005,5013,79,1
22445,Arcane Dust,INTERMEDIATE,UNSOURCED,5,3924,5013,78,1
10051,Red Mageweave Bag,BAG,TRAINER,1,23853,20092,118,0
10051,Red Mageweave Bag,BAG,TRAINER,1,23614,20092,117,0
12359,Thorium Bar,INTERMEDIATE,TRAINER,3,1545,1545,100,0
12359,Thorium Bar,INTERMEDIATE,TRAINER,4,1545,1545,100,0
31677,Fel Mana Potion,ELIXIR_POT,DROP,5,62316,26000,239,0
31677,Fel Mana Potion,ELIXIR_POT,DROP,5,59823,26000,230,0
31677,Fel Mana Potion,ELIXIR_POT,DROP,3,62316,26000,239,0
44958,Ethereal Oil,INTERMEDIATE,TRAINER,2,74,96,77,1
44958,Ethereal Oil,INTERMEDIATE,TRAINER,8,73,96,76,1
17771,Elementium Bar,MISC,DROP,2,4205824,2472560,170,0
13511,Flask of Distilled Wisdom,FLASK,DROP,5,37866,13430,281,0
13511,Flask of Distilled Wisdom,FLASK,DROP,20,35972,13430,267,0
13511,Flask of Distilled Wisdom,FLASK,DROP,11,35612,13430,265,0
25844,Adamantite Rod,INTERMEDIATE,VENDOR,1,212976,180000,118,0
25844,Adamantite Rod,INTERMEDIATE,VENDOR,1,202327,180000,112,0
25844,Adamantite Rod,INTERMEDIATE,VENDOR,1,192210,180000,106,0
25844,Adamantite Rod,INTERMEDIATE,VENDOR,1,212976,180000,118,0
25844,Adamantite Rod,INTERMEDIATE,VENDOR,1,202327,180000,112,0
25844,Adamantite Rod,INTERMEDIATE,VENDOR,1,192210,180000,106,0
25844,Adamantite Rod,INTERMEDIATE,VENDOR,1,212976,180000,118,0
25844,Adamantite Rod,INTERMEDIATE,VENDOR,1,202327,180000,112,0
25844,Adamantite Rod,INTERMEDIATE,VENDOR,1,192210,180000,106,0
25844,Adamantite Rod,INTERMEDIATE,VENDOR,1,212976,180000,118,0
40058,Accurate Monarch Topaz,GEM_CUT,DROP,1,383670,150000,255,0
40058,Accurate Monarch Topaz,GEM_CUT,DROP,1,375996,150000,250,0
21845,Primal Mooncloth,INTERMEDIATE,VENDOR,5,60192,64001,94,1
21845,Primal Mooncloth,INTERMEDIATE,VENDOR,3,58988,64001,92,1
40028,Mysterious Twilight Opal,GEM_CUT,VENDOR,1,205740,150000,137,0
40028,Mysterious Twilight Opal,GEM_CUT,VENDOR,1,203682,150000,135,0
40028,Mysterious Twilight Opal,GEM_CUT,VENDOR,1,205740,150000,137,0
32212,Shifting Shadowsong Amethyst,GEM_CUT,DROP,1,495950,250000,198,0
42993,Spicy Fried Herring,FOOD,VENDOR,12,72,49,146,0
22445,Arcane Dust,INTERMEDIATE,UNSOURCED,20,3320,5013,66,1
22445,Arcane Dust,INTERMEDIATE,UNSOURCED,2,3286,5013,65,1
22445,Arcane Dust,INTERMEDIATE,UNSOURCED,14,3154,5013,62,1
22448,Small Prismatic Shard,INTERMEDIATE,TRAINER,20,1,0,0,1
22448,Small Prismatic Shard,INTERMEDIATE,TRAINER,17,1,0,0,1
22448,Small Prismatic Shard,INTERMEDIATE,TRAINER,2,1,0,0,1
4238,Linen Bag,BAG,TRAINER,1,433,366,118,0
4238,Linen Bag,BAG,TRAINER,1,420,366,114,0
4238,Linen Bag,BAG,TRAINER,1,407,366,111,0
32836,Purified Shadow Pearl,GEM_CUT,TRAINER,1,8371,9280,90,1
32836,Purified Shadow Pearl,GEM_CUT,TRAINER,1,8119,9280,87,1
32836,Purified Shadow Pearl,GEM_CUT,TRAINER,1,8037,9280,86,1
32836,Purified Shadow Pearl,GEM_CUT,TRAINER,1,8371,9280,90,1
32836,Purified Shadow Pearl,GEM_CUT,TRAINER,1,8119,9280,87,1
32836,Purified Shadow Pearl,GEM_CUT,TRAINER,1,8037,9280,86,1
32836,Purified Shadow Pearl,GEM_CUT,TRAINER,1,8371,9280,90,1
32836,Purified Shadow Pearl,GEM_CUT,TRAINER,1,8119,9280,87,1
32836,Purified Shadow Pearl,GEM_CUT,TRAINER,1,8037,9280,86,1
32836,Purified Shadow Pearl,GEM_CUT,TRAINER,1,8371,9280,90,1
40169,Forceful Eye of Zul,GEM_CUT,VENDOR,1,310050,250000,124,0
40169,Forceful Eye of Zul,GEM_CUT,VENDOR,1,294547,250000,117,0
34113,Field Repair Bot 110G,INTERMEDIATE,DROP,5,40723,48000,84,1
34113,Field Repair Bot 110G,INTERMEDIATE,DROP,5,39908,48000,83,1
34113,Field Repair Bot 110G,INTERMEDIATE,DROP,5,39109,48000,81,1
34113,Field Repair Bot 110G,INTERMEDIATE,DROP,5,38326,48000,79,1
34113,Field Repair Bot 110G,INTERMEDIATE,DROP,5,40723,48000,84,1
34113,Field Repair Bot 110G,INTERMEDIATE,DROP,5,39908,48000,83,1
34113,Field Repair Bot 110G,INTERMEDIATE,DROP,5,39109,48000,81,1
34113,Field Repair Bot 110G,INTERMEDIATE,DROP,5,38326,48000,79,1
34113,Field Repair Bot 110G,INTERMEDIATE,DROP,5,40723,48000,84,1
34113,Field Repair Bot 110G,INTERMEDIATE,DROP,3,39908,48000,83,1
34113,Field Repair Bot 110G,INTERMEDIATE,DROP,2,39109,48000,81,1
31080,Mercurial Stone,GEAR,TRAINER,1,96000,96000,100,0
31080,Mercurial Stone,GEAR,TRAINER,1,96000,96000,100,0
21862,Imbued Netherweave Tunic,GEAR,VENDOR,1,63549,65006,97,1
21862,Imbued Netherweave Tunic,GEAR,VENDOR,1,61642,65006,94,1
21862,Imbued Netherweave Tunic,GEAR,VENDOR,1,63549,65006,97,1
21862,Imbued Netherweave Tunic,GEAR,VENDOR,1,61642,65006,94,1
21862,Imbued Netherweave Tunic,GEAR,VENDOR,1,63549,65006,97,1
21862,Imbued Netherweave Tunic,GEAR,VENDOR,1,61642,65006,94,1
21862,Imbued Netherweave Tunic,GEAR,VENDOR,1,63549,65006,97,1
21862,Imbued Netherweave Tunic,GEAR,VENDOR,1,61642,65006,94,1
21862,Imbued Netherweave Tunic,GEAR,VENDOR,1,63549,65006,97,1
21862,Imbued Netherweave Tunic,GEAR,VENDOR,1,61642,65006,94,1
21862,Imbued Netherweave Tunic,GEAR,VENDOR,1,63549,65006,97,1
21862,Imbued Netherweave Tunic,GEAR,VENDOR,1,61642,65006,94,1
21862,Imbued Netherweave Tunic,GEAR,VENDOR,1,63549,65006,97,1
21862,Imbued Netherweave Tunic,GEAR,VENDOR,1,61642,65006,94,1
21861,Imbued Netherweave Robe,GEAR,VENDOR,1,52966,65006,81,1
21861,Imbued Netherweave Robe,GEAR,VENDOR,1,51377,65006,79,1
21861,Imbued Netherweave Robe,GEAR,VENDOR,1,49321,65006,75,1
21861,Imbued Netherweave Robe,GEAR,VENDOR,1,52966,65006,81,1
21861,Imbued Netherweave Robe,GEAR,VENDOR,1,51377,65006,79,1
21861,Imbued Netherweave Robe,GEAR,VENDOR,1,49321,65006,75,1
21861,Imbued Netherweave Robe,GEAR,VENDOR,1,52966,65006,81,1
21861,Imbued Netherweave Robe,GEAR,VENDOR,1,51377,65006,79,1
21861,Imbued Netherweave Robe,GEAR,VENDOR,1,49321,65006,75,1
21861,Imbued Netherweave Robe,GEAR,VENDOR,1,52966,65006,81,1
21861,Imbued Netherweave Robe,GEAR,VENDOR,1,51377,65006,79,1
21861,Imbued Netherweave Robe,GEAR,VENDOR,1,49321,65006,75,1
30460,Netherflame Belt,GEAR,UNSOURCED,1,725760,448000,162,0
30460,Netherflame Belt,GEAR,UNSOURCED,1,703987,448000,157,0
30460,Netherflame Belt,GEAR,UNSOURCED,1,668787,448000,149,0
6370,Blackmouth Oil,INTERMEDIATE,TRAINER,4,54,50,108,0
6370,Blackmouth Oil,INTERMEDIATE,TRAINER,1,52,50,104,0
24270,Bag of Jewels,BAG,VENDOR,1,17983,20006,89,1
24270,Bag of Jewels,BAG,VENDOR,1,17263,20006,86,1
24270,Bag of Jewels,BAG,VENDOR,1,17090,20006,85,1
24270,Bag of Jewels,BAG,VENDOR,1,16235,20006,81,1
24270,Bag of Jewels,BAG,VENDOR,1,17983,20006,89,1
24270,Bag of Jewels,BAG,VENDOR,1,17263,20006,86,1
24270,Bag of Jewels,BAG,VENDOR,1,17090,20006,85,1
24270,Bag of Jewels,BAG,VENDOR,1,16235,20006,81,1
24270,Bag of Jewels,BAG,VENDOR,1,17983,20006,89,1
24270,Bag of Jewels,BAG,VENDOR,1,17263,20006,86,1
34482,Leatherworker's Satchel,BAG,TRAINER,1,322028,245000,131,0
34482,Leatherworker's Satchel,BAG,TRAINER,1,318807,245000,130,0
40090,Steady Forest Emerald,GEM_CUT,VENDOR,1,182655,150000,121,0
40090,Steady Forest Emerald,GEM_CUT,VENDOR,1,180828,150000,120,0
12644,Dense Grinding Stone,INTERMEDIATE,TRAINER,5,6220,5760,107,0
4305,Bolt of Silk Cloth,INTERMEDIATE,TRAINER,3,2619,2376,110,0
4305,Bolt of Silk Cloth,INTERMEDIATE,TRAINER,6,2514,2376,105,0
22522,Superior Wizard Oil,MISC,VENDOR,1,21481,26039,82,1
22522,Superior Wizard Oil,MISC,VENDOR,1,20406,26039,78,1
22522,Superior Wizard Oil,MISC,VENDOR,1,21481,26039,82,1
22522,Superior Wizard Oil,MISC,VENDOR,1,20406,26039,78,1
22522,Superior Wizard Oil,MISC,VENDOR,1,21481,26039,82,1
22522,Superior Wizard Oil,MISC,VENDOR,1,20406,26039,78,1
22522,Superior Wizard Oil,MISC,VENDOR,1,21481,26039,82,1
22522,Superior Wizard Oil,MISC,VENDOR,1,20406,26039,78,1
22522,Superior Wizard Oil,MISC,VENDOR,1,21481,26039,82,1
22522,Superior Wizard Oil,MISC,VENDOR,1,20406,26039,78,1
22522,Superior Wizard Oil,MISC,VENDOR,1,21481,26039,82,1
22522,Superior Wizard Oil,MISC,VENDOR,1,20406,26039,78,1
22522,Superior Wizard Oil,MISC,VENDOR,1,21481,26039,82,1
22522,Superior Wizard Oil,MISC,VENDOR,1,20406,26039,78,1
21868,Arcanoweave Robe,GEAR,DROP,1,877446,398260,220,0
2997,Bolt of Woolen Cloth,INTERMEDIATE,TRAINER,10,478,408,117,0
2997,Bolt of Woolen Cloth,INTERMEDIATE,TRAINER,5,463,408,113,0
23449,Khorium Bar,INTERMEDIATE,TRAINER,6,30912,40000,77,1
23449,Khorium Bar,INTERMEDIATE,TRAINER,2,29984,40000,74,1
22522,Superior Wizard Oil,MISC,VENDOR,1,18935,26039,72,1
22522,Superior Wizard Oil,MISC,VENDOR,1,18556,26039,71,1
22522,Superior Wizard Oil,MISC,VENDOR,1,17628,26039,67,1
22522,Superior Wizard Oil,MISC,VENDOR,1,16746,26039,64,1
22522,Superior Wizard Oil,MISC,VENDOR,1,18935,26039,72,1
22522,Superior Wizard Oil,MISC,VENDOR,1,18556,26039,71,1
22522,Superior Wizard Oil,MISC,VENDOR,1,17628,26039,67,1
22522,Superior Wizard Oil,MISC,VENDOR,1,16746,26039,64,1
29204,Felsteel Whisper Knives,GEAR,TRAINER,1,153893,153006,100,0
24272,Shadowcloth,INTERMEDIATE,VENDOR,9,95041,64001,148,0
24272,Shadowcloth,INTERMEDIATE,VENDOR,2,90288,64001,141,0
22851,Flask of Fortification,FLASK,UNSOURCED,5,131144,48500,270,0
22851,Flask of Fortification,FLASK,UNSOURCED,5,129832,48500,267,0
22851,Flask of Fortification,FLASK,UNSOURCED,20,124638,48500,256,0
22851,Flask of Fortification,FLASK,UNSOURCED,6,131144,48500,270,0
40156,Wicked Ametrine,GEM_CUT,VENDOR,1,364875,250000,145,0
41367,Dark Jade Focusing Lens,MISC,TRAINER,1,16906,20000,84,1
41367,Dark Jade Focusing Lens,MISC,TRAINER,1,16398,20000,81,1
41367,Dark Jade Focusing Lens,MISC,TRAINER,1,16906,20000,84,1
41367,Dark Jade Focusing Lens,MISC,TRAINER,1,16398,20000,81,1
41367,Dark Jade Focusing Lens,MISC,TRAINER,1,16906,20000,84,1
41367,Dark Jade Focusing Lens,MISC,TRAINER,1,16398,20000,81,1
40195,Pygmy Oil,INTERMEDIATE,TRAINER,3,283,300,94,1
40195,Pygmy Oil,INTERMEDIATE,TRAINER,3,268,300,89,1
11144,Truesilver Rod,INTERMEDIATE,TRAINER,1,5616,4720,118,0
11144,Truesilver Rod,INTERMEDIATE,TRAINER,1,5391,4720,114,0
11144,Truesilver Rod,INTERMEDIATE,TRAINER,1,5337,4720,113,0
11144,Truesilver Rod,INTERMEDIATE,TRAINER,1,5283,4720,111,0
11144,Truesilver Rod,INTERMEDIATE,TRAINER,1,5616,4720,118,0
11144,Truesilver Rod,INTERMEDIATE,TRAINER,1,5391,4720,114,0
11144,Truesilver Rod,INTERMEDIATE,TRAINER,1,5337,4720,113,0
11144,Truesilver Rod,INTERMEDIATE,TRAINER,1,5283,4720,111,0
11144,Truesilver Rod,INTERMEDIATE,TRAINER,1,5616,4720,118,0
23449,Khorium Bar,INTERMEDIATE,TRAINER,1,29536,40000,73,1
23449,Khorium Bar,INTERMEDIATE,TRAINER,8,28059,40000,70,1
6370,Blackmouth Oil,INTERMEDIATE,TRAINER,5,56,50,112,0
6370,Blackmouth Oil,INTERMEDIATE,TRAINER,3,53,50,106,0
3486,Heavy Grinding Stone,INTERMEDIATE,TRAINER,8,1035,1035,100,0
3486,Heavy Grinding Stone,INTERMEDIATE,TRAINER,4,1035,1035,100,0
8545,Heavy Mageweave Bandage,MISC,TRAINER,9,1883,2020,93,1
21862,Imbued Netherweave Tunic,GEAR,VENDOR,1,43293,65006,66,1
21862,Imbued Netherweave Tunic,GEAR,VENDOR,1,42427,65006,65,1
21862,Imbued Netherweave Tunic,GEAR,VENDOR,1,43293,65006,66,1
21862,Imbued Netherweave Tunic,GEAR,VENDOR,1,42427,65006,65,1
21862,Imbued Netherweave Tunic,GEAR,VENDOR,1,43293,65006,66,1
21862,Imbued Netherweave Tunic,GEAR,VENDOR,1,42427,65006,65,1
21862,Imbued Netherweave Tunic,GEAR,VENDOR,1,43293,65006,66,1
22854,Flask of Relentless Assault,FLASK,UNSOURCED,5,93492,45000,207,0
22854,Flask of Relentless Assault,FLASK,UNSOURCED,5,89752,45000,199,0
22854,Flask of Relentless Assault,FLASK,UNSOURCED,5,86161,45000,191,0
22854,Flask of Relentless Assault,FLASK,UNSOURCED,3,93492,45000,207,0
8218,Thick Leather Ammo Pouch,MISC,TRAINER,1,22178,19802,111,0
7966,Solid Grinding Stone,INTERMEDIATE,TRAINER,4,2782,2352,118,0
7966,Solid Grinding Stone,INTERMEDIATE,TRAINER,7,2698,2352,114,0
16206,Arcanite Rod,INTERMEDIATE,TRAINER,1,141200,123600,114,0
16206,Arcanite Rod,INTERMEDIATE,TRAINER,1,139788,123600,113,0
16206,Arcanite Rod,INTERMEDIATE,TRAINER,1,138390,123600,111,0
16206,Arcanite Rod,INTERMEDIATE,TRAINER,1,141200,123600,114,0
16206,Arcanite Rod,INTERMEDIATE,TRAINER,1,139788,123600,113,0
16206,Arcanite Rod,INTERMEDIATE,TRAINER,1,138390,123600,111,0
16206,Arcanite Rod,INTERMEDIATE,TRAINER,1,141200,123600,114,0
16206,Arcanite Rod,INTERMEDIATE,TRAINER,1,139788,123600,113,0
16206,Arcanite Rod,INTERMEDIATE,TRAINER,1,138390,123600,111,0
16206,Arcanite Rod,INTERMEDIATE,TRAINER,1,141200,123600,114,0
16206,Arcanite Rod,INTERMEDIATE,TRAINER,1,139788,123600,113,0
16206,Arcanite Rod,INTERMEDIATE,TRAINER,1,138390,123600,111,0
16206,Arcanite Rod,INTERMEDIATE,TRAINER,1,141200,123600,114,0
16206,Arcanite Rod,INTERMEDIATE,TRAINER,1,139788,123600,113,0
33092,Healing Potion Injector,ELIXIR_POT,DROP,5,41239,18400,224,0
33092,Healing Potion Injector,ELIXIR_POT,DROP,5,39589,18400,215,0
33092,Healing Potion Injector,ELIXIR_POT,DROP,5,41239,18400,224,0
33092,Healing Potion Injector,ELIXIR_POT,DROP,20,39589,18400,215,0
33092,Healing Potion Injector,ELIXIR_POT,DROP,20,41239,18400,224,0
33092,Healing Potion Injector,ELIXIR_POT,DROP,5,39589,18400,215,0
33092,Healing Potion Injector,ELIXIR_POT,DROP,20,41239,18400,224,0
33092,Healing Potion Injector,ELIXIR_POT,DROP,5,39589,18400,215,0
33092,Healing Potion Injector,ELIXIR_POT,DROP,15,41239,18400,224,0
24054,Sovereign Nightseye,GEM_CUT,DROP,1,362520,120000,302,0
23787,Felsteel Stabilizer,INTERMEDIATE,TRAINER,7,1,2,50,1
23787,Felsteel Stabilizer,INTERMEDIATE,TRAINER,8,1,2,50,1
23533,Steelgrip Gauntlets,GEAR,DROP,1,3138125,1040010,301,0
23533,Steelgrip Gauntlets,GEAR,DROP,1,3075362,1040010,295,0
2997,Bolt of Woolen Cloth,INTERMEDIATE,TRAINER,1,501,408,122,0
2997,Bolt of Woolen Cloth,INTERMEDIATE,TRAINER,4,480,408,117,0
22866,Flask of Pure Death,FLASK,UNSOURCED,18,148212,55500,267,0
21861,Imbued Netherweave Robe,GEAR,VENDOR,1,51795,65006,79,1
21861,Imbued Netherweave Robe,GEAR,VENDOR,1,49723,65006,76,1
21861,Imbued Netherweave Robe,GEAR,VENDOR,1,48231,65006,74,1
21861,Imbued Netherweave Robe,GEAR,VENDOR,1,51795,65006,79,1
21861,Imbued Netherweave Robe,GEAR,VENDOR,1,49723,65006,76,1
21861,Imbued Netherweave Robe,GEAR,VENDOR,1,48231,65006,74,1
21861,Imbued Netherweave Robe,GEAR,VENDOR,1,51795,65006,79,1
21861,Imbued Netherweave Robe,GEAR,VENDOR,1,49723,65006,76,1
21861,Imbued Netherweave Robe,GEAR,VENDOR,1,48231,65006,74,1
21861,Imbued Netherweave Robe,GEAR,VENDOR,1,51795,65006,79,1
23787,Felsteel Stabilizer,INTERMEDIATE,TRAINER,12,1,2,50,1
22645,Crunchy Spider Surprise,FOOD,VENDOR,10,91,76,119,0
22448,Small Prismatic Shard,INTERMEDIATE,TRAINER,20,1,0,0,1
22448,Small Prismatic Shard,INTERMEDIATE,TRAINER,20,1,0,0,1
22448,Small Prismatic Shard,INTERMEDIATE,TRAINER,5,1,0,0,1
11128,Golden Rod,INTERMEDIATE,TRAINER,1,4521,3880,116,0
11128,Golden Rod,INTERMEDIATE,TRAINER,1,4340,3880,111,0
11128,Golden Rod,INTERMEDIATE,TRAINER,1,4296,3880,110,0
11128,Golden Rod,INTERMEDIATE,TRAINER,1,4521,3880,116,0
11128,Golden Rod,INTERMEDIATE,TRAINER,1,4340,3880,111,0
11128,Golden Rod,INTERMEDIATE,TRAINER,1,4296,3880,110,0
11128,Golden Rod,INTERMEDIATE,TRAINER,1,4521,3880,116,0
11128,Golden Rod,INTERMEDIATE,TRAINER,1,4340,3880,111,0
11128,Golden Rod,INTERMEDIATE,TRAINER,1,4296,3880,110,0
11128,Golden Rod,INTERMEDIATE,TRAINER,1,4521,3880,116,0
11128,Golden Rod,INTERMEDIATE,TRAINER,1,4340,3880,111,0
11128,Golden Rod,INTERMEDIATE,TRAINER,1,4296,3880,110,0
11128,Golden Rod,INTERMEDIATE,TRAINER,1,4521,3880,116,0
11128,Golden Rod,INTERMEDIATE,TRAINER,1,4340,3880,111,0
11128,Golden Rod,INTERMEDIATE,TRAINER,1,4296,3880,110,0
22449,Large Prismatic Shard,INTERMEDIATE,VENDOR,18,225504,240000,93,1
21887,Knothide Leather,INTERMEDIATE,TRAINER,9,5940,7500,79,1
21887,Knothide Leather,INTERMEDIATE,TRAINER,3,5821,7500,77,1
25670,Thick Draenic Pants,GEAR,TRAINER,1,42486,60000,70,1
25670,Thick Draenic Pants,GEAR,TRAINER,1,40361,60000,67,1
25670,Thick Draenic Pants,GEAR,TRAINER,1,42486,60000,70,1
25670,Thick Draenic Pants,GEAR,TRAINER,1,40361,60000,67,1
25670,Thick Draenic Pants,GEAR,TRAINER,1,42486,60000,70,1
25670,Thick Draenic Pants,GEAR,TRAINER,1,40361,60000,67,1
25670,Thick Draenic Pants,GEAR,TRAINER,1,42486,60000,70,1
25670,Thick Draenic Pants,GEAR,TRAINER,1,40361,60000,67,1
25670,Thick Draenic Pants,GEAR,TRAINER,1,42486,60000,70,1
25670,Thick Draenic Pants,GEAR,TRAINER,1,40361,60000,67,1
25670,Thick Draenic Pants,GEAR,TRAINER,1,42486,60000,70,1
25670,Thick Draenic Pants,GEAR,TRAINER,1,40361,60000,67,1
25670,Thick Draenic Pants,GEAR,TRAINER,1,42486,60000,70,1
25670,Thick Draenic Pants,GEAR,TRAINER,1,40361,60000,67,1
25670,Thick Draenic Pants,GEAR,TRAINER,1,42486,60000,70,1
3827,Mana Potion,ELIXIR_POT,TRAINER,19,901,804,112,0
24271,Spellcloth,INTERMEDIATE,VENDOR,2,66976,64001,104,0
24271,Spellcloth,INTERMEDIATE,VENDOR,3,66306,64001,103,0
25671,Thick Draenic Vest,GEAR,TRAINER,1,74358,85000,87,1
25671,Thick Draenic Vest,GEAR,TRAINER,1,73614,85000,86,1
25671,Thick Draenic Vest,GEAR,TRAINER,1,74358,85000,87,1
25671,Thick Draenic Vest,GEAR,TRAINER,1,73614,85000,86,1
25671,Thick Draenic Vest,GEAR,TRAINER,1,74358,85000,87,1
22853,Flask of Mighty Restoration,FLASK,UNSOURCED,5,91233,45000,202,0
22853,Flask of Mighty Restoration,FLASK,UNSOURCED,5,90320,45000,200,0
22853,Flask of Mighty Restoration,FLASK,UNSOURCED,5,91233,45000,202,0
22853,Flask of Mighty Restoration,FLASK,UNSOURCED,20,90320,45000,200,0
22853,Flask of Mighty Restoration,FLASK,UNSOURCED,3,91233,45000,202,0
22445,Arcane Dust,INTERMEDIATE,UNSOURCED,20,5190,5013,103,1
22445,Arcane Dust,INTERMEDIATE,UNSOURCED,20,5086,5013,101,1
22445,Arcane Dust,INTERMEDIATE,UNSOURCED,2,5190,5013,103,1
22445,Arcane Dust,INTERMEDIATE,UNSOURCED,3,5086,5013,101,1
22522,Superior Wizard Oil,MISC,VENDOR,1,24346,26039,93,1
22522,Superior Wizard Oil,MISC,VENDOR,1,23128,26039,88,1
22522,Superior Wizard Oil,MISC,VENDOR,1,22665,26039,87,1
22522,Superior Wizard Oil,MISC,VENDOR,1,24346,26039,93,1
22522,Superior Wizard Oil,MISC,VENDOR,1,23128,26039,88,1
22522,Superior Wizard Oil,MISC,VENDOR,1,22665,26039,87,1
30816,Spice Bread,FOOD,TRAINER,5,17,14,121,0
30816,Spice Bread,FOOD,TRAINER,5,16,14,114,0
40094,Dazzling Forest Emerald,GEM_CUT,TRAINER,1,157560,150000,105,0
40094,Dazzling Forest Emerald,GEM_CUT,TRAINER,1,154408,150000,102,0
23774,Fel Iron Toolbox,BAG,VENDOR,1,130790,104000,125,0
23774,Fel Iron Toolbox,BAG,VENDOR,1,124250,104000,119,0
23774,Fel Iron Toolbox,BAG,VENDOR,1,120522,104000,115,0
3486,Heavy Grinding Stone,INTERMEDIATE,TRAINER,2,1035,1035,100,0
3486,Heavy Grinding Stone,INTERMEDIATE,TRAINER,8,1035,1035,100,0
22522,Superior Wizard Oil,MISC,VENDOR,1,21934,26039,84,1
22522,Superior Wizard Oil,MISC,VENDOR,1,21275,26039,81,1
22522,Superior Wizard Oil,MISC,VENDOR,1,20424,26039,78,1
22522,Superior Wizard Oil,MISC,VENDOR,1,21934,26039,84,1
22522,Superior Wizard Oil,MISC,VENDOR,1,21275,26039,81,1
22522,Superior Wizard Oil,MISC,VENDOR,1,20424,26039,78,1
22522,Superior Wizard Oil,MISC,VENDOR,1,21934,26039,84,1
22522,Superior Wizard Oil,MISC,VENDOR,1,21275,26039,81,1
22522,Superior Wizard Oil,MISC,VENDOR,1,20424,26039,78,1
22522,Superior Wizard Oil,MISC,VENDOR,1,21934,26039,84,1
22522,Superior Wizard Oil,MISC,VENDOR,1,21275,26039,81,1
25670,Thick Draenic Pants,GEAR,TRAINER,1,47040,60000,78,1
25670,Thick Draenic Pants,GEAR,TRAINER,1,44688,60000,74,1
25670,Thick Draenic Pants,GEAR,TRAINER,1,43347,60000,72,1
25670,Thick Draenic Pants,GEAR,TRAINER,1,47040,60000,78,1
25670,Thick Draenic Pants,GEAR,TRAINER,1,44688,60000,74,1
25670,Thick Draenic Pants,GEAR,TRAINER,1,43347,60000,72,1
21843,Imbued Netherweave Bag,BAG,VENDOR,1,74477,60005,124,0
21843,Imbued Netherweave Bag,BAG,VENDOR,1,73732,60005,122,0
3575,Iron Bar,INTERMEDIATE,TRAINER,2,1005,900,111,0
3575,Iron Bar,INTERMEDIATE,TRAINER,8,974,900,108,0
13511,Flask of Distilled Wisdom,FLASK,DROP,20,25578,13430,190,0
13511,Flask of Distilled Wisdom,FLASK,DROP,4,24810,13430,184,0
33872,Spicy Hot Talbuk,FOOD,DROP,14,2826,1240,227,0
3859,Steel Bar,INTERMEDIATE,TRAINER,8,1701,1400,121,0
3859,Steel Bar,INTERMEDIATE,TRAINER,6,1632,1400,116,0
24270,Bag of Jewels,BAG,VENDOR,1,14259,20006,71,1
24270,Bag of Jewels,BAG,VENDOR,1,13973,20006,69,1
24270,Bag of Jewels,BAG,VENDOR,1,14259,20006,71,1
24270,Bag of Jewels,BAG,VENDOR,1,13973,20006,69,1
24270,Bag of Jewels,BAG,VENDOR,1,14259,20006,71,1
24270,Bag of Jewels,BAG,VENDOR,1,13973,20006,69,1
24270,Bag of Jewels,BAG,VENDOR,1,14259,20006,71,1
24270,Bag of Jewels,BAG,VENDOR,1,13973,20006,69,1
24270,Bag of Jewels,BAG,VENDOR,1,14259,20006,71,1
24270,Bag of Jewels,BAG,VENDOR,1,13973,20006,69,1
24270,Bag of Jewels,BAG,VENDOR,1,14259,20006,71,1
24270,Bag of Jewels,BAG,VENDOR,1,13973,20006,69,1
24270,Bag of Jewels,BAG,VENDOR,1,14259,20006,71,1
17771,Elementium Bar,MISC,DROP,1,5372872,2472560,217,0
5764,Green Silk Pack,BAG,DROP,1,23167,11722,197,0
5764,Green Silk Pack,BAG,DROP,1,22935,11722,195,0
24274,Runic Spellthread,MISC,VENDOR,5,470812,405000,116,0
31079,Mercurial Adamantite,INTERMEDIATE,TRAINER,2,89465,86000,104,0
31079,Mercurial Adamantite,INTERMEDIATE,TRAINER,6,88570,86000,102,0
22851,Flask of Fortification,FLASK,UNSOURCED,5,143521,48500,295,0
22851,Flask of Fortification,FLASK,UNSOURCED,5,137780,48500,284,0
22851,Flask of Fortification,FLASK,UNSOURCED,5,133646,48500,275,0
22851,Flask of Fortification,FLASK,UNSOURCED,5,132309,48500,272,0
23447,Eternium Bar,INTERMEDIATE,TRAINER,6,15936,20000,79,1
23447,Eternium Bar,INTERMEDIATE,TRAINER,8,15617,20000,78,1
22448,Small Prismatic Shard,INTERMEDIATE,TRAINER,20,1,0,0,1
22448,Small Prismatic Shard,INTERMEDIATE,TRAINER,18,1,0,0,1
22448,Small Prismatic Shard,INTERMEDIATE,TRAINER,1,1,0,0,1
25844,Adamantite Rod,INTERMEDIATE,VENDOR,1,189540,180000,105,0
25844,Adamantite Rod,INTERMEDIATE,VENDOR,1,183853,180000,102,0
25844,Adamantite Rod,INTERMEDIATE,VENDOR,1,180000,180000,100,0
25844,Adamantite Rod,INTERMEDIATE,VENDOR,1,180000,180000,100,0
25844,Adamantite Rod,INTERMEDIATE,VENDOR,1,189540,180000,105,0
25844,Adamantite Rod,INTERMEDIATE,VENDOR,1,183853,180000,102,0
25844,Adamantite Rod,INTERMEDIATE,VENDOR,1,180000,180000,100,0
22853,Flask of Mighty Restoration,FLASK,UNSOURCED,20,123322,45000,274,0
22866,Flask of Pure Death,FLASK,UNSOURCED,20,139554,55500,251,0
22866,Flask of Pure Death,FLASK,UNSOURCED,5,138158,55500,248,0
22866,Flask of Pure Death,FLASK,UNSOURCED,5,139554,55500,251,0
24039,Stormy Star of Elune,GEM_CUT,DROP,1,322368,120000,268,0
24039,Stormy Star of Elune,GEM_CUT,DROP,1,319144,120000,265,0
11128,Golden Rod,INTERMEDIATE,TRAINER,1,3880,3880,100,0
11128,Golden Rod,INTERMEDIATE,TRAINER,1,3880,3880,100,0
11128,Golden Rod,INTERMEDIATE,TRAINER,1,3880,3880,100,0
11128,Golden Rod,INTERMEDIATE,TRAINER,1,3880,3880,100,0
11128,Golden Rod,INTERMEDIATE,TRAINER,1,3880,3880,100,0
11128,Golden Rod,INTERMEDIATE,TRAINER,1,3880,3880,100,0
11128,Golden Rod,INTERMEDIATE,TRAINER,1,3880,3880,100,0
11128,Golden Rod,INTERMEDIATE,TRAINER,1,3880,3880,100,0
11128,Golden Rod,INTERMEDIATE,TRAINER,1,3880,3880,100,0
4240,Woolen Bag,BAG,TRAINER,1,1569,1324,118,0
9172,Invisibility Potion,ELIXIR_POT,DROP,5,5034,2465,204,0
40182,Shattered Eye of Zul,GEM_CUT,VENDOR,1,379500,250000,151,0
17771,Elementium Bar,MISC,DROP,2,4557422,2472560,184,0
7071,Iron Buckle,INTERMEDIATE,TRAINER,5,528,450,117,0
7071,Iron Buckle,INTERMEDIATE,TRAINER,5,522,450,116,0
7071,Iron Buckle,INTERMEDIATE,TRAINER,5,506,450,112,0
7071,Iron Buckle,INTERMEDIATE,TRAINER,5,480,450,106,0
7071,Iron Buckle,INTERMEDIATE,TRAINER,3,528,450,117,0
7071,Iron Buckle,INTERMEDIATE,TRAINER,1,522,450,116,0
22522,Superior Wizard Oil,MISC,VENDOR,1,19649,26039,75,1
22522,Superior Wizard Oil,MISC,VENDOR,1,18863,26039,72,1
22522,Superior Wizard Oil,MISC,VENDOR,1,19649,26039,75,1
22522,Superior Wizard Oil,MISC,VENDOR,1,18863,26039,72,1
22522,Superior Wizard Oil,MISC,VENDOR,1,19649,26039,75,1
22522,Superior Wizard Oil,MISC,VENDOR,1,18863,26039,72,1
22522,Superior Wizard Oil,MISC,VENDOR,1,19649,26039,75,1
22522,Superior Wizard Oil,MISC,VENDOR,1,18863,26039,72,1
22522,Superior Wizard Oil,MISC,VENDOR,1,19649,26039,75,1
22522,Superior Wizard Oil,MISC,VENDOR,1,18863,26039,72,1
20816,Delicate Copper Wire,INTERMEDIATE,UNSOURCED,1,70,40,175,0
20816,Delicate Copper Wire,INTERMEDIATE,UNSOURCED,7,67,40,167,0
22574,Mote of Fire,INTERMEDIATE,TRAINER,10,2999,3200,93,1
22574,Mote of Fire,INTERMEDIATE,TRAINER,10,2969,3200,92,1
22574,Mote of Fire,INTERMEDIATE,TRAINER,10,2999,3200,93,1
22574,Mote of Fire,INTERMEDIATE,TRAINER,10,2969,3200,92,1
22574,Mote of Fire,INTERMEDIATE,TRAINER,10,2999,3200,93,1
22574,Mote of Fire,INTERMEDIATE,TRAINER,10,2969,3200,92,1
22574,Mote of Fire,INTERMEDIATE,TRAINER,7,2999,3200,93,1
22574,Mote of Fire,INTERMEDIATE,TRAINER,3,2969,3200,92,1
20816,Delicate Copper Wire,INTERMEDIATE,UNSOURCED,1,57,40,142,0
20816,Delicate Copper Wire,INTERMEDIATE,UNSOURCED,5,54,40,135,0
14156,Bottomless Bag,BAG,DROP,1,1119735,483980,231,0
14156,Bottomless Bag,BAG,DROP,1,1086142,483980,224,0
14156,Bottomless Bag,BAG,DROP,1,1031834,483980,213,0
24271,Spellcloth,INTERMEDIATE,VENDOR,6,85050,64001,132,0
3486,Heavy Grinding Stone,INTERMEDIATE,TRAINER,13,1130,1035,109,0
31079,Mercurial Adamantite,INTERMEDIATE,TRAINER,3,90300,86000,105,0
31079,Mercurial Adamantite,INTERMEDIATE,TRAINER,3,87591,86000,101,0
2840,Copper Bar,INTERMEDIATE,UNSOURCED,3,33,20,165,0
2840,Copper Bar,INTERMEDIATE,UNSOURCED,7,31,20,155,0
3486,Heavy Grinding Stone,INTERMEDIATE,TRAINER,3,1189,1035,114,0
3486,Heavy Grinding Stone,INTERMEDIATE,TRAINER,4,1177,1035,113,0
23515,Flamebane Bracers,GEAR,VENDOR,1,310068,232000,133,0
23515,Flamebane Bracers,GEAR,VENDOR,1,303866,232000,130,0
2840,Copper Bar,INTERMEDIATE,UNSOURCED,4,49,20,245,0
2840,Copper Bar,INTERMEDIATE,UNSOURCED,5,47,20,235,0
10050,Mageweave Bag,BAG,TRAINER,1,17856,16992,105,0
10050,Mageweave Bag,BAG,TRAINER,1,17141,16992,100,0
25843,Fel Iron Rod,INTERMEDIATE,TRAINER,1,72000,72000,100,0
25843,Fel Iron Rod,INTERMEDIATE,TRAINER,1,72000,72000,100,0
25843,Fel Iron Rod,INTERMEDIATE,TRAINER,1,72000,72000,100,0
25843,Fel Iron Rod,INTERMEDIATE,TRAINER,1,72000,72000,100,0
25843,Fel Iron Rod,INTERMEDIATE,TRAINER,1,72000,72000,100,0
25843,Fel Iron Rod,INTERMEDIATE,TRAINER,1,72000,72000,100,0
25843,Fel Iron Rod,INTERMEDIATE,TRAINER,1,72000,72000,100,0
25843,Fel Iron Rod,INTERMEDIATE,TRAINER,1,72000,72000,100,0
25843,Fel Iron Rod,INTERMEDIATE,TRAINER,1,72000,72000,100,0
25843,Fel Iron Rod,INTERMEDIATE,TRAINER,1,72000,72000,100,0
25843,Fel Iron Rod,INTERMEDIATE,TRAINER,1,72000,72000,100,0
6338,Silver Rod,INTERMEDIATE,TRAINER,1,424,335,126,0
6338,Silver Rod,INTERMEDIATE,TRAINER,1,407,335,121,0
6338,Silver Rod,INTERMEDIATE,TRAINER,1,424,335,126,0
6338,Silver Rod,INTERMEDIATE,TRAINER,1,407,335,121,0
6338,Silver Rod,INTERMEDIATE,TRAINER,1,424,335,126,0
6338,Silver Rod,INTERMEDIATE,TRAINER,1,407,335,121,0
6338,Silver Rod,INTERMEDIATE,TRAINER,1,424,335,126,0
6338,Silver Rod,INTERMEDIATE,TRAINER,1,407,335,121,0
6338,Silver Rod,INTERMEDIATE,TRAINER,1,424,335,126,0
2841,Bronze Bar,INTERMEDIATE,TRAINER,20,65,62,104,0
2841,Bronze Bar,INTERMEDIATE,TRAINER,5,63,62,101,0
2841,Bronze Bar,INTERMEDIATE,TRAINER,3,62,62,100,0
25844,Adamantite Rod,INTERMEDIATE,VENDOR,1,246132,180000,136,0
25844,Adamantite Rod,INTERMEDIATE,VENDOR,1,241209,180000,134,0
25844,Adamantite Rod,INTERMEDIATE,VENDOR,1,246132,180000,136,0
25844,Adamantite Rod,INTERMEDIATE,VENDOR,1,241209,180000,134,0
25844,Adamantite Rod,INTERMEDIATE,VENDOR,1,246132,180000,136,0
25844,Adamantite Rod,INTERMEDIATE,VENDOR,1,241209,180000,134,0
25844,Adamantite Rod,INTERMEDIATE,VENDOR,1,246132,180000,136,0
25844,Adamantite Rod,INTERMEDIATE,VENDOR,1,241209,180000,134,0
25844,Adamantite Rod,INTERMEDIATE,VENDOR,1,246132,180000,136,0
25671,Thick Draenic Vest,GEAR,TRAINER,1,65246,85000,76,1
25671,Thick Draenic Vest,GEAR,TRAINER,1,64593,85000,75,1
25671,Thick Draenic Vest,GEAR,TRAINER,1,62655,85000,73,1
25671,Thick Draenic Vest,GEAR,TRAINER,1,62028,85000,72,1
25671,Thick Draenic Vest,GEAR,TRAINER,1,65246,85000,76,1
25671,Thick Draenic Vest,GEAR,TRAINER,1,64593,85000,75,1
25671,Thick Draenic Vest,GEAR,TRAINER,1,62655,85000,73,1
25671,Thick Draenic Vest,GEAR,TRAINER,1,62028,85000,72,1
23785,Hardened Adamantite Tube,INTERMEDIATE,TRAINER,3,2,3,66,1
23785,Hardened Adamantite Tube,INTERMEDIATE,TRAINER,3,1,3,33,1
22246,Enchanted Mageweave Pouch,BAG,VENDOR,1,45809,43512,105,0
22246,Enchanted Mageweave Pouch,BAG,VENDOR,1,43518,43512,100,0
22445,Arcane Dust,INTERMEDIATE,UNSOURCED,20,3512,5013,70,1
22445,Arcane Dust,INTERMEDIATE,UNSOURCED,1,3476,5013,69,1
33093,Mana Potion Injector,ELIXIR_POT,DROP,5,45181,14400,313,0
33093,Mana Potion Injector,ELIXIR_POT,DROP,5,43373,14400,301,0
33093,Mana Potion Injector,ELIXIR_POT,DROP,20,42071,14400,292,0
33093,Mana Potion Injector,ELIXIR_POT,DROP,5,45181,14400,313,0
33093,Mana Potion Injector,ELIXIR_POT,DROP,20,43373,14400,301,0
33093,Mana Potion Injector,ELIXIR_POT,DROP,20,42071,14400,292,0
33093,Mana Potion Injector,ELIXIR_POT,DROP,20,45181,14400,313,0
33093,Mana Potion Injector,ELIXIR_POT,DROP,20,43373,14400,301,0
33093,Mana Potion Injector,ELIXIR_POT,DROP,5,42071,14400,292,0
33093,Mana Potion Injector,ELIXIR_POT,DROP,20,45181,14400,313,0
33093,Mana Potion Injector,ELIXIR_POT,DROP,20,43373,14400,301,0
33093,Mana Potion Injector,ELIXIR_POT,DROP,20,42071,14400,292,0
33093,Mana Potion Injector,ELIXIR_POT,DROP,20,45181,14400,313,0
35315,Quick Dawnstone,GEM_CUT,VENDOR,1,147828,120000,123,0
39999,Bright Scarlet Ruby,GEM_CUT,TRAINER,1,156510,150000,104,0
39999,Bright Scarlet Ruby,GEM_CUT,TRAINER,1,151814,150000,101,0
39999,Bright Scarlet Ruby,GEM_CUT,TRAINER,1,150000,150000,100,0
22851,Flask of Fortification,FLASK,UNSOURCED,20,122472,48500,252,0
22851,Flask of Fortification,FLASK,UNSOURCED,2,118797,48500,244,0
7071,Iron Buckle,INTERMEDIATE,TRAINER,5,476,450,105,0
7071,Iron Buckle,INTERMEDIATE,TRAINER,5,471,450,104,0
7071,Iron Buckle,INTERMEDIATE,TRAINER,1,466,450,103,0
7071,Iron Buckle,INTERMEDIATE,TRAINER,1,476,450,105,0
13510,Flask of the Titans,FLASK,DROP,5,33867,16860,200,0
13510,Flask of the Titans,FLASK,DROP,20,33189,16860,196,0
13510,Flask of the Titans,FLASK,DROP,5,33867,16860,200,0
13510,Flask of the Titans,FLASK,DROP,2,33189,16860,196,0
22445,Arcane Dust,INTERMEDIATE,UNSOURCED,20,4303,5013,85,1
22445,Arcane Dust,INTERMEDIATE,UNSOURCED,20,4259,5013,84,1
22445,Arcane Dust,INTERMEDIATE,UNSOURCED,2,4046,5013,80,1
31080,Mercurial Stone,GEAR,TRAINER,1,103776,96000,108,0
33093,Mana Potion Injector,ELIXIR_POT,DROP,20,28180,14400,195,0
33093,Mana Potion Injector,ELIXIR_POT,DROP,5,27898,14400,193,0
33093,Mana Potion Injector,ELIXIR_POT,DROP,20,26782,14400,185,0
33093,Mana Potion Injector,ELIXIR_POT,DROP,5,28180,14400,195,0
33093,Mana Potion Injector,ELIXIR_POT,DROP,20,27898,14400,193,0
33093,Mana Potion Injector,ELIXIR_POT,DROP,20,26782,14400,185,0
33093,Mana Potion Injector,ELIXIR_POT,DROP,20,28180,14400,195,0
33093,Mana Potion Injector,ELIXIR_POT,DROP,5,27898,14400,193,0
33093,Mana Potion Injector,ELIXIR_POT,DROP,20,26782,14400,185,0
33093,Mana Potion Injector,ELIXIR_POT,DROP,5,28180,14400,195,0
29493,Flamescale Boots,GEAR,VENDOR,1,409692,352000,116,0
29493,Flamescale Boots,GEAR,VENDOR,1,401498,352000,114,0
24271,Spellcloth,INTERMEDIATE,VENDOR,6,74625,64001,116,0
24271,Spellcloth,INTERMEDIATE,VENDOR,7,71640,64001,111,0
21340,Soul Pouch,BAG,VENDOR,1,92754,80078,115,0
21340,Soul Pouch,BAG,VENDOR,1,89043,80078,111,0
21340,Soul Pouch,BAG,VENDOR,1,92754,80078,115,0
25843,Fel Iron Rod,INTERMEDIATE,TRAINER,1,75643,72000,105,0
25843,Fel Iron Rod,INTERMEDIATE,TRAINER,1,73373,72000,101,0
25843,Fel Iron Rod,INTERMEDIATE,TRAINER,1,72000,72000,100,0
25843,Fel Iron Rod,INTERMEDIATE,TRAINER,1,72000,72000,100,0
25843,Fel Iron Rod,INTERMEDIATE,TRAINER,1,75643,72000,105,0
25843,Fel Iron Rod,INTERMEDIATE,TRAINER,1,73373,72000,101,0
25843,Fel Iron Rod,INTERMEDIATE,TRAINER,1,72000,72000,100,0
25843,Fel Iron Rod,INTERMEDIATE,TRAINER,1,72000,72000,100,0
25843,Fel Iron Rod,INTERMEDIATE,TRAINER,1,75643,72000,105,0
25843,Fel Iron Rod,INTERMEDIATE,TRAINER,1,73373,72000,101,0
25843,Fel Iron Rod,INTERMEDIATE,TRAINER,1,72000,72000,100,0
25843,Fel Iron Rod,INTERMEDIATE,TRAINER,1,72000,72000,100,0
25843,Fel Iron Rod,INTERMEDIATE,TRAINER,1,75643,72000,105,0
25843,Fel Iron Rod,INTERMEDIATE,TRAINER,1,73373,72000,101,0
24098,Pendant of the Null Rune,GEAR,VENDOR,1,384136,342002,112,0
24098,Pendant of the Null Rune,GEAR,VENDOR,1,376453,342002,110,0
24098,Pendant of the Null Rune,GEAR,VENDOR,1,372688,342002,108,0
9155,Arcane Elixir,ELIXIR_POT,TRAINER,16,3772,3632,103,0
929,Healing Potion,ELIXIR_POT,TRAINER,20,316,288,109,0
13510,Flask of the Titans,FLASK,DROP,20,45567,16860,270,0
13510,Flask of the Titans,FLASK,DROP,5,43744,16860,259,0
13510,Flask of the Titans,FLASK,DROP,11,45567,16860,270,0
23785,Hardened Adamantite Tube,INTERMEDIATE,TRAINER,4,2,3,66,1
23785,Hardened Adamantite Tube,INTERMEDIATE,TRAINER,6,1,3,33,1
29532,Drums of Panic,MISC,VENDOR,1,190000,250000,76,1
29532,Drums of Panic,MISC,VENDOR,1,186200,250000,74,1
29532,Drums of Panic,MISC,VENDOR,1,176890,250000,70,1
29532,Drums of Panic,MISC,VENDOR,1,169814,250000,67,1
29532,Drums of Panic,MISC,VENDOR,1,190000,250000,76,1
29532,Drums of Panic,MISC,VENDOR,1,186200,250000,74,1
29532,Drums of Panic,MISC,VENDOR,1,176890,250000,70,1
29532,Drums of Panic,MISC,VENDOR,1,169814,250000,67,1
29532,Drums of Panic,MISC,VENDOR,1,190000,250000,76,1
29532,Drums of Panic,MISC,VENDOR,1,186200,250000,74,1
29532,Drums of Panic,MISC,VENDOR,1,176890,250000,70,1
29532,Drums of Panic,MISC,VENDOR,1,169814,250000,67,1
29532,Drums of Panic,MISC,VENDOR,1,190000,250000,76,1
29532,Drums of Panic,MISC,VENDOR,1,186200,250000,74,1
23449,Khorium Bar,INTERMEDIATE,TRAINER,5,25920,40000,64,1
23787,Felsteel Stabilizer,INTERMEDIATE,TRAINER,1,1,2,50,1
23787,Felsteel Stabilizer,INTERMEDIATE,TRAINER,6,1,2,50,1
24270,Bag of Jewels,BAG,VENDOR,1,23882,20006,119,0
24270,Bag of Jewels,BAG,VENDOR,1,22687,20006,113,0
24270,Bag of Jewels,BAG,VENDOR,1,21552,20006,107,0
23787,Felsteel Stabilizer,INTERMEDIATE,TRAINER,4,1,2,50,1
23787,Felsteel Stabilizer,INTERMEDIATE,TRAINER,7,1,2,50,1
17771,Elementium Bar,MISC,DROP,2,5637436,2472560,227,0
31080,Mercurial Stone,GEAR,TRAINER,1,96000,96000,100,0
929,Healing Potion,ELIXIR_POT,TRAINER,5,316,288,109,0
929,Healing Potion,ELIXIR_POT,TRAINER,9,309,288,107,0
16206,Arcanite Rod,INTERMEDIATE,TRAINER,1,123600,123600,100,0
16206,Arcanite Rod,INTERMEDIATE,TRAINER,1,123600,123600,100,0
16206,Arcanite Rod,INTERMEDIATE,TRAINER,1,123600,123600,100,0
16206,Arcanite Rod,INTERMEDIATE,TRAINER,1,123600,123600,100,0
16206,Arcanite Rod,INTERMEDIATE,TRAINER,1,123600,123600,100,0
16206,Arcanite Rod,INTERMEDIATE,TRAINER,1,123600,123600,100,0
2841,Bronze Bar,INTERMEDIATE,TRAINER,17,62,62,100,0
2841,Bronze Bar,INTERMEDIATE,TRAINER,3,62,62,100,0
21842,Bolt of Imbued Netherweave,INTERMEDIATE,VENDOR,2,95543,82026,116,0
21842,Bolt of Imbued Netherweave,INTERMEDIATE,VENDOR,6,90765,82026,110,0
23787,Felsteel Stabilizer,INTERMEDIATE,TRAINER,8,1,2,50,1
23787,Felsteel Stabilizer,INTERMEDIATE,TRAINER,3,1,2,50,1
5765,Black Silk Pack,BAG,DROP,1,23465,13280,176,0
23793,Heavy Knothide Leather,INTERMEDIATE,TRAINER,2,24380,25000,97,1
23793,Heavy Knothide Leather,INTERMEDIATE,TRAINER,3,24136,25000,96,1
22448,Small Prismatic Shard,INTERMEDIATE,TRAINER,20,1,0,0,1
22448,Small Prismatic Shard,INTERMEDIATE,TRAINER,20,1,0,0,1
22448,Small Prismatic Shard,INTERMEDIATE,TRAINER,3,1,0,0,1
22448,Small Prismatic Shard,INTERMEDIATE,TRAINER,2,1,0,0,1
4238,Linen Bag,BAG,TRAINER,1,432,366,118,0
2996,Bolt of Linen Cloth,INTERMEDIATE,UNSOURCED,4,270,112,241,0
2996,Bolt of Linen Cloth,INTERMEDIATE,UNSOURCED,1,256,112,228,0
31080,Mercurial Stone,GEAR,TRAINER,1,108326,96000,112,0
21855,Netherweave Tunic,GEAR,VENDOR,1,268902,202000,133,0
21855,Netherweave Tunic,GEAR,VENDOR,1,260834,202000,129,0
21842,Bolt of Imbued Netherweave,INTERMEDIATE,VENDOR,12,104073,82026,126,0
21842,Bolt of Imbued Netherweave,INTERMEDIATE,VENDOR,1,98869,82026,120,0
40024,Tenuous Twilight Opal,GEM_CUT,DROP,1,237360,150000,158,0
40024,Tenuous Twilight Opal,GEM_CUT,DROP,1,234986,150000,156,0
22251,Cenarion Herb Bag,BAG,VENDOR,1,111146,79933,139,0
34482,Leatherworker's Satchel,BAG,TRAINER,1,264967,245000,108,0
33092,Healing Potion Injector,ELIXIR_POT,DROP,5,29362,18400,159,0
33092,Healing Potion Injector,ELIXIR_POT,DROP,5,28187,18400,153,0
33092,Healing Potion Injector,ELIXIR_POT,DROP,5,27341,18400,148,0
33092,Healing Potion Injector,ELIXIR_POT,DROP,5,26247,18400,142,0
33092,Healing Potion Injector,ELIXIR_POT,DROP,5,29362,18400,159,0
33092,Healing Potion Injector,ELIXIR_POT,DROP,20,28187,18400,153,0
33092,Healing Potion Injector,ELIXIR_POT,DROP,20,27341,18400,148,0
33092,Healing Potion Injector,ELIXIR_POT,DROP,20,26247,18400,142,0
33092,Healing Potion Injector,ELIXIR_POT,DROP,5,29362,18400,159,0
33092,Healing Potion Injector,ELIXIR_POT,DROP,20,28187,18400,153,0
33092,Healing Potion Injector,ELIXIR_POT,DROP,20,27341,18400,148,0
33092,Healing Potion Injector,ELIXIR_POT,DROP,10,26247,18400,142,0
13510,Flask of the Titans,FLASK,DROP,5,42533,16860,252,0
13510,Flask of the Titans,FLASK,DROP,5,41682,16860,247,0
13510,Flask of the Titans,FLASK,DROP,10,41265,16860,244,0
24065,Dazzling Talasite,GEM_CUT,DROP,1,255816,120000,213,0
24065,Dazzling Talasite,GEM_CUT,DROP,1,243025,120000,202,0
24065,Dazzling Talasite,GEM_CUT,DROP,1,230873,120000,192,0
22836,Major Dreamless Sleep Potion,ELIXIR_POT,VENDOR,13,14024,13000,107,0
31679,Fel Strength Elixir,ELIXIR_POT,DROP,12,41601,18000,231,0
40180,Radiant Eye of Zul,GEM_CUT,VENDOR,1,271200,250000,108,0
11371,Dark Iron Bar,INTERMEDIATE,UNSOURCED,11,60134,23040,260,0
11371,Dark Iron Bar,INTERMEDIATE,UNSOURCED,1,57127,23040,247,0
3823,Lesser Invisibility Potion,ELIXIR_POT,TRAINER,6,1143,1019,112,0
29540,Reinforced Mining Bag,BAG,VENDOR,1,312249,278000,112,0
29540,Reinforced Mining Bag,BAG,VENDOR,1,302881,278000,108,0
5763,Red Woolen Bag,BAG,VENDOR,1,2209,1782,123,0
44958,Ethereal Oil,INTERMEDIATE,TRAINER,2,85,96,88,1
44958,Ethereal Oil,INTERMEDIATE,TRAINER,3,81,96,84,1
12645,Thorium Shield Spike,MISC,DROP,5,55113,27428,200,0
21887,Knothide Leather,INTERMEDIATE,TRAINER,2,6339,7500,84,1
21887,Knothide Leather,INTERMEDIATE,TRAINER,3,6275,7500,83,1
38225,Mycah's Botanical Bag,BAG,VENDOR,1,393638,272000,144,0
38225,Mycah's Botanical Bag,BAG,VENDOR,1,373956,272000,137,0
23774,Fel Iron Toolbox,BAG,VENDOR,1,127108,104000,122,0
23774,Fel Iron Toolbox,BAG,VENDOR,1,124565,104000,119,0
23774,Fel Iron Toolbox,BAG,VENDOR,1,123319,104000,118,0
23787,Felsteel Stabilizer,INTERMEDIATE,TRAINER,7,1,2,50,1
23787,Felsteel Stabilizer,INTERMEDIATE,TRAINER,5,1,2,50,1
7071,Iron Buckle,INTERMEDIATE,TRAINER,5,450,450,100,0
7071,Iron Buckle,INTERMEDIATE,TRAINER,5,450,450,100,0
7071,Iron Buckle,INTERMEDIATE,TRAINER,5,450,450,100,0
7071,Iron Buckle,INTERMEDIATE,TRAINER,1,450,450,100,0
7071,Iron Buckle,INTERMEDIATE,TRAINER,4,450,450,100,0
29532,Drums of Panic,MISC,VENDOR,1,222750,250000,89,1
29532,Drums of Panic,MISC,VENDOR,1,220522,250000,88,1
29532,Drums of Panic,MISC,VENDOR,1,211701,250000,84,1
29532,Drums of Panic,MISC,VENDOR,1,222750,250000,89,1
29532,Drums of Panic,MISC,VENDOR,1,220522,250000,88,1
29532,Drums of Panic,MISC,VENDOR,1,211701,250000,84,1
29532,Drums of Panic,MISC,VENDOR,1,222750,250000,89,1
10051,Red Mageweave Bag,BAG,TRAINER,1,20148,20092,100,0
17708,Elixir of Frost Power,ELIXIR_POT,DROP,5,3346,1877,178,0
17708,Elixir of Frost Power,ELIXIR_POT,DROP,5,3245,1877,172,0
17708,Elixir of Frost Power,ELIXIR_POT,DROP,10,3346,1877,178,0
24272,Shadowcloth,INTERMEDIATE,VENDOR,9,89857,64001,140,0
24272,Shadowcloth,INTERMEDIATE,VENDOR,3,87161,64001,136,0
21861,Imbued Netherweave Robe,GEAR,VENDOR,1,47779,65006,73,1
21861,Imbued Netherweave Robe,GEAR,VENDOR,1,45867,65006,70,1
21861,Imbued Netherweave Robe,GEAR,VENDOR,1,47779,65006,73,1
21861,Imbued Netherweave Robe,GEAR,VENDOR,1,45867,65006,70,1
21861,Imbued Netherweave Robe,GEAR,VENDOR,1,47779,65006,73,1
21861,Imbued Netherweave Robe,GEAR,VENDOR,1,45867,65006,70,1
21861,Imbued Netherweave Robe,GEAR,VENDOR,1,47779,65006,73,1
21861,Imbued Netherweave Robe,GEAR,VENDOR,1,45867,65006,70,1
21861,Imbued Netherweave Robe,GEAR,VENDOR,1,47779,65006,73,1
21861,Imbued Netherweave Robe,GEAR,VENDOR,1,45867,65006,70,1
21861,Imbued Netherweave Robe,GEAR,VENDOR,1,47779,65006,73,1
21861,Imbued Netherweave Robe,GEAR,VENDOR,1,45867,65006,70,1
21861,Imbued Netherweave Robe,GEAR,VENDOR,1,47779,65006,73,1
23516,Flamebane Helm,GEAR,VENDOR,1,496800,400000,124,0
23516,Flamebane Helm,GEAR,VENDOR,1,491832,400000,122,0
2455,Minor Mana Potion,ELIXIR_POT,TRAINER,5,128,128,100,0
2455,Minor Mana Potion,ELIXIR_POT,TRAINER,11,128,128,100,0
16206,Arcanite Rod,INTERMEDIATE,TRAINER,1,146058,123600,118,0
16206,Arcanite Rod,INTERMEDIATE,TRAINER,1,144597,123600,116,0
16206,Arcanite Rod,INTERMEDIATE,TRAINER,1,146058,123600,118,0
16206,Arcanite Rod,INTERMEDIATE,TRAINER,1,144597,123600,116,0
16206,Arcanite Rod,INTERMEDIATE,TRAINER,1,146058,123600,118,0
16206,Arcanite Rod,INTERMEDIATE,TRAINER,1,144597,123600,116,0
16206,Arcanite Rod,INTERMEDIATE,TRAINER,1,146058,123600,118,0
16206,Arcanite Rod,INTERMEDIATE,TRAINER,1,144597,123600,116,0
16206,Arcanite Rod,INTERMEDIATE,TRAINER,1,146058,123600,118,0
16206,Arcanite Rod,INTERMEDIATE,TRAINER,1,144597,123600,116,0
16206,Arcanite Rod,INTERMEDIATE,TRAINER,1,146058,123600,118,0
16206,Arcanite Rod,INTERMEDIATE,TRAINER,1,144597,123600,116,0
16206,Arcanite Rod,INTERMEDIATE,TRAINER,1,146058,123600,118,0
16206,Arcanite Rod,INTERMEDIATE,TRAINER,1,144597,123600,116,0
23787,Felsteel Stabilizer,INTERMEDIATE,TRAINER,7,1,2,50,1
23787,Felsteel Stabilizer,INTERMEDIATE,TRAINER,2,1,2,50,1
22854,Flask of Relentless Assault,FLASK,UNSOURCED,5,76293,45000,169,0
22854,Flask of Relentless Assault,FLASK,UNSOURCED,5,74767,45000,166,0
22854,Flask of Relentless Assault,FLASK,UNSOURCED,5,72523,45000,161,0
22854,Flask of Relentless Assault,FLASK,UNSOURCED,5,69622,45000,154,0
22854,Flask of Relentless Assault,FLASK,UNSOURCED,12,76293,45000,169,0
10592,Catseye Elixir,ELIXIR_POT,TRAINER,15,1911,1732,110,0
31080,Mercurial Stone,GEAR,TRAINER,1,100838,96000,105,0
31080,Mercurial Stone,GEAR,TRAINER,1,99829,96000,103,0
31080,Mercurial Stone,GEAR,TRAINER,1,100838,96000,105,0
22522,Superior Wizard Oil,MISC,VENDOR,1,21512,26039,82,1
22522,Superior Wizard Oil,MISC,VENDOR,1,20436,26039,78,1
22522,Superior Wizard Oil,MISC,VENDOR,1,20027,26039,76,1
22522,Superior Wizard Oil,MISC,VENDOR,1,19225,26039,73,1
22522,Superior Wizard Oil,MISC,VENDOR,1,21512,26039,82,1
22522,Superior Wizard Oil,MISC,VENDOR,1,20436,26039,78,1
22522,Superior Wizard Oil,MISC,VENDOR,1,20027,26039,76,1
22522,Superior Wizard Oil,MISC,VENDOR,1,19225,26039,73,1
22522,Superior Wizard Oil,MISC,VENDOR,1,21512,26039,82,1
22522,Superior Wizard Oil,MISC,VENDOR,1,20436,26039,78,1
22522,Superior Wizard Oil,MISC,VENDOR,1,20027,26039,76,1
34330,Heavy Knothide Armor Kit,MISC,TRAINER,10,53820,75000,71,1
34330,Heavy Knothide Armor Kit,MISC,TRAINER,3,51667,75000,68,1
23824,Rocket Boots Xtreme,GEAR,DROP,1,691607,296014,233,0
23824,Rocket Boots Xtreme,GEAR,DROP,1,663942,296014,224,0
23824,Rocket Boots Xtreme,GEAR,DROP,1,637384,296014,215,0
23787,Felsteel Stabilizer,INTERMEDIATE,TRAINER,9,1,2,50,1
23787,Felsteel Stabilizer,INTERMEDIATE,TRAINER,3,1,2,50,1
14342,Mooncloth,INTERMEDIATE,VENDOR,7,20672,15200,136,0
14342,Mooncloth,INTERMEDIATE,VENDOR,7,19845,15200,130,0
21843,Imbued Netherweave Bag,BAG,VENDOR,1,81977,60005,136,0
21843,Imbued Netherweave Bag,BAG,VENDOR,1,80337,60005,133,0
21843,Imbued Netherweave Bag,BAG,VENDOR,1,81977,60005,136,0
30463,Lifeblood Belt,GEAR,UNSOURCED,1,1168960,416000,281,0
40166,Vivid Eye of Zul,GEM_CUT,VENDOR,1,299925,250000,119,0
40166,Vivid Eye of Zul,GEM_CUT,VENDOR,1,287928,250000,115,0
23573,Hardened Adamantite Bar,INTERMEDIATE,TRAINER,7,180000,180000,100,0
23573,Hardened Adamantite Bar,INTERMEDIATE,TRAINER,4,180000,180000,100,0
13513,Flask of Chromatic Resistance,FLASK,DROP,5,31347,20250,154,0
13513,Flask of Chromatic Resistance,FLASK,DROP,5,30720,20250,151,0
13513,Flask of Chromatic Resistance,FLASK,DROP,5,31347,20250,154,0
13513,Flask of Chromatic Resistance,FLASK,DROP,5,30720,20250,151,0
13513,Flask of Chromatic Resistance,FLASK,DROP,5,31347,20250,154,0
13513,Flask of Chromatic Resistance,FLASK,DROP,5,30720,20250,151,0
13513,Flask of Chromatic Resistance,FLASK,DROP,4,31347,20250,154,0
21862,Imbued Netherweave Tunic,GEAR,VENDOR,1,48877,65006,75,1
21862,Imbued Netherweave Tunic,GEAR,VENDOR,1,46433,65006,71,1
21862,Imbued Netherweave Tunic,GEAR,VENDOR,1,48877,65006,75,1
21862,Imbued Netherweave Tunic,GEAR,VENDOR,1,46433,65006,71,1
21862,Imbued Netherweave Tunic,GEAR,VENDOR,1,48877,65006,75,1
21862,Imbued Netherweave Tunic,GEAR,VENDOR,1,46433,65006,71,1
24271,Spellcloth,INTERMEDIATE,VENDOR,9,51571,64001,80,1
24271,Spellcloth,INTERMEDIATE,VENDOR,2,50539,64001,78,1
11371,Dark Iron Bar,INTERMEDIATE,UNSOURCED,8,51535,23040,223,0
11371,Dark Iron Bar,INTERMEDIATE,UNSOURCED,2,50504,23040,219,0
21845,Primal Mooncloth,INTERMEDIATE,VENDOR,5,85325,64001,133,0
21845,Primal Mooncloth,INTERMEDIATE,VENDOR,8,81058,64001,126,0
4240,Woolen Bag,BAG,TRAINER,1,1324,1324,100,0
4240,Woolen Bag,BAG,TRAINER,1,1324,1324,100,0
23449,Khorium Bar,INTERMEDIATE,TRAINER,8,32040,40000,80,1
32836,Purified Shadow Pearl,GEM_CUT,TRAINER,1,8802,9280,94,1
32836,Purified Shadow Pearl,GEM_CUT,TRAINER,1,8625,9280,92,1
32836,Purified Shadow Pearl,GEM_CUT,TRAINER,1,8452,9280,91,1
32836,Purified Shadow Pearl,GEM_CUT,TRAINER,1,8282,9280,89,1
32836,Purified Shadow Pearl,GEM_CUT,TRAINER,1,8802,9280,94,1
44958,Ethereal Oil,INTERMEDIATE,TRAINER,1,63,96,65,1
44958,Ethereal Oil,INTERMEDIATE,TRAINER,5,62,96,64,1
44958,Ethereal Oil,INTERMEDIATE,TRAINER,5,94,96,97,1
13512,Flask of Supreme Power,FLASK,DROP,16,19979,11430,174,0
2842,Silver Bar,INTERMEDIATE,TRAINER,3,359,303,118,0
2842,Silver Bar,INTERMEDIATE,TRAINER,8,355,303,117,0
32062,Elixir of Major Fortitude,ELIXIR_POT,TRAINER,19,15820,12800,123,0
21841,Netherweave Bag,BAG,TRAINER,1,104050,101000,103,0
21841,Netherweave Bag,BAG,TRAINER,1,101000,101000,100,0
21841,Netherweave Bag,BAG,TRAINER,1,101000,101000,100,0
22449,Large Prismatic Shard,INTERMEDIATE,VENDOR,6,213696,240000,89,1
22449,Large Prismatic Shard,INTERMEDIATE,VENDOR,4,211559,240000,88,1
23449,Khorium Bar,INTERMEDIATE,TRAINER,13,40000,40000,100,0
23449,Khorium Bar,INTERMEDIATE,TRAINER,1,40000,40000,100,0
24272,Shadowcloth,INTERMEDIATE,VENDOR,6,96449,64001,150,0
24272,Shadowcloth,INTERMEDIATE,VENDOR,1,95484,64001,149,0
3860,Mithril Bar,INTERMEDIATE,TRAINER,6,2002,1545,129,0
23573,Hardened Adamantite Bar,INTERMEDIATE,TRAINER,11,136512,180000,75,1
23573,Hardened Adamantite Bar,INTERMEDIATE,TRAINER,3,135146,180000,75,1
34482,Leatherworker's Satchel,BAG,TRAINER,1,299414,245000,122,0
34482,Leatherworker's Satchel,BAG,TRAINER,1,284443,245000,116,0
34482,Leatherworker's Satchel,BAG,TRAINER,1,275909,245000,112,0
22252,Satchel of Cenarius,BAG,VENDOR,1,193810,154900,125,0
22252,Satchel of Cenarius,BAG,VENDOR,1,187995,154900,121,0
22252,Satchel of Cenarius,BAG,VENDOR,1,186115,154900,120,0
22522,Superior Wizard Oil,MISC,VENDOR,1,23669,26039,90,1
22522,Superior Wizard Oil,MISC,VENDOR,1,22485,26039,86,1
22522,Superior Wizard Oil,MISC,VENDOR,1,23669,26039,90,1
22522,Superior Wizard Oil,MISC,VENDOR,1,22485,26039,86,1
22522,Superior Wizard Oil,MISC,VENDOR,1,23669,26039,90,1
42420,Shadow Crystal Focusing Lens,MISC,TRAINER,1,12780,20000,63,1
42420,Shadow Crystal Focusing Lens,MISC,TRAINER,1,12652,20000,63,1
42420,Shadow Crystal Focusing Lens,MISC,TRAINER,1,12780,20000,63,1
42420,Shadow Crystal Focusing Lens,MISC,TRAINER,1,12652,20000,63,1
42420,Shadow Crystal Focusing Lens,MISC,TRAINER,1,12780,20000,63,1
42420,Shadow Crystal Focusing Lens,MISC,TRAINER,1,12652,20000,63,1
42420,Shadow Crystal Focusing Lens,MISC,TRAINER,1,12780,20000,63,1
42420,Shadow Crystal Focusing Lens,MISC,TRAINER,1,12652,20000,63,1
42420,Shadow Crystal Focusing Lens,MISC,TRAINER,1,12780,20000,63,1
42420,Shadow Crystal Focusing Lens,MISC,TRAINER,1,12652,20000,63,1
41367,Dark Jade Focusing Lens,MISC,TRAINER,1,16150,20000,80,1
41367,Dark Jade Focusing Lens,MISC,TRAINER,1,15504,20000,77,1
41367,Dark Jade Focusing Lens,MISC,TRAINER,1,16150,20000,80,1
41367,Dark Jade Focusing Lens,MISC,TRAINER,1,15504,20000,77,1
41367,Dark Jade Focusing Lens,MISC,TRAINER,1,16150,20000,80,1
41367,Dark Jade Focusing Lens,MISC,TRAINER,1,15504,20000,77,1
23747,Felsteel Boomstick,GEAR,DROP,1,22223,24011,92,1
23747,Felsteel Boomstick,GEAR,DROP,1,21778,24011,90,1
23747,Felsteel Boomstick,GEAR,DROP,1,20906,24011,87,1
23747,Felsteel Boomstick,GEAR,DROP,1,20487,24011,85,1
23747,Felsteel Boomstick,GEAR,DROP,1,22223,24011,92,1
23747,Felsteel Boomstick,GEAR,DROP,1,21778,24011,90,1
23747,Felsteel Boomstick,GEAR,DROP,1,20906,24011,87,1
23747,Felsteel Boomstick,GEAR,DROP,1,20487,24011,85,1
23747,Felsteel Boomstick,GEAR,DROP,1,22223,24011,92,1
23747,Felsteel Boomstick,GEAR,DROP,1,21778,24011,90,1
23747,Felsteel Boomstick,GEAR,DROP,1,20906,24011,87,1
23747,Felsteel Boomstick,GEAR,DROP,1,20487,24011,85,1
23747,Felsteel Boomstick,GEAR,DROP,1,22223,24011,92,1
21341,Felcloth Bag,BAG,UNSOURCED,1,314360,199240,157,0
21341,Felcloth Bag,BAG,UNSOURCED,1,308072,199240,154,0
21341,Felcloth Bag,BAG,UNSOURCED,1,292668,199240,146,0
7966,Solid Grinding Stone,INTERMEDIATE,TRAINER,5,2352,2352,100,0
7966,Solid Grinding Stone,INTERMEDIATE,TRAINER,1,2352,2352,100,0
3478,Coarse Grinding Stone,INTERMEDIATE,TRAINER,6,207,178,116,0
3478,Coarse Grinding Stone,INTERMEDIATE,TRAINER,4,202,178,113,0
24272,Shadowcloth,INTERMEDIATE,VENDOR,5,81735,64001,127,0
24272,Shadowcloth,INTERMEDIATE,VENDOR,5,77648,64001,121,0
22448,Small Prismatic Shard,INTERMEDIATE,TRAINER,20,1,0,0,1
22448,Small Prismatic Shard,INTERMEDIATE,TRAINER,20,1,0,0,1
22448,Small Prismatic Shard,INTERMEDIATE,TRAINER,3,1,0,0,1
22448,Small Prismatic Shard,INTERMEDIATE,TRAINER,2,1,0,0,1
24270,Bag of Jewels,BAG,VENDOR,1,15656,20006,78,1
24270,Bag of Jewels,BAG,VENDOR,1,15186,20006,75,1
24270,Bag of Jewels,BAG,VENDOR,1,15656,20006,78,1
24270,Bag of Jewels,BAG,VENDOR,1,15186,20006,75,1
24270,Bag of Jewels,BAG,VENDOR,1,15656,20006,78,1
24270,Bag of Jewels,BAG,VENDOR,1,15186,20006,75,1
24270,Bag of Jewels,BAG,VENDOR,1,15656,20006,78,1
24270,Bag of Jewels,BAG,VENDOR,1,15186,20006,75,1
24270,Bag of Jewels,BAG,VENDOR,1,15656,20006,78,1
24270,Bag of Jewels,BAG,VENDOR,1,15186,20006,75,1
24270,Bag of Jewels,BAG,VENDOR,1,15656,20006,78,1
13510,Flask of the Titans,FLASK,DROP,5,45237,16860,268,0
13510,Flask of the Titans,FLASK,DROP,20,43879,16860,260,0
13510,Flask of the Titans,FLASK,DROP,5,45237,16860,268,0
25843,Fel Iron Rod,INTERMEDIATE,TRAINER,1,92347,72000,128,0
25843,Fel Iron Rod,INTERMEDIATE,TRAINER,1,89576,72000,124,0
25843,Fel Iron Rod,INTERMEDIATE,TRAINER,1,85992,72000,119,0
25843,Fel Iron Rod,INTERMEDIATE,TRAINER,1,84272,72000,117,0
25843,Fel Iron Rod,INTERMEDIATE,TRAINER,1,92347,72000,128,0
25843,Fel Iron Rod,INTERMEDIATE,TRAINER,1,89576,72000,124,0
42420,Shadow Crystal Focusing Lens,MISC,TRAINER,1,23230,20000,116,0
42420,Shadow Crystal Focusing Lens,MISC,TRAINER,1,22533,20000,112,0
23509,Enchanted Adamantite Breastplate,GEAR,VENDOR,1,107808,100268,107,0
23509,Enchanted Adamantite Breastplate,GEAR,VENDOR,1,106729,100268,106,0
23509,Enchanted Adamantite Breastplate,GEAR,VENDOR,1,103527,100268,103,0
33093,Mana Potion Injector,ELIXIR_POT,DROP,5,25309,14400,175,0
33093,Mana Potion Injector,ELIXIR_POT,DROP,5,24043,14400,166,0
33093,Mana Potion Injector,ELIXIR_POT,DROP,20,25309,14400,175,0
33093,Mana Potion Injector,ELIXIR_POT,DROP,5,24043,14400,166,0
33093,Mana Potion Injector,ELIXIR_POT,DROP,5,25309,14400,175,0
33093,Mana Potion Injector,ELIXIR_POT,DROP,5,24043,14400,166,0
33093,Mana Potion Injector,ELIXIR_POT,DROP,20,25309,14400,175,0
33093,Mana Potion Injector,ELIXIR_POT,DROP,5,24043,14400,166,0
33093,Mana Potion Injector,ELIXIR_POT,DROP,5,25309,14400,175,0
33093,Mana Potion Injector,ELIXIR_POT,DROP,5,24043,14400,166,0
33093,Mana Potion Injector,ELIXIR_POT,DROP,20,25309,14400,175,0
33093,Mana Potion Injector,ELIXIR_POT,DROP,5,24043,14400,166,0
33093,Mana Potion Injector,ELIXIR_POT,DROP,5,25309,14400,175,0
33093,Mana Potion Injector,ELIXIR_POT,DROP,20,24043,14400,166,0
33093,Mana Potion Injector,ELIXIR_POT,DROP,5,25309,14400,175,0
33093,Mana Potion Injector,ELIXIR_POT,DROP,20,24043,14400,166,0
33093,Mana Potion Injector,ELIXIR_POT,DROP,20,25309,14400,175,0
33093,Mana Potion Injector,ELIXIR_POT,DROP,5,24043,14400,166,0
33093,Mana Potion Injector,ELIXIR_POT,DROP,20,25309,14400,175,0
33093,Mana Potion Injector,ELIXIR_POT,DROP,20,24043,14400,166,0
33093,Mana Potion Injector,ELIXIR_POT,DROP,20,25309,14400,175,0
33093,Mana Potion Injector,ELIXIR_POT,DROP,20,24043,14400,166,0
33093,Mana Potion Injector,ELIXIR_POT,DROP,5,25309,14400,175,0
33093,Mana Potion Injector,ELIXIR_POT,DROP,5,24043,14400,166,0
33093,Mana Potion Injector,ELIXIR_POT,DROP,20,25309,14400,175,0
33093,Mana Potion Injector,ELIXIR_POT,DROP,5,24043,14400,166,0
33093,Mana Potion Injector,ELIXIR_POT,DROP,5,25309,14400,175,0
33093,Mana Potion Injector,ELIXIR_POT,DROP,20,38982,14400,270,0
33093,Mana Potion Injector,ELIXIR_POT,DROP,20,37812,14400,262,0
33093,Mana Potion Injector,ELIXIR_POT,DROP,20,36677,14400,254,0
33093,Mana Potion Injector,ELIXIR_POT,DROP,5,38982,14400,270,0
33093,Mana Potion Injector,ELIXIR_POT,DROP,5,37812,14400,262,0
33093,Mana Potion Injector,ELIXIR_POT,DROP,5,36677,14400,254,0
33093,Mana Potion Injector,ELIXIR_POT,DROP,5,38982,14400,270,0
33093,Mana Potion Injector,ELIXIR_POT,DROP,5,37812,14400,262,0
33093,Mana Potion Injector,ELIXIR_POT,DROP,20,36677,14400,254,0
33093,Mana Potion Injector,ELIXIR_POT,DROP,5,38982,14400,270,0
33093,Mana Potion Injector,ELIXIR_POT,DROP,5,37812,14400,262,0
33093,Mana Potion Injector,ELIXIR_POT,DROP,20,36677,14400,254,0
33093,Mana Potion Injector,ELIXIR_POT,DROP,20,38982,14400,270,0
33093,Mana Potion Injector,ELIXIR_POT,DROP,20,37812,14400,262,0
33093,Mana Potion Injector,ELIXIR_POT,DROP,5,36677,14400,254,0
33093,Mana Potion Injector,ELIXIR_POT,DROP,5,38982,14400,270,0
33093,Mana Potion Injector,ELIXIR_POT,DROP,5,37812,14400,262,0
33093,Mana Potion Injector,ELIXIR_POT,DROP,5,36677,14400,254,0
33093,Mana Potion Injector,ELIXIR_POT,DROP,5,38982,14400,270,0
33093,Mana Potion Injector,ELIXIR_POT,DROP,5,37812,14400,262,0
33093,Mana Potion Injector,ELIXIR_POT,DROP,5,36677,14400,254,0
33093,Mana Potion Injector,ELIXIR_POT,DROP,5,38982,14400,270,0
33093,Mana Potion Injector,ELIXIR_POT,DROP,5,37812,14400,262,0
33093,Mana Potion Injector,ELIXIR_POT,DROP,5,36677,14400,254,0
33093,Mana Potion Injector,ELIXIR_POT,DROP,20,38982,14400,270,0
33093,Mana Potion Injector,ELIXIR_POT,DROP,20,37812,14400,262,0
33093,Mana Potion Injector,ELIXIR_POT,DROP,20,36677,14400,254,0
33093,Mana Potion Injector,ELIXIR_POT,DROP,20,38982,14400,270,0
33093,Mana Potion Injector,ELIXIR_POT,DROP,20,37812,14400,262,0
33093,Mana Potion Injector,ELIXIR_POT,DROP,5,36677,14400,254,0
33093,Mana Potion Injector,ELIXIR_POT,DROP,5,38982,14400,270,0
33093,Mana Potion Injector,ELIXIR_POT,DROP,20,37812,14400,262,0
33093,Mana Potion Injector,ELIXIR_POT,DROP,5,36677,14400,254,0
33093,Mana Potion Injector,ELIXIR_POT,DROP,20,38982,14400,270,0
33093,Mana Potion Injector,ELIXIR_POT,DROP,20,37812,14400,262,0
31080,Mercurial Stone,GEAR,TRAINER,1,127660,96000,132,0
22574,Mote of Fire,INTERMEDIATE,TRAINER,10,3179,3200,99,1
22574,Mote of Fire,INTERMEDIATE,TRAINER,10,3115,3200,97,1
22574,Mote of Fire,INTERMEDIATE,TRAINER,10,3083,3200,96,1
22574,Mote of Fire,INTERMEDIATE,TRAINER,10,3179,3200,99,1
22574,Mote of Fire,INTERMEDIATE,TRAINER,10,3115,3200,97,1
22574,Mote of Fire,INTERMEDIATE,TRAINER,9,3083,3200,96,1
22574,Mote of Fire,INTERMEDIATE,TRAINER,1,3179,3200,99,1
13510,Flask of the Titans,FLASK,DROP,20,37226,16860,220,0
13510,Flask of the Titans,FLASK,DROP,5,35364,16860,209,0
13510,Flask of the Titans,FLASK,DROP,5,37226,16860,220,0
13510,Flask of the Titans,FLASK,DROP,4,35364,16860,209,0
23785,Hardened Adamantite Tube,INTERMEDIATE,TRAINER,2,1,3,33,1
23785,Hardened Adamantite Tube,INTERMEDIATE,TRAINER,3,1,3,33,1
4305,Bolt of Silk Cloth,INTERMEDIATE,TRAINER,1,2376,2376,100,0
4305,Bolt of Silk Cloth,INTERMEDIATE,TRAINER,7,2376,2376,100,0
13510,Flask of the Titans,FLASK,DROP,20,37388,16860,221,0
24271,Spellcloth,INTERMEDIATE,VENDOR,7,89409,64001,139,0
32210,Great Lionseye,GEM_CUT,DROP,1,605150,250000,242,0
35581,Rocket Boots Xtreme Lite,GEAR,DROP,1,603964,288014,209,0
35581,Rocket Boots Xtreme Lite,GEAR,DROP,1,597924,288014,207,0
44958,Ethereal Oil,INTERMEDIATE,TRAINER,3,113,96,117,0
44958,Ethereal Oil,INTERMEDIATE,TRAINER,7,109,96,113,0
41395,Bracing Earthsiege Diamond,GEM_CUT,UNSOURCED,1,766800,360000,213,0
21872,Ebon Shadowbag,BAG,VENDOR,1,466099,408000,114,0
44958,Ethereal Oil,INTERMEDIATE,TRAINER,10,65,96,67,1
44958,Ethereal Oil,INTERMEDIATE,TRAINER,2,63,96,65,1
31080,Mercurial Stone,GEAR,TRAINER,1,96000,96000,100,0
31080,Mercurial Stone,GEAR,TRAINER,1,96000,96000,100,0
13454,Greater Arcane Elixir,ELIXIR_POT,TRAINER,5,2825,2336,120,0
13454,Greater Arcane Elixir,ELIXIR_POT,TRAINER,5,2712,2336,116,0
13454,Greater Arcane Elixir,ELIXIR_POT,TRAINER,2,2603,2336,111,0
21845,Primal Mooncloth,INTERMEDIATE,VENDOR,3,71053,64001,111,0
21845,Primal Mooncloth,INTERMEDIATE,VENDOR,12,68921,64001,107,0
3860,Mithril Bar,INTERMEDIATE,TRAINER,12,1686,1545,109,0
3860,Mithril Bar,INTERMEDIATE,TRAINER,1,1601,1545,103,0
5764,Green Silk Pack,BAG,DROP,1,31451,11722,268,0
5764,Green Silk Pack,BAG,DROP,1,30192,11722,257,0
5764,Green Silk Pack,BAG,DROP,1,29588,11722,252,0
21853,Netherweave Boots,GEAR,TRAINER,1,192374,159000,120,0
21853,Netherweave Boots,GEAR,TRAINER,1,186602,159000,117,0
22522,Superior Wizard Oil,MISC,VENDOR,1,24632,26039,94,1
22522,Superior Wizard Oil,MISC,VENDOR,1,23646,26039,90,1
22522,Superior Wizard Oil,MISC,VENDOR,1,23409,26039,89,1
22522,Superior Wizard Oil,MISC,VENDOR,1,24632,26039,94,1
22522,Superior Wizard Oil,MISC,VENDOR,1,23646,26039,90,1
22522,Superior Wizard Oil,MISC,VENDOR,1,23409,26039,89,1
22522,Superior Wizard Oil,MISC,VENDOR,1,24632,26039,94,1
22522,Superior Wizard Oil,MISC,VENDOR,1,23646,26039,90,1
22522,Superior Wizard Oil,MISC,VENDOR,1,23409,26039,89,1
44958,Ethereal Oil,INTERMEDIATE,TRAINER,2,76,96,79,1
44958,Ethereal Oil,INTERMEDIATE,TRAINER,6,74,96,77,1
21842,Bolt of Imbued Netherweave,INTERMEDIATE,VENDOR,8,109914,82026,133,0
21842,Bolt of Imbued Netherweave,INTERMEDIATE,VENDOR,2,107715,82026,131,0
22522,Superior Wizard Oil,MISC,VENDOR,1,21320,26039,81,1
22522,Superior Wizard Oil,MISC,VENDOR,1,20680,26039,79,1
22522,Superior Wizard Oil,MISC,VENDOR,1,19646,26039,75,1
22522,Superior Wizard Oil,MISC,VENDOR,1,21320,26039,81,1
22522,Superior Wizard Oil,MISC,VENDOR,1,20680,26039,79,1
22522,Superior Wizard Oil,MISC,VENDOR,1,19646,26039,75,1
22522,Superior Wizard Oil,MISC,VENDOR,1,21320,26039,81,1
22522,Superior Wizard Oil,MISC,VENDOR,1,20680,26039,79,1
22522,Superior Wizard Oil,MISC,VENDOR,1,19646,26039,75,1
22522,Superior Wizard Oil,MISC,VENDOR,1,21320,26039,81,1
22522,Superior Wizard Oil,MISC,VENDOR,1,20680,26039,79,1
22522,Superior Wizard Oil,MISC,VENDOR,1,19646,26039,75,1
22522,Superior Wizard Oil,MISC,VENDOR,1,21320,26039,81,1
22522,Superior Wizard Oil,MISC,VENDOR,1,20680,26039,79,1
9060,Inlaid Mithril Cylinder,INTERMEDIATE,UNSOURCED,5,42563,15410,276,0
9060,Inlaid Mithril Cylinder,INTERMEDIATE,UNSOURCED,3,42137,15410,273,0
14529,Runecloth Bandage,MISC,TRAINER,11,2108,2376,88,1
25897,Bracing Earthstorm Diamond,GEM_CUT,VENDOR,1,393300,360000,109,0
22851,Flask of Fortification,FLASK,UNSOURCED,20,98794,48500,203,0
22851,Flask of Fortification,FLASK,UNSOURCED,14,95830,48500,197,0
4240,Woolen Bag,BAG,TRAINER,1,1324,1324,100,0
21861,Imbued Netherweave Robe,GEAR,VENDOR,1,47454,65006,72,1
21861,Imbued Netherweave Robe,GEAR,VENDOR,1,46030,65006,70,1
21861,Imbued Netherweave Robe,GEAR,VENDOR,1,44649,65006,68,1
21861,Imbued Netherweave Robe,GEAR,VENDOR,1,42416,65006,65,1
21861,Imbued Netherweave Robe,GEAR,VENDOR,1,47454,65006,72,1
21861,Imbued Netherweave Robe,GEAR,VENDOR,1,46030,65006,70,1
21861,Imbued Netherweave Robe,GEAR,VENDOR,1,44649,65006,68,1
21861,Imbued Netherweave Robe,GEAR,VENDOR,1,42416,65006,65,1
21861,Imbued Netherweave Robe,GEAR,VENDOR,1,47454,65006,72,1
21861,Imbued Netherweave Robe,GEAR,VENDOR,1,46030,65006,70,1
21861,Imbued Netherweave Robe,GEAR,VENDOR,1,44649,65006,68,1
21861,Imbued Netherweave Robe,GEAR,VENDOR,1,42416,65006,65,1
21861,Imbued Netherweave Robe,GEAR,VENDOR,1,47454,65006,72,1
21861,Imbued Netherweave Robe,GEAR,VENDOR,1,46030,65006,70,1
21861,Imbued Netherweave Robe,GEAR,VENDOR,1,44649,65006,68,1
2996,Bolt of Linen Cloth,INTERMEDIATE,UNSOURCED,6,297,112,265,0
2996,Bolt of Linen Cloth,INTERMEDIATE,UNSOURCED,2,291,112,259,0
25697,Felstalker Bracers,GEAR,VENDOR,1,548011,483000,113,0
30837,Flameheart Bracers,GEAR,VENDOR,1,361920,290000,124,0
2996,Bolt of Linen Cloth,INTERMEDIATE,UNSOURCED,2,263,112,234,0
2996,Bolt of Linen Cloth,INTERMEDIATE,UNSOURCED,5,260,112,232,0
40169,Forceful Eye of Zul,GEM_CUT,VENDOR,1,381500,250000,152,0
40169,Forceful Eye of Zul,GEM_CUT,VENDOR,1,370055,250000,148,0
40169,Forceful Eye of Zul,GEM_CUT,VENDOR,1,381500,250000,152,0
21844,Bolt of Soulcloth,INTERMEDIATE,VENDOR,3,205171,144000,142,0
21844,Bolt of Soulcloth,INTERMEDIATE,VENDOR,4,203119,144000,141,0
22851,Flask of Fortification,FLASK,UNSOURCED,20,81145,48500,167,0
22851,Flask of Fortification,FLASK,UNSOURCED,5,80333,48500,165,0
22851,Flask of Fortification,FLASK,UNSOURCED,5,81145,48500,167,0
44958,Ethereal Oil,INTERMEDIATE,TRAINER,1,90,96,93,1
44958,Ethereal Oil,INTERMEDIATE,TRAINER,4,88,96,91,1
29532,Drums of Panic,MISC,VENDOR,1,236600,250000,94,1
29532,Drums of Panic,MISC,VENDOR,1,224770,250000,89,1
29532,Drums of Panic,MISC,VENDOR,1,236600,250000,94,1
29532,Drums of Panic,MISC,VENDOR,1,224770,250000,89,1
29532,Drums of Panic,MISC,VENDOR,1,236600,250000,94,1
29532,Drums of Panic,MISC,VENDOR,1,224770,250000,89,1
29532,Drums of Panic,MISC,VENDOR,1,236600,250000,94,1
29532,Drums of Panic,MISC,VENDOR,1,224770,250000,89,1
29532,Drums of Panic,MISC,VENDOR,1,236600,250000,94,1
22449,Large Prismatic Shard,INTERMEDIATE,VENDOR,20,172800,240000,72,1
22449,Large Prismatic Shard,INTERMEDIATE,VENDOR,3,167616,240000,69,1
22449,Large Prismatic Shard,INTERMEDIATE,VENDOR,1,159235,240000,66,1
22449,Large Prismatic Shard,INTERMEDIATE,VENDOR,1,187704,240000,78,1
22449,Large Prismatic Shard,INTERMEDIATE,VENDOR,11,178318,240000,74,1
22761,Bramblewood Belt,GEAR,VENDOR,1,18591,22849,81,1
22761,Bramblewood Belt,GEAR,VENDOR,1,17847,22849,78,1
22761,Bramblewood Belt,GEAR,VENDOR,1,17490,22849,76,1
22761,Bramblewood Belt,GEAR,VENDOR,1,16790,22849,73,1
22761,Bramblewood Belt,GEAR,VENDOR,1,18591,22849,81,1
22761,Bramblewood Belt,GEAR,VENDOR,1,17847,22849,78,1
22761,Bramblewood Belt,GEAR,VENDOR,1,17490,22849,76,1
22761,Bramblewood Belt,GEAR,VENDOR,1,16790,22849,73,1
22761,Bramblewood Belt,GEAR,VENDOR,1,18591,22849,81,1
22761,Bramblewood Belt,GEAR,VENDOR,1,17847,22849,78,1
22761,Bramblewood Belt,GEAR,VENDOR,1,17490,22849,76,1
22761,Bramblewood Belt,GEAR,VENDOR,1,16790,22849,73,1
22761,Bramblewood Belt,GEAR,VENDOR,1,18591,22849,81,1
22761,Bramblewood Belt,GEAR,VENDOR,1,17847,22849,78,1
24261,Whitemend Pants,GEAR,DROP,1,2495232,1520000,164,0
24261,Whitemend Pants,GEAR,DROP,1,2470279,1520000,162,0
24261,Whitemend Pants,GEAR,DROP,1,2346765,1520000,154,0
4339,Bolt of Mageweave,INTERMEDIATE,TRAINER,8,5050,5050,100,0
40121,Lustrous Majestic Zircon,GEM_CUT,VENDOR,1,305550,250000,122,0
40121,Lustrous Majestic Zircon,GEM_CUT,VENDOR,1,296383,250000,118,0
40121,Lustrous Majestic Zircon,GEM_CUT,VENDOR,1,305550,250000,122,0
44958,Ethereal Oil,INTERMEDIATE,TRAINER,8,96,96,100,0
44958,Ethereal Oil,INTERMEDIATE,TRAINER,1,96,96,100,0
10051,Red Mageweave Bag,BAG,TRAINER,1,22118,20092,110,0
10051,Red Mageweave Bag,BAG,TRAINER,1,21896,20092,108,0
22449,Large Prismatic Shard,INTERMEDIATE,VENDOR,20,243648,240000,101,1
22449,Large Prismatic Shard,INTERMEDIATE,VENDOR,4,231465,240000,96,1
10050,Mageweave Bag,BAG,TRAINER,1,22755,16992,133,0
10050,Mageweave Bag,BAG,TRAINER,1,22527,16992,132,0
4234,Heavy Leather,INTERMEDIATE,TRAINER,9,1278,1090,117,0
4234,Heavy Leather,INTERMEDIATE,TRAINER,6,1239,1090,113,0
32199,Flashing Crimson Spinel,GEM_CUT,DROP,1,549000,250000,219,0
32199,Flashing Crimson Spinel,GEM_CUT,DROP,1,527040,250000,210,0
32199,Flashing Crimson Spinel,GEM_CUT,DROP,1,511228,250000,204,0
21862,Imbued Netherweave Tunic,GEAR,VENDOR,1,61001,65006,93,1
21862,Imbued Netherweave Tunic,GEAR,VENDOR,1,59780,65006,91,1
21862,Imbued Netherweave Tunic,GEAR,VENDOR,1,61001,65006,93,1
21862,Imbued Netherweave Tunic,GEAR,VENDOR,1,59780,65006,91,1
21862,Imbued Netherweave Tunic,GEAR,VENDOR,1,61001,65006,93,1
21862,Imbued Netherweave Tunic,GEAR,VENDOR,1,59780,65006,91,1
21862,Imbued Netherweave Tunic,GEAR,VENDOR,1,61001,65006,93,1
21862,Imbued Netherweave Tunic,GEAR,VENDOR,1,59780,65006,91,1
21862,Imbued Netherweave Tunic,GEAR,VENDOR,1,61001,65006,93,1
21862,Imbued Netherweave Tunic,GEAR,VENDOR,1,59780,65006,91,1
21862,Imbued Netherweave Tunic,GEAR,VENDOR,1,61001,65006,93,1
21862,Imbued Netherweave Tunic,GEAR,VENDOR,1,59780,65006,91,1
22445,Arcane Dust,INTERMEDIATE,UNSOURCED,20,3792,5013,75,1
22445,Arcane Dust,INTERMEDIATE,UNSOURCED,20,3678,5013,73,1
22445,Arcane Dust,INTERMEDIATE,UNSOURCED,2,3792,5013,75,1
22449,Large Prismatic Shard,INTERMEDIATE,VENDOR,20,190008,240000,79,1
22449,Large Prismatic Shard,INTERMEDIATE,VENDOR,2,186207,240000,77,1
11128,Golden Rod,INTERMEDIATE,TRAINER,1,5058,3880,130,0
11128,Golden Rod,INTERMEDIATE,TRAINER,1,4855,3880,125,0
11128,Golden Rod,INTERMEDIATE,TRAINER,1,4806,3880,123,0
11128,Golden Rod,INTERMEDIATE,TRAINER,1,5058,3880,130,0
11128,Golden Rod,INTERMEDIATE,TRAINER,1,4855,3880,125,0
11128,Golden Rod,INTERMEDIATE,TRAINER,1,4806,3880,123,0
11128,Golden Rod,INTERMEDIATE,TRAINER,1,5058,3880,130,0
11128,Golden Rod,INTERMEDIATE,TRAINER,1,4855,3880,125,0
11128,Golden Rod,INTERMEDIATE,TRAINER,1,4806,3880,123,0
11128,Golden Rod,INTERMEDIATE,TRAINER,1,5058,3880,130,0
11128,Golden Rod,INTERMEDIATE,TRAINER,1,4855,3880,125,0
11128,Golden Rod,INTERMEDIATE,TRAINER,1,4806,3880,123,0
11128,Golden Rod,INTERMEDIATE,TRAINER,1,5058,3880,130,0
11128,Golden Rod,INTERMEDIATE,TRAINER,1,4855,3880,125,0
11128,Golden Rod,INTERMEDIATE,TRAINER,1,4806,3880,123,0
22449,Large Prismatic Shard,INTERMEDIATE,VENDOR,8,232824,240000,97,1
22449,Large Prismatic Shard,INTERMEDIATE,VENDOR,10,230495,240000,96,1
20817,Bronze Setting,INTERMEDIATE,TRAINER,10,124,124,100,0
20817,Bronze Setting,INTERMEDIATE,TRAINER,2,124,124,100,0
14048,Bolt of Runecloth,INTERMEDIATE,TRAINER,11,15072,11880,126,0
14048,Bolt of Runecloth,INTERMEDIATE,TRAINER,1,14921,11880,125,0
23785,Hardened Adamantite Tube,INTERMEDIATE,TRAINER,4,2,3,66,1
23785,Hardened Adamantite Tube,INTERMEDIATE,TRAINER,3,1,3,33,1
23519,Felsteel Helm,GEAR,DROP,1,11,8,137,0
23519,Felsteel Helm,GEAR,DROP,1,10,8,125,0
34330,Heavy Knothide Armor Kit,MISC,TRAINER,6,67035,75000,89,1
12644,Dense Grinding Stone,INTERMEDIATE,TRAINER,5,7196,5760,124,0
12644,Dense Grinding Stone,INTERMEDIATE,TRAINER,3,7124,5760,123,0
32836,Purified Shadow Pearl,GEM_CUT,TRAINER,1,11840,9280,127,0
10051,Red Mageweave Bag,BAG,TRAINER,1,23611,20092,117,0
18262,Elemental Sharpening Stone,MISC,DROP,5,19433,9216,210,0
13510,Flask of the Titans,FLASK,DROP,20,41130,16860,243,0
13510,Flask of the Titans,FLASK,DROP,5,40307,16860,239,0
13510,Flask of the Titans,FLASK,DROP,3,41130,16860,243,0
22574,Mote of Fire,INTERMEDIATE,TRAINER,10,4259,3200,133,0
22574,Mote of Fire,INTERMEDIATE,TRAINER,10,4216,3200,131,0
22574,Mote of Fire,INTERMEDIATE,TRAINER,10,4005,3200,125,0
22574,Mote of Fire,INTERMEDIATE,TRAINER,10,4259,3200,133,0
22574,Mote of Fire,INTERMEDIATE,TRAINER,10,4216,3200,131,0
21887,Knothide Leather,INTERMEDIATE,TRAINER,1,8034,7500,107,0
21887,Knothide Leather,INTERMEDIATE,TRAINER,12,7632,7500,101,0
44958,Ethereal Oil,INTERMEDIATE,TRAINER,3,67,96,69,1
44958,Ethereal Oil,INTERMEDIATE,TRAINER,3,64,96,66,1
34490,Bag of Many Hides,BAG,DROP,1,1857400,627500,296,0
34490,Bag of Many Hides,BAG,DROP,1,1783104,627500,284,0
21887,Knothide Leather,INTERMEDIATE,TRAINER,10,7521,7500,100,1
21887,Knothide Leather,INTERMEDIATE,TRAINER,2,7220,7500,96,1
2841,Bronze Bar,INTERMEDIATE,TRAINER,20,66,62,106,0
2841,Bronze Bar,INTERMEDIATE,TRAINER,6,64,62,103,0
2841,Bronze Bar,INTERMEDIATE,TRAINER,2,62,62,100,0
34490,Bag of Many Hides,BAG,DROP,1,1436347,627500,228,0
34490,Bag of Many Hides,BAG,DROP,1,1393256,627500,222,0
22861,Flask of Blinding Light,FLASK,UNSOURCED,5,98342,52000,189,0
22861,Flask of Blinding Light,FLASK,UNSOURCED,20,94408,52000,181,0
22861,Flask of Blinding Light,FLASK,UNSOURCED,9,91575,52000,176,0
34330,Heavy Knothide Armor Kit,MISC,TRAINER,7,68085,75000,90,1
3470,Rough Grinding Stone,INTERMEDIATE,TRAINER,3,24,24,100,0
3470,Rough Grinding Stone,INTERMEDIATE,TRAINER,2,24,24,100,0
7071,Iron Buckle,INTERMEDIATE,TRAINER,5,473,450,105,0
7071,Iron Buckle,INTERMEDIATE,TRAINER,5,450,450,100,0
4305,Bolt of Silk Cloth,INTERMEDIATE,TRAINER,2,2767,2376,116,0
4305,Bolt of Silk Cloth,INTERMEDIATE,TRAINER,7,2711,2376,114,0
4305,Bolt of Silk Cloth,INTERMEDIATE,TRAINER,3,2622,2376,110,0
4305,Bolt of Silk Cloth,INTERMEDIATE,TRAINER,9,2569,2376,108,0
34330,Heavy Knothide Armor Kit,MISC,TRAINER,5,67575,75000,90,1
4404,Silver Contact,INTERMEDIATE,TRAINER,20,60,60,100,0
4404,Silver Contact,INTERMEDIATE,TRAINER,18,60,60,100,0
4404,Silver Contact,INTERMEDIATE,TRAINER,2,60,60,100,0
21862,Imbued Netherweave Tunic,GEAR,VENDOR,1,50028,65006,76,1
21862,Imbued Netherweave Tunic,GEAR,VENDOR,1,49527,65006,76,1
21862,Imbued Netherweave Tunic,GEAR,VENDOR,1,49031,65006,75,1
21862,Imbued Netherweave Tunic,GEAR,VENDOR,1,50028,65006,76,1
21862,Imbued Netherweave Tunic,GEAR,VENDOR,1,49527,65006,76,1
21862,Imbued Netherweave Tunic,GEAR,VENDOR,1,49031,65006,75,1
23774,Fel Iron Toolbox,BAG,VENDOR,1,130603,104000,125,0
23774,Fel Iron Toolbox,BAG,VENDOR,1,126684,104000,121,0
23774,Fel Iron Toolbox,BAG,VENDOR,1,122883,104000,118,0
22573,Mote of Earth,INTERMEDIATE,TRAINER,10,2291,3200,71,1
22573,Mote of Earth,INTERMEDIATE,TRAINER,10,2268,3200,70,1
22573,Mote of Earth,INTERMEDIATE,TRAINER,10,2154,3200,67,1
22573,Mote of Earth,INTERMEDIATE,TRAINER,10,2291,3200,71,1
22573,Mote of Earth,INTERMEDIATE,TRAINER,10,2268,3200,70,1
22573,Mote of Earth,INTERMEDIATE,TRAINER,10,2154,3200,67,1
22573,Mote of Earth,INTERMEDIATE,TRAINER,10,2291,3200,71,1
22573,Mote of Earth,INTERMEDIATE,TRAINER,10,2268,3200,70,1
22573,Mote of Earth,INTERMEDIATE,TRAINER,10,2154,3200,67,1
22573,Mote of Earth,INTERMEDIATE,TRAINER,10,2291,3200,71,1
22573,Mote of Earth,INTERMEDIATE,TRAINER,10,2268,3200,70,1
22573,Mote of Earth,INTERMEDIATE,TRAINER,3,2154,3200,67,1
22573,Mote of Earth,INTERMEDIATE,TRAINER,7,2291,3200,71,1
22861,Flask of Blinding Light,FLASK,UNSOURCED,5,146255,52000,281,0
22861,Flask of Blinding Light,FLASK,UNSOURCED,5,144792,52000,278,0
22861,Flask of Blinding Light,FLASK,UNSOURCED,5,137552,52000,264,0
22861,Flask of Blinding Light,FLASK,UNSOURCED,3,146255,52000,281,0
22522,Superior Wizard Oil,MISC,VENDOR,1,23830,26039,91,1
22522,Superior Wizard Oil,MISC,VENDOR,1,22638,26039,86,1
22522,Superior Wizard Oil,MISC,VENDOR,1,23830,26039,91,1
22522,Superior Wizard Oil,MISC,VENDOR,1,22638,26039,86,1
22522,Superior Wizard Oil,MISC,VENDOR,1,23830,26039,91,1
22522,Superior Wizard Oil,MISC,VENDOR,1,22638,26039,86,1
24268,Netherweave Net,MISC,TRAINER,18,5503,7200,76,1
22861,Flask of Blinding Light,FLASK,UNSOURCED,5,115752,52000,222,0
22861,Flask of Blinding Light,FLASK,UNSOURCED,5,114594,52000,220,0
22861,Flask of Blinding Light,FLASK,UNSOURCED,5,110010,52000,211,0
22861,Flask of Blinding Light,FLASK,UNSOURCED,19,105609,52000,203,0
21887,Knothide Leather,INTERMEDIATE,TRAINER,1,6566,7500,87,1
21887,Knothide Leather,INTERMEDIATE,TRAINER,9,6303,7500,84,1
12655,Enchanted Thorium Bar,INTERMEDIATE,TRAINER,9,43221,36825,117,0
12655,Enchanted Thorium Bar,INTERMEDIATE,TRAINER,1,42788,36825,116,0
4304,Thick Leather,INTERMEDIATE,TRAINER,3,3636,3636,100,0
4304,Thick Leather,INTERMEDIATE,TRAINER,5,3636,3636,100,0
22445,Arcane Dust,INTERMEDIATE,UNSOURCED,20,3618,5013,72,1
22445,Arcane Dust,INTERMEDIATE,UNSOURCED,20,3437,5013,68,1
22445,Arcane Dust,INTERMEDIATE,UNSOURCED,4,3618,5013,72,1
22445,Arcane Dust,INTERMEDIATE,UNSOURCED,1,3437,5013,68,1
22573,Mote of Earth,INTERMEDIATE,TRAINER,10,3527,3200,110,0
22573,Mote of Earth,INTERMEDIATE,TRAINER,10,3421,3200,106,0
22573,Mote of Earth,INTERMEDIATE,TRAINER,10,3527,3200,110,0
22573,Mote of Earth,INTERMEDIATE,TRAINER,10,3421,3200,106,0
22573,Mote of Earth,INTERMEDIATE,TRAINER,10,3527,3200,110,0
22573,Mote of Earth,INTERMEDIATE,TRAINER,10,3421,3200,106,0
22573,Mote of Earth,INTERMEDIATE,TRAINER,10,3527,3200,110,0
22573,Mote of Earth,INTERMEDIATE,TRAINER,1,3421,3200,106,0
22573,Mote of Earth,INTERMEDIATE,TRAINER,9,3527,3200,110,0
24051,Rigid Dawnstone,GEM_CUT,DROP,1,228900,120000,190,0
14048,Bolt of Runecloth,INTERMEDIATE,TRAINER,3,10050,11880,84,1
14048,Bolt of Runecloth,INTERMEDIATE,TRAINER,10,9949,11880,83,1
25679,Comfortable Insoles,MISC,VENDOR,10,7790,10000,77,1
25679,Comfortable Insoles,MISC,VENDOR,5,7634,10000,76,1
29510,Netherdrake Helm,GEAR,DROP,1,4501700,1526000,295,0
29510,Netherdrake Helm,GEAR,DROP,1,4411666,1526000,289,0
29510,Netherdrake Helm,GEAR,DROP,1,4235199,1526000,277,0
6371,Fire Oil,INTERMEDIATE,TRAINER,2,81,64,126,0
6371,Fire Oil,INTERMEDIATE,TRAINER,7,77,64,120,0
24268,Netherweave Net,MISC,TRAINER,18,5034,7200,69,1
31368,Wildguard Helm,GEAR,VENDOR,1,969526,848008,114,0
31368,Wildguard Helm,GEAR,VENDOR,1,921049,848008,108,0
31368,Wildguard Helm,GEAR,VENDOR,1,874996,848008,103,0
23515,Flamebane Bracers,GEAR,VENDOR,1,254643,232000,109,0
23515,Flamebane Bracers,GEAR,VENDOR,1,249550,232000,107,0
23515,Flamebane Bracers,GEAR,VENDOR,1,242063,232000,104,0
5081,Kodo Hide Bag,BAG,UNSOURCED,1,1431,853,167,0
5081,Kodo Hide Bag,BAG,UNSOURCED,1,1402,853,164,0
8170,Rugged Leather,INTERMEDIATE,TRAINER,8,8007,7128,112,0
8170,Rugged Leather,INTERMEDIATE,TRAINER,2,7686,7128,107,0
21842,Bolt of Imbued Netherweave,INTERMEDIATE,VENDOR,2,94444,82026,115,0
21842,Bolt of Imbued Netherweave,INTERMEDIATE,VENDOR,11,89721,82026,109,0
24269,Heavy Netherweave Net,MISC,UNSOURCED,2,26136,14400,181,0
21844,Bolt of Soulcloth,INTERMEDIATE,VENDOR,5,205171,144000,142,0
21844,Bolt of Soulcloth,INTERMEDIATE,VENDOR,6,196964,144000,136,0
23523,Khorium Pants,GEAR,DROP,1,1312961,496000,264,0
24252,Cloak of the Black Void,GEAR,DROP,1,277947,192006,144,0
24252,Cloak of the Black Void,GEAR,DROP,1,264049,192006,137,0
24252,Cloak of the Black Void,GEAR,DROP,1,277947,192006,144,0
13423,Stonescale Oil,INTERMEDIATE,TRAINER,4,105,102,102,0
13423,Stonescale Oil,INTERMEDIATE,TRAINER,8,103,102,100,0
12644,Dense Grinding Stone,INTERMEDIATE,TRAINER,1,6894,5760,119,0
12644,Dense Grinding Stone,INTERMEDIATE,TRAINER,9,6687,5760,116,0
22445,Arcane Dust,INTERMEDIATE,UNSOURCED,20,3512,5013,70,1
22445,Arcane Dust,INTERMEDIATE,UNSOURCED,1,3441,5013,68,1
22445,Arcane Dust,INTERMEDIATE,UNSOURCED,9,3406,5013,67,1
13447,Elixir of the Sages,ELIXIR_POT,TRAINER,5,5238,4002,130,0
13447,Elixir of the Sages,ELIXIR_POT,TRAINER,5,4976,4002,124,0
21842,Bolt of Imbued Netherweave,INTERMEDIATE,VENDOR,6,102261,82026,124,0
31080,Mercurial Stone,GEAR,TRAINER,1,97315,96000,101,0
12644,Dense Grinding Stone,INTERMEDIATE,TRAINER,4,6779,5760,117,0
12644,Dense Grinding Stone,INTERMEDIATE,TRAINER,5,6711,5760,116,0
22851,Flask of Fortification,FLASK,UNSOURCED,5,108256,48500,223,0
22851,Flask of Fortification,FLASK,UNSOURCED,17,105008,48500,216,0
23747,Felsteel Boomstick,GEAR,DROP,1,21657,24011,90,1
23747,Felsteel Boomstick,GEAR,DROP,1,21223,24011,88,1
23747,Felsteel Boomstick,GEAR,DROP,1,21657,24011,90,1
23747,Felsteel Boomstick,GEAR,DROP,1,21223,24011,88,1
23747,Felsteel Boomstick,GEAR,DROP,1,21657,24011,90,1
40195,Pygmy Oil,INTERMEDIATE,TRAINER,4,345,300,115,0
40195,Pygmy Oil,INTERMEDIATE,TRAINER,10,331,300,110,0
21876,Primal Mooncloth Bag,BAG,VENDOR,1,611100,504000,121,0
20963,Mithril Filigree,INTERMEDIATE,TRAINER,9,3283,3012,108,0
20963,Mithril Filigree,INTERMEDIATE,TRAINER,1,3151,3012,104,0
5765,Black Silk Pack,BAG,DROP,1,26535,13280,199,0
5765,Black Silk Pack,BAG,DROP,1,26269,13280,197,0
40101,Tense Forest Emerald,GEM_CUT,VENDOR,1,151800,150000,101,0
40101,Tense Forest Emerald,GEM_CUT,VENDOR,1,150000,150000,100,0
21752,Thorium Setting,INTERMEDIATE,TRAINER,3,1700,1545,110,0
21752,Thorium Setting,INTERMEDIATE,TRAINER,5,1666,1545,107,0
23787,Felsteel Stabilizer,INTERMEDIATE,TRAINER,7,1,2,50,1
23787,Felsteel Stabilizer,INTERMEDIATE,TRAINER,8,1,2,50,1
7071,Iron Buckle,INTERMEDIATE,TRAINER,5,536,450,119,0
7071,Iron Buckle,INTERMEDIATE,TRAINER,5,525,450,116,0
7071,Iron Buckle,INTERMEDIATE,TRAINER,5,504,450,112,0
7071,Iron Buckle,INTERMEDIATE,TRAINER,2,478,450,106,0
7071,Iron Buckle,INTERMEDIATE,TRAINER,3,536,450,119,0
22522,Superior Wizard Oil,MISC,VENDOR,1,22989,26039,88,1
22522,Superior Wizard Oil,MISC,VENDOR,1,22759,26039,87,1
22522,Superior Wizard Oil,MISC,VENDOR,1,22989,26039,88,1
22522,Superior Wizard Oil,MISC,VENDOR,1,22759,26039,87,1
22522,Superior Wizard Oil,MISC,VENDOR,1,22989,26039,88,1
22522,Superior Wizard Oil,MISC,VENDOR,1,22759,26039,87,1
22522,Superior Wizard Oil,MISC,VENDOR,1,22989,26039,88,1
22522,Superior Wizard Oil,MISC,VENDOR,1,22759,26039,87,1
22522,Superior Wizard Oil,MISC,VENDOR,1,22989,26039,88,1
22522,Superior Wizard Oil,MISC,VENDOR,1,22759,26039,87,1
22522,Superior Wizard Oil,MISC,VENDOR,1,22989,26039,88,1
22522,Superior Wizard Oil,MISC,VENDOR,1,22759,26039,87,1
22522,Superior Wizard Oil,MISC,VENDOR,1,22989,26039,88,1
21843,Imbued Netherweave Bag,BAG,VENDOR,1,77118,60005,128,0
22246,Enchanted Mageweave Pouch,BAG,VENDOR,1,51639,43512,118,0
22246,Enchanted Mageweave Pouch,BAG,VENDOR,1,50089,43512,115,0
22246,Enchanted Mageweave Pouch,BAG,VENDOR,1,47584,43512,109,0
22445,Arcane Dust,INTERMEDIATE,UNSOURCED,8,3416,5013,68,1
22445,Arcane Dust,INTERMEDIATE,UNSOURCED,7,3245,5013,64,1
12216,Spiced Chili Crab,FOOD,VENDOR,5,1084,802,135,0
12216,Spiced Chili Crab,FOOD,VENDOR,13,1073,802,133,0
40195,Pygmy Oil,INTERMEDIATE,TRAINER,7,308,300,102,0
40195,Pygmy Oil,INTERMEDIATE,TRAINER,5,301,300,100,0
2997,Bolt of Woolen Cloth,INTERMEDIATE,TRAINER,8,432,408,105,0
2997,Bolt of Woolen Cloth,INTERMEDIATE,TRAINER,7,423,408,103,0
22522,Superior Wizard Oil,MISC,VENDOR,1,21049,26039,80,1
22522,Superior Wizard Oil,MISC,VENDOR,1,20838,26039,80,1
22522,Superior Wizard Oil,MISC,VENDOR,1,20629,26039,79,1
22522,Superior Wizard Oil,MISC,VENDOR,1,20216,26039,77,1
22522,Superior Wizard Oil,MISC,VENDOR,1,21049,26039,80,1
24253,Cloak of Eternity,GEAR,DROP,1,473313,192006,246,0
24253,Cloak of Eternity,GEAR,DROP,1,468579,192006,244,0
24253,Cloak of Eternity,GEAR,DROP,1,454521,192006,236,0
22761,Bramblewood Belt,GEAR,VENDOR,1,18884,22849,82,1
22761,Bramblewood Belt,GEAR,VENDOR,1,18695,22849,81,1
22761,Bramblewood Belt,GEAR,VENDOR,1,18321,22849,80,1
22761,Bramblewood Belt,GEAR,VENDOR,1,17954,22849,78,1
22761,Bramblewood Belt,GEAR,VENDOR,1,18884,22849,82,1
22761,Bramblewood Belt,GEAR,VENDOR,1,18695,22849,81,1
22761,Bramblewood Belt,GEAR,VENDOR,1,18321,22849,80,1
22761,Bramblewood Belt,GEAR,VENDOR,1,17954,22849,78,1
22761,Bramblewood Belt,GEAR,VENDOR,1,18884,22849,82,1
22761,Bramblewood Belt,GEAR,VENDOR,1,18695,22849,81,1
22761,Bramblewood Belt,GEAR,VENDOR,1,18321,22849,80,1
24097,Pendant of Shadow's End,GEAR,VENDOR,1,562718,406002,138,0
24097,Pendant of Shadow's End,GEAR,VENDOR,1,557090,406002,137,0
14342,Mooncloth,INTERMEDIATE,VENDOR,12,19960,15200,131,0
14342,Mooncloth,INTERMEDIATE,VENDOR,3,19560,15200,128,0
5764,Green Silk Pack,BAG,DROP,1,24530,11722,209,0
5764,Green Silk Pack,BAG,DROP,1,24039,11722,205,0
5764,Green Silk Pack,BAG,DROP,1,24530,11722,209,0
21845,Primal Mooncloth,INTERMEDIATE,VENDOR,1,78208,64001,122,0
21845,Primal Mooncloth,INTERMEDIATE,VENDOR,7,75861,64001,118,0
24271,Spellcloth,INTERMEDIATE,VENDOR,4,72352,64001,113,0
24271,Spellcloth,INTERMEDIATE,VENDOR,9,70181,64001,109,0
4238,Linen Bag,BAG,TRAINER,1,430,366,117,0
31080,Mercurial Stone,GEAR,TRAINER,1,96000,96000,100,0
31080,Mercurial Stone,GEAR,TRAINER,1,96000,96000,100,0
21845,Primal Mooncloth,INTERMEDIATE,VENDOR,3,77216,64001,120,0
21845,Primal Mooncloth,INTERMEDIATE,VENDOR,3,74127,64001,115,0
21861,Imbued Netherweave Robe,GEAR,VENDOR,1,42123,65006,64,1
21861,Imbued Netherweave Robe,GEAR,VENDOR,1,41701,65006,64,1
21861,Imbued Netherweave Robe,GEAR,VENDOR,1,40449,65006,62,1
21861,Imbued Netherweave Robe,GEAR,VENDOR,1,42123,65006,64,1
21861,Imbued Netherweave Robe,GEAR,VENDOR,1,41701,65006,64,1
21861,Imbued Netherweave Robe,GEAR,VENDOR,1,40449,65006,62,1
21861,Imbued Netherweave Robe,GEAR,VENDOR,1,42123,65006,64,1
21861,Imbued Netherweave Robe,GEAR,VENDOR,1,41701,65006,64,1
33208,Flask of Chromatic Wonder,FLASK,VENDOR,5,43200,36000,120,0
33208,Flask of Chromatic Wonder,FLASK,VENDOR,5,42768,36000,118,0
33208,Flask of Chromatic Wonder,FLASK,VENDOR,5,41057,36000,114,0
33208,Flask of Chromatic Wonder,FLASK,VENDOR,5,43200,36000,120,0
33208,Flask of Chromatic Wonder,FLASK,VENDOR,5,42768,36000,118,0
33208,Flask of Chromatic Wonder,FLASK,VENDOR,5,41057,36000,114,0
33208,Flask of Chromatic Wonder,FLASK,VENDOR,2,43200,36000,120,0
14048,Bolt of Runecloth,INTERMEDIATE,TRAINER,2,11880,11880,100,0
14048,Bolt of Runecloth,INTERMEDIATE,TRAINER,7,11880,11880,100,0
21862,Imbued Netherweave Tunic,GEAR,VENDOR,1,82817,65006,127,0
34113,Field Repair Bot 110G,INTERMEDIATE,DROP,5,37497,48000,78,1
34113,Field Repair Bot 110G,INTERMEDIATE,DROP,5,35997,48000,74,1
34113,Field Repair Bot 110G,INTERMEDIATE,DROP,5,34557,48000,71,1
34113,Field Repair Bot 110G,INTERMEDIATE,DROP,5,37497,48000,78,1
34113,Field Repair Bot 110G,INTERMEDIATE,DROP,5,35997,48000,74,1
34113,Field Repair Bot 110G,INTERMEDIATE,DROP,3,34557,48000,71,1
34113,Field Repair Bot 110G,INTERMEDIATE,DROP,2,37497,48000,78,1
29490,Enchanted Felscale Gloves,GEAR,VENDOR,1,524076,367000,142,0
5095,Rainbow Fin Albacore,FOOD,VENDOR,10,14,12,116,0
3663,Murloc Fin Soup,FOOD,VENDOR,5,551,410,134,0
25845,Eternium Rod,INTERMEDIATE,VENDOR,1,82432,80000,103,0
25845,Eternium Rod,INTERMEDIATE,VENDOR,1,81607,80000,102,0
25845,Eternium Rod,INTERMEDIATE,VENDOR,1,82432,80000,103,0
25845,Eternium Rod,INTERMEDIATE,VENDOR,1,81607,80000,102,0
25845,Eternium Rod,INTERMEDIATE,VENDOR,1,82432,80000,103,0
25845,Eternium Rod,INTERMEDIATE,VENDOR,1,81607,80000,102,0
25845,Eternium Rod,INTERMEDIATE,VENDOR,1,82432,80000,103,0
25845,Eternium Rod,INTERMEDIATE,VENDOR,1,81607,80000,102,0
25845,Eternium Rod,INTERMEDIATE,VENDOR,1,82432,80000,103,0
25845,Eternium Rod,INTERMEDIATE,VENDOR,1,81607,80000,102,0
25845,Eternium Rod,INTERMEDIATE,VENDOR,1,82432,80000,103,0
25845,Eternium Rod,INTERMEDIATE,VENDOR,1,81607,80000,102,0
25845,Eternium Rod,INTERMEDIATE,VENDOR,1,82432,80000,103,0
25845,Eternium Rod,INTERMEDIATE,VENDOR,1,81607,80000,102,0
25845,Eternium Rod,INTERMEDIATE,VENDOR,1,82432,80000,103,0
25845,Eternium Rod,INTERMEDIATE,VENDOR,1,89688,80000,112,0
25845,Eternium Rod,INTERMEDIATE,VENDOR,1,86997,80000,108,0
25845,Eternium Rod,INTERMEDIATE,VENDOR,1,89688,80000,112,0
25845,Eternium Rod,INTERMEDIATE,VENDOR,1,86997,80000,108,0
25845,Eternium Rod,INTERMEDIATE,VENDOR,1,89688,80000,112,0
25845,Eternium Rod,INTERMEDIATE,VENDOR,1,86997,80000,108,0
23785,Hardened Adamantite Tube,INTERMEDIATE,TRAINER,1,2,3,66,1
23785,Hardened Adamantite Tube,INTERMEDIATE,TRAINER,8,1,3,33,1
23787,Felsteel Stabilizer,INTERMEDIATE,TRAINER,7,1,2,50,1
23787,Felsteel Stabilizer,INTERMEDIATE,TRAINER,1,1,2,50,1
14046,Runecloth Bag,BAG,VENDOR,1,84552,61005,138,0
23787,Felsteel Stabilizer,INTERMEDIATE,TRAINER,6,1,2,50,1
23575,Lesser Ward of Shielding,MISC,VENDOR,5,25272,18000,140,0
23787,Felsteel Stabilizer,INTERMEDIATE,TRAINER,5,1,2,50,1
23787,Felsteel Stabilizer,INTERMEDIATE,TRAINER,2,1,2,50,1
4405,Crude Scope,MISC,TRAINER,1,327,276,118,0
23519,Felsteel Helm,GEAR,DROP,1,23,8,287,0
23519,Felsteel Helm,GEAR,DROP,1,22,8,275,0
8172,Cured Thick Hide,INTERMEDIATE,TRAINER,5,6249,4545,137,0
8172,Cured Thick Hide,INTERMEDIATE,TRAINER,10,6186,4545,136,0
24252,Cloak of the Black Void,GEAR,DROP,1,383666,192006,199,0
32836,Purified Shadow Pearl,GEM_CUT,TRAINER,1,7573,9280,81,1
32836,Purified Shadow Pearl,GEM_CUT,TRAINER,1,7497,9280,80,1
32836,Purified Shadow Pearl,GEM_CUT,TRAINER,1,7272,9280,78,1
32836,Purified Shadow Pearl,GEM_CUT,TRAINER,1,7199,9280,77,1
32836,Purified Shadow Pearl,GEM_CUT,TRAINER,1,7573,9280,81,1
32836,Purified Shadow Pearl,GEM_CUT,TRAINER,1,7497,9280,80,1
32836,Purified Shadow Pearl,GEM_CUT,TRAINER,1,7272,9280,78,1
32836,Purified Shadow Pearl,GEM_CUT,TRAINER,1,7199,9280,77,1
32836,Purified Shadow Pearl,GEM_CUT,TRAINER,1,7573,9280,81,1
32836,Purified Shadow Pearl,GEM_CUT,TRAINER,1,7497,9280,80,1
24273,Mystic Spellthread,MISC,VENDOR,2,228310,165000,138,0
21342,Core Felcloth Bag,BAG,DROP,1,618103,353768,174,0
21342,Core Felcloth Bag,BAG,DROP,1,593378,353768,167,0
21342,Core Felcloth Bag,BAG,DROP,1,563709,353768,159,0
10507,Solid Dynamite,INTERMEDIATE,TRAINER,14,1118,885,126,0
10507,Solid Dynamite,INTERMEDIATE,TRAINER,2,1084,885,122,0
5081,Kodo Hide Bag,BAG,UNSOURCED,1,2031,853,238,0
5081,Kodo Hide Bag,BAG,UNSOURCED,1,1929,853,226,0
5081,Kodo Hide Bag,BAG,UNSOURCED,1,1871,853,219,0
22573,Mote of Earth,INTERMEDIATE,TRAINER,10,3115,3200,97,1
22573,Mote of Earth,INTERMEDIATE,TRAINER,10,2959,3200,92,1
22573,Mote of Earth,INTERMEDIATE,TRAINER,10,2811,3200,87,1
22573,Mote of Earth,INTERMEDIATE,TRAINER,10,3115,3200,97,1
22573,Mote of Earth,INTERMEDIATE,TRAINER,10,2959,3200,92,1
22573,Mote of Earth,INTERMEDIATE,TRAINER,10,2811,3200,87,1
22573,Mote of Earth,INTERMEDIATE,TRAINER,1,3115,3200,97,1
22573,Mote of Earth,INTERMEDIATE,TRAINER,9,2959,3200,92,1
32067,Elixir of Draenic Wisdom,ELIXIR_POT,TRAINER,19,10712,10000,107,0
10050,Mageweave Bag,BAG,TRAINER,1,16992,16992,100,0
25650,Knothide Armor Kit,MISC,TRAINER,6,18156,20000,90,1
33093,Mana Potion Injector,ELIXIR_POT,DROP,20,30481,14400,211,0
33093,Mana Potion Injector,ELIXIR_POT,DROP,20,28956,14400,201,0
33093,Mana Potion Injector,ELIXIR_POT,DROP,5,30481,14400,211,0
33093,Mana Potion Injector,ELIXIR_POT,DROP,20,28956,14400,201,0
33093,Mana Potion Injector,ELIXIR_POT,DROP,20,30481,14400,211,0
33093,Mana Potion Injector,ELIXIR_POT,DROP,20,28956,14400,201,0
33093,Mana Potion Injector,ELIXIR_POT,DROP,20,30481,14400,211,0
33093,Mana Potion Injector,ELIXIR_POT,DROP,20,28956,14400,201,0
33093,Mana Potion Injector,ELIXIR_POT,DROP,5,30481,14400,211,0
33093,Mana Potion Injector,ELIXIR_POT,DROP,5,28956,14400,201,0
33093,Mana Potion Injector,ELIXIR_POT,DROP,5,30481,14400,211,0
33093,Mana Potion Injector,ELIXIR_POT,DROP,5,28956,14400,201,0
33093,Mana Potion Injector,ELIXIR_POT,DROP,15,30481,14400,211,0
22445,Arcane Dust,INTERMEDIATE,UNSOURCED,20,4330,5013,86,1
22445,Arcane Dust,INTERMEDIATE,UNSOURCED,20,4156,5013,82,1
22445,Arcane Dust,INTERMEDIATE,UNSOURCED,2,4330,5013,86,1
4339,Bolt of Mageweave,INTERMEDIATE,TRAINER,1,5720,5050,113,0
4339,Bolt of Mageweave,INTERMEDIATE,TRAINER,8,5491,5050,108,0
34330,Heavy Knothide Armor Kit,MISC,TRAINER,10,58830,75000,78,1
34330,Heavy Knothide Armor Kit,MISC,TRAINER,2,56476,75000,75,1
13512,Flask of Supreme Power,FLASK,DROP,5,29297,11430,256,0
13512,Flask of Supreme Power,FLASK,DROP,7,29004,11430,253,0
31676,Fel Regeneration Potion,ELIXIR_POT,DROP,18,56962,25000,227,0
21887,Knothide Leather,INTERMEDIATE,TRAINER,12,9225,7500,123,0
21887,Knothide Leather,INTERMEDIATE,TRAINER,1,8948,7500,119,0
31080,Mercurial Stone,GEAR,TRAINER,1,99724,96000,103,0
31080,Mercurial Stone,GEAR,TRAINER,1,96732,96000,100,0
31080,Mercurial Stone,GEAR,TRAINER,1,99724,96000,103,0
14048,Bolt of Runecloth,INTERMEDIATE,TRAINER,3,15780,11880,132,0
14048,Bolt of Runecloth,INTERMEDIATE,TRAINER,7,15306,11880,128,0
14048,Bolt of Runecloth,INTERMEDIATE,TRAINER,5,13712,11880,115,0
14048,Bolt of Runecloth,INTERMEDIATE,TRAINER,4,13437,11880,113,0
41367,Dark Jade Focusing Lens,MISC,TRAINER,1,21800,20000,109,0
41367,Dark Jade Focusing Lens,MISC,TRAINER,1,21364,20000,106,0
41367,Dark Jade Focusing Lens,MISC,TRAINER,1,21150,20000,105,0
41367,Dark Jade Focusing Lens,MISC,TRAINER,1,20515,20000,102,0
41367,Dark Jade Focusing Lens,MISC,TRAINER,1,21800,20000,109,0
22854,Flask of Relentless Assault,FLASK,UNSOURCED,20,119808,45000,266,0
22854,Flask of Relentless Assault,FLASK,UNSOURCED,18,113817,45000,252,0
14048,Bolt of Runecloth,INTERMEDIATE,TRAINER,4,14701,11880,123,0
14048,Bolt of Runecloth,INTERMEDIATE,TRAINER,1,14259,11880,120,0
44958,Ethereal Oil,INTERMEDIATE,TRAINER,5,97,96,101,0
44958,Ethereal Oil,INTERMEDIATE,TRAINER,8,96,96,100,0
21841,Netherweave Bag,BAG,TRAINER,1,120977,101000,119,0
21841,Netherweave Bag,BAG,TRAINER,1,119767,101000,118,0
22449,Large Prismatic Shard,INTERMEDIATE,VENDOR,9,176904,240000,73,1
22449,Large Prismatic Shard,INTERMEDIATE,VENDOR,11,171596,240000,71,1
24270,Bag of Jewels,BAG,VENDOR,1,16120,20006,80,1
24270,Bag of Jewels,BAG,VENDOR,1,15636,20006,78,1
24270,Bag of Jewels,BAG,VENDOR,1,15479,20006,77,1
24270,Bag of Jewels,BAG,VENDOR,1,14705,20006,73,1
24270,Bag of Jewels,BAG,VENDOR,1,16120,20006,80,1
24270,Bag of Jewels,BAG,VENDOR,1,15636,20006,78,1
24270,Bag of Jewels,BAG,VENDOR,1,15479,20006,77,1
24270,Bag of Jewels,BAG,VENDOR,1,14705,20006,73,1
24270,Bag of Jewels,BAG,VENDOR,1,16120,20006,80,1
24270,Bag of Jewels,BAG,VENDOR,1,15636,20006,78,1
24270,Bag of Jewels,BAG,VENDOR,1,15479,20006,77,1
24270,Bag of Jewels,BAG,VENDOR,1,14705,20006,73,1
24270,Bag of Jewels,BAG,VENDOR,1,16120,20006,80,1
4305,Bolt of Silk Cloth,INTERMEDIATE,TRAINER,6,2376,2376,100,0
4305,Bolt of Silk Cloth,INTERMEDIATE,TRAINER,3,2376,2376,100,0
33208,Flask of Chromatic Wonder,FLASK,VENDOR,5,41900,36000,116,0
33208,Flask of Chromatic Wonder,FLASK,VENDOR,5,41481,36000,115,0
33208,Flask of Chromatic Wonder,FLASK,VENDOR,5,39821,36000,110,0
33208,Flask of Chromatic Wonder,FLASK,VENDOR,17,38228,36000,106,0
20963,Mithril Filigree,INTERMEDIATE,TRAINER,3,3584,3012,118,0
20963,Mithril Filigree,INTERMEDIATE,TRAINER,9,3548,3012,117,0
21844,Bolt of Soulcloth,INTERMEDIATE,VENDOR,9,154627,144000,107,0
22248,Enchanted Runecloth Bag,BAG,VENDOR,1,715437,551525,129,0
22248,Enchanted Runecloth Bag,BAG,VENDOR,1,693973,551525,125,0
29529,Drums of Battle,MISC,VENDOR,1,120771,162000,74,1
29529,Drums of Battle,MISC,VENDOR,1,118355,162000,73,1
29529,Drums of Battle,MISC,VENDOR,1,120771,162000,74,1
29529,Drums of Battle,MISC,VENDOR,1,118355,162000,73,1
29529,Drums of Battle,MISC,VENDOR,1,120771,162000,74,1
29529,Drums of Battle,MISC,VENDOR,1,118355,162000,73,1
29529,Drums of Battle,MISC,VENDOR,1,120771,162000,74,1
25676,Wild Draenish Vest,GEAR,TRAINER,1,67392,90000,74,1
25676,Wild Draenish Vest,GEAR,TRAINER,1,66044,90000,73,1
25676,Wild Draenish Vest,GEAR,TRAINER,1,62741,90000,69,1
25676,Wild Draenish Vest,GEAR,TRAINER,1,67392,90000,74,1
25676,Wild Draenish Vest,GEAR,TRAINER,1,66044,90000,73,1
25676,Wild Draenish Vest,GEAR,TRAINER,1,62741,90000,69,1
25676,Wild Draenish Vest,GEAR,TRAINER,1,67392,90000,74,1
25676,Wild Draenish Vest,GEAR,TRAINER,1,66044,90000,73,1
25676,Wild Draenish Vest,GEAR,TRAINER,1,62741,90000,69,1
3240,Coarse Weightstone,MISC,TRAINER,3,228,225,101,0
42421,Shadow Jade Focusing Lens,MISC,TRAINER,1,28576,40000,71,1
42421,Shadow Jade Focusing Lens,MISC,TRAINER,1,28004,40000,70,1
42421,Shadow Jade Focusing Lens,MISC,TRAINER,1,26603,40000,66,1
42421,Shadow Jade Focusing Lens,MISC,TRAINER,1,25272,40000,63,1
42421,Shadow Jade Focusing Lens,MISC,TRAINER,1,28576,40000,71,1
31080,Mercurial Stone,GEAR,TRAINER,1,111964,96000,116,0
31080,Mercurial Stone,GEAR,TRAINER,1,109724,96000,114,0
40133,Purified Dreadstone,GEM_CUT,VENDOR,1,270000,250000,108,0
40133,Purified Dreadstone,GEM_CUT,VENDOR,1,256500,250000,102,0
24271,Spellcloth,INTERMEDIATE,VENDOR,4,89991,64001,140,0
24271,Spellcloth,INTERMEDIATE,VENDOR,6,86391,64001,134,0
33093,Mana Potion Injector,ELIXIR_POT,DROP,5,35002,14400,243,0
33093,Mana Potion Injector,ELIXIR_POT,DROP,5,33251,14400,230,0
33093,Mana Potion Injector,ELIXIR_POT,DROP,20,32253,14400,223,0
33093,Mana Potion Injector,ELIXIR_POT,DROP,5,31607,14400,219,0
33093,Mana Potion Injector,ELIXIR_POT,DROP,5,35002,14400,243,0
33093,Mana Potion Injector,ELIXIR_POT,DROP,20,33251,14400,230,0
33093,Mana Potion Injector,ELIXIR_POT,DROP,20,32253,14400,223,0
33093,Mana Potion Injector,ELIXIR_POT,DROP,20,31607,14400,219,0
33093,Mana Potion Injector,ELIXIR_POT,DROP,20,35002,14400,243,0
33093,Mana Potion Injector,ELIXIR_POT,DROP,20,33251,14400,230,0
33093,Mana Potion Injector,ELIXIR_POT,DROP,5,32253,14400,223,0
33093,Mana Potion Injector,ELIXIR_POT,DROP,20,31607,14400,219,0
33093,Mana Potion Injector,ELIXIR_POT,DROP,5,35002,14400,243,0
33093,Mana Potion Injector,ELIXIR_POT,DROP,20,33251,14400,230,0
33093,Mana Potion Injector,ELIXIR_POT,DROP,20,32253,14400,223,0
33093,Mana Potion Injector,ELIXIR_POT,DROP,5,31607,14400,219,0
33093,Mana Potion Injector,ELIXIR_POT,DROP,5,35002,14400,243,0
33093,Mana Potion Injector,ELIXIR_POT,DROP,20,33251,14400,230,0
33093,Mana Potion Injector,ELIXIR_POT,DROP,20,32253,14400,223,0
33093,Mana Potion Injector,ELIXIR_POT,DROP,20,31607,14400,219,0
24260,Manaweave Cloak,GEAR,DROP,1,1757350,944000,186,0
24260,Manaweave Cloak,GEAR,DROP,1,1739776,944000,184,0
34490,Bag of Many Hides,BAG,DROP,1,1625162,627500,258,0
34490,Bag of Many Hides,BAG,DROP,1,1576407,627500,251,0
21843,Imbued Netherweave Bag,BAG,VENDOR,1,68098,60005,113,0
21843,Imbued Netherweave Bag,BAG,VENDOR,1,67417,60005,112,0
21843,Imbued Netherweave Bag,BAG,VENDOR,1,64720,60005,107,0
13460,Greater Holy Protection Potion,ELIXIR_POT,UNSOURCED,9,8845,3432,257,0
23748,Ornate Khorium Rifle,GEAR,DROP,1,1086322,744006,146,0
23748,Ornate Khorium Rifle,GEAR,DROP,1,1032005,744006,138,0
23748,Ornate Khorium Rifle,GEAR,DROP,1,1011364,744006,135,0
27660,Talbuk Steak,FOOD,VENDOR,15,1701,1200,141,0
12190,Dreamless Sleep Potion,ELIXIR_POT,TRAINER,5,5900,5900,100,0
12190,Dreamless Sleep Potion,ELIXIR_POT,TRAINER,5,5900,5900,100,0
12190,Dreamless Sleep Potion,ELIXIR_POT,TRAINER,5,5900,5900,100,0
12190,Dreamless Sleep Potion,ELIXIR_POT,TRAINER,2,5900,5900,100,0
3825,Elixir of Fortitude,ELIXIR_POT,TRAINER,5,1324,1181,112,0
32410,Thundering Skyfire Diamond,GEM_CUT,DROP,1,594000,360000,165,0
5477,Strider Stew,FOOD,VENDOR,20,36,30,120,0
5477,Strider Stew,FOOD,VENDOR,6,35,30,116,0
18232,Field Repair Bot 74A,INTERMEDIATE,UNSOURCED,5,68614,34069,201,0
18232,Field Repair Bot 74A,INTERMEDIATE,UNSOURCED,2,65183,34069,191,0
18232,Field Repair Bot 74A,INTERMEDIATE,UNSOURCED,1,64531,34069,189,0
21844,Bolt of Soulcloth,INTERMEDIATE,VENDOR,2,171662,144000,119,0
21844,Bolt of Soulcloth,INTERMEDIATE,VENDOR,4,166512,144000,115,0
31080,Mercurial Stone,GEAR,TRAINER,1,122428,96000,127,0
31080,Mercurial Stone,GEAR,TRAINER,1,118755,96000,123,0
31080,Mercurial Stone,GEAR,TRAINER,1,122428,96000,127,0
33092,Healing Potion Injector,ELIXIR_POT,DROP,5,30613,18400,166,0
33092,Healing Potion Injector,ELIXIR_POT,DROP,5,30000,18400,163,0
33092,Healing Potion Injector,ELIXIR_POT,DROP,5,29700,18400,161,0
33092,Healing Potion Injector,ELIXIR_POT,DROP,20,30613,18400,166,0
33092,Healing Potion Injector,ELIXIR_POT,DROP,20,30000,18400,163,0
33092,Healing Potion Injector,ELIXIR_POT,DROP,5,29700,18400,161,0
33092,Healing Potion Injector,ELIXIR_POT,DROP,20,30613,18400,166,0
33092,Healing Potion Injector,ELIXIR_POT,DROP,20,30000,18400,163,0
33092,Healing Potion Injector,ELIXIR_POT,DROP,20,29700,18400,161,0
33092,Healing Potion Injector,ELIXIR_POT,DROP,5,30613,18400,166,0
33092,Healing Potion Injector,ELIXIR_POT,DROP,5,30000,18400,163,0
33092,Healing Potion Injector,ELIXIR_POT,DROP,5,29700,18400,161,0
33092,Healing Potion Injector,ELIXIR_POT,DROP,20,30613,18400,166,0
33092,Healing Potion Injector,ELIXIR_POT,DROP,5,30000,18400,163,0
33092,Healing Potion Injector,ELIXIR_POT,DROP,5,29700,18400,161,0
33092,Healing Potion Injector,ELIXIR_POT,DROP,5,30613,18400,166,0
33092,Healing Potion Injector,ELIXIR_POT,DROP,20,30000,18400,163,0
33092,Healing Potion Injector,ELIXIR_POT,DROP,5,29700,18400,161,0
33092,Healing Potion Injector,ELIXIR_POT,DROP,5,30613,18400,166,0
33092,Healing Potion Injector,ELIXIR_POT,DROP,20,30000,18400,163,0
33092,Healing Potion Injector,ELIXIR_POT,DROP,20,29700,18400,161,0
33092,Healing Potion Injector,ELIXIR_POT,DROP,5,30613,18400,166,0
33092,Healing Potion Injector,ELIXIR_POT,DROP,20,30000,18400,163,0
33092,Healing Potion Injector,ELIXIR_POT,DROP,20,29700,18400,161,0
33092,Healing Potion Injector,ELIXIR_POT,DROP,15,30613,18400,166,0
21887,Knothide Leather,INTERMEDIATE,TRAINER,2,9234,7500,123,0
21887,Knothide Leather,INTERMEDIATE,TRAINER,7,9141,7500,121,0
31080,Mercurial Stone,GEAR,TRAINER,1,101376,96000,105,0
23785,Hardened Adamantite Tube,INTERMEDIATE,TRAINER,9,2,3,66,1
23785,Hardened Adamantite Tube,INTERMEDIATE,TRAINER,1,1,3,33,1
23787,Felsteel Stabilizer,INTERMEDIATE,TRAINER,7,1,2,50,1
23787,Felsteel Stabilizer,INTERMEDIATE,TRAINER,5,1,2,50,1
22445,Arcane Dust,INTERMEDIATE,UNSOURCED,13,3368,5013,67,1
22445,Arcane Dust,INTERMEDIATE,UNSOURCED,5,3300,5013,65,1
5764,Green Silk Pack,BAG,DROP,1,23892,11722,203,0
23787,Felsteel Stabilizer,INTERMEDIATE,TRAINER,5,1,2,50,1
23787,Felsteel Stabilizer,INTERMEDIATE,TRAINER,4,1,2,50,1
31080,Mercurial Stone,GEAR,TRAINER,1,96000,96000,100,0
31080,Mercurial Stone,GEAR,TRAINER,1,96000,96000,100,0
31080,Mercurial Stone,GEAR,TRAINER,1,96000,96000,100,0
44958,Ethereal Oil,INTERMEDIATE,TRAINER,6,83,96,86,1
44958,Ethereal Oil,INTERMEDIATE,TRAINER,7,81,96,84,1
23504,Adamantite Dagger,GEAR,VENDOR,1,204571,136000,150,0
10050,Mageweave Bag,BAG,TRAINER,1,18362,16992,108,0
10050,Mageweave Bag,BAG,TRAINER,1,17811,16992,104,0
40159,Stark Ametrine,GEM_CUT,VENDOR,1,274400,250000,109,0
40159,Stark Ametrine,GEM_CUT,VENDOR,1,271656,250000,108,0
14342,Mooncloth,INTERMEDIATE,VENDOR,2,20212,15200,132,0
14342,Mooncloth,INTERMEDIATE,VENDOR,3,20009,15200,131,0
34482,Leatherworker's Satchel,BAG,TRAINER,1,291084,245000,118,0
34482,Leatherworker's Satchel,BAG,TRAINER,1,285262,245000,116,0
34482,Leatherworker's Satchel,BAG,TRAINER,1,273851,245000,111,0
13452,Elixir of the Mongoose,ELIXIR_POT,DROP,5,7546,4790,157,0
13452,Elixir of the Mongoose,ELIXIR_POT,DROP,12,7244,4790,151,0
24270,Bag of Jewels,BAG,VENDOR,1,17252,20006,86,1
24270,Bag of Jewels,BAG,VENDOR,1,16734,20006,83,1
24270,Bag of Jewels,BAG,VENDOR,1,16566,20006,82,1
24270,Bag of Jewels,BAG,VENDOR,1,17252,20006,86,1
24270,Bag of Jewels,BAG,VENDOR,1,16734,20006,83,1
24270,Bag of Jewels,BAG,VENDOR,1,16566,20006,82,1
33092,Healing Potion Injector,ELIXIR_POT,DROP,5,32391,18400,176,0
33092,Healing Potion Injector,ELIXIR_POT,DROP,5,31419,18400,170,0
33092,Healing Potion Injector,ELIXIR_POT,DROP,5,30162,18400,163,0
33092,Healing Potion Injector,ELIXIR_POT,DROP,5,32391,18400,176,0
33092,Healing Potion Injector,ELIXIR_POT,DROP,5,31419,18400,170,0
33092,Healing Potion Injector,ELIXIR_POT,DROP,5,30162,18400,163,0
33092,Healing Potion Injector,ELIXIR_POT,DROP,5,32391,18400,176,0
33092,Healing Potion Injector,ELIXIR_POT,DROP,20,31419,18400,170,0
33092,Healing Potion Injector,ELIXIR_POT,DROP,20,30162,18400,163,0
33092,Healing Potion Injector,ELIXIR_POT,DROP,20,32391,18400,176,0
33092,Healing Potion Injector,ELIXIR_POT,DROP,20,31419,18400,170,0
33092,Healing Potion Injector,ELIXIR_POT,DROP,5,30162,18400,163,0
33092,Healing Potion Injector,ELIXIR_POT,DROP,5,32391,18400,176,0
33092,Healing Potion Injector,ELIXIR_POT,DROP,5,31419,18400,170,0
33092,Healing Potion Injector,ELIXIR_POT,DROP,10,30162,18400,163,0
6338,Silver Rod,INTERMEDIATE,TRAINER,1,386,335,115,0
6338,Silver Rod,INTERMEDIATE,TRAINER,1,374,335,111,0
6338,Silver Rod,INTERMEDIATE,TRAINER,1,386,335,115,0
6338,Silver Rod,INTERMEDIATE,TRAINER,1,374,335,111,0
6338,Silver Rod,INTERMEDIATE,TRAINER,1,386,335,115,0
6338,Silver Rod,INTERMEDIATE,TRAINER,1,374,335,111,0
6338,Silver Rod,INTERMEDIATE,TRAINER,1,386,335,115,0
6338,Silver Rod,INTERMEDIATE,TRAINER,1,374,335,111,0
6338,Silver Rod,INTERMEDIATE,TRAINER,1,386,335,115,0
6338,Silver Rod,INTERMEDIATE,TRAINER,1,374,335,111,0
40159,Stark Ametrine,GEM_CUT,VENDOR,1,321300,250000,128,0
40159,Stark Ametrine,GEM_CUT,VENDOR,1,308448,250000,123,0
40159,Stark Ametrine,GEM_CUT,VENDOR,1,293025,250000,117,0
23787,Felsteel Stabilizer,INTERMEDIATE,TRAINER,5,1,2,50,1
23787,Felsteel Stabilizer,INTERMEDIATE,TRAINER,9,1,2,50,1
38225,Mycah's Botanical Bag,BAG,VENDOR,1,231580,272000,85,1
38225,Mycah's Botanical Bag,BAG,VENDOR,1,224632,272000,82,1
38225,Mycah's Botanical Bag,BAG,VENDOR,1,215646,272000,79,1
38225,Mycah's Botanical Bag,BAG,VENDOR,1,204863,272000,75,1
38225,Mycah's Botanical Bag,BAG,VENDOR,1,231580,272000,85,1
38225,Mycah's Botanical Bag,BAG,VENDOR,1,224632,272000,82,1
38225,Mycah's Botanical Bag,BAG,VENDOR,1,215646,272000,79,1
38225,Mycah's Botanical Bag,BAG,VENDOR,1,204863,272000,75,1
38225,Mycah's Botanical Bag,BAG,VENDOR,1,231580,272000,85,1
38225,Mycah's Botanical Bag,BAG,VENDOR,1,224632,272000,82,1
22252,Satchel of Cenarius,BAG,VENDOR,1,223303,154900,144,0
22252,Satchel of Cenarius,BAG,VENDOR,1,212137,154900,136,0
22854,Flask of Relentless Assault,FLASK,UNSOURCED,5,69993,45000,155,0
22854,Flask of Relentless Assault,FLASK,UNSOURCED,5,68593,45000,152,0
22854,Flask of Relentless Assault,FLASK,UNSOURCED,5,65163,45000,144,0
22854,Flask of Relentless Assault,FLASK,UNSOURCED,1,69993,45000,155,0
23785,Hardened Adamantite Tube,INTERMEDIATE,TRAINER,4,2,3,66,1
23785,Hardened Adamantite Tube,INTERMEDIATE,TRAINER,4,1,3,33,1
22573,Mote of Earth,INTERMEDIATE,TRAINER,10,2396,3200,74,1
22573,Mote of Earth,INTERMEDIATE,TRAINER,10,2324,3200,72,1
22573,Mote of Earth,INTERMEDIATE,TRAINER,10,2207,3200,68,1
22573,Mote of Earth,INTERMEDIATE,TRAINER,10,2118,3200,66,1
22573,Mote of Earth,INTERMEDIATE,TRAINER,10,2396,3200,74,1
22573,Mote of Earth,INTERMEDIATE,TRAINER,10,2324,3200,72,1
22573,Mote of Earth,INTERMEDIATE,TRAINER,10,2207,3200,68,1
22573,Mote of Earth,INTERMEDIATE,TRAINER,10,2118,3200,66,1
22573,Mote of Earth,INTERMEDIATE,TRAINER,10,2396,3200,74,1
22573,Mote of Earth,INTERMEDIATE,TRAINER,10,2324,3200,72,1
22573,Mote of Earth,INTERMEDIATE,TRAINER,10,2207,3200,68,1
22573,Mote of Earth,INTERMEDIATE,TRAINER,10,2118,3200,66,1
22573,Mote of Earth,INTERMEDIATE,TRAINER,5,2396,3200,74,1
22573,Mote of Earth,INTERMEDIATE,TRAINER,5,2324,3200,72,1
3382,Weak Troll's Blood Elixir,ELIXIR_POT,TRAINER,5,239,207,115,0
3382,Weak Troll's Blood Elixir,ELIXIR_POT,TRAINER,7,229,207,110,0
14048,Bolt of Runecloth,INTERMEDIATE,TRAINER,15,13405,11880,112,0
33093,Mana Potion Injector,ELIXIR_POT,DROP,5,24960,14400,173,0
33093,Mana Potion Injector,ELIXIR_POT,DROP,20,24460,14400,169,0
33093,Mana Potion Injector,ELIXIR_POT,DROP,5,23726,14400,164,0
33093,Mana Potion Injector,ELIXIR_POT,DROP,20,24960,14400,173,0
33093,Mana Potion Injector,ELIXIR_POT,DROP,5,24460,14400,169,0
33093,Mana Potion Injector,ELIXIR_POT,DROP,20,23726,14400,164,0
33093,Mana Potion Injector,ELIXIR_POT,DROP,5,24960,14400,173,0
33093,Mana Potion Injector,ELIXIR_POT,DROP,5,24460,14400,169,0
33093,Mana Potion Injector,ELIXIR_POT,DROP,20,23726,14400,164,0
33093,Mana Potion Injector,ELIXIR_POT,DROP,5,24960,14400,173,0
33093,Mana Potion Injector,ELIXIR_POT,DROP,20,24460,14400,169,0
33093,Mana Potion Injector,ELIXIR_POT,DROP,20,23726,14400,164,0
33093,Mana Potion Injector,ELIXIR_POT,DROP,20,24960,14400,173,0
33093,Mana Potion Injector,ELIXIR_POT,DROP,20,24460,14400,169,0
33093,Mana Potion Injector,ELIXIR_POT,DROP,20,23726,14400,164,0
33093,Mana Potion Injector,ELIXIR_POT,DROP,5,24960,14400,173,0
33093,Mana Potion Injector,ELIXIR_POT,DROP,5,24460,14400,169,0
22449,Large Prismatic Shard,INTERMEDIATE,VENDOR,20,185712,240000,77,1
22449,Large Prismatic Shard,INTERMEDIATE,VENDOR,7,183854,240000,76,1
22449,Large Prismatic Shard,INTERMEDIATE,VENDOR,1,185712,240000,77,1
12655,Enchanted Thorium Bar,INTERMEDIATE,TRAINER,5,36825,36825,100,0
33092,Healing Potion Injector,ELIXIR_POT,DROP,20,51207,18400,278,0
33092,Healing Potion Injector,ELIXIR_POT,DROP,5,48646,18400,264,0
33092,Healing Potion Injector,ELIXIR_POT,DROP,20,48159,18400,261,0
33092,Healing Potion Injector,ELIXIR_POT,DROP,5,47677,18400,259,0
33092,Healing Potion Injector,ELIXIR_POT,DROP,20,51207,18400,278,0
33092,Healing Potion Injector,ELIXIR_POT,DROP,20,48646,18400,264,0
33092,Healing Potion Injector,ELIXIR_POT,DROP,5,48159,18400,261,0
33092,Healing Potion Injector,ELIXIR_POT,DROP,20,47677,18400,259,0
33092,Healing Potion Injector,ELIXIR_POT,DROP,5,51207,18400,278,0
33092,Healing Potion Injector,ELIXIR_POT,DROP,20,48646,18400,264,0
33092,Healing Potion Injector,ELIXIR_POT,DROP,20,48159,18400,261,0
33092,Healing Potion Injector,ELIXIR_POT,DROP,20,47677,18400,259,0
33092,Healing Potion Injector,ELIXIR_POT,DROP,20,51207,18400,278,0
33092,Healing Potion Injector,ELIXIR_POT,DROP,5,48646,18400,264,0
33092,Healing Potion Injector,ELIXIR_POT,DROP,20,48159,18400,261,0
33092,Healing Potion Injector,ELIXIR_POT,DROP,5,47677,18400,259,0
33092,Healing Potion Injector,ELIXIR_POT,DROP,5,51207,18400,278,0
33092,Healing Potion Injector,ELIXIR_POT,DROP,5,48646,18400,264,0
33092,Healing Potion Injector,ELIXIR_POT,DROP,20,48159,18400,261,0
33092,Healing Potion Injector,ELIXIR_POT,DROP,20,47677,18400,259,0
33092,Healing Potion Injector,ELIXIR_POT,DROP,5,51207,18400,278,0
33092,Healing Potion Injector,ELIXIR_POT,DROP,5,48646,18400,264,0
33092,Healing Potion Injector,ELIXIR_POT,DROP,5,48159,18400,261,0
33092,Healing Potion Injector,ELIXIR_POT,DROP,20,47677,18400,259,0
33092,Healing Potion Injector,ELIXIR_POT,DROP,5,51207,18400,278,0
33092,Healing Potion Injector,ELIXIR_POT,DROP,5,48646,18400,264,0
33092,Healing Potion Injector,ELIXIR_POT,DROP,5,48159,18400,261,0
33092,Healing Potion Injector,ELIXIR_POT,DROP,5,47677,18400,259,0
33092,Healing Potion Injector,ELIXIR_POT,DROP,20,51207,18400,278,0
33092,Healing Potion Injector,ELIXIR_POT,DROP,5,48646,18400,264,0
33092,Healing Potion Injector,ELIXIR_POT,DROP,5,48159,18400,261,0
33092,Healing Potion Injector,ELIXIR_POT,DROP,20,47677,18400,259,0
33092,Healing Potion Injector,ELIXIR_POT,DROP,15,51207,18400,278,0
14046,Runecloth Bag,BAG,VENDOR,1,81660,61005,133,0
22449,Large Prismatic Shard,INTERMEDIATE,VENDOR,20,178224,240000,74,1
22449,Large Prismatic Shard,INTERMEDIATE,VENDOR,1,174659,240000,72,1
22449,Large Prismatic Shard,INTERMEDIATE,VENDOR,9,178224,240000,74,1
12644,Dense Grinding Stone,INTERMEDIATE,TRAINER,6,6842,5760,118,0
12644,Dense Grinding Stone,INTERMEDIATE,TRAINER,9,6499,5760,112,0
22449,Large Prismatic Shard,INTERMEDIATE,VENDOR,20,248520,240000,103,1
22449,Large Prismatic Shard,INTERMEDIATE,VENDOR,5,243549,240000,101,1
22449,Large Prismatic Shard,INTERMEDIATE,VENDOR,1,233807,240000,97,1
24272,Shadowcloth,INTERMEDIATE,VENDOR,5,82740,64001,129,0
24272,Shadowcloth,INTERMEDIATE,VENDOR,2,79430,64001,124,0
44958,Ethereal Oil,INTERMEDIATE,TRAINER,5,83,96,86,1
44958,Ethereal Oil,INTERMEDIATE,TRAINER,7,78,96,81,1
22861,Flask of Blinding Light,FLASK,UNSOURCED,5,98862,52000,190,0
22861,Flask of Blinding Light,FLASK,UNSOURCED,9,93918,52000,180,0
31080,Mercurial Stone,GEAR,TRAINER,1,120806,96000,125,0
11144,Truesilver Rod,INTERMEDIATE,TRAINER,1,5890,4720,124,0
11144,Truesilver Rod,INTERMEDIATE,TRAINER,1,5595,4720,118,0
11144,Truesilver Rod,INTERMEDIATE,TRAINER,1,5371,4720,113,0
11144,Truesilver Rod,INTERMEDIATE,TRAINER,1,5890,4720,124,0
11144,Truesilver Rod,INTERMEDIATE,TRAINER,1,5595,4720,118,0
11144,Truesilver Rod,INTERMEDIATE,TRAINER,1,5371,4720,113,0
11144,Truesilver Rod,INTERMEDIATE,TRAINER,1,5890,4720,124,0
11144,Truesilver Rod,INTERMEDIATE,TRAINER,1,5595,4720,118,0
11144,Truesilver Rod,INTERMEDIATE,TRAINER,1,5371,4720,113,0
11144,Truesilver Rod,INTERMEDIATE,TRAINER,1,5890,4720,124,0
11144,Truesilver Rod,INTERMEDIATE,TRAINER,1,5595,4720,118,0
11144,Truesilver Rod,INTERMEDIATE,TRAINER,1,5371,4720,113,0
11144,Truesilver Rod,INTERMEDIATE,TRAINER,1,5890,4720,124,0
2997,Bolt of Woolen Cloth,INTERMEDIATE,TRAINER,2,483,408,118,0
2997,Bolt of Woolen Cloth,INTERMEDIATE,TRAINER,7,463,408,113,0
31080,Mercurial Stone,GEAR,TRAINER,1,114057,96000,118,0
21887,Knothide Leather,INTERMEDIATE,TRAINER,2,8700,7500,116,0
21887,Knothide Leather,INTERMEDIATE,TRAINER,4,8526,7500,113,0
33093,Mana Potion Injector,ELIXIR_POT,DROP,5,28274,14400,196,0
33093,Mana Potion Injector,ELIXIR_POT,DROP,5,27143,14400,188,0
33093,Mana Potion Injector,ELIXIR_POT,DROP,20,28274,14400,196,0
33093,Mana Potion Injector,ELIXIR_POT,DROP,5,27143,14400,188,0
33093,Mana Potion Injector,ELIXIR_POT,DROP,20,28274,14400,196,0
33093,Mana Potion Injector,ELIXIR_POT,DROP,20,27143,14400,188,0
33093,Mana Potion Injector,ELIXIR_POT,DROP,5,28274,14400,196,0
33093,Mana Potion Injector,ELIXIR_POT,DROP,5,27143,14400,188,0
33093,Mana Potion Injector,ELIXIR_POT,DROP,20,28274,14400,196,0
33093,Mana Potion Injector,ELIXIR_POT,DROP,5,27143,14400,188,0
33093,Mana Potion Injector,ELIXIR_POT,DROP,20,28274,14400,196,0
33093,Mana Potion Injector,ELIXIR_POT,DROP,5,27143,14400,188,0
33093,Mana Potion Injector,ELIXIR_POT,DROP,5,28274,14400,196,0
33093,Mana Potion Injector,ELIXIR_POT,DROP,20,27143,14400,188,0
33093,Mana Potion Injector,ELIXIR_POT,DROP,20,28274,14400,196,0
33093,Mana Potion Injector,ELIXIR_POT,DROP,5,27143,14400,188,0
33093,Mana Potion Injector,ELIXIR_POT,DROP,20,28274,14400,196,0
33093,Mana Potion Injector,ELIXIR_POT,DROP,5,27143,14400,188,0
33093,Mana Potion Injector,ELIXIR_POT,DROP,20,28274,14400,196,0
33093,Mana Potion Injector,ELIXIR_POT,DROP,5,27143,14400,188,0
33093,Mana Potion Injector,ELIXIR_POT,DROP,20,28274,14400,196,0
33093,Mana Potion Injector,ELIXIR_POT,DROP,20,27143,14400,188,0
33093,Mana Potion Injector,ELIXIR_POT,DROP,20,28274,14400,196,0
33093,Mana Potion Injector,ELIXIR_POT,DROP,5,27143,14400,188,0
14048,Bolt of Runecloth,INTERMEDIATE,TRAINER,5,12844,11880,108,0
14048,Bolt of Runecloth,INTERMEDIATE,TRAINER,2,12587,11880,105,0
22851,Flask of Fortification,FLASK,UNSOURCED,5,126803,48500,261,0
22851,Flask of Fortification,FLASK,UNSOURCED,5,124266,48500,256,0
20963,Mithril Filigree,INTERMEDIATE,TRAINER,5,3012,3012,100,0
20963,Mithril Filigree,INTERMEDIATE,TRAINER,5,3012,3012,100,0
17771,Elementium Bar,MISC,DROP,5,7105395,2472560,287,0
23774,Fel Iron Toolbox,BAG,VENDOR,1,136500,104000,131,0
23774,Fel Iron Toolbox,BAG,VENDOR,1,129675,104000,124,0
12655,Enchanted Thorium Bar,INTERMEDIATE,TRAINER,3,42009,36825,114,0
12655,Enchanted Thorium Bar,INTERMEDIATE,TRAINER,11,40748,36825,110,0
9210,Ghost Dye,INTERMEDIATE,VENDOR,10,7121,6210,114,0
29529,Drums of Battle,MISC,VENDOR,1,139708,162000,86,1
29529,Drums of Battle,MISC,VENDOR,1,135516,162000,83,1
29529,Drums of Battle,MISC,VENDOR,1,139708,162000,86,1
29529,Drums of Battle,MISC,VENDOR,1,135516,162000,83,1
29529,Drums of Battle,MISC,VENDOR,1,139708,162000,86,1
29529,Drums of Battle,MISC,VENDOR,1,135516,162000,83,1
29529,Drums of Battle,MISC,VENDOR,1,139708,162000,86,1
29529,Drums of Battle,MISC,VENDOR,1,135516,162000,83,1
29529,Drums of Battle,MISC,VENDOR,1,139708,162000,86,1
29529,Drums of Battle,MISC,VENDOR,1,135516,162000,83,1
29529,Drums of Battle,MISC,VENDOR,1,139708,162000,86,1
29529,Drums of Battle,MISC,VENDOR,1,135516,162000,83,1
29529,Drums of Battle,MISC,VENDOR,1,139708,162000,86,1
29529,Drums of Battle,MISC,VENDOR,1,135516,162000,83,1
21858,Spellfire Bag,BAG,VENDOR,1,565493,408004,138,0
3391,Elixir of Ogre's Strength,ELIXIR_POT,DROP,5,588,237,248,0
15407,Cured Rugged Hide,INTERMEDIATE,TRAINER,3,10654,9060,117,0
15407,Cured Rugged Hide,INTERMEDIATE,TRAINER,10,10227,9060,112,0
12644,Dense Grinding Stone,INTERMEDIATE,TRAINER,12,5945,5760,103,0
12644,Dense Grinding Stone,INTERMEDIATE,TRAINER,1,5766,5760,100,0
21841,Netherweave Bag,BAG,TRAINER,1,130441,101000,129,0
21841,Netherweave Bag,BAG,TRAINER,1,126527,101000,125,0
32220,Glinting Pyrestone,GEM_CUT,VENDOR,1,355100,250000,142,0
32220,Glinting Pyrestone,GEM_CUT,VENDOR,1,347998,250000,139,0
24033,Solid Star of Elune,GEM_CUT,DROP,1,265356,120000,221,0
24033,Solid Star of Elune,GEM_CUT,DROP,1,257395,120000,214,0
25695,Felstalker Belt,GEAR,VENDOR,1,650496,512000,127,0
25695,Felstalker Belt,GEAR,VENDOR,1,624476,512000,121,0
25695,Felstalker Belt,GEAR,VENDOR,1,611986,512000,119,0
14342,Mooncloth,INTERMEDIATE,VENDOR,3,19462,15200,128,0
14342,Mooncloth,INTERMEDIATE,VENDOR,4,18683,15200,122,0
34099,Knothide Ammo Pouch,MISC,TRAINER,1,193104,172000,112,0
34099,Knothide Ammo Pouch,MISC,TRAINER,1,187310,172000,108,0
34099,Knothide Ammo Pouch,MISC,TRAINER,1,193104,172000,112,0
21841,Netherweave Bag,BAG,TRAINER,1,132209,101000,130,0
21841,Netherweave Bag,BAG,TRAINER,1,128242,101000,126,0
21342,Core Felcloth Bag,BAG,DROP,1,1075312,353768,303,0
21342,Core Felcloth Bag,BAG,DROP,1,1064558,353768,300,0
21342,Core Felcloth Bag,BAG,DROP,1,1053912,353768,297,0
22847,Major Holy Protection Potion,ELIXIR_POT,DROP,5,38272,18400,208,0
22847,Major Holy Protection Potion,ELIXIR_POT,DROP,5,37506,18400,203,0
22847,Major Holy Protection Potion,ELIXIR_POT,DROP,5,38272,18400,208,0
22847,Major Holy Protection Potion,ELIXIR_POT,DROP,5,37506,18400,203,0
22847,Major Holy Protection Potion,ELIXIR_POT,DROP,20,38272,18400,208,0
22847,Major Holy Protection Potion,ELIXIR_POT,DROP,5,37506,18400,203,0
22847,Major Holy Protection Potion,ELIXIR_POT,DROP,10,38272,18400,208,0
32854,Hammer of Righteous Might,GEAR,DROP,1,4866560,1952012,249,0
32854,Hammer of Righteous Might,GEAR,DROP,1,4671897,1952012,239,0
32854,Hammer of Righteous Might,GEAR,DROP,1,4866560,1952012,249,0
21843,Imbued Netherweave Bag,BAG,VENDOR,1,75065,60005,125,0
21843,Imbued Netherweave Bag,BAG,VENDOR,1,73563,60005,122,0
12644,Dense Grinding Stone,INTERMEDIATE,TRAINER,3,5909,5760,102,0
12644,Dense Grinding Stone,INTERMEDIATE,TRAINER,9,5790,5760,100,0
22522,Superior Wizard Oil,MISC,VENDOR,1,22199,26039,85,1
22522,Superior Wizard Oil,MISC,VENDOR,1,21533,26039,82,1
22522,Superior Wizard Oil,MISC,VENDOR,1,22199,26039,85,1
22522,Superior Wizard Oil,MISC,VENDOR,1,21533,26039,82,1
22522,Superior Wizard Oil,MISC,VENDOR,1,22199,26039,85,1
22522,Superior Wizard Oil,MISC,VENDOR,1,21533,26039,82,1
22522,Superior Wizard Oil,MISC,VENDOR,1,22199,26039,85,1
22522,Superior Wizard Oil,MISC,VENDOR,1,21533,26039,82,1
21840,Bolt of Netherweave,INTERMEDIATE,TRAINER,4,34715,28800,120,0
21840,Bolt of Netherweave,INTERMEDIATE,TRAINER,2,34367,28800,119,0
6338,Silver Rod,INTERMEDIATE,TRAINER,1,422,335,125,0
6338,Silver Rod,INTERMEDIATE,TRAINER,1,413,335,123,0
6338,Silver Rod,INTERMEDIATE,TRAINER,1,422,335,125,0
6338,Silver Rod,INTERMEDIATE,TRAINER,1,413,335,123,0
6338,Silver Rod,INTERMEDIATE,TRAINER,1,422,335,125,0
6338,Silver Rod,INTERMEDIATE,TRAINER,1,413,335,123,0
6338,Silver Rod,INTERMEDIATE,TRAINER,1,422,335,125,0
6338,Silver Rod,INTERMEDIATE,TRAINER,1,413,335,123,0
6338,Silver Rod,INTERMEDIATE,TRAINER,1,422,335,125,0
6338,Silver Rod,INTERMEDIATE,TRAINER,1,413,335,123,0
13458,Greater Nature Protection Potion,ELIXIR_POT,DROP,5,6999,3360,208,0
13458,Greater Nature Protection Potion,ELIXIR_POT,DROP,5,6929,3360,206,0
13458,Greater Nature Protection Potion,ELIXIR_POT,DROP,5,6999,3360,208,0
13458,Greater Nature Protection Potion,ELIXIR_POT,DROP,3,6929,3360,206,0
20816,Delicate Copper Wire,INTERMEDIATE,UNSOURCED,9,109,40,272,0
22851,Flask of Fortification,FLASK,UNSOURCED,20,75102,48500,154,0
22851,Flask of Fortification,FLASK,UNSOURCED,18,73599,48500,151,0
3478,Coarse Grinding Stone,INTERMEDIATE,TRAINER,6,211,178,118,0
3478,Coarse Grinding Stone,INTERMEDIATE,TRAINER,8,206,178,115,0
4233,Cured Medium Hide,INTERMEDIATE,TRAINER,6,912,807,113,0
23103,Radiant Deep Peridot,GEM_CUT,TRAINER,1,20160,20000,100,0
23103,Radiant Deep Peridot,GEM_CUT,TRAINER,1,20000,20000,100,0
23103,Radiant Deep Peridot,GEM_CUT,TRAINER,1,20000,20000,100,0
23516,Flamebane Helm,GEAR,VENDOR,1,588600,400000,147,0
23447,Eternium Bar,INTERMEDIATE,TRAINER,6,23072,20000,115,0
23447,Eternium Bar,INTERMEDIATE,TRAINER,5,22610,20000,113,0
21845,Primal Mooncloth,INTERMEDIATE,VENDOR,1,92929,64001,145,0
21845,Primal Mooncloth,INTERMEDIATE,VENDOR,6,89211,64001,139,0
23530,Felsteel Shield Spike,MISC,VENDOR,3,345605,256004,134,0
21861,Imbued Netherweave Robe,GEAR,VENDOR,1,53668,65006,82,1
21861,Imbued Netherweave Robe,GEAR,VENDOR,1,50984,65006,78,1
21861,Imbued Netherweave Robe,GEAR,VENDOR,1,53668,65006,82,1
21861,Imbued Netherweave Robe,GEAR,VENDOR,1,50984,65006,78,1
21861,Imbued Netherweave Robe,GEAR,VENDOR,1,53668,65006,82,1
21861,Imbued Netherweave Robe,GEAR,VENDOR,1,50984,65006,78,1
21861,Imbued Netherweave Robe,GEAR,VENDOR,1,53668,65006,82,1
21861,Imbued Netherweave Robe,GEAR,VENDOR,1,50984,65006,78,1
21861,Imbued Netherweave Robe,GEAR,VENDOR,1,53668,65006,82,1
21861,Imbued Netherweave Robe,GEAR,VENDOR,1,50984,65006,78,1
21861,Imbued Netherweave Robe,GEAR,VENDOR,1,53668,65006,82,1
21861,Imbued Netherweave Robe,GEAR,VENDOR,1,50984,65006,78,1
21861,Imbued Netherweave Robe,GEAR,VENDOR,1,53668,65006,82,1
8545,Heavy Mageweave Bandage,MISC,TRAINER,14,1512,2020,74,1
13459,Greater Shadow Protection Potion,ELIXIR_POT,DROP,5,3910,1812,215,0
13459,Greater Shadow Protection Potion,ELIXIR_POT,DROP,4,3792,1812,209,0
29540,Reinforced Mining Bag,BAG,VENDOR,1,335768,278000,120,0
29540,Reinforced Mining Bag,BAG,VENDOR,1,325694,278000,117,0
22449,Large Prismatic Shard,INTERMEDIATE,VENDOR,20,219648,240000,91,1
22449,Large Prismatic Shard,INTERMEDIATE,VENDOR,1,217451,240000,90,1
22449,Large Prismatic Shard,INTERMEDIATE,VENDOR,3,213101,240000,88,1
5764,Green Silk Pack,BAG,DROP,1,22335,11722,190,0
21858,Spellfire Bag,BAG,VENDOR,1,434768,408004,106,0
21858,Spellfire Bag,BAG,VENDOR,1,430420,408004,105,0
21858,Spellfire Bag,BAG,VENDOR,1,417507,408004,102,0
4240,Woolen Bag,BAG,TRAINER,1,1638,1324,123,0
4240,Woolen Bag,BAG,TRAINER,1,1605,1324,121,0
4240,Woolen Bag,BAG,TRAINER,1,1638,1324,123,0
25650,Knothide Armor Kit,MISC,TRAINER,10,14162,20000,70,1
25650,Knothide Armor Kit,MISC,TRAINER,2,13453,20000,67,1
23747,Felsteel Boomstick,GEAR,DROP,1,20941,24011,87,1
23747,Felsteel Boomstick,GEAR,DROP,1,20312,24011,84,1
23747,Felsteel Boomstick,GEAR,DROP,1,20108,24011,83,1
23747,Felsteel Boomstick,GEAR,DROP,1,19504,24011,81,1
23747,Felsteel Boomstick,GEAR,DROP,1,20941,24011,87,1
23747,Felsteel Boomstick,GEAR,DROP,1,20312,24011,84,1
23747,Felsteel Boomstick,GEAR,DROP,1,20108,24011,83,1
23747,Felsteel Boomstick,GEAR,DROP,1,19504,24011,81,1
29532,Drums of Panic,MISC,VENDOR,1,162000,250000,64,1
29532,Drums of Panic,MISC,VENDOR,1,153900,250000,61,1
29532,Drums of Panic,MISC,VENDOR,1,150000,250000,60,1
29532,Drums of Panic,MISC,VENDOR,1,150000,250000,60,1
29532,Drums of Panic,MISC,VENDOR,1,162000,250000,64,1
29532,Drums of Panic,MISC,VENDOR,1,153900,250000,61,1
29532,Drums of Panic,MISC,VENDOR,1,150000,250000,60,1
3486,Heavy Grinding Stone,INTERMEDIATE,TRAINER,6,1306,1035,126,0
3486,Heavy Grinding Stone,INTERMEDIATE,TRAINER,2,1266,1035,122,0
31080,Mercurial Stone,GEAR,TRAINER,1,116150,96000,120,0
31080,Mercurial Stone,GEAR,TRAINER,1,114988,96000,119,0
14048,Bolt of Runecloth,INTERMEDIATE,TRAINER,13,13197,11880,111,0
14048,Bolt of Runecloth,INTERMEDIATE,TRAINER,1,12801,11880,107,0
40102,Turbid Forest Emerald,GEM_CUT,VENDOR,1,215070,150000,143,0
44554,Flying Carpet,MISC,TRAINER,1,311390,254052,122,0
8951,Elixir of Greater Defense,ELIXIR_POT,TRAINER,5,1181,1181,100,0
8951,Elixir of Greater Defense,ELIXIR_POT,TRAINER,5,1181,1181,100,0
8951,Elixir of Greater Defense,ELIXIR_POT,TRAINER,10,1181,1181,100,0
23529,Adamantite Sharpening Stone,MISC,VENDOR,1,31060,23358,132,0
21854,Netherweave Robe,GEAR,VENDOR,1,245510,202000,121,0
21854,Netherweave Robe,GEAR,VENDOR,1,240599,202000,119,0
21854,Netherweave Robe,GEAR,VENDOR,1,238193,202000,117,0
40013,Smooth Autumn's Glow,GEM_CUT,VENDOR,1,205485,150000,136,0
40013,Smooth Autumn's Glow,GEM_CUT,VENDOR,1,197265,150000,131,0
40013,Smooth Autumn's Glow,GEM_CUT,VENDOR,1,187401,150000,124,0
23518,Felsteel Leggings,GEAR,DROP,1,6,8,75,1
23518,Felsteel Leggings,GEAR,DROP,1,5,8,62,1
23518,Felsteel Leggings,GEAR,DROP,1,4,8,50,1
23518,Felsteel Leggings,GEAR,DROP,1,6,8,75,1
23518,Felsteel Leggings,GEAR,DROP,1,5,8,62,1
23518,Felsteel Leggings,GEAR,DROP,1,4,8,50,1
23518,Felsteel Leggings,GEAR,DROP,1,6,8,75,1
23518,Felsteel Leggings,GEAR,DROP,1,5,8,62,1
23518,Felsteel Leggings,GEAR,DROP,1,4,8,50,1
23518,Felsteel Leggings,GEAR,DROP,1,6,8,75,1
23518,Felsteel Leggings,GEAR,DROP,1,5,8,62,1
23518,Felsteel Leggings,GEAR,DROP,1,4,8,50,1
29494,Flamescale Belt,GEAR,VENDOR,1,453200,352000,128,0
29494,Flamescale Belt,GEAR,VENDOR,1,439604,352000,124,0
29494,Flamescale Belt,GEAR,VENDOR,1,417623,352000,118,0
23510,Enchanted Adamantite Belt,GEAR,VENDOR,1,55148,40108,137,0
25694,Netherfury Belt,GEAR,VENDOR,1,428246,362000,118,0
23785,Hardened Adamantite Tube,INTERMEDIATE,TRAINER,1,2,3,66,1
23785,Hardened Adamantite Tube,INTERMEDIATE,TRAINER,7,1,3,33,1
40195,Pygmy Oil,INTERMEDIATE,TRAINER,4,333,300,111,0
40195,Pygmy Oil,INTERMEDIATE,TRAINER,3,326,300,108,0
22246,Enchanted Mageweave Pouch,BAG,VENDOR,1,51474,43512,118,0
22246,Enchanted Mageweave Pouch,BAG,VENDOR,1,50959,43512,117,0
22246,Enchanted Mageweave Pouch,BAG,VENDOR,1,51474,43512,118,0
5763,Red Woolen Bag,BAG,VENDOR,1,2404,1782,134,0
5763,Red Woolen Bag,BAG,VENDOR,1,2283,1782,128,0
5763,Red Woolen Bag,BAG,VENDOR,1,2404,1782,134,0
22831,Elixir of Major Agility,ELIXIR_POT,VENDOR,5,15696,12000,130,0
22831,Elixir of Major Agility,ELIXIR_POT,VENDOR,5,15539,12000,129,0
38225,Mycah's Botanical Bag,BAG,VENDOR,1,409904,272000,150,0
25650,Knothide Armor Kit,MISC,TRAINER,9,19504,20000,97,1
4596,Discolored Healing Potion,ELIXIR_POT,UNSOURCED,16,423,247,171,0
38225,Mycah's Botanical Bag,BAG,VENDOR,1,292073,272000,107,0
33093,Mana Potion Injector,ELIXIR_POT,DROP,20,33422,14400,232,0
33093,Mana Potion Injector,ELIXIR_POT,DROP,20,31750,14400,220,0
33093,Mana Potion Injector,ELIXIR_POT,DROP,5,33422,14400,232,0
33093,Mana Potion Injector,ELIXIR_POT,DROP,5,31750,14400,220,0
33093,Mana Potion Injector,ELIXIR_POT,DROP,5,33422,14400,232,0
33093,Mana Potion Injector,ELIXIR_POT,DROP,5,31750,14400,220,0
33093,Mana Potion Injector,ELIXIR_POT,DROP,5,33422,14400,232,0
33093,Mana Potion Injector,ELIXIR_POT,DROP,5,31750,14400,220,0
33093,Mana Potion Injector,ELIXIR_POT,DROP,20,33422,14400,232,0
33093,Mana Potion Injector,ELIXIR_POT,DROP,5,31750,14400,220,0
33093,Mana Potion Injector,ELIXIR_POT,DROP,5,33422,14400,232,0
33093,Mana Potion Injector,ELIXIR_POT,DROP,5,31750,14400,220,0
33093,Mana Potion Injector,ELIXIR_POT,DROP,5,33422,14400,232,0
33093,Mana Potion Injector,ELIXIR_POT,DROP,5,31750,14400,220,0
33093,Mana Potion Injector,ELIXIR_POT,DROP,20,33422,14400,232,0
33093,Mana Potion Injector,ELIXIR_POT,DROP,5,31750,14400,220,0
33093,Mana Potion Injector,ELIXIR_POT,DROP,5,33422,14400,232,0
33093,Mana Potion Injector,ELIXIR_POT,DROP,5,31750,14400,220,0
33093,Mana Potion Injector,ELIXIR_POT,DROP,5,33422,14400,232,0
33093,Mana Potion Injector,ELIXIR_POT,DROP,20,31750,14400,220,0
33093,Mana Potion Injector,ELIXIR_POT,DROP,5,33422,14400,232,0
24268,Netherweave Net,MISC,TRAINER,8,8653,7200,120,0
21858,Spellfire Bag,BAG,VENDOR,1,511432,408004,125,0
21858,Spellfire Bag,BAG,VENDOR,1,485860,408004,119,0
40178,Opaque Eye of Zul,GEM_CUT,VENDOR,1,276000,250000,110,0
40178,Opaque Eye of Zul,GEM_CUT,VENDOR,1,264960,250000,105,0
4234,Heavy Leather,INTERMEDIATE,TRAINER,5,1351,1090,123,0
4234,Heavy Leather,INTERMEDIATE,TRAINER,4,1310,1090,120,0
33093,Mana Potion Injector,ELIXIR_POT,DROP,5,26917,14400,186,0
33093,Mana Potion Injector,ELIXIR_POT,DROP,20,25840,14400,179,0
33093,Mana Potion Injector,ELIXIR_POT,DROP,20,26917,14400,186,0
33093,Mana Potion Injector,ELIXIR_POT,DROP,20,25840,14400,179,0
33093,Mana Potion Injector,ELIXIR_POT,DROP,20,26917,14400,186,0
33093,Mana Potion Injector,ELIXIR_POT,DROP,20,25840,14400,179,0
33093,Mana Potion Injector,ELIXIR_POT,DROP,15,26917,14400,186,0
23446,Adamantite Bar,INTERMEDIATE,TRAINER,3,19080,18000,106,0
23446,Adamantite Bar,INTERMEDIATE,TRAINER,11,18316,18000,101,0
9210,Ghost Dye,INTERMEDIATE,VENDOR,10,8782,6210,141,0
9210,Ghost Dye,INTERMEDIATE,VENDOR,5,8430,6210,135,0
22832,Super Mana Potion,ELIXIR_POT,VENDOR,16,14755,12000,122,0
25844,Adamantite Rod,INTERMEDIATE,VENDOR,1,211788,180000,117,0
25844,Adamantite Rod,INTERMEDIATE,VENDOR,1,209670,180000,116,0
25844,Adamantite Rod,INTERMEDIATE,VENDOR,1,203379,180000,112,0
25844,Adamantite Rod,INTERMEDIATE,VENDOR,1,193210,180000,107,0
25844,Adamantite Rod,INTERMEDIATE,VENDOR,1,211788,180000,117,0
25844,Adamantite Rod,INTERMEDIATE,VENDOR,1,209670,180000,116,0
25844,Adamantite Rod,INTERMEDIATE,VENDOR,1,203379,180000,112,0
25844,Adamantite Rod,INTERMEDIATE,VENDOR,1,193210,180000,107,0
25844,Adamantite Rod,INTERMEDIATE,VENDOR,1,211788,180000,117,0
25844,Adamantite Rod,INTERMEDIATE,VENDOR,1,209670,180000,116,0
25844,Adamantite Rod,INTERMEDIATE,VENDOR,1,203379,180000,112,0
40195,Pygmy Oil,INTERMEDIATE,TRAINER,11,210,300,70,1
40195,Pygmy Oil,INTERMEDIATE,TRAINER,1,207,300,69,1
21861,Imbued Netherweave Robe,GEAR,VENDOR,1,47928,65006,73,1
21861,Imbued Netherweave Robe,GEAR,VENDOR,1,45531,65006,70,1
21861,Imbued Netherweave Robe,GEAR,VENDOR,1,43254,65006,66,1
21861,Imbued Netherweave Robe,GEAR,VENDOR,1,47928,65006,73,1
21861,Imbued Netherweave Robe,GEAR,VENDOR,1,45531,65006,70,1
21861,Imbued Netherweave Robe,GEAR,VENDOR,1,43254,65006,66,1
21861,Imbued Netherweave Robe,GEAR,VENDOR,1,47928,65006,73,1
21861,Imbued Netherweave Robe,GEAR,VENDOR,1,45531,65006,70,1
23785,Hardened Adamantite Tube,INTERMEDIATE,TRAINER,5,2,3,66,1
23785,Hardened Adamantite Tube,INTERMEDIATE,TRAINER,2,1,3,33,1
21840,Bolt of Netherweave,INTERMEDIATE,TRAINER,3,32590,28800,113,0
21840,Bolt of Netherweave,INTERMEDIATE,TRAINER,12,32264,28800,112,0
4339,Bolt of Mageweave,INTERMEDIATE,TRAINER,8,6222,5050,123,0
4339,Bolt of Mageweave,INTERMEDIATE,TRAINER,1,6097,5050,120,0
17771,Elementium Bar,MISC,DROP,5,4838799,2472560,195,0
4339,Bolt of Mageweave,INTERMEDIATE,TRAINER,11,5050,5050,100,0
4339,Bolt of Mageweave,INTERMEDIATE,TRAINER,2,5050,5050,100,0
41376,Revitalizing Skyflare Diamond,GEM_CUT,UNSOURCED,1,709776,360000,197,0
21843,Imbued Netherweave Bag,BAG,VENDOR,1,78486,60005,130,0
21843,Imbued Netherweave Bag,BAG,VENDOR,1,77701,60005,129,0
21843,Imbued Netherweave Bag,BAG,VENDOR,1,76923,60005,128,0
38225,Mycah's Botanical Bag,BAG,VENDOR,1,347072,272000,127,0
38225,Mycah's Botanical Bag,BAG,VENDOR,1,336659,272000,123,0
38225,Mycah's Botanical Bag,BAG,VENDOR,1,329925,272000,121,0
29540,Reinforced Mining Bag,BAG,VENDOR,1,338520,278000,121,0
29540,Reinforced Mining Bag,BAG,VENDOR,1,321594,278000,115,0
33092,Healing Potion Injector,ELIXIR_POT,DROP,5,34974,18400,190,0
33092,Healing Potion Injector,ELIXIR_POT,DROP,5,33575,18400,182,0
33092,Healing Potion Injector,ELIXIR_POT,DROP,5,34974,18400,190,0
33092,Healing Potion Injector,ELIXIR_POT,DROP,20,33575,18400,182,0
33092,Healing Potion Injector,ELIXIR_POT,DROP,20,34974,18400,190,0
33092,Healing Potion Injector,ELIXIR_POT,DROP,5,33575,18400,182,0
33092,Healing Potion Injector,ELIXIR_POT,DROP,20,34974,18400,190,0
33092,Healing Potion Injector,ELIXIR_POT,DROP,5,33575,18400,182,0
33092,Healing Potion Injector,ELIXIR_POT,DROP,5,34974,18400,190,0
33092,Healing Potion Injector,ELIXIR_POT,DROP,20,33575,18400,182,0
33092,Healing Potion Injector,ELIXIR_POT,DROP,5,34974,18400,190,0
33092,Healing Potion Injector,ELIXIR_POT,DROP,5,33575,18400,182,0
33092,Healing Potion Injector,ELIXIR_POT,DROP,20,34974,18400,190,0
33092,Healing Potion Injector,ELIXIR_POT,DROP,20,33575,18400,182,0
33092,Healing Potion Injector,ELIXIR_POT,DROP,5,34974,18400,190,0
33092,Healing Potion Injector,ELIXIR_POT,DROP,20,33575,18400,182,0
33092,Healing Potion Injector,ELIXIR_POT,DROP,5,34974,18400,190,0
33092,Healing Potion Injector,ELIXIR_POT,DROP,20,33575,18400,182,0
33092,Healing Potion Injector,ELIXIR_POT,DROP,20,34974,18400,190,0
33092,Healing Potion Injector,ELIXIR_POT,DROP,5,33575,18400,182,0
33092,Healing Potion Injector,ELIXIR_POT,DROP,20,34974,18400,190,0
33092,Healing Potion Injector,ELIXIR_POT,DROP,20,33575,18400,182,0
33092,Healing Potion Injector,ELIXIR_POT,DROP,20,34974,18400,190,0
33092,Healing Potion Injector,ELIXIR_POT,DROP,20,33575,18400,182,0
33092,Healing Potion Injector,ELIXIR_POT,DROP,20,34974,18400,190,0
33092,Healing Potion Injector,ELIXIR_POT,DROP,5,33575,18400,182,0
33092,Healing Potion Injector,ELIXIR_POT,DROP,20,34974,18400,190,0
33093,Mana Potion Injector,ELIXIR_POT,DROP,5,36691,14400,254,0
33093,Mana Potion Injector,ELIXIR_POT,DROP,20,34856,14400,242,0
33093,Mana Potion Injector,ELIXIR_POT,DROP,5,36691,14400,254,0
33093,Mana Potion Injector,ELIXIR_POT,DROP,20,34856,14400,242,0
33093,Mana Potion Injector,ELIXIR_POT,DROP,5,36691,14400,254,0
33093,Mana Potion Injector,ELIXIR_POT,DROP,20,34856,14400,242,0
33093,Mana Potion Injector,ELIXIR_POT,DROP,5,36691,14400,254,0
33093,Mana Potion Injector,ELIXIR_POT,DROP,5,34856,14400,242,0
33093,Mana Potion Injector,ELIXIR_POT,DROP,5,36691,14400,254,0
33093,Mana Potion Injector,ELIXIR_POT,DROP,20,34856,14400,242,0
33093,Mana Potion Injector,ELIXIR_POT,DROP,5,36691,14400,254,0
33093,Mana Potion Injector,ELIXIR_POT,DROP,5,34856,14400,242,0
33093,Mana Potion Injector,ELIXIR_POT,DROP,5,36691,14400,254,0
33093,Mana Potion Injector,ELIXIR_POT,DROP,20,34856,14400,242,0
33093,Mana Potion Injector,ELIXIR_POT,DROP,5,36691,14400,254,0
33093,Mana Potion Injector,ELIXIR_POT,DROP,5,34856,14400,242,0
33093,Mana Potion Injector,ELIXIR_POT,DROP,5,36691,14400,254,0
33093,Mana Potion Injector,ELIXIR_POT,DROP,5,34856,14400,242,0
33093,Mana Potion Injector,ELIXIR_POT,DROP,5,36691,14400,254,0
33093,Mana Potion Injector,ELIXIR_POT,DROP,20,34856,14400,242,0
33093,Mana Potion Injector,ELIXIR_POT,DROP,5,36691,14400,254,0
33093,Mana Potion Injector,ELIXIR_POT,DROP,20,34856,14400,242,0
33093,Mana Potion Injector,ELIXIR_POT,DROP,5,36691,14400,254,0
33093,Mana Potion Injector,ELIXIR_POT,DROP,5,34856,14400,242,0
33093,Mana Potion Injector,ELIXIR_POT,DROP,5,36691,14400,254,0
33093,Mana Potion Injector,ELIXIR_POT,DROP,5,34856,14400,242,0
33093,Mana Potion Injector,ELIXIR_POT,DROP,5,36691,14400,254,0
21341,Felcloth Bag,BAG,UNSOURCED,1,512544,199240,257,0
21341,Felcloth Bag,BAG,UNSOURCED,1,502293,199240,252,0
21341,Felcloth Bag,BAG,UNSOURCED,1,487224,199240,244,0
14342,Mooncloth,INTERMEDIATE,VENDOR,4,17952,15200,118,0
14342,Mooncloth,INTERMEDIATE,VENDOR,9,17772,15200,116,0
32756,Gyro-Balanced Khorium Destroyer,GEAR,TRAINER,1,2063144,1648011,125,0
32756,Gyro-Balanced Khorium Destroyer,GEAR,TRAINER,1,1959986,1648011,118,0
22246,Enchanted Mageweave Pouch,BAG,VENDOR,1,59128,43512,135,0
33092,Healing Potion Injector,ELIXIR_POT,DROP,20,53748,18400,292,0
33092,Healing Potion Injector,ELIXIR_POT,DROP,20,52673,18400,286,0
33092,Healing Potion Injector,ELIXIR_POT,DROP,5,53748,18400,292,0
33092,Healing Potion Injector,ELIXIR_POT,DROP,20,52673,18400,286,0
33092,Healing Potion Injector,ELIXIR_POT,DROP,5,53748,18400,292,0
33092,Healing Potion Injector,ELIXIR_POT,DROP,20,52673,18400,286,0
33092,Healing Potion Injector,ELIXIR_POT,DROP,5,53748,18400,292,0
33092,Healing Potion Injector,ELIXIR_POT,DROP,5,52673,18400,286,0
33092,Healing Potion Injector,ELIXIR_POT,DROP,5,53748,18400,292,0
33092,Healing Potion Injector,ELIXIR_POT,DROP,5,52673,18400,286,0
33092,Healing Potion Injector,ELIXIR_POT,DROP,20,53748,18400,292,0
33092,Healing Potion Injector,ELIXIR_POT,DROP,5,52673,18400,286,0
33092,Healing Potion Injector,ELIXIR_POT,DROP,20,53748,18400,292,0
33092,Healing Potion Injector,ELIXIR_POT,DROP,20,52673,18400,286,0
33092,Healing Potion Injector,ELIXIR_POT,DROP,20,53748,18400,292,0
33092,Healing Potion Injector,ELIXIR_POT,DROP,20,52673,18400,286,0
33092,Healing Potion Injector,ELIXIR_POT,DROP,20,53748,18400,292,0
33092,Healing Potion Injector,ELIXIR_POT,DROP,5,52673,18400,286,0
33092,Healing Potion Injector,ELIXIR_POT,DROP,20,53748,18400,292,0
33092,Healing Potion Injector,ELIXIR_POT,DROP,20,52673,18400,286,0
33092,Healing Potion Injector,ELIXIR_POT,DROP,20,53748,18400,292,0
33092,Healing Potion Injector,ELIXIR_POT,DROP,5,52673,18400,286,0
33092,Healing Potion Injector,ELIXIR_POT,DROP,20,53748,18400,292,0
33092,Healing Potion Injector,ELIXIR_POT,DROP,5,52673,18400,286,0
33092,Healing Potion Injector,ELIXIR_POT,DROP,5,53748,18400,292,0
33092,Healing Potion Injector,ELIXIR_POT,DROP,5,52673,18400,286,0
33092,Healing Potion Injector,ELIXIR_POT,DROP,5,53748,18400,292,0
33092,Healing Potion Injector,ELIXIR_POT,DROP,5,52673,18400,286,0
33092,Healing Potion Injector,ELIXIR_POT,DROP,5,53748,18400,292,0
33092,Healing Potion Injector,ELIXIR_POT,DROP,5,52673,18400,286,0
21840,Bolt of Netherweave,INTERMEDIATE,TRAINER,12,31847,28800,110,0
23747,Felsteel Boomstick,GEAR,DROP,1,17042,24011,70,1
23747,Felsteel Boomstick,GEAR,DROP,1,16701,24011,69,1
23747,Felsteel Boomstick,GEAR,DROP,1,17042,24011,70,1
23747,Felsteel Boomstick,GEAR,DROP,1,16701,24011,69,1
23747,Felsteel Boomstick,GEAR,DROP,1,17042,24011,70,1
23747,Felsteel Boomstick,GEAR,DROP,1,16701,24011,69,1
23747,Felsteel Boomstick,GEAR,DROP,1,17042,24011,70,1
23747,Felsteel Boomstick,GEAR,DROP,1,16701,24011,69,1
23747,Felsteel Boomstick,GEAR,DROP,1,17042,24011,70,1
23747,Felsteel Boomstick,GEAR,DROP,1,16701,24011,69,1
9187,Elixir of Greater Agility,ELIXIR_POT,TRAINER,5,2022,1787,113,0
9187,Elixir of Greater Agility,ELIXIR_POT,TRAINER,10,1920,1787,107,0
33093,Mana Potion Injector,ELIXIR_POT,DROP,20,39529,14400,274,0
33093,Mana Potion Injector,ELIXIR_POT,DROP,5,37552,14400,260,0
33093,Mana Potion Injector,ELIXIR_POT,DROP,20,36049,14400,250,0
33093,Mana Potion Injector,ELIXIR_POT,DROP,20,39529,14400,274,0
33093,Mana Potion Injector,ELIXIR_POT,DROP,5,37552,14400,260,0
33093,Mana Potion Injector,ELIXIR_POT,DROP,20,36049,14400,250,0
33093,Mana Potion Injector,ELIXIR_POT,DROP,20,39529,14400,274,0
33093,Mana Potion Injector,ELIXIR_POT,DROP,20,37552,14400,260,0
33093,Mana Potion Injector,ELIXIR_POT,DROP,20,36049,14400,250,0
33093,Mana Potion Injector,ELIXIR_POT,DROP,5,39529,14400,274,0
33093,Mana Potion Injector,ELIXIR_POT,DROP,20,37552,14400,260,0
33093,Mana Potion Injector,ELIXIR_POT,DROP,5,36049,14400,250,0
33093,Mana Potion Injector,ELIXIR_POT,DROP,5,39529,14400,274,0
33093,Mana Potion Injector,ELIXIR_POT,DROP,20,37552,14400,260,0
33093,Mana Potion Injector,ELIXIR_POT,DROP,5,36049,14400,250,0
33093,Mana Potion Injector,ELIXIR_POT,DROP,20,39529,14400,274,0
33093,Mana Potion Injector,ELIXIR_POT,DROP,5,37552,14400,260,0
33093,Mana Potion Injector,ELIXIR_POT,DROP,20,36049,14400,250,0
33093,Mana Potion Injector,ELIXIR_POT,DROP,5,39529,14400,274,0
4236,Cured Heavy Hide,INTERMEDIATE,TRAINER,6,1545,1350,114,0
4236,Cured Heavy Hide,INTERMEDIATE,TRAINER,5,1467,1350,108,0
21340,Soul Pouch,BAG,VENDOR,1,104645,80078,130,0
17771,Elementium Bar,MISC,DROP,1,4030272,2472560,162,0
13512,Flask of Supreme Power,FLASK,DROP,5,24554,11430,214,0
13512,Flask of Supreme Power,FLASK,DROP,9,23817,11430,208,0
40026,Purified Twilight Opal,GEM_CUT,DROP,1,332010,150000,221,0
40026,Purified Twilight Opal,GEM_CUT,DROP,1,315409,150000,210,0
40026,Purified Twilight Opal,GEM_CUT,DROP,1,332010,150000,221,0
23819,Elemental Seaforium Charge,INTERMEDIATE,VENDOR,10,27935,20935,133,0
23819,Elemental Seaforium Charge,INTERMEDIATE,VENDOR,10,27655,20935,132,0
23819,Elemental Seaforium Charge,INTERMEDIATE,VENDOR,4,27935,20935,133,0
23819,Elemental Seaforium Charge,INTERMEDIATE,VENDOR,2,27655,20935,132,0
20002,Greater Dreamless Sleep Potion,ELIXIR_POT,VENDOR,7,1775,1708,103,0
21845,Primal Mooncloth,INTERMEDIATE,VENDOR,10,78068,64001,121,0
21845,Primal Mooncloth,INTERMEDIATE,VENDOR,5,74164,64001,115,0
22445,Arcane Dust,INTERMEDIATE,UNSOURCED,20,3366,5013,67,1
22445,Arcane Dust,INTERMEDIATE,UNSOURCED,10,3231,5013,64,1
33092,Healing Potion Injector,ELIXIR_POT,DROP,5,34408,18400,187,0
33092,Healing Potion Injector,ELIXIR_POT,DROP,5,34063,18400,185,0
33092,Healing Potion Injector,ELIXIR_POT,DROP,5,32700,18400,177,0
33092,Healing Potion Injector,ELIXIR_POT,DROP,20,34408,18400,187,0
33092,Healing Potion Injector,ELIXIR_POT,DROP,20,34063,18400,185,0
33092,Healing Potion Injector,ELIXIR_POT,DROP,5,32700,18400,177,0
33092,Healing Potion Injector,ELIXIR_POT,DROP,20,34408,18400,187,0
33092,Healing Potion Injector,ELIXIR_POT,DROP,20,34063,18400,185,0
33092,Healing Potion Injector,ELIXIR_POT,DROP,5,32700,18400,177,0
33092,Healing Potion Injector,ELIXIR_POT,DROP,20,34408,18400,187,0
33092,Healing Potion Injector,ELIXIR_POT,DROP,20,34063,18400,185,0
33092,Healing Potion Injector,ELIXIR_POT,DROP,20,32700,18400,177,0
33092,Healing Potion Injector,ELIXIR_POT,DROP,20,34408,18400,187,0
33092,Healing Potion Injector,ELIXIR_POT,DROP,20,34063,18400,185,0
33092,Healing Potion Injector,ELIXIR_POT,DROP,5,32700,18400,177,0
33092,Healing Potion Injector,ELIXIR_POT,DROP,5,34408,18400,187,0
33092,Healing Potion Injector,ELIXIR_POT,DROP,20,34063,18400,185,0
33092,Healing Potion Injector,ELIXIR_POT,DROP,20,32700,18400,177,0
33092,Healing Potion Injector,ELIXIR_POT,DROP,5,34408,18400,187,0
22445,Arcane Dust,INTERMEDIATE,UNSOURCED,20,4615,5013,92,1
22445,Arcane Dust,INTERMEDIATE,UNSOURCED,20,4476,5013,89,1
22445,Arcane Dust,INTERMEDIATE,UNSOURCED,4,4615,5013,92,1
22445,Arcane Dust,INTERMEDIATE,UNSOURCED,1,4476,5013,89,1
34440,Mad Alchemist's Potion,ELIXIR_POT,TRAINER,5,6123,5300,115,0
34440,Mad Alchemist's Potion,ELIXIR_POT,TRAINER,5,6061,5300,114,0
34440,Mad Alchemist's Potion,ELIXIR_POT,TRAINER,5,5818,5300,109,0
34440,Mad Alchemist's Potion,ELIXIR_POT,TRAINER,3,6123,5300,115,0
13513,Flask of Chromatic Resistance,FLASK,DROP,20,42500,20250,209,0
13513,Flask of Chromatic Resistance,FLASK,DROP,5,40375,20250,199,0
13513,Flask of Chromatic Resistance,FLASK,DROP,5,38356,20250,189,0
13513,Flask of Chromatic Resistance,FLASK,DROP,5,37205,20250,183,0
13513,Flask of Chromatic Resistance,FLASK,DROP,5,42500,20250,209,0
34490,Bag of Many Hides,BAG,DROP,1,1503364,627500,239,0
34490,Bag of Many Hides,BAG,DROP,1,1428195,627500,227,0
40166,Vivid Eye of Zul,GEM_CUT,VENDOR,1,275500,250000,110,0
40166,Vivid Eye of Zul,GEM_CUT,VENDOR,1,264480,250000,105,0
40166,Vivid Eye of Zul,GEM_CUT,VENDOR,1,251256,250000,100,0
22246,Enchanted Mageweave Pouch,BAG,VENDOR,1,48780,43512,112,0
22246,Enchanted Mageweave Pouch,BAG,VENDOR,1,46828,43512,107,0
41400,Thundering Skyflare Diamond,GEM_CUT,UNSOURCED,1,625680,360000,173,0
31080,Mercurial Stone,GEAR,TRAINER,1,101836,96000,106,0
31080,Mercurial Stone,GEAR,TRAINER,1,100817,96000,105,0
22249,Big Bag of Enchantment,BAG,DROP,1,1202001,568430,211,0
22249,Big Bag of Enchantment,BAG,DROP,1,1153920,568430,203,0
22249,Big Bag of Enchantment,BAG,DROP,1,1202001,568430,211,0
30831,Cloak of Arcane Evasion,GEAR,VENDOR,1,353233,252004,140,0
30831,Cloak of Arcane Evasion,GEAR,VENDOR,1,335571,252004,133,0
30831,Cloak of Arcane Evasion,GEAR,VENDOR,1,332215,252004,131,0
8170,Rugged Leather,INTERMEDIATE,TRAINER,6,7634,7128,107,0
33093,Mana Potion Injector,ELIXIR_POT,DROP,20,41627,14400,289,0
33093,Mana Potion Injector,ELIXIR_POT,DROP,5,41210,14400,286,0
33093,Mana Potion Injector,ELIXIR_POT,DROP,5,41627,14400,289,0
33093,Mana Potion Injector,ELIXIR_POT,DROP,5,41210,14400,286,0
33093,Mana Potion Injector,ELIXIR_POT,DROP,5,41627,14400,289,0
33093,Mana Potion Injector,ELIXIR_POT,DROP,5,41210,14400,286,0
33093,Mana Potion Injector,ELIXIR_POT,DROP,5,41627,14400,289,0
33093,Mana Potion Injector,ELIXIR_POT,DROP,20,41210,14400,286,0
33093,Mana Potion Injector,ELIXIR_POT,DROP,20,41627,14400,289,0
33093,Mana Potion Injector,ELIXIR_POT,DROP,20,41210,14400,286,0
33093,Mana Potion Injector,ELIXIR_POT,DROP,20,41627,14400,289,0
33093,Mana Potion Injector,ELIXIR_POT,DROP,5,41210,14400,286,0
33093,Mana Potion Injector,ELIXIR_POT,DROP,5,41627,14400,289,0
33093,Mana Potion Injector,ELIXIR_POT,DROP,20,41210,14400,286,0
33093,Mana Potion Injector,ELIXIR_POT,DROP,5,41627,14400,289,0
33093,Mana Potion Injector,ELIXIR_POT,DROP,5,41210,14400,286,0
33093,Mana Potion Injector,ELIXIR_POT,DROP,5,41627,14400,289,0
33093,Mana Potion Injector,ELIXIR_POT,DROP,5,41210,14400,286,0
23774,Fel Iron Toolbox,BAG,VENDOR,1,143551,104000,138,0
23774,Fel Iron Toolbox,BAG,VENDOR,1,139244,104000,133,0
23774,Fel Iron Toolbox,BAG,VENDOR,1,137851,104000,132,0
23447,Eternium Bar,INTERMEDIATE,TRAINER,2,16376,20000,81,1
23447,Eternium Bar,INTERMEDIATE,TRAINER,11,15720,20000,78,1
21844,Bolt of Soulcloth,INTERMEDIATE,VENDOR,8,150249,144000,104,0
33093,Mana Potion Injector,ELIXIR_POT,DROP,5,22680,14400,157,0
33093,Mana Potion Injector,ELIXIR_POT,DROP,20,22453,14400,155,0
33093,Mana Potion Injector,ELIXIR_POT,DROP,5,21554,14400,149,0
33093,Mana Potion Injector,ELIXIR_POT,DROP,20,22680,14400,157,0
33093,Mana Potion Injector,ELIXIR_POT,DROP,20,22453,14400,155,0
33093,Mana Potion Injector,ELIXIR_POT,DROP,20,21554,14400,149,0
33093,Mana Potion Injector,ELIXIR_POT,DROP,10,22680,14400,157,0
23793,Heavy Knothide Leather,INTERMEDIATE,TRAINER,4,21165,25000,84,1
23793,Heavy Knothide Leather,INTERMEDIATE,TRAINER,2,20953,25000,83,1
25844,Adamantite Rod,INTERMEDIATE,VENDOR,1,246960,180000,137,0
25844,Adamantite Rod,INTERMEDIATE,VENDOR,1,244490,180000,135,0
25844,Adamantite Rod,INTERMEDIATE,VENDOR,1,237155,180000,131,0
25844,Adamantite Rod,INTERMEDIATE,VENDOR,1,232411,180000,129,0
25844,Adamantite Rod,INTERMEDIATE,VENDOR,1,246960,180000,137,0
25844,Adamantite Rod,INTERMEDIATE,VENDOR,1,244490,180000,135,0
25844,Adamantite Rod,INTERMEDIATE,VENDOR,1,237155,180000,131,0
25844,Adamantite Rod,INTERMEDIATE,VENDOR,1,232411,180000,129,0
2840,Copper Bar,INTERMEDIATE,UNSOURCED,7,49,20,245,0
2840,Copper Bar,INTERMEDIATE,UNSOURCED,2,48,20,240,0
6037,Truesilver Bar,INTERMEDIATE,TRAINER,4,4813,4120,116,0
6037,Truesilver Bar,INTERMEDIATE,TRAINER,9,4668,4120,113,0
23519,Felsteel Helm,GEAR,DROP,1,19,8,237,0
23519,Felsteel Helm,GEAR,DROP,1,18,8,225,0
23519,Felsteel Helm,GEAR,DROP,1,17,8,212,0
29529,Drums of Battle,MISC,VENDOR,1,127234,162000,78,1
29529,Drums of Battle,MISC,VENDOR,1,125961,162000,77,1
29529,Drums of Battle,MISC,VENDOR,1,127234,162000,78,1
29529,Drums of Battle,MISC,VENDOR,1,125961,162000,77,1
29529,Drums of Battle,MISC,VENDOR,1,127234,162000,78,1
29529,Drums of Battle,MISC,VENDOR,1,125961,162000,77,1
29529,Drums of Battle,MISC,VENDOR,1,127234,162000,78,1
29529,Drums of Battle,MISC,VENDOR,1,125961,162000,77,1
29529,Drums of Battle,MISC,VENDOR,1,127234,162000,78,1
29529,Drums of Battle,MISC,VENDOR,1,125961,162000,77,1
29529,Drums of Battle,MISC,VENDOR,1,127234,162000,78,1
29529,Drums of Battle,MISC,VENDOR,1,125961,162000,77,1
22449,Large Prismatic Shard,INTERMEDIATE,VENDOR,3,177984,240000,74,1
22449,Large Prismatic Shard,INTERMEDIATE,VENDOR,7,170864,240000,71,1
23774,Fel Iron Toolbox,BAG,VENDOR,1,138652,104000,133,0
23774,Fel Iron Toolbox,BAG,VENDOR,1,135878,104000,130,0
23774,Fel Iron Toolbox,BAG,VENDOR,1,138652,104000,133,0
4233,Cured Medium Hide,INTERMEDIATE,TRAINER,6,990,807,122,0
23519,Felsteel Helm,GEAR,DROP,1,7,8,87,1
23519,Felsteel Helm,GEAR,DROP,1,6,8,75,1
23519,Felsteel Helm,GEAR,DROP,1,7,8,87,1
23519,Felsteel Helm,GEAR,DROP,1,6,8,75,1
23519,Felsteel Helm,GEAR,DROP,1,7,8,87,1
23519,Felsteel Helm,GEAR,DROP,1,6,8,75,1
23519,Felsteel Helm,GEAR,DROP,1,7,8,87,1
23519,Felsteel Helm,GEAR,DROP,1,6,8,75,1
23519,Felsteel Helm,GEAR,DROP,1,7,8,87,1
23519,Felsteel Helm,GEAR,DROP,1,6,8,75,1
23519,Felsteel Helm,GEAR,DROP,1,7,8,87,1
23519,Felsteel Helm,GEAR,DROP,1,6,8,75,1
23519,Felsteel Helm,GEAR,DROP,1,7,8,87,1
23519,Felsteel Helm,GEAR,DROP,1,6,8,75,1
22861,Flask of Blinding Light,FLASK,UNSOURCED,20,151242,52000,290,0
22861,Flask of Blinding Light,FLASK,UNSOURCED,5,145192,52000,279,0
22861,Flask of Blinding Light,FLASK,UNSOURCED,3,137932,52000,265,0
24110,Living Ruby Pendant,GEAR,DROP,1,1003023,366000,274,0
24110,Living Ruby Pendant,GEAR,DROP,1,992992,366000,271,0
24110,Living Ruby Pendant,GEAR,DROP,1,1003023,366000,274,0
18251,Core Armor Kit,MISC,DROP,5,19364,28000,69,1
28420,Fel Weightstone,MISC,TRAINER,3,18903,16800,112,0
22252,Satchel of Cenarius,BAG,VENDOR,1,215388,154900,139,0
5081,Kodo Hide Bag,BAG,UNSOURCED,1,1435,853,168,0
3577,Gold Bar,INTERMEDIATE,TRAINER,8,4384,3760,116,0
3577,Gold Bar,INTERMEDIATE,TRAINER,6,4296,3760,114,0
17771,Elementium Bar,MISC,DROP,5,5018060,2472560,202,0
24271,Spellcloth,INTERMEDIATE,VENDOR,3,86016,64001,134,0
24271,Spellcloth,INTERMEDIATE,VENDOR,12,84295,64001,131,0
23517,Felsteel Gloves,GEAR,DROP,1,3,6,50,1
23517,Felsteel Gloves,GEAR,DROP,1,3,6,50,1
23517,Felsteel Gloves,GEAR,DROP,1,3,6,50,1
23517,Felsteel Gloves,GEAR,DROP,1,3,6,50,1
23517,Felsteel Gloves,GEAR,DROP,1,3,6,50,1
23517,Felsteel Gloves,GEAR,DROP,1,3,6,50,1
23517,Felsteel Gloves,GEAR,DROP,1,3,6,50,1
23517,Felsteel Gloves,GEAR,DROP,1,3,6,50,1
23517,Felsteel Gloves,GEAR,DROP,1,3,6,50,1
23517,Felsteel Gloves,GEAR,DROP,1,3,6,50,1
23517,Felsteel Gloves,GEAR,DROP,1,3,6,50,1
23517,Felsteel Gloves,GEAR,DROP,1,3,6,50,1
23517,Felsteel Gloves,GEAR,DROP,1,3,6,50,1
23517,Felsteel Gloves,GEAR,DROP,1,3,6,50,1
23517,Felsteel Gloves,GEAR,DROP,1,3,6,50,1
22445,Arcane Dust,INTERMEDIATE,UNSOURCED,20,3420,5013,68,1
22445,Arcane Dust,INTERMEDIATE,UNSOURCED,3,3317,5013,66,1
22445,Arcane Dust,INTERMEDIATE,UNSOURCED,10,3420,5013,68,1
31080,Mercurial Stone,GEAR,TRAINER,1,127776,96000,133,0
22853,Flask of Mighty Restoration,FLASK,UNSOURCED,12,106722,45000,237,0
17771,Elementium Bar,MISC,DROP,5,5276443,2472560,213,0
24256,Girdle of Ruination,GEAR,DROP,1,1699870,1072000,158,0
23510,Enchanted Adamantite Belt,GEAR,VENDOR,1,45257,40108,112,0
23510,Enchanted Adamantite Belt,GEAR,VENDOR,1,44804,40108,111,0
23510,Enchanted Adamantite Belt,GEAR,VENDOR,1,43907,40108,109,0
22246,Enchanted Mageweave Pouch,BAG,VENDOR,1,54541,43512,125,0
24269,Heavy Netherweave Net,MISC,UNSOURCED,10,31000,14400,215,0
21843,Imbued Netherweave Bag,BAG,VENDOR,1,70301,60005,117,0
21843,Imbued Netherweave Bag,BAG,VENDOR,1,66785,60005,111,0
13459,Greater Shadow Protection Potion,ELIXIR_POT,DROP,5,4748,1812,262,0
13459,Greater Shadow Protection Potion,ELIXIR_POT,DROP,4,4558,1812,251,0
34482,Leatherworker's Satchel,BAG,TRAINER,1,245000,245000,100,0
23447,Eternium Bar,INTERMEDIATE,TRAINER,3,14256,20000,71,1
23447,Eternium Bar,INTERMEDIATE,TRAINER,3,13828,20000,69,1
14342,Mooncloth,INTERMEDIATE,VENDOR,4,17004,15200,111,0
14342,Mooncloth,INTERMEDIATE,VENDOR,2,16493,15200,108,0
40129,Sovereign Dreadstone,GEM_CUT,VENDOR,1,294525,250000,117,0
21887,Knothide Leather,INTERMEDIATE,TRAINER,6,9937,7500,132,0
21887,Knothide Leather,INTERMEDIATE,TRAINER,1,9638,7500,128,0
6051,Holy Protection Potion,ELIXIR_POT,VENDOR,19,237,191,124,0
23448,Felsteel Bar,INTERMEDIATE,TRAINER,4,102600,76000,135,0
23448,Felsteel Bar,INTERMEDIATE,TRAINER,2,100548,76000,132,0
40120,Sparkling Majestic Zircon,GEM_CUT,VENDOR,1,303600,250000,121,0
10050,Mageweave Bag,BAG,TRAINER,1,22334,16992,131,0
10050,Mageweave Bag,BAG,TRAINER,1,22110,16992,130,0
10050,Mageweave Bag,BAG,TRAINER,1,21888,16992,128,0
21845,Primal Mooncloth,INTERMEDIATE,VENDOR,1,82740,64001,129,0
21845,Primal Mooncloth,INTERMEDIATE,VENDOR,11,81085,64001,126,0
31080,Mercurial Stone,GEAR,TRAINER,1,119289,96000,124,0
31080,Mercurial Stone,GEAR,TRAINER,1,113324,96000,118,0
31080,Mercurial Stone,GEAR,TRAINER,1,108791,96000,113,0
33092,Healing Potion Injector,ELIXIR_POT,DROP,5,37232,18400,202,0
33092,Healing Potion Injector,ELIXIR_POT,DROP,5,36859,18400,200,0
33092,Healing Potion Injector,ELIXIR_POT,DROP,20,35753,18400,194,0
33092,Healing Potion Injector,ELIXIR_POT,DROP,20,35037,18400,190,0
33092,Healing Potion Injector,ELIXIR_POT,DROP,20,37232,18400,202,0
33092,Healing Potion Injector,ELIXIR_POT,DROP,5,36859,18400,200,0
33092,Healing Potion Injector,ELIXIR_POT,DROP,20,35753,18400,194,0
33092,Healing Potion Injector,ELIXIR_POT,DROP,20,35037,18400,190,0
33092,Healing Potion Injector,ELIXIR_POT,DROP,20,37232,18400,202,0
33092,Healing Potion Injector,ELIXIR_POT,DROP,20,36859,18400,200,0
33092,Healing Potion Injector,ELIXIR_POT,DROP,20,35753,18400,194,0
33092,Healing Potion Injector,ELIXIR_POT,DROP,5,35037,18400,190,0
33092,Healing Potion Injector,ELIXIR_POT,DROP,20,37232,18400,202,0
33092,Healing Potion Injector,ELIXIR_POT,DROP,20,36859,18400,200,0
33092,Healing Potion Injector,ELIXIR_POT,DROP,5,35753,18400,194,0
33092,Healing Potion Injector,ELIXIR_POT,DROP,20,35037,18400,190,0
33092,Healing Potion Injector,ELIXIR_POT,DROP,20,37232,18400,202,0
33092,Healing Potion Injector,ELIXIR_POT,DROP,20,36859,18400,200,0
33092,Healing Potion Injector,ELIXIR_POT,DROP,5,35753,18400,194,0
33092,Healing Potion Injector,ELIXIR_POT,DROP,10,35037,18400,190,0
21887,Knothide Leather,INTERMEDIATE,TRAINER,6,8250,7500,110,0
2996,Bolt of Linen Cloth,INTERMEDIATE,UNSOURCED,10,219,112,195,0
2996,Bolt of Linen Cloth,INTERMEDIATE,UNSOURCED,1,210,112,187,0
14530,Heavy Runecloth Bandage,MISC,TRAINER,6,4055,4752,85,1
2841,Bronze Bar,INTERMEDIATE,TRAINER,20,62,62,100,0
2841,Bronze Bar,INTERMEDIATE,TRAINER,6,62,62,100,0
11128,Golden Rod,INTERMEDIATE,TRAINER,1,4115,3880,106,0
11128,Golden Rod,INTERMEDIATE,TRAINER,1,3991,3880,102,0
11128,Golden Rod,INTERMEDIATE,TRAINER,1,3880,3880,100,0
11128,Golden Rod,INTERMEDIATE,TRAINER,1,4115,3880,106,0
11128,Golden Rod,INTERMEDIATE,TRAINER,1,3991,3880,102,0
11128,Golden Rod,INTERMEDIATE,TRAINER,1,3880,3880,100,0
11128,Golden Rod,INTERMEDIATE,TRAINER,1,4115,3880,106,0
11128,Golden Rod,INTERMEDIATE,TRAINER,1,3991,3880,102,0
11128,Golden Rod,INTERMEDIATE,TRAINER,1,3880,3880,100,0
11128,Golden Rod,INTERMEDIATE,TRAINER,1,4115,3880,106,0
11128,Golden Rod,INTERMEDIATE,TRAINER,1,3991,3880,102,0
40052,Wicked Monarch Topaz,GEM_CUT,VENDOR,1,211200,150000,140,0
4371,Bronze Tube,INTERMEDIATE,TRAINER,2,253,224,112,0
4371,Bronze Tube,INTERMEDIATE,TRAINER,3,247,224,110,0
30838,Flameheart Gloves,GEAR,VENDOR,1,492450,402000,122,0
24061,Glinting Noble Topaz,GEM_CUT,DROP,1,238464,120000,198,0
24061,Glinting Noble Topaz,GEM_CUT,DROP,1,228925,120000,190,0
24061,Glinting Noble Topaz,GEM_CUT,DROP,1,226635,120000,188,0
21342,Core Felcloth Bag,BAG,DROP,1,973852,353768,275,0
21342,Core Felcloth Bag,BAG,DROP,1,954374,353768,269,0
21342,Core Felcloth Bag,BAG,DROP,1,944830,353768,267,0
40085,Timeless Forest Emerald,GEM_CUT,DROP,1,249750,150000,166,0
40085,Timeless Forest Emerald,GEM_CUT,DROP,1,247252,150000,164,0
10559,Mithril Tube,INTERMEDIATE,TRAINER,9,5433,4518,120,0
10559,Mithril Tube,INTERMEDIATE,TRAINER,2,5215,4518,115,0
34482,Leatherworker's Satchel,BAG,TRAINER,1,245000,245000,100,0
2840,Copper Bar,INTERMEDIATE,UNSOURCED,3,33,20,165,0
2840,Copper Bar,INTERMEDIATE,UNSOURCED,8,31,20,155,0
25894,Swift Skyfire Diamond,GEM_CUT,VENDOR,1,458640,360000,127,0
25894,Swift Skyfire Diamond,GEM_CUT,VENDOR,1,449467,360000,124,0
3823,Lesser Invisibility Potion,ELIXIR_POT,TRAINER,20,1019,1019,100,0
4238,Linen Bag,BAG,TRAINER,1,387,366,105,0
4238,Linen Bag,BAG,TRAINER,1,379,366,103,0
4238,Linen Bag,BAG,TRAINER,1,366,366,100,0
10841,Goldthorn Tea,FOOD,UNSOURCED,5,517,232,222,0
10841,Goldthorn Tea,FOOD,UNSOURCED,5,496,232,213,0
10841,Goldthorn Tea,FOOD,UNSOURCED,20,481,232,207,0
10841,Goldthorn Tea,FOOD,UNSOURCED,5,466,232,200,0
10841,Goldthorn Tea,FOOD,UNSOURCED,20,517,232,222,0
10841,Goldthorn Tea,FOOD,UNSOURCED,1,496,232,213,0
3382,Weak Troll's Blood Elixir,ELIXIR_POT,TRAINER,5,240,207,115,0
3382,Weak Troll's Blood Elixir,ELIXIR_POT,TRAINER,4,235,207,113,0
24093,Pendant of Thawing,GEAR,VENDOR,1,511561,406002,125,0
24093,Pendant of Thawing,GEAR,VENDOR,1,501329,406002,123,0
24093,Pendant of Thawing,GEAR,VENDOR,1,481275,406002,118,0
24274,Runic Spellthread,MISC,VENDOR,4,520911,405000,128,0
34482,Leatherworker's Satchel,BAG,TRAINER,1,245000,245000,100,0
34482,Leatherworker's Satchel,BAG,TRAINER,1,245000,245000,100,0
34482,Leatherworker's Satchel,BAG,TRAINER,1,245000,245000,100,0
31080,Mercurial Stone,GEAR,TRAINER,1,106483,96000,110,0
31080,Mercurial Stone,GEAR,TRAINER,1,103288,96000,107,0
32210,Great Lionseye,GEM_CUT,DROP,1,443700,250000,177,0
32210,Great Lionseye,GEM_CUT,DROP,1,430389,250000,172,0
32210,Great Lionseye,GEM_CUT,DROP,1,408869,250000,163,0
24271,Spellcloth,INTERMEDIATE,VENDOR,3,80538,64001,125,0
24271,Spellcloth,INTERMEDIATE,VENDOR,4,78927,64001,123,0
22246,Enchanted Mageweave Pouch,BAG,VENDOR,1,64027,43512,147,0
22246,Enchanted Mageweave Pouch,BAG,VENDOR,1,62746,43512,144,0
20007,Mageblood Elixir,ELIXIR_POT,VENDOR,11,4857,4002,121,0
6371,Fire Oil,INTERMEDIATE,TRAINER,6,72,64,112,0
6371,Fire Oil,INTERMEDIATE,TRAINER,7,71,64,110,0
10051,Red Mageweave Bag,BAG,TRAINER,1,23214,20092,115,0
10051,Red Mageweave Bag,BAG,TRAINER,1,22981,20092,114,0
32194,Delicate Crimson Spinel,GEM_CUT,VENDOR,1,304850,250000,121,0
13453,Elixir of Brute Force,ELIXIR_POT,TRAINER,10,5964,5470,109,0
32836,Purified Shadow Pearl,GEM_CUT,TRAINER,1,7498,9280,80,1
32836,Purified Shadow Pearl,GEM_CUT,TRAINER,1,7123,9280,76,1
32836,Purified Shadow Pearl,GEM_CUT,TRAINER,1,6766,9280,72,1
32836,Purified Shadow Pearl,GEM_CUT,TRAINER,1,7498,9280,80,1
32836,Purified Shadow Pearl,GEM_CUT,TRAINER,1,7123,9280,76,1
32836,Purified Shadow Pearl,GEM_CUT,TRAINER,1,6766,9280,72,1
32836,Purified Shadow Pearl,GEM_CUT,TRAINER,1,7498,9280,80,1
32836,Purified Shadow Pearl,GEM_CUT,TRAINER,1,7123,9280,76,1
32836,Purified Shadow Pearl,GEM_CUT,TRAINER,1,6766,9280,72,1
32836,Purified Shadow Pearl,GEM_CUT,TRAINER,1,7498,9280,80,1
32836,Purified Shadow Pearl,GEM_CUT,TRAINER,1,7123,9280,76,1
32836,Purified Shadow Pearl,GEM_CUT,TRAINER,1,6766,9280,72,1
32836,Purified Shadow Pearl,GEM_CUT,TRAINER,1,7498,9280,80,1
13513,Flask of Chromatic Resistance,FLASK,DROP,20,31700,20250,156,0
13513,Flask of Chromatic Resistance,FLASK,DROP,5,30749,20250,151,0
13513,Flask of Chromatic Resistance,FLASK,DROP,5,30441,20250,150,0
23518,Felsteel Leggings,GEAR,DROP,1,18,8,225,0
23518,Felsteel Leggings,GEAR,DROP,1,17,8,212,0
34106,Netherscale Ammo Pouch,MISC,VENDOR,1,796092,652000,122,0
34106,Netherscale Ammo Pouch,MISC,VENDOR,1,764248,652000,117,0
32833,Purified Jaggal Pearl,GEM_CUT,TRAINER,1,7002,9280,75,1
32833,Purified Jaggal Pearl,GEM_CUT,TRAINER,1,6651,9280,71,1
32833,Purified Jaggal Pearl,GEM_CUT,TRAINER,1,7002,9280,75,1
32833,Purified Jaggal Pearl,GEM_CUT,TRAINER,1,6651,9280,71,1
32833,Purified Jaggal Pearl,GEM_CUT,TRAINER,1,7002,9280,75,1
32833,Purified Jaggal Pearl,GEM_CUT,TRAINER,1,6651,9280,71,1
32833,Purified Jaggal Pearl,GEM_CUT,TRAINER,1,7002,9280,75,1
32833,Purified Jaggal Pearl,GEM_CUT,TRAINER,1,6651,9280,71,1
32833,Purified Jaggal Pearl,GEM_CUT,TRAINER,1,7002,9280,75,1
32833,Purified Jaggal Pearl,GEM_CUT,TRAINER,1,6651,9280,71,1
32833,Purified Jaggal Pearl,GEM_CUT,TRAINER,1,7002,9280,75,1
32833,Purified Jaggal Pearl,GEM_CUT,TRAINER,1,6651,9280,71,1
32833,Purified Jaggal Pearl,GEM_CUT,TRAINER,1,7002,9280,75,1
22761,Bramblewood Belt,GEAR,VENDOR,1,20106,22849,87,1
22761,Bramblewood Belt,GEAR,VENDOR,1,19502,22849,85,1
22761,Bramblewood Belt,GEAR,VENDOR,1,20106,22849,87,1
22761,Bramblewood Belt,GEAR,VENDOR,1,19502,22849,85,1
22761,Bramblewood Belt,GEAR,VENDOR,1,20106,22849,87,1
22761,Bramblewood Belt,GEAR,VENDOR,1,19502,22849,85,1
32836,Purified Shadow Pearl,GEM_CUT,TRAINER,1,8093,9280,87,1
32836,Purified Shadow Pearl,GEM_CUT,TRAINER,1,7850,9280,84,1
32836,Purified Shadow Pearl,GEM_CUT,TRAINER,1,7771,9280,83,1
32836,Purified Shadow Pearl,GEM_CUT,TRAINER,1,7693,9280,82,1
32836,Purified Shadow Pearl,GEM_CUT,TRAINER,1,8093,9280,87,1
32836,Purified Shadow Pearl,GEM_CUT,TRAINER,1,7850,9280,84,1
32836,Purified Shadow Pearl,GEM_CUT,TRAINER,1,7771,9280,83,1
32836,Purified Shadow Pearl,GEM_CUT,TRAINER,1,7693,9280,82,1
32836,Purified Shadow Pearl,GEM_CUT,TRAINER,1,8093,9280,87,1
32836,Purified Shadow Pearl,GEM_CUT,TRAINER,1,7850,9280,84,1
32836,Purified Shadow Pearl,GEM_CUT,TRAINER,1,7771,9280,83,1
32836,Purified Shadow Pearl,GEM_CUT,TRAINER,1,7693,9280,82,1
23774,Fel Iron Toolbox,BAG,VENDOR,1,144414,104000,138,0
23774,Fel Iron Toolbox,BAG,VENDOR,1,138637,104000,133,0
23774,Fel Iron Toolbox,BAG,VENDOR,1,133091,104000,127,0
7071,Iron Buckle,INTERMEDIATE,TRAINER,5,568,450,126,0
7071,Iron Buckle,INTERMEDIATE,TRAINER,5,556,450,123,0
7071,Iron Buckle,INTERMEDIATE,TRAINER,5,568,450,126,0
7071,Iron Buckle,INTERMEDIATE,TRAINER,5,556,450,123,0
7071,Iron Buckle,INTERMEDIATE,TRAINER,5,568,450,126,0
7071,Iron Buckle,INTERMEDIATE,TRAINER,4,556,450,123,0
7071,Iron Buckle,INTERMEDIATE,TRAINER,1,568,450,126,0
23513,Flamebane Breastplate,GEAR,VENDOR,1,682598,512000,133,0
23513,Flamebane Breastplate,GEAR,VENDOR,1,668946,512000,130,0
23513,Flamebane Breastplate,GEAR,VENDOR,1,662256,512000,129,0
33092,Healing Potion Injector,ELIXIR_POT,DROP,20,53176,18400,289,0
33092,Healing Potion Injector,ELIXIR_POT,DROP,20,51580,18400,280,0
33092,Healing Potion Injector,ELIXIR_POT,DROP,5,53176,18400,289,0
33092,Healing Potion Injector,ELIXIR_POT,DROP,20,51580,18400,280,0
33092,Healing Potion Injector,ELIXIR_POT,DROP,5,53176,18400,289,0
33092,Healing Potion Injector,ELIXIR_POT,DROP,5,51580,18400,280,0
33092,Healing Potion Injector,ELIXIR_POT,DROP,5,53176,18400,289,0
33092,Healing Potion Injector,ELIXIR_POT,DROP,5,51580,18400,280,0
33092,Healing Potion Injector,ELIXIR_POT,DROP,5,53176,18400,289,0
33092,Healing Potion Injector,ELIXIR_POT,DROP,5,51580,18400,280,0
33092,Healing Potion Injector,ELIXIR_POT,DROP,20,53176,18400,289,0
33092,Healing Potion Injector,ELIXIR_POT,DROP,5,51580,18400,280,0
33092,Healing Potion Injector,ELIXIR_POT,DROP,5,53176,18400,289,0
33092,Healing Potion Injector,ELIXIR_POT,DROP,20,51580,18400,280,0
33092,Healing Potion Injector,ELIXIR_POT,DROP,5,53176,18400,289,0
33092,Healing Potion Injector,ELIXIR_POT,DROP,20,51580,18400,280,0
33092,Healing Potion Injector,ELIXIR_POT,DROP,20,53176,18400,289,0
33092,Healing Potion Injector,ELIXIR_POT,DROP,5,51580,18400,280,0
33092,Healing Potion Injector,ELIXIR_POT,DROP,20,53176,18400,289,0
33092,Healing Potion Injector,ELIXIR_POT,DROP,5,51580,18400,280,0
33092,Healing Potion Injector,ELIXIR_POT,DROP,20,53176,18400,289,0
33092,Healing Potion Injector,ELIXIR_POT,DROP,20,51580,18400,280,0
33092,Healing Potion Injector,ELIXIR_POT,DROP,20,53176,18400,289,0
13458,Greater Nature Protection Potion,ELIXIR_POT,DROP,5,6951,3360,206,0
13458,Greater Nature Protection Potion,ELIXIR_POT,DROP,8,6603,3360,196,0
29489,Enchanted Felscale Leggings,GEAR,VENDOR,1,687456,496000,138,0
4305,Bolt of Silk Cloth,INTERMEDIATE,TRAINER,2,2811,2376,118,0
4305,Bolt of Silk Cloth,INTERMEDIATE,TRAINER,6,2698,2376,113,0
10507,Solid Dynamite,INTERMEDIATE,TRAINER,20,935,885,105,0
10507,Solid Dynamite,INTERMEDIATE,TRAINER,1,906,885,102,0
10507,Solid Dynamite,INTERMEDIATE,TRAINER,1,887,885,100,0
22854,Flask of Relentless Assault,FLASK,UNSOURCED,20,129267,45000,287,0
22854,Flask of Relentless Assault,FLASK,UNSOURCED,5,127974,45000,284,0
22854,Flask of Relentless Assault,FLASK,UNSOURCED,5,121575,45000,270,0
23747,Felsteel Boomstick,GEAR,DROP,1,19976,24011,83,1
23747,Felsteel Boomstick,GEAR,DROP,1,19776,24011,82,1
23747,Felsteel Boomstick,GEAR,DROP,1,19380,24011,80,1
23747,Felsteel Boomstick,GEAR,DROP,1,19976,24011,83,1
23747,Felsteel Boomstick,GEAR,DROP,1,19776,24011,82,1
23747,Felsteel Boomstick,GEAR,DROP,1,19380,24011,80,1
23747,Felsteel Boomstick,GEAR,DROP,1,19976,24011,83,1
23747,Felsteel Boomstick,GEAR,DROP,1,19776,24011,82,1
23747,Felsteel Boomstick,GEAR,DROP,1,19380,24011,80,1
23747,Felsteel Boomstick,GEAR,DROP,1,19976,24011,83,1
23747,Felsteel Boomstick,GEAR,DROP,1,19776,24011,82,1
23747,Felsteel Boomstick,GEAR,DROP,1,19380,24011,80,1
23747,Felsteel Boomstick,GEAR,DROP,1,19976,24011,83,1
17771,Elementium Bar,MISC,DROP,2,3600047,2472560,145,0
33093,Mana Potion Injector,ELIXIR_POT,DROP,5,23978,14400,166,0
33093,Mana Potion Injector,ELIXIR_POT,DROP,5,23258,14400,161,0
33093,Mana Potion Injector,ELIXIR_POT,DROP,20,23978,14400,166,0
33093,Mana Potion Injector,ELIXIR_POT,DROP,5,23258,14400,161,0
33093,Mana Potion Injector,ELIXIR_POT,DROP,5,23978,14400,166,0
33093,Mana Potion Injector,ELIXIR_POT,DROP,20,23258,14400,161,0
33093,Mana Potion Injector,ELIXIR_POT,DROP,5,23978,14400,166,0
33093,Mana Potion Injector,ELIXIR_POT,DROP,5,23258,14400,161,0
33093,Mana Potion Injector,ELIXIR_POT,DROP,5,23978,14400,166,0
33093,Mana Potion Injector,ELIXIR_POT,DROP,5,23258,14400,161,0
33093,Mana Potion Injector,ELIXIR_POT,DROP,20,23978,14400,166,0
33093,Mana Potion Injector,ELIXIR_POT,DROP,20,23258,14400,161,0
33093,Mana Potion Injector,ELIXIR_POT,DROP,5,23978,14400,166,0
33093,Mana Potion Injector,ELIXIR_POT,DROP,5,23258,14400,161,0
33093,Mana Potion Injector,ELIXIR_POT,DROP,5,23978,14400,166,0
33093,Mana Potion Injector,ELIXIR_POT,DROP,5,23258,14400,161,0
33093,Mana Potion Injector,ELIXIR_POT,DROP,5,23978,14400,166,0
33093,Mana Potion Injector,ELIXIR_POT,DROP,5,23258,14400,161,0
33093,Mana Potion Injector,ELIXIR_POT,DROP,5,23978,14400,166,0
33093,Mana Potion Injector,ELIXIR_POT,DROP,20,23258,14400,161,0
33093,Mana Potion Injector,ELIXIR_POT,DROP,5,23978,14400,166,0
33093,Mana Potion Injector,ELIXIR_POT,DROP,5,23258,14400,161,0
33093,Mana Potion Injector,ELIXIR_POT,DROP,20,23978,14400,166,0
33093,Mana Potion Injector,ELIXIR_POT,DROP,5,23258,14400,161,0
33093,Mana Potion Injector,ELIXIR_POT,DROP,5,23978,14400,166,0
33093,Mana Potion Injector,ELIXIR_POT,DROP,20,23258,14400,161,0
33093,Mana Potion Injector,ELIXIR_POT,DROP,5,23978,14400,166,0
33093,Mana Potion Injector,ELIXIR_POT,DROP,5,23258,14400,161,0
33093,Mana Potion Injector,ELIXIR_POT,DROP,20,23978,14400,166,0
33093,Mana Potion Injector,ELIXIR_POT,DROP,5,23258,14400,161,0
33093,Mana Potion Injector,ELIXIR_POT,DROP,5,23978,14400,166,0
33093,Mana Potion Injector,ELIXIR_POT,DROP,5,23258,14400,161,0
17771,Elementium Bar,MISC,DROP,5,6252609,2472560,252,0
24269,Heavy Netherweave Net,MISC,UNSOURCED,2,30337,14400,210,0
25843,Fel Iron Rod,INTERMEDIATE,TRAINER,1,74037,72000,102,0
25843,Fel Iron Rod,INTERMEDIATE,TRAINER,1,72000,72000,100,0
25843,Fel Iron Rod,INTERMEDIATE,TRAINER,1,72000,72000,100,0
25843,Fel Iron Rod,INTERMEDIATE,TRAINER,1,72000,72000,100,0
25843,Fel Iron Rod,INTERMEDIATE,TRAINER,1,74037,72000,102,0
25843,Fel Iron Rod,INTERMEDIATE,TRAINER,1,72000,72000,100,0
25843,Fel Iron Rod,INTERMEDIATE,TRAINER,1,72000,72000,100,0
25843,Fel Iron Rod,INTERMEDIATE,TRAINER,1,72000,72000,100,0
25843,Fel Iron Rod,INTERMEDIATE,TRAINER,1,74037,72000,102,0
25843,Fel Iron Rod,INTERMEDIATE,TRAINER,1,72000,72000,100,0
25843,Fel Iron Rod,INTERMEDIATE,TRAINER,1,72000,72000,100,0
25843,Fel Iron Rod,INTERMEDIATE,TRAINER,1,72000,72000,100,0
4363,Copper Modulator,INTERMEDIATE,TRAINER,4,191,172,111,0
4363,Copper Modulator,INTERMEDIATE,TRAINER,8,181,172,105,0
23774,Fel Iron Toolbox,BAG,VENDOR,1,121513,104000,116,0
23774,Fel Iron Toolbox,BAG,VENDOR,1,115437,104000,110,0
23774,Fel Iron Toolbox,BAG,VENDOR,1,109665,104000,105,0
6370,Blackmouth Oil,INTERMEDIATE,TRAINER,5,50,50,100,0
6370,Blackmouth Oil,INTERMEDIATE,TRAINER,1,50,50,100,0
21842,Bolt of Imbued Netherweave,INTERMEDIATE,VENDOR,12,93886,82026,114,0
21842,Bolt of Imbued Netherweave,INTERMEDIATE,VENDOR,3,92947,82026,113,0
21840,Bolt of Netherweave,INTERMEDIATE,TRAINER,10,30729,28800,106,0
5476,Fillet of Frenzy,FOOD,VENDOR,20,51,42,121,0
5476,Fillet of Frenzy,FOOD,VENDOR,5,49,42,116,0
5476,Fillet of Frenzy,FOOD,VENDOR,5,51,42,121,0
5476,Fillet of Frenzy,FOOD,VENDOR,5,49,42,116,0
5476,Fillet of Frenzy,FOOD,VENDOR,3,51,42,121,0
42420,Shadow Crystal Focusing Lens,MISC,TRAINER,1,22050,20000,110,0
42420,Shadow Crystal Focusing Lens,MISC,TRAINER,1,21388,20000,106,0
42420,Shadow Crystal Focusing Lens,MISC,TRAINER,1,20746,20000,103,0
13511,Flask of Distilled Wisdom,FLASK,DROP,20,32997,13430,245,0
13511,Flask of Distilled Wisdom,FLASK,DROP,5,32667,13430,243,0
13511,Flask of Distilled Wisdom,FLASK,DROP,3,32340,13430,240,0
24089,Blazing Eternium Band,GEAR,DROP,1,1381273,512000,269,0
40133,Purified Dreadstone,GEM_CUT,VENDOR,1,343875,250000,137,0
40133,Purified Dreadstone,GEM_CUT,VENDOR,1,336997,250000,134,0
40133,Purified Dreadstone,GEM_CUT,VENDOR,1,330257,250000,132,0
22449,Large Prismatic Shard,INTERMEDIATE,VENDOR,20,183912,240000,76,1
22449,Large Prismatic Shard,INTERMEDIATE,VENDOR,2,182072,240000,75,1
22449,Large Prismatic Shard,INTERMEDIATE,VENDOR,8,183912,240000,76,1
33092,Healing Potion Injector,ELIXIR_POT,DROP,20,47656,18400,259,0
33092,Healing Potion Injector,ELIXIR_POT,DROP,5,46702,18400,253,0
33092,Healing Potion Injector,ELIXIR_POT,DROP,5,44366,18400,241,0
33092,Healing Potion Injector,ELIXIR_POT,DROP,20,47656,18400,259,0
33092,Healing Potion Injector,ELIXIR_POT,DROP,20,46702,18400,253,0
33092,Healing Potion Injector,ELIXIR_POT,DROP,5,44366,18400,241,0
33092,Healing Potion Injector,ELIXIR_POT,DROP,20,47656,18400,259,0
33092,Healing Potion Injector,ELIXIR_POT,DROP,20,46702,18400,253,0
33092,Healing Potion Injector,ELIXIR_POT,DROP,5,44366,18400,241,0
33092,Healing Potion Injector,ELIXIR_POT,DROP,20,47656,18400,259,0
33092,Healing Potion Injector,ELIXIR_POT,DROP,20,46702,18400,253,0
33092,Healing Potion Injector,ELIXIR_POT,DROP,20,44366,18400,241,0
33092,Healing Potion Injector,ELIXIR_POT,DROP,20,47656,18400,259,0
33092,Healing Potion Injector,ELIXIR_POT,DROP,5,46702,18400,253,0
33092,Healing Potion Injector,ELIXIR_POT,DROP,20,44366,18400,241,0
33092,Healing Potion Injector,ELIXIR_POT,DROP,15,47656,18400,259,0
4245,Small Silk Pack,BAG,TRAINER,1,9014,8640,104,0
4245,Small Silk Pack,BAG,TRAINER,1,8923,8640,103,0
4245,Small Silk Pack,BAG,TRAINER,1,8640,8640,100,0
21876,Primal Mooncloth Bag,BAG,VENDOR,1,647740,504000,128,0
12655,Enchanted Thorium Bar,INTERMEDIATE,TRAINER,1,47489,36825,128,0
12655,Enchanted Thorium Bar,INTERMEDIATE,TRAINER,4,47014,36825,127,0
5765,Black Silk Pack,BAG,DROP,1,21191,13280,159,0
24267,Battlecast Hood,GEAR,DROP,1,4772406,1616012,295,0
24267,Battlecast Hood,GEAR,DROP,1,4533785,1616012,280,0
23517,Felsteel Gloves,GEAR,DROP,1,4,6,66,1
23517,Felsteel Gloves,GEAR,DROP,1,3,6,50,1
23517,Felsteel Gloves,GEAR,DROP,1,3,6,50,1
23517,Felsteel Gloves,GEAR,DROP,1,4,6,66,1
23517,Felsteel Gloves,GEAR,DROP,1,3,6,50,1
23517,Felsteel Gloves,GEAR,DROP,1,3,6,50,1
23517,Felsteel Gloves,GEAR,DROP,1,4,6,66,1
40029,Balanced Twilight Opal,GEM_CUT,TRAINER,1,191400,150000,127,0
40029,Balanced Twilight Opal,GEM_CUT,TRAINER,1,187572,150000,125,0
24272,Shadowcloth,INTERMEDIATE,VENDOR,6,85536,64001,133,0
22853,Flask of Mighty Restoration,FLASK,UNSOURCED,20,106281,45000,236,0
22853,Flask of Mighty Restoration,FLASK,UNSOURCED,5,103092,45000,229,0
22853,Flask of Mighty Restoration,FLASK,UNSOURCED,3,98968,45000,219,0
3486,Heavy Grinding Stone,INTERMEDIATE,TRAINER,6,1339,1035,129,0
24264,Whitemend Hood,GEAR,DROP,1,2513016,1520000,165,0
24264,Whitemend Hood,GEAR,DROP,1,2387365,1520000,157,0
24264,Whitemend Hood,GEAR,DROP,1,2513016,1520000,165,0
32193,Bold Crimson Spinel,GEM_CUT,VENDOR,1,282625,250000,113,0
32193,Bold Crimson Spinel,GEM_CUT,VENDOR,1,276972,250000,110,0
32193,Bold Crimson Spinel,GEM_CUT,VENDOR,1,265893,250000,106,0
20074,Heavy Crocolisk Stew,FOOD,VENDOR,16,552,460,120,0
23774,Fel Iron Toolbox,BAG,VENDOR,1,152880,104000,147,0
5765,Black Silk Pack,BAG,DROP,1,30660,13280,230,0
5765,Black Silk Pack,BAG,DROP,1,30046,13280,226,0
5765,Black Silk Pack,BAG,DROP,1,30660,13280,230,0
44554,Flying Carpet,MISC,TRAINER,1,264620,254052,104,0
44554,Flying Carpet,MISC,TRAINER,1,261973,254052,103,0
44554,Flying Carpet,MISC,TRAINER,1,254052,254052,100,0
44554,Flying Carpet,MISC,TRAINER,1,264620,254052,104,0
21867,Arcanoweave Boots,GEAR,DROP,1,393680,282208,139,0
21867,Arcanoweave Boots,GEAR,DROP,1,373996,282208,132,0
14529,Runecloth Bandage,MISC,TRAINER,11,2283,2376,96,1
23517,Felsteel Gloves,GEAR,DROP,1,4,6,66,1
23517,Felsteel Gloves,GEAR,DROP,1,3,6,50,1
23517,Felsteel Gloves,GEAR,DROP,1,3,6,50,1
23517,Felsteel Gloves,GEAR,DROP,1,4,6,66,1
23517,Felsteel Gloves,GEAR,DROP,1,3,6,50,1
23517,Felsteel Gloves,GEAR,DROP,1,3,6,50,1
23517,Felsteel Gloves,GEAR,DROP,1,4,6,66,1
24251,Blackstrike Bracers,GEAR,DROP,1,664585,256004,259,0
24251,Blackstrike Bracers,GEAR,DROP,1,651293,256004,254,0
12217,Dragonbreath Chili,FOOD,VENDOR,5,2525,1958,128,0
4305,Bolt of Silk Cloth,INTERMEDIATE,TRAINER,10,2820,2376,118,0
4305,Bolt of Silk Cloth,INTERMEDIATE,TRAINER,3,2791,2376,117,0
4241,Green Woolen Bag,BAG,DROP,1,3518,1832,192,0
4241,Green Woolen Bag,BAG,DROP,1,3482,1832,190,0
4241,Green Woolen Bag,BAG,DROP,1,3518,1832,192,0
3470,Rough Grinding Stone,INTERMEDIATE,TRAINER,9,24,24,100,0
3470,Rough Grinding Stone,INTERMEDIATE,TRAINER,2,24,24,100,0
24269,Heavy Netherweave Net,MISC,UNSOURCED,10,40194,14400,279,0
40164,Timeless Eye of Zul,GEM_CUT,VENDOR,1,292800,250000,117,0
40164,Timeless Eye of Zul,GEM_CUT,VENDOR,1,281088,250000,112,0
23449,Khorium Bar,INTERMEDIATE,TRAINER,5,48000,40000,120,0
23449,Khorium Bar,INTERMEDIATE,TRAINER,2,47040,40000,117,0
9206,Elixir of Giants,ELIXIR_POT,DROP,5,3500,1800,194,0
9206,Elixir of Giants,ELIXIR_POT,DROP,5,3325,1800,184,0
9206,Elixir of Giants,ELIXIR_POT,DROP,1,3225,1800,179,0
24269,Heavy Netherweave Net,MISC,UNSOURCED,4,42456,14400,294,0
23538,Bracers of the Green Fortress,GEAR,DROP,1,1969936,720006,273,0
23538,Bracers of the Green Fortress,GEAR,DROP,1,1871439,720006,259,0
23538,Bracers of the Green Fortress,GEAR,DROP,1,1969936,720006,273,0
21841,Netherweave Bag,BAG,TRAINER,1,101282,101000,100,0
21841,Netherweave Bag,BAG,TRAINER,1,101000,101000,100,0
13458,Greater Nature Protection Potion,ELIXIR_POT,DROP,5,10311,3360,306,0
13458,Greater Nature Protection Potion,ELIXIR_POT,DROP,13,10001,3360,297,0
2996,Bolt of Linen Cloth,INTERMEDIATE,UNSOURCED,9,309,112,275,0
2996,Bolt of Linen Cloth,INTERMEDIATE,UNSOURCED,6,305,112,272,0
4305,Bolt of Silk Cloth,INTERMEDIATE,TRAINER,2,2663,2376,112,0
4305,Bolt of Silk Cloth,INTERMEDIATE,TRAINER,5,2609,2376,109,0
34330,Heavy Knothide Armor Kit,MISC,TRAINER,10,60840,75000,81,1
34330,Heavy Knothide Armor Kit,MISC,TRAINER,1,58406,75000,77,1
23774,Fel Iron Toolbox,BAG,VENDOR,1,116012,104000,111,0
23774,Fel Iron Toolbox,BAG,VENDOR,1,113691,104000,109,0
23774,Fel Iron Toolbox,BAG,VENDOR,1,110280,104000,106,0
22252,Satchel of Cenarius,BAG,VENDOR,1,195855,154900,126,0
22252,Satchel of Cenarius,BAG,VENDOR,1,191937,154900,123,0
40022,Sovereign Twilight Opal,GEM_CUT,DROP,1,210210,150000,140,0
24272,Shadowcloth,INTERMEDIATE,VENDOR,4,69479,64001,108,0
24272,Shadowcloth,INTERMEDIATE,VENDOR,11,66005,64001,103,0
22445,Arcane Dust,INTERMEDIATE,UNSOURCED,20,3961,5013,79,1
22445,Arcane Dust,INTERMEDIATE,UNSOURCED,1,3802,5013,75,1
34330,Heavy Knothide Armor Kit,MISC,TRAINER,6,58650,75000,78,1
30838,Flameheart Gloves,GEAR,VENDOR,1,508489,402000,126,0
30838,Flameheart Gloves,GEAR,VENDOR,1,498319,402000,123,0
30838,Flameheart Gloves,GEAR,VENDOR,1,508489,402000,126,0
2841,Bronze Bar,INTERMEDIATE,TRAINER,20,62,62,100,0
2841,Bronze Bar,INTERMEDIATE,TRAINER,3,62,62,100,0
2841,Bronze Bar,INTERMEDIATE,TRAINER,3,62,62,100,0
22522,Superior Wizard Oil,MISC,VENDOR,1,24242,26039,93,1
22522,Superior Wizard Oil,MISC,VENDOR,1,23272,26039,89,1
22522,Superior Wizard Oil,MISC,VENDOR,1,22573,26039,86,1
22522,Superior Wizard Oil,MISC,VENDOR,1,24242,26039,93,1
22522,Superior Wizard Oil,MISC,VENDOR,1,23272,26039,89,1
22522,Superior Wizard Oil,MISC,VENDOR,1,22573,26039,86,1
22522,Superior Wizard Oil,MISC,VENDOR,1,24242,26039,93,1
22522,Superior Wizard Oil,MISC,VENDOR,1,23272,26039,89,1
22522,Superior Wizard Oil,MISC,VENDOR,1,22573,26039,86,1
22522,Superior Wizard Oil,MISC,VENDOR,1,24242,26039,93,1
33092,Healing Potion Injector,ELIXIR_POT,DROP,20,44229,18400,240,0
33092,Healing Potion Injector,ELIXIR_POT,DROP,5,43344,18400,235,0
33092,Healing Potion Injector,ELIXIR_POT,DROP,20,44229,18400,240,0
33092,Healing Potion Injector,ELIXIR_POT,DROP,5,43344,18400,235,0
33092,Healing Potion Injector,ELIXIR_POT,DROP,20,44229,18400,240,0
33092,Healing Potion Injector,ELIXIR_POT,DROP,20,43344,18400,235,0
33092,Healing Potion Injector,ELIXIR_POT,DROP,5,44229,18400,240,0
33092,Healing Potion Injector,ELIXIR_POT,DROP,20,43344,18400,235,0
33092,Healing Potion Injector,ELIXIR_POT,DROP,20,44229,18400,240,0
33092,Healing Potion Injector,ELIXIR_POT,DROP,20,43344,18400,235,0
33092,Healing Potion Injector,ELIXIR_POT,DROP,5,44229,18400,240,0
33092,Healing Potion Injector,ELIXIR_POT,DROP,5,43344,18400,235,0
33092,Healing Potion Injector,ELIXIR_POT,DROP,20,44229,18400,240,0
33092,Healing Potion Injector,ELIXIR_POT,DROP,5,43344,18400,235,0
33092,Healing Potion Injector,ELIXIR_POT,DROP,20,44229,18400,240,0
33092,Healing Potion Injector,ELIXIR_POT,DROP,20,43344,18400,235,0
33092,Healing Potion Injector,ELIXIR_POT,DROP,20,44229,18400,240,0
33092,Healing Potion Injector,ELIXIR_POT,DROP,5,43344,18400,235,0
33092,Healing Potion Injector,ELIXIR_POT,DROP,20,44229,18400,240,0
33092,Healing Potion Injector,ELIXIR_POT,DROP,5,43344,18400,235,0
33092,Healing Potion Injector,ELIXIR_POT,DROP,20,44229,18400,240,0
21341,Felcloth Bag,BAG,UNSOURCED,1,540756,199240,271,0
21341,Felcloth Bag,BAG,UNSOURCED,1,524533,199240,263,0
21341,Felcloth Bag,BAG,UNSOURCED,1,508797,199240,255,0
21840,Bolt of Netherweave,INTERMEDIATE,TRAINER,3,31190,28800,108,0
21840,Bolt of Netherweave,INTERMEDIATE,TRAINER,7,30878,28800,107,0
38225,Mycah's Botanical Bag,BAG,VENDOR,1,274176,272000,100,0
38225,Mycah's Botanical Bag,BAG,VENDOR,1,272000,272000,100,0
38225,Mycah's Botanical Bag,BAG,VENDOR,1,272000,272000,100,0
22851,Flask of Fortification,FLASK,UNSOURCED,20,131255,48500,270,0
22851,Flask of Fortification,FLASK,UNSOURCED,5,127317,48500,262,0
22851,Flask of Fortification,FLASK,UNSOURCED,3,131255,48500,270,0
21840,Bolt of Netherweave,INTERMEDIATE,TRAINER,1,32287,28800,112,0
21840,Bolt of Netherweave,INTERMEDIATE,TRAINER,7,31641,28800,109,0
34330,Heavy Knothide Armor Kit,MISC,TRAINER,6,67035,75000,89,1
8170,Rugged Leather,INTERMEDIATE,TRAINER,7,7128,7128,100,0
3575,Iron Bar,INTERMEDIATE,TRAINER,5,977,900,108,0
3575,Iron Bar,INTERMEDIATE,TRAINER,6,928,900,103,0
10586,The Big One,INTERMEDIATE,TRAINER,12,7510,7510,100,0
10586,The Big One,INTERMEDIATE,TRAINER,8,7510,7510,100,0
13511,Flask of Distilled Wisdom,FLASK,DROP,16,24854,13430,185,0
22252,Satchel of Cenarius,BAG,VENDOR,1,163574,154900,105,0
22252,Satchel of Cenarius,BAG,VENDOR,1,158666,154900,102,0
22252,Satchel of Cenarius,BAG,VENDOR,1,163574,154900,105,0
40015,Thick Autumn's Glow,GEM_CUT,DROP,1,330615,150000,220,0
22445,Arcane Dust,INTERMEDIATE,UNSOURCED,20,3820,5013,76,1
22445,Arcane Dust,INTERMEDIATE,UNSOURCED,2,3629,5013,72,1
22445,Arcane Dust,INTERMEDIATE,UNSOURCED,8,3820,5013,76,1
5081,Kodo Hide Bag,BAG,UNSOURCED,1,1234,853,144,0
5081,Kodo Hide Bag,BAG,UNSOURCED,1,1196,853,140,0
5081,Kodo Hide Bag,BAG,UNSOURCED,1,1160,853,135,0
7964,Solid Sharpening Stone,MISC,TRAINER,3,671,588,114,0
4233,Cured Medium Hide,INTERMEDIATE,TRAINER,11,897,807,111,0
4233,Cured Medium Hide,INTERMEDIATE,TRAINER,1,888,807,110,0
22522,Superior Wizard Oil,MISC,VENDOR,1,19849,26039,76,1
22522,Superior Wizard Oil,MISC,VENDOR,1,19452,26039,74,1
22522,Superior Wizard Oil,MISC,VENDOR,1,19849,26039,76,1
22522,Superior Wizard Oil,MISC,VENDOR,1,19452,26039,74,1
22522,Superior Wizard Oil,MISC,VENDOR,1,19849,26039,76,1
22522,Superior Wizard Oil,MISC,VENDOR,1,19452,26039,74,1
22522,Superior Wizard Oil,MISC,VENDOR,1,19849,26039,76,1
22522,Superior Wizard Oil,MISC,VENDOR,1,19452,26039,74,1
22522,Superior Wizard Oil,MISC,VENDOR,1,19849,26039,76,1
22522,Superior Wizard Oil,MISC,VENDOR,1,19452,26039,74,1
22522,Superior Wizard Oil,MISC,VENDOR,1,19849,26039,76,1
22522,Superior Wizard Oil,MISC,VENDOR,1,19452,26039,74,1
22522,Superior Wizard Oil,MISC,VENDOR,1,19849,26039,76,1
5764,Green Silk Pack,BAG,DROP,1,27307,11722,232,0
5764,Green Silk Pack,BAG,DROP,1,25941,11722,221,0
21872,Ebon Shadowbag,BAG,VENDOR,1,509796,408000,124,0
21842,Bolt of Imbued Netherweave,INTERMEDIATE,VENDOR,4,96790,82026,117,0
21842,Bolt of Imbued Netherweave,INTERMEDIATE,VENDOR,2,95822,82026,116,0
22645,Crunchy Spider Surprise,FOOD,VENDOR,5,99,76,130,0
22645,Crunchy Spider Surprise,FOOD,VENDOR,15,94,76,123,0
33208,Flask of Chromatic Wonder,FLASK,VENDOR,5,48189,36000,133,0
33208,Flask of Chromatic Wonder,FLASK,VENDOR,5,47707,36000,132,0
33208,Flask of Chromatic Wonder,FLASK,VENDOR,5,45321,36000,125,0
33208,Flask of Chromatic Wonder,FLASK,VENDOR,5,48189,36000,133,0
33208,Flask of Chromatic Wonder,FLASK,VENDOR,5,47707,36000,132,0
33208,Flask of Chromatic Wonder,FLASK,VENDOR,1,45321,36000,125,0
21990,Netherweave Bandage,MISC,TRAINER,5,3801,4800,79,1
21840,Bolt of Netherweave,INTERMEDIATE,TRAINER,7,28800,28800,100,0
21840,Bolt of Netherweave,INTERMEDIATE,TRAINER,8,28800,28800,100,0
24089,Blazing Eternium Band,GEAR,DROP,1,1227264,512000,239,0
33092,Healing Potion Injector,ELIXIR_POT,DROP,20,37904,18400,206,0
33092,Healing Potion Injector,ELIXIR_POT,DROP,5,37145,18400,201,0
33092,Healing Potion Injector,ELIXIR_POT,DROP,5,35659,18400,193,0
33092,Healing Potion Injector,ELIXIR_POT,DROP,5,37904,18400,206,0
33092,Healing Potion Injector,ELIXIR_POT,DROP,5,37145,18400,201,0
33092,Healing Potion Injector,ELIXIR_POT,DROP,5,35659,18400,193,0
33092,Healing Potion Injector,ELIXIR_POT,DROP,5,37904,18400,206,0
33092,Healing Potion Injector,ELIXIR_POT,DROP,20,37145,18400,201,0
33092,Healing Potion Injector,ELIXIR_POT,DROP,20,35659,18400,193,0
33092,Healing Potion Injector,ELIXIR_POT,DROP,20,37904,18400,206,0
33092,Healing Potion Injector,ELIXIR_POT,DROP,20,37145,18400,201,0
33092,Healing Potion Injector,ELIXIR_POT,DROP,20,35659,18400,193,0
33092,Healing Potion Injector,ELIXIR_POT,DROP,20,37904,18400,206,0
33092,Healing Potion Injector,ELIXIR_POT,DROP,20,37145,18400,201,0
33092,Healing Potion Injector,ELIXIR_POT,DROP,5,35659,18400,193,0
33092,Healing Potion Injector,ELIXIR_POT,DROP,5,37904,18400,206,0
33092,Healing Potion Injector,ELIXIR_POT,DROP,20,37145,18400,201,0
33092,Healing Potion Injector,ELIXIR_POT,DROP,20,35659,18400,193,0
33092,Healing Potion Injector,ELIXIR_POT,DROP,20,37904,18400,206,0
33092,Healing Potion Injector,ELIXIR_POT,DROP,20,37145,18400,201,0
33092,Healing Potion Injector,ELIXIR_POT,DROP,5,35659,18400,193,0
33092,Healing Potion Injector,ELIXIR_POT,DROP,5,37904,18400,206,0
33092,Healing Potion Injector,ELIXIR_POT,DROP,20,37145,18400,201,0
33092,Healing Potion Injector,ELIXIR_POT,DROP,20,35659,18400,193,0
33092,Healing Potion Injector,ELIXIR_POT,DROP,5,37904,18400,206,0
33092,Healing Potion Injector,ELIXIR_POT,DROP,5,37145,18400,201,0
33092,Healing Potion Injector,ELIXIR_POT,DROP,5,35659,18400,193,0
33092,Healing Potion Injector,ELIXIR_POT,DROP,20,37904,18400,206,0
33092,Healing Potion Injector,ELIXIR_POT,DROP,20,37145,18400,201,0
33092,Healing Potion Injector,ELIXIR_POT,DROP,15,35659,18400,193,0
7071,Iron Buckle,INTERMEDIATE,TRAINER,5,461,450,102,0
7071,Iron Buckle,INTERMEDIATE,TRAINER,5,451,450,100,0
7071,Iron Buckle,INTERMEDIATE,TRAINER,5,461,450,102,0
7071,Iron Buckle,INTERMEDIATE,TRAINER,4,451,450,100,0
7071,Iron Buckle,INTERMEDIATE,TRAINER,1,461,450,102,0
4238,Linen Bag,BAG,TRAINER,1,465,366,127,0
23446,Adamantite Bar,INTERMEDIATE,TRAINER,5,20160,18000,112,0
23446,Adamantite Bar,INTERMEDIATE,TRAINER,4,19152,18000,106,0
11371,Dark Iron Bar,INTERMEDIATE,UNSOURCED,9,62277,23040,270,0
11371,Dark Iron Bar,INTERMEDIATE,UNSOURCED,3,61031,23040,264,0
34490,Bag of Many Hides,BAG,DROP,1,1331429,627500,212,0
3829,Frost Oil,MISC,VENDOR,5,4355,4040,107,0
21842,Bolt of Imbued Netherweave,INTERMEDIATE,VENDOR,10,101876,82026,124,0
21842,Bolt of Imbued Netherweave,INTERMEDIATE,VENDOR,3,96782,82026,117,0
24269,Heavy Netherweave Net,MISC,UNSOURCED,20,10964,14400,76,1
24269,Heavy Netherweave Net,MISC,UNSOURCED,2,10415,14400,72,1
23446,Adamantite Bar,INTERMEDIATE,TRAINER,1,12722,18000,70,1
23446,Adamantite Bar,INTERMEDIATE,TRAINER,4,12594,18000,69,1
22861,Flask of Blinding Light,FLASK,UNSOURCED,5,143551,52000,276,0
22861,Flask of Blinding Light,FLASK,UNSOURCED,5,136373,52000,262,0
22861,Flask of Blinding Light,FLASK,UNSOURCED,18,130918,52000,251,0
24270,Bag of Jewels,BAG,VENDOR,1,25591,20006,127,0
13457,Greater Fire Protection Potion,ELIXIR_POT,DROP,5,9518,3384,281,0
13457,Greater Fire Protection Potion,ELIXIR_POT,DROP,5,9232,3384,272,0
13457,Greater Fire Protection Potion,ELIXIR_POT,DROP,5,9047,3384,267,0
13457,Greater Fire Protection Potion,ELIXIR_POT,DROP,1,9518,3384,281,0
858,Lesser Healing Potion,ELIXIR_POT,TRAINER,19,232,181,128,0
11144,Truesilver Rod,INTERMEDIATE,TRAINER,1,5146,4720,109,0
11144,Truesilver Rod,INTERMEDIATE,TRAINER,1,4991,4720,105,0
11144,Truesilver Rod,INTERMEDIATE,TRAINER,1,5146,4720,109,0
11144,Truesilver Rod,INTERMEDIATE,TRAINER,1,4991,4720,105,0
11144,Truesilver Rod,INTERMEDIATE,TRAINER,1,5146,4720,109,0
11144,Truesilver Rod,INTERMEDIATE,TRAINER,1,4991,4720,105,0
11144,Truesilver Rod,INTERMEDIATE,TRAINER,1,5146,4720,109,0
11144,Truesilver Rod,INTERMEDIATE,TRAINER,1,4991,4720,105,0
10560,Unstable Trigger,INTERMEDIATE,TRAINER,1,4182,3692,113,0
10560,Unstable Trigger,INTERMEDIATE,TRAINER,5,4056,3692,109,0
31080,Mercurial Stone,GEAR,TRAINER,1,103958,96000,108,0
31080,Mercurial Stone,GEAR,TRAINER,1,99799,96000,103,0
3860,Mithril Bar,INTERMEDIATE,TRAINER,12,1747,1545,113,0
3860,Mithril Bar,INTERMEDIATE,TRAINER,3,1712,1545,110,0
3928,Superior Healing Potion,ELIXIR_POT,TRAINER,10,1643,1581,103,0
3576,Tin Bar,INTERMEDIATE,TRAINER,11,124,107,115,0
13934,Mightfish Steak,FOOD,VENDOR,19,375,293,127,0
23543,Felsteel Reaper,GEAR,DROP,1,3843034,2096010,183,0
23543,Felsteel Reaper,GEAR,DROP,1,3804603,2096010,181,0
31080,Mercurial Stone,GEAR,TRAINER,1,102297,96000,106,0
31080,Mercurial Stone,GEAR,TRAINER,1,100251,96000,104,0
5765,Black Silk Pack,BAG,DROP,1,33234,13280,250,0
5765,Black Silk Pack,BAG,DROP,1,32236,13280,242,0
34490,Bag of Many Hides,BAG,DROP,1,1780907,627500,283,0
2997,Bolt of Woolen Cloth,INTERMEDIATE,TRAINER,5,495,408,121,0
2997,Bolt of Woolen Cloth,INTERMEDIATE,TRAINER,3,475,408,116,0
24256,Girdle of Ruination,GEAR,DROP,1,1585166,1072000,147,0
24256,Girdle of Ruination,GEAR,DROP,1,1569314,1072000,146,0
23518,Felsteel Leggings,GEAR,DROP,1,11,8,137,0
13933,Lobster Stew,FOOD,VENDOR,5,94,79,118,0
20963,Mithril Filigree,INTERMEDIATE,TRAINER,3,3820,3012,126,0
20963,Mithril Filigree,INTERMEDIATE,TRAINER,2,3667,3012,121,0
32207,Gleaming Lionseye,GEM_CUT,VENDOR,1,354750,250000,141,0
32207,Gleaming Lionseye,GEM_CUT,VENDOR,1,351202,250000,140,0
22861,Flask of Blinding Light,FLASK,UNSOURCED,20,140228,52000,269,0
22861,Flask of Blinding Light,FLASK,UNSOURCED,2,136021,52000,261,0
24252,Cloak of the Black Void,GEAR,DROP,1,369419,192006,192,0
24252,Cloak of the Black Void,GEAR,DROP,1,358336,192006,186,0
24275,Silver Spellthread,MISC,VENDOR,1,218625,165000,132,0
23526,Swiftsteel Gloves,GEAR,DROP,1,482930,176008,274,0
23517,Felsteel Gloves,GEAR,DROP,1,12,6,200,0
23517,Felsteel Gloves,GEAR,DROP,1,11,6,183,0
22248,Enchanted Runecloth Bag,BAG,VENDOR,1,712570,551525,129,0
22248,Enchanted Runecloth Bag,BAG,VENDOR,1,684067,551525,124,0
34330,Heavy Knothide Armor Kit,MISC,TRAINER,5,54405,75000,72,1
21842,Bolt of Imbued Netherweave,INTERMEDIATE,VENDOR,13,114975,82026,140,0
21842,Bolt of Imbued Netherweave,INTERMEDIATE,VENDOR,2,113825,82026,138,0
5765,Black Silk Pack,BAG,DROP,1,25624,13280,192,0
5765,Black Silk Pack,BAG,DROP,1,24599,13280,185,0
5765,Black Silk Pack,BAG,DROP,1,23861,13280,179,0
2871,Heavy Sharpening Stone,MISC,TRAINER,1,427,345,123,0
22249,Big Bag of Enchantment,BAG,DROP,1,838092,568430,147,0
22249,Big Bag of Enchantment,BAG,DROP,1,804568,568430,141,0
21858,Spellfire Bag,BAG,VENDOR,1,467000,408004,114,0
21858,Spellfire Bag,BAG,VENDOR,1,452990,408004,111,0
21858,Spellfire Bag,BAG,VENDOR,1,448460,408004,109,0
27651,Buzzard Bites,FOOD,UNSOURCED,10,2203,1200,183,0
22851,Flask of Fortification,FLASK,UNSOURCED,20,101937,48500,210,0
22851,Flask of Fortification,FLASK,UNSOURCED,2,100917,48500,208,0
2318,Light Leather,INTERMEDIATE,UNSOURCED,1,265,132,200,0
2318,Light Leather,INTERMEDIATE,UNSOURCED,6,262,132,198,0
22854,Flask of Relentless Assault,FLASK,UNSOURCED,5,86872,45000,193,0
22854,Flask of Relentless Assault,FLASK,UNSOURCED,5,86003,45000,191,0
22854,Flask of Relentless Assault,FLASK,UNSOURCED,5,84282,45000,187,0
22854,Flask of Relentless Assault,FLASK,UNSOURCED,5,80910,45000,179,0
22854,Flask of Relentless Assault,FLASK,UNSOURCED,5,86872,45000,193,0
22854,Flask of Relentless Assault,FLASK,UNSOURCED,3,86003,45000,191,0
21858,Spellfire Bag,BAG,VENDOR,1,497071,408004,121,0
21858,Spellfire Bag,BAG,VENDOR,1,477188,408004,116,0
4241,Green Woolen Bag,BAG,DROP,1,3600,1832,196,0
4241,Green Woolen Bag,BAG,DROP,1,3528,1832,192,0
4241,Green Woolen Bag,BAG,DROP,1,3600,1832,196,0
27655,Ravager Dog,FOOD,VENDOR,5,1380,1200,115,0
27655,Ravager Dog,FOOD,VENDOR,15,1311,1200,109,0
34490,Bag of Many Hides,BAG,DROP,1,1716338,627500,273,0
34490,Bag of Many Hides,BAG,DROP,1,1699174,627500,270,0
33092,Healing Potion Injector,ELIXIR_POT,DROP,20,33193,18400,180,0
33092,Healing Potion Injector,ELIXIR_POT,DROP,20,32197,18400,174,0
33092,Healing Potion Injector,ELIXIR_POT,DROP,20,33193,18400,180,0
33092,Healing Potion Injector,ELIXIR_POT,DROP,5,32197,18400,174,0
33092,Healing Potion Injector,ELIXIR_POT,DROP,20,33193,18400,180,0
33092,Healing Potion Injector,ELIXIR_POT,DROP,20,32197,18400,174,0
33092,Healing Potion Injector,ELIXIR_POT,DROP,20,33193,18400,180,0
33092,Healing Potion Injector,ELIXIR_POT,DROP,5,32197,18400,174,0
33092,Healing Potion Injector,ELIXIR_POT,DROP,5,33193,18400,180,0
33092,Healing Potion Injector,ELIXIR_POT,DROP,20,32197,18400,174,0
33092,Healing Potion Injector,ELIXIR_POT,DROP,20,33193,18400,180,0
33092,Healing Potion Injector,ELIXIR_POT,DROP,5,32197,18400,174,0
33092,Healing Potion Injector,ELIXIR_POT,DROP,20,33193,18400,180,0
33092,Healing Potion Injector,ELIXIR_POT,DROP,5,32197,18400,174,0
33092,Healing Potion Injector,ELIXIR_POT,DROP,5,33193,18400,180,0
33092,Healing Potion Injector,ELIXIR_POT,DROP,5,32197,18400,174,0
33092,Healing Potion Injector,ELIXIR_POT,DROP,20,33193,18400,180,0
33092,Healing Potion Injector,ELIXIR_POT,DROP,5,32197,18400,174,0
33092,Healing Potion Injector,ELIXIR_POT,DROP,5,33193,18400,180,0
33092,Healing Potion Injector,ELIXIR_POT,DROP,20,32197,18400,174,0
33092,Healing Potion Injector,ELIXIR_POT,DROP,20,33193,18400,180,0
33092,Healing Potion Injector,ELIXIR_POT,DROP,5,32197,18400,174,0
33092,Healing Potion Injector,ELIXIR_POT,DROP,5,33193,18400,180,0
33092,Healing Potion Injector,ELIXIR_POT,DROP,5,32197,18400,174,0
33092,Healing Potion Injector,ELIXIR_POT,DROP,5,33193,18400,180,0
33092,Healing Potion Injector,ELIXIR_POT,DROP,20,32197,18400,174,0
33092,Healing Potion Injector,ELIXIR_POT,DROP,5,33193,18400,180,0
33092,Healing Potion Injector,ELIXIR_POT,DROP,20,32197,18400,174,0
33092,Healing Potion Injector,ELIXIR_POT,DROP,20,33193,18400,180,0
33092,Healing Potion Injector,ELIXIR_POT,DROP,10,32197,18400,174,0
4339,Bolt of Mageweave,INTERMEDIATE,TRAINER,5,5050,5050,100,0
25845,Eternium Rod,INTERMEDIATE,VENDOR,1,122320,80000,152,0
25845,Eternium Rod,INTERMEDIATE,VENDOR,1,118650,80000,148,0
25845,Eternium Rod,INTERMEDIATE,VENDOR,1,122320,80000,152,0
25845,Eternium Rod,INTERMEDIATE,VENDOR,1,118650,80000,148,0
25845,Eternium Rod,INTERMEDIATE,VENDOR,1,122320,80000,152,0
25845,Eternium Rod,INTERMEDIATE,VENDOR,1,118650,80000,148,0
29530,Drums of Speed,MISC,DROP,1,476316,180000,264,0
33092,Healing Potion Injector,ELIXIR_POT,DROP,5,31592,18400,171,0
33092,Healing Potion Injector,ELIXIR_POT,DROP,20,30960,18400,168,0
33092,Healing Potion Injector,ELIXIR_POT,DROP,5,29721,18400,161,0
33092,Healing Potion Injector,ELIXIR_POT,DROP,20,31592,18400,171,0
33092,Healing Potion Injector,ELIXIR_POT,DROP,20,30960,18400,168,0
33092,Healing Potion Injector,ELIXIR_POT,DROP,5,29721,18400,161,0
33092,Healing Potion Injector,ELIXIR_POT,DROP,5,31592,18400,171,0
33092,Healing Potion Injector,ELIXIR_POT,DROP,20,30960,18400,168,0
33092,Healing Potion Injector,ELIXIR_POT,DROP,20,29721,18400,161,0
33092,Healing Potion Injector,ELIXIR_POT,DROP,20,31592,18400,171,0
33092,Healing Potion Injector,ELIXIR_POT,DROP,20,30960,18400,168,0
33092,Healing Potion Injector,ELIXIR_POT,DROP,5,29721,18400,161,0
33092,Healing Potion Injector,ELIXIR_POT,DROP,15,31592,18400,171,0
42420,Shadow Crystal Focusing Lens,MISC,TRAINER,1,16530,20000,82,1
42420,Shadow Crystal Focusing Lens,MISC,TRAINER,1,15703,20000,78,1
42420,Shadow Crystal Focusing Lens,MISC,TRAINER,1,16530,20000,82,1
42420,Shadow Crystal Focusing Lens,MISC,TRAINER,1,15703,20000,78,1
42420,Shadow Crystal Focusing Lens,MISC,TRAINER,1,16530,20000,82,1
42420,Shadow Crystal Focusing Lens,MISC,TRAINER,1,15703,20000,78,1
42420,Shadow Crystal Focusing Lens,MISC,TRAINER,1,16530,20000,82,1
42420,Shadow Crystal Focusing Lens,MISC,TRAINER,1,15703,20000,78,1
42420,Shadow Crystal Focusing Lens,MISC,TRAINER,1,16530,20000,82,1
42420,Shadow Crystal Focusing Lens,MISC,TRAINER,1,15703,20000,78,1
42420,Shadow Crystal Focusing Lens,MISC,TRAINER,1,16530,20000,82,1
42420,Shadow Crystal Focusing Lens,MISC,TRAINER,1,15703,20000,78,1
42420,Shadow Crystal Focusing Lens,MISC,TRAINER,1,16530,20000,82,1
3486,Heavy Grinding Stone,INTERMEDIATE,TRAINER,2,1374,1035,132,0
3486,Heavy Grinding Stone,INTERMEDIATE,TRAINER,8,1360,1035,131,0
40181,Tense Eye of Zul,GEM_CUT,VENDOR,1,295200,250000,118,0
13512,Flask of Supreme Power,FLASK,DROP,5,25881,11430,226,0
13512,Flask of Supreme Power,FLASK,DROP,5,25622,11430,224,0
13512,Flask of Supreme Power,FLASK,DROP,14,24340,11430,212,0
23774,Fel Iron Toolbox,BAG,VENDOR,1,125361,104000,120,0
23774,Fel Iron Toolbox,BAG,VENDOR,1,120346,104000,115,0
22249,Big Bag of Enchantment,BAG,DROP,1,1809198,568430,318,0
22249,Big Bag of Enchantment,BAG,DROP,1,1791106,568430,315,0
24273,Mystic Spellthread,MISC,VENDOR,3,188314,165000,114,0
33924,Delicious Chocolate Cake,FOOD,DROP,1,1789,758,236,0
33924,Delicious Chocolate Cake,FOOD,DROP,1,1699,758,224,0
33924,Delicious Chocolate Cake,FOOD,DROP,1,1789,758,236,0
33924,Delicious Chocolate Cake,FOOD,DROP,1,1699,758,224,0
33924,Delicious Chocolate Cake,FOOD,DROP,1,1789,758,236,0
21844,Bolt of Soulcloth,INTERMEDIATE,VENDOR,8,200678,144000,139,0
3486,Heavy Grinding Stone,INTERMEDIATE,TRAINER,3,1206,1035,116,0
3486,Heavy Grinding Stone,INTERMEDIATE,TRAINER,10,1169,1035,112,0
25676,Wild Draenish Vest,GEAR,TRAINER,1,70380,90000,78,1
25676,Wild Draenish Vest,GEAR,TRAINER,1,68268,90000,75,1
25676,Wild Draenish Vest,GEAR,TRAINER,1,67585,90000,75,1
25676,Wild Draenish Vest,GEAR,TRAINER,1,70380,90000,78,1
25676,Wild Draenish Vest,GEAR,TRAINER,1,68268,90000,75,1
25676,Wild Draenish Vest,GEAR,TRAINER,1,67585,90000,75,1
25676,Wild Draenish Vest,GEAR,TRAINER,1,70380,90000,78,1
31079,Mercurial Adamantite,INTERMEDIATE,TRAINER,3,110905,86000,128,0
31079,Mercurial Adamantite,INTERMEDIATE,TRAINER,11,105359,86000,122,0
21843,Imbued Netherweave Bag,BAG,VENDOR,1,76469,60005,127,0
21843,Imbued Netherweave Bag,BAG,VENDOR,1,73410,60005,122,0
25659,Scaled Draenic Boots,GEAR,TRAINER,1,88110,90000,97,1
25659,Scaled Draenic Boots,GEAR,TRAINER,1,86347,90000,95,1
25659,Scaled Draenic Boots,GEAR,TRAINER,1,82029,90000,91,1
25659,Scaled Draenic Boots,GEAR,TRAINER,1,88110,90000,97,1
25659,Scaled Draenic Boots,GEAR,TRAINER,1,86347,90000,95,1
25659,Scaled Draenic Boots,GEAR,TRAINER,1,82029,90000,91,1
25659,Scaled Draenic Boots,GEAR,TRAINER,1,88110,90000,97,1
25659,Scaled Draenic Boots,GEAR,TRAINER,1,86347,90000,95,1
25659,Scaled Draenic Boots,GEAR,TRAINER,1,82029,90000,91,1
25659,Scaled Draenic Boots,GEAR,TRAINER,1,88110,90000,97,1
6338,Silver Rod,INTERMEDIATE,TRAINER,1,421,335,125,0
6338,Silver Rod,INTERMEDIATE,TRAINER,1,416,335,124,0
6338,Silver Rod,INTERMEDIATE,TRAINER,1,421,335,125,0
6338,Silver Rod,INTERMEDIATE,TRAINER,1,416,335,124,0
6338,Silver Rod,INTERMEDIATE,TRAINER,1,421,335,125,0
6338,Silver Rod,INTERMEDIATE,TRAINER,1,416,335,124,0
6338,Silver Rod,INTERMEDIATE,TRAINER,1,421,335,125,0
6338,Silver Rod,INTERMEDIATE,TRAINER,1,416,335,124,0
6338,Silver Rod,INTERMEDIATE,TRAINER,1,421,335,125,0
6338,Silver Rod,INTERMEDIATE,TRAINER,1,416,335,124,0
6338,Silver Rod,INTERMEDIATE,TRAINER,1,421,335,125,0
6338,Silver Rod,INTERMEDIATE,TRAINER,1,416,335,124,0
6338,Silver Rod,INTERMEDIATE,TRAINER,1,421,335,125,0
6338,Silver Rod,INTERMEDIATE,TRAINER,1,416,335,124,0
32218,Potent Pyrestone,GEM_CUT,VENDOR,1,344500,250000,137,0
32218,Potent Pyrestone,GEM_CUT,VENDOR,1,327275,250000,130,0
32218,Potent Pyrestone,GEM_CUT,VENDOR,1,344500,250000,137,0
11371,Dark Iron Bar,INTERMEDIATE,UNSOURCED,13,39780,23040,172,0
22248,Enchanted Runecloth Bag,BAG,VENDOR,1,667124,551525,120,0
31080,Mercurial Stone,GEAR,TRAINER,1,112992,96000,117,0
31080,Mercurial Stone,GEAR,TRAINER,1,108472,96000,112,0
31080,Mercurial Stone,GEAR,TRAINER,1,112992,96000,117,0
22522,Superior Wizard Oil,MISC,VENDOR,1,22879,26039,87,1
22522,Superior Wizard Oil,MISC,VENDOR,1,22650,26039,86,1
22522,Superior Wizard Oil,MISC,VENDOR,1,22879,26039,87,1
22522,Superior Wizard Oil,MISC,VENDOR,1,22650,26039,86,1
22522,Superior Wizard Oil,MISC,VENDOR,1,22879,26039,87,1
22522,Superior Wizard Oil,MISC,VENDOR,1,22650,26039,86,1
22522,Superior Wizard Oil,MISC,VENDOR,1,22879,26039,87,1
22522,Superior Wizard Oil,MISC,VENDOR,1,22650,26039,86,1
22522,Superior Wizard Oil,MISC,VENDOR,1,22879,26039,87,1
22522,Superior Wizard Oil,MISC,VENDOR,1,22650,26039,86,1
22522,Superior Wizard Oil,MISC,VENDOR,1,22879,26039,87,1
22522,Superior Wizard Oil,MISC,VENDOR,1,22650,26039,86,1
22522,Superior Wizard Oil,MISC,VENDOR,1,22879,26039,87,1
22522,Superior Wizard Oil,MISC,VENDOR,1,22650,26039,86,1
22522,Superior Wizard Oil,MISC,VENDOR,1,22879,26039,87,1
22824,Elixir of Major Strength,ELIXIR_POT,TRAINER,19,9437,8600,109,0
8827,Elixir of Water Walking,ELIXIR_POT,UNSOURCED,5,12695,6180,205,0
14048,Bolt of Runecloth,INTERMEDIATE,TRAINER,5,11880,11880,100,0
14048,Bolt of Runecloth,INTERMEDIATE,TRAINER,2,11880,11880,100,0
34330,Heavy Knothide Armor Kit,MISC,TRAINER,10,69750,75000,93,1
4231,Cured Light Hide,INTERMEDIATE,TRAINER,6,347,347,100,0
4231,Cured Light Hide,INTERMEDIATE,TRAINER,2,347,347,100,0
29532,Drums of Panic,MISC,VENDOR,1,228800,250000,91,1
29532,Drums of Panic,MISC,VENDOR,1,224224,250000,89,1
29532,Drums of Panic,MISC,VENDOR,1,213012,250000,85,1
29532,Drums of Panic,MISC,VENDOR,1,228800,250000,91,1
29532,Drums of Panic,MISC,VENDOR,1,224224,250000,89,1
29532,Drums of Panic,MISC,VENDOR,1,213012,250000,85,1
29532,Drums of Panic,MISC,VENDOR,1,228800,250000,91,1
29532,Drums of Panic,MISC,VENDOR,1,224224,250000,89,1
29532,Drums of Panic,MISC,VENDOR,1,213012,250000,85,1
22853,Flask of Mighty Restoration,FLASK,UNSOURCED,5,93132,45000,206,0
22853,Flask of Mighty Restoration,FLASK,UNSOURCED,9,92200,45000,204,0
11128,Golden Rod,INTERMEDIATE,TRAINER,1,4196,3880,108,0
11128,Golden Rod,INTERMEDIATE,TRAINER,1,4112,3880,105,0
11128,Golden Rod,INTERMEDIATE,TRAINER,1,4196,3880,108,0
11128,Golden Rod,INTERMEDIATE,TRAINER,1,4112,3880,105,0
11128,Golden Rod,INTERMEDIATE,TRAINER,1,4196,3880,108,0
11128,Golden Rod,INTERMEDIATE,TRAINER,1,4112,3880,105,0
11128,Golden Rod,INTERMEDIATE,TRAINER,1,4196,3880,108,0
11128,Golden Rod,INTERMEDIATE,TRAINER,1,4112,3880,105,0
11128,Golden Rod,INTERMEDIATE,TRAINER,1,4196,3880,108,0
11128,Golden Rod,INTERMEDIATE,TRAINER,1,4112,3880,105,0
11128,Golden Rod,INTERMEDIATE,TRAINER,1,4196,3880,108,0
11128,Golden Rod,INTERMEDIATE,TRAINER,1,4112,3880,105,0
11128,Golden Rod,INTERMEDIATE,TRAINER,1,4196,3880,108,0
11128,Golden Rod,INTERMEDIATE,TRAINER,1,4112,3880,105,0
11128,Golden Rod,INTERMEDIATE,TRAINER,1,4196,3880,108,0
33092,Healing Potion Injector,ELIXIR_POT,DROP,20,31638,18400,171,0
33092,Healing Potion Injector,ELIXIR_POT,DROP,5,30688,18400,166,0
33092,Healing Potion Injector,ELIXIR_POT,DROP,20,29460,18400,160,0
33092,Healing Potion Injector,ELIXIR_POT,DROP,5,31638,18400,171,0
33092,Healing Potion Injector,ELIXIR_POT,DROP,20,30688,18400,166,0
33092,Healing Potion Injector,ELIXIR_POT,DROP,20,29460,18400,160,0
33092,Healing Potion Injector,ELIXIR_POT,DROP,10,31638,18400,171,0
22449,Large Prismatic Shard,INTERMEDIATE,VENDOR,16,188568,240000,78,1
22449,Large Prismatic Shard,INTERMEDIATE,VENDOR,4,181025,240000,75,1
15564,Rugged Armor Kit,MISC,TRAINER,5,11872,10200,116,0
33093,Mana Potion Injector,ELIXIR_POT,DROP,20,23794,14400,165,0
33093,Mana Potion Injector,ELIXIR_POT,DROP,5,23318,14400,161,0
33093,Mana Potion Injector,ELIXIR_POT,DROP,5,23794,14400,165,0
33093,Mana Potion Injector,ELIXIR_POT,DROP,20,23318,14400,161,0
33093,Mana Potion Injector,ELIXIR_POT,DROP,20,23794,14400,165,0
33093,Mana Potion Injector,ELIXIR_POT,DROP,20,23318,14400,161,0
33093,Mana Potion Injector,ELIXIR_POT,DROP,20,23794,14400,165,0
33093,Mana Potion Injector,ELIXIR_POT,DROP,20,23318,14400,161,0
33093,Mana Potion Injector,ELIXIR_POT,DROP,5,23794,14400,165,0
33093,Mana Potion Injector,ELIXIR_POT,DROP,5,23318,14400,161,0
33093,Mana Potion Injector,ELIXIR_POT,DROP,5,23794,14400,165,0
33093,Mana Potion Injector,ELIXIR_POT,DROP,20,23318,14400,161,0
33093,Mana Potion Injector,ELIXIR_POT,DROP,5,23794,14400,165,0
33093,Mana Potion Injector,ELIXIR_POT,DROP,20,23318,14400,161,0
33093,Mana Potion Injector,ELIXIR_POT,DROP,5,23794,14400,165,0
33093,Mana Potion Injector,ELIXIR_POT,DROP,20,23318,14400,161,0
33093,Mana Potion Injector,ELIXIR_POT,DROP,20,23794,14400,165,0
33093,Mana Potion Injector,ELIXIR_POT,DROP,20,23318,14400,161,0
33093,Mana Potion Injector,ELIXIR_POT,DROP,5,23794,14400,165,0
33093,Mana Potion Injector,ELIXIR_POT,DROP,20,23318,14400,161,0
33093,Mana Potion Injector,ELIXIR_POT,DROP,20,23794,14400,165,0
33093,Mana Potion Injector,ELIXIR_POT,DROP,5,23318,14400,161,0
33093,Mana Potion Injector,ELIXIR_POT,DROP,20,23794,14400,165,0
33093,Mana Potion Injector,ELIXIR_POT,DROP,5,23318,14400,161,0
33093,Mana Potion Injector,ELIXIR_POT,DROP,20,23794,14400,165,0
33093,Mana Potion Injector,ELIXIR_POT,DROP,5,23318,14400,161,0
33093,Mana Potion Injector,ELIXIR_POT,DROP,5,23794,14400,165,0
14529,Runecloth Bandage,MISC,TRAINER,5,1772,2376,74,1
4240,Woolen Bag,BAG,TRAINER,1,1324,1324,100,0
4240,Woolen Bag,BAG,TRAINER,1,1324,1324,100,0
4240,Woolen Bag,BAG,TRAINER,1,1324,1324,100,0
23793,Heavy Knothide Leather,INTERMEDIATE,TRAINER,7,31590,25000,126,0
23793,Heavy Knothide Leather,INTERMEDIATE,TRAINER,1,30010,25000,120,0
28103,Adept's Elixir,ELIXIR_POT,TRAINER,5,8705,8412,103,0
28103,Adept's Elixir,ELIXIR_POT,TRAINER,5,8412,8412,100,0
28103,Adept's Elixir,ELIXIR_POT,TRAINER,2,8705,8412,103,0
13456,Greater Frost Protection Potion,ELIXIR_POT,DROP,6,5496,3288,167,0
22252,Satchel of Cenarius,BAG,VENDOR,1,172434,154900,111,0
22252,Satchel of Cenarius,BAG,VENDOR,1,167260,154900,107,0
22252,Satchel of Cenarius,BAG,VENDOR,1,172434,154900,111,0
3727,Hot Lion Chops,FOOD,VENDOR,5,517,366,141,0
3727,Hot Lion Chops,FOOD,VENDOR,14,491,366,134,0
13511,Flask of Distilled Wisdom,FLASK,DROP,5,34305,13430,255,0
13511,Flask of Distilled Wisdom,FLASK,DROP,7,33961,13430,252,0
31368,Wildguard Helm,GEAR,VENDOR,1,1019983,848008,120,0
31368,Wildguard Helm,GEAR,VENDOR,1,968983,848008,114,0
31368,Wildguard Helm,GEAR,VENDOR,1,1019983,848008,120,0
33092,Healing Potion Injector,ELIXIR_POT,DROP,20,57960,18400,315,0
33092,Healing Potion Injector,ELIXIR_POT,DROP,5,55062,18400,299,0
33092,Healing Potion Injector,ELIXIR_POT,DROP,20,53410,18400,290,0
33092,Healing Potion Injector,ELIXIR_POT,DROP,5,51273,18400,278,0
33092,Healing Potion Injector,ELIXIR_POT,DROP,5,57960,18400,315,0
33092,Healing Potion Injector,ELIXIR_POT,DROP,5,55062,18400,299,0
33092,Healing Potion Injector,ELIXIR_POT,DROP,5,53410,18400,290,0
33092,Healing Potion Injector,ELIXIR_POT,DROP,20,51273,18400,278,0
33092,Healing Potion Injector,ELIXIR_POT,DROP,5,57960,18400,315,0
33092,Healing Potion Injector,ELIXIR_POT,DROP,20,55062,18400,299,0
33092,Healing Potion Injector,ELIXIR_POT,DROP,20,53410,18400,290,0
33092,Healing Potion Injector,ELIXIR_POT,DROP,5,51273,18400,278,0
33092,Healing Potion Injector,ELIXIR_POT,DROP,20,57960,18400,315,0
33092,Healing Potion Injector,ELIXIR_POT,DROP,5,55062,18400,299,0
33092,Healing Potion Injector,ELIXIR_POT,DROP,5,53410,18400,290,0
33092,Healing Potion Injector,ELIXIR_POT,DROP,20,51273,18400,278,0
33092,Healing Potion Injector,ELIXIR_POT,DROP,20,57960,18400,315,0
33092,Healing Potion Injector,ELIXIR_POT,DROP,5,55062,18400,299,0
33092,Healing Potion Injector,ELIXIR_POT,DROP,20,53410,18400,290,0
33092,Healing Potion Injector,ELIXIR_POT,DROP,5,51273,18400,278,0
33092,Healing Potion Injector,ELIXIR_POT,DROP,5,57960,18400,315,0
22851,Flask of Fortification,FLASK,UNSOURCED,20,94827,48500,195,0
22851,Flask of Fortification,FLASK,UNSOURCED,5,92930,48500,191,0
22851,Flask of Fortification,FLASK,UNSOURCED,5,89212,48500,183,0
22449,Large Prismatic Shard,INTERMEDIATE,VENDOR,20,166320,240000,69,1
22449,Large Prismatic Shard,INTERMEDIATE,VENDOR,1,161330,240000,67,1
22449,Large Prismatic Shard,INTERMEDIATE,VENDOR,1,158103,240000,65,1
3824,Shadow Oil,MISC,VENDOR,3,3829,3700,103,0
5764,Green Silk Pack,BAG,DROP,1,20142,11722,171,0
5764,Green Silk Pack,BAG,DROP,1,19336,11722,164,0
5764,Green Silk Pack,BAG,DROP,1,20142,11722,171,0
9144,Wildvine Potion,ELIXIR_POT,DROP,7,6230,2331,267,0
21845,Primal Mooncloth,INTERMEDIATE,VENDOR,10,68544,64001,107,0
21845,Primal Mooncloth,INTERMEDIATE,VENDOR,3,65116,64001,101,0
4240,Woolen Bag,BAG,TRAINER,1,1774,1324,133,0
33092,Healing Potion Injector,ELIXIR_POT,DROP,20,42185,18400,229,0
33092,Healing Potion Injector,ELIXIR_POT,DROP,5,40497,18400,220,0
33092,Healing Potion Injector,ELIXIR_POT,DROP,5,42185,18400,229,0
33092,Healing Potion Injector,ELIXIR_POT,DROP,20,40497,18400,220,0
33092,Healing Potion Injector,ELIXIR_POT,DROP,20,42185,18400,229,0
33092,Healing Potion Injector,ELIXIR_POT,DROP,5,40497,18400,220,0
33092,Healing Potion Injector,ELIXIR_POT,DROP,20,42185,18400,229,0
33092,Healing Potion Injector,ELIXIR_POT,DROP,5,40497,18400,220,0
33092,Healing Potion Injector,ELIXIR_POT,DROP,5,42185,18400,229,0
33092,Healing Potion Injector,ELIXIR_POT,DROP,5,40497,18400,220,0
33092,Healing Potion Injector,ELIXIR_POT,DROP,5,42185,18400,229,0
33092,Healing Potion Injector,ELIXIR_POT,DROP,5,40497,18400,220,0
33092,Healing Potion Injector,ELIXIR_POT,DROP,5,42185,18400,229,0
33092,Healing Potion Injector,ELIXIR_POT,DROP,20,40497,18400,220,0
33092,Healing Potion Injector,ELIXIR_POT,DROP,5,42185,18400,229,0
33092,Healing Potion Injector,ELIXIR_POT,DROP,5,40497,18400,220,0
33092,Healing Potion Injector,ELIXIR_POT,DROP,5,42185,18400,229,0
33092,Healing Potion Injector,ELIXIR_POT,DROP,20,40497,18400,220,0
33092,Healing Potion Injector,ELIXIR_POT,DROP,5,42185,18400,229,0
33092,Healing Potion Injector,ELIXIR_POT,DROP,5,40497,18400,220,0
33092,Healing Potion Injector,ELIXIR_POT,DROP,5,42185,18400,229,0
33092,Healing Potion Injector,ELIXIR_POT,DROP,20,40497,18400,220,0
33092,Healing Potion Injector,ELIXIR_POT,DROP,5,42185,18400,229,0
33092,Healing Potion Injector,ELIXIR_POT,DROP,20,40497,18400,220,0
33092,Healing Potion Injector,ELIXIR_POT,DROP,20,42185,18400,229,0
33092,Healing Potion Injector,ELIXIR_POT,DROP,5,40497,18400,220,0
33092,Healing Potion Injector,ELIXIR_POT,DROP,20,42185,18400,229,0
33092,Healing Potion Injector,ELIXIR_POT,DROP,20,40497,18400,220,0
33092,Healing Potion Injector,ELIXIR_POT,DROP,20,42185,18400,229,0
33092,Healing Potion Injector,ELIXIR_POT,DROP,5,40497,18400,220,0
33092,Healing Potion Injector,ELIXIR_POT,DROP,5,42185,18400,229,0
33092,Healing Potion Injector,ELIXIR_POT,DROP,5,40497,18400,220,0
14048,Bolt of Runecloth,INTERMEDIATE,TRAINER,8,13728,11880,115,0
14048,Bolt of Runecloth,INTERMEDIATE,TRAINER,2,13178,11880,110,0
32836,Purified Shadow Pearl,GEM_CUT,TRAINER,1,8217,9280,88,1
32836,Purified Shadow Pearl,GEM_CUT,TRAINER,1,8134,9280,87,1
32836,Purified Shadow Pearl,GEM_CUT,TRAINER,1,8217,9280,88,1
32836,Purified Shadow Pearl,GEM_CUT,TRAINER,1,8134,9280,87,1
32836,Purified Shadow Pearl,GEM_CUT,TRAINER,1,8217,9280,88,1
32836,Purified Shadow Pearl,GEM_CUT,TRAINER,1,8134,9280,87,1
32836,Purified Shadow Pearl,GEM_CUT,TRAINER,1,8217,9280,88,1
32836,Purified Shadow Pearl,GEM_CUT,TRAINER,1,8134,9280,87,1
32836,Purified Shadow Pearl,GEM_CUT,TRAINER,1,8217,9280,88,1
32836,Purified Shadow Pearl,GEM_CUT,TRAINER,1,8134,9280,87,1
32836,Purified Shadow Pearl,GEM_CUT,TRAINER,1,8217,9280,88,1
32836,Purified Shadow Pearl,GEM_CUT,TRAINER,1,8134,9280,87,1
32836,Purified Shadow Pearl,GEM_CUT,TRAINER,1,8217,9280,88,1
32836,Purified Shadow Pearl,GEM_CUT,TRAINER,1,8134,9280,87,1
9061,Goblin Rocket Fuel,INTERMEDIATE,UNSOURCED,9,6854,3077,222,0
23556,Hand of Eternity,GEAR,DROP,1,4621216,2456004,188,0
29540,Reinforced Mining Bag,BAG,VENDOR,1,311165,278000,111,0
29540,Reinforced Mining Bag,BAG,VENDOR,1,304941,278000,109,0
21858,Spellfire Bag,BAG,VENDOR,1,555905,408004,136,0
21858,Spellfire Bag,BAG,VENDOR,1,533668,408004,130,0
6149,Greater Mana Potion,ELIXIR_POT,TRAINER,5,1931,1688,114,0
6149,Greater Mana Potion,ELIXIR_POT,TRAINER,5,1853,1688,109,0
6149,Greater Mana Potion,ELIXIR_POT,TRAINER,9,1778,1688,105,0
22246,Enchanted Mageweave Pouch,BAG,VENDOR,1,55137,43512,126,0
22246,Enchanted Mageweave Pouch,BAG,VENDOR,1,52931,43512,121,0
6338,Silver Rod,INTERMEDIATE,TRAINER,1,350,335,104,0
6338,Silver Rod,INTERMEDIATE,TRAINER,1,343,335,102,0
6338,Silver Rod,INTERMEDIATE,TRAINER,1,350,335,104,0
6338,Silver Rod,INTERMEDIATE,TRAINER,1,343,335,102,0
6338,Silver Rod,INTERMEDIATE,TRAINER,1,350,335,104,0
23774,Fel Iron Toolbox,BAG,VENDOR,1,118809,104000,114,0
24053,Mystic Dawnstone,GEM_CUT,VENDOR,1,145080,120000,120,0
24053,Mystic Dawnstone,GEM_CUT,VENDOR,1,139276,120000,116,0
31369,Iceguard Breastplate,GEAR,VENDOR,1,1464672,1168000,125,0
31369,Iceguard Breastplate,GEAR,VENDOR,1,1435378,1168000,122,0
31369,Iceguard Breastplate,GEAR,VENDOR,1,1421024,1168000,121,0
34490,Bag of Many Hides,BAG,DROP,1,1662875,627500,265,0
22851,Flask of Fortification,FLASK,UNSOURCED,20,110463,48500,227,0
22851,Flask of Fortification,FLASK,UNSOURCED,5,109358,48500,225,0
22851,Flask of Fortification,FLASK,UNSOURCED,3,110463,48500,227,0
25657,Felscale Breastplate,GEAR,TRAINER,1,99330,107500,92,1
25657,Felscale Breastplate,GEAR,TRAINER,1,94363,107500,87,1
25657,Felscale Breastplate,GEAR,TRAINER,1,92475,107500,86,1
25657,Felscale Breastplate,GEAR,TRAINER,1,88776,107500,82,1
25657,Felscale Breastplate,GEAR,TRAINER,1,99330,107500,92,1
25657,Felscale Breastplate,GEAR,TRAINER,1,94363,107500,87,1
12655,Enchanted Thorium Bar,INTERMEDIATE,TRAINER,11,43382,36825,117,0
12655,Enchanted Thorium Bar,INTERMEDIATE,TRAINER,1,41212,36825,111,0
21841,Netherweave Bag,BAG,TRAINER,1,110574,101000,109,0
21841,Netherweave Bag,BAG,TRAINER,1,109468,101000,108,0
5763,Red Woolen Bag,BAG,VENDOR,1,2167,1782,121,0
22854,Flask of Relentless Assault,FLASK,UNSOURCED,20,74398,45000,165,0
22854,Flask of Relentless Assault,FLASK,UNSOURCED,4,70678,45000,157,0
21876,Primal Mooncloth Bag,BAG,VENDOR,1,740275,504000,146,0
21876,Primal Mooncloth Bag,BAG,VENDOR,1,710664,504000,141,0
31080,Mercurial Stone,GEAR,TRAINER,1,117667,96000,122,0
31080,Mercurial Stone,GEAR,TRAINER,1,116490,96000,121,0
16206,Arcanite Rod,INTERMEDIATE,TRAINER,1,123600,123600,100,0
16206,Arcanite Rod,INTERMEDIATE,TRAINER,1,123600,123600,100,0
16206,Arcanite Rod,INTERMEDIATE,TRAINER,1,123600,123600,100,0
16206,Arcanite Rod,INTERMEDIATE,TRAINER,1,123600,123600,100,0
16206,Arcanite Rod,INTERMEDIATE,TRAINER,1,123600,123600,100,0
16206,Arcanite Rod,INTERMEDIATE,TRAINER,1,123600,123600,100,0
16206,Arcanite Rod,INTERMEDIATE,TRAINER,1,123600,123600,100,0
16206,Arcanite Rod,INTERMEDIATE,TRAINER,1,123600,123600,100,0
16206,Arcanite Rod,INTERMEDIATE,TRAINER,1,123600,123600,100,0
34482,Leatherworker's Satchel,BAG,TRAINER,1,267540,245000,109,0
34482,Leatherworker's Satchel,BAG,TRAINER,1,254163,245000,103,0
16206,Arcanite Rod,INTERMEDIATE,TRAINER,1,123600,123600,100,0
16206,Arcanite Rod,INTERMEDIATE,TRAINER,1,123600,123600,100,0
16206,Arcanite Rod,INTERMEDIATE,TRAINER,1,123600,123600,100,0
16206,Arcanite Rod,INTERMEDIATE,TRAINER,1,123600,123600,100,0
16206,Arcanite Rod,INTERMEDIATE,TRAINER,1,123600,123600,100,0
16206,Arcanite Rod,INTERMEDIATE,TRAINER,1,123600,123600,100,0
16206,Arcanite Rod,INTERMEDIATE,TRAINER,1,123600,123600,100,0
16206,Arcanite Rod,INTERMEDIATE,TRAINER,1,123600,123600,100,0
16206,Arcanite Rod,INTERMEDIATE,TRAINER,1,123600,123600,100,0
16206,Arcanite Rod,INTERMEDIATE,TRAINER,1,123600,123600,100,0
33092,Healing Potion Injector,ELIXIR_POT,DROP,5,30319,18400,164,0
33092,Healing Potion Injector,ELIXIR_POT,DROP,5,29106,18400,158,0
33092,Healing Potion Injector,ELIXIR_POT,DROP,20,30319,18400,164,0
33092,Healing Potion Injector,ELIXIR_POT,DROP,5,29106,18400,158,0
33092,Healing Potion Injector,ELIXIR_POT,DROP,20,30319,18400,164,0
33092,Healing Potion Injector,ELIXIR_POT,DROP,5,29106,18400,158,0
33092,Healing Potion Injector,ELIXIR_POT,DROP,5,30319,18400,164,0
33092,Healing Potion Injector,ELIXIR_POT,DROP,20,29106,18400,158,0
33092,Healing Potion Injector,ELIXIR_POT,DROP,5,30319,18400,164,0
33092,Healing Potion Injector,ELIXIR_POT,DROP,5,29106,18400,158,0
33092,Healing Potion Injector,ELIXIR_POT,DROP,20,30319,18400,164,0
33092,Healing Potion Injector,ELIXIR_POT,DROP,5,29106,18400,158,0
33092,Healing Potion Injector,ELIXIR_POT,DROP,20,30319,18400,164,0
33092,Healing Potion Injector,ELIXIR_POT,DROP,5,29106,18400,158,0
33092,Healing Potion Injector,ELIXIR_POT,DROP,20,30319,18400,164,0
33092,Healing Potion Injector,ELIXIR_POT,DROP,20,29106,18400,158,0
33092,Healing Potion Injector,ELIXIR_POT,DROP,5,30319,18400,164,0
33092,Healing Potion Injector,ELIXIR_POT,DROP,20,29106,18400,158,0
33092,Healing Potion Injector,ELIXIR_POT,DROP,5,30319,18400,164,0
33092,Healing Potion Injector,ELIXIR_POT,DROP,20,29106,18400,158,0
33092,Healing Potion Injector,ELIXIR_POT,DROP,5,30319,18400,164,0
33092,Healing Potion Injector,ELIXIR_POT,DROP,20,29106,18400,158,0
33092,Healing Potion Injector,ELIXIR_POT,DROP,5,30319,18400,164,0
33092,Healing Potion Injector,ELIXIR_POT,DROP,20,29106,18400,158,0
33092,Healing Potion Injector,ELIXIR_POT,DROP,5,30319,18400,164,0
33092,Healing Potion Injector,ELIXIR_POT,DROP,5,29106,18400,158,0
33092,Healing Potion Injector,ELIXIR_POT,DROP,5,30319,18400,164,0
33092,Healing Potion Injector,ELIXIR_POT,DROP,20,29106,18400,158,0
33092,Healing Potion Injector,ELIXIR_POT,DROP,5,30319,18400,164,0
33092,Healing Potion Injector,ELIXIR_POT,DROP,20,29106,18400,158,0
33092,Healing Potion Injector,ELIXIR_POT,DROP,15,30319,18400,164,0
22522,Superior Wizard Oil,MISC,VENDOR,1,25309,26039,97,1
22522,Superior Wizard Oil,MISC,VENDOR,1,24043,26039,92,1
22522,Superior Wizard Oil,MISC,VENDOR,1,23562,26039,90,1
22522,Superior Wizard Oil,MISC,VENDOR,1,22855,26039,87,1
22522,Superior Wizard Oil,MISC,VENDOR,1,25309,26039,97,1
22522,Superior Wizard Oil,MISC,VENDOR,1,24043,26039,92,1
22522,Superior Wizard Oil,MISC,VENDOR,1,23562,26039,90,1
22522,Superior Wizard Oil,MISC,VENDOR,1,22855,26039,87,1
22522,Superior Wizard Oil,MISC,VENDOR,1,25309,26039,97,1
22522,Superior Wizard Oil,MISC,VENDOR,1,24043,26039,92,1
22522,Superior Wizard Oil,MISC,VENDOR,1,23562,26039,90,1
31080,Mercurial Stone,GEAR,TRAINER,1,116160,96000,121,0
31080,Mercurial Stone,GEAR,TRAINER,1,113836,96000,118,0
31080,Mercurial Stone,GEAR,TRAINER,1,112697,96000,117,0
11144,Truesilver Rod,INTERMEDIATE,TRAINER,1,4720,4720,100,0
11144,Truesilver Rod,INTERMEDIATE,TRAINER,1,4720,4720,100,0
11144,Truesilver Rod,INTERMEDIATE,TRAINER,1,4720,4720,100,0
11144,Truesilver Rod,INTERMEDIATE,TRAINER,1,4720,4720,100,0
11144,Truesilver Rod,INTERMEDIATE,TRAINER,1,4720,4720,100,0
35128,Hardened Khorium,INTERMEDIATE,DROP,5,274754,120001,228,0
35128,Hardened Khorium,INTERMEDIATE,DROP,2,261016,120001,217,0
5764,Green Silk Pack,BAG,DROP,1,36220,11722,308,0
5764,Green Silk Pack,BAG,DROP,1,35495,11722,302,0
5764,Green Silk Pack,BAG,DROP,1,34430,11722,293,0
41367,Dark Jade Focusing Lens,MISC,TRAINER,1,20792,20000,103,0
41367,Dark Jade Focusing Lens,MISC,TRAINER,1,20000,20000,100,0
41367,Dark Jade Focusing Lens,MISC,TRAINER,1,20000,20000,100,0
9060,Inlaid Mithril Cylinder,INTERMEDIATE,UNSOURCED,1,31066,15410,201,0
9060,Inlaid Mithril Cylinder,INTERMEDIATE,UNSOURCED,13,30444,15410,197,0
15992,Dense Blasting Powder,INTERMEDIATE,TRAINER,1,3618,2880,125,0
15992,Dense Blasting Powder,INTERMEDIATE,TRAINER,6,3581,2880,124,0
24271,Spellcloth,INTERMEDIATE,VENDOR,6,72634,64001,113,0
24271,Spellcloth,INTERMEDIATE,VENDOR,3,71907,64001,112,0
32219,Luminous Pyrestone,GEM_CUT,VENDOR,1,291500,250000,116,0
32219,Luminous Pyrestone,GEM_CUT,VENDOR,1,285670,250000,114,0
32219,Luminous Pyrestone,GEM_CUT,VENDOR,1,279956,250000,111,0
3478,Coarse Grinding Stone,INTERMEDIATE,TRAINER,5,178,178,100,0
3486,Heavy Grinding Stone,INTERMEDIATE,TRAINER,3,1135,1035,109,0
3486,Heavy Grinding Stone,INTERMEDIATE,TRAINER,6,1089,1035,105,0
35707,Regal Nightseye,GEM_CUT,VENDOR,1,159468,120000,132,0
24252,Cloak of the Black Void,GEAR,DROP,1,388523,192006,202,0
24252,Cloak of the Black Void,GEAR,DROP,1,376867,192006,196,0
4238,Linen Bag,BAG,TRAINER,1,369,366,100,0
40098,Radiant Forest Emerald,GEM_CUT,DROP,1,349890,150000,233,0
15407,Cured Rugged Hide,INTERMEDIATE,TRAINER,4,9150,9060,100,0
15407,Cured Rugged Hide,INTERMEDIATE,TRAINER,3,9060,9060,100,0
34490,Bag of Many Hides,BAG,DROP,1,1328292,627500,211,0
34490,Bag of Many Hides,BAG,DROP,1,1261877,627500,201,0
34490,Bag of Many Hides,BAG,DROP,1,1328292,627500,211,0
40140,Puissant Dreadstone,GEM_CUT,VENDOR,1,287375,250000,114,0
33208,Flask of Chromatic Wonder,FLASK,VENDOR,5,49442,36000,137,0
33208,Flask of Chromatic Wonder,FLASK,VENDOR,19,46969,36000,130,0
14048,Bolt of Runecloth,INTERMEDIATE,TRAINER,7,12838,11880,108,0
34330,Heavy Knothide Armor Kit,MISC,TRAINER,10,64500,75000,86,1
34330,Heavy Knothide Armor Kit,MISC,TRAINER,3,61275,75000,81,1
32225,Dazzling Seaspray Emerald,GEM_CUT,VENDOR,1,354450,250000,141,0
24033,Solid Star of Elune,GEM_CUT,DROP,1,295260,120000,246,0
24033,Solid Star of Elune,GEM_CUT,DROP,1,280497,120000,233,0
24033,Solid Star of Elune,GEM_CUT,DROP,1,274887,120000,229,0
40050,Durable Monarch Topaz,GEM_CUT,VENDOR,1,186390,150000,124,0
40050,Durable Monarch Topaz,GEM_CUT,VENDOR,1,182662,150000,121,0
40050,Durable Monarch Topaz,GEM_CUT,VENDOR,1,180835,150000,120,0
4234,Heavy Leather,INTERMEDIATE,TRAINER,1,1150,1090,105,0
4234,Heavy Leather,INTERMEDIATE,TRAINER,8,1092,1090,100,0
32836,Purified Shadow Pearl,GEM_CUT,TRAINER,1,8697,9280,93,1
32836,Purified Shadow Pearl,GEM_CUT,TRAINER,1,8436,9280,90,1
32836,Purified Shadow Pearl,GEM_CUT,TRAINER,1,8697,9280,93,1
32836,Purified Shadow Pearl,GEM_CUT,TRAINER,1,8436,9280,90,1
32836,Purified Shadow Pearl,GEM_CUT,TRAINER,1,8697,9280,93,1
32836,Purified Shadow Pearl,GEM_CUT,TRAINER,1,8436,9280,90,1
32836,Purified Shadow Pearl,GEM_CUT,TRAINER,1,8697,9280,93,1
32836,Purified Shadow Pearl,GEM_CUT,TRAINER,1,8436,9280,90,1
6338,Silver Rod,INTERMEDIATE,TRAINER,1,378,335,112,0
6338,Silver Rod,INTERMEDIATE,TRAINER,1,359,335,107,0
6338,Silver Rod,INTERMEDIATE,TRAINER,1,351,335,104,0
6338,Silver Rod,INTERMEDIATE,TRAINER,1,378,335,112,0
6338,Silver Rod,INTERMEDIATE,TRAINER,1,359,335,107,0
6338,Silver Rod,INTERMEDIATE,TRAINER,1,351,335,104,0
6338,Silver Rod,INTERMEDIATE,TRAINER,1,378,335,112,0
3470,Rough Grinding Stone,INTERMEDIATE,TRAINER,5,24,24,100,0
3470,Rough Grinding Stone,INTERMEDIATE,TRAINER,1,24,24,100,0
23774,Fel Iron Toolbox,BAG,VENDOR,1,131414,104000,126,0
9206,Elixir of Giants,ELIXIR_POT,DROP,8,5186,1800,288,0
25657,Felscale Breastplate,GEAR,TRAINER,1,74497,107500,69,1
25657,Felscale Breastplate,GEAR,TRAINER,1,73752,107500,68,1
25657,Felscale Breastplate,GEAR,TRAINER,1,71539,107500,66,1
25657,Felscale Breastplate,GEAR,TRAINER,1,74497,107500,69,1
25657,Felscale Breastplate,GEAR,TRAINER,1,73752,107500,68,1
25657,Felscale Breastplate,GEAR,TRAINER,1,71539,107500,66,1
25657,Felscale Breastplate,GEAR,TRAINER,1,74497,107500,69,1
33208,Flask of Chromatic Wonder,FLASK,VENDOR,5,48672,36000,135,0
33208,Flask of Chromatic Wonder,FLASK,VENDOR,7,47698,36000,132,0
33093,Mana Potion Injector,ELIXIR_POT,DROP,20,44066,14400,306,0
33093,Mana Potion Injector,ELIXIR_POT,DROP,20,42744,14400,296,0
33093,Mana Potion Injector,ELIXIR_POT,DROP,5,40606,14400,281,0
33093,Mana Potion Injector,ELIXIR_POT,DROP,20,44066,14400,306,0
33093,Mana Potion Injector,ELIXIR_POT,DROP,20,42744,14400,296,0
33093,Mana Potion Injector,ELIXIR_POT,DROP,15,40606,14400,281,0
35128,Hardened Khorium,INTERMEDIATE,DROP,10,319490,120001,266,0
35128,Hardened Khorium,INTERMEDIATE,DROP,2,303515,120001,252,0
25668,Thick Draenic Boots,GEAR,TRAINER,1,69433,65000,106,0
33204,Shadowprowler's Chestguard,GEAR,VENDOR,1,2411094,1946000,123,0
33204,Shadowprowler's Chestguard,GEAR,VENDOR,1,2290539,1946000,117,0
22836,Major Dreamless Sleep Potion,ELIXIR_POT,VENDOR,8,17854,13000,137,0
4389,Gyrochronatom,INTERMEDIATE,TRAINER,10,2674,2153,124,0
4389,Gyrochronatom,INTERMEDIATE,TRAINER,1,2540,2153,117,0
4389,Gyrochronatom,INTERMEDIATE,TRAINER,1,2463,2153,114,0
5081,Kodo Hide Bag,BAG,UNSOURCED,1,1637,853,191,0
5081,Kodo Hide Bag,BAG,UNSOURCED,1,1555,853,182,0
5081,Kodo Hide Bag,BAG,UNSOURCED,1,1539,853,180,0
29532,Drums of Panic,MISC,VENDOR,1,209350,250000,83,1
29532,Drums of Panic,MISC,VENDOR,1,205163,250000,82,1
29532,Drums of Panic,MISC,VENDOR,1,196956,250000,78,1
29532,Drums of Panic,MISC,VENDOR,1,209350,250000,83,1
29532,Drums of Panic,MISC,VENDOR,1,205163,250000,82,1
29532,Drums of Panic,MISC,VENDOR,1,196956,250000,78,1
29532,Drums of Panic,MISC,VENDOR,1,209350,250000,83,1
29532,Drums of Panic,MISC,VENDOR,1,205163,250000,82,1
29532,Drums of Panic,MISC,VENDOR,1,196956,250000,78,1
29532,Drums of Panic,MISC,VENDOR,1,209350,250000,83,1
29532,Drums of Panic,MISC,VENDOR,1,205163,250000,82,1
29532,Drums of Panic,MISC,VENDOR,1,196956,250000,78,1
29532,Drums of Panic,MISC,VENDOR,1,209350,250000,83,1
29532,Drums of Panic,MISC,VENDOR,1,205163,250000,82,1
29532,Drums of Panic,MISC,VENDOR,1,196956,250000,78,1
3662,Crocolisk Steak,FOOD,VENDOR,7,109,107,101,0
21342,Core Felcloth Bag,BAG,DROP,1,664588,353768,187,0
21872,Ebon Shadowbag,BAG,VENDOR,1,447739,408000,109,0
23447,Eternium Bar,INTERMEDIATE,TRAINER,10,19260,20000,96,1
23447,Eternium Bar,INTERMEDIATE,TRAINER,4,18489,20000,92,1
21752,Thorium Setting,INTERMEDIATE,TRAINER,2,1876,1545,121,0
21752,Thorium Setting,INTERMEDIATE,TRAINER,10,1838,1545,118,0
4305,Bolt of Silk Cloth,INTERMEDIATE,TRAINER,8,2519,2376,106,0
4305,Bolt of Silk Cloth,INTERMEDIATE,TRAINER,2,2443,2376,102,0
17771,Elementium Bar,MISC,DROP,4,4058953,2472560,164,0
34482,Leatherworker's Satchel,BAG,TRAINER,1,256662,245000,104,0
23446,Adamantite Bar,INTERMEDIATE,TRAINER,9,13248,18000,73,1
23446,Adamantite Bar,INTERMEDIATE,TRAINER,3,12850,18000,71,1
21842,Bolt of Imbued Netherweave,INTERMEDIATE,VENDOR,3,111103,82026,135,0
21842,Bolt of Imbued Netherweave,INTERMEDIATE,VENDOR,9,107769,82026,131,0
25843,Fel Iron Rod,INTERMEDIATE,TRAINER,1,82411,72000,114,0
25843,Fel Iron Rod,INTERMEDIATE,TRAINER,1,80762,72000,112,0
25843,Fel Iron Rod,INTERMEDIATE,TRAINER,1,76723,72000,106,0
25843,Fel Iron Rod,INTERMEDIATE,TRAINER,1,72886,72000,101,0
25843,Fel Iron Rod,INTERMEDIATE,TRAINER,1,82411,72000,114,0
25843,Fel Iron Rod,INTERMEDIATE,TRAINER,1,80762,72000,112,0
25843,Fel Iron Rod,INTERMEDIATE,TRAINER,1,76723,72000,106,0
25843,Fel Iron Rod,INTERMEDIATE,TRAINER,1,72886,72000,101,0
25843,Fel Iron Rod,INTERMEDIATE,TRAINER,1,82411,72000,114,0
25843,Fel Iron Rod,INTERMEDIATE,TRAINER,1,80762,72000,112,0
25843,Fel Iron Rod,INTERMEDIATE,TRAINER,1,76723,72000,106,0
25843,Fel Iron Rod,INTERMEDIATE,TRAINER,1,72886,72000,101,0
25843,Fel Iron Rod,INTERMEDIATE,TRAINER,1,82411,72000,114,0
25843,Fel Iron Rod,INTERMEDIATE,TRAINER,1,80762,72000,112,0
25843,Fel Iron Rod,INTERMEDIATE,TRAINER,1,76723,72000,106,0
21574,Green Rocket Cluster,MISC,DROP,15,1144,788,145,0
13423,Stonescale Oil,INTERMEDIATE,TRAINER,1,102,102,100,0
13423,Stonescale Oil,INTERMEDIATE,TRAINER,11,102,102,100,0
25690,Heavy Clefthoof Leggings,GEAR,VENDOR,1,484224,390000,124,0
22851,Flask of Fortification,FLASK,UNSOURCED,5,120765,48500,249,0
22851,Flask of Fortification,FLASK,UNSOURCED,11,117142,48500,241,0
3577,Gold Bar,INTERMEDIATE,TRAINER,9,3760,3760,100,0
3577,Gold Bar,INTERMEDIATE,TRAINER,3,3760,3760,100,0
3575,Iron Bar,INTERMEDIATE,TRAINER,1,1099,900,122,0
3575,Iron Bar,INTERMEDIATE,TRAINER,4,1055,900,117,0
23774,Fel Iron Toolbox,BAG,VENDOR,1,135907,104000,130,0
23774,Fel Iron Toolbox,BAG,VENDOR,1,133188,104000,128,0
4245,Small Silk Pack,BAG,TRAINER,1,9097,8640,105,0
4245,Small Silk Pack,BAG,TRAINER,1,9006,8640,104,0
4245,Small Silk Pack,BAG,TRAINER,1,8825,8640,102,0
21342,Core Felcloth Bag,BAG,DROP,1,605367,353768,171,0
20002,Greater Dreamless Sleep Potion,ELIXIR_POT,VENDOR,11,2421,1708,141,0
3486,Heavy Grinding Stone,INTERMEDIATE,TRAINER,3,1318,1035,127,0
3486,Heavy Grinding Stone,INTERMEDIATE,TRAINER,5,1265,1035,122,0
22861,Flask of Blinding Light,FLASK,UNSOURCED,20,136598,52000,262,0
22861,Flask of Blinding Light,FLASK,UNSOURCED,18,133866,52000,257,0
31863,Balanced Nightseye,GEM_CUT,DROP,1,302280,120000,251,0
31863,Balanced Nightseye,GEM_CUT,DROP,1,290188,120000,241,0
31863,Balanced Nightseye,GEM_CUT,DROP,1,302280,120000,251,0
3860,Mithril Bar,INTERMEDIATE,TRAINER,6,1935,1545,125,0
3860,Mithril Bar,INTERMEDIATE,TRAINER,2,1915,1545,123,0
8170,Rugged Leather,INTERMEDIATE,TRAINER,1,8158,7128,114,0
8170,Rugged Leather,INTERMEDIATE,TRAINER,7,8076,7128,113,0
32836,Purified Shadow Pearl,GEM_CUT,TRAINER,1,7572,9280,81,1
32836,Purified Shadow Pearl,GEM_CUT,TRAINER,1,7496,9280,80,1
32836,Purified Shadow Pearl,GEM_CUT,TRAINER,1,7196,9280,77,1
32836,Purified Shadow Pearl,GEM_CUT,TRAINER,1,7572,9280,81,1
32836,Purified Shadow Pearl,GEM_CUT,TRAINER,1,7496,9280,80,1
32836,Purified Shadow Pearl,GEM_CUT,TRAINER,1,7196,9280,77,1
32836,Purified Shadow Pearl,GEM_CUT,TRAINER,1,7572,9280,81,1
34490,Bag of Many Hides,BAG,DROP,1,1317750,627500,210,0
40195,Pygmy Oil,INTERMEDIATE,TRAINER,2,300,300,100,0
40195,Pygmy Oil,INTERMEDIATE,TRAINER,3,300,300,100,0
22828,Insane Strength Potion,ELIXIR_POT,DROP,5,26539,12000,221,0
22828,Insane Strength Potion,ELIXIR_POT,DROP,2,25742,12000,214,0
4305,Bolt of Silk Cloth,INTERMEDIATE,TRAINER,10,2376,2376,100,0
4305,Bolt of Silk Cloth,INTERMEDIATE,TRAINER,5,2376,2376,100,0
22866,Flask of Pure Death,FLASK,UNSOURCED,20,165434,55500,298,0
22866,Flask of Pure Death,FLASK,UNSOURCED,8,160470,55500,289,0
23449,Khorium Bar,INTERMEDIATE,TRAINER,1,46172,40000,115,0
23449,Khorium Bar,INTERMEDIATE,TRAINER,12,44325,40000,110,0
14529,Runecloth Bandage,MISC,TRAINER,7,2054,2376,86,1
34482,Leatherworker's Satchel,BAG,TRAINER,1,269720,245000,110,0
34482,Leatherworker's Satchel,BAG,TRAINER,1,264325,245000,107,0
33092,Healing Potion Injector,ELIXIR_POT,DROP,20,43536,18400,236,0
33092,Healing Potion Injector,ELIXIR_POT,DROP,5,42229,18400,229,0
33092,Healing Potion Injector,ELIXIR_POT,DROP,5,43536,18400,236,0
33092,Healing Potion Injector,ELIXIR_POT,DROP,20,42229,18400,229,0
33092,Healing Potion Injector,ELIXIR_POT,DROP,5,43536,18400,236,0
33092,Healing Potion Injector,ELIXIR_POT,DROP,20,42229,18400,229,0
33092,Healing Potion Injector,ELIXIR_POT,DROP,5,43536,18400,236,0
33092,Healing Potion Injector,ELIXIR_POT,DROP,20,42229,18400,229,0
33092,Healing Potion Injector,ELIXIR_POT,DROP,20,43536,18400,236,0
33092,Healing Potion Injector,ELIXIR_POT,DROP,5,42229,18400,229,0
33092,Healing Potion Injector,ELIXIR_POT,DROP,5,43536,18400,236,0
33092,Healing Potion Injector,ELIXIR_POT,DROP,5,42229,18400,229,0
33092,Healing Potion Injector,ELIXIR_POT,DROP,20,43536,18400,236,0
33092,Healing Potion Injector,ELIXIR_POT,DROP,5,42229,18400,229,0
33092,Healing Potion Injector,ELIXIR_POT,DROP,5,43536,18400,236,0
33092,Healing Potion Injector,ELIXIR_POT,DROP,5,42229,18400,229,0
33092,Healing Potion Injector,ELIXIR_POT,DROP,5,43536,18400,236,0
33092,Healing Potion Injector,ELIXIR_POT,DROP,20,42229,18400,229,0
33092,Healing Potion Injector,ELIXIR_POT,DROP,20,43536,18400,236,0
33092,Healing Potion Injector,ELIXIR_POT,DROP,20,42229,18400,229,0
33092,Healing Potion Injector,ELIXIR_POT,DROP,5,43536,18400,236,0
33092,Healing Potion Injector,ELIXIR_POT,DROP,5,42229,18400,229,0
33092,Healing Potion Injector,ELIXIR_POT,DROP,5,43536,18400,236,0
33092,Healing Potion Injector,ELIXIR_POT,DROP,5,42229,18400,229,0
33092,Healing Potion Injector,ELIXIR_POT,DROP,5,43536,18400,236,0
24271,Spellcloth,INTERMEDIATE,VENDOR,3,81082,64001,126,0
24271,Spellcloth,INTERMEDIATE,VENDOR,10,79460,64001,124,0
23115,Thick Golden Draenite,GEM_CUT,VENDOR,1,26664,20000,133,0
23115,Thick Golden Draenite,GEM_CUT,VENDOR,1,25330,20000,126,0
23115,Thick Golden Draenite,GEM_CUT,VENDOR,1,26664,20000,133,0
14530,Heavy Runecloth Bandage,MISC,TRAINER,6,3474,4752,73,1
3478,Coarse Grinding Stone,INTERMEDIATE,TRAINER,8,181,178,101,0
3478,Coarse Grinding Stone,INTERMEDIATE,TRAINER,2,179,178,100,0
34490,Bag of Many Hides,BAG,DROP,1,1698768,627500,270,0
14342,Mooncloth,INTERMEDIATE,VENDOR,4,14006,15200,92,1
14342,Mooncloth,INTERMEDIATE,VENDOR,2,13305,15200,87,1
33092,Healing Potion Injector,ELIXIR_POT,DROP,5,33914,18400,184,0
33092,Healing Potion Injector,ELIXIR_POT,DROP,5,32218,18400,175,0
33092,Healing Potion Injector,ELIXIR_POT,DROP,20,30929,18400,168,0
33092,Healing Potion Injector,ELIXIR_POT,DROP,5,33914,18400,184,0
33092,Healing Potion Injector,ELIXIR_POT,DROP,5,32218,18400,175,0
33092,Healing Potion Injector,ELIXIR_POT,DROP,20,30929,18400,168,0
33092,Healing Potion Injector,ELIXIR_POT,DROP,20,33914,18400,184,0
33092,Healing Potion Injector,ELIXIR_POT,DROP,5,32218,18400,175,0
33092,Healing Potion Injector,ELIXIR_POT,DROP,5,30929,18400,168,0
33092,Healing Potion Injector,ELIXIR_POT,DROP,5,33914,18400,184,0
33092,Healing Potion Injector,ELIXIR_POT,DROP,5,32218,18400,175,0
33092,Healing Potion Injector,ELIXIR_POT,DROP,20,30929,18400,168,0
33092,Healing Potion Injector,ELIXIR_POT,DROP,5,33914,18400,184,0
33092,Healing Potion Injector,ELIXIR_POT,DROP,5,32218,18400,175,0
33092,Healing Potion Injector,ELIXIR_POT,DROP,5,30929,18400,168,0
33092,Healing Potion Injector,ELIXIR_POT,DROP,20,33914,18400,184,0
33092,Healing Potion Injector,ELIXIR_POT,DROP,5,32218,18400,175,0
33092,Healing Potion Injector,ELIXIR_POT,DROP,5,30929,18400,168,0
33092,Healing Potion Injector,ELIXIR_POT,DROP,5,33914,18400,184,0
33092,Healing Potion Injector,ELIXIR_POT,DROP,5,32218,18400,175,0
33092,Healing Potion Injector,ELIXIR_POT,DROP,5,30929,18400,168,0
33092,Healing Potion Injector,ELIXIR_POT,DROP,20,33914,18400,184,0
33092,Healing Potion Injector,ELIXIR_POT,DROP,5,32218,18400,175,0
33092,Healing Potion Injector,ELIXIR_POT,DROP,5,30929,18400,168,0
33092,Healing Potion Injector,ELIXIR_POT,DROP,20,33914,18400,184,0
33092,Healing Potion Injector,ELIXIR_POT,DROP,5,32218,18400,175,0
33092,Healing Potion Injector,ELIXIR_POT,DROP,20,30929,18400,168,0
33092,Healing Potion Injector,ELIXIR_POT,DROP,5,33914,18400,184,0
33092,Healing Potion Injector,ELIXIR_POT,DROP,20,32218,18400,175,0
22847,Major Holy Protection Potion,ELIXIR_POT,DROP,20,46931,18400,255,0
22847,Major Holy Protection Potion,ELIXIR_POT,DROP,5,45992,18400,249,0
22847,Major Holy Protection Potion,ELIXIR_POT,DROP,20,45072,18400,244,0
22847,Major Holy Protection Potion,ELIXIR_POT,DROP,5,46931,18400,255,0
22847,Major Holy Protection Potion,ELIXIR_POT,DROP,15,45992,18400,249,0
34482,Leatherworker's Satchel,BAG,TRAINER,1,245000,245000,100,0
34482,Leatherworker's Satchel,BAG,TRAINER,1,245000,245000,100,0
34482,Leatherworker's Satchel,BAG,TRAINER,1,245000,245000,100,0
41395,Bracing Earthsiege Diamond,GEM_CUT,UNSOURCED,1,806652,360000,224,0
41395,Bracing Earthsiege Diamond,GEM_CUT,UNSOURCED,1,798585,360000,221,0
41395,Bracing Earthsiege Diamond,GEM_CUT,UNSOURCED,1,758655,360000,210,0
31080,Mercurial Stone,GEAR,TRAINER,1,111820,96000,116,0
31080,Mercurial Stone,GEAR,TRAINER,1,110701,96000,115,0
20963,Mithril Filigree,INTERMEDIATE,TRAINER,9,3388,3012,112,0
2840,Copper Bar,INTERMEDIATE,UNSOURCED,14,43,20,215,0
2840,Copper Bar,INTERMEDIATE,UNSOURCED,1,40,20,200,0
6037,Truesilver Bar,INTERMEDIATE,TRAINER,5,5201,4120,126,0
6037,Truesilver Bar,INTERMEDIATE,TRAINER,2,5148,4120,124,0
24257,Black Belt of Knowledge,GEAR,DROP,1,888422,528006,168,0
24257,Black Belt of Knowledge,GEAR,DROP,1,852885,528006,161,0
33093,Mana Potion Injector,ELIXIR_POT,DROP,5,33275,14400,231,0
33093,Mana Potion Injector,ELIXIR_POT,DROP,5,31611,14400,219,0
33093,Mana Potion Injector,ELIXIR_POT,DROP,5,33275,14400,231,0
33093,Mana Potion Injector,ELIXIR_POT,DROP,5,31611,14400,219,0
33093,Mana Potion Injector,ELIXIR_POT,DROP,5,33275,14400,231,0
33093,Mana Potion Injector,ELIXIR_POT,DROP,5,31611,14400,219,0
33093,Mana Potion Injector,ELIXIR_POT,DROP,5,33275,14400,231,0
33093,Mana Potion Injector,ELIXIR_POT,DROP,5,31611,14400,219,0
33093,Mana Potion Injector,ELIXIR_POT,DROP,20,33275,14400,231,0
33093,Mana Potion Injector,ELIXIR_POT,DROP,5,31611,14400,219,0
33093,Mana Potion Injector,ELIXIR_POT,DROP,5,33275,14400,231,0
33093,Mana Potion Injector,ELIXIR_POT,DROP,5,31611,14400,219,0
33093,Mana Potion Injector,ELIXIR_POT,DROP,5,33275,14400,231,0
33093,Mana Potion Injector,ELIXIR_POT,DROP,5,31611,14400,219,0
33093,Mana Potion Injector,ELIXIR_POT,DROP,20,33275,14400,231,0
33093,Mana Potion Injector,ELIXIR_POT,DROP,20,31611,14400,219,0
33093,Mana Potion Injector,ELIXIR_POT,DROP,20,33275,14400,231,0
33093,Mana Potion Injector,ELIXIR_POT,DROP,20,31611,14400,219,0
33093,Mana Potion Injector,ELIXIR_POT,DROP,20,33275,14400,231,0
33093,Mana Potion Injector,ELIXIR_POT,DROP,5,31611,14400,219,0
33093,Mana Potion Injector,ELIXIR_POT,DROP,20,33275,14400,231,0
33093,Mana Potion Injector,ELIXIR_POT,DROP,5,31611,14400,219,0
33093,Mana Potion Injector,ELIXIR_POT,DROP,20,33275,14400,231,0
33093,Mana Potion Injector,ELIXIR_POT,DROP,5,31611,14400,219,0
33093,Mana Potion Injector,ELIXIR_POT,DROP,5,33275,14400,231,0
33093,Mana Potion Injector,ELIXIR_POT,DROP,20,31611,14400,219,0
33093,Mana Potion Injector,ELIXIR_POT,DROP,5,33275,14400,231,0
33093,Mana Potion Injector,ELIXIR_POT,DROP,20,31611,14400,219,0
33093,Mana Potion Injector,ELIXIR_POT,DROP,5,33275,14400,231,0
33093,Mana Potion Injector,ELIXIR_POT,DROP,20,31611,14400,219,0
33093,Mana Potion Injector,ELIXIR_POT,DROP,5,33275,14400,231,0
35581,Rocket Boots Xtreme Lite,GEAR,DROP,1,715426,288014,248,0
35581,Rocket Boots Xtreme Lite,GEAR,DROP,1,708271,288014,245,0
35581,Rocket Boots Xtreme Lite,GEAR,DROP,1,715426,288014,248,0
11144,Truesilver Rod,INTERMEDIATE,TRAINER,1,5295,4720,112,0
11144,Truesilver Rod,INTERMEDIATE,TRAINER,1,5136,4720,108,0
11144,Truesilver Rod,INTERMEDIATE,TRAINER,1,5084,4720,107,0
11144,Truesilver Rod,INTERMEDIATE,TRAINER,1,5295,4720,112,0
11144,Truesilver Rod,INTERMEDIATE,TRAINER,1,5136,4720,108,0
11144,Truesilver Rod,INTERMEDIATE,TRAINER,1,5084,4720,107,0
11144,Truesilver Rod,INTERMEDIATE,TRAINER,1,5295,4720,112,0
11144,Truesilver Rod,INTERMEDIATE,TRAINER,1,5136,4720,108,0
11144,Truesilver Rod,INTERMEDIATE,TRAINER,1,5084,4720,107,0
11144,Truesilver Rod,INTERMEDIATE,TRAINER,1,5295,4720,112,0
23516,Flamebane Helm,GEAR,VENDOR,1,491400,400000,122,0
14342,Mooncloth,INTERMEDIATE,VENDOR,1,18422,15200,121,0
14342,Mooncloth,INTERMEDIATE,VENDOR,5,17869,15200,117,0
22854,Flask of Relentless Assault,FLASK,UNSOURCED,20,109534,45000,243,0
22854,Flask of Relentless Assault,FLASK,UNSOURCED,8,105152,45000,233,0
34490,Bag of Many Hides,BAG,DROP,1,1621397,627500,258,0
2997,Bolt of Woolen Cloth,INTERMEDIATE,TRAINER,9,499,408,122,0
2996,Bolt of Linen Cloth,INTERMEDIATE,UNSOURCED,5,318,112,283,0
2996,Bolt of Linen Cloth,INTERMEDIATE,UNSOURCED,5,311,112,277,0
4339,Bolt of Mageweave,INTERMEDIATE,TRAINER,1,6498,5050,128,0
4339,Bolt of Mageweave,INTERMEDIATE,TRAINER,13,6433,5050,127,0
14342,Mooncloth,INTERMEDIATE,VENDOR,5,15382,15200,101,0
14342,Mooncloth,INTERMEDIATE,VENDOR,1,15200,15200,100,0
17771,Elementium Bar,MISC,DROP,1,5993485,2472560,242,0
4305,Bolt of Silk Cloth,INTERMEDIATE,TRAINER,6,2791,2376,117,0
32063,Earthen Elixir,ELIXIR_POT,VENDOR,5,14919,12800,116,0
32063,Earthen Elixir,ELIXIR_POT,VENDOR,5,14471,12800,113,0
32063,Earthen Elixir,ELIXIR_POT,VENDOR,2,14326,12800,111,0
13511,Flask of Distilled Wisdom,FLASK,DROP,5,39386,13430,293,0
13511,Flask of Distilled Wisdom,FLASK,DROP,5,37810,13430,281,0
13511,Flask of Distilled Wisdom,FLASK,DROP,5,36675,13430,273,0
13511,Flask of Distilled Wisdom,FLASK,DROP,5,39386,13430,293,0
13511,Flask of Distilled Wisdom,FLASK,DROP,8,37810,13430,281,0
22574,Mote of Fire,INTERMEDIATE,TRAINER,10,3200,3200,100,0
22574,Mote of Fire,INTERMEDIATE,TRAINER,10,3200,3200,100,0
22574,Mote of Fire,INTERMEDIATE,TRAINER,10,3200,3200,100,0
22574,Mote of Fire,INTERMEDIATE,TRAINER,10,3200,3200,100,0
22574,Mote of Fire,INTERMEDIATE,TRAINER,10,3200,3200,100,0
22574,Mote of Fire,INTERMEDIATE,TRAINER,10,3200,3200,100,0
22574,Mote of Fire,INTERMEDIATE,TRAINER,10,3200,3200,100,0
22574,Mote of Fire,INTERMEDIATE,TRAINER,10,3200,3200,100,0
22574,Mote of Fire,INTERMEDIATE,TRAINER,10,3200,3200,100,0
22574,Mote of Fire,INTERMEDIATE,TRAINER,10,3200,3200,100,0
22574,Mote of Fire,INTERMEDIATE,TRAINER,10,3200,3200,100,0
22574,Mote of Fire,INTERMEDIATE,TRAINER,10,3200,3200,100,0
22574,Mote of Fire,INTERMEDIATE,TRAINER,4,3200,3200,100,0
22574,Mote of Fire,INTERMEDIATE,TRAINER,6,3200,3200,100,0
13513,Flask of Chromatic Resistance,FLASK,DROP,20,57936,20250,286,0
13513,Flask of Chromatic Resistance,FLASK,DROP,4,56197,20250,277,0
16206,Arcanite Rod,INTERMEDIATE,TRAINER,1,140014,123600,113,0
16206,Arcanite Rod,INTERMEDIATE,TRAINER,1,135813,123600,109,0
16206,Arcanite Rod,INTERMEDIATE,TRAINER,1,134454,123600,108,0
16206,Arcanite Rod,INTERMEDIATE,TRAINER,1,140014,123600,113,0
16206,Arcanite Rod,INTERMEDIATE,TRAINER,1,135813,123600,109,0
16206,Arcanite Rod,INTERMEDIATE,TRAINER,1,134454,123600,108,0
16206,Arcanite Rod,INTERMEDIATE,TRAINER,1,140014,123600,113,0
16206,Arcanite Rod,INTERMEDIATE,TRAINER,1,135813,123600,109,0
16206,Arcanite Rod,INTERMEDIATE,TRAINER,1,134454,123600,108,0
16206,Arcanite Rod,INTERMEDIATE,TRAINER,1,140014,123600,113,0
24088,Delicate Eternium Ring,GEAR,DROP,1,872640,450000,193,0
24088,Delicate Eternium Ring,GEAR,DROP,1,863913,450000,191,0
24088,Delicate Eternium Ring,GEAR,DROP,1,846634,450000,188,0
2996,Bolt of Linen Cloth,INTERMEDIATE,UNSOURCED,4,278,112,248,0
2996,Bolt of Linen Cloth,INTERMEDIATE,UNSOURCED,2,272,112,242,0
23774,Fel Iron Toolbox,BAG,VENDOR,1,131476,104000,126,0
23774,Fel Iron Toolbox,BAG,VENDOR,1,130161,104000,125,0
21872,Ebon Shadowbag,BAG,VENDOR,1,487478,408000,119,0
21872,Ebon Shadowbag,BAG,VENDOR,1,472853,408000,115,0
8170,Rugged Leather,INTERMEDIATE,TRAINER,6,8002,7128,112,0
8170,Rugged Leather,INTERMEDIATE,TRAINER,6,7761,7128,108,0
2996,Bolt of Linen Cloth,INTERMEDIATE,UNSOURCED,6,298,112,266,0
2996,Bolt of Linen Cloth,INTERMEDIATE,UNSOURCED,1,286,112,255,0
3470,Rough Grinding Stone,INTERMEDIATE,TRAINER,7,24,24,100,0
23505,Adamantite Rapier,GEAR,VENDOR,1,261273,216000,120,0
23505,Adamantite Rapier,GEAR,VENDOR,1,258660,216000,119,0
5081,Kodo Hide Bag,BAG,UNSOURCED,1,2330,853,273,0
5081,Kodo Hide Bag,BAG,UNSOURCED,1,2283,853,267,0
31080,Mercurial Stone,GEAR,TRAINER,1,103219,96000,107,0
31080,Mercurial Stone,GEAR,TRAINER,1,98058,96000,102,0
