item,name,category,rarity,stack,unit_price,unit_matcost,ratio_pct,leveling
22448,Small Prismatic Shard,INTERMEDIATE,TRAINER,20,1,0,0,1
22448,Small Prismatic Shard,INTERMEDIATE,TRAINER,3,1,0,0,1
22448,Small Prismatic Shard,INTERMEDIATE,TRAINER,7,1,0,0,1
3470,Rough Grinding Stone,INTERMEDIATE,TRAINER,4,18,24,75,1
3470,Rough Grinding Stone,INTERMEDIATE,TRAINER,1,17,24,70,1
10053,Simple Black Dress,GEAR,TRAINER,1,12935,15019,86,1
10053,Simple Black Dress,GEAR,TRAINER,1,12805,15019,85,1
10053,Simple Black Dress,GEAR,TRAINER,1,12935,15019,86,1
10053,Simple Black Dress,GEAR,TRAINER,1,12805,15019,85,1
10053,Simple Black Dress,GEAR,TRAINER,1,12935,15019,86,1
10053,Simple Black Dress,GEAR,TRAINER,1,12805,15019,85,1
10053,Simple Black Dress,GEAR,TRAINER,1,12935,15019,86,1
10053,Simple Black Dress,GEAR,TRAINER,1,12805,15019,85,1
10053,Simple Black Dress,GEAR,TRAINER,1,12935,15019,86,1
10053,Simple Black Dress,GEAR,TRAINER,1,12805,15019,85,1
10053,Simple Black Dress,GEAR,TRAINER,1,12935,15019,86,1
10053,Simple Black Dress,GEAR,TRAINER,1,12805,15019,85,1
10053,Simple Black Dress,GEAR,TRAINER,1,12935,15019,86,1
10053,Simple Black Dress,GEAR,TRAINER,1,12805,15019,85,1
118,Minor Healing Potion,ELIXIR_POT,UNSOURCED,5,76,85,89,1
8069,Crafted Solid Shot,AMMO,TRAINER,1000,1,2,50,1
8069,Crafted Solid Shot,AMMO,TRAINER,1000,1,2,50,1
8069,Crafted Solid Shot,AMMO,TRAINER,200,1,2,50,1
2580,Reinforced Linen Cape,GEAR,TRAINER,1,208,254,81,1
2580,Reinforced Linen Cape,GEAR,TRAINER,1,203,254,79,1
2580,Reinforced Linen Cape,GEAR,TRAINER,1,200,254,78,1
2580,Reinforced Linen Cape,GEAR,TRAINER,1,208,254,81,1
2580,Reinforced Linen Cape,GEAR,TRAINER,1,203,254,79,1
2580,Reinforced Linen Cape,GEAR,TRAINER,1,200,254,78,1
2580,Reinforced Linen Cape,GEAR,TRAINER,1,208,254,81,1
2580,Reinforced Linen Cape,GEAR,TRAINER,1,203,254,79,1
2580,Reinforced Linen Cape,GEAR,TRAINER,1,200,254,78,1
2580,Reinforced Linen Cape,GEAR,TRAINER,1,208,254,81,1
2580,Reinforced Linen Cape,GEAR,TRAINER,1,203,254,79,1
22448,Small Prismatic Shard,INTERMEDIATE,TRAINER,20,1,0,0,1
22448,Small Prismatic Shard,INTERMEDIATE,TRAINER,4,1,0,0,1
22448,Small Prismatic Shard,INTERMEDIATE,TRAINER,20,1,0,0,1
22448,Small Prismatic Shard,INTERMEDIATE,TRAINER,20,1,0,0,1
22448,Small Prismatic Shard,INTERMEDIATE,TRAINER,2,1,0,0,1
22448,Small Prismatic Shard,INTERMEDIATE,TRAINER,3,1,0,0,1
14342,Mooncloth,INTERMEDIATE,VENDOR,4,12160,15200,80,1
14342,Mooncloth,INTERMEDIATE,VENDOR,2,11916,15200,78,1
6662,Elixir of Giant Growth,ELIXIR_POT,DROP,5,101,108,93,1
6662,Elixir of Giant Growth,ELIXIR_POT,DROP,4,98,108,90,1
22448,Small Prismatic Shard,INTERMEDIATE,TRAINER,20,1,0,0,1
22448,Small Prismatic Shard,INTERMEDIATE,TRAINER,20,1,0,0,1
22448,Small Prismatic Shard,INTERMEDIATE,TRAINER,2,1,0,0,1
22448,Small Prismatic Shard,INTERMEDIATE,TRAINER,3,1,0,0,1
6662,Elixir of Giant Growth,ELIXIR_POT,DROP,5,88,108,81,1
6662,Elixir of Giant Growth,ELIXIR_POT,DROP,1,84,108,77,1
118,Minor Healing Potion,ELIXIR_POT,UNSOURCED,15,62,85,72,1
5478,Dig Rat Stew,FOOD,UNSOURCED,5,1,0,0,1
5478,Dig Rat Stew,FOOD,UNSOURCED,5,1,0,0,1
5478,Dig Rat Stew,FOOD,UNSOURCED,5,1,0,0,1
5478,Dig Rat Stew,FOOD,UNSOURCED,15,1,0,0,1
2568,Brown Linen Vest,GEAR,TRAINER,1,86,122,70,1
2568,Brown Linen Vest,GEAR,TRAINER,1,83,122,68,1
2568,Brown Linen Vest,GEAR,TRAINER,1,81,122,66,1
2568,Brown Linen Vest,GEAR,TRAINER,1,86,122,70,1
2568,Brown Linen Vest,GEAR,TRAINER,1,83,122,68,1
2568,Brown Linen Vest,GEAR,TRAINER,1,81,122,66,1
2568,Brown Linen Vest,GEAR,TRAINER,1,86,122,70,1
2568,Brown Linen Vest,GEAR,TRAINER,1,83,122,68,1
2568,Brown Linen Vest,GEAR,TRAINER,1,81,122,66,1
2568,Brown Linen Vest,GEAR,TRAINER,1,86,122,70,1
2307,Fine Leather Boots,GEAR,DROP,1,631,671,94,1
2307,Fine Leather Boots,GEAR,DROP,1,612,671,91,1
2307,Fine Leather Boots,GEAR,DROP,1,631,671,94,1
2307,Fine Leather Boots,GEAR,DROP,1,612,671,91,1
2307,Fine Leather Boots,GEAR,DROP,1,631,671,94,1
2307,Fine Leather Boots,GEAR,DROP,1,612,671,91,1
6452,Anti-Venom,MISC,TRAINER,20,119,161,73,1
6452,Anti-Venom,MISC,TRAINER,7,113,161,70,1
6662,Elixir of Giant Growth,ELIXIR_POT,DROP,5,69,108,63,1
6662,Elixir of Giant Growth,ELIXIR_POT,DROP,5,66,108,61,1
6662,Elixir of Giant Growth,ELIXIR_POT,DROP,1,64,108,59,1
13423,Stonescale Oil,INTERMEDIATE,TRAINER,12,82,102,80,1
13423,Stonescale Oil,INTERMEDIATE,TRAINER,1,79,102,77,1
2841,Bronze Bar,INTERMEDIATE,TRAINER,4,49,62,79,1
2841,Bronze Bar,INTERMEDIATE,TRAINER,8,47,62,75,1
22448,Small Prismatic Shard,INTERMEDIATE,TRAINER,20,1,0,0,1
22448,Small Prismatic Shard,INTERMEDIATE,TRAINER,3,1,0,0,1
22448,Small Prismatic Shard,INTERMEDIATE,TRAINER,1,1,0,0,1
4314,Double-stitched Woolen Shoulders,GEAR,TRAINER,1,1103,1424,77,1
4314,Double-stitched Woolen Shoulders,GEAR,TRAINER,1,1080,1424,75,1
4314,Double-stitched Woolen Shoulders,GEAR,TRAINER,1,1026,1424,72,1
4314,Double-stitched Woolen Shoulders,GEAR,TRAINER,1,1103,1424,77,1
4314,Double-stitched Woolen Shoulders,GEAR,TRAINER,1,1080,1424,75,1
4314,Double-stitched Woolen Shoulders,GEAR,TRAINER,1,1026,1424,72,1
4314,Double-stitched Woolen Shoulders,GEAR,TRAINER,1,1103,1424,77,1
4314,Double-stitched Woolen Shoulders,GEAR,TRAINER,1,1080,1424,75,1
4314,Double-stitched Woolen Shoulders,GEAR,TRAINER,1,1026,1424,72,1
2307,Fine Leather Boots,GEAR,DROP,1,498,671,74,1
2307,Fine Leather Boots,GEAR,DROP,1,473,671,70,1
2307,Fine Leather Boots,GEAR,DROP,1,468,671,69,1
2307,Fine Leather Boots,GEAR,DROP,1,449,671,66,1
2307,Fine Leather Boots,GEAR,DROP,1,498,671,74,1
2307,Fine Leather Boots,GEAR,DROP,1,473,671,70,1
2307,Fine Leather Boots,GEAR,DROP,1,468,671,69,1
2307,Fine Leather Boots,GEAR,DROP,1,449,671,66,1
2307,Fine Leather Boots,GEAR,DROP,1,498,671,74,1
2307,Fine Leather Boots,GEAR,DROP,1,473,671,70,1
2307,Fine Leather Boots,GEAR,DROP,1,468,671,69,1
2307,Fine Leather Boots,GEAR,DROP,1,449,671,66,1
22448,Small Prismatic Shard,INTERMEDIATE,TRAINER,20,1,0,0,1
22448,Small Prismatic Shard,INTERMEDIATE,TRAINER,4,1,0,0,1
10008,White Bandit Mask,GEAR,DROP,1,4596,6023,76,1
10008,White Bandit Mask,GEAR,DROP,1,4412,6023,73,1
10008,White Bandit Mask,GEAR,DROP,1,4596,6023,76,1
10008,White Bandit Mask,GEAR,DROP,1,4412,6023,73,1
10008,White Bandit Mask,GEAR,DROP,1,4596,6023,76,1
10008,White Bandit Mask,GEAR,DROP,1,4412,6023,73,1
10008,White Bandit Mask,GEAR,DROP,1,4596,6023,76,1
10008,White Bandit Mask,GEAR,DROP,1,4412,6023,73,1
10008,White Bandit Mask,GEAR,DROP,1,4596,6023,76,1
10008,White Bandit Mask,GEAR,DROP,1,4412,6023,73,1
10008,White Bandit Mask,GEAR,DROP,1,4596,6023,76,1
10008,White Bandit Mask,GEAR,DROP,1,4412,6023,73,1
10008,White Bandit Mask,GEAR,DROP,1,4596,6023,76,1
22448,Small Prismatic Shard,INTERMEDIATE,TRAINER,20,1,0,0,1
22448,Small Prismatic Shard,INTERMEDIATE,TRAINER,20,1,0,0,1
22448,Small Prismatic Shard,INTERMEDIATE,TRAINER,4,1,0,0,1
22448,Small Prismatic Shard,INTERMEDIATE,TRAINER,1,1,0,0,1
3391,Elixir of Ogre's Strength,ELIXIR_POT,DROP,5,199,237,83,1
3391,Elixir of Ogre's Strength,ELIXIR_POT,DROP,5,193,237,81,1
5478,Dig Rat Stew,FOOD,UNSOURCED,5,1,0,0,1
5478,Dig Rat Stew,FOOD,UNSOURCED,11,1,0,0,1
5997,Elixir of Minor Defense,ELIXIR_POT,UNSOURCED,15,72,84,85,1
22448,Small Prismatic Shard,INTERMEDIATE,TRAINER,20,1,0,0,1
22448,Small Prismatic Shard,INTERMEDIATE,TRAINER,12,1,0,0,1
22448,Small Prismatic Shard,INTERMEDIATE,TRAINER,4,1,0,0,1
8069,Crafted Solid Shot,AMMO,TRAINER,1000,1,2,50,1
8069,Crafted Solid Shot,AMMO,TRAINER,1000,1,2,50,1
8069,Crafted Solid Shot,AMMO,TRAINER,800,1,2,50,1
6662,Elixir of Giant Growth,ELIXIR_POT,DROP,5,85,108,78,1
22448,Small Prismatic Shard,INTERMEDIATE,TRAINER,20,1,0,0,1
22448,Small Prismatic Shard,INTERMEDIATE,TRAINER,20,1,0,0,1
22448,Small Prismatic Shard,INTERMEDIATE,TRAINER,2,1,0,0,1
8069,Crafted Solid Shot,AMMO,TRAINER,1000,1,2,50,1
8069,Crafted Solid Shot,AMMO,TRAINER,1000,1,2,50,1
8069,Crafted Solid Shot,AMMO,TRAINER,400,1,2,50,1
6662,Elixir of Giant Growth,ELIXIR_POT,DROP,5,106,108,98,1
6662,Elixir of Giant Growth,ELIXIR_POT,DROP,5,102,108,94,1
6662,Elixir of Giant Growth,ELIXIR_POT,DROP,5,98,108,90,1
22448,Small Prismatic Shard,INTERMEDIATE,TRAINER,20,1,0,0,1
22448,Small Prismatic Shard,INTERMEDIATE,TRAINER,20,1,0,0,1
22448,Small Prismatic Shard,INTERMEDIATE,TRAINER,5,1,0,0,1
4314,Double-stitched Woolen Shoulders,GEAR,TRAINER,1,1250,1424,87,1
4314,Double-stitched Woolen Shoulders,GEAR,TRAINER,1,1212,1424,85,1
4314,Double-stitched Woolen Shoulders,GEAR,TRAINER,1,1175,1424,82,1
4314,Double-stitched Woolen Shoulders,GEAR,TRAINER,1,1151,1424,80,1
4314,Double-stitched Woolen Shoulders,GEAR,TRAINER,1,1250,1424,87,1
4314,Double-stitched Woolen Shoulders,GEAR,TRAINER,1,1212,1424,85,1
4314,Double-stitched Woolen Shoulders,GEAR,TRAINER,1,1175,1424,82,1
4314,Double-stitched Woolen Shoulders,GEAR,TRAINER,1,1151,1424,80,1
4314,Double-stitched Woolen Shoulders,GEAR,TRAINER,1,1250,1424,87,1
4314,Double-stitched Woolen Shoulders,GEAR,TRAINER,1,1212,1424,85,1
4314,Double-stitched Woolen Shoulders,GEAR,TRAINER,1,1175,1424,82,1
4314,Double-stitched Woolen Shoulders,GEAR,TRAINER,1,1151,1424,80,1
4314,Double-stitched Woolen Shoulders,GEAR,TRAINER,1,1250,1424,87,1
15997,Thorium Shells,AMMO,TRAINER,1000,14,22,63,1
15997,Thorium Shells,AMMO,TRAINER,1000,13,22,59,1
15997,Thorium Shells,AMMO,TRAINER,800,13,22,59,1
7026,Linen Belt,GEAR,TRAINER,1,91,122,74,1
7026,Linen Belt,GEAR,TRAINER,1,87,122,71,1
7026,Linen Belt,GEAR,TRAINER,1,91,122,74,1
7026,Linen Belt,GEAR,TRAINER,1,87,122,71,1
7026,Linen Belt,GEAR,TRAINER,1,91,122,74,1
7026,Linen Belt,GEAR,TRAINER,1,87,122,71,1
7026,Linen Belt,GEAR,TRAINER,1,91,122,74,1
7026,Linen Belt,GEAR,TRAINER,1,87,122,71,1
7026,Linen Belt,GEAR,TRAINER,1,91,122,74,1
7026,Linen Belt,GEAR,TRAINER,1,87,122,71,1
7026,Linen Belt,GEAR,TRAINER,1,91,122,74,1
7026,Linen Belt,GEAR,TRAINER,1,87,122,71,1
7026,Linen Belt,GEAR,TRAINER,1,91,122,74,1
22448,Small Prismatic Shard,INTERMEDIATE,TRAINER,20,1,0,0,1
22448,Small Prismatic Shard,INTERMEDIATE,TRAINER,1,1,0,0,1
22448,Small Prismatic Shard,INTERMEDIATE,TRAINER,20,1,0,0,1
22448,Small Prismatic Shard,INTERMEDIATE,TRAINER,1,1,0,0,1
4236,Cured Heavy Hide,INTERMEDIATE,TRAINER,8,1269,1350,94,1
4236,Cured Heavy Hide,INTERMEDIATE,TRAINER,3,1218,1350,90,1
10008,White Bandit Mask,GEAR,DROP,1,4654,6023,77,1
10008,White Bandit Mask,GEAR,DROP,1,4560,6023,75,1
10008,White Bandit Mask,GEAR,DROP,1,4654,6023,77,1
10008,White Bandit Mask,GEAR,DROP,1,4560,6023,75,1
10008,White Bandit Mask,GEAR,DROP,1,4654,6023,77,1
10008,White Bandit Mask,GEAR,DROP,1,4560,6023,75,1
10008,White Bandit Mask,GEAR,DROP,1,4654,6023,77,1
10008,White Bandit Mask,GEAR,DROP,1,4560,6023,75,1
2851,Copper Chain Belt,GEAR,TRAINER,1,93,120,77,1
2851,Copper Chain Belt,GEAR,TRAINER,1,90,120,75,1
2851,Copper Chain Belt,GEAR,TRAINER,1,93,120,77,1
2851,Copper Chain Belt,GEAR,TRAINER,1,90,120,75,1
2851,Copper Chain Belt,GEAR,TRAINER,1,93,120,77,1
2851,Copper Chain Belt,GEAR,TRAINER,1,90,120,75,1
2851,Copper Chain Belt,GEAR,TRAINER,1,93,120,77,1
2851,Copper Chain Belt,GEAR,TRAINER,1,90,120,75,1
2851,Copper Chain Belt,GEAR,TRAINER,1,93,120,77,1
2851,Copper Chain Belt,GEAR,TRAINER,1,90,120,75,1
2851,Copper Chain Belt,GEAR,TRAINER,1,93,120,77,1
2865,Rough Bronze Leggings,GEAR,TRAINER,1,272,372,73,1
2865,Rough Bronze Leggings,GEAR,TRAINER,1,261,372,70,1
2865,Rough Bronze Leggings,GEAR,TRAINER,1,250,372,67,1
2865,Rough Bronze Leggings,GEAR,TRAINER,1,272,372,73,1
2865,Rough Bronze Leggings,GEAR,TRAINER,1,261,372,70,1
2865,Rough Bronze Leggings,GEAR,TRAINER,1,250,372,67,1
2865,Rough Bronze Leggings,GEAR,TRAINER,1,272,372,73,1
2865,Rough Bronze Leggings,GEAR,TRAINER,1,261,372,70,1
2865,Rough Bronze Leggings,GEAR,TRAINER,1,250,372,67,1
2865,Rough Bronze Leggings,GEAR,TRAINER,1,272,372,73,1
2865,Rough Bronze Leggings,GEAR,TRAINER,1,261,372,70,1
4330,Stylish Red Shirt,GEAR,TRAINER,1,1121,1424,78,1
4330,Stylish Red Shirt,GEAR,TRAINER,1,1098,1424,77,1
4330,Stylish Red Shirt,GEAR,TRAINER,1,1121,1424,78,1
4330,Stylish Red Shirt,GEAR,TRAINER,1,1098,1424,77,1
4330,Stylish Red Shirt,GEAR,TRAINER,1,1121,1424,78,1
4330,Stylish Red Shirt,GEAR,TRAINER,1,1098,1424,77,1
4330,Stylish Red Shirt,GEAR,TRAINER,1,1121,1424,78,1
4330,Stylish Red Shirt,GEAR,TRAINER,1,1098,1424,77,1
2310,Embossed Leather Cloak,GEAR,TRAINER,1,355,485,73,1
2310,Embossed Leather Cloak,GEAR,TRAINER,1,351,485,72,1
2310,Embossed Leather Cloak,GEAR,TRAINER,1,333,485,68,1
2310,Embossed Leather Cloak,GEAR,TRAINER,1,323,485,66,1
2310,Embossed Leather Cloak,GEAR,TRAINER,1,355,485,73,1
2310,Embossed Leather Cloak,GEAR,TRAINER,1,351,485,72,1
2310,Embossed Leather Cloak,GEAR,TRAINER,1,333,485,68,1
2310,Embossed Leather Cloak,GEAR,TRAINER,1,323,485,66,1
2580,Reinforced Linen Cape,GEAR,TRAINER,1,205,254,80,1
2580,Reinforced Linen Cape,GEAR,TRAINER,1,194,254,76,1
2580,Reinforced Linen Cape,GEAR,TRAINER,1,190,254,74,1
2580,Reinforced Linen Cape,GEAR,TRAINER,1,205,254,80,1
2580,Reinforced Linen Cape,GEAR,TRAINER,1,194,254,76,1
2580,Reinforced Linen Cape,GEAR,TRAINER,1,190,254,74,1
2580,Reinforced Linen Cape,GEAR,TRAINER,1,205,254,80,1
2580,Reinforced Linen Cape,GEAR,TRAINER,1,194,254,76,1
2580,Reinforced Linen Cape,GEAR,TRAINER,1,190,254,74,1
4239,Embossed Leather Gloves,GEAR,TRAINER,1,274,299,91,1
4239,Embossed Leather Gloves,GEAR,TRAINER,1,271,299,90,1
4239,Embossed Leather Gloves,GEAR,TRAINER,1,268,299,89,1
4239,Embossed Leather Gloves,GEAR,TRAINER,1,262,299,87,1
4239,Embossed Leather Gloves,GEAR,TRAINER,1,274,299,91,1
22448,Small Prismatic Shard,INTERMEDIATE,TRAINER,20,1,0,0,1
22448,Small Prismatic Shard,INTERMEDIATE,TRAINER,13,1,0,0,1
22448,Small Prismatic Shard,INTERMEDIATE,TRAINER,6,1,0,0,1
3531,Heavy Wool Bandage,MISC,TRAINER,11,228,272,83,1
6662,Elixir of Giant Growth,ELIXIR_POT,DROP,5,83,108,76,1
6662,Elixir of Giant Growth,ELIXIR_POT,DROP,7,79,108,73,1
22448,Small Prismatic Shard,INTERMEDIATE,TRAINER,20,1,0,0,1
22448,Small Prismatic Shard,INTERMEDIATE,TRAINER,7,1,0,0,1
22448,Small Prismatic Shard,INTERMEDIATE,TRAINER,12,1,0,0,1
4239,Embossed Leather Gloves,GEAR,TRAINER,1,258,299,86,1
4239,Embossed Leather Gloves,GEAR,TRAINER,1,247,299,82,1
4239,Embossed Leather Gloves,GEAR,TRAINER,1,234,299,78,1
4239,Embossed Leather Gloves,GEAR,TRAINER,1,258,299,86,1
4239,Embossed Leather Gloves,GEAR,TRAINER,1,247,299,82,1
4239,Embossed Leather Gloves,GEAR,TRAINER,1,234,299,78,1
4239,Embossed Leather Gloves,GEAR,TRAINER,1,258,299,86,1
4239,Embossed Leather Gloves,GEAR,TRAINER,1,247,299,82,1
4239,Embossed Leather Gloves,GEAR,TRAINER,1,234,299,78,1
4239,Embossed Leather Gloves,GEAR,TRAINER,1,258,299,86,1
4314,Double-stitched Woolen Shoulders,GEAR,TRAINER,1,1307,1424,91,1
4314,Double-stitched Woolen Shoulders,GEAR,TRAINER,1,1241,1424,87,1
4314,Double-stitched Woolen Shoulders,GEAR,TRAINER,1,1191,1424,83,1
4314,Double-stitched Woolen Shoulders,GEAR,TRAINER,1,1307,1424,91,1
4314,Double-stitched Woolen Shoulders,GEAR,TRAINER,1,1241,1424,87,1
13423,Stonescale Oil,INTERMEDIATE,TRAINER,9,74,102,72,1
13423,Stonescale Oil,INTERMEDIATE,TRAINER,2,71,102,69,1
22448,Small Prismatic Shard,INTERMEDIATE,TRAINER,20,1,0,0,1
22448,Small Prismatic Shard,INTERMEDIATE,TRAINER,7,1,0,0,1
22448,Small Prismatic Shard,INTERMEDIATE,TRAINER,6,1,0,0,1
4236,Cured Heavy Hide,INTERMEDIATE,TRAINER,9,1084,1350,80,1
4236,Cured Heavy Hide,INTERMEDIATE,TRAINER,4,1051,1350,77,1
15407,Cured Rugged Hide,INTERMEDIATE,TRAINER,15,6785,9060,74,1
4330,Stylish Red Shirt,GEAR,TRAINER,1,1178,1424,82,1
4330,Stylish Red Shirt,GEAR,TRAINER,1,1119,1424,78,1
4330,Stylish Red Shirt,GEAR,TRAINER,1,1074,1424,75,1
4330,Stylish Red Shirt,GEAR,TRAINER,1,1178,1424,82,1
4330,Stylish Red Shirt,GEAR,TRAINER,1,1119,1424,78,1
4330,Stylish Red Shirt,GEAR,TRAINER,1,1074,1424,75,1
15869,Silver Skeleton Key,MISC,TRAINER,20,135,159,84,1
15869,Silver Skeleton Key,MISC,TRAINER,6,130,159,81,1
13423,Stonescale Oil,INTERMEDIATE,TRAINER,3,89,102,87,1
13423,Stonescale Oil,INTERMEDIATE,TRAINER,8,86,102,84,1
6787,White Woolen Dress,GEAR,TRAINER,1,1063,1424,74,1
6787,White Woolen Dress,GEAR,TRAINER,1,1009,1424,70,1
6787,White Woolen Dress,GEAR,TRAINER,1,958,1424,67,1
6787,White Woolen Dress,GEAR,TRAINER,1,1063,1424,74,1
6787,White Woolen Dress,GEAR,TRAINER,1,1009,1424,70,1
6787,White Woolen Dress,GEAR,TRAINER,1,958,1424,67,1
6787,White Woolen Dress,GEAR,TRAINER,1,1063,1424,74,1
6787,White Woolen Dress,GEAR,TRAINER,1,1009,1424,70,1
6787,White Woolen Dress,GEAR,TRAINER,1,958,1424,67,1
6787,White Woolen Dress,GEAR,TRAINER,1,1063,1424,74,1
22448,Small Prismatic Shard,INTERMEDIATE,TRAINER,20,1,0,0,1
22448,Small Prismatic Shard,INTERMEDIATE,TRAINER,1,1,0,0,1
22448,Small Prismatic Shard,INTERMEDIATE,TRAINER,12,1,0,0,1
6662,Elixir of Giant Growth,ELIXIR_POT,DROP,5,101,108,93,1
6662,Elixir of Giant Growth,ELIXIR_POT,DROP,9,96,108,88,1
3391,Elixir of Ogre's Strength,ELIXIR_POT,DROP,8,183,237,77,1
2307,Fine Leather Boots,GEAR,DROP,1,700,671,104,1
2307,Fine Leather Boots,GEAR,DROP,1,665,671,99,1
2307,Fine Leather Boots,GEAR,DROP,1,651,671,97,1
2307,Fine Leather Boots,GEAR,DROP,1,700,671,104,1
2307,Fine Leather Boots,GEAR,DROP,1,665,671,99,1
2307,Fine Leather Boots,GEAR,DROP,1,651,671,97,1
2307,Fine Leather Boots,GEAR,DROP,1,700,671,104,1
2307,Fine Leather Boots,GEAR,DROP,1,665,671,99,1
2307,Fine Leather Boots,GEAR,DROP,1,651,671,97,1
13423,Stonescale Oil,INTERMEDIATE,TRAINER,2,84,102,82,1
13423,Stonescale Oil,INTERMEDIATE,TRAINER,3,79,102,77,1
22448,Small Prismatic Shard,INTERMEDIATE,TRAINER,15,1,0,0,1
15869,Silver Skeleton Key,MISC,TRAINER,20,149,159,93,1
15869,Silver Skeleton Key,MISC,TRAINER,8,146,159,91,1
118,Minor Healing Potion,ELIXIR_POT,UNSOURCED,5,58,85,68,1
22448,Small Prismatic Shard,INTERMEDIATE,TRAINER,20,1,0,0,1
22448,Small Prismatic Shard,INTERMEDIATE,TRAINER,20,1,0,0,1
22448,Small Prismatic Shard,INTERMEDIATE,TRAINER,2,1,0,0,1
22448,Small Prismatic Shard,INTERMEDIATE,TRAINER,3,1,0,0,1
10056,Orange Mageweave Shirt,GEAR,TRAINER,1,7312,6998,104,1
10056,Orange Mageweave Shirt,GEAR,TRAINER,1,7165,6998,102,1
10056,Orange Mageweave Shirt,GEAR,TRAINER,1,7312,6998,104,1
10056,Orange Mageweave Shirt,GEAR,TRAINER,1,7165,6998,102,1
10056,Orange Mageweave Shirt,GEAR,TRAINER,1,7312,6998,104,1
10056,Orange Mageweave Shirt,GEAR,TRAINER,1,7165,6998,102,1
10056,Orange Mageweave Shirt,GEAR,TRAINER,1,7312,6998,104,1
10056,Orange Mageweave Shirt,GEAR,TRAINER,1,7165,6998,102,1
10056,Orange Mageweave Shirt,GEAR,TRAINER,1,7312,6998,104,1
10056,Orange Mageweave Shirt,GEAR,TRAINER,1,7165,6998,102,1
10056,Orange Mageweave Shirt,GEAR,TRAINER,1,7312,6998,104,1
10056,Orange Mageweave Shirt,GEAR,TRAINER,1,7165,6998,102,1
10056,Orange Mageweave Shirt,GEAR,TRAINER,1,7312,6998,104,1
10056,Orange Mageweave Shirt,GEAR,TRAINER,1,7165,6998,102,1
2457,Elixir of Minor Agility,ELIXIR_POT,DROP,9,129,134,96,1
10512,Hi-Impact Mithril Slugs,AMMO,TRAINER,1000,8,13,61,1
10512,Hi-Impact Mithril Slugs,AMMO,TRAINER,400,7,13,53,1
2868,Patterned Bronze Bracers,GEAR,TRAINER,1,432,430,100,1
2868,Patterned Bronze Bracers,GEAR,TRAINER,1,423,430,98,1
2868,Patterned Bronze Bracers,GEAR,TRAINER,1,406,430,94,1
2868,Patterned Bronze Bracers,GEAR,TRAINER,1,432,430,100,1
2868,Patterned Bronze Bracers,GEAR,TRAINER,1,423,430,98,1
2868,Patterned Bronze Bracers,GEAR,TRAINER,1,406,430,94,1
2868,Patterned Bronze Bracers,GEAR,TRAINER,1,432,430,100,1
2868,Patterned Bronze Bracers,GEAR,TRAINER,1,423,430,98,1
2868,Patterned Bronze Bracers,GEAR,TRAINER,1,406,430,94,1
2868,Patterned Bronze Bracers,GEAR,TRAINER,1,432,430,100,1
8069,Crafted Solid Shot,AMMO,TRAINER,1000,1,2,50,1
8069,Crafted Solid Shot,AMMO,TRAINER,600,1,2,50,1
22573,Mote of Earth,INTERMEDIATE,TRAINER,10,2973,3200,92,1
22573,Mote of Earth,INTERMEDIATE,TRAINER,10,2883,3200,90,1
22573,Mote of Earth,INTERMEDIATE,TRAINER,10,2767,3200,86,1
22573,Mote of Earth,INTERMEDIATE,TRAINER,10,2973,3200,92,1
22573,Mote of Earth,INTERMEDIATE,TRAINER,10,2883,3200,90,1
22573,Mote of Earth,INTERMEDIATE,TRAINER,10,2767,3200,86,1
22573,Mote of Earth,INTERMEDIATE,TRAINER,10,2973,3200,92,1
22573,Mote of Earth,INTERMEDIATE,TRAINER,10,2883,3200,90,1
22573,Mote of Earth,INTERMEDIATE,TRAINER,10,2767,3200,86,1
22573,Mote of Earth,INTERMEDIATE,TRAINER,10,2973,3200,92,1
22573,Mote of Earth,INTERMEDIATE,TRAINER,3,2883,3200,90,1
22573,Mote of Earth,INTERMEDIATE,TRAINER,7,2767,3200,86,1
2457,Elixir of Minor Agility,ELIXIR_POT,DROP,13,110,134,82,1
2857,Runed Copper Belt,GEAR,TRAINER,1,148,200,74,1
2857,Runed Copper Belt,GEAR,TRAINER,1,146,200,73,1
2857,Runed Copper Belt,GEAR,TRAINER,1,148,200,74,1
2857,Runed Copper Belt,GEAR,TRAINER,1,146,200,73,1
2857,Runed Copper Belt,GEAR,TRAINER,1,148,200,74,1
2857,Runed Copper Belt,GEAR,TRAINER,1,146,200,73,1
2857,Runed Copper Belt,GEAR,TRAINER,1,148,200,74,1
2857,Runed Copper Belt,GEAR,TRAINER,1,146,200,73,1
2857,Runed Copper Belt,GEAR,TRAINER,1,148,200,74,1
2857,Runed Copper Belt,GEAR,TRAINER,1,146,200,73,1
2857,Runed Copper Belt,GEAR,TRAINER,1,148,200,74,1
2857,Runed Copper Belt,GEAR,TRAINER,1,146,200,73,1
10056,Orange Mageweave Shirt,GEAR,TRAINER,1,5530,6998,79,1
10056,Orange Mageweave Shirt,GEAR,TRAINER,1,5419,6998,77,1
10056,Orange Mageweave Shirt,GEAR,TRAINER,1,5256,6998,75,1
10056,Orange Mageweave Shirt,GEAR,TRAINER,1,5203,6998,74,1
10056,Orange Mageweave Shirt,GEAR,TRAINER,1,5530,6998,79,1
2579,Green Linen Shirt,GEAR,TRAINER,1,396,536,73,1
2579,Green Linen Shirt,GEAR,TRAINER,1,388,536,72,1
2579,Green Linen Shirt,GEAR,TRAINER,1,368,536,68,1
2579,Green Linen Shirt,GEAR,TRAINER,1,396,536,73,1
2579,Green Linen Shirt,GEAR,TRAINER,1,388,536,72,1
2579,Green Linen Shirt,GEAR,TRAINER,1,368,536,68,1
2579,Green Linen Shirt,GEAR,TRAINER,1,396,536,73,1
2579,Green Linen Shirt,GEAR,TRAINER,1,388,536,72,1
2579,Green Linen Shirt,GEAR,TRAINER,1,368,536,68,1
8069,Crafted Solid Shot,AMMO,TRAINER,1000,1,2,50,1
8069,Crafted Solid Shot,AMMO,TRAINER,1000,1,2,50,1
8069,Crafted Solid Shot,AMMO,TRAINER,600,1,2,50,1
22448,Small Prismatic Shard,INTERMEDIATE,TRAINER,20,1,0,0,1
22448,Small Prismatic Shard,INTERMEDIATE,TRAINER,20,1,0,0,1
22448,Small Prismatic Shard,INTERMEDIATE,TRAINER,2,1,0,0,1
4330,Stylish Red Shirt,GEAR,TRAINER,1,1053,1424,73,1
4330,Stylish Red Shirt,GEAR,TRAINER,1,1042,1424,73,1
4330,Stylish Red Shirt,GEAR,TRAINER,1,1000,1424,70,1
4330,Stylish Red Shirt,GEAR,TRAINER,1,1053,1424,73,1
4330,Stylish Red Shirt,GEAR,TRAINER,1,1042,1424,73,1
4330,Stylish Red Shirt,GEAR,TRAINER,1,1000,1424,70,1
4330,Stylish Red Shirt,GEAR,TRAINER,1,1053,1424,73,1
4330,Stylish Red Shirt,GEAR,TRAINER,1,1042,1424,73,1
4330,Stylish Red Shirt,GEAR,TRAINER,1,1000,1424,70,1
4330,Stylish Red Shirt,GEAR,TRAINER,1,1053,1424,73,1
4330,Stylish Red Shirt,GEAR,TRAINER,1,1042,1424,73,1
4330,Stylish Red Shirt,GEAR,TRAINER,1,1000,1424,70,1
4330,Stylish Red Shirt,GEAR,TRAINER,1,1053,1424,73,1
7964,Solid Sharpening Stone,MISC,TRAINER,9,401,588,68,1
4265,Heavy Armor Kit,MISC,TRAINER,7,2367,3130,75,1
2310,Embossed Leather Cloak,GEAR,TRAINER,1,450,485,92,1
2310,Embossed Leather Cloak,GEAR,TRAINER,1,445,485,91,1
2310,Embossed Leather Cloak,GEAR,TRAINER,1,450,485,92,1
2310,Embossed Leather Cloak,GEAR,TRAINER,1,445,485,91,1
2310,Embossed Leather Cloak,GEAR,TRAINER,1,450,485,92,1
2310,Embossed Leather Cloak,GEAR,TRAINER,1,445,485,91,1
2310,Embossed Leather Cloak,GEAR,TRAINER,1,450,485,92,1
2310,Embossed Leather Cloak,GEAR,TRAINER,1,445,485,91,1
2310,Embossed Leather Cloak,GEAR,TRAINER,1,450,485,92,1
2310,Embossed Leather Cloak,GEAR,TRAINER,1,445,485,91,1
2310,Embossed Leather Cloak,GEAR,TRAINER,1,450,485,92,1
2310,Embossed Leather Cloak,GEAR,TRAINER,1,445,485,91,1
10512,Hi-Impact Mithril Slugs,AMMO,TRAINER,1000,9,13,69,1
10512,Hi-Impact Mithril Slugs,AMMO,TRAINER,600,8,13,61,1
13423,Stonescale Oil,INTERMEDIATE,TRAINER,5,93,102,91,1
13423,Stonescale Oil,INTERMEDIATE,TRAINER,4,91,102,89,1
8069,Crafted Solid Shot,AMMO,TRAINER,1000,1,2,50,1
8069,Crafted Solid Shot,AMMO,TRAINER,1000,1,2,50,1
8069,Crafted Solid Shot,AMMO,TRAINER,400,1,2,50,1
2319,Medium Leather,INTERMEDIATE,TRAINER,12,287,372,77,1
13423,Stonescale Oil,INTERMEDIATE,TRAINER,7,75,102,73,1
13423,Stonescale Oil,INTERMEDIATE,TRAINER,2,72,102,70,1
2580,Reinforced Linen Cape,GEAR,TRAINER,1,213,254,83,1
2580,Reinforced Linen Cape,GEAR,TRAINER,1,204,254,80,1
2580,Reinforced Linen Cape,GEAR,TRAINER,1,199,254,78,1
2580,Reinforced Linen Cape,GEAR,TRAINER,1,213,254,83,1
2580,Reinforced Linen Cape,GEAR,TRAINER,1,204,254,80,1
2580,Reinforced Linen Cape,GEAR,TRAINER,1,199,254,78,1
2580,Reinforced Linen Cape,GEAR,TRAINER,1,213,254,83,1
2580,Reinforced Linen Cape,GEAR,TRAINER,1,204,254,80,1
2580,Reinforced Linen Cape,GEAR,TRAINER,1,199,254,78,1
2580,Reinforced Linen Cape,GEAR,TRAINER,1,213,254,83,1
2580,Reinforced Linen Cape,GEAR,TRAINER,1,204,254,80,1
2580,Reinforced Linen Cape,GEAR,TRAINER,1,199,254,78,1
2580,Reinforced Linen Cape,GEAR,TRAINER,1,213,254,83,1
2580,Reinforced Linen Cape,GEAR,TRAINER,1,204,254,80,1
2580,Reinforced Linen Cape,GEAR,TRAINER,1,199,254,78,1
13423,Stonescale Oil,INTERMEDIATE,TRAINER,10,104,102,101,1
13423,Stonescale Oil,INTERMEDIATE,TRAINER,5,99,102,97,1
2852,Copper Chain Pants,GEAR,TRAINER,1,54,80,67,1
2852,Copper Chain Pants,GEAR,TRAINER,1,53,80,66,1
2852,Copper Chain Pants,GEAR,TRAINER,1,51,80,63,1
2852,Copper Chain Pants,GEAR,TRAINER,1,48,80,60,1
2852,Copper Chain Pants,GEAR,TRAINER,1,54,80,67,1
2852,Copper Chain Pants,GEAR,TRAINER,1,53,80,66,1
2852,Copper Chain Pants,GEAR,TRAINER,1,51,80,63,1
2852,Copper Chain Pants,GEAR,TRAINER,1,48,80,60,1
2852,Copper Chain Pants,GEAR,TRAINER,1,54,80,67,1
8068,Crafted Heavy Shot,AMMO,TRAINER,1000,1,0,0,1
8068,Crafted Heavy Shot,AMMO,TRAINER,1000,1,0,0,1
8068,Crafted Heavy Shot,AMMO,TRAINER,1000,1,0,0,1
22448,Small Prismatic Shard,INTERMEDIATE,TRAINER,20,1,0,0,1
22448,Small Prismatic Shard,INTERMEDIATE,TRAINER,20,1,0,0,1
22448,Small Prismatic Shard,INTERMEDIATE,TRAINER,3,1,0,0,1
22448,Small Prismatic Shard,INTERMEDIATE,TRAINER,2,1,0,0,1
4246,Fine Leather Belt,GEAR,TRAINER,1,485,578,83,1
4246,Fine Leather Belt,GEAR,TRAINER,1,480,578,83,1
4246,Fine Leather Belt,GEAR,TRAINER,1,465,578,80,1
4246,Fine Leather Belt,GEAR,TRAINER,1,441,578,76,1
4246,Fine Leather Belt,GEAR,TRAINER,1,485,578,83,1
4246,Fine Leather Belt,GEAR,TRAINER,1,480,578,83,1
4246,Fine Leather Belt,GEAR,TRAINER,1,465,578,80,1
4246,Fine Leather Belt,GEAR,TRAINER,1,441,578,76,1
4246,Fine Leather Belt,GEAR,TRAINER,1,485,578,83,1
4246,Fine Leather Belt,GEAR,TRAINER,1,480,578,83,1
4246,Fine Leather Belt,GEAR,TRAINER,1,465,578,80,1
4246,Fine Leather Belt,GEAR,TRAINER,1,441,578,76,1
4246,Fine Leather Belt,GEAR,TRAINER,1,485,578,83,1
4234,Heavy Leather,INTERMEDIATE,TRAINER,8,845,1090,77,1
4234,Heavy Leather,INTERMEDIATE,TRAINER,3,819,1090,75,1
22448,Small Prismatic Shard,INTERMEDIATE,TRAINER,20,1,0,0,1
22448,Small Prismatic Shard,INTERMEDIATE,TRAINER,4,1,0,0,1
6662,Elixir of Giant Growth,ELIXIR_POT,DROP,5,93,108,86,1
22448,Small Prismatic Shard,INTERMEDIATE,TRAINER,20,1,0,0,1
22448,Small Prismatic Shard,INTERMEDIATE,TRAINER,1,1,0,0,1
13423,Stonescale Oil,INTERMEDIATE,TRAINER,5,72,102,70,1
13423,Stonescale Oil,INTERMEDIATE,TRAINER,5,71,102,69,1
2569,Linen Boots,GEAR,TRAINER,1,363,439,82,1
2569,Linen Boots,GEAR,TRAINER,1,348,439,79,1
2569,Linen Boots,GEAR,TRAINER,1,337,439,76,1
2569,Linen Boots,GEAR,TRAINER,1,326,439,74,1
2569,Linen Boots,GEAR,TRAINER,1,363,439,82,1
2569,Linen Boots,GEAR,TRAINER,1,348,439,79,1
2569,Linen Boots,GEAR,TRAINER,1,337,439,76,1
2569,Linen Boots,GEAR,TRAINER,1,326,439,74,1
2569,Linen Boots,GEAR,TRAINER,1,363,439,82,1
2569,Linen Boots,GEAR,TRAINER,1,348,439,79,1
2569,Linen Boots,GEAR,TRAINER,1,337,439,76,1
2569,Linen Boots,GEAR,TRAINER,1,326,439,74,1
22448,Small Prismatic Shard,INTERMEDIATE,TRAINER,11,1,0,0,1
22448,Small Prismatic Shard,INTERMEDIATE,TRAINER,7,1,0,0,1
2584,Woolen Cape,GEAR,TRAINER,1,461,508,90,1
2584,Woolen Cape,GEAR,TRAINER,1,456,508,89,1
2584,Woolen Cape,GEAR,TRAINER,1,442,508,87,1
2584,Woolen Cape,GEAR,TRAINER,1,461,508,90,1
2584,Woolen Cape,GEAR,TRAINER,1,456,508,89,1
2584,Woolen Cape,GEAR,TRAINER,1,442,508,87,1
2584,Woolen Cape,GEAR,TRAINER,1,461,508,90,1
2584,Woolen Cape,GEAR,TRAINER,1,456,508,89,1
2584,Woolen Cape,GEAR,TRAINER,1,442,508,87,1
3530,Wool Bandage,MISC,TRAINER,10,131,136,96,1
14342,Mooncloth,INTERMEDIATE,VENDOR,6,12532,15200,82,1
14342,Mooncloth,INTERMEDIATE,VENDOR,4,12156,15200,79,1
6051,Holy Protection Potion,ELIXIR_POT,VENDOR,11,169,191,88,1
4308,Green Linen Bracers,GEAR,TRAINER,1,445,456,97,1
4308,Green Linen Bracers,GEAR,TRAINER,1,422,456,92,1
4308,Green Linen Bracers,GEAR,TRAINER,1,405,456,88,1
4308,Green Linen Bracers,GEAR,TRAINER,1,384,456,84,1
4308,Green Linen Bracers,GEAR,TRAINER,1,445,456,97,1
4308,Green Linen Bracers,GEAR,TRAINER,1,422,456,92,1
4308,Green Linen Bracers,GEAR,TRAINER,1,405,456,88,1
4308,Green Linen Bracers,GEAR,TRAINER,1,384,456,84,1
4308,Green Linen Bracers,GEAR,TRAINER,1,445,456,97,1
4308,Green Linen Bracers,GEAR,TRAINER,1,422,456,92,1
4308,Green Linen Bracers,GEAR,TRAINER,1,405,456,88,1
22448,Small Prismatic Shard,INTERMEDIATE,TRAINER,20,1,0,0,1
22448,Small Prismatic Shard,INTERMEDIATE,TRAINER,16,1,0,0,1
22448,Small Prismatic Shard,INTERMEDIATE,TRAINER,3,1,0,0,1
5763,Red Woolen Bag,BAG,VENDOR,1,1449,1782,81,1
5763,Red Woolen Bag,BAG,VENDOR,1,1434,1782,80,1
5763,Red Woolen Bag,BAG,VENDOR,1,1449,1782,81,1
5763,Red Woolen Bag,BAG,VENDOR,1,1434,1782,80,1
5763,Red Woolen Bag,BAG,VENDOR,1,1449,1782,81,1
5763,Red Woolen Bag,BAG,VENDOR,1,1434,1782,80,1
5763,Red Woolen Bag,BAG,VENDOR,1,1449,1782,81,1
5763,Red Woolen Bag,BAG,VENDOR,1,1434,1782,80,1
13423,Stonescale Oil,INTERMEDIATE,TRAINER,3,94,102,92,1
13423,Stonescale Oil,INTERMEDIATE,TRAINER,9,89,102,87,1
22448,Small Prismatic Shard,INTERMEDIATE,TRAINER,20,1,0,0,1
22448,Small Prismatic Shard,INTERMEDIATE,TRAINER,8,1,0,0,1
22448,Small Prismatic Shard,INTERMEDIATE,TRAINER,11,1,0,0,1
3391,Elixir of Ogre's Strength,ELIXIR_POT,DROP,5,185,237,78,1
3391,Elixir of Ogre's Strength,ELIXIR_POT,DROP,5,177,237,74,1
14048,Bolt of Runecloth,INTERMEDIATE,TRAINER,11,8602,11880,72,1
14048,Bolt of Runecloth,INTERMEDIATE,TRAINER,1,8171,11880,68,1
6452,Anti-Venom,MISC,TRAINER,20,108,161,67,1
6452,Anti-Venom,MISC,TRAINER,20,103,161,63,1
6452,Anti-Venom,MISC,TRAINER,2,108,161,67,1
22448,Small Prismatic Shard,INTERMEDIATE,TRAINER,20,1,0,0,1
22448,Small Prismatic Shard,INTERMEDIATE,TRAINER,7,1,0,0,1
4339,Bolt of Mageweave,INTERMEDIATE,TRAINER,6,4403,5050,87,1
4339,Bolt of Mageweave,INTERMEDIATE,TRAINER,9,4182,5050,82,1
10056,Orange Mageweave Shirt,GEAR,TRAINER,1,7004,6998,100,1
10056,Orange Mageweave Shirt,GEAR,TRAINER,1,6653,6998,95,1
10056,Orange Mageweave Shirt,GEAR,TRAINER,1,6386,6998,91,1
10056,Orange Mageweave Shirt,GEAR,TRAINER,1,7004,6998,100,1
10056,Orange Mageweave Shirt,GEAR,TRAINER,1,6653,6998,95,1
10056,Orange Mageweave Shirt,GEAR,TRAINER,1,6386,6998,91,1
10056,Orange Mageweave Shirt,GEAR,TRAINER,1,7004,6998,100,1
10056,Orange Mageweave Shirt,GEAR,TRAINER,1,6653,6998,95,1
10056,Orange Mageweave Shirt,GEAR,TRAINER,1,6386,6998,91,1
10056,Orange Mageweave Shirt,GEAR,TRAINER,1,7004,6998,100,1
10056,Orange Mageweave Shirt,GEAR,TRAINER,1,6653,6998,95,1
10056,Orange Mageweave Shirt,GEAR,TRAINER,1,6386,6998,91,1
15869,Silver Skeleton Key,MISC,TRAINER,14,157,159,98,1
15869,Silver Skeleton Key,MISC,TRAINER,16,160,159,100,1
6787,White Woolen Dress,GEAR,TRAINER,1,1236,1424,86,1
6787,White Woolen Dress,GEAR,TRAINER,1,1198,1424,84,1
6787,White Woolen Dress,GEAR,TRAINER,1,1138,1424,79,1
6787,White Woolen Dress,GEAR,TRAINER,1,1092,1424,76,1
6787,White Woolen Dress,GEAR,TRAINER,1,1236,1424,86,1
6787,White Woolen Dress,GEAR,TRAINER,1,1198,1424,84,1
8068,Crafted Heavy Shot,AMMO,TRAINER,1000,1,0,0,1
8170,Rugged Leather,INTERMEDIATE,TRAINER,7,4604,7128,64,1
13423,Stonescale Oil,INTERMEDIATE,TRAINER,1,82,102,80,1
13423,Stonescale Oil,INTERMEDIATE,TRAINER,4,78,102,76,1
8069,Crafted Solid Shot,AMMO,TRAINER,1000,1,2,50,1
8069,Crafted Solid Shot,AMMO,TRAINER,1000,1,2,50,1
8069,Crafted Solid Shot,AMMO,TRAINER,400,1,2,50,1
6662,Elixir of Giant Growth,ELIXIR_POT,DROP,9,80,108,74,1
8069,Crafted Solid Shot,AMMO,TRAINER,1000,1,2,50,1
8069,Crafted Solid Shot,AMMO,TRAINER,1000,1,2,50,1
8069,Crafted Solid Shot,AMMO,TRAINER,600,1,2,50,1
15997,Thorium Shells,AMMO,TRAINER,1000,16,22,72,1
15997,Thorium Shells,AMMO,TRAINER,800,15,22,68,1
2307,Fine Leather Boots,GEAR,DROP,1,477,671,71,1
2307,Fine Leather Boots,GEAR,DROP,1,457,671,68,1
2307,Fine Leather Boots,GEAR,DROP,1,447,671,66,1
2307,Fine Leather Boots,GEAR,DROP,1,433,671,64,1
2307,Fine Leather Boots,GEAR,DROP,1,477,671,71,1
2307,Fine Leather Boots,GEAR,DROP,1,457,671,68,1
2307,Fine Leather Boots,GEAR,DROP,1,447,671,66,1
6385,Stylish Green Shirt,GEAR,DROP,1,1792,2282,78,1
6385,Stylish Green Shirt,GEAR,DROP,1,1756,2282,76,1
6385,Stylish Green Shirt,GEAR,DROP,1,1720,2282,75,1
6385,Stylish Green Shirt,GEAR,DROP,1,1702,2282,74,1
6385,Stylish Green Shirt,GEAR,DROP,1,1792,2282,78,1
13423,Stonescale Oil,INTERMEDIATE,TRAINER,2,82,102,80,1
13423,Stonescale Oil,INTERMEDIATE,TRAINER,6,81,102,79,1
4314,Double-stitched Woolen Shoulders,GEAR,TRAINER,1,1230,1424,86,1
4314,Double-stitched Woolen Shoulders,GEAR,TRAINER,1,1168,1424,82,1
4314,Double-stitched Woolen Shoulders,GEAR,TRAINER,1,1230,1424,86,1
4314,Double-stitched Woolen Shoulders,GEAR,TRAINER,1,1168,1424,82,1
4314,Double-stitched Woolen Shoulders,GEAR,TRAINER,1,1230,1424,86,1
4314,Double-stitched Woolen Shoulders,GEAR,TRAINER,1,1168,1424,82,1
4314,Double-stitched Woolen Shoulders,GEAR,TRAINER,1,1230,1424,86,1
22448,Small Prismatic Shard,INTERMEDIATE,TRAINER,20,1,0,0,1
22448,Small Prismatic Shard,INTERMEDIATE,TRAINER,1,1,0,0,1
22448,Small Prismatic Shard,INTERMEDIATE,TRAINER,20,1,0,0,1
22448,Small Prismatic Shard,INTERMEDIATE,TRAINER,3,1,0,0,1
22448,Small Prismatic Shard,INTERMEDIATE,TRAINER,7,1,0,0,1
13423,Stonescale Oil,INTERMEDIATE,TRAINER,11,94,102,92,1
13423,Stonescale Oil,INTERMEDIATE,TRAINER,4,90,102,88,1
10512,Hi-Impact Mithril Slugs,AMMO,TRAINER,1000,12,13,92,1
10512,Hi-Impact Mithril Slugs,AMMO,TRAINER,1000,11,13,84,1
10512,Hi-Impact Mithril Slugs,AMMO,TRAINER,1000,10,13,76,1
18662,Heavy Leather Ball,MISC,VENDOR,5,1048,1312,79,1
18662,Heavy Leather Ball,MISC,VENDOR,5,1037,1312,79,1
18662,Heavy Leather Ball,MISC,VENDOR,4,1016,1312,77,1
6385,Stylish Green Shirt,GEAR,DROP,1,1987,2282,87,1
6385,Stylish Green Shirt,GEAR,DROP,1,1947,2282,85,1
6385,Stylish Green Shirt,GEAR,DROP,1,1927,2282,84,1
6385,Stylish Green Shirt,GEAR,DROP,1,1987,2282,87,1
6385,Stylish Green Shirt,GEAR,DROP,1,1947,2282,85,1
6385,Stylish Green Shirt,GEAR,DROP,1,1927,2282,84,1
6385,Stylish Green Shirt,GEAR,DROP,1,1987,2282,87,1
6385,Stylish Green Shirt,GEAR,DROP,1,1947,2282,85,1
6385,Stylish Green Shirt,GEAR,DROP,1,1927,2282,84,1
6385,Stylish Green Shirt,GEAR,DROP,1,1987,2282,87,1
6385,Stylish Green Shirt,GEAR,DROP,1,1947,2282,85,1
6385,Stylish Green Shirt,GEAR,DROP,1,1927,2282,84,1
6385,Stylish Green Shirt,GEAR,DROP,1,1987,2282,87,1
6385,Stylish Green Shirt,GEAR,DROP,1,1947,2282,85,1
6385,Stylish Green Shirt,GEAR,DROP,1,1927,2282,84,1
7026,Linen Belt,GEAR,TRAINER,1,84,122,68,1
7026,Linen Belt,GEAR,TRAINER,1,83,122,68,1
7026,Linen Belt,GEAR,TRAINER,1,79,122,64,1
7026,Linen Belt,GEAR,TRAINER,1,78,122,63,1
7026,Linen Belt,GEAR,TRAINER,1,84,122,68,1
7026,Linen Belt,GEAR,TRAINER,1,83,122,68,1
7026,Linen Belt,GEAR,TRAINER,1,79,122,64,1
15997,Thorium Shells,AMMO,TRAINER,1000,19,22,86,1
15997,Thorium Shells,AMMO,TRAINER,1000,18,22,81,1
15997,Thorium Shells,AMMO,TRAINER,200,17,22,77,1
4239,Embossed Leather Gloves,GEAR,TRAINER,1,281,299,93,1
4239,Embossed Leather Gloves,GEAR,TRAINER,1,269,299,89,1
4239,Embossed Leather Gloves,GEAR,TRAINER,1,258,299,86,1
4239,Embossed Leather Gloves,GEAR,TRAINER,1,250,299,83,1
4239,Embossed Leather Gloves,GEAR,TRAINER,1,281,299,93,1
4239,Embossed Leather Gloves,GEAR,TRAINER,1,269,299,89,1
4239,Embossed Leather Gloves,GEAR,TRAINER,1,258,299,86,1
22448,Small Prismatic Shard,INTERMEDIATE,TRAINER,20,1,0,0,1
22448,Small Prismatic Shard,INTERMEDIATE,TRAINER,20,1,0,0,1
22448,Small Prismatic Shard,INTERMEDIATE,TRAINER,4,1,0,0,1
22448,Small Prismatic Shard,INTERMEDIATE,TRAINER,1,1,0,0,1
2841,Bronze Bar,INTERMEDIATE,TRAINER,20,48,62,77,1
2841,Bronze Bar,INTERMEDIATE,TRAINER,3,45,62,72,1
2841,Bronze Bar,INTERMEDIATE,TRAINER,3,44,62,70,1
8068,Crafted Heavy Shot,AMMO,TRAINER,1000,1,0,0,1
8068,Crafted Heavy Shot,AMMO,TRAINER,1000,1,0,0,1
2580,Reinforced Linen Cape,GEAR,TRAINER,1,190,254,74,1
2580,Reinforced Linen Cape,GEAR,TRAINER,1,188,254,74,1
2580,Reinforced Linen Cape,GEAR,TRAINER,1,178,254,70,1
2580,Reinforced Linen Cape,GEAR,TRAINER,1,174,254,68,1
2580,Reinforced Linen Cape,GEAR,TRAINER,1,190,254,74,1
3391,Elixir of Ogre's Strength,ELIXIR_POT,DROP,5,180,237,75,1
3391,Elixir of Ogre's Strength,ELIXIR_POT,DROP,1,174,237,73,1
13423,Stonescale Oil,INTERMEDIATE,TRAINER,3,85,102,83,1
13423,Stonescale Oil,INTERMEDIATE,TRAINER,2,84,102,82,1
8069,Crafted Solid Shot,AMMO,TRAINER,1000,1,2,50,1
8069,Crafted Solid Shot,AMMO,TRAINER,1000,1,2,50,1
8069,Crafted Solid Shot,AMMO,TRAINER,600,1,2,50,1
7281,Light Leather Bracers,GEAR,TRAINER,1,489,598,81,1
7281,Light Leather Bracers,GEAR,TRAINER,1,484,598,80,1
7281,Light Leather Bracers,GEAR,TRAINER,1,474,598,79,1
7281,Light Leather Bracers,GEAR,TRAINER,1,489,598,81,1
7281,Light Leather Bracers,GEAR,TRAINER,1,484,598,80,1
7281,Light Leather Bracers,GEAR,TRAINER,1,474,598,79,1
7281,Light Leather Bracers,GEAR,TRAINER,1,489,598,81,1
8067,Crafted Light Shot,AMMO,UNSOURCED,1000,1,0,0,1
8067,Crafted Light Shot,AMMO,UNSOURCED,600,1,0,0,1
4239,Embossed Leather Gloves,GEAR,TRAINER,1,287,299,95,1
4239,Embossed Leather Gloves,GEAR,TRAINER,1,278,299,92,1
4239,Embossed Leather Gloves,GEAR,TRAINER,1,266,299,88,1
4239,Embossed Leather Gloves,GEAR,TRAINER,1,287,299,95,1
4239,Embossed Leather Gloves,GEAR,TRAINER,1,278,299,92,1
4239,Embossed Leather Gloves,GEAR,TRAINER,1,266,299,88,1
4239,Embossed Leather Gloves,GEAR,TRAINER,1,287,299,95,1
4239,Embossed Leather Gloves,GEAR,TRAINER,1,278,299,92,1
4239,Embossed Leather Gloves,GEAR,TRAINER,1,266,299,88,1
4239,Embossed Leather Gloves,GEAR,TRAINER,1,287,299,95,1
6836,Dress Shoes,GEAR,VENDOR,1,16747,18368,91,1
6836,Dress Shoes,GEAR,VENDOR,1,16244,18368,88,1
6836,Dress Shoes,GEAR,VENDOR,1,15431,18368,84,1
6836,Dress Shoes,GEAR,VENDOR,1,16747,18368,91,1
6836,Dress Shoes,GEAR,VENDOR,1,16244,18368,88,1
6836,Dress Shoes,GEAR,VENDOR,1,15431,18368,84,1
6836,Dress Shoes,GEAR,VENDOR,1,16747,18368,91,1
6836,Dress Shoes,GEAR,VENDOR,1,16244,18368,88,1
6836,Dress Shoes,GEAR,VENDOR,1,15431,18368,84,1
2851,Copper Chain Belt,GEAR,TRAINER,1,79,120,65,1
2851,Copper Chain Belt,GEAR,TRAINER,1,77,120,64,1
2851,Copper Chain Belt,GEAR,TRAINER,1,76,120,63,1
2851,Copper Chain Belt,GEAR,TRAINER,1,72,120,60,1
2851,Copper Chain Belt,GEAR,TRAINER,1,79,120,65,1
2851,Copper Chain Belt,GEAR,TRAINER,1,77,120,64,1
2851,Copper Chain Belt,GEAR,TRAINER,1,76,120,63,1
2307,Fine Leather Boots,GEAR,DROP,1,642,671,95,1
2307,Fine Leather Boots,GEAR,DROP,1,635,671,94,1
2307,Fine Leather Boots,GEAR,DROP,1,642,671,95,1
2307,Fine Leather Boots,GEAR,DROP,1,635,671,94,1
2307,Fine Leather Boots,GEAR,DROP,1,642,671,95,1
2307,Fine Leather Boots,GEAR,DROP,1,635,671,94,1
2307,Fine Leather Boots,GEAR,DROP,1,642,671,95,1
13423,Stonescale Oil,INTERMEDIATE,TRAINER,7,78,102,76,1
13423,Stonescale Oil,INTERMEDIATE,TRAINER,4,74,102,72,1
13423,Stonescale Oil,INTERMEDIATE,TRAINER,9,78,102,76,1
13423,Stonescale Oil,INTERMEDIATE,TRAINER,2,74,102,72,1
15997,Thorium Shells,AMMO,TRAINER,1000,19,22,86,1
15997,Thorium Shells,AMMO,TRAINER,1000,18,22,81,1
15997,Thorium Shells,AMMO,TRAINER,600,17,22,77,1
15869,Silver Skeleton Key,MISC,TRAINER,10,113,159,71,1
4239,Embossed Leather Gloves,GEAR,TRAINER,1,285,299,95,1
4239,Embossed Leather Gloves,GEAR,TRAINER,1,270,299,90,1
4239,Embossed Leather Gloves,GEAR,TRAINER,1,285,299,95,1
4239,Embossed Leather Gloves,GEAR,TRAINER,1,270,299,90,1
4239,Embossed Leather Gloves,GEAR,TRAINER,1,285,299,95,1
4239,Embossed Leather Gloves,GEAR,TRAINER,1,270,299,90,1
4239,Embossed Leather Gloves,GEAR,TRAINER,1,285,299,95,1
4239,Embossed Leather Gloves,GEAR,TRAINER,1,270,299,90,1
4239,Embossed Leather Gloves,GEAR,TRAINER,1,285,299,95,1
4239,Embossed Leather Gloves,GEAR,TRAINER,1,270,299,90,1
4239,Embossed Leather Gloves,GEAR,TRAINER,1,285,299,95,1
4239,Embossed Leather Gloves,GEAR,TRAINER,1,270,299,90,1
4234,Heavy Leather,INTERMEDIATE,TRAINER,5,713,1090,65,1
4234,Heavy Leather,INTERMEDIATE,TRAINER,3,677,1090,62,1
10048,Colorful Kilt,GEAR,DROP,1,1861,2290,81,1
10048,Colorful Kilt,GEAR,DROP,1,1786,2290,77,1
10048,Colorful Kilt,GEAR,DROP,1,1696,2290,74,1
10048,Colorful Kilt,GEAR,DROP,1,1861,2290,81,1
10048,Colorful Kilt,GEAR,DROP,1,1786,2290,77,1
10048,Colorful Kilt,GEAR,DROP,1,1696,2290,74,1
10048,Colorful Kilt,GEAR,DROP,1,1861,2290,81,1
10048,Colorful Kilt,GEAR,DROP,1,1786,2290,77,1
13423,Stonescale Oil,INTERMEDIATE,TRAINER,7,96,102,94,1
13423,Stonescale Oil,INTERMEDIATE,TRAINER,6,92,102,90,1
15869,Silver Skeleton Key,MISC,TRAINER,14,125,159,78,1
14048,Bolt of Runecloth,INTERMEDIATE,TRAINER,7,9533,11880,80,1
14048,Bolt of Runecloth,INTERMEDIATE,TRAINER,7,9437,11880,79,1
8068,Crafted Heavy Shot,AMMO,TRAINER,1000,1,0,0,1
8068,Crafted Heavy Shot,AMMO,TRAINER,400,1,0,0,1
22448,Small Prismatic Shard,INTERMEDIATE,TRAINER,20,1,0,0,1
22448,Small Prismatic Shard,INTERMEDIATE,TRAINER,8,1,0,0,1
22448,Small Prismatic Shard,INTERMEDIATE,TRAINER,11,1,0,0,1
2581,Heavy Linen Bandage,MISC,TRAINER,6,72,112,64,1
4234,Heavy Leather,INTERMEDIATE,TRAINER,2,931,1090,85,1
4234,Heavy Leather,INTERMEDIATE,TRAINER,8,912,1090,83,1
4239,Embossed Leather Gloves,GEAR,TRAINER,1,272,299,90,1
4239,Embossed Leather Gloves,GEAR,TRAINER,1,258,299,86,1
4239,Embossed Leather Gloves,GEAR,TRAINER,1,252,299,84,1
4239,Embossed Leather Gloves,GEAR,TRAINER,1,272,299,90,1
4239,Embossed Leather Gloves,GEAR,TRAINER,1,258,299,86,1
4239,Embossed Leather Gloves,GEAR,TRAINER,1,252,299,84,1
4239,Embossed Leather Gloves,GEAR,TRAINER,1,272,299,90,1
5763,Red Woolen Bag,BAG,VENDOR,1,1378,1782,77,1
5763,Red Woolen Bag,BAG,VENDOR,1,1336,1782,74,1
5763,Red Woolen Bag,BAG,VENDOR,1,1295,1782,72,1
5763,Red Woolen Bag,BAG,VENDOR,1,1378,1782,77,1
5763,Red Woolen Bag,BAG,VENDOR,1,1336,1782,74,1
5763,Red Woolen Bag,BAG,VENDOR,1,1295,1782,72,1
5763,Red Woolen Bag,BAG,VENDOR,1,1378,1782,77,1
5763,Red Woolen Bag,BAG,VENDOR,1,1336,1782,74,1
5763,Red Woolen Bag,BAG,VENDOR,1,1295,1782,72,1
5763,Red Woolen Bag,BAG,VENDOR,1,1378,1782,77,1
5763,Red Woolen Bag,BAG,VENDOR,1,1336,1782,74,1
5763,Red Woolen Bag,BAG,VENDOR,1,1295,1782,72,1
15407,Cured Rugged Hide,INTERMEDIATE,TRAINER,7,6946,9060,76,1
15407,Cured Rugged Hide,INTERMEDIATE,TRAINER,3,6668,9060,73,1
10512,Hi-Impact Mithril Slugs,AMMO,TRAINER,1000,9,13,69,1
10512,Hi-Impact Mithril Slugs,AMMO,TRAINER,1000,8,13,61,1
10512,Hi-Impact Mithril Slugs,AMMO,TRAINER,600,9,13,69,1
4330,Stylish Red Shirt,GEAR,TRAINER,1,1257,1424,88,1
4330,Stylish Red Shirt,GEAR,TRAINER,1,1231,1424,86,1
4330,Stylish Red Shirt,GEAR,TRAINER,1,1169,1424,82,1
4330,Stylish Red Shirt,GEAR,TRAINER,1,1257,1424,88,1
4330,Stylish Red Shirt,GEAR,TRAINER,1,1231,1424,86,1
4330,Stylish Red Shirt,GEAR,TRAINER,1,1169,1424,82,1
4330,Stylish Red Shirt,GEAR,TRAINER,1,1257,1424,88,1
4330,Stylish Red Shirt,GEAR,TRAINER,1,1231,1424,86,1
22448,Small Prismatic Shard,INTERMEDIATE,TRAINER,20,1,0,0,1
22448,Small Prismatic Shard,INTERMEDIATE,TRAINER,7,1,0,0,1
13423,Stonescale Oil,INTERMEDIATE,TRAINER,5,80,102,78,1
13423,Stonescale Oil,INTERMEDIATE,TRAINER,4,76,102,74,1
118,Minor Healing Potion,ELIXIR_POT,UNSOURCED,5,83,85,97,1
118,Minor Healing Potion,ELIXIR_POT,UNSOURCED,4,78,85,91,1
22448,Small Prismatic Shard,INTERMEDIATE,TRAINER,12,1,0,0,1
22448,Small Prismatic Shard,INTERMEDIATE,TRAINER,3,1,0,0,1
6662,Elixir of Giant Growth,ELIXIR_POT,DROP,14,96,108,88,1
22448,Small Prismatic Shard,INTERMEDIATE,TRAINER,20,1,0,0,1
22448,Small Prismatic Shard,INTERMEDIATE,TRAINER,4,1,0,0,1
22448,Small Prismatic Shard,INTERMEDIATE,TRAINER,15,1,0,0,1
8069,Crafted Solid Shot,AMMO,TRAINER,1000,1,2,50,1
8069,Crafted Solid Shot,AMMO,TRAINER,600,1,2,50,1
8069,Crafted Solid Shot,AMMO,TRAINER,1000,1,2,50,1
13445,Elixir of Superior Defense,ELIXIR_POT,VENDOR,14,909,1064,85,1
118,Minor Healing Potion,ELIXIR_POT,UNSOURCED,8,88,85,103,1
6051,Holy Protection Potion,ELIXIR_POT,VENDOR,12,162,191,84,1
14342,Mooncloth,INTERMEDIATE,VENDOR,4,11872,15200,78,1
14342,Mooncloth,INTERMEDIATE,VENDOR,1,11753,15200,77,1
22448,Small Prismatic Shard,INTERMEDIATE,TRAINER,4,1,0,0,1
22448,Small Prismatic Shard,INTERMEDIATE,TRAINER,14,1,0,0,1
4239,Embossed Leather Gloves,GEAR,TRAINER,1,227,299,75,1
4239,Embossed Leather Gloves,GEAR,TRAINER,1,215,299,71,1
4239,Embossed Leather Gloves,GEAR,TRAINER,1,204,299,68,1
4239,Embossed Leather Gloves,GEAR,TRAINER,1,195,299,65,1
4239,Embossed Leather Gloves,GEAR,TRAINER,1,227,299,75,1
4239,Embossed Leather Gloves,GEAR,TRAINER,1,215,299,71,1
4239,Embossed Leather Gloves,GEAR,TRAINER,1,204,299,68,1
4239,Embossed Leather Gloves,GEAR,TRAINER,1,195,299,65,1
4239,Embossed Leather Gloves,GEAR,TRAINER,1,227,299,75,1
4239,Embossed Leather Gloves,GEAR,TRAINER,1,215,299,71,1
4239,Embossed Leather Gloves,GEAR,TRAINER,1,204,299,68,1
4239,Embossed Leather Gloves,GEAR,TRAINER,1,195,299,65,1
2577,Blue Linen Shirt,GEAR,TRAINER,1,234,284,82,1
2577,Blue Linen Shirt,GEAR,TRAINER,1,222,284,78,1
2577,Blue Linen Shirt,GEAR,TRAINER,1,210,284,73,1
2577,Blue Linen Shirt,GEAR,TRAINER,1,234,284,82,1
2577,Blue Linen Shirt,GEAR,TRAINER,1,222,284,78,1
2577,Blue Linen Shirt,GEAR,TRAINER,1,210,284,73,1
2577,Blue Linen Shirt,GEAR,TRAINER,1,234,284,82,1
2577,Blue Linen Shirt,GEAR,TRAINER,1,222,284,78,1
2577,Blue Linen Shirt,GEAR,TRAINER,1,210,284,73,1
2577,Blue Linen Shirt,GEAR,TRAINER,1,234,284,82,1
2577,Blue Linen Shirt,GEAR,TRAINER,1,222,284,78,1
2577,Blue Linen Shirt,GEAR,TRAINER,1,210,284,73,1
2577,Blue Linen Shirt,GEAR,TRAINER,1,234,284,82,1
10513,Mithril Gyro-Shot,AMMO,TRAINER,1000,26,26,100,1
10513,Mithril Gyro-Shot,AMMO,TRAINER,800,24,26,92,1
14342,Mooncloth,INTERMEDIATE,VENDOR,5,10788,15200,70,1
4339,Bolt of Mageweave,INTERMEDIATE,TRAINER,1,3796,5050,75,1
4339,Bolt of Mageweave,INTERMEDIATE,TRAINER,4,3720,5050,73,1
2307,Fine Leather Boots,GEAR,DROP,1,599,671,89,1
2307,Fine Leather Boots,GEAR,DROP,1,581,671,86,1
2307,Fine Leather Boots,GEAR,DROP,1,557,671,83,1
2307,Fine Leather Boots,GEAR,DROP,1,540,671,80,1
2307,Fine Leather Boots,GEAR,DROP,1,599,671,89,1
2307,Fine Leather Boots,GEAR,DROP,1,581,671,86,1
2307,Fine Leather Boots,GEAR,DROP,1,557,671,83,1
2307,Fine Leather Boots,GEAR,DROP,1,540,671,80,1
10008,White Bandit Mask,GEAR,DROP,1,5574,6023,92,1
10008,White Bandit Mask,GEAR,DROP,1,5462,6023,90,1
10008,White Bandit Mask,GEAR,DROP,1,5407,6023,89,1
10008,White Bandit Mask,GEAR,DROP,1,5136,6023,85,1
10008,White Bandit Mask,GEAR,DROP,1,5574,6023,92,1
10008,White Bandit Mask,GEAR,DROP,1,5462,6023,90,1
10008,White Bandit Mask,GEAR,DROP,1,5407,6023,89,1
10008,White Bandit Mask,GEAR,DROP,1,5136,6023,85,1
10008,White Bandit Mask,GEAR,DROP,1,5574,6023,92,1
10008,White Bandit Mask,GEAR,DROP,1,5462,6023,90,1
10008,White Bandit Mask,GEAR,DROP,1,5407,6023,89,1
10008,White Bandit Mask,GEAR,DROP,1,5136,6023,85,1
10008,White Bandit Mask,GEAR,DROP,1,5574,6023,92,1
10008,White Bandit Mask,GEAR,DROP,1,5462,6023,90,1
10008,White Bandit Mask,GEAR,DROP,1,5407,6023,89,1
5763,Red Woolen Bag,BAG,VENDOR,1,1536,1782,86,1
5763,Red Woolen Bag,BAG,VENDOR,1,1459,1782,81,1
5763,Red Woolen Bag,BAG,VENDOR,1,1386,1782,77,1
5763,Red Woolen Bag,BAG,VENDOR,1,1358,1782,76,1
5763,Red Woolen Bag,BAG,VENDOR,1,1536,1782,86,1
18662,Heavy Leather Ball,MISC,VENDOR,5,1107,1312,84,1
18662,Heavy Leather Ball,MISC,VENDOR,5,1084,1312,82,1
22448,Small Prismatic Shard,INTERMEDIATE,TRAINER,20,1,0,0,1
22448,Small Prismatic Shard,INTERMEDIATE,TRAINER,5,1,0,0,1
22448,Small Prismatic Shard,INTERMEDIATE,TRAINER,11,1,0,0,1
5997,Elixir of Minor Defense,ELIXIR_POT,UNSOURCED,5,77,84,91,1
5997,Elixir of Minor Defense,ELIXIR_POT,UNSOURCED,6,73,84,86,1
10056,Orange Mageweave Shirt,GEAR,TRAINER,1,6709,6998,95,1
10056,Orange Mageweave Shirt,GEAR,TRAINER,1,6641,6998,94,1
10056,Orange Mageweave Shirt,GEAR,TRAINER,1,6709,6998,95,1
10056,Orange Mageweave Shirt,GEAR,TRAINER,1,6641,6998,94,1
10056,Orange Mageweave Shirt,GEAR,TRAINER,1,6709,6998,95,1
4339,Bolt of Mageweave,INTERMEDIATE,TRAINER,9,4984,5050,98,1
22448,Small Prismatic Shard,INTERMEDIATE,TRAINER,20,1,0,0,1
22448,Small Prismatic Shard,INTERMEDIATE,TRAINER,20,1,0,0,1
22448,Small Prismatic Shard,INTERMEDIATE,TRAINER,1,1,0,0,1
22448,Small Prismatic Shard,INTERMEDIATE,TRAINER,4,1,0,0,1
22574,Mote of Fire,INTERMEDIATE,TRAINER,10,2556,3200,79,1
22574,Mote of Fire,INTERMEDIATE,TRAINER,10,2428,3200,75,1
22574,Mote of Fire,INTERMEDIATE,TRAINER,10,2355,3200,73,1
22574,Mote of Fire,INTERMEDIATE,TRAINER,10,2307,3200,72,1
22574,Mote of Fire,INTERMEDIATE,TRAINER,10,2556,3200,79,1
22574,Mote of Fire,INTERMEDIATE,TRAINER,10,2428,3200,75,1
22574,Mote of Fire,INTERMEDIATE,TRAINER,2,2355,3200,73,1
22574,Mote of Fire,INTERMEDIATE,TRAINER,8,2307,3200,72,1
22448,Small Prismatic Shard,INTERMEDIATE,TRAINER,20,1,0,0,1
22448,Small Prismatic Shard,INTERMEDIATE,TRAINER,20,1,0,0,1
22448,Small Prismatic Shard,INTERMEDIATE,TRAINER,3,1,0,0,1
22448,Small Prismatic Shard,INTERMEDIATE,TRAINER,2,1,0,0,1
8068,Crafted Heavy Shot,AMMO,TRAINER,1000,1,0,0,1
8068,Crafted Heavy Shot,AMMO,TRAINER,200,1,0,0,1
5478,Dig Rat Stew,FOOD,UNSOURCED,20,1,0,0,1
5478,Dig Rat Stew,FOOD,UNSOURCED,5,1,0,0,1
5478,Dig Rat Stew,FOOD,UNSOURCED,3,1,0,0,1
13423,Stonescale Oil,INTERMEDIATE,TRAINER,7,81,102,79,1
6453,Strong Anti-Venom,MISC,DROP,20,298,373,79,1
6453,Strong Anti-Venom,MISC,DROP,19,292,373,78,1
2319,Medium Leather,INTERMEDIATE,TRAINER,8,287,372,77,1
2319,Medium Leather,INTERMEDIATE,TRAINER,1,275,372,73,1
3530,Wool Bandage,MISC,TRAINER,5,111,136,81,1
18662,Heavy Leather Ball,MISC,VENDOR,5,1037,1312,79,1
10512,Hi-Impact Mithril Slugs,AMMO,TRAINER,1000,9,13,69,1
10512,Hi-Impact Mithril Slugs,AMMO,TRAINER,1000,8,13,61,1
10512,Hi-Impact Mithril Slugs,AMMO,TRAINER,1000,7,13,53,1
22448,Small Prismatic Shard,INTERMEDIATE,TRAINER,14,1,0,0,1
22448,Small Prismatic Shard,INTERMEDIATE,TRAINER,4,1,0,0,1
13423,Stonescale Oil,INTERMEDIATE,TRAINER,4,72,102,70,1
13423,Stonescale Oil,INTERMEDIATE,TRAINER,1,70,102,68,1
7026,Linen Belt,GEAR,TRAINER,1,120,122,98,1
7026,Linen Belt,GEAR,TRAINER,1,118,122,96,1
7026,Linen Belt,GEAR,TRAINER,1,114,122,93,1
7026,Linen Belt,GEAR,TRAINER,1,120,122,98,1
7026,Linen Belt,GEAR,TRAINER,1,118,122,96,1
7026,Linen Belt,GEAR,TRAINER,1,114,122,93,1
7026,Linen Belt,GEAR,TRAINER,1,120,122,98,1
7026,Linen Belt,GEAR,TRAINER,1,118,122,96,1
7026,Linen Belt,GEAR,TRAINER,1,114,122,93,1
7026,Linen Belt,GEAR,TRAINER,1,120,122,98,1
7026,Linen Belt,GEAR,TRAINER,1,118,122,96,1
7026,Linen Belt,GEAR,TRAINER,1,114,122,93,1
7026,Linen Belt,GEAR,TRAINER,1,120,122,98,1
7026,Linen Belt,GEAR,TRAINER,1,118,122,96,1
7026,Linen Belt,GEAR,TRAINER,1,114,122,93,1
3470,Rough Grinding Stone,INTERMEDIATE,TRAINER,10,21,24,87,1
3470,Rough Grinding Stone,INTERMEDIATE,TRAINER,2,20,24,83,1
22448,Small Prismatic Shard,INTERMEDIATE,TRAINER,20,1,0,0,1
22448,Small Prismatic Shard,INTERMEDIATE,TRAINER,4,1,0,0,1
22448,Small Prismatic Shard,INTERMEDIATE,TRAINER,2,1,0,0,1
22448,Small Prismatic Shard,INTERMEDIATE,TRAINER,13,1,0,0,1
10056,Orange Mageweave Shirt,GEAR,TRAINER,1,6392,6998,91,1
10056,Orange Mageweave Shirt,GEAR,TRAINER,1,6072,6998,86,1
10056,Orange Mageweave Shirt,GEAR,TRAINER,1,5889,6998,84,1
10056,Orange Mageweave Shirt,GEAR,TRAINER,1,6392,6998,91,1
10056,Orange Mageweave Shirt,GEAR,TRAINER,1,6072,6998,86,1
10056,Orange Mageweave Shirt,GEAR,TRAINER,1,5889,6998,84,1
10056,Orange Mageweave Shirt,GEAR,TRAINER,1,6392,6998,91,1
5997,Elixir of Minor Defense,ELIXIR_POT,UNSOURCED,10,76,84,90,1
2568,Brown Linen Vest,GEAR,TRAINER,1,96,122,78,1
2568,Brown Linen Vest,GEAR,TRAINER,1,94,122,77,1
2568,Brown Linen Vest,GEAR,TRAINER,1,96,122,78,1
2568,Brown Linen Vest,GEAR,TRAINER,1,94,122,77,1
2568,Brown Linen Vest,GEAR,TRAINER,1,96,122,78,1
2568,Brown Linen Vest,GEAR,TRAINER,1,94,122,77,1
2568,Brown Linen Vest,GEAR,TRAINER,1,96,122,78,1
2568,Brown Linen Vest,GEAR,TRAINER,1,94,122,77,1
2568,Brown Linen Vest,GEAR,TRAINER,1,96,122,78,1
2568,Brown Linen Vest,GEAR,TRAINER,1,94,122,77,1
2568,Brown Linen Vest,GEAR,TRAINER,1,96,122,78,1
2568,Brown Linen Vest,GEAR,TRAINER,1,94,122,77,1
8068,Crafted Heavy Shot,AMMO,TRAINER,1000,1,0,0,1
8068,Crafted Heavy Shot,AMMO,TRAINER,1000,1,0,0,1
8068,Crafted Heavy Shot,AMMO,TRAINER,800,1,0,0,1
7026,Linen Belt,GEAR,TRAINER,1,87,122,71,1
7026,Linen Belt,GEAR,TRAINER,1,86,122,70,1
7026,Linen Belt,GEAR,TRAINER,1,87,122,71,1
7026,Linen Belt,GEAR,TRAINER,1,86,122,70,1
7026,Linen Belt,GEAR,TRAINER,1,87,122,71,1
7026,Linen Belt,GEAR,TRAINER,1,86,122,70,1
7026,Linen Belt,GEAR,TRAINER,1,87,122,71,1
7026,Linen Belt,GEAR,TRAINER,1,86,122,70,1
7026,Linen Belt,GEAR,TRAINER,1,87,122,71,1
7026,Linen Belt,GEAR,TRAINER,1,86,122,70,1
7026,Linen Belt,GEAR,TRAINER,1,87,122,71,1
7026,Linen Belt,GEAR,TRAINER,1,86,122,70,1
7026,Linen Belt,GEAR,TRAINER,1,87,122,71,1
7026,Linen Belt,GEAR,TRAINER,1,86,122,70,1
7026,Linen Belt,GEAR,TRAINER,1,87,122,71,1
2867,Rough Bronze Bracers,GEAR,UNSOURCED,1,188,248,75,1
2867,Rough Bronze Bracers,GEAR,UNSOURCED,1,184,248,74,1
2867,Rough Bronze Bracers,GEAR,UNSOURCED,1,174,248,70,1
2867,Rough Bronze Bracers,GEAR,UNSOURCED,1,188,248,75,1
2867,Rough Bronze Bracers,GEAR,UNSOURCED,1,184,248,74,1
2867,Rough Bronze Bracers,GEAR,UNSOURCED,1,174,248,70,1
2867,Rough Bronze Bracers,GEAR,UNSOURCED,1,188,248,75,1
2579,Green Linen Shirt,GEAR,TRAINER,1,463,536,86,1
2579,Green Linen Shirt,GEAR,TRAINER,1,449,536,83,1
2579,Green Linen Shirt,GEAR,TRAINER,1,431,536,80,1
2579,Green Linen Shirt,GEAR,TRAINER,1,422,536,78,1
2579,Green Linen Shirt,GEAR,TRAINER,1,463,536,86,1
2579,Green Linen Shirt,GEAR,TRAINER,1,449,536,83,1
2579,Green Linen Shirt,GEAR,TRAINER,1,431,536,80,1
2579,Green Linen Shirt,GEAR,TRAINER,1,422,536,78,1
2579,Green Linen Shirt,GEAR,TRAINER,1,463,536,86,1
2579,Green Linen Shirt,GEAR,TRAINER,1,449,536,83,1
2579,Green Linen Shirt,GEAR,TRAINER,1,431,536,80,1
2579,Green Linen Shirt,GEAR,TRAINER,1,422,536,78,1
2579,Green Linen Shirt,GEAR,TRAINER,1,463,536,86,1
10048,Colorful Kilt,GEAR,DROP,1,1957,2290,85,1
10048,Colorful Kilt,GEAR,DROP,1,1859,2290,81,1
10048,Colorful Kilt,GEAR,DROP,1,1821,2290,79,1
10048,Colorful Kilt,GEAR,DROP,1,1729,2290,75,1
10048,Colorful Kilt,GEAR,DROP,1,1957,2290,85,1
6787,White Woolen Dress,GEAR,TRAINER,1,1393,1424,97,1
6787,White Woolen Dress,GEAR,TRAINER,1,1379,1424,96,1
6787,White Woolen Dress,GEAR,TRAINER,1,1393,1424,97,1
6787,White Woolen Dress,GEAR,TRAINER,1,1379,1424,96,1
6787,White Woolen Dress,GEAR,TRAINER,1,1393,1424,97,1
6787,White Woolen Dress,GEAR,TRAINER,1,1379,1424,96,1
6787,White Woolen Dress,GEAR,TRAINER,1,1393,1424,97,1
6787,White Woolen Dress,GEAR,TRAINER,1,1379,1424,96,1
6787,White Woolen Dress,GEAR,TRAINER,1,1393,1424,97,1
6787,White Woolen Dress,GEAR,TRAINER,1,1379,1424,96,1
6787,White Woolen Dress,GEAR,TRAINER,1,1393,1424,97,1
6787,White Woolen Dress,GEAR,TRAINER,1,1379,1424,96,1
6787,White Woolen Dress,GEAR,TRAINER,1,1393,1424,97,1
4314,Double-stitched Woolen Shoulders,GEAR,TRAINER,1,1222,1424,85,1
4314,Double-stitched Woolen Shoulders,GEAR,TRAINER,1,1185,1424,83,1
4314,Double-stitched Woolen Shoulders,GEAR,TRAINER,1,1173,1424,82,1
4314,Double-stitched Woolen Shoulders,GEAR,TRAINER,1,1222,1424,85,1
4314,Double-stitched Woolen Shoulders,GEAR,TRAINER,1,1185,1424,83,1
4314,Double-stitched Woolen Shoulders,GEAR,TRAINER,1,1173,1424,82,1
10512,Hi-Impact Mithril Slugs,AMMO,TRAINER,1000,11,13,84,1
10512,Hi-Impact Mithril Slugs,AMMO,TRAINER,200,10,13,76,1
6051,Holy Protection Potion,ELIXIR_POT,VENDOR,15,126,191,65,1
22448,Small Prismatic Shard,INTERMEDIATE,TRAINER,20,1,0,0,1
22448,Small Prismatic Shard,INTERMEDIATE,TRAINER,1,1,0,0,1
2857,Runed Copper Belt,GEAR,TRAINER,1,141,200,70,1
2857,Runed Copper Belt,GEAR,TRAINER,1,133,200,66,1
2857,Runed Copper Belt,GEAR,TRAINER,1,141,200,70,1
2857,Runed Copper Belt,GEAR,TRAINER,1,133,200,66,1
2857,Runed Copper Belt,GEAR,TRAINER,1,141,200,70,1
2857,Runed Copper Belt,GEAR,TRAINER,1,133,200,66,1
2857,Runed Copper Belt,GEAR,TRAINER,1,141,200,70,1
2857,Runed Copper Belt,GEAR,TRAINER,1,133,200,66,1
2857,Runed Copper Belt,GEAR,TRAINER,1,141,200,70,1
2857,Runed Copper Belt,GEAR,TRAINER,1,133,200,66,1
2857,Runed Copper Belt,GEAR,TRAINER,1,141,200,70,1
2857,Runed Copper Belt,GEAR,TRAINER,1,133,200,66,1
2857,Runed Copper Belt,GEAR,TRAINER,1,141,200,70,1
2867,Rough Bronze Bracers,GEAR,UNSOURCED,1,204,248,82,1
2867,Rough Bronze Bracers,GEAR,UNSOURCED,1,199,248,80,1
2867,Rough Bronze Bracers,GEAR,UNSOURCED,1,195,248,78,1
2867,Rough Bronze Bracers,GEAR,UNSOURCED,1,189,248,76,1
2867,Rough Bronze Bracers,GEAR,UNSOURCED,1,204,248,82,1
2867,Rough Bronze Bracers,GEAR,UNSOURCED,1,199,248,80,1
2867,Rough Bronze Bracers,GEAR,UNSOURCED,1,195,248,78,1
2867,Rough Bronze Bracers,GEAR,UNSOURCED,1,189,248,76,1
13506,Potion of Petrification,ELIXIR_POT,DROP,20,524,607,86,1
4234,Heavy Leather,INTERMEDIATE,TRAINER,5,882,1090,80,1
4246,Fine Leather Belt,GEAR,TRAINER,1,521,578,90,1
4246,Fine Leather Belt,GEAR,TRAINER,1,515,578,89,1
4246,Fine Leather Belt,GEAR,TRAINER,1,521,578,90,1
4246,Fine Leather Belt,GEAR,TRAINER,1,515,578,89,1
4246,Fine Leather Belt,GEAR,TRAINER,1,521,578,90,1
8069,Crafted Solid Shot,AMMO,TRAINER,1000,1,2,50,1
8069,Crafted Solid Shot,AMMO,TRAINER,1000,1,2,50,1
8069,Crafted Solid Shot,AMMO,TRAINER,200,1,2,50,1
15997,Thorium Shells,AMMO,TRAINER,1000,18,22,81,1
2580,Reinforced Linen Cape,GEAR,TRAINER,1,197,254,77,1
2580,Reinforced Linen Cape,GEAR,TRAINER,1,191,254,75,1
2580,Reinforced Linen Cape,GEAR,TRAINER,1,181,254,71,1
2580,Reinforced Linen Cape,GEAR,TRAINER,1,197,254,77,1
2580,Reinforced Linen Cape,GEAR,TRAINER,1,191,254,75,1
2580,Reinforced Linen Cape,GEAR,TRAINER,1,181,254,71,1
2580,Reinforced Linen Cape,GEAR,TRAINER,1,197,254,77,1
2580,Reinforced Linen Cape,GEAR,TRAINER,1,191,254,75,1
2580,Reinforced Linen Cape,GEAR,TRAINER,1,181,254,71,1
4330,Stylish Red Shirt,GEAR,TRAINER,1,1203,1424,84,1
4330,Stylish Red Shirt,GEAR,TRAINER,1,1142,1424,80,1
4330,Stylish Red Shirt,GEAR,TRAINER,1,1203,1424,84,1
4330,Stylish Red Shirt,GEAR,TRAINER,1,1142,1424,80,1
4330,Stylish Red Shirt,GEAR,TRAINER,1,1203,1424,84,1
4330,Stylish Red Shirt,GEAR,TRAINER,1,1142,1424,80,1
4330,Stylish Red Shirt,GEAR,TRAINER,1,1203,1424,84,1
4330,Stylish Red Shirt,GEAR,TRAINER,1,1142,1424,80,1
4330,Stylish Red Shirt,GEAR,TRAINER,1,1203,1424,84,1
4330,Stylish Red Shirt,GEAR,TRAINER,1,1142,1424,80,1
4330,Stylish Red Shirt,GEAR,TRAINER,1,1203,1424,84,1
4330,Stylish Red Shirt,GEAR,TRAINER,1,1142,1424,80,1
4330,Stylish Red Shirt,GEAR,TRAINER,1,1203,1424,84,1
4330,Stylish Red Shirt,GEAR,TRAINER,1,1142,1424,80,1
2457,Elixir of Minor Agility,ELIXIR_POT,DROP,5,127,134,94,1
2457,Elixir of Minor Agility,ELIXIR_POT,DROP,5,124,134,92,1
2319,Medium Leather,INTERMEDIATE,TRAINER,7,338,372,90,1
2319,Medium Leather,INTERMEDIATE,TRAINER,2,331,372,88,1
22448,Small Prismatic Shard,INTERMEDIATE,TRAINER,20,1,0,0,1
22448,Small Prismatic Shard,INTERMEDIATE,TRAINER,1,1,0,0,1
22448,Small Prismatic Shard,INTERMEDIATE,TRAINER,15,1,0,0,1
13445,Elixir of Superior Defense,ELIXIR_POT,VENDOR,5,895,1064,84,1
13445,Elixir of Superior Defense,ELIXIR_POT,VENDOR,4,877,1064,82,1
2307,Fine Leather Boots,GEAR,DROP,1,454,671,67,1
2307,Fine Leather Boots,GEAR,DROP,1,449,671,66,1
2307,Fine Leather Boots,GEAR,DROP,1,431,671,64,1
2307,Fine Leather Boots,GEAR,DROP,1,454,671,67,1
2307,Fine Leather Boots,GEAR,DROP,1,449,671,66,1
2307,Fine Leather Boots,GEAR,DROP,1,431,671,64,1
2307,Fine Leather Boots,GEAR,DROP,1,454,671,67,1
2307,Fine Leather Boots,GEAR,DROP,1,449,671,66,1
2307,Fine Leather Boots,GEAR,DROP,1,431,671,64,1
2307,Fine Leather Boots,GEAR,DROP,1,454,671,67,1
2307,Fine Leather Boots,GEAR,DROP,1,449,671,66,1
2307,Fine Leather Boots,GEAR,DROP,1,431,671,64,1
8068,Crafted Heavy Shot,AMMO,TRAINER,1000,1,0,0,1
8068,Crafted Heavy Shot,AMMO,TRAINER,600,1,0,0,1
13423,Stonescale Oil,INTERMEDIATE,TRAINER,8,80,102,78,1
13423,Stonescale Oil,INTERMEDIATE,TRAINER,6,76,102,74,1
4251,Hillman's Shoulders,GEAR,TRAINER,1,1619,1779,91,1
4251,Hillman's Shoulders,GEAR,TRAINER,1,1586,1779,89,1
4251,Hillman's Shoulders,GEAR,TRAINER,1,1570,1779,88,1
4251,Hillman's Shoulders,GEAR,TRAINER,1,1619,1779,91,1
4251,Hillman's Shoulders,GEAR,TRAINER,1,1586,1779,89,1
4251,Hillman's Shoulders,GEAR,TRAINER,1,1570,1779,88,1
4251,Hillman's Shoulders,GEAR,TRAINER,1,1619,1779,91,1
22448,Small Prismatic Shard,INTERMEDIATE,TRAINER,18,1,0,0,1
2580,Reinforced Linen Cape,GEAR,TRAINER,1,171,254,67,1
2580,Reinforced Linen Cape,GEAR,TRAINER,1,169,254,66,1
2580,Reinforced Linen Cape,GEAR,TRAINER,1,167,254,65,1
2580,Reinforced Linen Cape,GEAR,TRAINER,1,171,254,67,1
2580,Reinforced Linen Cape,GEAR,TRAINER,1,169,254,66,1
2580,Reinforced Linen Cape,GEAR,TRAINER,1,167,254,65,1
2580,Reinforced Linen Cape,GEAR,TRAINER,1,171,254,67,1
3391,Elixir of Ogre's Strength,ELIXIR_POT,DROP,12,223,237,94,1
10056,Orange Mageweave Shirt,GEAR,TRAINER,1,5271,6998,75,1
10056,Orange Mageweave Shirt,GEAR,TRAINER,1,5218,6998,74,1
10056,Orange Mageweave Shirt,GEAR,TRAINER,1,4957,6998,70,1
10056,Orange Mageweave Shirt,GEAR,TRAINER,1,4857,6998,69,1
10056,Orange Mageweave Shirt,GEAR,TRAINER,1,5271,6998,75,1
10056,Orange Mageweave Shirt,GEAR,TRAINER,1,5218,6998,74,1
10056,Orange Mageweave Shirt,GEAR,TRAINER,1,4957,6998,70,1
10056,Orange Mageweave Shirt,GEAR,TRAINER,1,4857,6998,69,1
10056,Orange Mageweave Shirt,GEAR,TRAINER,1,5271,6998,75,1
10056,Orange Mageweave Shirt,GEAR,TRAINER,1,5218,6998,74,1
10056,Orange Mageweave Shirt,GEAR,TRAINER,1,4957,6998,70,1
10056,Orange Mageweave Shirt,GEAR,TRAINER,1,4857,6998,69,1
10056,Orange Mageweave Shirt,GEAR,TRAINER,1,5271,6998,75,1
4330,Stylish Red Shirt,GEAR,TRAINER,1,1090,1424,76,1
4330,Stylish Red Shirt,GEAR,TRAINER,1,1046,1424,73,1
4330,Stylish Red Shirt,GEAR,TRAINER,1,1035,1424,72,1
4330,Stylish Red Shirt,GEAR,TRAINER,1,1090,1424,76,1
4330,Stylish Red Shirt,GEAR,TRAINER,1,1046,1424,73,1
6787,White Woolen Dress,GEAR,TRAINER,1,1205,1424,84,1
6787,White Woolen Dress,GEAR,TRAINER,1,1156,1424,81,1
6787,White Woolen Dress,GEAR,TRAINER,1,1098,1424,77,1
6787,White Woolen Dress,GEAR,TRAINER,1,1054,1424,74,1
6787,White Woolen Dress,GEAR,TRAINER,1,1205,1424,84,1
6787,White Woolen Dress,GEAR,TRAINER,1,1156,1424,81,1
6787,White Woolen Dress,GEAR,TRAINER,1,1098,1424,77,1
6787,White Woolen Dress,GEAR,TRAINER,1,1054,1424,74,1
6787,White Woolen Dress,GEAR,TRAINER,1,1205,1424,84,1
7026,Linen Belt,GEAR,TRAINER,1,90,122,73,1
7026,Linen Belt,GEAR,TRAINER,1,87,122,71,1
7026,Linen Belt,GEAR,TRAINER,1,84,122,68,1
7026,Linen Belt,GEAR,TRAINER,1,90,122,73,1
7026,Linen Belt,GEAR,TRAINER,1,87,122,71,1
7026,Linen Belt,GEAR,TRAINER,1,84,122,68,1
7026,Linen Belt,GEAR,TRAINER,1,90,122,73,1
7026,Linen Belt,GEAR,TRAINER,1,87,122,71,1
7026,Linen Belt,GEAR,TRAINER,1,84,122,68,1
7026,Linen Belt,GEAR,TRAINER,1,90,122,73,1
7026,Linen Belt,GEAR,TRAINER,1,87,122,71,1
7026,Linen Belt,GEAR,TRAINER,1,84,122,68,1
7026,Linen Belt,GEAR,TRAINER,1,90,122,73,1
7026,Linen Belt,GEAR,TRAINER,1,87,122,71,1
4307,Heavy Linen Gloves,GEAR,TRAINER,1,207,234,88,1
4307,Heavy Linen Gloves,GEAR,TRAINER,1,196,234,83,1
4307,Heavy Linen Gloves,GEAR,TRAINER,1,188,234,80,1
4307,Heavy Linen Gloves,GEAR,TRAINER,1,180,234,76,1
4307,Heavy Linen Gloves,GEAR,TRAINER,1,207,234,88,1
4307,Heavy Linen Gloves,GEAR,TRAINER,1,196,234,83,1
4307,Heavy Linen Gloves,GEAR,TRAINER,1,188,234,80,1
4307,Heavy Linen Gloves,GEAR,TRAINER,1,180,234,76,1
4307,Heavy Linen Gloves,GEAR,TRAINER,1,207,234,88,1
4307,Heavy Linen Gloves,GEAR,TRAINER,1,196,234,83,1
4307,Heavy Linen Gloves,GEAR,TRAINER,1,188,234,80,1
4307,Heavy Linen Gloves,GEAR,TRAINER,1,180,234,76,1
4307,Heavy Linen Gloves,GEAR,TRAINER,1,207,234,88,1
4307,Heavy Linen Gloves,GEAR,TRAINER,1,196,234,83,1
2580,Reinforced Linen Cape,GEAR,TRAINER,1,194,254,76,1
2580,Reinforced Linen Cape,GEAR,TRAINER,1,184,254,72,1
2580,Reinforced Linen Cape,GEAR,TRAINER,1,194,254,76,1
2580,Reinforced Linen Cape,GEAR,TRAINER,1,184,254,72,1
2580,Reinforced Linen Cape,GEAR,TRAINER,1,194,254,76,1
2580,Reinforced Linen Cape,GEAR,TRAINER,1,184,254,72,1
2580,Reinforced Linen Cape,GEAR,TRAINER,1,194,254,76,1
2580,Reinforced Linen Cape,GEAR,TRAINER,1,184,254,72,1
2580,Reinforced Linen Cape,GEAR,TRAINER,1,194,254,76,1
2580,Reinforced Linen Cape,GEAR,TRAINER,1,184,254,72,1
2580,Reinforced Linen Cape,GEAR,TRAINER,1,194,254,76,1
2580,Reinforced Linen Cape,GEAR,TRAINER,1,184,254,72,1
2580,Reinforced Linen Cape,GEAR,TRAINER,1,194,254,76,1
22448,Small Prismatic Shard,INTERMEDIATE,TRAINER,20,1,0,0,1
22448,Small Prismatic Shard,INTERMEDIATE,TRAINER,7,1,0,0,1
22448,Small Prismatic Shard,INTERMEDIATE,TRAINER,20,1,0,0,1
22448,Small Prismatic Shard,INTERMEDIATE,TRAINER,5,1,0,0,1
22448,Small Prismatic Shard,INTERMEDIATE,TRAINER,5,1,0,0,1
2865,Rough Bronze Leggings,GEAR,TRAINER,1,296,372,79,1
2865,Rough Bronze Leggings,GEAR,TRAINER,1,284,372,76,1
2865,Rough Bronze Leggings,GEAR,TRAINER,1,296,372,79,1
2865,Rough Bronze Leggings,GEAR,TRAINER,1,284,372,76,1
2865,Rough Bronze Leggings,GEAR,TRAINER,1,296,372,79,1
2865,Rough Bronze Leggings,GEAR,TRAINER,1,284,372,76,1
2865,Rough Bronze Leggings,GEAR,TRAINER,1,296,372,79,1
2865,Rough Bronze Leggings,GEAR,TRAINER,1,284,372,76,1
2865,Rough Bronze Leggings,GEAR,TRAINER,1,296,372,79,1
2865,Rough Bronze Leggings,GEAR,TRAINER,1,284,372,76,1
2865,Rough Bronze Leggings,GEAR,TRAINER,1,296,372,79,1
2865,Rough Bronze Leggings,GEAR,TRAINER,1,284,372,76,1
2865,Rough Bronze Leggings,GEAR,TRAINER,1,296,372,79,1
2865,Rough Bronze Leggings,GEAR,TRAINER,1,284,372,76,1
2865,Rough Bronze Leggings,GEAR,TRAINER,1,296,372,79,1
2575,Red Linen Shirt,GEAR,TRAINER,1,187,284,65,1
2575,Red Linen Shirt,GEAR,TRAINER,1,183,284,64,1
2575,Red Linen Shirt,GEAR,TRAINER,1,173,284,60,1
2575,Red Linen Shirt,GEAR,TRAINER,1,187,284,65,1
2575,Red Linen Shirt,GEAR,TRAINER,1,183,284,64,1
2575,Red Linen Shirt,GEAR,TRAINER,1,173,284,60,1
2575,Red Linen Shirt,GEAR,TRAINER,1,187,284,65,1
2575,Red Linen Shirt,GEAR,TRAINER,1,183,284,64,1
2575,Red Linen Shirt,GEAR,TRAINER,1,173,284,60,1
2575,Red Linen Shirt,GEAR,TRAINER,1,187,284,65,1
2575,Red Linen Shirt,GEAR,TRAINER,1,183,284,64,1
2575,Red Linen Shirt,GEAR,TRAINER,1,173,284,60,1
2575,Red Linen Shirt,GEAR,TRAINER,1,187,284,65,1
2575,Red Linen Shirt,GEAR,TRAINER,1,183,284,64,1
2575,Red Linen Shirt,GEAR,TRAINER,1,173,284,60,1
15997,Thorium Shells,AMMO,TRAINER,1000,22,22,100,1
15997,Thorium Shells,AMMO,TRAINER,1000,21,22,95,1
15997,Thorium Shells,AMMO,TRAINER,1000,20,22,90,1
13423,Stonescale Oil,INTERMEDIATE,TRAINER,8,82,102,80,1
13423,Stonescale Oil,INTERMEDIATE,TRAINER,7,81,102,79,1
4304,Thick Leather,INTERMEDIATE,TRAINER,10,2514,3636,69,1
4304,Thick Leather,INTERMEDIATE,TRAINER,1,2388,3636,65,1
34086,Winter Boots,GEAR,VENDOR,1,12326,13588,90,1
34086,Winter Boots,GEAR,VENDOR,1,12079,13588,88,1
34086,Winter Boots,GEAR,VENDOR,1,11958,13588,88,1
34086,Winter Boots,GEAR,VENDOR,1,11599,13588,85,1
34086,Winter Boots,GEAR,VENDOR,1,12326,13588,90,1
34086,Winter Boots,GEAR,VENDOR,1,12079,13588,88,1
34086,Winter Boots,GEAR,VENDOR,1,11958,13588,88,1
34086,Winter Boots,GEAR,VENDOR,1,11599,13588,85,1
34086,Winter Boots,GEAR,VENDOR,1,12326,13588,90,1
34086,Winter Boots,GEAR,VENDOR,1,12079,13588,88,1
34086,Winter Boots,GEAR,VENDOR,1,11958,13588,88,1
34086,Winter Boots,GEAR,VENDOR,1,11599,13588,85,1
34086,Winter Boots,GEAR,VENDOR,1,12326,13588,90,1
4246,Fine Leather Belt,GEAR,TRAINER,1,494,578,85,1
4246,Fine Leather Belt,GEAR,TRAINER,1,479,578,82,1
4246,Fine Leather Belt,GEAR,TRAINER,1,469,578,81,1
4246,Fine Leather Belt,GEAR,TRAINER,1,445,578,76,1
4246,Fine Leather Belt,GEAR,TRAINER,1,494,578,85,1
4246,Fine Leather Belt,GEAR,TRAINER,1,479,578,82,1
4246,Fine Leather Belt,GEAR,TRAINER,1,469,578,81,1
4246,Fine Leather Belt,GEAR,TRAINER,1,445,578,76,1
4246,Fine Leather Belt,GEAR,TRAINER,1,494,578,85,1
4246,Fine Leather Belt,GEAR,TRAINER,1,479,578,82,1
4246,Fine Leather Belt,GEAR,TRAINER,1,469,578,81,1
4246,Fine Leather Belt,GEAR,TRAINER,1,445,578,76,1
4246,Fine Leather Belt,GEAR,TRAINER,1,494,578,85,1
8067,Crafted Light Shot,AMMO,UNSOURCED,1000,1,0,0,1
8067,Crafted Light Shot,AMMO,UNSOURCED,600,1,0,0,1
22448,Small Prismatic Shard,INTERMEDIATE,TRAINER,20,1,0,0,1
22448,Small Prismatic Shard,INTERMEDIATE,TRAINER,2,1,0,0,1
22448,Small Prismatic Shard,INTERMEDIATE,TRAINER,2,1,0,0,1
6662,Elixir of Giant Growth,ELIXIR_POT,DROP,15,73,108,67,1
22448,Small Prismatic Shard,INTERMEDIATE,TRAINER,20,1,0,0,1
22448,Small Prismatic Shard,INTERMEDIATE,TRAINER,12,1,0,0,1
22448,Small Prismatic Shard,INTERMEDIATE,TRAINER,1,1,0,0,1
13423,Stonescale Oil,INTERMEDIATE,TRAINER,12,81,102,79,1
13423,Stonescale Oil,INTERMEDIATE,TRAINER,3,77,102,75,1
8069,Crafted Solid Shot,AMMO,TRAINER,1000,1,2,50,1
8069,Crafted Solid Shot,AMMO,TRAINER,1000,1,2,50,1
8069,Crafted Solid Shot,AMMO,TRAINER,1000,1,2,50,1
2867,Rough Bronze Bracers,GEAR,UNSOURCED,1,173,248,69,1
2867,Rough Bronze Bracers,GEAR,UNSOURCED,1,164,248,66,1
2867,Rough Bronze Bracers,GEAR,UNSOURCED,1,155,248,62,1
2867,Rough Bronze Bracers,GEAR,UNSOURCED,1,148,248,59,1
2867,Rough Bronze Bracers,GEAR,UNSOURCED,1,173,248,69,1
2867,Rough Bronze Bracers,GEAR,UNSOURCED,1,164,248,66,1
6662,Elixir of Giant Growth,ELIXIR_POT,DROP,5,87,108,80,1
6662,Elixir of Giant Growth,ELIXIR_POT,DROP,6,83,108,76,1
22448,Small Prismatic Shard,INTERMEDIATE,TRAINER,20,1,0,0,1
22448,Small Prismatic Shard,INTERMEDIATE,TRAINER,20,1,0,0,1
22448,Small Prismatic Shard,INTERMEDIATE,TRAINER,2,1,0,0,1
22448,Small Prismatic Shard,INTERMEDIATE,TRAINER,20,1,0,0,1
22448,Small Prismatic Shard,INTERMEDIATE,TRAINER,20,1,0,0,1
22448,Small Prismatic Shard,INTERMEDIATE,TRAINER,1,1,0,0,1
22448,Small Prismatic Shard,INTERMEDIATE,TRAINER,4,1,0,0,1
4239,Embossed Leather Gloves,GEAR,TRAINER,1,239,299,79,1
4239,Embossed Leather Gloves,GEAR,TRAINER,1,227,299,75,1
4239,Embossed Leather Gloves,GEAR,TRAINER,1,220,299,73,1
4239,Embossed Leather Gloves,GEAR,TRAINER,1,239,299,79,1
4239,Embossed Leather Gloves,GEAR,TRAINER,1,227,299,75,1
4239,Embossed Leather Gloves,GEAR,TRAINER,1,220,299,73,1
4239,Embossed Leather Gloves,GEAR,TRAINER,1,239,299,79,1
4239,Embossed Leather Gloves,GEAR,TRAINER,1,227,299,75,1
7026,Linen Belt,GEAR,TRAINER,1,101,122,82,1
7026,Linen Belt,GEAR,TRAINER,1,99,122,81,1
7026,Linen Belt,GEAR,TRAINER,1,101,122,82,1
7026,Linen Belt,GEAR,TRAINER,1,99,122,81,1
7026,Linen Belt,GEAR,TRAINER,1,101,122,82,1
7026,Linen Belt,GEAR,TRAINER,1,99,122,81,1
7026,Linen Belt,GEAR,TRAINER,1,101,122,82,1
7026,Linen Belt,GEAR,TRAINER,1,99,122,81,1
7026,Linen Belt,GEAR,TRAINER,1,101,122,82,1
7026,Linen Belt,GEAR,TRAINER,1,99,122,81,1
7026,Linen Belt,GEAR,TRAINER,1,101,122,82,1
7026,Linen Belt,GEAR,TRAINER,1,99,122,81,1
7026,Linen Belt,GEAR,TRAINER,1,101,122,82,1
7026,Linen Belt,GEAR,TRAINER,1,99,122,81,1
4246,Fine Leather Belt,GEAR,TRAINER,1,481,578,83,1
4246,Fine Leather Belt,GEAR,TRAINER,1,466,578,80,1
4246,Fine Leather Belt,GEAR,TRAINER,1,481,578,83,1
4246,Fine Leather Belt,GEAR,TRAINER,1,466,578,80,1
4246,Fine Leather Belt,GEAR,TRAINER,1,481,578,83,1
13423,Stonescale Oil,INTERMEDIATE,TRAINER,7,80,102,78,1
13423,Stonescale Oil,INTERMEDIATE,TRAINER,4,76,102,74,1
13423,Stonescale Oil,INTERMEDIATE,TRAINER,9,89,102,87,1
10047,Simple Kilt,GEAR,TRAINER,1,438,548,79,1
10047,Simple Kilt,GEAR,TRAINER,1,416,548,75,1
10047,Simple Kilt,GEAR,TRAINER,1,403,548,73,1
10047,Simple Kilt,GEAR,TRAINER,1,438,548,79,1
10047,Simple Kilt,GEAR,TRAINER,1,416,548,75,1
10047,Simple Kilt,GEAR,TRAINER,1,403,548,73,1
22448,Small Prismatic Shard,INTERMEDIATE,TRAINER,20,1,0,0,1
22448,Small Prismatic Shard,INTERMEDIATE,TRAINER,4,1,0,0,1
22448,Small Prismatic Shard,INTERMEDIATE,TRAINER,3,1,0,0,1
2851,Copper Chain Belt,GEAR,TRAINER,1,110,120,91,1
2851,Copper Chain Belt,GEAR,TRAINER,1,104,120,86,1
2851,Copper Chain Belt,GEAR,TRAINER,1,110,120,91,1
2851,Copper Chain Belt,GEAR,TRAINER,1,104,120,86,1
2851,Copper Chain Belt,GEAR,TRAINER,1,110,120,91,1
2851,Copper Chain Belt,GEAR,TRAINER,1,104,120,86,1
2851,Copper Chain Belt,GEAR,TRAINER,1,110,120,91,1
2851,Copper Chain Belt,GEAR,TRAINER,1,104,120,86,1
2851,Copper Chain Belt,GEAR,TRAINER,1,110,120,91,1
2851,Copper Chain Belt,GEAR,TRAINER,1,104,120,86,1
2851,Copper Chain Belt,GEAR,TRAINER,1,110,120,91,1
2851,Copper Chain Belt,GEAR,TRAINER,1,104,120,86,1
2851,Copper Chain Belt,GEAR,TRAINER,1,110,120,91,1
22448,Small Prismatic Shard,INTERMEDIATE,TRAINER,20,1,0,0,1
22448,Small Prismatic Shard,INTERMEDIATE,TRAINER,5,1,0,0,1
22448,Small Prismatic Shard,INTERMEDIATE,TRAINER,2,1,0,0,1
2581,Heavy Linen Bandage,MISC,TRAINER,9,114,112,101,1
8068,Crafted Heavy Shot,AMMO,TRAINER,1000,1,0,0,1
8068,Crafted Heavy Shot,AMMO,TRAINER,1000,1,0,0,1
8068,Crafted Heavy Shot,AMMO,TRAINER,600,1,0,0,1
13423,Stonescale Oil,INTERMEDIATE,TRAINER,8,85,102,83,1
13423,Stonescale Oil,INTERMEDIATE,TRAINER,5,84,102,82,1
4251,Hillman's Shoulders,GEAR,TRAINER,1,1318,1779,74,1
4251,Hillman's Shoulders,GEAR,TRAINER,1,1265,1779,71,1
4251,Hillman's Shoulders,GEAR,TRAINER,1,1201,1779,67,1
4251,Hillman's Shoulders,GEAR,TRAINER,1,1164,1779,65,1
4251,Hillman's Shoulders,GEAR,TRAINER,1,1318,1779,74,1
4251,Hillman's Shoulders,GEAR,TRAINER,1,1265,1779,71,1
4251,Hillman's Shoulders,GEAR,TRAINER,1,1201,1779,67,1
4251,Hillman's Shoulders,GEAR,TRAINER,1,1164,1779,65,1
4251,Hillman's Shoulders,GEAR,TRAINER,1,1318,1779,74,1
4251,Hillman's Shoulders,GEAR,TRAINER,1,1265,1779,71,1
44840,Cranberry Chutney,FOOD,DROP,6,6,8,75,1
4330,Stylish Red Shirt,GEAR,TRAINER,1,1165,1424,81,1
4330,Stylish Red Shirt,GEAR,TRAINER,1,1153,1424,80,1
4330,Stylish Red Shirt,GEAR,TRAINER,1,1129,1424,79,1
4330,Stylish Red Shirt,GEAR,TRAINER,1,1165,1424,81,1
4330,Stylish Red Shirt,GEAR,TRAINER,1,1153,1424,80,1
22574,Mote of Fire,INTERMEDIATE,TRAINER,10,2383,3200,74,1
22574,Mote of Fire,INTERMEDIATE,TRAINER,10,2335,3200,72,1
22574,Mote of Fire,INTERMEDIATE,TRAINER,10,2264,3200,70,1
22574,Mote of Fire,INTERMEDIATE,TRAINER,10,2218,3200,69,1
22574,Mote of Fire,INTERMEDIATE,TRAINER,10,2383,3200,74,1
22574,Mote of Fire,INTERMEDIATE,TRAINER,10,2335,3200,72,1
22574,Mote of Fire,INTERMEDIATE,TRAINER,10,2264,3200,70,1
22574,Mote of Fire,INTERMEDIATE,TRAINER,10,2218,3200,69,1
22574,Mote of Fire,INTERMEDIATE,TRAINER,10,2383,3200,74,1
22574,Mote of Fire,INTERMEDIATE,TRAINER,10,2335,3200,72,1
22574,Mote of Fire,INTERMEDIATE,TRAINER,10,2264,3200,70,1
22574,Mote of Fire,INTERMEDIATE,TRAINER,10,2218,3200,69,1
22574,Mote of Fire,INTERMEDIATE,TRAINER,10,2383,3200,74,1
22574,Mote of Fire,INTERMEDIATE,TRAINER,10,2335,3200,72,1
22574,Mote of Fire,INTERMEDIATE,TRAINER,6,2264,3200,70,1
22574,Mote of Fire,INTERMEDIATE,TRAINER,4,2218,3200,69,1
4314,Double-stitched Woolen Shoulders,GEAR,TRAINER,1,1049,1424,73,1
4314,Double-stitched Woolen Shoulders,GEAR,TRAINER,1,996,1424,69,1
4314,Double-stitched Woolen Shoulders,GEAR,TRAINER,1,976,1424,68,1
4314,Double-stitched Woolen Shoulders,GEAR,TRAINER,1,1049,1424,73,1
4314,Double-stitched Woolen Shoulders,GEAR,TRAINER,1,996,1424,69,1
4314,Double-stitched Woolen Shoulders,GEAR,TRAINER,1,976,1424,68,1
4314,Double-stitched Woolen Shoulders,GEAR,TRAINER,1,1049,1424,73,1
4314,Double-stitched Woolen Shoulders,GEAR,TRAINER,1,996,1424,69,1
4314,Double-stitched Woolen Shoulders,GEAR,TRAINER,1,976,1424,68,1
4314,Double-stitched Woolen Shoulders,GEAR,TRAINER,1,1049,1424,73,1
22448,Small Prismatic Shard,INTERMEDIATE,TRAINER,8,1,0,0,1
22448,Small Prismatic Shard,INTERMEDIATE,TRAINER,10,1,0,0,1
2569,Linen Boots,GEAR,TRAINER,1,330,439,75,1
2569,Linen Boots,GEAR,TRAINER,1,313,439,71,1
2569,Linen Boots,GEAR,TRAINER,1,330,439,75,1
2569,Linen Boots,GEAR,TRAINER,1,313,439,71,1
2569,Linen Boots,GEAR,TRAINER,1,330,439,75,1
2569,Linen Boots,GEAR,TRAINER,1,313,439,71,1
2569,Linen Boots,GEAR,TRAINER,1,330,439,75,1
2569,Linen Boots,GEAR,TRAINER,1,313,439,71,1
2569,Linen Boots,GEAR,TRAINER,1,330,439,75,1
2569,Linen Boots,GEAR,TRAINER,1,313,439,71,1
2569,Linen Boots,GEAR,TRAINER,1,330,439,75,1
22574,Mote of Fire,INTERMEDIATE,TRAINER,10,2815,3200,87,1
22574,Mote of Fire,INTERMEDIATE,TRAINER,10,2702,3200,84,1
22574,Mote of Fire,INTERMEDIATE,TRAINER,10,2815,3200,87,1
22574,Mote of Fire,INTERMEDIATE,TRAINER,10,2702,3200,84,1
22574,Mote of Fire,INTERMEDIATE,TRAINER,10,2815,3200,87,1
22574,Mote of Fire,INTERMEDIATE,TRAINER,7,2702,3200,84,1
22574,Mote of Fire,INTERMEDIATE,TRAINER,3,2815,3200,87,1
2857,Runed Copper Belt,GEAR,TRAINER,1,175,200,87,1
2857,Runed Copper Belt,GEAR,TRAINER,1,166,200,83,1
2857,Runed Copper Belt,GEAR,TRAINER,1,175,200,87,1
2857,Runed Copper Belt,GEAR,TRAINER,1,166,200,83,1
2857,Runed Copper Belt,GEAR,TRAINER,1,175,200,87,1
2857,Runed Copper Belt,GEAR,TRAINER,1,166,200,83,1
2857,Runed Copper Belt,GEAR,TRAINER,1,175,200,87,1
2857,Runed Copper Belt,GEAR,TRAINER,1,166,200,83,1
6051,Holy Protection Potion,ELIXIR_POT,VENDOR,10,136,191,71,1
10512,Hi-Impact Mithril Slugs,AMMO,TRAINER,1000,11,13,84,1
10512,Hi-Impact Mithril Slugs,AMMO,TRAINER,200,10,13,76,1
15997,Thorium Shells,AMMO,TRAINER,1000,21,22,95,1
15997,Thorium Shells,AMMO,TRAINER,800,20,22,90,1
10008,White Bandit Mask,GEAR,DROP,1,5808,6023,96,1
10008,White Bandit Mask,GEAR,DROP,1,5749,6023,95,1
10008,White Bandit Mask,GEAR,DROP,1,5461,6023,90,1
10008,White Bandit Mask,GEAR,DROP,1,5808,6023,96,1
10008,White Bandit Mask,GEAR,DROP,1,5749,6023,95,1
10008,White Bandit Mask,GEAR,DROP,1,5461,6023,90,1
10008,White Bandit Mask,GEAR,DROP,1,5808,6023,96,1
10008,White Bandit Mask,GEAR,DROP,1,5749,6023,95,1
10008,White Bandit Mask,GEAR,DROP,1,5461,6023,90,1
10008,White Bandit Mask,GEAR,DROP,1,5808,6023,96,1
10008,White Bandit Mask,GEAR,DROP,1,5749,6023,95,1
10008,White Bandit Mask,GEAR,DROP,1,5461,6023,90,1
10008,White Bandit Mask,GEAR,DROP,1,5808,6023,96,1
10008,White Bandit Mask,GEAR,DROP,1,5749,6023,95,1
2310,Embossed Leather Cloak,GEAR,TRAINER,1,396,485,81,1
2310,Embossed Leather Cloak,GEAR,TRAINER,1,384,485,79,1
2310,Embossed Leather Cloak,GEAR,TRAINER,1,368,485,75,1
2310,Embossed Leather Cloak,GEAR,TRAINER,1,353,485,72,1
2310,Embossed Leather Cloak,GEAR,TRAINER,1,396,485,81,1
8068,Crafted Heavy Shot,AMMO,TRAINER,1000,1,0,0,1
8068,Crafted Heavy Shot,AMMO,TRAINER,1000,1,0,0,1
8068,Crafted Heavy Shot,AMMO,TRAINER,400,1,0,0,1
22448,Small Prismatic Shard,INTERMEDIATE,TRAINER,20,1,0,0,1
22448,Small Prismatic Shard,INTERMEDIATE,TRAINER,2,1,0,0,1
22448,Small Prismatic Shard,INTERMEDIATE,TRAINER,11,1,0,0,1
3483,Silvered Bronze Gauntlets,GEAR,TRAINER,1,668,919,72,1
3483,Silvered Bronze Gauntlets,GEAR,TRAINER,1,654,919,71,1
3483,Silvered Bronze Gauntlets,GEAR,TRAINER,1,647,919,70,1
3483,Silvered Bronze Gauntlets,GEAR,TRAINER,1,621,919,67,1
3483,Silvered Bronze Gauntlets,GEAR,TRAINER,1,668,919,72,1
3483,Silvered Bronze Gauntlets,GEAR,TRAINER,1,654,919,71,1
3483,Silvered Bronze Gauntlets,GEAR,TRAINER,1,647,919,70,1
3483,Silvered Bronze Gauntlets,GEAR,TRAINER,1,621,919,67,1
3483,Silvered Bronze Gauntlets,GEAR,TRAINER,1,668,919,72,1
3483,Silvered Bronze Gauntlets,GEAR,TRAINER,1,654,919,71,1
13423,Stonescale Oil,INTERMEDIATE,TRAINER,7,67,102,65,1
13423,Stonescale Oil,INTERMEDIATE,TRAINER,1,66,102,64,1
2854,Runed Copper Bracers,GEAR,TRAINER,1,195,248,78,1
2854,Runed Copper Bracers,GEAR,TRAINER,1,185,248,74,1
2854,Runed Copper Bracers,GEAR,TRAINER,1,183,248,73,1
2854,Runed Copper Bracers,GEAR,TRAINER,1,195,248,78,1
2854,Runed Copper Bracers,GEAR,TRAINER,1,185,248,74,1
2854,Runed Copper Bracers,GEAR,TRAINER,1,183,248,73,1
2854,Runed Copper Bracers,GEAR,TRAINER,1,195,248,78,1
2854,Runed Copper Bracers,GEAR,TRAINER,1,185,248,74,1
2854,Runed Copper Bracers,GEAR,TRAINER,1,183,248,73,1
2579,Green Linen Shirt,GEAR,TRAINER,1,428,536,79,1
2579,Green Linen Shirt,GEAR,TRAINER,1,406,536,75,1
2579,Green Linen Shirt,GEAR,TRAINER,1,428,536,79,1
2579,Green Linen Shirt,GEAR,TRAINER,1,406,536,75,1
2579,Green Linen Shirt,GEAR,TRAINER,1,428,536,79,1
2579,Green Linen Shirt,GEAR,TRAINER,1,406,536,75,1
2579,Green Linen Shirt,GEAR,TRAINER,1,428,536,79,1
2579,Green Linen Shirt,GEAR,TRAINER,1,406,536,75,1
2579,Green Linen Shirt,GEAR,TRAINER,1,428,536,79,1
2579,Green Linen Shirt,GEAR,TRAINER,1,406,536,75,1
2579,Green Linen Shirt,GEAR,TRAINER,1,428,536,79,1
2579,Green Linen Shirt,GEAR,TRAINER,1,406,536,75,1
2579,Green Linen Shirt,GEAR,TRAINER,1,428,536,79,1
2579,Green Linen Shirt,GEAR,TRAINER,1,406,536,75,1
2579,Green Linen Shirt,GEAR,TRAINER,1,428,536,79,1
2851,Copper Chain Belt,GEAR,TRAINER,1,120,120,100,1
2851,Copper Chain Belt,GEAR,TRAINER,1,115,120,95,1
2851,Copper Chain Belt,GEAR,TRAINER,1,120,120,100,1
2851,Copper Chain Belt,GEAR,TRAINER,1,115,120,95,1
2851,Copper Chain Belt,GEAR,TRAINER,1,120,120,100,1
2851,Copper Chain Belt,GEAR,TRAINER,1,115,120,95,1
2851,Copper Chain Belt,GEAR,TRAINER,1,120,120,100,1
4312,Soft-soled Linen Boots,GEAR,TRAINER,1,680,846,80,1
4312,Soft-soled Linen Boots,GEAR,TRAINER,1,659,846,77,1
4312,Soft-soled Linen Boots,GEAR,TRAINER,1,645,846,76,1
4312,Soft-soled Linen Boots,GEAR,TRAINER,1,632,846,74,1
4312,Soft-soled Linen Boots,GEAR,TRAINER,1,680,846,80,1
4312,Soft-soled Linen Boots,GEAR,TRAINER,1,659,846,77,1
4312,Soft-soled Linen Boots,GEAR,TRAINER,1,645,846,76,1
4312,Soft-soled Linen Boots,GEAR,TRAINER,1,632,846,74,1
4312,Soft-soled Linen Boots,GEAR,TRAINER,1,680,846,80,1
4312,Soft-soled Linen Boots,GEAR,TRAINER,1,659,846,77,1
5966,Guardian Gloves,GEAR,TRAINER,1,4285,4183,102,1
5966,Guardian Gloves,GEAR,TRAINER,1,4242,4183,101,1
5966,Guardian Gloves,GEAR,TRAINER,1,4199,4183,100,1
5966,Guardian Gloves,GEAR,TRAINER,1,4285,4183,102,1
5966,Guardian Gloves,GEAR,TRAINER,1,4242,4183,101,1
5966,Guardian Gloves,GEAR,TRAINER,1,4199,4183,100,1
5966,Guardian Gloves,GEAR,TRAINER,1,4285,4183,102,1
2854,Runed Copper Bracers,GEAR,TRAINER,1,167,248,67,1
2854,Runed Copper Bracers,GEAR,TRAINER,1,163,248,65,1
2854,Runed Copper Bracers,GEAR,TRAINER,1,167,248,67,1
2854,Runed Copper Bracers,GEAR,TRAINER,1,163,248,65,1
2854,Runed Copper Bracers,GEAR,TRAINER,1,167,248,67,1
2854,Runed Copper Bracers,GEAR,TRAINER,1,163,248,65,1
2854,Runed Copper Bracers,GEAR,TRAINER,1,167,248,67,1
2854,Runed Copper Bracers,GEAR,TRAINER,1,163,248,65,1
2854,Runed Copper Bracers,GEAR,TRAINER,1,167,248,67,1
2854,Runed Copper Bracers,GEAR,TRAINER,1,163,248,65,1
4246,Fine Leather Belt,GEAR,TRAINER,1,510,578,88,1
4246,Fine Leather Belt,GEAR,TRAINER,1,499,578,86,1
4246,Fine Leather Belt,GEAR,TRAINER,1,479,578,82,1
4246,Fine Leather Belt,GEAR,TRAINER,1,510,578,88,1
4246,Fine Leather Belt,GEAR,TRAINER,1,499,578,86,1
4246,Fine Leather Belt,GEAR,TRAINER,1,479,578,82,1
4246,Fine Leather Belt,GEAR,TRAINER,1,510,578,88,1
4246,Fine Leather Belt,GEAR,TRAINER,1,499,578,86,1
2857,Runed Copper Belt,GEAR,TRAINER,1,156,200,78,1
2857,Runed Copper Belt,GEAR,TRAINER,1,151,200,75,1
2857,Runed Copper Belt,GEAR,TRAINER,1,149,200,74,1
2857,Runed Copper Belt,GEAR,TRAINER,1,141,200,70,1
2857,Runed Copper Belt,GEAR,TRAINER,1,156,200,78,1
2857,Runed Copper Belt,GEAR,TRAINER,1,151,200,75,1
2857,Runed Copper Belt,GEAR,TRAINER,1,149,200,74,1
13423,Stonescale Oil,INTERMEDIATE,TRAINER,8,91,102,89,1
14048,Bolt of Runecloth,INTERMEDIATE,TRAINER,3,9879,11880,83,1
14048,Bolt of Runecloth,INTERMEDIATE,TRAINER,10,9681,11880,81,1
22448,Small Prismatic Shard,INTERMEDIATE,TRAINER,20,1,0,0,1
22448,Small Prismatic Shard,INTERMEDIATE,TRAINER,20,1,0,0,1
22448,Small Prismatic Shard,INTERMEDIATE,TRAINER,4,1,0,0,1
22448,Small Prismatic Shard,INTERMEDIATE,TRAINER,1,1,0,0,1
14048,Bolt of Runecloth,INTERMEDIATE,TRAINER,3,10163,11880,85,1
14048,Bolt of Runecloth,INTERMEDIATE,TRAINER,2,9756,11880,82,1
6048,Shadow Protection Potion,ELIXIR_POT,VENDOR,6,247,306,80,1
22448,Small Prismatic Shard,INTERMEDIATE,TRAINER,20,1,0,0,1
22448,Small Prismatic Shard,INTERMEDIATE,TRAINER,10,1,0,0,1
22448,Small Prismatic Shard,INTERMEDIATE,TRAINER,9,1,0,0,1
15997,Thorium Shells,AMMO,TRAINER,1000,16,22,72,1
15997,Thorium Shells,AMMO,TRAINER,600,15,22,68,1
4314,Double-stitched Woolen Shoulders,GEAR,TRAINER,1,1142,1424,80,1
4314,Double-stitched Woolen Shoulders,GEAR,TRAINER,1,1096,1424,76,1
4314,Double-stitched Woolen Shoulders,GEAR,TRAINER,1,1142,1424,80,1
4314,Double-stitched Woolen Shoulders,GEAR,TRAINER,1,1096,1424,76,1
4314,Double-stitched Woolen Shoulders,GEAR,TRAINER,1,1142,1424,80,1
4314,Double-stitched Woolen Shoulders,GEAR,TRAINER,1,1096,1424,76,1
4314,Double-stitched Woolen Shoulders,GEAR,TRAINER,1,1142,1424,80,1
22448,Small Prismatic Shard,INTERMEDIATE,TRAINER,20,1,0,0,1
22448,Small Prismatic Shard,INTERMEDIATE,TRAINER,9,1,0,0,1
22448,Small Prismatic Shard,INTERMEDIATE,TRAINER,4,1,0,0,1
6051,Holy Protection Potion,ELIXIR_POT,VENDOR,12,165,191,86,1
10512,Hi-Impact Mithril Slugs,AMMO,TRAINER,1000,10,13,76,1
10512,Hi-Impact Mithril Slugs,AMMO,TRAINER,1000,9,13,69,1
10512,Hi-Impact Mithril Slugs,AMMO,TRAINER,600,8,13,61,1
10008,White Bandit Mask,GEAR,DROP,1,4100,6023,68,1
10008,White Bandit Mask,GEAR,DROP,1,4018,6023,66,1
10008,White Bandit Mask,GEAR,DROP,1,3977,6023,66,1
10008,White Bandit Mask,GEAR,DROP,1,4100,6023,68,1
10008,White Bandit Mask,GEAR,DROP,1,4018,6023,66,1
10008,White Bandit Mask,GEAR,DROP,1,3977,6023,66,1
10008,White Bandit Mask,GEAR,DROP,1,4100,6023,68,1
6836,Dress Shoes,GEAR,VENDOR,1,15428,18368,83,1
6836,Dress Shoes,GEAR,VENDOR,1,15273,18368,83,1
6836,Dress Shoes,GEAR,VENDOR,1,15428,18368,83,1
6836,Dress Shoes,GEAR,VENDOR,1,15273,18368,83,1
6836,Dress Shoes,GEAR,VENDOR,1,15428,18368,83,1
6836,Dress Shoes,GEAR,VENDOR,1,15273,18368,83,1
6836,Dress Shoes,GEAR,VENDOR,1,15428,18368,83,1
6836,Dress Shoes,GEAR,VENDOR,1,15273,18368,83,1
6836,Dress Shoes,GEAR,VENDOR,1,15428,18368,83,1
6836,Dress Shoes,GEAR,VENDOR,1,15273,18368,83,1
13513,Flask of Chromatic Resistance,FLASK,DROP,5,42034,20250,207,0
13513,Flask of Chromatic Resistance,FLASK,DROP,7,41193,20250,203,0
8068,Crafted Heavy Shot,AMMO,TRAINER,1000,1,0,0,1
10024,Black Mageweave Headband,GEAR,TRAINER,1,13098,15994,81,1
10024,Black Mageweave Headband,GEAR,TRAINER,1,12967,15994,81,1
10024,Black Mageweave Headband,GEAR,TRAINER,1,13098,15994,81,1
10024,Black Mageweave Headband,GEAR,TRAINER,1,12967,15994,81,1
10024,Black Mageweave Headband,GEAR,TRAINER,1,13098,15994,81,1
4330,Stylish Red Shirt,GEAR,TRAINER,1,1141,1424,80,1
4330,Stylish Red Shirt,GEAR,TRAINER,1,1118,1424,78,1
4330,Stylish Red Shirt,GEAR,TRAINER,1,1095,1424,76,1
4330,Stylish Red Shirt,GEAR,TRAINER,1,1073,1424,75,1
4330,Stylish Red Shirt,GEAR,TRAINER,1,1141,1424,80,1
4330,Stylish Red Shirt,GEAR,TRAINER,1,1118,1424,78,1
22448,Small Prismatic Shard,INTERMEDIATE,TRAINER,20,1,0,0,1
22448,Small Prismatic Shard,INTERMEDIATE,TRAINER,6,1,0,0,1
22448,Small Prismatic Shard,INTERMEDIATE,TRAINER,1,1,0,0,1
4339,Bolt of Mageweave,INTERMEDIATE,TRAINER,1,4568,5050,90,1
4339,Bolt of Mageweave,INTERMEDIATE,TRAINER,13,4339,5050,85,1
10512,Hi-Impact Mithril Slugs,AMMO,TRAINER,1000,11,13,84,1
10512,Hi-Impact Mithril Slugs,AMMO,TRAINER,1000,10,13,76,1
10512,Hi-Impact Mithril Slugs,AMMO,TRAINER,600,9,13,69,1
2867,Rough Bronze Bracers,GEAR,UNSOURCED,1,194,248,78,1
2867,Rough Bronze Bracers,GEAR,UNSOURCED,1,192,248,77,1
2867,Rough Bronze Bracers,GEAR,UNSOURCED,1,194,248,78,1
2867,Rough Bronze Bracers,GEAR,UNSOURCED,1,192,248,77,1
2867,Rough Bronze Bracers,GEAR,UNSOURCED,1,194,248,78,1
2867,Rough Bronze Bracers,GEAR,UNSOURCED,1,192,248,77,1
15997,Thorium Shells,AMMO,TRAINER,1000,16,22,72,1
15997,Thorium Shells,AMMO,TRAINER,200,15,22,68,1
22448,Small Prismatic Shard,INTERMEDIATE,TRAINER,20,1,0,0,1
22448,Small Prismatic Shard,INTERMEDIATE,TRAINER,2,1,0,0,1
22448,Small Prismatic Shard,INTERMEDIATE,TRAINER,2,1,0,0,1
8068,Crafted Heavy Shot,AMMO,TRAINER,1000,1,0,0,1
8068,Crafted Heavy Shot,AMMO,TRAINER,800,1,0,0,1
2307,Fine Leather Boots,GEAR,DROP,1,629,671,93,1
2307,Fine Leather Boots,GEAR,DROP,1,603,671,89,1
2307,Fine Leather Boots,GEAR,DROP,1,572,671,85,1
2307,Fine Leather Boots,GEAR,DROP,1,629,671,93,1
2307,Fine Leather Boots,GEAR,DROP,1,603,671,89,1
15997,Thorium Shells,AMMO,TRAINER,1000,15,22,68,1
15997,Thorium Shells,AMMO,TRAINER,400,14,22,63,1
22448,Small Prismatic Shard,INTERMEDIATE,TRAINER,20,1,0,0,1
22448,Small Prismatic Shard,INTERMEDIATE,TRAINER,1,1,0,0,1
13423,Stonescale Oil,INTERMEDIATE,TRAINER,4,82,102,80,1
13423,Stonescale Oil,INTERMEDIATE,TRAINER,6,78,102,76,1
6662,Elixir of Giant Growth,ELIXIR_POT,DROP,5,71,108,65,1
6662,Elixir of Giant Growth,ELIXIR_POT,DROP,5,69,108,63,1
6662,Elixir of Giant Growth,ELIXIR_POT,DROP,3,65,108,60,1
12404,Dense Sharpening Stone,MISC,TRAINER,14,991,1440,68,1
34086,Winter Boots,GEAR,VENDOR,1,12875,13588,94,1
34086,Winter Boots,GEAR,VENDOR,1,12488,13588,91,1
34086,Winter Boots,GEAR,VENDOR,1,11863,13588,87,1
34086,Winter Boots,GEAR,VENDOR,1,12875,13588,94,1
34086,Winter Boots,GEAR,VENDOR,1,12488,13588,91,1
34086,Winter Boots,GEAR,VENDOR,1,11863,13588,87,1
34086,Winter Boots,GEAR,VENDOR,1,12875,13588,94,1
34086,Winter Boots,GEAR,VENDOR,1,12488,13588,91,1
34086,Winter Boots,GEAR,VENDOR,1,11863,13588,87,1
34086,Winter Boots,GEAR,VENDOR,1,12875,13588,94,1
34086,Winter Boots,GEAR,VENDOR,1,12488,13588,91,1
34086,Winter Boots,GEAR,VENDOR,1,11863,13588,87,1
34086,Winter Boots,GEAR,VENDOR,1,12875,13588,94,1
34086,Winter Boots,GEAR,VENDOR,1,12488,13588,91,1
34086,Winter Boots,GEAR,VENDOR,1,11863,13588,87,1
2857,Runed Copper Belt,GEAR,TRAINER,1,150,200,75,1
2857,Runed Copper Belt,GEAR,TRAINER,1,148,200,74,1
2857,Runed Copper Belt,GEAR,TRAINER,1,145,200,72,1
2857,Runed Copper Belt,GEAR,TRAINER,1,150,200,75,1
2857,Runed Copper Belt,GEAR,TRAINER,1,148,200,74,1
2857,Runed Copper Belt,GEAR,TRAINER,1,145,200,72,1
2857,Runed Copper Belt,GEAR,TRAINER,1,150,200,75,1
2857,Runed Copper Belt,GEAR,TRAINER,1,148,200,74,1
2857,Runed Copper Belt,GEAR,TRAINER,1,145,200,72,1
2307,Fine Leather Boots,GEAR,DROP,1,590,671,87,1
2307,Fine Leather Boots,GEAR,DROP,1,572,671,85,1
2307,Fine Leather Boots,GEAR,DROP,1,566,671,84,1
2307,Fine Leather Boots,GEAR,DROP,1,590,671,87,1
2307,Fine Leather Boots,GEAR,DROP,1,572,671,85,1
2307,Fine Leather Boots,GEAR,DROP,1,566,671,84,1
2307,Fine Leather Boots,GEAR,DROP,1,590,671,87,1
2307,Fine Leather Boots,GEAR,DROP,1,572,671,85,1
2307,Fine Leather Boots,GEAR,DROP,1,566,671,84,1
2307,Fine Leather Boots,GEAR,DROP,1,590,671,87,1
2307,Fine Leather Boots,GEAR,DROP,1,572,671,85,1
2307,Fine Leather Boots,GEAR,DROP,1,566,671,84,1
2307,Fine Leather Boots,GEAR,DROP,1,590,671,87,1
2307,Fine Leather Boots,GEAR,DROP,1,572,671,85,1
2307,Fine Leather Boots,GEAR,DROP,1,566,671,84,1
22448,Small Prismatic Shard,INTERMEDIATE,TRAINER,20,1,0,0,1
22448,Small Prismatic Shard,INTERMEDIATE,TRAINER,2,1,0,0,1
22448,Small Prismatic Shard,INTERMEDIATE,TRAINER,11,1,0,0,1
22448,Small Prismatic Shard,INTERMEDIATE,TRAINER,20,1,0,0,1
22448,Small Prismatic Shard,INTERMEDIATE,TRAINER,2,1,0,0,1
22448,Small Prismatic Shard,INTERMEDIATE,TRAINER,2,1,0,0,1
2307,Fine Leather Boots,GEAR,DROP,1,545,671,81,1
2307,Fine Leather Boots,GEAR,DROP,1,528,671,78,1
2307,Fine Leather Boots,GEAR,DROP,1,545,671,81,1
2307,Fine Leather Boots,GEAR,DROP,1,528,671,78,1
2307,Fine Leather Boots,GEAR,DROP,1,545,671,81,1
2307,Fine Leather Boots,GEAR,DROP,1,528,671,78,1
2307,Fine Leather Boots,GEAR,DROP,1,545,671,81,1
2307,Fine Leather Boots,GEAR,DROP,1,528,671,78,1
6662,Elixir of Giant Growth,ELIXIR_POT,DROP,11,96,108,88,1
2584,Woolen Cape,GEAR,TRAINER,1,481,508,94,1
2584,Woolen Cape,GEAR,TRAINER,1,471,508,92,1
2584,Woolen Cape,GEAR,TRAINER,1,452,508,88,1
2584,Woolen Cape,GEAR,TRAINER,1,442,508,87,1
2584,Woolen Cape,GEAR,TRAINER,1,481,508,94,1
2584,Woolen Cape,GEAR,TRAINER,1,471,508,92,1
2584,Woolen Cape,GEAR,TRAINER,1,452,508,88,1
2584,Woolen Cape,GEAR,TRAINER,1,442,508,87,1
2584,Woolen Cape,GEAR,TRAINER,1,481,508,94,1
2584,Woolen Cape,GEAR,TRAINER,1,471,508,92,1
2584,Woolen Cape,GEAR,TRAINER,1,452,508,88,1
2584,Woolen Cape,GEAR,TRAINER,1,442,508,87,1
2584,Woolen Cape,GEAR,TRAINER,1,481,508,94,1
4236,Cured Heavy Hide,INTERMEDIATE,TRAINER,1,1077,1350,79,1
4236,Cured Heavy Hide,INTERMEDIATE,TRAINER,9,1055,1350,78,1
22448,Small Prismatic Shard,INTERMEDIATE,TRAINER,20,1,0,0,1
22448,Small Prismatic Shard,INTERMEDIATE,TRAINER,2,1,0,0,1
22448,Small Prismatic Shard,INTERMEDIATE,TRAINER,2,1,0,0,1
10053,Simple Black Dress,GEAR,TRAINER,1,10414,15019,69,1
10053,Simple Black Dress,GEAR,TRAINER,1,10205,15019,67,1
10053,Simple Black Dress,GEAR,TRAINER,1,9898,15019,65,1
10053,Simple Black Dress,GEAR,TRAINER,1,9502,15019,63,1
10053,Simple Black Dress,GEAR,TRAINER,1,10414,15019,69,1
10053,Simple Black Dress,GEAR,TRAINER,1,10205,15019,67,1
2867,Rough Bronze Bracers,GEAR,UNSOURCED,1,251,248,101,1
2867,Rough Bronze Bracers,GEAR,UNSOURCED,1,243,248,97,1
2867,Rough Bronze Bracers,GEAR,UNSOURCED,1,230,248,92,1
2867,Rough Bronze Bracers,GEAR,UNSOURCED,1,251,248,101,1
2867,Rough Bronze Bracers,GEAR,UNSOURCED,1,243,248,97,1
2867,Rough Bronze Bracers,GEAR,UNSOURCED,1,230,248,92,1
2867,Rough Bronze Bracers,GEAR,UNSOURCED,1,251,248,101,1
2867,Rough Bronze Bracers,GEAR,UNSOURCED,1,243,248,97,1
2867,Rough Bronze Bracers,GEAR,UNSOURCED,1,230,248,92,1
2867,Rough Bronze Bracers,GEAR,UNSOURCED,1,251,248,101,1
2867,Rough Bronze Bracers,GEAR,UNSOURCED,1,243,248,97,1
2867,Rough Bronze Bracers,GEAR,UNSOURCED,1,230,248,92,1
2867,Rough Bronze Bracers,GEAR,UNSOURCED,1,251,248,101,1
2857,Runed Copper Belt,GEAR,TRAINER,1,160,200,80,1
2857,Runed Copper Belt,GEAR,TRAINER,1,155,200,77,1
2857,Runed Copper Belt,GEAR,TRAINER,1,151,200,75,1
2857,Runed Copper Belt,GEAR,TRAINER,1,144,200,72,1
2857,Runed Copper Belt,GEAR,TRAINER,1,160,200,80,1
2857,Runed Copper Belt,GEAR,TRAINER,1,155,200,77,1
2857,Runed Copper Belt,GEAR,TRAINER,1,151,200,75,1
2857,Runed Copper Belt,GEAR,TRAINER,1,144,200,72,1
4234,Heavy Leather,INTERMEDIATE,TRAINER,3,828,1090,75,1
4234,Heavy Leather,INTERMEDIATE,TRAINER,3,811,1090,74,1
22573,Mote of Earth,INTERMEDIATE,TRAINER,10,2332,3200,72,1
22573,Mote of Earth,INTERMEDIATE,TRAINER,10,2215,3200,69,1
22573,Mote of Earth,INTERMEDIATE,TRAINER,10,2170,3200,67,1
22573,Mote of Earth,INTERMEDIATE,TRAINER,10,2332,3200,72,1
22573,Mote of Earth,INTERMEDIATE,TRAINER,10,2215,3200,69,1
22573,Mote of Earth,INTERMEDIATE,TRAINER,10,2170,3200,67,1
22573,Mote of Earth,INTERMEDIATE,TRAINER,10,2332,3200,72,1
22573,Mote of Earth,INTERMEDIATE,TRAINER,10,2215,3200,69,1
22573,Mote of Earth,INTERMEDIATE,TRAINER,10,2170,3200,67,1
22573,Mote of Earth,INTERMEDIATE,TRAINER,10,2332,3200,72,1
22573,Mote of Earth,INTERMEDIATE,TRAINER,10,2215,3200,69,1
22573,Mote of Earth,INTERMEDIATE,TRAINER,10,2170,3200,67,1
22573,Mote of Earth,INTERMEDIATE,TRAINER,10,2332,3200,72,1
22573,Mote of Earth,INTERMEDIATE,TRAINER,10,2215,3200,69,1
22448,Small Prismatic Shard,INTERMEDIATE,TRAINER,20,1,0,0,1
22448,Small Prismatic Shard,INTERMEDIATE,TRAINER,20,1,0,0,1
22448,Small Prismatic Shard,INTERMEDIATE,TRAINER,4,1,0,0,1
22448,Small Prismatic Shard,INTERMEDIATE,TRAINER,1,1,0,0,1
22448,Small Prismatic Shard,INTERMEDIATE,TRAINER,20,1,0,0,1
22448,Small Prismatic Shard,INTERMEDIATE,TRAINER,1,1,0,0,1
10047,Simple Kilt,GEAR,TRAINER,1,382,548,69,1
10047,Simple Kilt,GEAR,TRAINER,1,374,548,68,1
10047,Simple Kilt,GEAR,TRAINER,1,370,548,67,1
10047,Simple Kilt,GEAR,TRAINER,1,355,548,64,1
10047,Simple Kilt,GEAR,TRAINER,1,382,548,69,1
10512,Hi-Impact Mithril Slugs,AMMO,TRAINER,1000,10,13,76,1
10512,Hi-Impact Mithril Slugs,AMMO,TRAINER,200,9,13,69,1
13423,Stonescale Oil,INTERMEDIATE,TRAINER,1,84,102,82,1
13423,Stonescale Oil,INTERMEDIATE,TRAINER,13,82,102,80,1
12359,Thorium Bar,INTERMEDIATE,TRAINER,5,1253,1545,81,1
12359,Thorium Bar,INTERMEDIATE,TRAINER,1,1227,1545,79,1
13423,Stonescale Oil,INTERMEDIATE,TRAINER,3,85,102,83,1
13423,Stonescale Oil,INTERMEDIATE,TRAINER,12,81,102,79,1
5763,Red Woolen Bag,BAG,VENDOR,1,1296,1782,72,1
5763,Red Woolen Bag,BAG,VENDOR,1,1257,1782,70,1
5763,Red Woolen Bag,BAG,VENDOR,1,1219,1782,68,1
5763,Red Woolen Bag,BAG,VENDOR,1,1194,1782,67,1
5763,Red Woolen Bag,BAG,VENDOR,1,1296,1782,72,1
5763,Red Woolen Bag,BAG,VENDOR,1,1257,1782,70,1
5763,Red Woolen Bag,BAG,VENDOR,1,1219,1782,68,1
5763,Red Woolen Bag,BAG,VENDOR,1,1194,1782,67,1
5763,Red Woolen Bag,BAG,VENDOR,1,1296,1782,72,1
5763,Red Woolen Bag,BAG,VENDOR,1,1257,1782,70,1
5763,Red Woolen Bag,BAG,VENDOR,1,1219,1782,68,1
2580,Reinforced Linen Cape,GEAR,TRAINER,1,253,254,99,1
2580,Reinforced Linen Cape,GEAR,TRAINER,1,247,254,97,1
2580,Reinforced Linen Cape,GEAR,TRAINER,1,253,254,99,1
2580,Reinforced Linen Cape,GEAR,TRAINER,1,247,254,97,1
2580,Reinforced Linen Cape,GEAR,TRAINER,1,253,254,99,1
2580,Reinforced Linen Cape,GEAR,TRAINER,1,247,254,97,1
2580,Reinforced Linen Cape,GEAR,TRAINER,1,253,254,99,1
2580,Reinforced Linen Cape,GEAR,TRAINER,1,247,254,97,1
2580,Reinforced Linen Cape,GEAR,TRAINER,1,253,254,99,1
2580,Reinforced Linen Cape,GEAR,TRAINER,1,247,254,97,1
2580,Reinforced Linen Cape,GEAR,TRAINER,1,253,254,99,1
2580,Reinforced Linen Cape,GEAR,TRAINER,1,247,254,97,1
2580,Reinforced Linen Cape,GEAR,TRAINER,1,253,254,99,1
2580,Reinforced Linen Cape,GEAR,TRAINER,1,247,254,97,1
13423,Stonescale Oil,INTERMEDIATE,TRAINER,1,64,102,62,1
13423,Stonescale Oil,INTERMEDIATE,TRAINER,12,62,102,60,1
14342,Mooncloth,INTERMEDIATE,VENDOR,8,11278,15200,74,1
14342,Mooncloth,INTERMEDIATE,VENDOR,1,11165,15200,73,1
18662,Heavy Leather Ball,MISC,VENDOR,5,1188,1312,90,1
18662,Heavy Leather Ball,MISC,VENDOR,5,1152,1312,87,1
18662,Heavy Leather Ball,MISC,VENDOR,5,1140,1312,86,1
22448,Small Prismatic Shard,INTERMEDIATE,TRAINER,20,1,0,0,1
22448,Small Prismatic Shard,INTERMEDIATE,TRAINER,3,1,0,0,1
22448,Small Prismatic Shard,INTERMEDIATE,TRAINER,4,1,0,0,1
13423,Stonescale Oil,INTERMEDIATE,TRAINER,6,94,102,92,1
13423,Stonescale Oil,INTERMEDIATE,TRAINER,4,91,102,89,1
4314,Double-stitched Woolen Shoulders,GEAR,TRAINER,1,1364,1424,95,1
4314,Double-stitched Woolen Shoulders,GEAR,TRAINER,1,1309,1424,91,1
4314,Double-stitched Woolen Shoulders,GEAR,TRAINER,1,1282,1424,90,1
4314,Double-stitched Woolen Shoulders,GEAR,TRAINER,1,1243,1424,87,1
4314,Double-stitched Woolen Shoulders,GEAR,TRAINER,1,1364,1424,95,1
4314,Double-stitched Woolen Shoulders,GEAR,TRAINER,1,1309,1424,91,1
4314,Double-stitched Woolen Shoulders,GEAR,TRAINER,1,1282,1424,90,1
4314,Double-stitched Woolen Shoulders,GEAR,TRAINER,1,1243,1424,87,1
4314,Double-stitched Woolen Shoulders,GEAR,TRAINER,1,1364,1424,95,1
4314,Double-stitched Woolen Shoulders,GEAR,TRAINER,1,1309,1424,91,1
4314,Double-stitched Woolen Shoulders,GEAR,TRAINER,1,1282,1424,90,1
4314,Double-stitched Woolen Shoulders,GEAR,TRAINER,1,1243,1424,87,1
4314,Double-stitched Woolen Shoulders,GEAR,TRAINER,1,1364,1424,95,1
4314,Double-stitched Woolen Shoulders,GEAR,TRAINER,1,1309,1424,91,1
4314,Double-stitched Woolen Shoulders,GEAR,TRAINER,1,1282,1424,90,1
4339,Bolt of Mageweave,INTERMEDIATE,TRAINER,1,4129,5050,81,1
4339,Bolt of Mageweave,INTERMEDIATE,TRAINER,9,3922,5050,77,1
13423,Stonescale Oil,INTERMEDIATE,TRAINER,2,80,102,78,1
13423,Stonescale Oil,INTERMEDIATE,TRAINER,9,76,102,74,1
22448,Small Prismatic Shard,INTERMEDIATE,TRAINER,18,1,0,0,1
22448,Small Prismatic Shard,INTERMEDIATE,TRAINER,20,1,0,0,1
22448,Small Prismatic Shard,INTERMEDIATE,TRAINER,11,1,0,0,1
22448,Small Prismatic Shard,INTERMEDIATE,TRAINER,8,1,0,0,1
10513,Mithril Gyro-Shot,AMMO,TRAINER,1000,19,26,73,1
10513,Mithril Gyro-Shot,AMMO,TRAINER,1000,18,26,69,1
10513,Mithril Gyro-Shot,AMMO,TRAINER,600,17,26,65,1
22448,Small Prismatic Shard,INTERMEDIATE,TRAINER,20,1,0,0,1
22448,Small Prismatic Shard,INTERMEDIATE,TRAINER,5,1,0,0,1
22448,Small Prismatic Shard,INTERMEDIATE,TRAINER,5,1,0,0,1
22448,Small Prismatic Shard,INTERMEDIATE,TRAINER,20,1,0,0,1
22448,Small Prismatic Shard,INTERMEDIATE,TRAINER,9,1,0,0,1
22448,Small Prismatic Shard,INTERMEDIATE,TRAINER,10,1,0,0,1
8069,Crafted Solid Shot,AMMO,TRAINER,1000,1,2,50,1
8069,Crafted Solid Shot,AMMO,TRAINER,1000,1,2,50,1
12359,Thorium Bar,INTERMEDIATE,TRAINER,8,1266,1545,81,1
12359,Thorium Bar,INTERMEDIATE,TRAINER,2,1215,1545,78,1
6662,Elixir of Giant Growth,ELIXIR_POT,DROP,5,76,108,70,1
6662,Elixir of Giant Growth,ELIXIR_POT,DROP,4,75,108,69,1
2867,Rough Bronze Bracers,GEAR,UNSOURCED,1,204,248,82,1
2867,Rough Bronze Bracers,GEAR,UNSOURCED,1,197,248,79,1
2867,Rough Bronze Bracers,GEAR,UNSOURCED,1,195,248,78,1
2867,Rough Bronze Bracers,GEAR,UNSOURCED,1,204,248,82,1
2867,Rough Bronze Bracers,GEAR,UNSOURCED,1,197,248,79,1
2867,Rough Bronze Bracers,GEAR,UNSOURCED,1,195,248,78,1
2867,Rough Bronze Bracers,GEAR,UNSOURCED,1,204,248,82,1
2867,Rough Bronze Bracers,GEAR,UNSOURCED,1,197,248,79,1
2867,Rough Bronze Bracers,GEAR,UNSOURCED,1,195,248,78,1
2867,Rough Bronze Bracers,GEAR,UNSOURCED,1,204,248,82,1
2867,Rough Bronze Bracers,GEAR,UNSOURCED,1,197,248,79,1
2867,Rough Bronze Bracers,GEAR,UNSOURCED,1,195,248,78,1
3530,Wool Bandage,MISC,TRAINER,15,118,136,86,1
2857,Runed Copper Belt,GEAR,TRAINER,1,145,200,72,1
2857,Runed Copper Belt,GEAR,TRAINER,1,142,200,71,1
2857,Runed Copper Belt,GEAR,TRAINER,1,136,200,68,1
2857,Runed Copper Belt,GEAR,TRAINER,1,129,200,64,1
2857,Runed Copper Belt,GEAR,TRAINER,1,145,200,72,1
2857,Runed Copper Belt,GEAR,TRAINER,1,142,200,71,1
2857,Runed Copper Belt,GEAR,TRAINER,1,136,200,68,1
2857,Runed Copper Belt,GEAR,TRAINER,1,129,200,64,1
2857,Runed Copper Belt,GEAR,TRAINER,1,145,200,72,1
2857,Runed Copper Belt,GEAR,TRAINER,1,142,200,71,1
2857,Runed Copper Belt,GEAR,TRAINER,1,136,200,68,1
2857,Runed Copper Belt,GEAR,TRAINER,1,129,200,64,1
2857,Runed Copper Belt,GEAR,TRAINER,1,145,200,72,1
2857,Runed Copper Belt,GEAR,TRAINER,1,142,200,71,1
13423,Stonescale Oil,INTERMEDIATE,TRAINER,11,78,102,76,1
13423,Stonescale Oil,INTERMEDIATE,TRAINER,1,77,102,75,1
6239,Red Linen Vest,GEAR,DROP,1,329,396,83,1
6239,Red Linen Vest,GEAR,DROP,1,325,396,82,1
6239,Red Linen Vest,GEAR,DROP,1,308,396,77,1
6239,Red Linen Vest,GEAR,DROP,1,304,396,76,1
6239,Red Linen Vest,GEAR,DROP,1,329,396,83,1
6239,Red Linen Vest,GEAR,DROP,1,325,396,82,1
22448,Small Prismatic Shard,INTERMEDIATE,TRAINER,20,1,0,0,1
22448,Small Prismatic Shard,INTERMEDIATE,TRAINER,12,1,0,0,1
22448,Small Prismatic Shard,INTERMEDIATE,TRAINER,4,1,0,0,1
13423,Stonescale Oil,INTERMEDIATE,TRAINER,1,90,102,88,1
13423,Stonescale Oil,INTERMEDIATE,TRAINER,12,86,102,84,1
3576,Tin Bar,INTERMEDIATE,TRAINER,8,74,107,69,1
3576,Tin Bar,INTERMEDIATE,TRAINER,4,73,107,68,1
4234,Heavy Leather,INTERMEDIATE,TRAINER,6,1062,1090,97,1
4234,Heavy Leather,INTERMEDIATE,TRAINER,3,1008,1090,92,1
6662,Elixir of Giant Growth,ELIXIR_POT,DROP,15,70,108,64,1
4246,Fine Leather Belt,GEAR,TRAINER,1,437,578,75,1
4246,Fine Leather Belt,GEAR,TRAINER,1,419,578,72,1
4246,Fine Leather Belt,GEAR,TRAINER,1,437,578,75,1
4246,Fine Leather Belt,GEAR,TRAINER,1,419,578,72,1
4246,Fine Leather Belt,GEAR,TRAINER,1,437,578,75,1
4246,Fine Leather Belt,GEAR,TRAINER,1,419,578,72,1
4246,Fine Leather Belt,GEAR,TRAINER,1,437,578,75,1
4246,Fine Leather Belt,GEAR,TRAINER,1,419,578,72,1
4246,Fine Leather Belt,GEAR,TRAINER,1,437,578,75,1
4246,Fine Leather Belt,GEAR,TRAINER,1,419,578,72,1
2584,Woolen Cape,GEAR,TRAINER,1,443,508,87,1
2584,Woolen Cape,GEAR,TRAINER,1,429,508,84,1
2584,Woolen Cape,GEAR,TRAINER,1,443,508,87,1
2584,Woolen Cape,GEAR,TRAINER,1,429,508,84,1
2584,Woolen Cape,GEAR,TRAINER,1,443,508,87,1
2584,Woolen Cape,GEAR,TRAINER,1,429,508,84,1
2584,Woolen Cape,GEAR,TRAINER,1,443,508,87,1
2584,Woolen Cape,GEAR,TRAINER,1,429,508,84,1
2584,Woolen Cape,GEAR,TRAINER,1,443,508,87,1
2584,Woolen Cape,GEAR,TRAINER,1,429,508,84,1
2584,Woolen Cape,GEAR,TRAINER,1,443,508,87,1
2584,Woolen Cape,GEAR,TRAINER,1,429,508,84,1
4251,Hillman's Shoulders,GEAR,TRAINER,1,1486,1779,83,1
4251,Hillman's Shoulders,GEAR,TRAINER,1,1471,1779,82,1
4251,Hillman's Shoulders,GEAR,TRAINER,1,1441,1779,81,1
4251,Hillman's Shoulders,GEAR,TRAINER,1,1412,1779,79,1
4251,Hillman's Shoulders,GEAR,TRAINER,1,1486,1779,83,1
4251,Hillman's Shoulders,GEAR,TRAINER,1,1471,1779,82,1
4251,Hillman's Shoulders,GEAR,TRAINER,1,1441,1779,81,1
4251,Hillman's Shoulders,GEAR,TRAINER,1,1412,1779,79,1
3531,Heavy Wool Bandage,MISC,TRAINER,13,188,272,69,1
2851,Copper Chain Belt,GEAR,TRAINER,1,108,120,90,1
2851,Copper Chain Belt,GEAR,TRAINER,1,106,120,88,1
2851,Copper Chain Belt,GEAR,TRAINER,1,104,120,86,1
2851,Copper Chain Belt,GEAR,TRAINER,1,108,120,90,1
2851,Copper Chain Belt,GEAR,TRAINER,1,106,120,88,1
2851,Copper Chain Belt,GEAR,TRAINER,1,104,120,86,1
2851,Copper Chain Belt,GEAR,TRAINER,1,108,120,90,1
2851,Copper Chain Belt,GEAR,TRAINER,1,106,120,88,1
2851,Copper Chain Belt,GEAR,TRAINER,1,104,120,86,1
13423,Stonescale Oil,INTERMEDIATE,TRAINER,2,90,102,88,1
13423,Stonescale Oil,INTERMEDIATE,TRAINER,8,88,102,86,1
6048,Shadow Protection Potion,ELIXIR_POT,VENDOR,5,281,306,91,1
6048,Shadow Protection Potion,ELIXIR_POT,VENDOR,6,266,306,86,1
22448,Small Prismatic Shard,INTERMEDIATE,TRAINER,20,1,0,0,1
22448,Small Prismatic Shard,INTERMEDIATE,TRAINER,20,1,0,0,1
22448,Small Prismatic Shard,INTERMEDIATE,TRAINER,4,1,0,0,1
22448,Small Prismatic Shard,INTERMEDIATE,TRAINER,1,1,0,0,1
22448,Small Prismatic Shard,INTERMEDIATE,TRAINER,20,1,0,0,1
22448,Small Prismatic Shard,INTERMEDIATE,TRAINER,20,1,0,0,1
22448,Small Prismatic Shard,INTERMEDIATE,TRAINER,4,1,0,0,1
22448,Small Prismatic Shard,INTERMEDIATE,TRAINER,1,1,0,0,1
2854,Runed Copper Bracers,GEAR,TRAINER,1,228,248,91,1
2854,Runed Copper Bracers,GEAR,TRAINER,1,216,248,87,1
2854,Runed Copper Bracers,GEAR,TRAINER,1,228,248,91,1
2854,Runed Copper Bracers,GEAR,TRAINER,1,216,248,87,1
2854,Runed Copper Bracers,GEAR,TRAINER,1,228,248,91,1
2854,Runed Copper Bracers,GEAR,TRAINER,1,216,248,87,1
2854,Runed Copper Bracers,GEAR,TRAINER,1,228,248,91,1
2854,Runed Copper Bracers,GEAR,TRAINER,1,216,248,87,1
2854,Runed Copper Bracers,GEAR,TRAINER,1,228,248,91,1
10513,Mithril Gyro-Shot,AMMO,TRAINER,1000,20,26,76,1
10513,Mithril Gyro-Shot,AMMO,TRAINER,400,19,26,73,1
6662,Elixir of Giant Growth,ELIXIR_POT,DROP,13,100,108,92,1
22448,Small Prismatic Shard,INTERMEDIATE,TRAINER,20,1,0,0,1
22448,Small Prismatic Shard,INTERMEDIATE,TRAINER,14,1,0,0,1
22448,Small Prismatic Shard,INTERMEDIATE,TRAINER,5,1,0,0,1
22448,Small Prismatic Shard,INTERMEDIATE,TRAINER,11,1,0,0,1
22448,Small Prismatic Shard,INTERMEDIATE,TRAINER,7,1,0,0,1
10008,White Bandit Mask,GEAR,DROP,1,4318,6023,71,1
10008,White Bandit Mask,GEAR,DROP,1,4274,6023,70,1
10008,White Bandit Mask,GEAR,DROP,1,4231,6023,70,1
10008,White Bandit Mask,GEAR,DROP,1,4019,6023,66,1
10008,White Bandit Mask,GEAR,DROP,1,4318,6023,71,1
10008,White Bandit Mask,GEAR,DROP,1,4274,6023,70,1
10008,White Bandit Mask,GEAR,DROP,1,4231,6023,70,1
10008,White Bandit Mask,GEAR,DROP,1,4019,6023,66,1
10008,White Bandit Mask,GEAR,DROP,1,4318,6023,71,1
10008,White Bandit Mask,GEAR,DROP,1,4274,6023,70,1
10008,White Bandit Mask,GEAR,DROP,1,4231,6023,70,1
10008,White Bandit Mask,GEAR,DROP,1,4019,6023,66,1
6662,Elixir of Giant Growth,ELIXIR_POT,DROP,6,112,108,103,1
18662,Heavy Leather Ball,MISC,VENDOR,5,1000,1312,76,1
18662,Heavy Leather Ball,MISC,VENDOR,2,950,1312,72,1
6787,White Woolen Dress,GEAR,TRAINER,1,1147,1424,80,1
6787,White Woolen Dress,GEAR,TRAINER,1,1124,1424,78,1
6787,White Woolen Dress,GEAR,TRAINER,1,1112,1424,78,1
6787,White Woolen Dress,GEAR,TRAINER,1,1147,1424,80,1
6787,White Woolen Dress,GEAR,TRAINER,1,1124,1424,78,1
6787,White Woolen Dress,GEAR,TRAINER,1,1310,1424,91,1
6787,White Woolen Dress,GEAR,TRAINER,1,1283,1424,90,1
6787,White Woolen Dress,GEAR,TRAINER,1,1244,1424,87,1
6787,White Woolen Dress,GEAR,TRAINER,1,1310,1424,91,1
6787,White Woolen Dress,GEAR,TRAINER,1,1283,1424,90,1
6787,White Woolen Dress,GEAR,TRAINER,1,1244,1424,87,1
6787,White Woolen Dress,GEAR,TRAINER,1,1310,1424,91,1
6787,White Woolen Dress,GEAR,TRAINER,1,1283,1424,90,1
6787,White Woolen Dress,GEAR,TRAINER,1,1244,1424,87,1
4339,Bolt of Mageweave,INTERMEDIATE,TRAINER,6,4320,5050,85,1
4339,Bolt of Mageweave,INTERMEDIATE,TRAINER,6,4276,5050,84,1
13423,Stonescale Oil,INTERMEDIATE,TRAINER,5,99,102,97,1
13423,Stonescale Oil,INTERMEDIATE,TRAINER,4,97,102,95,1
44840,Cranberry Chutney,FOOD,DROP,7,5,8,62,1
22448,Small Prismatic Shard,INTERMEDIATE,TRAINER,20,1,0,0,1
22448,Small Prismatic Shard,INTERMEDIATE,TRAINER,20,1,0,0,1
22448,Small Prismatic Shard,INTERMEDIATE,TRAINER,2,1,0,0,1
22448,Small Prismatic Shard,INTERMEDIATE,TRAINER,20,1,0,0,1
22448,Small Prismatic Shard,INTERMEDIATE,TRAINER,20,1,0,0,1
22448,Small Prismatic Shard,INTERMEDIATE,TRAINER,2,1,0,0,1
2580,Reinforced Linen Cape,GEAR,TRAINER,1,228,254,89,1
2580,Reinforced Linen Cape,GEAR,TRAINER,1,218,254,85,1
2580,Reinforced Linen Cape,GEAR,TRAINER,1,207,254,81,1
2580,Reinforced Linen Cape,GEAR,TRAINER,1,228,254,89,1
2580,Reinforced Linen Cape,GEAR,TRAINER,1,218,254,85,1
2580,Reinforced Linen Cape,GEAR,TRAINER,1,207,254,81,1
2580,Reinforced Linen Cape,GEAR,TRAINER,1,228,254,89,1
3386,Potion of Curing,ELIXIR_POT,DROP,5,3473,1258,276,0
3386,Potion of Curing,ELIXIR_POT,DROP,5,3438,1258,273,0
3386,Potion of Curing,ELIXIR_POT,DROP,5,3334,1258,265,0
3386,Potion of Curing,ELIXIR_POT,DROP,5,3200,1258,254,0
2841,Bronze Bar,INTERMEDIATE,TRAINER,20,54,62,87,1
10056,Orange Mageweave Shirt,GEAR,TRAINER,1,5117,6998,73,1
10056,Orange Mageweave Shirt,GEAR,TRAINER,1,4912,6998,70,1
10056,Orange Mageweave Shirt,GEAR,TRAINER,1,4764,6998,68,1
10056,Orange Mageweave Shirt,GEAR,TRAINER,1,5117,6998,73,1
10056,Orange Mageweave Shirt,GEAR,TRAINER,1,4912,6998,70,1
10056,Orange Mageweave Shirt,GEAR,TRAINER,1,4764,6998,68,1
10056,Orange Mageweave Shirt,GEAR,TRAINER,1,5117,6998,73,1
10056,Orange Mageweave Shirt,GEAR,TRAINER,1,4912,6998,70,1
10056,Orange Mageweave Shirt,GEAR,TRAINER,1,4764,6998,68,1
10056,Orange Mageweave Shirt,GEAR,TRAINER,1,5117,6998,73,1
10056,Orange Mageweave Shirt,GEAR,TRAINER,1,4912,6998,70,1
10056,Orange Mageweave Shirt,GEAR,TRAINER,1,4764,6998,68,1
10056,Orange Mageweave Shirt,GEAR,TRAINER,1,5117,6998,73,1
10056,Orange Mageweave Shirt,GEAR,TRAINER,1,4912,6998,70,1
10056,Orange Mageweave Shirt,GEAR,TRAINER,1,4764,6998,68,1
6453,Strong Anti-Venom,MISC,DROP,20,300,373,80,1
6453,Strong Anti-Venom,MISC,DROP,20,291,373,78,1
6453,Strong Anti-Venom,MISC,DROP,5,300,373,80,1
7965,Solid Weightstone,MISC,TRAINER,15,1099,1182,92,1
15997,Thorium Shells,AMMO,TRAINER,1000,18,22,81,1
15997,Thorium Shells,AMMO,TRAINER,1000,17,22,77,1
15997,Thorium Shells,AMMO,TRAINER,200,18,22,81,1
10008,White Bandit Mask,GEAR,DROP,1,5582,6023,92,1
10008,White Bandit Mask,GEAR,DROP,1,5358,6023,88,1
10008,White Bandit Mask,GEAR,DROP,1,5304,6023,88,1
10008,White Bandit Mask,GEAR,DROP,1,5582,6023,92,1
10008,White Bandit Mask,GEAR,DROP,1,5358,6023,88,1
10008,White Bandit Mask,GEAR,DROP,1,5304,6023,88,1
10008,White Bandit Mask,GEAR,DROP,1,5582,6023,92,1
10008,White Bandit Mask,GEAR,DROP,1,5358,6023,88,1
10008,White Bandit Mask,GEAR,DROP,1,5304,6023,88,1
10008,White Bandit Mask,GEAR,DROP,1,5582,6023,92,1
10008,White Bandit Mask,GEAR,DROP,1,5358,6023,88,1
10008,White Bandit Mask,GEAR,DROP,1,5304,6023,88,1
10008,White Bandit Mask,GEAR,DROP,1,5582,6023,92,1
10008,White Bandit Mask,GEAR,DROP,1,5358,6023,88,1
10008,White Bandit Mask,GEAR,DROP,1,5304,6023,88,1
2580,Reinforced Linen Cape,GEAR,TRAINER,1,198,254,77,1
2580,Reinforced Linen Cape,GEAR,TRAINER,1,188,254,74,1
2580,Reinforced Linen Cape,GEAR,TRAINER,1,198,254,77,1
2580,Reinforced Linen Cape,GEAR,TRAINER,1,188,254,74,1
2580,Reinforced Linen Cape,GEAR,TRAINER,1,198,254,77,1
2580,Reinforced Linen Cape,GEAR,TRAINER,1,188,254,74,1
2580,Reinforced Linen Cape,GEAR,TRAINER,1,198,254,77,1
2580,Reinforced Linen Cape,GEAR,TRAINER,1,188,254,74,1
2580,Reinforced Linen Cape,GEAR,TRAINER,1,198,254,77,1
2580,Reinforced Linen Cape,GEAR,TRAINER,1,188,254,74,1
2580,Reinforced Linen Cape,GEAR,TRAINER,1,198,254,77,1
2580,Reinforced Linen Cape,GEAR,TRAINER,1,188,254,74,1
9999,Black Mageweave Leggings,GEAR,TRAINER,1,7237,9496,76,1
9999,Black Mageweave Leggings,GEAR,TRAINER,1,7092,9496,74,1
9999,Black Mageweave Leggings,GEAR,TRAINER,1,6808,9496,71,1
9999,Black Mageweave Leggings,GEAR,TRAINER,1,6603,9496,69,1
9999,Black Mageweave Leggings,GEAR,TRAINER,1,7237,9496,76,1
22448,Small Prismatic Shard,INTERMEDIATE,TRAINER,5,1,0,0,1
22448,Small Prismatic Shard,INTERMEDIATE,TRAINER,10,1,0,0,1
22448,Small Prismatic Shard,INTERMEDIATE,TRAINER,20,1,0,0,1
22448,Small Prismatic Shard,INTERMEDIATE,TRAINER,20,1,0,0,1
22448,Small Prismatic Shard,INTERMEDIATE,TRAINER,1,1,0,0,1
22448,Small Prismatic Shard,INTERMEDIATE,TRAINER,1,1,0,0,1
2857,Runed Copper Belt,GEAR,TRAINER,1,170,200,85,1
2857,Runed Copper Belt,GEAR,TRAINER,1,164,200,82,1
2857,Runed Copper Belt,GEAR,TRAINER,1,170,200,85,1
2857,Runed Copper Belt,GEAR,TRAINER,1,164,200,82,1
2857,Runed Copper Belt,GEAR,TRAINER,1,170,200,85,1
2857,Runed Copper Belt,GEAR,TRAINER,1,164,200,82,1
2857,Runed Copper Belt,GEAR,TRAINER,1,170,200,85,1
2857,Runed Copper Belt,GEAR,TRAINER,1,164,200,82,1
2857,Runed Copper Belt,GEAR,TRAINER,1,170,200,85,1
2857,Runed Copper Belt,GEAR,TRAINER,1,164,200,82,1
2857,Runed Copper Belt,GEAR,TRAINER,1,170,200,85,1
2857,Runed Copper Belt,GEAR,TRAINER,1,164,200,82,1
7026,Linen Belt,GEAR,TRAINER,1,118,122,96,1
7026,Linen Belt,GEAR,TRAINER,1,112,122,91,1
7026,Linen Belt,GEAR,TRAINER,1,109,122,89,1
7026,Linen Belt,GEAR,TRAINER,1,104,122,85,1
7026,Linen Belt,GEAR,TRAINER,1,118,122,96,1
7026,Linen Belt,GEAR,TRAINER,1,112,122,91,1
7026,Linen Belt,GEAR,TRAINER,1,109,122,89,1
7026,Linen Belt,GEAR,TRAINER,1,104,122,85,1
7026,Linen Belt,GEAR,TRAINER,1,118,122,96,1
7026,Linen Belt,GEAR,TRAINER,1,112,122,91,1
22448,Small Prismatic Shard,INTERMEDIATE,TRAINER,20,1,0,0,1
22448,Small Prismatic Shard,INTERMEDIATE,TRAINER,20,1,0,0,1
22448,Small Prismatic Shard,INTERMEDIATE,TRAINER,2,1,0,0,1
10008,White Bandit Mask,GEAR,DROP,1,5073,6023,84,1
10008,White Bandit Mask,GEAR,DROP,1,4920,6023,81,1
10008,White Bandit Mask,GEAR,DROP,1,5073,6023,84,1
10008,White Bandit Mask,GEAR,DROP,1,4920,6023,81,1
10008,White Bandit Mask,GEAR,DROP,1,5073,6023,84,1
15997,Thorium Shells,AMMO,TRAINER,1000,18,22,81,1
15997,Thorium Shells,AMMO,TRAINER,1000,17,22,77,1
15997,Thorium Shells,AMMO,TRAINER,1000,16,22,72,1
2867,Rough Bronze Bracers,GEAR,UNSOURCED,1,217,248,87,1
2867,Rough Bronze Bracers,GEAR,UNSOURCED,1,206,248,83,1
2867,Rough Bronze Bracers,GEAR,UNSOURCED,1,197,248,79,1
2867,Rough Bronze Bracers,GEAR,UNSOURCED,1,217,248,87,1
2867,Rough Bronze Bracers,GEAR,UNSOURCED,1,206,248,83,1
2867,Rough Bronze Bracers,GEAR,UNSOURCED,1,197,248,79,1
2867,Rough Bronze Bracers,GEAR,UNSOURCED,1,217,248,87,1
2867,Rough Bronze Bracers,GEAR,UNSOURCED,1,206,248,83,1
2867,Rough Bronze Bracers,GEAR,UNSOURCED,1,197,248,79,1
2867,Rough Bronze Bracers,GEAR,UNSOURCED,1,217,248,87,1
2867,Rough Bronze Bracers,GEAR,UNSOURCED,1,206,248,83,1
2867,Rough Bronze Bracers,GEAR,UNSOURCED,1,197,248,79,1
2867,Rough Bronze Bracers,GEAR,UNSOURCED,1,217,248,87,1
2865,Rough Bronze Leggings,GEAR,TRAINER,1,314,372,84,1
2865,Rough Bronze Leggings,GEAR,TRAINER,1,298,372,80,1
2865,Rough Bronze Leggings,GEAR,TRAINER,1,314,372,84,1
2865,Rough Bronze Leggings,GEAR,TRAINER,1,298,372,80,1
2865,Rough Bronze Leggings,GEAR,TRAINER,1,314,372,84,1
2865,Rough Bronze Leggings,GEAR,TRAINER,1,298,372,80,1
2865,Rough Bronze Leggings,GEAR,TRAINER,1,314,372,84,1
2865,Rough Bronze Leggings,GEAR,TRAINER,1,298,372,80,1
14342,Mooncloth,INTERMEDIATE,VENDOR,1,13911,15200,91,1
14342,Mooncloth,INTERMEDIATE,VENDOR,6,13632,15200,89,1
10512,Hi-Impact Mithril Slugs,AMMO,TRAINER,1000,11,13,84,1
10512,Hi-Impact Mithril Slugs,AMMO,TRAINER,1000,10,13,76,1
10512,Hi-Impact Mithril Slugs,AMMO,TRAINER,1000,11,13,84,1
13423,Stonescale Oil,INTERMEDIATE,TRAINER,1,73,102,71,1
13423,Stonescale Oil,INTERMEDIATE,TRAINER,8,72,102,70,1
13423,Stonescale Oil,INTERMEDIATE,TRAINER,9,78,102,76,1
13423,Stonescale Oil,INTERMEDIATE,TRAINER,2,75,102,73,1
7071,Iron Buckle,INTERMEDIATE,TRAINER,5,392,450,87,1
7071,Iron Buckle,INTERMEDIATE,TRAINER,2,372,450,82,1
7071,Iron Buckle,INTERMEDIATE,TRAINER,3,364,450,80,1
12655,Enchanted Thorium Bar,INTERMEDIATE,TRAINER,1,26406,36825,71,1
12655,Enchanted Thorium Bar,INTERMEDIATE,TRAINER,8,25613,36825,69,1
14048,Bolt of Runecloth,INTERMEDIATE,TRAINER,5,9055,11880,76,1
14048,Bolt of Runecloth,INTERMEDIATE,TRAINER,1,8873,11880,74,1
15054,Volcanic Leggings,GEAR,DROP,1,21534,23176,92,1
15054,Volcanic Leggings,GEAR,DROP,1,20672,23176,89,1
15054,Volcanic Leggings,GEAR,DROP,1,19638,23176,84,1
15054,Volcanic Leggings,GEAR,DROP,1,21534,23176,92,1
15054,Volcanic Leggings,GEAR,DROP,1,20672,23176,89,1
15054,Volcanic Leggings,GEAR,DROP,1,19638,23176,84,1
15054,Volcanic Leggings,GEAR,DROP,1,21534,23176,92,1
15054,Volcanic Leggings,GEAR,DROP,1,20672,23176,89,1
15054,Volcanic Leggings,GEAR,DROP,1,19638,23176,84,1
10512,Hi-Impact Mithril Slugs,AMMO,TRAINER,1000,10,13,76,1
10512,Hi-Impact Mithril Slugs,AMMO,TRAINER,1000,9,13,69,1
10512,Hi-Impact Mithril Slugs,AMMO,TRAINER,1000,8,13,61,1
7964,Solid Sharpening Stone,MISC,TRAINER,6,540,588,91,1
22448,Small Prismatic Shard,INTERMEDIATE,TRAINER,20,1,0,0,1
22448,Small Prismatic Shard,INTERMEDIATE,TRAINER,20,1,0,0,1
22448,Small Prismatic Shard,INTERMEDIATE,TRAINER,2,1,0,0,1
4236,Cured Heavy Hide,INTERMEDIATE,TRAINER,7,964,1350,71,1
4236,Cured Heavy Hide,INTERMEDIATE,TRAINER,3,915,1350,67,1
8068,Crafted Heavy Shot,AMMO,TRAINER,1000,1,0,0,1
8068,Crafted Heavy Shot,AMMO,TRAINER,1000,1,0,0,1
8068,Crafted Heavy Shot,AMMO,TRAINER,400,1,0,0,1
13423,Stonescale Oil,INTERMEDIATE,TRAINER,11,101,102,99,1
13423,Stonescale Oil,INTERMEDIATE,TRAINER,4,98,102,96,1
6662,Elixir of Giant Growth,ELIXIR_POT,DROP,9,94,108,87,1
4236,Cured Heavy Hide,INTERMEDIATE,TRAINER,12,1213,1350,89,1
4236,Cured Heavy Hide,INTERMEDIATE,TRAINER,2,1164,1350,86,1
22448,Small Prismatic Shard,INTERMEDIATE,TRAINER,20,1,0,0,1
22448,Small Prismatic Shard,INTERMEDIATE,TRAINER,20,1,0,0,1
22448,Small Prismatic Shard,INTERMEDIATE,TRAINER,1,1,0,0,1
22448,Small Prismatic Shard,INTERMEDIATE,TRAINER,4,1,0,0,1
22448,Small Prismatic Shard,INTERMEDIATE,TRAINER,20,1,0,0,1
22448,Small Prismatic Shard,INTERMEDIATE,TRAINER,20,1,0,0,1
22448,Small Prismatic Shard,INTERMEDIATE,TRAINER,2,1,0,0,1
2867,Rough Bronze Bracers,GEAR,UNSOURCED,1,221,248,89,1
2867,Rough Bronze Bracers,GEAR,UNSOURCED,1,212,248,85,1
2867,Rough Bronze Bracers,GEAR,UNSOURCED,1,221,248,89,1
2867,Rough Bronze Bracers,GEAR,UNSOURCED,1,212,248,85,1
2867,Rough Bronze Bracers,GEAR,UNSOURCED,1,221,248,89,1
2867,Rough Bronze Bracers,GEAR,UNSOURCED,1,212,248,85,1
2867,Rough Bronze Bracers,GEAR,UNSOURCED,1,221,248,89,1
22448,Small Prismatic Shard,INTERMEDIATE,TRAINER,20,1,0,0,1
22448,Small Prismatic Shard,INTERMEDIATE,TRAINER,20,1,0,0,1
22448,Small Prismatic Shard,INTERMEDIATE,TRAINER,1,1,0,0,1
22448,Small Prismatic Shard,INTERMEDIATE,TRAINER,4,1,0,0,1
5966,Guardian Gloves,GEAR,TRAINER,1,3540,4183,84,1
5966,Guardian Gloves,GEAR,TRAINER,1,3504,4183,83,1
5966,Guardian Gloves,GEAR,TRAINER,1,3540,4183,84,1
5966,Guardian Gloves,GEAR,TRAINER,1,3504,4183,83,1
5966,Guardian Gloves,GEAR,TRAINER,1,3540,4183,84,1
5966,Guardian Gloves,GEAR,TRAINER,1,3504,4183,83,1
5966,Guardian Gloves,GEAR,TRAINER,1,3540,4183,84,1
13423,Stonescale Oil,INTERMEDIATE,TRAINER,2,92,102,90,1
13423,Stonescale Oil,INTERMEDIATE,TRAINER,11,91,102,89,1
2580,Reinforced Linen Cape,GEAR,TRAINER,1,216,254,85,1
2580,Reinforced Linen Cape,GEAR,TRAINER,1,211,254,83,1
2580,Reinforced Linen Cape,GEAR,TRAINER,1,216,254,85,1
2580,Reinforced Linen Cape,GEAR,TRAINER,1,211,254,83,1
2580,Reinforced Linen Cape,GEAR,TRAINER,1,216,254,85,1
2580,Reinforced Linen Cape,GEAR,TRAINER,1,211,254,83,1
2580,Reinforced Linen Cape,GEAR,TRAINER,1,216,254,85,1
2580,Reinforced Linen Cape,GEAR,TRAINER,1,211,254,83,1
2580,Reinforced Linen Cape,GEAR,TRAINER,1,216,254,85,1
2580,Reinforced Linen Cape,GEAR,TRAINER,1,211,254,83,1
5966,Guardian Gloves,GEAR,TRAINER,1,3033,4183,72,1
5966,Guardian Gloves,GEAR,TRAINER,1,2942,4183,70,1
5966,Guardian Gloves,GEAR,TRAINER,1,2912,4183,69,1
5966,Guardian Gloves,GEAR,TRAINER,1,2824,4183,67,1
5966,Guardian Gloves,GEAR,TRAINER,1,3033,4183,72,1
5966,Guardian Gloves,GEAR,TRAINER,1,2942,4183,70,1
5966,Guardian Gloves,GEAR,TRAINER,1,2912,4183,69,1
5966,Guardian Gloves,GEAR,TRAINER,1,2824,4183,67,1
5966,Guardian Gloves,GEAR,TRAINER,1,3033,4183,72,1
5966,Guardian Gloves,GEAR,TRAINER,1,2942,4183,70,1
5966,Guardian Gloves,GEAR,TRAINER,1,2912,4183,69,1
5966,Guardian Gloves,GEAR,TRAINER,1,2824,4183,67,1
5966,Guardian Gloves,GEAR,TRAINER,1,3033,4183,72,1
8068,Crafted Heavy Shot,AMMO,TRAINER,1000,1,0,0,1
6787,White Woolen Dress,GEAR,TRAINER,1,1404,1424,98,1
6787,White Woolen Dress,GEAR,TRAINER,1,1347,1424,94,1
6787,White Woolen Dress,GEAR,TRAINER,1,1333,1424,93,1
6787,White Woolen Dress,GEAR,TRAINER,1,1404,1424,98,1
6787,White Woolen Dress,GEAR,TRAINER,1,1347,1424,94,1
6787,White Woolen Dress,GEAR,TRAINER,1,1333,1424,93,1
6787,White Woolen Dress,GEAR,TRAINER,1,1404,1424,98,1
6787,White Woolen Dress,GEAR,TRAINER,1,1347,1424,94,1
6787,White Woolen Dress,GEAR,TRAINER,1,1333,1424,93,1
6787,White Woolen Dress,GEAR,TRAINER,1,1404,1424,98,1
6787,White Woolen Dress,GEAR,TRAINER,1,1347,1424,94,1
6787,White Woolen Dress,GEAR,TRAINER,1,1333,1424,93,1
6787,White Woolen Dress,GEAR,TRAINER,1,1404,1424,98,1
6787,White Woolen Dress,GEAR,TRAINER,1,1347,1424,94,1
6787,White Woolen Dress,GEAR,TRAINER,1,1333,1424,93,1
10513,Mithril Gyro-Shot,AMMO,TRAINER,1000,17,26,65,1
10513,Mithril Gyro-Shot,AMMO,TRAINER,1000,16,26,61,1
10513,Mithril Gyro-Shot,AMMO,TRAINER,200,17,26,65,1
3482,Silvered Bronze Boots,GEAR,TRAINER,1,660,795,83,1
3482,Silvered Bronze Boots,GEAR,TRAINER,1,633,795,79,1
3482,Silvered Bronze Boots,GEAR,TRAINER,1,660,795,83,1
3482,Silvered Bronze Boots,GEAR,TRAINER,1,633,795,79,1
3482,Silvered Bronze Boots,GEAR,TRAINER,1,660,795,83,1
3482,Silvered Bronze Boots,GEAR,TRAINER,1,633,795,79,1
3482,Silvered Bronze Boots,GEAR,TRAINER,1,660,795,83,1
3482,Silvered Bronze Boots,GEAR,TRAINER,1,633,795,79,1
3482,Silvered Bronze Boots,GEAR,TRAINER,1,660,795,83,1
3482,Silvered Bronze Boots,GEAR,TRAINER,1,633,795,79,1
3482,Silvered Bronze Boots,GEAR,TRAINER,1,660,795,83,1
3482,Silvered Bronze Boots,GEAR,TRAINER,1,633,795,79,1
3482,Silvered Bronze Boots,GEAR,TRAINER,1,660,795,83,1
4314,Double-stitched Woolen Shoulders,GEAR,TRAINER,1,1139,1424,79,1
4314,Double-stitched Woolen Shoulders,GEAR,TRAINER,1,1104,1424,77,1
4314,Double-stitched Woolen Shoulders,GEAR,TRAINER,1,1092,1424,76,1
4314,Double-stitched Woolen Shoulders,GEAR,TRAINER,1,1139,1424,79,1
4314,Double-stitched Woolen Shoulders,GEAR,TRAINER,1,1104,1424,77,1
4314,Double-stitched Woolen Shoulders,GEAR,TRAINER,1,1092,1424,76,1
7026,Linen Belt,GEAR,TRAINER,1,108,122,88,1
7026,Linen Belt,GEAR,TRAINER,1,104,122,85,1
7026,Linen Belt,GEAR,TRAINER,1,108,122,88,1
7026,Linen Belt,GEAR,TRAINER,1,104,122,85,1
7026,Linen Belt,GEAR,TRAINER,1,108,122,88,1
7026,Linen Belt,GEAR,TRAINER,1,104,122,85,1
7026,Linen Belt,GEAR,TRAINER,1,108,122,88,1
7026,Linen Belt,GEAR,TRAINER,1,104,122,85,1
7026,Linen Belt,GEAR,TRAINER,1,108,122,88,1
7026,Linen Belt,GEAR,TRAINER,1,104,122,85,1
7026,Linen Belt,GEAR,TRAINER,1,108,122,88,1
7026,Linen Belt,GEAR,TRAINER,1,104,122,85,1
7026,Linen Belt,GEAR,TRAINER,1,108,122,88,1
7026,Linen Belt,GEAR,TRAINER,1,104,122,85,1
10008,White Bandit Mask,GEAR,DROP,1,4961,6023,82,1
10008,White Bandit Mask,GEAR,DROP,1,4861,6023,80,1
10008,White Bandit Mask,GEAR,DROP,1,4763,6023,79,1
10008,White Bandit Mask,GEAR,DROP,1,4715,6023,78,1
10008,White Bandit Mask,GEAR,DROP,1,4961,6023,82,1
10008,White Bandit Mask,GEAR,DROP,1,4861,6023,80,1
10008,White Bandit Mask,GEAR,DROP,1,4763,6023,79,1
10008,White Bandit Mask,GEAR,DROP,1,4715,6023,78,1
9061,Goblin Rocket Fuel,INTERMEDIATE,UNSOURCED,4,9152,3077,297,0
9061,Goblin Rocket Fuel,INTERMEDIATE,UNSOURCED,2,8877,3077,288,0
15407,Cured Rugged Hide,INTERMEDIATE,TRAINER,3,8425,9060,92,1
15407,Cured Rugged Hide,INTERMEDIATE,TRAINER,4,8172,9060,90,1
9999,Black Mageweave Leggings,GEAR,TRAINER,1,6945,9496,73,1
9999,Black Mageweave Leggings,GEAR,TRAINER,1,6875,9496,72,1
9999,Black Mageweave Leggings,GEAR,TRAINER,1,6806,9496,71,1
9999,Black Mageweave Leggings,GEAR,TRAINER,1,6945,9496,73,1
9999,Black Mageweave Leggings,GEAR,TRAINER,1,6875,9496,72,1
9999,Black Mageweave Leggings,GEAR,TRAINER,1,6806,9496,71,1
9999,Black Mageweave Leggings,GEAR,TRAINER,1,6945,9496,73,1
9999,Black Mageweave Leggings,GEAR,TRAINER,1,6875,9496,72,1
9999,Black Mageweave Leggings,GEAR,TRAINER,1,6806,9496,71,1
9999,Black Mageweave Leggings,GEAR,TRAINER,1,6945,9496,73,1
9999,Black Mageweave Leggings,GEAR,TRAINER,1,6875,9496,72,1
9999,Black Mageweave Leggings,GEAR,TRAINER,1,6806,9496,71,1
9999,Black Mageweave Leggings,GEAR,TRAINER,1,6945,9496,73,1
10513,Mithril Gyro-Shot,AMMO,TRAINER,1000,21,26,80,1
10513,Mithril Gyro-Shot,AMMO,TRAINER,400,20,26,76,1
22448,Small Prismatic Shard,INTERMEDIATE,TRAINER,1,1,0,0,1
22448,Small Prismatic Shard,INTERMEDIATE,TRAINER,14,1,0,0,1
2580,Reinforced Linen Cape,GEAR,TRAINER,1,203,254,79,1
2580,Reinforced Linen Cape,GEAR,TRAINER,1,192,254,75,1
2580,Reinforced Linen Cape,GEAR,TRAINER,1,184,254,72,1
2580,Reinforced Linen Cape,GEAR,TRAINER,1,178,254,70,1
2580,Reinforced Linen Cape,GEAR,TRAINER,1,203,254,79,1
2580,Reinforced Linen Cape,GEAR,TRAINER,1,192,254,75,1
2580,Reinforced Linen Cape,GEAR,TRAINER,1,184,254,72,1
2580,Reinforced Linen Cape,GEAR,TRAINER,1,178,254,70,1
2580,Reinforced Linen Cape,GEAR,TRAINER,1,203,254,79,1
2580,Reinforced Linen Cape,GEAR,TRAINER,1,192,254,75,1
2580,Reinforced Linen Cape,GEAR,TRAINER,1,184,254,72,1
2580,Reinforced Linen Cape,GEAR,TRAINER,1,178,254,70,1
2580,Reinforced Linen Cape,GEAR,TRAINER,1,203,254,79,1
2580,Reinforced Linen Cape,GEAR,TRAINER,1,197,254,77,1
2580,Reinforced Linen Cape,GEAR,TRAINER,1,195,254,76,1
2580,Reinforced Linen Cape,GEAR,TRAINER,1,185,254,72,1
2580,Reinforced Linen Cape,GEAR,TRAINER,1,179,254,70,1
2580,Reinforced Linen Cape,GEAR,TRAINER,1,197,254,77,1
2580,Reinforced Linen Cape,GEAR,TRAINER,1,195,254,76,1
2580,Reinforced Linen Cape,GEAR,TRAINER,1,185,254,72,1
2580,Reinforced Linen Cape,GEAR,TRAINER,1,179,254,70,1
2580,Reinforced Linen Cape,GEAR,TRAINER,1,197,254,77,1
2580,Reinforced Linen Cape,GEAR,TRAINER,1,195,254,76,1
2580,Reinforced Linen Cape,GEAR,TRAINER,1,185,254,72,1
2580,Reinforced Linen Cape,GEAR,TRAINER,1,179,254,70,1
2580,Reinforced Linen Cape,GEAR,TRAINER,1,197,254,77,1
2580,Reinforced Linen Cape,GEAR,TRAINER,1,195,254,76,1
2580,Reinforced Linen Cape,GEAR,TRAINER,1,185,254,72,1
14342,Mooncloth,INTERMEDIATE,VENDOR,8,10396,15200,68,1
14342,Mooncloth,INTERMEDIATE,VENDOR,2,9876,15200,64,1
7026,Linen Belt,GEAR,TRAINER,1,123,122,100,1
7026,Linen Belt,GEAR,TRAINER,1,120,122,98,1
7026,Linen Belt,GEAR,TRAINER,1,123,122,100,1
7026,Linen Belt,GEAR,TRAINER,1,120,122,98,1
7026,Linen Belt,GEAR,TRAINER,1,123,122,100,1
7026,Linen Belt,GEAR,TRAINER,1,120,122,98,1
7026,Linen Belt,GEAR,TRAINER,1,123,122,100,1
7026,Linen Belt,GEAR,TRAINER,1,120,122,98,1
7026,Linen Belt,GEAR,TRAINER,1,123,122,100,1
7026,Linen Belt,GEAR,TRAINER,1,120,122,98,1
13423,Stonescale Oil,INTERMEDIATE,TRAINER,3,81,102,79,1
13423,Stonescale Oil,INTERMEDIATE,TRAINER,4,79,102,77,1
6051,Holy Protection Potion,ELIXIR_POT,VENDOR,5,140,191,73,1
6051,Holy Protection Potion,ELIXIR_POT,VENDOR,5,138,191,72,1
6051,Holy Protection Potion,ELIXIR_POT,VENDOR,3,140,191,73,1
10053,Simple Black Dress,GEAR,TRAINER,1,13690,15019,91,1
10053,Simple Black Dress,GEAR,TRAINER,1,13416,15019,89,1
10053,Simple Black Dress,GEAR,TRAINER,1,13690,15019,91,1
10053,Simple Black Dress,GEAR,TRAINER,1,13416,15019,89,1
10053,Simple Black Dress,GEAR,TRAINER,1,13690,15019,91,1
10053,Simple Black Dress,GEAR,TRAINER,1,13416,15019,89,1
10053,Simple Black Dress,GEAR,TRAINER,1,13690,15019,91,1
10053,Simple Black Dress,GEAR,TRAINER,1,13416,15019,89,1
10053,Simple Black Dress,GEAR,TRAINER,1,13690,15019,91,1
13423,Stonescale Oil,INTERMEDIATE,TRAINER,5,91,102,89,1
10512,Hi-Impact Mithril Slugs,AMMO,TRAINER,1000,8,13,61,1
10512,Hi-Impact Mithril Slugs,AMMO,TRAINER,200,7,13,53,1
4339,Bolt of Mageweave,INTERMEDIATE,TRAINER,4,3762,5050,74,1
4339,Bolt of Mageweave,INTERMEDIATE,TRAINER,11,3573,5050,70,1
10008,White Bandit Mask,GEAR,DROP,1,4549,6023,75,1
10008,White Bandit Mask,GEAR,DROP,1,4321,6023,71,1
10008,White Bandit Mask,GEAR,DROP,1,4277,6023,71,1
10008,White Bandit Mask,GEAR,DROP,1,4549,6023,75,1
10008,White Bandit Mask,GEAR,DROP,1,4321,6023,71,1
10008,White Bandit Mask,GEAR,DROP,1,4277,6023,71,1
10008,White Bandit Mask,GEAR,DROP,1,4549,6023,75,1
10008,White Bandit Mask,GEAR,DROP,1,4321,6023,71,1
10008,White Bandit Mask,GEAR,DROP,1,4277,6023,71,1
10512,Hi-Impact Mithril Slugs,AMMO,TRAINER,1000,11,13,84,1
10512,Hi-Impact Mithril Slugs,AMMO,TRAINER,1000,10,13,76,1
15869,Silver Skeleton Key,MISC,TRAINER,10,112,159,70,1
2458,Elixir of Minor Fortitude,ELIXIR_POT,TRAINER,9,249,207,120,0
5966,Guardian Gloves,GEAR,TRAINER,1,2778,4183,66,1
5966,Guardian Gloves,GEAR,TRAINER,1,2639,4183,63,1
5966,Guardian Gloves,GEAR,TRAINER,1,2509,4183,59,1
5966,Guardian Gloves,GEAR,TRAINER,1,2509,4183,59,1
5966,Guardian Gloves,GEAR,TRAINER,1,2778,4183,66,1
5966,Guardian Gloves,GEAR,TRAINER,1,2639,4183,63,1
5966,Guardian Gloves,GEAR,TRAINER,1,2509,4183,59,1
5966,Guardian Gloves,GEAR,TRAINER,1,2509,4183,59,1
8172,Cured Thick Hide,INTERMEDIATE,TRAINER,8,3759,4545,82,1
8172,Cured Thick Hide,INTERMEDIATE,TRAINER,4,3721,4545,81,1
6239,Red Linen Vest,GEAR,DROP,1,326,396,82,1
6239,Red Linen Vest,GEAR,DROP,1,309,396,78,1
6239,Red Linen Vest,GEAR,DROP,1,326,396,82,1
6239,Red Linen Vest,GEAR,DROP,1,309,396,78,1
6239,Red Linen Vest,GEAR,DROP,1,326,396,82,1
6239,Red Linen Vest,GEAR,DROP,1,309,396,78,1
6239,Red Linen Vest,GEAR,DROP,1,326,396,82,1
6787,White Woolen Dress,GEAR,TRAINER,1,1122,1424,78,1
6787,White Woolen Dress,GEAR,TRAINER,1,1110,1424,77,1
6787,White Woolen Dress,GEAR,TRAINER,1,1087,1424,76,1
6787,White Woolen Dress,GEAR,TRAINER,1,1065,1424,74,1
6787,White Woolen Dress,GEAR,TRAINER,1,1122,1424,78,1
6787,White Woolen Dress,GEAR,TRAINER,1,1110,1424,77,1
6787,White Woolen Dress,GEAR,TRAINER,1,1087,1424,76,1
6787,White Woolen Dress,GEAR,TRAINER,1,1065,1424,74,1
6787,White Woolen Dress,GEAR,TRAINER,1,1122,1424,78,1
6787,White Woolen Dress,GEAR,TRAINER,1,1110,1424,77,1
6787,White Woolen Dress,GEAR,TRAINER,1,1087,1424,76,1
6662,Elixir of Giant Growth,ELIXIR_POT,DROP,5,106,108,98,1
6662,Elixir of Giant Growth,ELIXIR_POT,DROP,8,103,108,95,1
10512,Hi-Impact Mithril Slugs,AMMO,TRAINER,1000,10,13,76,1
3391,Elixir of Ogre's Strength,ELIXIR_POT,DROP,9,213,237,89,1
7053,Azure Silk Cloak,GEAR,VENDOR,1,5193,7428,69,1
7053,Azure Silk Cloak,GEAR,VENDOR,1,5089,7428,68,1
7053,Azure Silk Cloak,GEAR,VENDOR,1,4834,7428,65,1
7053,Azure Silk Cloak,GEAR,VENDOR,1,4737,7428,63,1
7053,Azure Silk Cloak,GEAR,VENDOR,1,5193,7428,69,1
7053,Azure Silk Cloak,GEAR,VENDOR,1,5089,7428,68,1
7053,Azure Silk Cloak,GEAR,VENDOR,1,4834,7428,65,1
7053,Azure Silk Cloak,GEAR,VENDOR,1,4737,7428,63,1
7053,Azure Silk Cloak,GEAR,VENDOR,1,5193,7428,69,1
7053,Azure Silk Cloak,GEAR,VENDOR,1,5089,7428,68,1
7053,Azure Silk Cloak,GEAR,VENDOR,1,4834,7428,65,1
8170,Rugged Leather,INTERMEDIATE,TRAINER,2,5823,7128,81,1
8170,Rugged Leather,INTERMEDIATE,TRAINER,11,5648,7128,79,1
18662,Heavy Leather Ball,MISC,VENDOR,5,1074,1312,81,1
18662,Heavy Leather Ball,MISC,VENDOR,3,1031,1312,78,1
10512,Hi-Impact Mithril Slugs,AMMO,TRAINER,1000,10,13,76,1
10512,Hi-Impact Mithril Slugs,AMMO,TRAINER,1000,9,13,69,1
10512,Hi-Impact Mithril Slugs,AMMO,TRAINER,1000,8,13,61,1
13506,Potion of Petrification,ELIXIR_POT,DROP,5,488,607,80,1
13506,Potion of Petrification,ELIXIR_POT,DROP,5,473,607,77,1
13506,Potion of Petrification,ELIXIR_POT,DROP,18,454,607,74,1
13423,Stonescale Oil,INTERMEDIATE,TRAINER,8,95,102,93,1
13423,Stonescale Oil,INTERMEDIATE,TRAINER,7,94,102,92,1
2584,Woolen Cape,GEAR,TRAINER,1,415,508,81,1
2584,Woolen Cape,GEAR,TRAINER,1,402,508,79,1
2584,Woolen Cape,GEAR,TRAINER,1,397,508,78,1
2584,Woolen Cape,GEAR,TRAINER,1,389,508,76,1
2584,Woolen Cape,GEAR,TRAINER,1,415,508,81,1
2584,Woolen Cape,GEAR,TRAINER,1,402,508,79,1
2584,Woolen Cape,GEAR,TRAINER,1,397,508,78,1
2584,Woolen Cape,GEAR,TRAINER,1,389,508,76,1
2584,Woolen Cape,GEAR,TRAINER,1,415,508,81,1
2584,Woolen Cape,GEAR,TRAINER,1,402,508,79,1
2584,Woolen Cape,GEAR,TRAINER,1,397,508,78,1
2584,Woolen Cape,GEAR,TRAINER,1,389,508,76,1
2584,Woolen Cape,GEAR,TRAINER,1,415,508,81,1
2584,Woolen Cape,GEAR,TRAINER,1,402,508,79,1
2584,Woolen Cape,GEAR,TRAINER,1,397,508,78,1
8172,Cured Thick Hide,INTERMEDIATE,TRAINER,4,3803,4545,83,1
8172,Cured Thick Hide,INTERMEDIATE,TRAINER,1,3688,4545,81,1
2577,Blue Linen Shirt,GEAR,TRAINER,1,209,284,73,1
2577,Blue Linen Shirt,GEAR,TRAINER,1,204,284,71,1
2577,Blue Linen Shirt,GEAR,TRAINER,1,197,284,69,1
2577,Blue Linen Shirt,GEAR,TRAINER,1,209,284,73,1
2577,Blue Linen Shirt,GEAR,TRAINER,1,204,284,71,1
2577,Blue Linen Shirt,GEAR,TRAINER,1,197,284,69,1
2577,Blue Linen Shirt,GEAR,TRAINER,1,209,284,73,1
2577,Blue Linen Shirt,GEAR,TRAINER,1,204,284,71,1
2577,Blue Linen Shirt,GEAR,TRAINER,1,197,284,69,1
2577,Blue Linen Shirt,GEAR,TRAINER,1,209,284,73,1
2577,Blue Linen Shirt,GEAR,TRAINER,1,204,284,71,1
22448,Small Prismatic Shard,INTERMEDIATE,TRAINER,20,1,0,0,1
22448,Small Prismatic Shard,INTERMEDIATE,TRAINER,1,1,0,0,1
6836,Dress Shoes,GEAR,VENDOR,1,15153,18368,82,1
6836,Dress Shoes,GEAR,VENDOR,1,14698,18368,80,1
6836,Dress Shoes,GEAR,VENDOR,1,15153,18368,82,1
6836,Dress Shoes,GEAR,VENDOR,1,14698,18368,80,1
6836,Dress Shoes,GEAR,VENDOR,1,15153,18368,82,1
6836,Dress Shoes,GEAR,VENDOR,1,14698,18368,80,1
6836,Dress Shoes,GEAR,VENDOR,1,15153,18368,82,1
6836,Dress Shoes,GEAR,VENDOR,1,14698,18368,80,1
6836,Dress Shoes,GEAR,VENDOR,1,15153,18368,82,1
6836,Dress Shoes,GEAR,VENDOR,1,14698,18368,80,1
6836,Dress Shoes,GEAR,VENDOR,1,15153,18368,82,1
6836,Dress Shoes,GEAR,VENDOR,1,14698,18368,80,1
6836,Dress Shoes,GEAR,VENDOR,1,15153,18368,82,1
13506,Potion of Petrification,ELIXIR_POT,DROP,20,483,607,79,1
13506,Potion of Petrification,ELIXIR_POT,DROP,2,468,607,77,1
10512,Hi-Impact Mithril Slugs,AMMO,TRAINER,1000,10,13,76,1
10512,Hi-Impact Mithril Slugs,AMMO,TRAINER,600,9,13,69,1
7281,Light Leather Bracers,GEAR,TRAINER,1,522,598,87,1
7281,Light Leather Bracers,GEAR,TRAINER,1,501,598,83,1
7281,Light Leather Bracers,GEAR,TRAINER,1,522,598,87,1
7281,Light Leather Bracers,GEAR,TRAINER,1,501,598,83,1
7281,Light Leather Bracers,GEAR,TRAINER,1,522,598,87,1
7281,Light Leather Bracers,GEAR,TRAINER,1,501,598,83,1
7281,Light Leather Bracers,GEAR,TRAINER,1,522,598,87,1
7281,Light Leather Bracers,GEAR,TRAINER,1,501,598,83,1
7281,Light Leather Bracers,GEAR,TRAINER,1,522,598,87,1
7281,Light Leather Bracers,GEAR,TRAINER,1,501,598,83,1
7281,Light Leather Bracers,GEAR,TRAINER,1,522,598,87,1
4312,Soft-soled Linen Boots,GEAR,TRAINER,1,690,846,81,1
4312,Soft-soled Linen Boots,GEAR,TRAINER,1,669,846,79,1
4312,Soft-soled Linen Boots,GEAR,TRAINER,1,635,846,75,1
4312,Soft-soled Linen Boots,GEAR,TRAINER,1,690,846,81,1
4312,Soft-soled Linen Boots,GEAR,TRAINER,1,669,846,79,1
4312,Soft-soled Linen Boots,GEAR,TRAINER,1,635,846,75,1
4312,Soft-soled Linen Boots,GEAR,TRAINER,1,690,846,81,1
4312,Soft-soled Linen Boots,GEAR,TRAINER,1,669,846,79,1
4312,Soft-soled Linen Boots,GEAR,TRAINER,1,635,846,75,1
4312,Soft-soled Linen Boots,GEAR,TRAINER,1,690,846,81,1
4312,Soft-soled Linen Boots,GEAR,TRAINER,1,669,846,79,1
4312,Soft-soled Linen Boots,GEAR,TRAINER,1,635,846,75,1
2865,Rough Bronze Leggings,GEAR,TRAINER,1,269,372,72,1
2865,Rough Bronze Leggings,GEAR,TRAINER,1,255,372,68,1
2865,Rough Bronze Leggings,GEAR,TRAINER,1,242,372,65,1
2865,Rough Bronze Leggings,GEAR,TRAINER,1,232,372,62,1
2865,Rough Bronze Leggings,GEAR,TRAINER,1,269,372,72,1
2865,Rough Bronze Leggings,GEAR,TRAINER,1,255,372,68,1
2865,Rough Bronze Leggings,GEAR,TRAINER,1,242,372,65,1
2865,Rough Bronze Leggings,GEAR,TRAINER,1,232,372,62,1
2865,Rough Bronze Leggings,GEAR,TRAINER,1,269,372,72,1
2865,Rough Bronze Leggings,GEAR,TRAINER,1,255,372,68,1
5478,Dig Rat Stew,FOOD,UNSOURCED,5,1,0,0,1
5478,Dig Rat Stew,FOOD,UNSOURCED,5,1,0,0,1
5478,Dig Rat Stew,FOOD,UNSOURCED,12,1,0,0,1
14342,Mooncloth,INTERMEDIATE,VENDOR,3,11065,15200,72,1
14342,Mooncloth,INTERMEDIATE,VENDOR,8,10622,15200,69,1
22448,Small Prismatic Shard,INTERMEDIATE,TRAINER,20,1,0,0,1
22448,Small Prismatic Shard,INTERMEDIATE,TRAINER,1,1,0,0,1
7965,Solid Weightstone,MISC,TRAINER,5,1001,1182,84,1
4265,Heavy Armor Kit,MISC,TRAINER,10,2677,3130,85,1
4265,Heavy Armor Kit,MISC,TRAINER,1,2596,3130,82,1
13423,Stonescale Oil,INTERMEDIATE,TRAINER,6,83,102,81,1
13423,Stonescale Oil,INTERMEDIATE,TRAINER,2,78,102,76,1
5478,Dig Rat Stew,FOOD,UNSOURCED,5,1,0,0,1
5478,Dig Rat Stew,FOOD,UNSOURCED,5,1,0,0,1
5478,Dig Rat Stew,FOOD,UNSOURCED,2,1,0,0,1
6051,Holy Protection Potion,ELIXIR_POT,VENDOR,10,149,191,78,1
22448,Small Prismatic Shard,INTERMEDIATE,TRAINER,20,1,0,0,1
22448,Small Prismatic Shard,INTERMEDIATE,TRAINER,3,1,0,0,1
22448,Small Prismatic Shard,INTERMEDIATE,TRAINER,7,1,0,0,1
10008,White Bandit Mask,GEAR,DROP,1,5426,6023,90,1
10008,White Bandit Mask,GEAR,DROP,1,5317,6023,88,1
10008,White Bandit Mask,GEAR,DROP,1,5426,6023,90,1
10008,White Bandit Mask,GEAR,DROP,1,5317,6023,88,1
10008,White Bandit Mask,GEAR,DROP,1,5426,6023,90,1
10008,White Bandit Mask,GEAR,DROP,1,5317,6023,88,1
22448,Small Prismatic Shard,INTERMEDIATE,TRAINER,20,1,0,0,1
22448,Small Prismatic Shard,INTERMEDIATE,TRAINER,1,1,0,0,1
22448,Small Prismatic Shard,INTERMEDIATE,TRAINER,6,1,0,0,1
6662,Elixir of Giant Growth,ELIXIR_POT,DROP,5,91,108,84,1
22573,Mote of Earth,INTERMEDIATE,TRAINER,10,2585,3200,80,1
22573,Mote of Earth,INTERMEDIATE,TRAINER,10,2481,3200,77,1
22573,Mote of Earth,INTERMEDIATE,TRAINER,10,2431,3200,75,1
22573,Mote of Earth,INTERMEDIATE,TRAINER,10,2585,3200,80,1
22573,Mote of Earth,INTERMEDIATE,TRAINER,10,2481,3200,77,1
22573,Mote of Earth,INTERMEDIATE,TRAINER,10,2431,3200,75,1
22573,Mote of Earth,INTERMEDIATE,TRAINER,10,2585,3200,80,1
22573,Mote of Earth,INTERMEDIATE,TRAINER,10,2481,3200,77,1
22573,Mote of Earth,INTERMEDIATE,TRAINER,10,2431,3200,75,1
22573,Mote of Earth,INTERMEDIATE,TRAINER,10,2585,3200,80,1
22573,Mote of Earth,INTERMEDIATE,TRAINER,10,2481,3200,77,1
22573,Mote of Earth,INTERMEDIATE,TRAINER,10,2431,3200,75,1
22573,Mote of Earth,INTERMEDIATE,TRAINER,10,2585,3200,80,1
22573,Mote of Earth,INTERMEDIATE,TRAINER,10,2481,3200,77,1
22573,Mote of Earth,INTERMEDIATE,TRAINER,2,2431,3200,75,1
22573,Mote of Earth,INTERMEDIATE,TRAINER,8,2585,3200,80,1
4246,Fine Leather Belt,GEAR,TRAINER,1,486,578,84,1
4246,Fine Leather Belt,GEAR,TRAINER,1,476,578,82,1
4246,Fine Leather Belt,GEAR,TRAINER,1,461,578,79,1
4246,Fine Leather Belt,GEAR,TRAINER,1,486,578,84,1
4246,Fine Leather Belt,GEAR,TRAINER,1,476,578,82,1
4246,Fine Leather Belt,GEAR,TRAINER,1,461,578,79,1
4246,Fine Leather Belt,GEAR,TRAINER,1,486,578,84,1
4246,Fine Leather Belt,GEAR,TRAINER,1,476,578,82,1
6051,Holy Protection Potion,ELIXIR_POT,VENDOR,5,173,191,90,1
2580,Reinforced Linen Cape,GEAR,TRAINER,1,196,254,77,1
2580,Reinforced Linen Cape,GEAR,TRAINER,1,186,254,73,1
2580,Reinforced Linen Cape,GEAR,TRAINER,1,176,254,69,1
2580,Reinforced Linen Cape,GEAR,TRAINER,1,174,254,68,1
2580,Reinforced Linen Cape,GEAR,TRAINER,1,196,254,77,1
2580,Reinforced Linen Cape,GEAR,TRAINER,1,186,254,73,1
2580,Reinforced Linen Cape,GEAR,TRAINER,1,176,254,69,1
2580,Reinforced Linen Cape,GEAR,TRAINER,1,174,254,68,1
2580,Reinforced Linen Cape,GEAR,TRAINER,1,196,254,77,1
2580,Reinforced Linen Cape,GEAR,TRAINER,1,186,254,73,1
2580,Reinforced Linen Cape,GEAR,TRAINER,1,176,254,69,1
2580,Reinforced Linen Cape,GEAR,TRAINER,1,174,254,68,1
2580,Reinforced Linen Cape,GEAR,TRAINER,1,196,254,77,1
2580,Reinforced Linen Cape,GEAR,TRAINER,1,186,254,73,1
8068,Crafted Heavy Shot,AMMO,TRAINER,1000,1,0,0,1
13423,Stonescale Oil,INTERMEDIATE,TRAINER,1,69,102,67,1
13423,Stonescale Oil,INTERMEDIATE,TRAINER,5,66,102,64,1
6051,Holy Protection Potion,ELIXIR_POT,VENDOR,11,150,191,78,1
14103,Brightcloth Cloak,GEAR,TRAINER,1,47680,54060,88,1
14103,Brightcloth Cloak,GEAR,TRAINER,1,45296,54060,83,1
14103,Brightcloth Cloak,GEAR,TRAINER,1,43031,54060,79,1
14103,Brightcloth Cloak,GEAR,TRAINER,1,47680,54060,88,1
14103,Brightcloth Cloak,GEAR,TRAINER,1,45296,54060,83,1
14103,Brightcloth Cloak,GEAR,TRAINER,1,43031,54060,79,1
15869,Silver Skeleton Key,MISC,TRAINER,20,125,159,78,1
15869,Silver Skeleton Key,MISC,TRAINER,8,122,159,76,1
15997,Thorium Shells,AMMO,TRAINER,1000,17,22,77,1
15997,Thorium Shells,AMMO,TRAINER,1000,16,22,72,1
15997,Thorium Shells,AMMO,TRAINER,200,17,22,77,1
5966,Guardian Gloves,GEAR,TRAINER,1,3346,4183,79,1
5966,Guardian Gloves,GEAR,TRAINER,1,3279,4183,78,1
5966,Guardian Gloves,GEAR,TRAINER,1,3180,4183,76,1
5966,Guardian Gloves,GEAR,TRAINER,1,3346,4183,79,1
5966,Guardian Gloves,GEAR,TRAINER,1,3279,4183,78,1
5966,Guardian Gloves,GEAR,TRAINER,1,3180,4183,76,1
5966,Guardian Gloves,GEAR,TRAINER,1,3346,4183,79,1
5966,Guardian Gloves,GEAR,TRAINER,1,3279,4183,78,1
5966,Guardian Gloves,GEAR,TRAINER,1,3180,4183,76,1
5966,Guardian Gloves,GEAR,TRAINER,1,3346,4183,79,1
5966,Guardian Gloves,GEAR,TRAINER,1,3279,4183,78,1
5966,Guardian Gloves,GEAR,TRAINER,1,3180,4183,76,1
5966,Guardian Gloves,GEAR,TRAINER,1,3346,4183,79,1
5966,Guardian Gloves,GEAR,TRAINER,1,3279,4183,78,1
5966,Guardian Gloves,GEAR,TRAINER,1,3180,4183,76,1
10512,Hi-Impact Mithril Slugs,AMMO,TRAINER,1000,11,13,84,1
10512,Hi-Impact Mithril Slugs,AMMO,TRAINER,200,10,13,76,1
13445,Elixir of Superior Defense,ELIXIR_POT,VENDOR,5,848,1064,79,1
13445,Elixir of Superior Defense,ELIXIR_POT,VENDOR,5,805,1064,75,1
13445,Elixir of Superior Defense,ELIXIR_POT,VENDOR,2,848,1064,79,1
2857,Runed Copper Belt,GEAR,TRAINER,1,161,200,80,1
2857,Runed Copper Belt,GEAR,TRAINER,1,154,200,77,1
2857,Runed Copper Belt,GEAR,TRAINER,1,161,200,80,1
2857,Runed Copper Belt,GEAR,TRAINER,1,154,200,77,1
2857,Runed Copper Belt,GEAR,TRAINER,1,161,200,80,1
2857,Runed Copper Belt,GEAR,TRAINER,1,154,200,77,1
2857,Runed Copper Belt,GEAR,TRAINER,1,161,200,80,1
2857,Runed Copper Belt,GEAR,TRAINER,1,154,200,77,1
2857,Runed Copper Belt,GEAR,TRAINER,1,161,200,80,1
2857,Runed Copper Belt,GEAR,TRAINER,1,154,200,77,1
2857,Runed Copper Belt,GEAR,TRAINER,1,161,200,80,1
2857,Runed Copper Belt,GEAR,TRAINER,1,154,200,77,1
2857,Runed Copper Belt,GEAR,TRAINER,1,161,200,80,1
2841,Bronze Bar,INTERMEDIATE,TRAINER,20,63,62,101,1
2841,Bronze Bar,INTERMEDIATE,TRAINER,1,60,62,96,1
2841,Bronze Bar,INTERMEDIATE,TRAINER,1,63,62,101,1
14342,Mooncloth,INTERMEDIATE,VENDOR,2,13594,15200,89,1
14342,Mooncloth,INTERMEDIATE,VENDOR,5,13186,15200,86,1
20002,Greater Dreamless Sleep Potion,ELIXIR_POT,VENDOR,5,1367,1708,80,1
20002,Greater Dreamless Sleep Potion,ELIXIR_POT,VENDOR,3,1312,1708,76,1
4330,Stylish Red Shirt,GEAR,TRAINER,1,1257,1424,88,1
4330,Stylish Red Shirt,GEAR,TRAINER,1,1231,1424,86,1
4330,Stylish Red Shirt,GEAR,TRAINER,1,1194,1424,83,1
4330,Stylish Red Shirt,GEAR,TRAINER,1,1257,1424,88,1
4330,Stylish Red Shirt,GEAR,TRAINER,1,1231,1424,86,1
2868,Patterned Bronze Bracers,GEAR,TRAINER,1,330,430,76,1
2868,Patterned Bronze Bracers,GEAR,TRAINER,1,313,430,72,1
2868,Patterned Bronze Bracers,GEAR,TRAINER,1,330,430,76,1
2868,Patterned Bronze Bracers,GEAR,TRAINER,1,313,430,72,1
2868,Patterned Bronze Bracers,GEAR,TRAINER,1,330,430,76,1
2868,Patterned Bronze Bracers,GEAR,TRAINER,1,313,430,72,1
2868,Patterned Bronze Bracers,GEAR,TRAINER,1,330,430,76,1
2868,Patterned Bronze Bracers,GEAR,TRAINER,1,313,430,72,1
2868,Patterned Bronze Bracers,GEAR,TRAINER,1,330,430,76,1
2868,Patterned Bronze Bracers,GEAR,TRAINER,1,313,430,72,1
15053,Volcanic Breastplate,GEAR,DROP,1,21194,28136,75,1
15053,Volcanic Breastplate,GEAR,DROP,1,20558,28136,73,1
15053,Volcanic Breastplate,GEAR,DROP,1,20352,28136,72,1
15053,Volcanic Breastplate,GEAR,DROP,1,19944,28136,70,1
15053,Volcanic Breastplate,GEAR,DROP,1,21194,28136,75,1
15053,Volcanic Breastplate,GEAR,DROP,1,20558,28136,73,1
15053,Volcanic Breastplate,GEAR,DROP,1,20352,28136,72,1
15053,Volcanic Breastplate,GEAR,DROP,1,19944,28136,70,1
15053,Volcanic Breastplate,GEAR,DROP,1,21194,28136,75,1
15053,Volcanic Breastplate,GEAR,DROP,1,20558,28136,73,1
15053,Volcanic Breastplate,GEAR,DROP,1,20352,28136,72,1
15053,Volcanic Breastplate,GEAR,DROP,1,19944,28136,70,1
15053,Volcanic Breastplate,GEAR,DROP,1,21194,28136,75,1
15053,Volcanic Breastplate,GEAR,DROP,1,20558,28136,73,1
15053,Volcanic Breastplate,GEAR,DROP,1,20352,28136,72,1
13423,Stonescale Oil,INTERMEDIATE,TRAINER,1,76,102,74,1
13423,Stonescale Oil,INTERMEDIATE,TRAINER,9,75,102,73,1
14342,Mooncloth,INTERMEDIATE,VENDOR,8,14418,15200,94,1
14342,Mooncloth,INTERMEDIATE,VENDOR,7,13841,15200,91,1
10008,White Bandit Mask,GEAR,DROP,1,5023,6023,83,1
10008,White Bandit Mask,GEAR,DROP,1,4771,6023,79,1
10008,White Bandit Mask,GEAR,DROP,1,4723,6023,78,1
10008,White Bandit Mask,GEAR,DROP,1,5023,6023,83,1
10008,White Bandit Mask,GEAR,DROP,1,4771,6023,79,1
10008,White Bandit Mask,GEAR,DROP,1,4723,6023,78,1
10008,White Bandit Mask,GEAR,DROP,1,5023,6023,83,1
10008,White Bandit Mask,GEAR,DROP,1,4771,6023,79,1
10008,White Bandit Mask,GEAR,DROP,1,4723,6023,78,1
10008,White Bandit Mask,GEAR,DROP,1,5023,6023,83,1
4312,Soft-soled Linen Boots,GEAR,TRAINER,1,819,846,96,1
4312,Soft-soled Linen Boots,GEAR,TRAINER,1,778,846,91,1
4312,Soft-soled Linen Boots,GEAR,TRAINER,1,819,846,96,1
4312,Soft-soled Linen Boots,GEAR,TRAINER,1,778,846,91,1
4312,Soft-soled Linen Boots,GEAR,TRAINER,1,819,846,96,1
4312,Soft-soled Linen Boots,GEAR,TRAINER,1,778,846,91,1
4312,Soft-soled Linen Boots,GEAR,TRAINER,1,819,846,96,1
4312,Soft-soled Linen Boots,GEAR,TRAINER,1,778,846,91,1
4312,Soft-soled Linen Boots,GEAR,TRAINER,1,819,846,96,1
10513,Mithril Gyro-Shot,AMMO,TRAINER,1000,23,26,88,1
10513,Mithril Gyro-Shot,AMMO,TRAINER,1000,21,26,80,1
10513,Mithril Gyro-Shot,AMMO,TRAINER,400,20,26,76,1
6662,Elixir of Giant Growth,ELIXIR_POT,DROP,5,90,108,83,1
8068,Crafted Heavy Shot,AMMO,TRAINER,1000,1,0,0,1
8068,Crafted Heavy Shot,AMMO,TRAINER,800,1,0,0,1
13423,Stonescale Oil,INTERMEDIATE,TRAINER,3,91,102,89,1
13423,Stonescale Oil,INTERMEDIATE,TRAINER,6,88,102,86,1
13423,Stonescale Oil,INTERMEDIATE,TRAINER,7,92,102,90,1
13423,Stonescale Oil,INTERMEDIATE,TRAINER,3,89,102,87,1
22448,Small Prismatic Shard,INTERMEDIATE,TRAINER,20,1,0,0,1
22448,Small Prismatic Shard,INTERMEDIATE,TRAINER,1,1,0,0,1
22448,Small Prismatic Shard,INTERMEDIATE,TRAINER,9,1,0,0,1
22448,Small Prismatic Shard,INTERMEDIATE,TRAINER,9,1,0,0,1
2868,Patterned Bronze Bracers,GEAR,TRAINER,1,422,430,98,1
2868,Patterned Bronze Bracers,GEAR,TRAINER,1,405,430,94,1
2868,Patterned Bronze Bracers,GEAR,TRAINER,1,384,430,89,1
2868,Patterned Bronze Bracers,GEAR,TRAINER,1,422,430,98,1
2868,Patterned Bronze Bracers,GEAR,TRAINER,1,405,430,94,1
2868,Patterned Bronze Bracers,GEAR,TRAINER,1,384,430,89,1
2868,Patterned Bronze Bracers,GEAR,TRAINER,1,422,430,98,1
2868,Patterned Bronze Bracers,GEAR,TRAINER,1,405,430,94,1
2868,Patterned Bronze Bracers,GEAR,TRAINER,1,384,430,89,1
2841,Bronze Bar,INTERMEDIATE,TRAINER,20,60,62,96,1
2841,Bronze Bar,INTERMEDIATE,TRAINER,1,58,62,93,1
2841,Bronze Bar,INTERMEDIATE,TRAINER,3,60,62,96,1
2997,Bolt of Woolen Cloth,INTERMEDIATE,TRAINER,13,331,408,81,1
2997,Bolt of Woolen Cloth,INTERMEDIATE,TRAINER,2,317,408,77,1
22448,Small Prismatic Shard,INTERMEDIATE,TRAINER,20,1,0,0,1
22448,Small Prismatic Shard,INTERMEDIATE,TRAINER,10,1,0,0,1
22448,Small Prismatic Shard,INTERMEDIATE,TRAINER,9,1,0,0,1
2840,Copper Bar,INTERMEDIATE,UNSOURCED,5,16,20,80,1
2840,Copper Bar,INTERMEDIATE,UNSOURCED,1,15,20,75,1
22448,Small Prismatic Shard,INTERMEDIATE,TRAINER,7,1,0,0,1
22448,Small Prismatic Shard,INTERMEDIATE,TRAINER,11,1,0,0,1
14342,Mooncloth,INTERMEDIATE,VENDOR,6,13911,15200,91,1
14342,Mooncloth,INTERMEDIATE,VENDOR,5,13215,15200,86,1
10008,White Bandit Mask,GEAR,DROP,1,4390,6023,72,1
10008,White Bandit Mask,GEAR,DROP,1,4214,6023,69,1
10008,White Bandit Mask,GEAR,DROP,1,4087,6023,67,1
10008,White Bandit Mask,GEAR,DROP,1,3882,6023,64,1
10008,White Bandit Mask,GEAR,DROP,1,4390,6023,72,1
10008,White Bandit Mask,GEAR,DROP,1,4214,6023,69,1
10008,White Bandit Mask,GEAR,DROP,1,4087,6023,67,1
10008,White Bandit Mask,GEAR,DROP,1,3882,6023,64,1
10008,White Bandit Mask,GEAR,DROP,1,4390,6023,72,1
10008,White Bandit Mask,GEAR,DROP,1,4214,6023,69,1
10008,White Bandit Mask,GEAR,DROP,1,4087,6023,67,1
10008,White Bandit Mask,GEAR,DROP,1,3882,6023,64,1
10008,White Bandit Mask,GEAR,DROP,1,4390,6023,72,1
2842,Silver Bar,INTERMEDIATE,TRAINER,6,226,303,74,1
2842,Silver Bar,INTERMEDIATE,TRAINER,4,214,303,70,1
13506,Potion of Petrification,ELIXIR_POT,DROP,10,449,607,73,1
22448,Small Prismatic Shard,INTERMEDIATE,TRAINER,20,1,0,0,1
22448,Small Prismatic Shard,INTERMEDIATE,TRAINER,1,1,0,0,1
10512,Hi-Impact Mithril Slugs,AMMO,TRAINER,1000,10,13,76,1
10512,Hi-Impact Mithril Slugs,AMMO,TRAINER,800,9,13,69,1
22448,Small Prismatic Shard,INTERMEDIATE,TRAINER,20,1,0,0,1
22448,Small Prismatic Shard,INTERMEDIATE,TRAINER,17,1,0,0,1
22448,Small Prismatic Shard,INTERMEDIATE,TRAINER,2,1,0,0,1
2867,Rough Bronze Bracers,GEAR,UNSOURCED,1,195,248,78,1
2867,Rough Bronze Bracers,GEAR,UNSOURCED,1,189,248,76,1
2867,Rough Bronze Bracers,GEAR,UNSOURCED,1,183,248,73,1
2867,Rough Bronze Bracers,GEAR,UNSOURCED,1,195,248,78,1
2867,Rough Bronze Bracers,GEAR,UNSOURCED,1,189,248,76,1
2867,Rough Bronze Bracers,GEAR,UNSOURCED,1,183,248,73,1
2867,Rough Bronze Bracers,GEAR,UNSOURCED,1,195,248,78,1
2867,Rough Bronze Bracers,GEAR,UNSOURCED,1,189,248,76,1
2867,Rough Bronze Bracers,GEAR,UNSOURCED,1,183,248,73,1
2867,Rough Bronze Bracers,GEAR,UNSOURCED,1,195,248,78,1
2867,Rough Bronze Bracers,GEAR,UNSOURCED,1,189,248,76,1
2867,Rough Bronze Bracers,GEAR,UNSOURCED,1,183,248,73,1
13506,Potion of Petrification,ELIXIR_POT,DROP,5,488,607,80,1
13506,Potion of Petrification,ELIXIR_POT,DROP,5,478,607,78,1
13506,Potion of Petrification,ELIXIR_POT,DROP,5,458,607,75,1
13506,Potion of Petrification,ELIXIR_POT,DROP,3,488,607,80,1
12404,Dense Sharpening Stone,MISC,TRAINER,14,1162,1440,80,1
10056,Orange Mageweave Shirt,GEAR,TRAINER,1,4898,6998,69,1
10056,Orange Mageweave Shirt,GEAR,TRAINER,1,4751,6998,67,1
10056,Orange Mageweave Shirt,GEAR,TRAINER,1,4655,6998,66,1
10056,Orange Mageweave Shirt,GEAR,TRAINER,1,4898,6998,69,1
10056,Orange Mageweave Shirt,GEAR,TRAINER,1,4751,6998,67,1
10056,Orange Mageweave Shirt,GEAR,TRAINER,1,4655,6998,66,1
10056,Orange Mageweave Shirt,GEAR,TRAINER,1,4898,6998,69,1
10056,Orange Mageweave Shirt,GEAR,TRAINER,1,4751,6998,67,1
10056,Orange Mageweave Shirt,GEAR,TRAINER,1,4655,6998,66,1
8067,Crafted Light Shot,AMMO,UNSOURCED,1000,1,0,0,1
8067,Crafted Light Shot,AMMO,UNSOURCED,1000,1,0,0,1
22448,Small Prismatic Shard,INTERMEDIATE,TRAINER,5,1,0,0,1
22448,Small Prismatic Shard,INTERMEDIATE,TRAINER,13,1,0,0,1
9998,Black Mageweave Vest,GEAR,TRAINER,1,8019,9496,84,1
9998,Black Mageweave Vest,GEAR,TRAINER,1,7698,9496,81,1
9998,Black Mageweave Vest,GEAR,TRAINER,1,7313,9496,77,1
9998,Black Mageweave Vest,GEAR,TRAINER,1,8019,9496,84,1
9998,Black Mageweave Vest,GEAR,TRAINER,1,7698,9496,81,1
9998,Black Mageweave Vest,GEAR,TRAINER,1,7313,9496,77,1
9998,Black Mageweave Vest,GEAR,TRAINER,1,8019,9496,84,1
8173,Thick Armor Kit,MISC,TRAINER,8,5759,6440,89,1
6048,Shadow Protection Potion,ELIXIR_POT,VENDOR,8,266,306,86,1
14048,Bolt of Runecloth,INTERMEDIATE,TRAINER,4,11033,11880,92,1
14048,Bolt of Runecloth,INTERMEDIATE,TRAINER,4,10922,11880,91,1
22448,Small Prismatic Shard,INTERMEDIATE,TRAINER,20,1,0,0,1
22448,Small Prismatic Shard,INTERMEDIATE,TRAINER,5,1,0,0,1
22448,Small Prismatic Shard,INTERMEDIATE,TRAINER,11,1,0,0,1
22448,Small Prismatic Shard,INTERMEDIATE,TRAINER,7,1,0,0,1
22448,Small Prismatic Shard,INTERMEDIATE,TRAINER,11,1,0,0,1
10512,Hi-Impact Mithril Slugs,AMMO,TRAINER,1000,8,13,61,1
10512,Hi-Impact Mithril Slugs,AMMO,TRAINER,1000,7,13,53,1
7281,Light Leather Bracers,GEAR,TRAINER,1,460,598,76,1
7281,Light Leather Bracers,GEAR,TRAINER,1,450,598,75,1
7281,Light Leather Bracers,GEAR,TRAINER,1,460,598,76,1
7281,Light Leather Bracers,GEAR,TRAINER,1,450,598,75,1
7281,Light Leather Bracers,GEAR,TRAINER,1,460,598,76,1
7281,Light Leather Bracers,GEAR,TRAINER,1,450,598,75,1
22448,Small Prismatic Shard,INTERMEDIATE,TRAINER,20,1,0,0,1
22448,Small Prismatic Shard,INTERMEDIATE,TRAINER,20,1,0,0,1
22448,Small Prismatic Shard,INTERMEDIATE,TRAINER,1,1,0,0,1
22448,Small Prismatic Shard,INTERMEDIATE,TRAINER,1,1,0,0,1
13506,Potion of Petrification,ELIXIR_POT,DROP,5,512,607,84,1
13506,Potion of Petrification,ELIXIR_POT,DROP,5,496,607,81,1
13506,Potion of Petrification,ELIXIR_POT,DROP,18,486,607,80,1
13423,Stonescale Oil,INTERMEDIATE,TRAINER,3,68,102,66,1
13423,Stonescale Oil,INTERMEDIATE,TRAINER,11,67,102,65,1
13423,Stonescale Oil,INTERMEDIATE,TRAINER,10,81,102,79,1
13423,Stonescale Oil,INTERMEDIATE,TRAINER,3,78,102,76,1
10047,Simple Kilt,GEAR,TRAINER,1,419,548,76,1
10047,Simple Kilt,GEAR,TRAINER,1,414,548,75,1
10047,Simple Kilt,GEAR,TRAINER,1,409,548,74,1
10047,Simple Kilt,GEAR,TRAINER,1,419,548,76,1
10047,Simple Kilt,GEAR,TRAINER,1,414,548,75,1
10047,Simple Kilt,GEAR,TRAINER,1,409,548,74,1
10047,Simple Kilt,GEAR,TRAINER,1,419,548,76,1
10047,Simple Kilt,GEAR,TRAINER,1,414,548,75,1
22448,Small Prismatic Shard,INTERMEDIATE,TRAINER,9,1,0,0,1
22448,Small Prismatic Shard,INTERMEDIATE,TRAINER,9,1,0,0,1
4265,Heavy Armor Kit,MISC,TRAINER,6,2478,3130,79,1
10008,White Bandit Mask,GEAR,DROP,1,5601,6023,92,1
10008,White Bandit Mask,GEAR,DROP,1,5376,6023,89,1
10008,White Bandit Mask,GEAR,DROP,1,5160,6023,85,1
10008,White Bandit Mask,GEAR,DROP,1,4902,6023,81,1
10008,White Bandit Mask,GEAR,DROP,1,5601,6023,92,1
10008,White Bandit Mask,GEAR,DROP,1,5376,6023,89,1
10008,White Bandit Mask,GEAR,DROP,1,5160,6023,85,1
10008,White Bandit Mask,GEAR,DROP,1,4902,6023,81,1
10008,White Bandit Mask,GEAR,DROP,1,5601,6023,92,1
10008,White Bandit Mask,GEAR,DROP,1,5376,6023,89,1
10008,White Bandit Mask,GEAR,DROP,1,5160,6023,85,1
10008,White Bandit Mask,GEAR,DROP,1,4902,6023,81,1
22448,Small Prismatic Shard,INTERMEDIATE,TRAINER,20,1,0,0,1
22448,Small Prismatic Shard,INTERMEDIATE,TRAINER,20,1,0,0,1
22448,Small Prismatic Shard,INTERMEDIATE,TRAINER,2,1,0,0,1
22448,Small Prismatic Shard,INTERMEDIATE,TRAINER,20,1,0,0,1
22448,Small Prismatic Shard,INTERMEDIATE,TRAINER,1,1,0,0,1
2841,Bronze Bar,INTERMEDIATE,TRAINER,7,49,62,79,1
2841,Bronze Bar,INTERMEDIATE,TRAINER,11,46,62,74,1
22448,Small Prismatic Shard,INTERMEDIATE,TRAINER,20,1,0,0,1
22448,Small Prismatic Shard,INTERMEDIATE,TRAINER,9,1,0,0,1
22448,Small Prismatic Shard,INTERMEDIATE,TRAINER,1,1,0,0,1
4234,Heavy Leather,INTERMEDIATE,TRAINER,2,832,1090,76,1
4234,Heavy Leather,INTERMEDIATE,TRAINER,10,798,1090,73,1
13506,Potion of Petrification,ELIXIR_POT,DROP,20,397,607,65,1
13506,Potion of Petrification,ELIXIR_POT,DROP,2,393,607,64,1
6384,Stylish Blue Shirt,GEAR,DROP,1,1806,2182,82,1
6384,Stylish Blue Shirt,GEAR,DROP,1,1751,2182,80,1
6384,Stylish Blue Shirt,GEAR,DROP,1,1663,2182,76,1
6384,Stylish Blue Shirt,GEAR,DROP,1,1806,2182,82,1
6384,Stylish Blue Shirt,GEAR,DROP,1,1751,2182,80,1
6384,Stylish Blue Shirt,GEAR,DROP,1,1663,2182,76,1
6384,Stylish Blue Shirt,GEAR,DROP,1,1806,2182,82,1
6384,Stylish Blue Shirt,GEAR,DROP,1,1751,2182,80,1
6384,Stylish Blue Shirt,GEAR,DROP,1,1663,2182,76,1
6384,Stylish Blue Shirt,GEAR,DROP,1,1806,2182,82,1
7964,Solid Sharpening Stone,MISC,TRAINER,6,567,588,96,1
6836,Dress Shoes,GEAR,VENDOR,1,14546,18368,79,1
6836,Dress Shoes,GEAR,VENDOR,1,14109,18368,76,1
6836,Dress Shoes,GEAR,VENDOR,1,14546,18368,79,1
6836,Dress Shoes,GEAR,VENDOR,1,14109,18368,76,1
6836,Dress Shoes,GEAR,VENDOR,1,14546,18368,79,1
6836,Dress Shoes,GEAR,VENDOR,1,14109,18368,76,1
8173,Thick Armor Kit,MISC,TRAINER,10,5512,6440,85,1
8173,Thick Armor Kit,MISC,TRAINER,1,5346,6440,83,1
8068,Crafted Heavy Shot,AMMO,TRAINER,1000,1,0,0,1
8068,Crafted Heavy Shot,AMMO,TRAINER,1000,1,0,0,1
8068,Crafted Heavy Shot,AMMO,TRAINER,800,1,0,0,1
8068,Crafted Heavy Shot,AMMO,TRAINER,1000,1,0,0,1
8068,Crafted Heavy Shot,AMMO,TRAINER,800,1,0,0,1
14342,Mooncloth,INTERMEDIATE,VENDOR,1,11172,15200,73,1
14342,Mooncloth,INTERMEDIATE,VENDOR,8,10613,15200,69,1
4251,Hillman's Shoulders,GEAR,TRAINER,1,1494,1779,83,1
4251,Hillman's Shoulders,GEAR,TRAINER,1,1449,1779,81,1
4251,Hillman's Shoulders,GEAR,TRAINER,1,1420,1779,79,1
4251,Hillman's Shoulders,GEAR,TRAINER,1,1363,1779,76,1
4251,Hillman's Shoulders,GEAR,TRAINER,1,1494,1779,83,1
4251,Hillman's Shoulders,GEAR,TRAINER,1,1449,1779,81,1
4251,Hillman's Shoulders,GEAR,TRAINER,1,1420,1779,79,1
4251,Hillman's Shoulders,GEAR,TRAINER,1,1363,1779,76,1
4251,Hillman's Shoulders,GEAR,TRAINER,1,1494,1779,83,1
4251,Hillman's Shoulders,GEAR,TRAINER,1,1449,1779,81,1
4251,Hillman's Shoulders,GEAR,TRAINER,1,1420,1779,79,1
22448,Small Prismatic Shard,INTERMEDIATE,TRAINER,20,1,0,0,1
22448,Small Prismatic Shard,INTERMEDIATE,TRAINER,20,1,0,0,1
22448,Small Prismatic Shard,INTERMEDIATE,TRAINER,1,1,0,0,1
22448,Small Prismatic Shard,INTERMEDIATE,TRAINER,4,1,0,0,1
22448,Small Prismatic Shard,INTERMEDIATE,TRAINER,20,1,0,0,1
22448,Small Prismatic Shard,INTERMEDIATE,TRAINER,6,1,0,0,1
22448,Small Prismatic Shard,INTERMEDIATE,TRAINER,1,1,0,0,1
15997,Thorium Shells,AMMO,TRAINER,1000,15,22,68,1
15997,Thorium Shells,AMMO,TRAINER,400,14,22,63,1
4236,Cured Heavy Hide,INTERMEDIATE,TRAINER,5,1011,1350,74,1
4236,Cured Heavy Hide,INTERMEDIATE,TRAINER,6,960,1350,71,1
22448,Small Prismatic Shard,INTERMEDIATE,TRAINER,20,1,0,0,1
22448,Small Prismatic Shard,INTERMEDIATE,TRAINER,20,1,0,0,1
22448,Small Prismatic Shard,INTERMEDIATE,TRAINER,3,1,0,0,1
22448,Small Prismatic Shard,INTERMEDIATE,TRAINER,2,1,0,0,1
5478,Dig Rat Stew,FOOD,UNSOURCED,20,1,0,0,1
5478,Dig Rat Stew,FOOD,UNSOURCED,4,1,0,0,1
22448,Small Prismatic Shard,INTERMEDIATE,TRAINER,20,1,0,0,1
22448,Small Prismatic Shard,INTERMEDIATE,TRAINER,20,1,0,0,1
22448,Small Prismatic Shard,INTERMEDIATE,TRAINER,5,1,0,0,1
5763,Red Woolen Bag,BAG,VENDOR,1,1574,1782,88,1
5763,Red Woolen Bag,BAG,VENDOR,1,1558,1782,87,1
5763,Red Woolen Bag,BAG,VENDOR,1,1480,1782,83,1
5763,Red Woolen Bag,BAG,VENDOR,1,1574,1782,88,1
5763,Red Woolen Bag,BAG,VENDOR,1,1558,1782,87,1
5763,Red Woolen Bag,BAG,VENDOR,1,1480,1782,83,1
6048,Shadow Protection Potion,ELIXIR_POT,VENDOR,12,278,306,90,1
22448,Small Prismatic Shard,INTERMEDIATE,TRAINER,20,1,0,0,1
22448,Small Prismatic Shard,INTERMEDIATE,TRAINER,20,1,0,0,1
22448,Small Prismatic Shard,INTERMEDIATE,TRAINER,2,1,0,0,1
12404,Dense Sharpening Stone,MISC,TRAINER,11,1126,1440,78,1
13423,Stonescale Oil,INTERMEDIATE,TRAINER,1,88,102,86,1
13423,Stonescale Oil,INTERMEDIATE,TRAINER,9,86,102,84,1
13423,Stonescale Oil,INTERMEDIATE,TRAINER,2,80,102,78,1
13423,Stonescale Oil,INTERMEDIATE,TRAINER,12,76,102,74,1
18662,Heavy Leather Ball,MISC,VENDOR,5,1193,1312,90,1
18662,Heavy Leather Ball,MISC,VENDOR,5,1181,1312,90,1
18662,Heavy Leather Ball,MISC,VENDOR,1,1193,1312,90,1
6662,Elixir of Giant Growth,ELIXIR_POT,DROP,13,83,108,76,1
2867,Rough Bronze Bracers,GEAR,UNSOURCED,1,170,248,68,1
2867,Rough Bronze Bracers,GEAR,UNSOURCED,1,168,248,67,1
2867,Rough Bronze Bracers,GEAR,UNSOURCED,1,161,248,64,1
2867,Rough Bronze Bracers,GEAR,UNSOURCED,1,157,248,63,1
2867,Rough Bronze Bracers,GEAR,UNSOURCED,1,170,248,68,1
2867,Rough Bronze Bracers,GEAR,UNSOURCED,1,168,248,67,1
2867,Rough Bronze Bracers,GEAR,UNSOURCED,1,161,248,64,1
2867,Rough Bronze Bracers,GEAR,UNSOURCED,1,157,248,63,1
2867,Rough Bronze Bracers,GEAR,UNSOURCED,1,170,248,68,1
13423,Stonescale Oil,INTERMEDIATE,TRAINER,5,69,102,67,1
13423,Stonescale Oil,INTERMEDIATE,TRAINER,8,65,102,63,1
2307,Fine Leather Boots,GEAR,DROP,1,543,671,80,1
2307,Fine Leather Boots,GEAR,DROP,1,526,671,78,1
2307,Fine Leather Boots,GEAR,DROP,1,543,671,80,1
2307,Fine Leather Boots,GEAR,DROP,1,526,671,78,1
2307,Fine Leather Boots,GEAR,DROP,1,543,671,80,1
2307,Fine Leather Boots,GEAR,DROP,1,526,671,78,1
2307,Fine Leather Boots,GEAR,DROP,1,543,671,80,1
2307,Fine Leather Boots,GEAR,DROP,1,526,671,78,1
2307,Fine Leather Boots,GEAR,DROP,1,543,671,80,1
2307,Fine Leather Boots,GEAR,DROP,1,526,671,78,1
2307,Fine Leather Boots,GEAR,DROP,1,543,671,80,1
2307,Fine Leather Boots,GEAR,DROP,1,526,671,78,1
2307,Fine Leather Boots,GEAR,DROP,1,543,671,80,1
2307,Fine Leather Boots,GEAR,DROP,1,526,671,78,1
2307,Fine Leather Boots,GEAR,DROP,1,543,671,80,1
22448,Small Prismatic Shard,INTERMEDIATE,TRAINER,20,1,0,0,1
22448,Small Prismatic Shard,INTERMEDIATE,TRAINER,20,1,0,0,1
22448,Small Prismatic Shard,INTERMEDIATE,TRAINER,1,1,0,0,1
22448,Small Prismatic Shard,INTERMEDIATE,TRAINER,1,1,0,0,1
2580,Reinforced Linen Cape,GEAR,TRAINER,1,182,254,71,1
2580,Reinforced Linen Cape,GEAR,TRAINER,1,178,254,70,1
2580,Reinforced Linen Cape,GEAR,TRAINER,1,182,254,71,1
2580,Reinforced Linen Cape,GEAR,TRAINER,1,178,254,70,1
2580,Reinforced Linen Cape,GEAR,TRAINER,1,182,254,71,1
2580,Reinforced Linen Cape,GEAR,TRAINER,1,178,254,70,1
2580,Reinforced Linen Cape,GEAR,TRAINER,1,182,254,71,1
2580,Reinforced Linen Cape,GEAR,TRAINER,1,178,254,70,1
2580,Reinforced Linen Cape,GEAR,TRAINER,1,182,254,71,1
2580,Reinforced Linen Cape,GEAR,TRAINER,1,178,254,70,1
2580,Reinforced Linen Cape,GEAR,TRAINER,1,182,254,71,1
2580,Reinforced Linen Cape,GEAR,TRAINER,1,178,254,70,1
2580,Reinforced Linen Cape,GEAR,TRAINER,1,182,254,71,1
4236,Cured Heavy Hide,INTERMEDIATE,TRAINER,8,1150,1350,85,1
4236,Cured Heavy Hide,INTERMEDIATE,TRAINER,4,1104,1350,81,1
13423,Stonescale Oil,INTERMEDIATE,TRAINER,5,86,102,84,1
13423,Stonescale Oil,INTERMEDIATE,TRAINER,4,82,102,80,1
7349,Herbalist's Gloves,GEAR,VENDOR,1,1970,2408,81,1
7349,Herbalist's Gloves,GEAR,VENDOR,1,1910,2408,79,1
7349,Herbalist's Gloves,GEAR,VENDOR,1,1852,2408,76,1
7349,Herbalist's Gloves,GEAR,VENDOR,1,1970,2408,81,1
7349,Herbalist's Gloves,GEAR,VENDOR,1,1910,2408,79,1
7349,Herbalist's Gloves,GEAR,VENDOR,1,1852,2408,76,1
7349,Herbalist's Gloves,GEAR,VENDOR,1,1970,2408,81,1
7349,Herbalist's Gloves,GEAR,VENDOR,1,1910,2408,79,1
7349,Herbalist's Gloves,GEAR,VENDOR,1,1852,2408,76,1
7349,Herbalist's Gloves,GEAR,VENDOR,1,1970,2408,81,1
7349,Herbalist's Gloves,GEAR,VENDOR,1,1910,2408,79,1
2868,Patterned Bronze Bracers,GEAR,TRAINER,1,333,430,77,1
2868,Patterned Bronze Bracers,GEAR,TRAINER,1,323,430,75,1
2868,Patterned Bronze Bracers,GEAR,TRAINER,1,319,430,74,1
2868,Patterned Bronze Bracers,GEAR,TRAINER,1,333,430,77,1
2868,Patterned Bronze Bracers,GEAR,TRAINER,1,323,430,75,1
2868,Patterned Bronze Bracers,GEAR,TRAINER,1,319,430,74,1
2868,Patterned Bronze Bracers,GEAR,TRAINER,1,333,430,77,1
10513,Mithril Gyro-Shot,AMMO,TRAINER,1000,23,26,88,1
10513,Mithril Gyro-Shot,AMMO,TRAINER,1000,22,26,84,1
10513,Mithril Gyro-Shot,AMMO,TRAINER,800,23,26,88,1
10512,Hi-Impact Mithril Slugs,AMMO,TRAINER,1000,10,13,76,1
10512,Hi-Impact Mithril Slugs,AMMO,TRAINER,1000,9,13,69,1
10512,Hi-Impact Mithril Slugs,AMMO,TRAINER,200,8,13,61,1
8069,Crafted Solid Shot,AMMO,TRAINER,1000,1,2,50,1
8069,Crafted Solid Shot,AMMO,TRAINER,800,1,2,50,1
13423,Stonescale Oil,INTERMEDIATE,TRAINER,7,69,102,67,1
13423,Stonescale Oil,INTERMEDIATE,TRAINER,5,67,102,65,1
8069,Crafted Solid Shot,AMMO,TRAINER,1000,1,2,50,1
8069,Crafted Solid Shot,AMMO,TRAINER,1000,1,2,50,1
8069,Crafted Solid Shot,AMMO,TRAINER,400,1,2,50,1
2579,Green Linen Shirt,GEAR,TRAINER,1,447,536,83,1
2579,Green Linen Shirt,GEAR,TRAINER,1,438,536,81,1
2579,Green Linen Shirt,GEAR,TRAINER,1,429,536,80,1
2579,Green Linen Shirt,GEAR,TRAINER,1,447,536,83,1
2579,Green Linen Shirt,GEAR,TRAINER,1,438,536,81,1
2579,Green Linen Shirt,GEAR,TRAINER,1,429,536,80,1
2579,Green Linen Shirt,GEAR,TRAINER,1,447,536,83,1
2579,Green Linen Shirt,GEAR,TRAINER,1,438,536,81,1
2579,Green Linen Shirt,GEAR,TRAINER,1,429,536,80,1
2579,Green Linen Shirt,GEAR,TRAINER,1,447,536,83,1
2579,Green Linen Shirt,GEAR,TRAINER,1,438,536,81,1
2842,Silver Bar,INTERMEDIATE,TRAINER,7,307,303,101,1
2842,Silver Bar,INTERMEDIATE,TRAINER,8,291,303,96,1
6384,Stylish Blue Shirt,GEAR,DROP,1,1471,2182,67,1
6384,Stylish Blue Shirt,GEAR,DROP,1,1441,2182,66,1
6384,Stylish Blue Shirt,GEAR,DROP,1,1368,2182,62,1
6384,Stylish Blue Shirt,GEAR,DROP,1,1340,2182,61,1
6384,Stylish Blue Shirt,GEAR,DROP,1,1471,2182,67,1
6384,Stylish Blue Shirt,GEAR,DROP,1,1441,2182,66,1
2307,Fine Leather Boots,GEAR,DROP,1,693,671,103,1
2307,Fine Leather Boots,GEAR,DROP,1,672,671,100,1
2307,Fine Leather Boots,GEAR,DROP,1,638,671,95,1
2307,Fine Leather Boots,GEAR,DROP,1,693,671,103,1
2307,Fine Leather Boots,GEAR,DROP,1,672,671,100,1
2307,Fine Leather Boots,GEAR,DROP,1,638,671,95,1
2307,Fine Leather Boots,GEAR,DROP,1,693,671,103,1
2307,Fine Leather Boots,GEAR,DROP,1,672,671,100,1
2307,Fine Leather Boots,GEAR,DROP,1,638,671,95,1
2307,Fine Leather Boots,GEAR,DROP,1,693,671,103,1
2307,Fine Leather Boots,GEAR,DROP,1,672,671,100,1
2307,Fine Leather Boots,GEAR,DROP,1,638,671,95,1
2307,Fine Leather Boots,GEAR,DROP,1,693,671,103,1
44840,Cranberry Chutney,FOOD,DROP,5,7,8,87,1
44840,Cranberry Chutney,FOOD,DROP,9,6,8,75,1
22448,Small Prismatic Shard,INTERMEDIATE,TRAINER,20,1,0,0,1
22448,Small Prismatic Shard,INTERMEDIATE,TRAINER,2,1,0,0,1
22448,Small Prismatic Shard,INTERMEDIATE,TRAINER,17,1,0,0,1
22448,Small Prismatic Shard,INTERMEDIATE,TRAINER,20,1,0,0,1
22448,Small Prismatic Shard,INTERMEDIATE,TRAINER,1,1,0,0,1
22448,Small Prismatic Shard,INTERMEDIATE,TRAINER,3,1,0,0,1
18662,Heavy Leather Ball,MISC,VENDOR,5,990,1312,75,1
18662,Heavy Leather Ball,MISC,VENDOR,5,960,1312,73,1
18662,Heavy Leather Ball,MISC,VENDOR,3,990,1312,75,1
3530,Wool Bandage,MISC,TRAINER,15,123,136,90,1
4330,Stylish Red Shirt,GEAR,TRAINER,1,1165,1424,81,1
4330,Stylish Red Shirt,GEAR,TRAINER,1,1153,1424,80,1
4330,Stylish Red Shirt,GEAR,TRAINER,1,1141,1424,80,1
4330,Stylish Red Shirt,GEAR,TRAINER,1,1129,1424,79,1
4330,Stylish Red Shirt,GEAR,TRAINER,1,1165,1424,81,1
4330,Stylish Red Shirt,GEAR,TRAINER,1,1153,1424,80,1
15869,Silver Skeleton Key,MISC,TRAINER,12,121,159,76,1
15997,Thorium Shells,AMMO,TRAINER,1000,18,22,81,1
15997,Thorium Shells,AMMO,TRAINER,1000,17,22,77,1
15997,Thorium Shells,AMMO,TRAINER,1000,18,22,81,1
13423,Stonescale Oil,INTERMEDIATE,TRAINER,5,81,102,79,1
13423,Stonescale Oil,INTERMEDIATE,TRAINER,5,78,102,76,1
22448,Small Prismatic Shard,INTERMEDIATE,TRAINER,20,1,0,0,1
22448,Small Prismatic Shard,INTERMEDIATE,TRAINER,20,1,0,0,1
22448,Small Prismatic Shard,INTERMEDIATE,TRAINER,2,1,0,0,1
13423,Stonescale Oil,INTERMEDIATE,TRAINER,4,92,102,90,1
13423,Stonescale Oil,INTERMEDIATE,TRAINER,2,90,102,88,1
22448,Small Prismatic Shard,INTERMEDIATE,TRAINER,20,1,0,0,1
22448,Small Prismatic Shard,INTERMEDIATE,TRAINER,8,1,0,0,1
22448,Small Prismatic Shard,INTERMEDIATE,TRAINER,2,1,0,0,1
7349,Herbalist's Gloves,GEAR,VENDOR,1,2147,2408,89,1
7349,Herbalist's Gloves,GEAR,VENDOR,1,2104,2408,87,1
7349,Herbalist's Gloves,GEAR,VENDOR,1,2147,2408,89,1
7349,Herbalist's Gloves,GEAR,VENDOR,1,2104,2408,87,1
7349,Herbalist's Gloves,GEAR,VENDOR,1,2147,2408,89,1
7349,Herbalist's Gloves,GEAR,VENDOR,1,2104,2408,87,1
7349,Herbalist's Gloves,GEAR,VENDOR,1,2147,2408,89,1
7349,Herbalist's Gloves,GEAR,VENDOR,1,2104,2408,87,1
7349,Herbalist's Gloves,GEAR,VENDOR,1,2147,2408,89,1
7349,Herbalist's Gloves,GEAR,VENDOR,1,2104,2408,87,1
7349,Herbalist's Gloves,GEAR,VENDOR,1,2147,2408,89,1
7349,Herbalist's Gloves,GEAR,VENDOR,1,2104,2408,87,1
7349,Herbalist's Gloves,GEAR,VENDOR,1,2147,2408,89,1
7349,Herbalist's Gloves,GEAR,VENDOR,1,2104,2408,87,1
4248,Dark Leather Gloves,GEAR,DROP,1,1554,1996,77,1
4248,Dark Leather Gloves,GEAR,DROP,1,1538,1996,77,1
4248,Dark Leather Gloves,GEAR,DROP,1,1554,1996,77,1
4248,Dark Leather Gloves,GEAR,DROP,1,1538,1996,77,1
4248,Dark Leather Gloves,GEAR,DROP,1,1554,1996,77,1
15997,Thorium Shells,AMMO,TRAINER,1000,15,22,68,1
15997,Thorium Shells,AMMO,TRAINER,1000,14,22,63,1
13423,Stonescale Oil,INTERMEDIATE,TRAINER,9,100,102,98,1
13423,Stonescale Oil,INTERMEDIATE,TRAINER,3,95,102,93,1
13506,Potion of Petrification,ELIXIR_POT,DROP,5,485,607,79,1
13506,Potion of Petrification,ELIXIR_POT,DROP,9,475,607,78,1
4312,Soft-soled Linen Boots,GEAR,TRAINER,1,638,846,75,1
4312,Soft-soled Linen Boots,GEAR,TRAINER,1,618,846,73,1
4312,Soft-soled Linen Boots,GEAR,TRAINER,1,611,846,72,1
4312,Soft-soled Linen Boots,GEAR,TRAINER,1,598,846,70,1
4312,Soft-soled Linen Boots,GEAR,TRAINER,1,638,846,75,1
4312,Soft-soled Linen Boots,GEAR,TRAINER,1,618,846,73,1
4312,Soft-soled Linen Boots,GEAR,TRAINER,1,611,846,72,1
4312,Soft-soled Linen Boots,GEAR,TRAINER,1,598,846,70,1
4312,Soft-soled Linen Boots,GEAR,TRAINER,1,638,846,75,1
4312,Soft-soled Linen Boots,GEAR,TRAINER,1,618,846,73,1
4312,Soft-soled Linen Boots,GEAR,TRAINER,1,611,846,72,1
13423,Stonescale Oil,INTERMEDIATE,TRAINER,9,70,102,68,1
13423,Stonescale Oil,INTERMEDIATE,TRAINER,6,67,102,65,1
13423,Stonescale Oil,INTERMEDIATE,TRAINER,4,63,102,61,1
13423,Stonescale Oil,INTERMEDIATE,TRAINER,3,61,102,59,1
8170,Rugged Leather,INTERMEDIATE,TRAINER,1,5185,7128,72,1
8170,Rugged Leather,INTERMEDIATE,TRAINER,4,5029,7128,70,1
4248,Dark Leather Gloves,GEAR,DROP,1,1659,1996,83,1
4248,Dark Leather Gloves,GEAR,DROP,1,1642,1996,82,1
4248,Dark Leather Gloves,GEAR,DROP,1,1609,1996,80,1
4248,Dark Leather Gloves,GEAR,DROP,1,1560,1996,78,1
4248,Dark Leather Gloves,GEAR,DROP,1,1659,1996,83,1
4248,Dark Leather Gloves,GEAR,DROP,1,1642,1996,82,1
4248,Dark Leather Gloves,GEAR,DROP,1,1609,1996,80,1
4248,Dark Leather Gloves,GEAR,DROP,1,1560,1996,78,1
4248,Dark Leather Gloves,GEAR,DROP,1,1659,1996,83,1
2841,Bronze Bar,INTERMEDIATE,TRAINER,16,50,62,80,1
13506,Potion of Petrification,ELIXIR_POT,DROP,5,468,607,77,1
13506,Potion of Petrification,ELIXIR_POT,DROP,5,463,607,76,1
13506,Potion of Petrification,ELIXIR_POT,DROP,5,444,607,73,1
13506,Potion of Petrification,ELIXIR_POT,DROP,7,468,607,77,1
10047,Simple Kilt,GEAR,TRAINER,1,414,548,75,1
10047,Simple Kilt,GEAR,TRAINER,1,405,548,73,1
10047,Simple Kilt,GEAR,TRAINER,1,400,548,72,1
10047,Simple Kilt,GEAR,TRAINER,1,414,548,75,1
10047,Simple Kilt,GEAR,TRAINER,1,405,548,73,1
10047,Simple Kilt,GEAR,TRAINER,1,400,548,72,1
10047,Simple Kilt,GEAR,TRAINER,1,414,548,75,1
10047,Simple Kilt,GEAR,TRAINER,1,405,548,73,1
10047,Simple Kilt,GEAR,TRAINER,1,400,548,72,1
10047,Simple Kilt,GEAR,TRAINER,1,414,548,75,1
10047,Simple Kilt,GEAR,TRAINER,1,405,548,73,1
10047,Simple Kilt,GEAR,TRAINER,1,400,548,72,1
10047,Simple Kilt,GEAR,TRAINER,1,414,548,75,1
4318,Gloves of Meditation,GEAR,TRAINER,1,1821,2322,78,1
4318,Gloves of Meditation,GEAR,TRAINER,1,1729,2322,74,1
4318,Gloves of Meditation,GEAR,TRAINER,1,1694,2322,72,1
4318,Gloves of Meditation,GEAR,TRAINER,1,1821,2322,78,1
4318,Gloves of Meditation,GEAR,TRAINER,1,1729,2322,74,1
4318,Gloves of Meditation,GEAR,TRAINER,1,1694,2322,72,1
4318,Gloves of Meditation,GEAR,TRAINER,1,1821,2322,78,1
4318,Gloves of Meditation,GEAR,TRAINER,1,1729,2322,74,1
4318,Gloves of Meditation,GEAR,TRAINER,1,1694,2322,72,1
4318,Gloves of Meditation,GEAR,TRAINER,1,1821,2322,78,1
4318,Gloves of Meditation,GEAR,TRAINER,1,1729,2322,74,1
4318,Gloves of Meditation,GEAR,TRAINER,1,1694,2322,72,1
4318,Gloves of Meditation,GEAR,TRAINER,1,1821,2322,78,1
4318,Gloves of Meditation,GEAR,TRAINER,1,1729,2322,74,1
4318,Gloves of Meditation,GEAR,TRAINER,1,1694,2322,72,1
6662,Elixir of Giant Growth,ELIXIR_POT,DROP,5,86,108,79,1
6662,Elixir of Giant Growth,ELIXIR_POT,DROP,6,82,108,75,1
13423,Stonescale Oil,INTERMEDIATE,TRAINER,5,90,102,88,1
13423,Stonescale Oil,INTERMEDIATE,TRAINER,1,87,102,85,1
2584,Woolen Cape,GEAR,TRAINER,1,490,508,96,1
2584,Woolen Cape,GEAR,TRAINER,1,470,508,92,1
2584,Woolen Cape,GEAR,TRAINER,1,490,508,96,1
2584,Woolen Cape,GEAR,TRAINER,1,470,508,92,1
2584,Woolen Cape,GEAR,TRAINER,1,490,508,96,1
2584,Woolen Cape,GEAR,TRAINER,1,470,508,92,1
2584,Woolen Cape,GEAR,TRAINER,1,490,508,96,1
4265,Heavy Armor Kit,MISC,TRAINER,10,3047,3130,97,1
10512,Hi-Impact Mithril Slugs,AMMO,TRAINER,1000,12,13,92,1
10512,Hi-Impact Mithril Slugs,AMMO,TRAINER,1000,11,13,84,1
13423,Stonescale Oil,INTERMEDIATE,TRAINER,8,74,102,72,1
13423,Stonescale Oil,INTERMEDIATE,TRAINER,4,71,102,69,1
13512,Flask of Supreme Power,FLASK,DROP,5,29458,11430,257,0
13512,Flask of Supreme Power,FLASK,DROP,5,28574,11430,249,0
13512,Flask of Supreme Power,FLASK,DROP,20,27716,11430,242,0
13512,Flask of Supreme Power,FLASK,DROP,6,27438,11430,240,0
10008,White Bandit Mask,GEAR,DROP,1,4729,6023,78,1
10008,White Bandit Mask,GEAR,DROP,1,4634,6023,76,1
10008,White Bandit Mask,GEAR,DROP,1,4541,6023,75,1
10008,White Bandit Mask,GEAR,DROP,1,4404,6023,73,1
10008,White Bandit Mask,GEAR,DROP,1,4729,6023,78,1
10008,White Bandit Mask,GEAR,DROP,1,4634,6023,76,1
10008,White Bandit Mask,GEAR,DROP,1,4541,6023,75,1
10008,White Bandit Mask,GEAR,DROP,1,4404,6023,73,1
10008,White Bandit Mask,GEAR,DROP,1,4729,6023,78,1
10008,White Bandit Mask,GEAR,DROP,1,4634,6023,76,1
10008,White Bandit Mask,GEAR,DROP,1,4541,6023,75,1
10008,White Bandit Mask,GEAR,DROP,1,4404,6023,73,1
10008,White Bandit Mask,GEAR,DROP,1,4729,6023,78,1
8068,Crafted Heavy Shot,AMMO,TRAINER,1000,1,0,0,1
8068,Crafted Heavy Shot,AMMO,TRAINER,1000,1,0,0,1
8068,Crafted Heavy Shot,AMMO,TRAINER,200,1,0,0,1
2580,Reinforced Linen Cape,GEAR,TRAINER,1,180,254,70,1
2580,Reinforced Linen Cape,GEAR,TRAINER,1,174,254,68,1
2580,Reinforced Linen Cape,GEAR,TRAINER,1,168,254,66,1
2580,Reinforced Linen Cape,GEAR,TRAINER,1,162,254,63,1
2580,Reinforced Linen Cape,GEAR,TRAINER,1,180,254,70,1
2580,Reinforced Linen Cape,GEAR,TRAINER,1,174,254,68,1
2580,Reinforced Linen Cape,GEAR,TRAINER,1,168,254,66,1
2580,Reinforced Linen Cape,GEAR,TRAINER,1,162,254,63,1
2580,Reinforced Linen Cape,GEAR,TRAINER,1,180,254,70,1
2580,Reinforced Linen Cape,GEAR,TRAINER,1,174,254,68,1
2580,Reinforced Linen Cape,GEAR,TRAINER,1,168,254,66,1
2580,Reinforced Linen Cape,GEAR,TRAINER,1,162,254,63,1
2580,Reinforced Linen Cape,GEAR,TRAINER,1,180,254,70,1
8069,Crafted Solid Shot,AMMO,TRAINER,1000,1,2,50,1
8069,Crafted Solid Shot,AMMO,TRAINER,400,1,2,50,1
13512,Flask of Supreme Power,FLASK,DROP,20,30691,11430,268,0
13512,Flask of Supreme Power,FLASK,DROP,20,30077,11430,263,0
10512,Hi-Impact Mithril Slugs,AMMO,TRAINER,1000,10,13,76,1
10512,Hi-Impact Mithril Slugs,AMMO,TRAINER,1000,9,13,69,1
10512,Hi-Impact Mithril Slugs,AMMO,TRAINER,600,10,13,76,1
22448,Small Prismatic Shard,INTERMEDIATE,TRAINER,20,1,0,0,1
22448,Small Prismatic Shard,INTERMEDIATE,TRAINER,20,1,0,0,1
22448,Small Prismatic Shard,INTERMEDIATE,TRAINER,1,1,0,0,1
22448,Small Prismatic Shard,INTERMEDIATE,TRAINER,1,1,0,0,1
6239,Red Linen Vest,GEAR,DROP,1,303,396,76,1
6239,Red Linen Vest,GEAR,DROP,1,287,396,72,1
6239,Red Linen Vest,GEAR,DROP,1,284,396,71,1
6239,Red Linen Vest,GEAR,DROP,1,275,396,69,1
6239,Red Linen Vest,GEAR,DROP,1,303,396,76,1
6239,Red Linen Vest,GEAR,DROP,1,287,396,72,1
6239,Red Linen Vest,GEAR,DROP,1,284,396,71,1
6239,Red Linen Vest,GEAR,DROP,1,275,396,69,1
6239,Red Linen Vest,GEAR,DROP,1,303,396,76,1
6239,Red Linen Vest,GEAR,DROP,1,287,396,72,1
22448,Small Prismatic Shard,INTERMEDIATE,TRAINER,20,1,0,0,1
22448,Small Prismatic Shard,INTERMEDIATE,TRAINER,16,1,0,0,1
22448,Small Prismatic Shard,INTERMEDIATE,TRAINER,3,1,0,0,1
10056,Orange Mageweave Shirt,GEAR,TRAINER,1,6898,6998,98,1
10056,Orange Mageweave Shirt,GEAR,TRAINER,1,6553,6998,93,1
10056,Orange Mageweave Shirt,GEAR,TRAINER,1,6356,6998,90,1
10056,Orange Mageweave Shirt,GEAR,TRAINER,1,6898,6998,98,1
10056,Orange Mageweave Shirt,GEAR,TRAINER,1,6553,6998,93,1
10056,Orange Mageweave Shirt,GEAR,TRAINER,1,6356,6998,90,1
10056,Orange Mageweave Shirt,GEAR,TRAINER,1,6898,6998,98,1
10056,Orange Mageweave Shirt,GEAR,TRAINER,1,6553,6998,93,1
10056,Orange Mageweave Shirt,GEAR,TRAINER,1,6356,6998,90,1
10056,Orange Mageweave Shirt,GEAR,TRAINER,1,6898,6998,98,1
10056,Orange Mageweave Shirt,GEAR,TRAINER,1,6553,6998,93,1
10056,Orange Mageweave Shirt,GEAR,TRAINER,1,6356,6998,90,1
10008,White Bandit Mask,GEAR,DROP,1,5208,6023,86,1
10008,White Bandit Mask,GEAR,DROP,1,5051,6023,83,1
10008,White Bandit Mask,GEAR,DROP,1,4899,6023,81,1
10008,White Bandit Mask,GEAR,DROP,1,4801,6023,79,1
10008,White Bandit Mask,GEAR,DROP,1,5208,6023,86,1
10008,White Bandit Mask,GEAR,DROP,1,5051,6023,83,1
10008,White Bandit Mask,GEAR,DROP,1,4899,6023,81,1
10008,White Bandit Mask,GEAR,DROP,1,4801,6023,79,1
10008,White Bandit Mask,GEAR,DROP,1,5208,6023,86,1
10008,White Bandit Mask,GEAR,DROP,1,5051,6023,83,1
10008,White Bandit Mask,GEAR,DROP,1,4899,6023,81,1
10008,White Bandit Mask,GEAR,DROP,1,4801,6023,79,1
22448,Small Prismatic Shard,INTERMEDIATE,TRAINER,20,1,0,0,1
22448,Small Prismatic Shard,INTERMEDIATE,TRAINER,1,1,0,0,1
22448,Small Prismatic Shard,INTERMEDIATE,TRAINER,15,1,0,0,1
3391,Elixir of Ogre's Strength,ELIXIR_POT,DROP,8,185,237,78,1
22448,Small Prismatic Shard,INTERMEDIATE,TRAINER,20,1,0,0,1
22448,Small Prismatic Shard,INTERMEDIATE,TRAINER,7,1,0,0,1
22448,Small Prismatic Shard,INTERMEDIATE,TRAINER,9,1,0,0,1
4234,Heavy Leather,INTERMEDIATE,TRAINER,4,890,1090,81,1
4234,Heavy Leather,INTERMEDIATE,TRAINER,3,863,1090,79,1
2312,Fine Leather Gloves,GEAR,DROP,1,532,739,71,1
2312,Fine Leather Gloves,GEAR,DROP,1,526,739,71,1
2312,Fine Leather Gloves,GEAR,DROP,1,499,739,67,1
2312,Fine Leather Gloves,GEAR,DROP,1,494,739,66,1
2312,Fine Leather Gloves,GEAR,DROP,1,532,739,71,1
2312,Fine Leather Gloves,GEAR,DROP,1,526,739,71,1
2312,Fine Leather Gloves,GEAR,DROP,1,499,739,67,1
2312,Fine Leather Gloves,GEAR,DROP,1,494,739,66,1
2312,Fine Leather Gloves,GEAR,DROP,1,532,739,71,1
2312,Fine Leather Gloves,GEAR,DROP,1,526,739,71,1
2312,Fine Leather Gloves,GEAR,DROP,1,499,739,67,1
2312,Fine Leather Gloves,GEAR,DROP,1,494,739,66,1
2312,Fine Leather Gloves,GEAR,DROP,1,532,739,71,1
2312,Fine Leather Gloves,GEAR,DROP,1,526,739,71,1
2312,Fine Leather Gloves,GEAR,DROP,1,499,739,67,1
10003,Black Mageweave Gloves,GEAR,TRAINER,1,8589,11996,71,1
10003,Black Mageweave Gloves,GEAR,TRAINER,1,8503,11996,70,1
10003,Black Mageweave Gloves,GEAR,TRAINER,1,8247,11996,68,1
10003,Black Mageweave Gloves,GEAR,TRAINER,1,7999,11996,66,1
10003,Black Mageweave Gloves,GEAR,TRAINER,1,8589,11996,71,1
10003,Black Mageweave Gloves,GEAR,TRAINER,1,8503,11996,70,1
10003,Black Mageweave Gloves,GEAR,TRAINER,1,8247,11996,68,1
10003,Black Mageweave Gloves,GEAR,TRAINER,1,7999,11996,66,1
10003,Black Mageweave Gloves,GEAR,TRAINER,1,8589,11996,71,1
14048,Bolt of Runecloth,INTERMEDIATE,TRAINER,3,9028,11880,75,1
14048,Bolt of Runecloth,INTERMEDIATE,TRAINER,8,8847,11880,74,1
22448,Small Prismatic Shard,INTERMEDIATE,TRAINER,3,1,0,0,1
22448,Small Prismatic Shard,INTERMEDIATE,TRAINER,15,1,0,0,1
12404,Dense Sharpening Stone,MISC,TRAINER,7,1140,1440,79,1
4304,Thick Leather,INTERMEDIATE,TRAINER,1,2552,3636,70,1
4304,Thick Leather,INTERMEDIATE,TRAINER,6,2449,3636,67,1
15997,Thorium Shells,AMMO,TRAINER,1000,17,22,77,1
15997,Thorium Shells,AMMO,TRAINER,1000,16,22,72,1
15997,Thorium Shells,AMMO,TRAINER,400,15,22,68,1
22573,Mote of Earth,INTERMEDIATE,TRAINER,10,2661,3200,83,1
22573,Mote of Earth,INTERMEDIATE,TRAINER,10,2581,3200,80,1
22573,Mote of Earth,INTERMEDIATE,TRAINER,10,2661,3200,83,1
22573,Mote of Earth,INTERMEDIATE,TRAINER,10,2581,3200,80,1
22573,Mote of Earth,INTERMEDIATE,TRAINER,10,2661,3200,83,1
22573,Mote of Earth,INTERMEDIATE,TRAINER,10,2581,3200,80,1
22573,Mote of Earth,INTERMEDIATE,TRAINER,10,2661,3200,83,1
22573,Mote of Earth,INTERMEDIATE,TRAINER,10,2581,3200,80,1
22573,Mote of Earth,INTERMEDIATE,TRAINER,10,2661,3200,83,1
22573,Mote of Earth,INTERMEDIATE,TRAINER,10,2581,3200,80,1
22573,Mote of Earth,INTERMEDIATE,TRAINER,10,2661,3200,83,1
22573,Mote of Earth,INTERMEDIATE,TRAINER,10,2581,3200,80,1
22573,Mote of Earth,INTERMEDIATE,TRAINER,10,2661,3200,83,1
22573,Mote of Earth,INTERMEDIATE,TRAINER,10,2581,3200,80,1
22573,Mote of Earth,INTERMEDIATE,TRAINER,3,2661,3200,83,1
22573,Mote of Earth,INTERMEDIATE,TRAINER,7,2581,3200,80,1
7349,Herbalist's Gloves,GEAR,VENDOR,1,1746,2408,72,1
7349,Herbalist's Gloves,GEAR,VENDOR,1,1693,2408,70,1
7349,Herbalist's Gloves,GEAR,VENDOR,1,1746,2408,72,1
7349,Herbalist's Gloves,GEAR,VENDOR,1,1693,2408,70,1
7349,Herbalist's Gloves,GEAR,VENDOR,1,1746,2408,72,1
7349,Herbalist's Gloves,GEAR,VENDOR,1,1693,2408,70,1
7349,Herbalist's Gloves,GEAR,VENDOR,1,1746,2408,72,1
7349,Herbalist's Gloves,GEAR,VENDOR,1,1693,2408,70,1
7349,Herbalist's Gloves,GEAR,VENDOR,1,1746,2408,72,1
12644,Dense Grinding Stone,INTERMEDIATE,TRAINER,1,5100,5760,88,1
12644,Dense Grinding Stone,INTERMEDIATE,TRAINER,10,4896,5760,85,1
4314,Double-stitched Woolen Shoulders,GEAR,TRAINER,1,1152,1424,80,1
4314,Double-stitched Woolen Shoulders,GEAR,TRAINER,1,1128,1424,79,1
4314,Double-stitched Woolen Shoulders,GEAR,TRAINER,1,1105,1424,77,1
4314,Double-stitched Woolen Shoulders,GEAR,TRAINER,1,1152,1424,80,1
4314,Double-stitched Woolen Shoulders,GEAR,TRAINER,1,1128,1424,79,1
4314,Double-stitched Woolen Shoulders,GEAR,TRAINER,1,1105,1424,77,1
4314,Double-stitched Woolen Shoulders,GEAR,TRAINER,1,1152,1424,80,1
4314,Double-stitched Woolen Shoulders,GEAR,TRAINER,1,1128,1424,79,1
4314,Double-stitched Woolen Shoulders,GEAR,TRAINER,1,1105,1424,77,1
4314,Double-stitched Woolen Shoulders,GEAR,TRAINER,1,1152,1424,80,1
4314,Double-stitched Woolen Shoulders,GEAR,TRAINER,1,1128,1424,79,1
4314,Double-stitched Woolen Shoulders,GEAR,TRAINER,1,1105,1424,77,1
4314,Double-stitched Woolen Shoulders,GEAR,TRAINER,1,1152,1424,80,1
4314,Double-stitched Woolen Shoulders,GEAR,TRAINER,1,1128,1424,79,1
6385,Stylish Green Shirt,GEAR,DROP,1,2037,2282,89,1
6385,Stylish Green Shirt,GEAR,DROP,1,2016,2282,88,1
6385,Stylish Green Shirt,GEAR,DROP,1,1935,2282,84,1
6385,Stylish Green Shirt,GEAR,DROP,1,1838,2282,80,1
6385,Stylish Green Shirt,GEAR,DROP,1,2037,2282,89,1
6385,Stylish Green Shirt,GEAR,DROP,1,2016,2282,88,1
6385,Stylish Green Shirt,GEAR,DROP,1,1935,2282,84,1
6385,Stylish Green Shirt,GEAR,DROP,1,1838,2282,80,1
6385,Stylish Green Shirt,GEAR,DROP,1,2037,2282,89,1
22448,Small Prismatic Shard,INTERMEDIATE,TRAINER,20,1,0,0,1
22448,Small Prismatic Shard,INTERMEDIATE,TRAINER,1,1,0,0,1
22448,Small Prismatic Shard,INTERMEDIATE,TRAINER,6,1,0,0,1
15869,Silver Skeleton Key,MISC,TRAINER,16,134,159,84,1
8069,Crafted Solid Shot,AMMO,TRAINER,1000,1,2,50,1
8069,Crafted Solid Shot,AMMO,TRAINER,200,1,2,50,1
9999,Black Mageweave Leggings,GEAR,TRAINER,1,6638,9496,69,1
9999,Black Mageweave Leggings,GEAR,TRAINER,1,6571,9496,69,1
9999,Black Mageweave Leggings,GEAR,TRAINER,1,6638,9496,69,1
9999,Black Mageweave Leggings,GEAR,TRAINER,1,6571,9496,69,1
9999,Black Mageweave Leggings,GEAR,TRAINER,1,6638,9496,69,1
14048,Bolt of Runecloth,INTERMEDIATE,TRAINER,5,9741,11880,81,1
14048,Bolt of Runecloth,INTERMEDIATE,TRAINER,10,9546,11880,80,1
2584,Woolen Cape,GEAR,TRAINER,1,447,508,87,1
2584,Woolen Cape,GEAR,TRAINER,1,438,508,86,1
2584,Woolen Cape,GEAR,TRAINER,1,447,508,87,1
2584,Woolen Cape,GEAR,TRAINER,1,438,508,86,1
2584,Woolen Cape,GEAR,TRAINER,1,447,508,87,1
2584,Woolen Cape,GEAR,TRAINER,1,438,508,86,1
2584,Woolen Cape,GEAR,TRAINER,1,447,508,87,1
2584,Woolen Cape,GEAR,TRAINER,1,438,508,86,1
2584,Woolen Cape,GEAR,TRAINER,1,447,508,87,1
2584,Woolen Cape,GEAR,TRAINER,1,438,508,86,1
2584,Woolen Cape,GEAR,TRAINER,1,447,508,87,1
22448,Small Prismatic Shard,INTERMEDIATE,TRAINER,20,1,0,0,1
22448,Small Prismatic Shard,INTERMEDIATE,TRAINER,1,1,0,0,1
22448,Small Prismatic Shard,INTERMEDIATE,TRAINER,18,1,0,0,1
6662,Elixir of Giant Growth,ELIXIR_POT,DROP,5,86,108,79,1
6662,Elixir of Giant Growth,ELIXIR_POT,DROP,5,83,108,76,1
6662,Elixir of Giant Growth,ELIXIR_POT,DROP,5,86,108,79,1
13423,Stonescale Oil,INTERMEDIATE,TRAINER,8,86,102,84,1
22448,Small Prismatic Shard,INTERMEDIATE,TRAINER,20,1,0,0,1
22448,Small Prismatic Shard,INTERMEDIATE,TRAINER,1,1,0,0,1
4330,Stylish Red Shirt,GEAR,TRAINER,1,1177,1424,82,1
4330,Stylish Red Shirt,GEAR,TRAINER,1,1141,1424,80,1
4330,Stylish Red Shirt,GEAR,TRAINER,1,1177,1424,82,1
4330,Stylish Red Shirt,GEAR,TRAINER,1,1141,1424,80,1
4330,Stylish Red Shirt,GEAR,TRAINER,1,1177,1424,82,1
4330,Stylish Red Shirt,GEAR,TRAINER,1,1141,1424,80,1
4330,Stylish Red Shirt,GEAR,TRAINER,1,1177,1424,82,1
4330,Stylish Red Shirt,GEAR,TRAINER,1,1141,1424,80,1
4330,Stylish Red Shirt,GEAR,TRAINER,1,1177,1424,82,1
4330,Stylish Red Shirt,GEAR,TRAINER,1,1141,1424,80,1
4330,Stylish Red Shirt,GEAR,TRAINER,1,1177,1424,82,1
4312,Soft-soled Linen Boots,GEAR,TRAINER,1,572,846,67,1
4312,Soft-soled Linen Boots,GEAR,TRAINER,1,549,846,64,1
4312,Soft-soled Linen Boots,GEAR,TRAINER,1,532,846,62,1
4312,Soft-soled Linen Boots,GEAR,TRAINER,1,572,846,67,1
4312,Soft-soled Linen Boots,GEAR,TRAINER,1,549,846,64,1
4312,Soft-soled Linen Boots,GEAR,TRAINER,1,532,846,62,1
4312,Soft-soled Linen Boots,GEAR,TRAINER,1,572,846,67,1
4312,Soft-soled Linen Boots,GEAR,TRAINER,1,549,846,64,1
4312,Soft-soled Linen Boots,GEAR,TRAINER,1,532,846,62,1
22448,Small Prismatic Shard,INTERMEDIATE,TRAINER,20,1,0,0,1
22448,Small Prismatic Shard,INTERMEDIATE,TRAINER,20,1,0,0,1
22448,Small Prismatic Shard,INTERMEDIATE,TRAINER,4,1,0,0,1
22448,Small Prismatic Shard,INTERMEDIATE,TRAINER,1,1,0,0,1
8069,Crafted Solid Shot,AMMO,TRAINER,1000,1,2,50,1
8069,Crafted Solid Shot,AMMO,TRAINER,1000,1,2,50,1
8069,Crafted Solid Shot,AMMO,TRAINER,800,1,2,50,1
14342,Mooncloth,INTERMEDIATE,VENDOR,6,14044,15200,92,1
14342,Mooncloth,INTERMEDIATE,VENDOR,1,13341,15200,87,1
10513,Mithril Gyro-Shot,AMMO,TRAINER,1000,22,26,84,1
10513,Mithril Gyro-Shot,AMMO,TRAINER,1000,21,26,80,1
10513,Mithril Gyro-Shot,AMMO,TRAINER,600,22,26,84,1
22448,Small Prismatic Shard,INTERMEDIATE,TRAINER,20,1,0,0,1
22448,Small Prismatic Shard,INTERMEDIATE,TRAINER,13,1,0,0,1
22448,Small Prismatic Shard,INTERMEDIATE,TRAINER,3,1,0,0,1
13423,Stonescale Oil,INTERMEDIATE,TRAINER,8,63,102,61,1
13423,Stonescale Oil,INTERMEDIATE,TRAINER,2,62,102,60,1
10512,Hi-Impact Mithril Slugs,AMMO,TRAINER,1000,10,13,76,1
10512,Hi-Impact Mithril Slugs,AMMO,TRAINER,800,9,13,69,1
20002,Greater Dreamless Sleep Potion,ELIXIR_POT,VENDOR,5,1246,1708,72,1
20002,Greater Dreamless Sleep Potion,ELIXIR_POT,VENDOR,2,1233,1708,72,1
22448,Small Prismatic Shard,INTERMEDIATE,TRAINER,20,1,0,0,1
22448,Small Prismatic Shard,INTERMEDIATE,TRAINER,16,1,0,0,1
22448,Small Prismatic Shard,INTERMEDIATE,TRAINER,3,1,0,0,1
13423,Stonescale Oil,INTERMEDIATE,TRAINER,1,78,102,76,1
13423,Stonescale Oil,INTERMEDIATE,TRAINER,5,74,102,72,1
22448,Small Prismatic Shard,INTERMEDIATE,TRAINER,20,1,0,0,1
22448,Small Prismatic Shard,INTERMEDIATE,TRAINER,4,1,0,0,1
22448,Small Prismatic Shard,INTERMEDIATE,TRAINER,12,1,0,0,1
2569,Linen Boots,GEAR,TRAINER,1,328,439,74,1
2569,Linen Boots,GEAR,TRAINER,1,324,439,73,1
2569,Linen Boots,GEAR,TRAINER,1,328,439,74,1
2569,Linen Boots,GEAR,TRAINER,1,324,439,73,1
2569,Linen Boots,GEAR,TRAINER,1,328,439,74,1
2569,Linen Boots,GEAR,TRAINER,1,324,439,73,1
2569,Linen Boots,GEAR,TRAINER,1,328,439,74,1
2569,Linen Boots,GEAR,TRAINER,1,324,439,73,1
22448,Small Prismatic Shard,INTERMEDIATE,TRAINER,20,1,0,0,1
22448,Small Prismatic Shard,INTERMEDIATE,TRAINER,5,1,0,0,1
22448,Small Prismatic Shard,INTERMEDIATE,TRAINER,11,1,0,0,1
10056,Orange Mageweave Shirt,GEAR,TRAINER,1,5781,6998,82,1
10056,Orange Mageweave Shirt,GEAR,TRAINER,1,5607,6998,80,1
10056,Orange Mageweave Shirt,GEAR,TRAINER,1,5382,6998,76,1
10056,Orange Mageweave Shirt,GEAR,TRAINER,1,5112,6998,73,1
10056,Orange Mageweave Shirt,GEAR,TRAINER,1,5781,6998,82,1
10056,Orange Mageweave Shirt,GEAR,TRAINER,1,5607,6998,80,1
10056,Orange Mageweave Shirt,GEAR,TRAINER,1,5382,6998,76,1
2857,Runed Copper Belt,GEAR,TRAINER,1,183,200,91,1
2857,Runed Copper Belt,GEAR,TRAINER,1,175,200,87,1
2857,Runed Copper Belt,GEAR,TRAINER,1,183,200,91,1
2857,Runed Copper Belt,GEAR,TRAINER,1,175,200,87,1
2857,Runed Copper Belt,GEAR,TRAINER,1,183,200,91,1
2857,Runed Copper Belt,GEAR,TRAINER,1,175,200,87,1
2857,Runed Copper Belt,GEAR,TRAINER,1,183,200,91,1
2857,Runed Copper Belt,GEAR,TRAINER,1,175,200,87,1
2857,Runed Copper Belt,GEAR,TRAINER,1,183,200,91,1
6385,Stylish Green Shirt,GEAR,DROP,1,2249,2282,98,1
6385,Stylish Green Shirt,GEAR,DROP,1,2204,2282,96,1
6385,Stylish Green Shirt,GEAR,DROP,1,2115,2282,92,1
6385,Stylish Green Shirt,GEAR,DROP,1,2030,2282,88,1
6385,Stylish Green Shirt,GEAR,DROP,1,2249,2282,98,1
6385,Stylish Green Shirt,GEAR,DROP,1,2204,2282,96,1
6385,Stylish Green Shirt,GEAR,DROP,1,2115,2282,92,1
6385,Stylish Green Shirt,GEAR,DROP,1,2030,2282,88,1
6385,Stylish Green Shirt,GEAR,DROP,1,2249,2282,98,1
6385,Stylish Green Shirt,GEAR,DROP,1,2204,2282,96,1
13423,Stonescale Oil,INTERMEDIATE,TRAINER,7,69,102,67,1
22448,Small Prismatic Shard,INTERMEDIATE,TRAINER,20,1,0,0,1
22448,Small Prismatic Shard,INTERMEDIATE,TRAINER,7,1,0,0,1
4330,Stylish Red Shirt,GEAR,TRAINER,1,1243,1424,87,1
4330,Stylish Red Shirt,GEAR,TRAINER,1,1180,1424,82,1
4330,Stylish Red Shirt,GEAR,TRAINER,1,1156,1424,81,1
4330,Stylish Red Shirt,GEAR,TRAINER,1,1243,1424,87,1
4330,Stylish Red Shirt,GEAR,TRAINER,1,1180,1424,82,1
4330,Stylish Red Shirt,GEAR,TRAINER,1,1156,1424,81,1
4330,Stylish Red Shirt,GEAR,TRAINER,1,1243,1424,87,1
4330,Stylish Red Shirt,GEAR,TRAINER,1,1180,1424,82,1
4330,Stylish Red Shirt,GEAR,TRAINER,1,1156,1424,81,1
4330,Stylish Red Shirt,GEAR,TRAINER,1,1243,1424,87,1
4330,Stylish Red Shirt,GEAR,TRAINER,1,1180,1424,82,1
4330,Stylish Red Shirt,GEAR,TRAINER,1,1156,1424,81,1
4330,Stylish Red Shirt,GEAR,TRAINER,1,1243,1424,87,1
4330,Stylish Red Shirt,GEAR,TRAINER,1,1180,1424,82,1
4234,Heavy Leather,INTERMEDIATE,TRAINER,14,819,1090,75,1
4234,Heavy Leather,INTERMEDIATE,TRAINER,1,810,1090,74,1
5966,Guardian Gloves,GEAR,TRAINER,1,3644,4183,87,1
5966,Guardian Gloves,GEAR,TRAINER,1,3498,4183,83,1
5966,Guardian Gloves,GEAR,TRAINER,1,3463,4183,82,1
5966,Guardian Gloves,GEAR,TRAINER,1,3393,4183,81,1
5966,Guardian Gloves,GEAR,TRAINER,1,3644,4183,87,1
5966,Guardian Gloves,GEAR,TRAINER,1,3498,4183,83,1
5966,Guardian Gloves,GEAR,TRAINER,1,3463,4183,82,1
5966,Guardian Gloves,GEAR,TRAINER,1,3393,4183,81,1
5966,Guardian Gloves,GEAR,TRAINER,1,3644,4183,87,1
5966,Guardian Gloves,GEAR,TRAINER,1,3498,4183,83,1
5966,Guardian Gloves,GEAR,TRAINER,1,3463,4183,82,1
22448,Small Prismatic Shard,INTERMEDIATE,TRAINER,20,1,0,0,1
22448,Small Prismatic Shard,INTERMEDIATE,TRAINER,8,1,0,0,1
22448,Small Prismatic Shard,INTERMEDIATE,TRAINER,5,1,0,0,1
2867,Rough Bronze Bracers,GEAR,UNSOURCED,1,184,248,74,1
2867,Rough Bronze Bracers,GEAR,UNSOURCED,1,180,248,72,1
2867,Rough Bronze Bracers,GEAR,UNSOURCED,1,172,248,69,1
2867,Rough Bronze Bracers,GEAR,UNSOURCED,1,170,248,68,1
2867,Rough Bronze Bracers,GEAR,UNSOURCED,1,184,248,74,1
2867,Rough Bronze Bracers,GEAR,UNSOURCED,1,180,248,72,1
2867,Rough Bronze Bracers,GEAR,UNSOURCED,1,172,248,69,1
2867,Rough Bronze Bracers,GEAR,UNSOURCED,1,170,248,68,1
2867,Rough Bronze Bracers,GEAR,UNSOURCED,1,184,248,74,1
2867,Rough Bronze Bracers,GEAR,UNSOURCED,1,180,248,72,1
3391,Elixir of Ogre's Strength,ELIXIR_POT,DROP,5,188,237,79,1
3391,Elixir of Ogre's Strength,ELIXIR_POT,DROP,9,178,237,75,1
10512,Hi-Impact Mithril Slugs,AMMO,TRAINER,1000,10,13,76,1
10512,Hi-Impact Mithril Slugs,AMMO,TRAINER,1000,9,13,69,1
10512,Hi-Impact Mithril Slugs,AMMO,TRAINER,800,8,13,61,1
4314,Double-stitched Woolen Shoulders,GEAR,TRAINER,1,1445,1424,101,1
4314,Double-stitched Woolen Shoulders,GEAR,TRAINER,1,1372,1424,96,1
4314,Double-stitched Woolen Shoulders,GEAR,TRAINER,1,1445,1424,101,1
4314,Double-stitched Woolen Shoulders,GEAR,TRAINER,1,1372,1424,96,1
4314,Double-stitched Woolen Shoulders,GEAR,TRAINER,1,1445,1424,101,1
4314,Double-stitched Woolen Shoulders,GEAR,TRAINER,1,1372,1424,96,1
4314,Double-stitched Woolen Shoulders,GEAR,TRAINER,1,1445,1424,101,1
4314,Double-stitched Woolen Shoulders,GEAR,TRAINER,1,1372,1424,96,1
4314,Double-stitched Woolen Shoulders,GEAR,TRAINER,1,1445,1424,101,1
4314,Double-stitched Woolen Shoulders,GEAR,TRAINER,1,1372,1424,96,1
4314,Double-stitched Woolen Shoulders,GEAR,TRAINER,1,1445,1424,101,1
7349,Herbalist's Gloves,GEAR,VENDOR,1,2170,2408,90,1
7349,Herbalist's Gloves,GEAR,VENDOR,1,2104,2408,87,1
7349,Herbalist's Gloves,GEAR,VENDOR,1,2170,2408,90,1
7349,Herbalist's Gloves,GEAR,VENDOR,1,2104,2408,87,1
7349,Herbalist's Gloves,GEAR,VENDOR,1,2170,2408,90,1
7349,Herbalist's Gloves,GEAR,VENDOR,1,2104,2408,87,1
7349,Herbalist's Gloves,GEAR,VENDOR,1,2170,2408,90,1
7349,Herbalist's Gloves,GEAR,VENDOR,1,2104,2408,87,1
18662,Heavy Leather Ball,MISC,VENDOR,5,930,1312,70,1
18662,Heavy Leather Ball,MISC,VENDOR,5,902,1312,68,1
18662,Heavy Leather Ball,MISC,VENDOR,1,856,1312,65,1
4234,Heavy Leather,INTERMEDIATE,TRAINER,13,941,1090,86,1
4234,Heavy Leather,INTERMEDIATE,TRAINER,2,922,1090,84,1
13423,Stonescale Oil,INTERMEDIATE,TRAINER,4,87,102,85,1
13423,Stonescale Oil,INTERMEDIATE,TRAINER,4,82,102,80,1
18662,Heavy Leather Ball,MISC,VENDOR,5,930,1312,70,1
18662,Heavy Leather Ball,MISC,VENDOR,2,892,1312,67,1
4314,Double-stitched Woolen Shoulders,GEAR,TRAINER,1,1230,1424,86,1
4314,Double-stitched Woolen Shoulders,GEAR,TRAINER,1,1205,1424,84,1
4314,Double-stitched Woolen Shoulders,GEAR,TRAINER,1,1230,1424,86,1
4314,Double-stitched Woolen Shoulders,GEAR,TRAINER,1,1205,1424,84,1
4314,Double-stitched Woolen Shoulders,GEAR,TRAINER,1,1230,1424,86,1
4314,Double-stitched Woolen Shoulders,GEAR,TRAINER,1,1205,1424,84,1
4314,Double-stitched Woolen Shoulders,GEAR,TRAINER,1,1230,1424,86,1
4314,Double-stitched Woolen Shoulders,GEAR,TRAINER,1,1205,1424,84,1
4314,Double-stitched Woolen Shoulders,GEAR,TRAINER,1,1230,1424,86,1
4314,Double-stitched Woolen Shoulders,GEAR,TRAINER,1,1205,1424,84,1
4314,Double-stitched Woolen Shoulders,GEAR,TRAINER,1,1230,1424,86,1
22448,Small Prismatic Shard,INTERMEDIATE,TRAINER,20,1,0,0,1
22448,Small Prismatic Shard,INTERMEDIATE,TRAINER,4,1,0,0,1
22448,Small Prismatic Shard,INTERMEDIATE,TRAINER,3,1,0,0,1
15997,Thorium Shells,AMMO,TRAINER,1000,17,22,77,1
15997,Thorium Shells,AMMO,TRAINER,800,16,22,72,1
4251,Hillman's Shoulders,GEAR,TRAINER,1,1436,1779,80,1
4251,Hillman's Shoulders,GEAR,TRAINER,1,1364,1779,76,1
4251,Hillman's Shoulders,GEAR,TRAINER,1,1295,1779,72,1
4251,Hillman's Shoulders,GEAR,TRAINER,1,1436,1779,80,1
4251,Hillman's Shoulders,GEAR,TRAINER,1,1364,1779,76,1
4251,Hillman's Shoulders,GEAR,TRAINER,1,1295,1779,72,1
4251,Hillman's Shoulders,GEAR,TRAINER,1,1436,1779,80,1
10056,Orange Mageweave Shirt,GEAR,TRAINER,1,6635,6998,94,1
10056,Orange Mageweave Shirt,GEAR,TRAINER,1,6303,6998,90,1
10056,Orange Mageweave Shirt,GEAR,TRAINER,1,6635,6998,94,1
10056,Orange Mageweave Shirt,GEAR,TRAINER,1,6303,6998,90,1
10056,Orange Mageweave Shirt,GEAR,TRAINER,1,6635,6998,94,1
10512,Hi-Impact Mithril Slugs,AMMO,TRAINER,1000,10,13,76,1
10512,Hi-Impact Mithril Slugs,AMMO,TRAINER,1000,9,13,69,1
10512,Hi-Impact Mithril Slugs,AMMO,TRAINER,800,8,13,61,1
19056,Argent Boots,GEAR,VENDOR,1,526848,421210,125,0
22448,Small Prismatic Shard,INTERMEDIATE,TRAINER,20,1,0,0,1
22448,Small Prismatic Shard,INTERMEDIATE,TRAINER,3,1,0,0,1
22448,Small Prismatic Shard,INTERMEDIATE,TRAINER,1,1,0,0,1
22573,Mote of Earth,INTERMEDIATE,TRAINER,10,2675,3200,83,1
22573,Mote of Earth,INTERMEDIATE,TRAINER,10,2594,3200,81,1
22573,Mote of Earth,INTERMEDIATE,TRAINER,10,2490,3200,77,1
22573,Mote of Earth,INTERMEDIATE,TRAINER,10,2675,3200,83,1
22573,Mote of Earth,INTERMEDIATE,TRAINER,10,2594,3200,81,1
22573,Mote of Earth,INTERMEDIATE,TRAINER,6,2490,3200,77,1
22573,Mote of Earth,INTERMEDIATE,TRAINER,4,2675,3200,83,1
2580,Reinforced Linen Cape,GEAR,TRAINER,1,189,254,74,1
2580,Reinforced Linen Cape,GEAR,TRAINER,1,185,254,72,1
2580,Reinforced Linen Cape,GEAR,TRAINER,1,189,254,74,1
2580,Reinforced Linen Cape,GEAR,TRAINER,1,185,254,72,1
2580,Reinforced Linen Cape,GEAR,TRAINER,1,189,254,74,1
2580,Reinforced Linen Cape,GEAR,TRAINER,1,185,254,72,1
2580,Reinforced Linen Cape,GEAR,TRAINER,1,189,254,74,1
2580,Reinforced Linen Cape,GEAR,TRAINER,1,185,254,72,1
2580,Reinforced Linen Cape,GEAR,TRAINER,1,189,254,74,1
2580,Reinforced Linen Cape,GEAR,TRAINER,1,185,254,72,1
2580,Reinforced Linen Cape,GEAR,TRAINER,1,189,254,74,1
2580,Reinforced Linen Cape,GEAR,TRAINER,1,185,254,72,1
2580,Reinforced Linen Cape,GEAR,TRAINER,1,189,254,74,1
2580,Reinforced Linen Cape,GEAR,TRAINER,1,185,254,72,1
2580,Reinforced Linen Cape,GEAR,TRAINER,1,189,254,74,1
14342,Mooncloth,INTERMEDIATE,VENDOR,4,11026,15200,72,1
14342,Mooncloth,INTERMEDIATE,VENDOR,2,10584,15200,69,1
2579,Green Linen Shirt,GEAR,TRAINER,1,532,536,99,1
2579,Green Linen Shirt,GEAR,TRAINER,1,505,536,94,1
2579,Green Linen Shirt,GEAR,TRAINER,1,494,536,92,1
2579,Green Linen Shirt,GEAR,TRAINER,1,532,536,99,1
2579,Green Linen Shirt,GEAR,TRAINER,1,505,536,94,1
2579,Green Linen Shirt,GEAR,TRAINER,1,494,536,92,1
2579,Green Linen Shirt,GEAR,TRAINER,1,532,536,99,1
2579,Green Linen Shirt,GEAR,TRAINER,1,505,536,94,1
14046,Runecloth Bag,BAG,VENDOR,1,69392,61005,113,0
14046,Runecloth Bag,BAG,VENDOR,1,68698,61005,112,0
14046,Runecloth Bag,BAG,VENDOR,1,65263,61005,106,0
6452,Anti-Venom,MISC,TRAINER,20,138,161,85,1
6452,Anti-Venom,MISC,TRAINER,7,133,161,82,1
4330,Stylish Red Shirt,GEAR,TRAINER,1,1228,1424,86,1
4330,Stylish Red Shirt,GEAR,TRAINER,1,1166,1424,81,1
4330,Stylish Red Shirt,GEAR,TRAINER,1,1228,1424,86,1
4330,Stylish Red Shirt,GEAR,TRAINER,1,1166,1424,81,1
4330,Stylish Red Shirt,GEAR,TRAINER,1,1228,1424,86,1
4330,Stylish Red Shirt,GEAR,TRAINER,1,1166,1424,81,1
4330,Stylish Red Shirt,GEAR,TRAINER,1,1228,1424,86,1
4330,Stylish Red Shirt,GEAR,TRAINER,1,1166,1424,81,1
4330,Stylish Red Shirt,GEAR,TRAINER,1,1228,1424,86,1
4330,Stylish Red Shirt,GEAR,TRAINER,1,1166,1424,81,1
4330,Stylish Red Shirt,GEAR,TRAINER,1,1228,1424,86,1
4330,Stylish Red Shirt,GEAR,TRAINER,1,1166,1424,81,1
4330,Stylish Red Shirt,GEAR,TRAINER,1,1228,1424,86,1
4330,Stylish Red Shirt,GEAR,TRAINER,1,1166,1424,81,1
4330,Stylish Red Shirt,GEAR,TRAINER,1,1228,1424,86,1
22448,Small Prismatic Shard,INTERMEDIATE,TRAINER,20,1,0,0,1
22448,Small Prismatic Shard,INTERMEDIATE,TRAINER,5,1,0,0,1
22448,Small Prismatic Shard,INTERMEDIATE,TRAINER,5,1,0,0,1
4314,Double-stitched Woolen Shoulders,GEAR,TRAINER,1,982,1424,68,1
4314,Double-stitched Woolen Shoulders,GEAR,TRAINER,1,942,1424,66,1
4314,Double-stitched Woolen Shoulders,GEAR,TRAINER,1,932,1424,65,1
4314,Double-stitched Woolen Shoulders,GEAR,TRAINER,1,922,1424,64,1
4314,Double-stitched Woolen Shoulders,GEAR,TRAINER,1,982,1424,68,1
4314,Double-stitched Woolen Shoulders,GEAR,TRAINER,1,942,1424,66,1
4314,Double-stitched Woolen Shoulders,GEAR,TRAINER,1,932,1424,65,1
4314,Double-stitched Woolen Shoulders,GEAR,TRAINER,1,922,1424,64,1
4314,Double-stitched Woolen Shoulders,GEAR,TRAINER,1,982,1424,68,1
4314,Double-stitched Woolen Shoulders,GEAR,TRAINER,1,942,1424,66,1
4314,Double-stitched Woolen Shoulders,GEAR,TRAINER,1,932,1424,65,1
4314,Double-stitched Woolen Shoulders,GEAR,TRAINER,1,922,1424,64,1
10513,Mithril Gyro-Shot,AMMO,TRAINER,1000,21,26,80,1
10513,Mithril Gyro-Shot,AMMO,TRAINER,1000,20,26,76,1
10513,Mithril Gyro-Shot,AMMO,TRAINER,400,19,26,73,1
2842,Silver Bar,INTERMEDIATE,TRAINER,8,282,303,93,1
2842,Silver Bar,INTERMEDIATE,TRAINER,7,276,303,91,1
15997,Thorium Shells,AMMO,TRAINER,1000,19,22,86,1
15997,Thorium Shells,AMMO,TRAINER,1000,18,22,81,1
15997,Thorium Shells,AMMO,TRAINER,800,17,22,77,1
22448,Small Prismatic Shard,INTERMEDIATE,TRAINER,20,1,0,0,1
22448,Small Prismatic Shard,INTERMEDIATE,TRAINER,10,1,0,0,1
22448,Small Prismatic Shard,INTERMEDIATE,TRAINER,12,1,0,0,1
22448,Small Prismatic Shard,INTERMEDIATE,TRAINER,3,1,0,0,1
13423,Stonescale Oil,INTERMEDIATE,TRAINER,9,86,102,84,1
13423,Stonescale Oil,INTERMEDIATE,TRAINER,5,83,102,81,1
8172,Cured Thick Hide,INTERMEDIATE,TRAINER,3,3101,4545,68,1
8172,Cured Thick Hide,INTERMEDIATE,TRAINER,9,2976,4545,65,1
2868,Patterned Bronze Bracers,GEAR,TRAINER,1,349,430,81,1
2868,Patterned Bronze Bracers,GEAR,TRAINER,1,345,430,80,1
2868,Patterned Bronze Bracers,GEAR,TRAINER,1,331,430,76,1
2868,Patterned Bronze Bracers,GEAR,TRAINER,1,317,430,73,1
2868,Patterned Bronze Bracers,GEAR,TRAINER,1,349,430,81,1
2868,Patterned Bronze Bracers,GEAR,TRAINER,1,345,430,80,1
4330,Stylish Red Shirt,GEAR,TRAINER,1,1230,1424,86,1
4330,Stylish Red Shirt,GEAR,TRAINER,1,1180,1424,82,1
4330,Stylish Red Shirt,GEAR,TRAINER,1,1230,1424,86,1
4330,Stylish Red Shirt,GEAR,TRAINER,1,1180,1424,82,1
4330,Stylish Red Shirt,GEAR,TRAINER,1,1230,1424,86,1
4330,Stylish Red Shirt,GEAR,TRAINER,1,1180,1424,82,1
4330,Stylish Red Shirt,GEAR,TRAINER,1,1230,1424,86,1
4330,Stylish Red Shirt,GEAR,TRAINER,1,1180,1424,82,1
4330,Stylish Red Shirt,GEAR,TRAINER,1,1230,1424,86,1
4330,Stylish Red Shirt,GEAR,TRAINER,1,1180,1424,82,1
4330,Stylish Red Shirt,GEAR,TRAINER,1,1230,1424,86,1
4318,Gloves of Meditation,GEAR,TRAINER,1,1849,2322,79,1
4318,Gloves of Meditation,GEAR,TRAINER,1,1812,2322,78,1
4318,Gloves of Meditation,GEAR,TRAINER,1,1775,2322,76,1
4318,Gloves of Meditation,GEAR,TRAINER,1,1849,2322,79,1
4318,Gloves of Meditation,GEAR,TRAINER,1,1812,2322,78,1
4318,Gloves of Meditation,GEAR,TRAINER,1,1775,2322,76,1
2842,Silver Bar,INTERMEDIATE,TRAINER,3,198,303,65,1
2842,Silver Bar,INTERMEDIATE,TRAINER,6,196,303,64,1
22448,Small Prismatic Shard,INTERMEDIATE,TRAINER,12,1,0,0,1
22448,Small Prismatic Shard,INTERMEDIATE,TRAINER,3,1,0,0,1
4265,Heavy Armor Kit,MISC,TRAINER,7,3109,3130,99,1
22573,Mote of Earth,INTERMEDIATE,TRAINER,10,2966,3200,92,1
22573,Mote of Earth,INTERMEDIATE,TRAINER,10,2936,3200,91,1
22573,Mote of Earth,INTERMEDIATE,TRAINER,10,2877,3200,89,1
22573,Mote of Earth,INTERMEDIATE,TRAINER,10,2790,3200,87,1
22573,Mote of Earth,INTERMEDIATE,TRAINER,10,2966,3200,92,1
22573,Mote of Earth,INTERMEDIATE,TRAINER,10,2936,3200,91,1
22573,Mote of Earth,INTERMEDIATE,TRAINER,1,2877,3200,89,1
22573,Mote of Earth,INTERMEDIATE,TRAINER,9,2790,3200,87,1
22448,Small Prismatic Shard,INTERMEDIATE,TRAINER,20,1,0,0,1
22448,Small Prismatic Shard,INTERMEDIATE,TRAINER,5,1,0,0,1
22448,Small Prismatic Shard,INTERMEDIATE,TRAINER,2,1,0,0,1
10056,Orange Mageweave Shirt,GEAR,TRAINER,1,6051,6998,86,1
10056,Orange Mageweave Shirt,GEAR,TRAINER,1,5748,6998,82,1
10056,Orange Mageweave Shirt,GEAR,TRAINER,1,5575,6998,79,1
10056,Orange Mageweave Shirt,GEAR,TRAINER,1,5352,6998,76,1
10056,Orange Mageweave Shirt,GEAR,TRAINER,1,6051,6998,86,1
10056,Orange Mageweave Shirt,GEAR,TRAINER,1,5748,6998,82,1
4304,Thick Leather,INTERMEDIATE,TRAINER,6,3946,3636,108,0
4304,Thick Leather,INTERMEDIATE,TRAINER,9,3827,3636,105,0
2584,Woolen Cape,GEAR,TRAINER,1,446,508,87,1
2584,Woolen Cape,GEAR,TRAINER,1,423,508,83,1
2584,Woolen Cape,GEAR,TRAINER,1,418,508,82,1
2584,Woolen Cape,GEAR,TRAINER,1,446,508,87,1
2584,Woolen Cape,GEAR,TRAINER,1,423,508,83,1
2584,Woolen Cape,GEAR,TRAINER,1,418,508,82,1
2584,Woolen Cape,GEAR,TRAINER,1,446,508,87,1
2584,Woolen Cape,GEAR,TRAINER,1,423,508,83,1
2584,Woolen Cape,GEAR,TRAINER,1,418,508,82,1
7964,Solid Sharpening Stone,MISC,TRAINER,7,522,588,88,1
6051,Holy Protection Potion,ELIXIR_POT,VENDOR,13,155,191,81,1
5763,Red Woolen Bag,BAG,VENDOR,1,1534,1782,86,1
5763,Red Woolen Bag,BAG,VENDOR,1,1503,1782,84,1
5763,Red Woolen Bag,BAG,VENDOR,1,1487,1782,83,1
5763,Red Woolen Bag,BAG,VENDOR,1,1534,1782,86,1
5763,Red Woolen Bag,BAG,VENDOR,1,1503,1782,84,1
5763,Red Woolen Bag,BAG,VENDOR,1,1487,1782,83,1
5763,Red Woolen Bag,BAG,VENDOR,1,1534,1782,86,1
5763,Red Woolen Bag,BAG,VENDOR,1,1503,1782,84,1
5763,Red Woolen Bag,BAG,VENDOR,1,1487,1782,83,1
22448,Small Prismatic Shard,INTERMEDIATE,TRAINER,20,1,0,0,1
22448,Small Prismatic Shard,INTERMEDIATE,TRAINER,1,1,0,0,1
10513,Mithril Gyro-Shot,AMMO,TRAINER,1000,20,26,76,1
15997,Thorium Shells,AMMO,TRAINER,1000,16,22,72,1
15997,Thorium Shells,AMMO,TRAINER,400,15,22,68,1
2457,Elixir of Minor Agility,ELIXIR_POT,DROP,5,106,134,79,1
13423,Stonescale Oil,INTERMEDIATE,TRAINER,8,67,102,65,1
13423,Stonescale Oil,INTERMEDIATE,TRAINER,2,65,102,63,1
4234,Heavy Leather,INTERMEDIATE,TRAINER,5,985,1090,90,1
4234,Heavy Leather,INTERMEDIATE,TRAINER,5,935,1090,85,1
14342,Mooncloth,INTERMEDIATE,VENDOR,6,12742,15200,83,1
7965,Solid Weightstone,MISC,TRAINER,6,902,1182,76,1
14342,Mooncloth,INTERMEDIATE,VENDOR,4,10899,15200,71,1
14342,Mooncloth,INTERMEDIATE,VENDOR,5,10572,15200,69,1
14342,Mooncloth,INTERMEDIATE,VENDOR,1,11628,15200,76,1
14342,Mooncloth,INTERMEDIATE,VENDOR,7,11279,15200,74,1
13423,Stonescale Oil,INTERMEDIATE,TRAINER,8,76,102,74,1
13423,Stonescale Oil,INTERMEDIATE,TRAINER,1,72,102,70,1
3531,Heavy Wool Bandage,MISC,TRAINER,7,183,272,67,1
6048,Shadow Protection Potion,ELIXIR_POT,VENDOR,9,264,306,86,1
12404,Dense Sharpening Stone,MISC,TRAINER,13,1211,1440,84,1
3391,Elixir of Ogre's Strength,ELIXIR_POT,DROP,11,227,237,95,1
6384,Stylish Blue Shirt,GEAR,DROP,1,1866,2182,85,1
6384,Stylish Blue Shirt,GEAR,DROP,1,1810,2182,82,1
6384,Stylish Blue Shirt,GEAR,DROP,1,1866,2182,85,1
6384,Stylish Blue Shirt,GEAR,DROP,1,1810,2182,82,1
6384,Stylish Blue Shirt,GEAR,DROP,1,1866,2182,85,1
6384,Stylish Blue Shirt,GEAR,DROP,1,1810,2182,82,1
6384,Stylish Blue Shirt,GEAR,DROP,1,1866,2182,85,1
6384,Stylish Blue Shirt,GEAR,DROP,1,1810,2182,82,1
6384,Stylish Blue Shirt,GEAR,DROP,1,1866,2182,85,1
6384,Stylish Blue Shirt,GEAR,DROP,1,1810,2182,82,1
22448,Small Prismatic Shard,INTERMEDIATE,TRAINER,20,1,0,0,1
22448,Small Prismatic Shard,INTERMEDIATE,TRAINER,6,1,0,0,1
22448,Small Prismatic Shard,INTERMEDIATE,TRAINER,10,1,0,0,1
18408,Inferno Gloves,GEAR,DROP,1,457040,249340,183,0
18408,Inferno Gloves,GEAR,DROP,1,447899,249340,179,0
13506,Potion of Petrification,ELIXIR_POT,DROP,20,550,607,90,1
13506,Potion of Petrification,ELIXIR_POT,DROP,10,544,607,89,1
10008,White Bandit Mask,GEAR,DROP,1,5043,6023,83,1
10008,White Bandit Mask,GEAR,DROP,1,4942,6023,82,1
10008,White Bandit Mask,GEAR,DROP,1,5043,6023,83,1
10008,White Bandit Mask,GEAR,DROP,1,4942,6023,82,1
10008,White Bandit Mask,GEAR,DROP,1,5043,6023,83,1
10008,White Bandit Mask,GEAR,DROP,1,4942,6023,82,1
22448,Small Prismatic Shard,INTERMEDIATE,TRAINER,20,1,0,0,1
22448,Small Prismatic Shard,INTERMEDIATE,TRAINER,20,1,0,0,1
22448,Small Prismatic Shard,INTERMEDIATE,TRAINER,5,1,0,0,1
8069,Crafted Solid Shot,AMMO,TRAINER,1000,1,2,50,1
8069,Crafted Solid Shot,AMMO,TRAINER,1000,1,2,50,1
8069,Crafted Solid Shot,AMMO,TRAINER,400,1,2,50,1
2868,Patterned Bronze Bracers,GEAR,TRAINER,1,348,430,80,1
2868,Patterned Bronze Bracers,GEAR,TRAINER,1,330,430,76,1
2868,Patterned Bronze Bracers,GEAR,TRAINER,1,348,430,80,1
2868,Patterned Bronze Bracers,GEAR,TRAINER,1,330,430,76,1
2868,Patterned Bronze Bracers,GEAR,TRAINER,1,348,430,80,1
2868,Patterned Bronze Bracers,GEAR,TRAINER,1,330,430,76,1
2868,Patterned Bronze Bracers,GEAR,TRAINER,1,348,430,80,1
2868,Patterned Bronze Bracers,GEAR,TRAINER,1,330,430,76,1
2868,Patterned Bronze Bracers,GEAR,TRAINER,1,348,430,80,1
2868,Patterned Bronze Bracers,GEAR,TRAINER,1,330,430,76,1
3575,Iron Bar,INTERMEDIATE,TRAINER,3,799,900,88,1
3575,Iron Bar,INTERMEDIATE,TRAINER,7,791,900,87,1
4314,Double-stitched Woolen Shoulders,GEAR,TRAINER,1,1085,1424,76,1
4314,Double-stitched Woolen Shoulders,GEAR,TRAINER,1,1052,1424,73,1
4314,Double-stitched Woolen Shoulders,GEAR,TRAINER,1,1041,1424,73,1
4314,Double-stitched Woolen Shoulders,GEAR,TRAINER,1,1020,1424,71,1
4314,Double-stitched Woolen Shoulders,GEAR,TRAINER,1,1085,1424,76,1
4314,Double-stitched Woolen Shoulders,GEAR,TRAINER,1,1052,1424,73,1
4314,Double-stitched Woolen Shoulders,GEAR,TRAINER,1,1041,1424,73,1
4314,Double-stitched Woolen Shoulders,GEAR,TRAINER,1,1020,1424,71,1
2868,Patterned Bronze Bracers,GEAR,TRAINER,1,307,430,71,1
2868,Patterned Bronze Bracers,GEAR,TRAINER,1,300,430,69,1
2868,Patterned Bronze Bracers,GEAR,TRAINER,1,307,430,71,1
2868,Patterned Bronze Bracers,GEAR,TRAINER,1,300,430,69,1
2868,Patterned Bronze Bracers,GEAR,TRAINER,1,307,430,71,1
2868,Patterned Bronze Bracers,GEAR,TRAINER,1,300,430,69,1
2868,Patterned Bronze Bracers,GEAR,TRAINER,1,307,430,71,1
2868,Patterned Bronze Bracers,GEAR,TRAINER,1,300,430,69,1
2868,Patterned Bronze Bracers,GEAR,TRAINER,1,307,430,71,1
2868,Patterned Bronze Bracers,GEAR,TRAINER,1,300,430,69,1
2868,Patterned Bronze Bracers,GEAR,TRAINER,1,307,430,71,1
2868,Patterned Bronze Bracers,GEAR,TRAINER,1,300,430,69,1
2868,Patterned Bronze Bracers,GEAR,TRAINER,1,307,430,71,1
2868,Patterned Bronze Bracers,GEAR,TRAINER,1,300,430,69,1
2868,Patterned Bronze Bracers,GEAR,TRAINER,1,307,430,71,1
8069,Crafted Solid Shot,AMMO,TRAINER,1000,1,2,50,1
8069,Crafted Solid Shot,AMMO,TRAINER,400,1,2,50,1
22448,Small Prismatic Shard,INTERMEDIATE,TRAINER,20,1,0,0,1
22448,Small Prismatic Shard,INTERMEDIATE,TRAINER,20,1,0,0,1
22448,Small Prismatic Shard,INTERMEDIATE,TRAINER,4,1,0,0,1
22448,Small Prismatic Shard,INTERMEDIATE,TRAINER,1,1,0,0,1
13445,Elixir of Superior Defense,ELIXIR_POT,VENDOR,5,930,1064,87,1
13445,Elixir of Superior Defense,ELIXIR_POT,VENDOR,5,911,1064,85,1
10512,Hi-Impact Mithril Slugs,AMMO,TRAINER,1000,10,13,76,1
10512,Hi-Impact Mithril Slugs,AMMO,TRAINER,200,9,13,69,1
22448,Small Prismatic Shard,INTERMEDIATE,TRAINER,20,1,0,0,1
22448,Small Prismatic Shard,INTERMEDIATE,TRAINER,20,1,0,0,1
22448,Small Prismatic Shard,INTERMEDIATE,TRAINER,1,1,0,0,1
22448,Small Prismatic Shard,INTERMEDIATE,TRAINER,4,1,0,0,1
2868,Patterned Bronze Bracers,GEAR,TRAINER,1,366,430,85,1
2868,Patterned Bronze Bracers,GEAR,TRAINER,1,347,430,80,1
2868,Patterned Bronze Bracers,GEAR,TRAINER,1,366,430,85,1
2868,Patterned Bronze Bracers,GEAR,TRAINER,1,347,430,80,1
2868,Patterned Bronze Bracers,GEAR,TRAINER,1,366,430,85,1
2868,Patterned Bronze Bracers,GEAR,TRAINER,1,347,430,80,1
2868,Patterned Bronze Bracers,GEAR,TRAINER,1,366,430,85,1
2868,Patterned Bronze Bracers,GEAR,TRAINER,1,347,430,80,1
2868,Patterned Bronze Bracers,GEAR,TRAINER,1,366,430,85,1
2868,Patterned Bronze Bracers,GEAR,TRAINER,1,347,430,80,1
2868,Patterned Bronze Bracers,GEAR,TRAINER,1,366,430,85,1
2868,Patterned Bronze Bracers,GEAR,TRAINER,1,347,430,80,1
2868,Patterned Bronze Bracers,GEAR,TRAINER,1,366,430,85,1
2868,Patterned Bronze Bracers,GEAR,TRAINER,1,347,430,80,1
2868,Patterned Bronze Bracers,GEAR,TRAINER,1,366,430,85,1
4314,Double-stitched Woolen Shoulders,GEAR,TRAINER,1,1346,1424,94,1
4314,Double-stitched Woolen Shoulders,GEAR,TRAINER,1,1332,1424,93,1
4314,Double-stitched Woolen Shoulders,GEAR,TRAINER,1,1346,1424,94,1
4314,Double-stitched Woolen Shoulders,GEAR,TRAINER,1,1332,1424,93,1
4314,Double-stitched Woolen Shoulders,GEAR,TRAINER,1,1346,1424,94,1
4314,Double-stitched Woolen Shoulders,GEAR,TRAINER,1,1332,1424,93,1
4314,Double-stitched Woolen Shoulders,GEAR,TRAINER,1,1346,1424,94,1
4314,Double-stitched Woolen Shoulders,GEAR,TRAINER,1,1332,1424,93,1
4314,Double-stitched Woolen Shoulders,GEAR,TRAINER,1,1346,1424,94,1
4314,Double-stitched Woolen Shoulders,GEAR,TRAINER,1,1332,1424,93,1
4314,Double-stitched Woolen Shoulders,GEAR,TRAINER,1,1346,1424,94,1
4314,Double-stitched Woolen Shoulders,GEAR,TRAINER,1,1332,1424,93,1
4314,Double-stitched Woolen Shoulders,GEAR,TRAINER,1,1346,1424,94,1
13423,Stonescale Oil,INTERMEDIATE,TRAINER,3,86,102,84,1
13423,Stonescale Oil,INTERMEDIATE,TRAINER,3,81,102,79,1
22448,Small Prismatic Shard,INTERMEDIATE,TRAINER,20,1,0,0,1
22448,Small Prismatic Shard,INTERMEDIATE,TRAINER,3,1,0,0,1
22448,Small Prismatic Shard,INTERMEDIATE,TRAINER,1,1,0,0,1
3391,Elixir of Ogre's Strength,ELIXIR_POT,DROP,13,181,237,76,1
4330,Stylish Red Shirt,GEAR,TRAINER,1,979,1424,68,1
4330,Stylish Red Shirt,GEAR,TRAINER,1,930,1424,65,1
4330,Stylish Red Shirt,GEAR,TRAINER,1,979,1424,68,1
4330,Stylish Red Shirt,GEAR,TRAINER,1,930,1424,65,1
4330,Stylish Red Shirt,GEAR,TRAINER,1,979,1424,68,1
4330,Stylish Red Shirt,GEAR,TRAINER,1,930,1424,65,1
4330,Stylish Red Shirt,GEAR,TRAINER,1,979,1424,68,1
4330,Stylish Red Shirt,GEAR,TRAINER,1,930,1424,65,1
4330,Stylish Red Shirt,GEAR,TRAINER,1,979,1424,68,1
4330,Stylish Red Shirt,GEAR,TRAINER,1,930,1424,65,1
4330,Stylish Red Shirt,GEAR,TRAINER,1,979,1424,68,1
4330,Stylish Red Shirt,GEAR,TRAINER,1,930,1424,65,1
4330,Stylish Red Shirt,GEAR,TRAINER,1,979,1424,68,1
4330,Stylish Red Shirt,GEAR,TRAINER,1,930,1424,65,1
4330,Stylish Red Shirt,GEAR,TRAINER,1,979,1424,68,1
22448,Small Prismatic Shard,INTERMEDIATE,TRAINER,20,1,0,0,1
22448,Small Prismatic Shard,INTERMEDIATE,TRAINER,6,1,0,0,1
22448,Small Prismatic Shard,INTERMEDIATE,TRAINER,10,1,0,0,1
22448,Small Prismatic Shard,INTERMEDIATE,TRAINER,20,1,0,0,1
22448,Small Prismatic Shard,INTERMEDIATE,TRAINER,2,1,0,0,1
22448,Small Prismatic Shard,INTERMEDIATE,TRAINER,2,1,0,0,1
22448,Small Prismatic Shard,INTERMEDIATE,TRAINER,20,1,0,0,1
22448,Small Prismatic Shard,INTERMEDIATE,TRAINER,1,1,0,0,1
22448,Small Prismatic Shard,INTERMEDIATE,TRAINER,3,1,0,0,1
4314,Double-stitched Woolen Shoulders,GEAR,TRAINER,1,1199,1424,84,1
4314,Double-stitched Woolen Shoulders,GEAR,TRAINER,1,1163,1424,81,1
4314,Double-stitched Woolen Shoulders,GEAR,TRAINER,1,1139,1424,79,1
4314,Double-stitched Woolen Shoulders,GEAR,TRAINER,1,1093,1424,76,1
4314,Double-stitched Woolen Shoulders,GEAR,TRAINER,1,1199,1424,84,1
4314,Double-stitched Woolen Shoulders,GEAR,TRAINER,1,1163,1424,81,1
4314,Double-stitched Woolen Shoulders,GEAR,TRAINER,1,1139,1424,79,1
4314,Double-stitched Woolen Shoulders,GEAR,TRAINER,1,1093,1424,76,1
4314,Double-stitched Woolen Shoulders,GEAR,TRAINER,1,1199,1424,84,1
4314,Double-stitched Woolen Shoulders,GEAR,TRAINER,1,1163,1424,81,1
4314,Double-stitched Woolen Shoulders,GEAR,TRAINER,1,1139,1424,79,1
4314,Double-stitched Woolen Shoulders,GEAR,TRAINER,1,1093,1424,76,1
15997,Thorium Shells,AMMO,TRAINER,1000,15,22,68,1
12644,Dense Grinding Stone,INTERMEDIATE,TRAINER,3,4878,5760,84,1
12644,Dense Grinding Stone,INTERMEDIATE,TRAINER,6,4780,5760,82,1
5081,Kodo Hide Bag,BAG,UNSOURCED,1,2418,853,283,0
5081,Kodo Hide Bag,BAG,UNSOURCED,1,2297,853,269,0
8068,Crafted Heavy Shot,AMMO,TRAINER,1000,1,0,0,1
8068,Crafted Heavy Shot,AMMO,TRAINER,200,1,0,0,1
22448,Small Prismatic Shard,INTERMEDIATE,TRAINER,12,1,0,0,1
22448,Small Prismatic Shard,INTERMEDIATE,TRAINER,3,1,0,0,1
4330,Stylish Red Shirt,GEAR,TRAINER,1,1321,1424,92,1
4330,Stylish Red Shirt,GEAR,TRAINER,1,1307,1424,91,1
4330,Stylish Red Shirt,GEAR,TRAINER,1,1321,1424,92,1
4330,Stylish Red Shirt,GEAR,TRAINER,1,1307,1424,91,1
4330,Stylish Red Shirt,GEAR,TRAINER,1,1321,1424,92,1
2584,Woolen Cape,GEAR,TRAINER,1,425,508,83,1
2584,Woolen Cape,GEAR,TRAINER,1,408,508,80,1
2584,Woolen Cape,GEAR,TRAINER,1,391,508,76,1
2584,Woolen Cape,GEAR,TRAINER,1,379,508,74,1
2584,Woolen Cape,GEAR,TRAINER,1,425,508,83,1
2584,Woolen Cape,GEAR,TRAINER,1,408,508,80,1
2584,Woolen Cape,GEAR,TRAINER,1,391,508,76,1
2584,Woolen Cape,GEAR,TRAINER,1,379,508,74,1
22448,Small Prismatic Shard,INTERMEDIATE,TRAINER,20,1,0,0,1
22448,Small Prismatic Shard,INTERMEDIATE,TRAINER,20,1,0,0,1
22448,Small Prismatic Shard,INTERMEDIATE,TRAINER,5,1,0,0,1
12655,Enchanted Thorium Bar,INTERMEDIATE,TRAINER,7,45773,36825,124,0
12655,Enchanted Thorium Bar,INTERMEDIATE,TRAINER,6,44399,36825,120,0
4304,Thick Leather,INTERMEDIATE,TRAINER,8,3719,3636,102,1
4304,Thick Leather,INTERMEDIATE,TRAINER,7,3644,3636,100,1
4314,Double-stitched Woolen Shoulders,GEAR,TRAINER,1,1043,1424,73,1
4314,Double-stitched Woolen Shoulders,GEAR,TRAINER,1,1001,1424,70,1
4314,Double-stitched Woolen Shoulders,GEAR,TRAINER,1,1043,1424,73,1
4314,Double-stitched Woolen Shoulders,GEAR,TRAINER,1,1001,1424,70,1
4314,Double-stitched Woolen Shoulders,GEAR,TRAINER,1,1043,1424,73,1
4314,Double-stitched Woolen Shoulders,GEAR,TRAINER,1,1001,1424,70,1
4314,Double-stitched Woolen Shoulders,GEAR,TRAINER,1,1043,1424,73,1
4314,Double-stitched Woolen Shoulders,GEAR,TRAINER,1,1001,1424,70,1
4314,Double-stitched Woolen Shoulders,GEAR,TRAINER,1,1043,1424,73,1
4314,Double-stitched Woolen Shoulders,GEAR,TRAINER,1,1001,1424,70,1
4314,Double-stitched Woolen Shoulders,GEAR,TRAINER,1,1043,1424,73,1
4314,Double-stitched Woolen Shoulders,GEAR,TRAINER,1,1001,1424,70,1
4314,Double-stitched Woolen Shoulders,GEAR,TRAINER,1,1043,1424,73,1
4314,Double-stitched Woolen Shoulders,GEAR,TRAINER,1,1001,1424,70,1
7969,Mithril Spurs,MISC,DROP,1,8134,9624,84,1
7969,Mithril Spurs,MISC,DROP,1,7889,9624,81,1
7969,Mithril Spurs,MISC,DROP,1,8134,9624,84,1
7969,Mithril Spurs,MISC,DROP,1,7889,9624,81,1
7969,Mithril Spurs,MISC,DROP,1,8134,9624,84,1
7969,Mithril Spurs,MISC,DROP,1,7889,9624,81,1
7969,Mithril Spurs,MISC,DROP,1,8134,9624,84,1
7969,Mithril Spurs,MISC,DROP,1,7889,9624,81,1
7969,Mithril Spurs,MISC,DROP,1,8134,9624,84,1
7969,Mithril Spurs,MISC,DROP,1,7889,9624,81,1
7969,Mithril Spurs,MISC,DROP,1,8134,9624,84,1
7969,Mithril Spurs,MISC,DROP,1,7889,9624,81,1
7969,Mithril Spurs,MISC,DROP,1,8134,9624,84,1
7969,Mithril Spurs,MISC,DROP,1,7889,9624,81,1
7969,Mithril Spurs,MISC,DROP,1,8134,9624,84,1
13506,Potion of Petrification,ELIXIR_POT,DROP,5,523,607,86,1
13506,Potion of Petrification,ELIXIR_POT,DROP,17,502,607,82,1
13506,Potion of Petrification,ELIXIR_POT,DROP,14,513,607,84,1
10512,Hi-Impact Mithril Slugs,AMMO,TRAINER,1000,8,13,61,1
10512,Hi-Impact Mithril Slugs,AMMO,TRAINER,200,7,13,53,1
13423,Stonescale Oil,INTERMEDIATE,TRAINER,4,100,102,98,1
13423,Stonescale Oil,INTERMEDIATE,TRAINER,11,99,102,97,1
22448,Small Prismatic Shard,INTERMEDIATE,TRAINER,10,1,0,0,1
22448,Small Prismatic Shard,INTERMEDIATE,TRAINER,5,1,0,0,1
29203,Enchanted Thorium Blades,GEAR,TRAINER,1,11593,17190,67,1
29203,Enchanted Thorium Blades,GEAR,TRAINER,1,11477,17190,66,1
29203,Enchanted Thorium Blades,GEAR,TRAINER,1,11247,17190,65,1
29203,Enchanted Thorium Blades,GEAR,TRAINER,1,11593,17190,67,1
29203,Enchanted Thorium Blades,GEAR,TRAINER,1,11477,17190,66,1
13423,Stonescale Oil,INTERMEDIATE,TRAINER,4,83,102,81,1
13423,Stonescale Oil,INTERMEDIATE,TRAINER,7,81,102,79,1
13445,Elixir of Superior Defense,ELIXIR_POT,VENDOR,10,714,1064,67,1
13423,Stonescale Oil,INTERMEDIATE,TRAINER,2,103,102,100,1
13423,Stonescale Oil,INTERMEDIATE,TRAINER,4,97,102,95,1
22448,Small Prismatic Shard,INTERMEDIATE,TRAINER,20,1,0,0,1
22448,Small Prismatic Shard,INTERMEDIATE,TRAINER,1,1,0,0,1
22448,Small Prismatic Shard,INTERMEDIATE,TRAINER,15,1,0,0,1
3860,Mithril Bar,INTERMEDIATE,TRAINER,7,1388,1545,89,1
3860,Mithril Bar,INTERMEDIATE,TRAINER,3,1332,1545,86,1
4304,Thick Leather,INTERMEDIATE,TRAINER,5,4635,3636,127,0
4304,Thick Leather,INTERMEDIATE,TRAINER,5,4403,3636,121,0
22448,Small Prismatic Shard,INTERMEDIATE,TRAINER,20,1,0,0,1
22448,Small Prismatic Shard,INTERMEDIATE,TRAINER,6,1,0,0,1
22448,Small Prismatic Shard,INTERMEDIATE,TRAINER,10,1,0,0,1
5966,Guardian Gloves,GEAR,TRAINER,1,4162,4183,99,1
5966,Guardian Gloves,GEAR,TRAINER,1,3995,4183,95,1
5966,Guardian Gloves,GEAR,TRAINER,1,4162,4183,99,1
5966,Guardian Gloves,GEAR,TRAINER,1,3995,4183,95,1
5966,Guardian Gloves,GEAR,TRAINER,1,4162,4183,99,1
8173,Thick Armor Kit,MISC,TRAINER,7,5157,6440,80,1
10056,Orange Mageweave Shirt,GEAR,TRAINER,1,5130,6998,73,1
10056,Orange Mageweave Shirt,GEAR,TRAINER,1,5027,6998,71,1
10056,Orange Mageweave Shirt,GEAR,TRAINER,1,5130,6998,73,1
10056,Orange Mageweave Shirt,GEAR,TRAINER,1,5027,6998,71,1
10056,Orange Mageweave Shirt,GEAR,TRAINER,1,5130,6998,73,1
10056,Orange Mageweave Shirt,GEAR,TRAINER,1,5027,6998,71,1
10056,Orange Mageweave Shirt,GEAR,TRAINER,1,5130,6998,73,1
10056,Orange Mageweave Shirt,GEAR,TRAINER,1,5027,6998,71,1
10056,Orange Mageweave Shirt,GEAR,TRAINER,1,5130,6998,73,1
10056,Orange Mageweave Shirt,GEAR,TRAINER,1,5027,6998,71,1
10056,Orange Mageweave Shirt,GEAR,TRAINER,1,5130,6998,73,1
10056,Orange Mageweave Shirt,GEAR,TRAINER,1,5027,6998,71,1
3530,Wool Bandage,MISC,TRAINER,15,124,136,91,1
10056,Orange Mageweave Shirt,GEAR,TRAINER,1,5353,6998,76,1
10056,Orange Mageweave Shirt,GEAR,TRAINER,1,5085,6998,72,1
10056,Orange Mageweave Shirt,GEAR,TRAINER,1,5353,6998,76,1
10056,Orange Mageweave Shirt,GEAR,TRAINER,1,5085,6998,72,1
10056,Orange Mageweave Shirt,GEAR,TRAINER,1,5353,6998,76,1
10056,Orange Mageweave Shirt,GEAR,TRAINER,1,5085,6998,72,1
10056,Orange Mageweave Shirt,GEAR,TRAINER,1,5353,6998,76,1
10056,Orange Mageweave Shirt,GEAR,TRAINER,1,5085,6998,72,1
10056,Orange Mageweave Shirt,GEAR,TRAINER,1,5353,6998,76,1
10056,Orange Mageweave Shirt,GEAR,TRAINER,1,5085,6998,72,1
10056,Orange Mageweave Shirt,GEAR,TRAINER,1,5353,6998,76,1
9999,Black Mageweave Leggings,GEAR,TRAINER,1,7506,9496,79,1
9999,Black Mageweave Leggings,GEAR,TRAINER,1,7430,9496,78,1
9999,Black Mageweave Leggings,GEAR,TRAINER,1,7058,9496,74,1
9999,Black Mageweave Leggings,GEAR,TRAINER,1,7506,9496,79,1
9999,Black Mageweave Leggings,GEAR,TRAINER,1,7430,9496,78,1
9999,Black Mageweave Leggings,GEAR,TRAINER,1,7058,9496,74,1
9999,Black Mageweave Leggings,GEAR,TRAINER,1,7506,9496,79,1
5966,Guardian Gloves,GEAR,TRAINER,1,3349,4183,80,1
5966,Guardian Gloves,GEAR,TRAINER,1,3215,4183,76,1
5966,Guardian Gloves,GEAR,TRAINER,1,3349,4183,80,1
5966,Guardian Gloves,GEAR,TRAINER,1,3215,4183,76,1
5966,Guardian Gloves,GEAR,TRAINER,1,3349,4183,80,1
5966,Guardian Gloves,GEAR,TRAINER,1,3215,4183,76,1
5966,Guardian Gloves,GEAR,TRAINER,1,3349,4183,80,1
5966,Guardian Gloves,GEAR,TRAINER,1,3215,4183,76,1
5966,Guardian Gloves,GEAR,TRAINER,1,3349,4183,80,1
5966,Guardian Gloves,GEAR,TRAINER,1,3215,4183,76,1
5966,Guardian Gloves,GEAR,TRAINER,1,3349,4183,80,1
5966,Guardian Gloves,GEAR,TRAINER,1,3215,4183,76,1
5966,Guardian Gloves,GEAR,TRAINER,1,3349,4183,80,1
5966,Guardian Gloves,GEAR,TRAINER,1,3215,4183,76,1
8069,Crafted Solid Shot,AMMO,TRAINER,1000,1,2,50,1
8069,Crafted Solid Shot,AMMO,TRAINER,600,1,2,50,1
13423,Stonescale Oil,INTERMEDIATE,TRAINER,1,80,102,78,1
13423,Stonescale Oil,INTERMEDIATE,TRAINER,5,77,102,75,1
4330,Stylish Red Shirt,GEAR,TRAINER,1,1124,1424,78,1
4330,Stylish Red Shirt,GEAR,TRAINER,1,1112,1424,78,1
4330,Stylish Red Shirt,GEAR,TRAINER,1,1124,1424,78,1
4330,Stylish Red Shirt,GEAR,TRAINER,1,1112,1424,78,1
4330,Stylish Red Shirt,GEAR,TRAINER,1,1124,1424,78,1
4330,Stylish Red Shirt,GEAR,TRAINER,1,1112,1424,78,1
4330,Stylish Red Shirt,GEAR,TRAINER,1,1124,1424,78,1
4330,Stylish Red Shirt,GEAR,TRAINER,1,1112,1424,78,1
4330,Stylish Red Shirt,GEAR,TRAINER,1,1124,1424,78,1
4330,Stylish Red Shirt,GEAR,TRAINER,1,1112,1424,78,1
4330,Stylish Red Shirt,GEAR,TRAINER,1,1124,1424,78,1
4330,Stylish Red Shirt,GEAR,TRAINER,1,1112,1424,78,1
4330,Stylish Red Shirt,GEAR,TRAINER,1,1124,1424,78,1
10512,Hi-Impact Mithril Slugs,AMMO,TRAINER,1000,13,13,100,1
10512,Hi-Impact Mithril Slugs,AMMO,TRAINER,1000,12,13,92,1
10512,Hi-Impact Mithril Slugs,AMMO,TRAINER,600,11,13,84,1
22448,Small Prismatic Shard,INTERMEDIATE,TRAINER,20,1,0,0,1
22448,Small Prismatic Shard,INTERMEDIATE,TRAINER,1,1,0,0,1
22448,Small Prismatic Shard,INTERMEDIATE,TRAINER,3,1,0,0,1
3530,Wool Bandage,MISC,TRAINER,5,134,136,98,1
8170,Rugged Leather,INTERMEDIATE,TRAINER,9,7800,7128,109,0
8170,Rugged Leather,INTERMEDIATE,TRAINER,2,7410,7128,103,0
8069,Crafted Solid Shot,AMMO,TRAINER,1000,1,2,50,1
8069,Crafted Solid Shot,AMMO,TRAINER,1000,1,2,50,1
8069,Crafted Solid Shot,AMMO,TRAINER,600,1,2,50,1
6385,Stylish Green Shirt,GEAR,DROP,1,1560,2282,68,1
6385,Stylish Green Shirt,GEAR,DROP,1,1482,2282,64,1
6385,Stylish Green Shirt,GEAR,DROP,1,1467,2282,64,1
6385,Stylish Green Shirt,GEAR,DROP,1,1560,2282,68,1
6385,Stylish Green Shirt,GEAR,DROP,1,1482,2282,64,1
6385,Stylish Green Shirt,GEAR,DROP,1,1467,2282,64,1
8069,Crafted Solid Shot,AMMO,TRAINER,1000,1,2,50,1
8069,Crafted Solid Shot,AMMO,TRAINER,1000,1,2,50,1
8069,Crafted Solid Shot,AMMO,TRAINER,800,1,2,50,1
13423,Stonescale Oil,INTERMEDIATE,TRAINER,6,77,102,75,1
13423,Stonescale Oil,INTERMEDIATE,TRAINER,1,75,102,73,1
10512,Hi-Impact Mithril Slugs,AMMO,TRAINER,1000,10,13,76,1
10512,Hi-Impact Mithril Slugs,AMMO,TRAINER,800,9,13,69,1
13423,Stonescale Oil,INTERMEDIATE,TRAINER,6,88,102,86,1
13423,Stonescale Oil,INTERMEDIATE,TRAINER,6,84,102,82,1
6384,Stylish Blue Shirt,GEAR,DROP,1,1627,2182,74,1
6384,Stylish Blue Shirt,GEAR,DROP,1,1545,2182,70,1
6384,Stylish Blue Shirt,GEAR,DROP,1,1514,2182,69,1
6384,Stylish Blue Shirt,GEAR,DROP,1,1627,2182,74,1
6384,Stylish Blue Shirt,GEAR,DROP,1,1545,2182,70,1
6384,Stylish Blue Shirt,GEAR,DROP,1,1514,2182,69,1
6384,Stylish Blue Shirt,GEAR,DROP,1,1627,2182,74,1
6384,Stylish Blue Shirt,GEAR,DROP,1,1545,2182,70,1
6384,Stylish Blue Shirt,GEAR,DROP,1,1514,2182,69,1
6384,Stylish Blue Shirt,GEAR,DROP,1,1627,2182,74,1
6384,Stylish Blue Shirt,GEAR,DROP,1,1545,2182,70,1
6384,Stylish Blue Shirt,GEAR,DROP,1,1514,2182,69,1
3860,Mithril Bar,INTERMEDIATE,TRAINER,4,1223,1545,79,1
3860,Mithril Bar,INTERMEDIATE,TRAINER,4,1161,1545,75,1
4339,Bolt of Mageweave,INTERMEDIATE,TRAINER,8,5071,5050,100,1
4339,Bolt of Mageweave,INTERMEDIATE,TRAINER,7,4918,5050,97,1
4330,Stylish Red Shirt,GEAR,TRAINER,1,1265,1424,88,1
4330,Stylish Red Shirt,GEAR,TRAINER,1,1201,1424,84,1
4330,Stylish Red Shirt,GEAR,TRAINER,1,1265,1424,88,1
4330,Stylish Red Shirt,GEAR,TRAINER,1,1201,1424,84,1
4330,Stylish Red Shirt,GEAR,TRAINER,1,1265,1424,88,1
4330,Stylish Red Shirt,GEAR,TRAINER,1,1201,1424,84,1
4330,Stylish Red Shirt,GEAR,TRAINER,1,1265,1424,88,1
4330,Stylish Red Shirt,GEAR,TRAINER,1,1201,1424,84,1
4330,Stylish Red Shirt,GEAR,TRAINER,1,1265,1424,88,1
4330,Stylish Red Shirt,GEAR,TRAINER,1,1201,1424,84,1
3391,Elixir of Ogre's Strength,ELIXIR_POT,DROP,10,176,237,74,1
22448,Small Prismatic Shard,INTERMEDIATE,TRAINER,20,1,0,0,1
22448,Small Prismatic Shard,INTERMEDIATE,TRAINER,11,1,0,0,1
22448,Small Prismatic Shard,INTERMEDIATE,TRAINER,5,1,0,0,1
4314,Double-stitched Woolen Shoulders,GEAR,TRAINER,1,1312,1424,92,1
4314,Double-stitched Woolen Shoulders,GEAR,TRAINER,1,1259,1424,88,1
4314,Double-stitched Woolen Shoulders,GEAR,TRAINER,1,1312,1424,92,1
4314,Double-stitched Woolen Shoulders,GEAR,TRAINER,1,1259,1424,88,1
4314,Double-stitched Woolen Shoulders,GEAR,TRAINER,1,1312,1424,92,1
4314,Double-stitched Woolen Shoulders,GEAR,TRAINER,1,1259,1424,88,1
4314,Double-stitched Woolen Shoulders,GEAR,TRAINER,1,1312,1424,92,1
4314,Double-stitched Woolen Shoulders,GEAR,TRAINER,1,1259,1424,88,1
4314,Double-stitched Woolen Shoulders,GEAR,TRAINER,1,1312,1424,92,1
4314,Double-stitched Woolen Shoulders,GEAR,TRAINER,1,1259,1424,88,1
4314,Double-stitched Woolen Shoulders,GEAR,TRAINER,1,1312,1424,92,1
15997,Thorium Shells,AMMO,TRAINER,1000,16,22,72,1
15997,Thorium Shells,AMMO,TRAINER,1000,15,22,68,1
15997,Thorium Shells,AMMO,TRAINER,400,14,22,63,1
3826,Major Troll's Blood Elixir,ELIXIR_POT,DROP,15,396,440,90,1
10048,Colorful Kilt,GEAR,DROP,1,2150,2290,93,1
10048,Colorful Kilt,GEAR,DROP,1,2128,2290,92,1
10048,Colorful Kilt,GEAR,DROP,1,2150,2290,93,1
10048,Colorful Kilt,GEAR,DROP,1,2128,2290,92,1
10048,Colorful Kilt,GEAR,DROP,1,2150,2290,93,1
10048,Colorful Kilt,GEAR,DROP,1,2128,2290,92,1
10048,Colorful Kilt,GEAR,DROP,1,2150,2290,93,1
10048,Colorful Kilt,GEAR,DROP,1,2128,2290,92,1
10048,Colorful Kilt,GEAR,DROP,1,2150,2290,93,1
10048,Colorful Kilt,GEAR,DROP,1,2128,2290,92,1
10048,Colorful Kilt,GEAR,DROP,1,2150,2290,93,1
10048,Colorful Kilt,GEAR,DROP,1,2128,2290,92,1
10048,Colorful Kilt,GEAR,DROP,1,2150,2290,93,1
10048,Colorful Kilt,GEAR,DROP,1,2128,2290,92,1
10048,Colorful Kilt,GEAR,DROP,1,2150,2290,93,1
10512,Hi-Impact Mithril Slugs,AMMO,TRAINER,1000,10,13,76,1
10512,Hi-Impact Mithril Slugs,AMMO,TRAINER,200,9,13,69,1
22448,Small Prismatic Shard,INTERMEDIATE,TRAINER,20,1,0,0,1
22448,Small Prismatic Shard,INTERMEDIATE,TRAINER,1,1,0,0,1
2867,Rough Bronze Bracers,GEAR,UNSOURCED,1,202,248,81,1
2867,Rough Bronze Bracers,GEAR,UNSOURCED,1,199,248,80,1
2867,Rough Bronze Bracers,GEAR,UNSOURCED,1,189,248,76,1
2867,Rough Bronze Bracers,GEAR,UNSOURCED,1,202,248,81,1
2867,Rough Bronze Bracers,GEAR,UNSOURCED,1,199,248,80,1
2867,Rough Bronze Bracers,GEAR,UNSOURCED,1,189,248,76,1
2867,Rough Bronze Bracers,GEAR,UNSOURCED,1,202,248,81,1
2867,Rough Bronze Bracers,GEAR,UNSOURCED,1,199,248,80,1
2867,Rough Bronze Bracers,GEAR,UNSOURCED,1,189,248,76,1
2867,Rough Bronze Bracers,GEAR,UNSOURCED,1,202,248,81,1
2867,Rough Bronze Bracers,GEAR,UNSOURCED,1,199,248,80,1
2867,Rough Bronze Bracers,GEAR,UNSOURCED,1,189,248,76,1
2867,Rough Bronze Bracers,GEAR,UNSOURCED,1,202,248,81,1
2867,Rough Bronze Bracers,GEAR,UNSOURCED,1,199,248,80,1
10003,Black Mageweave Gloves,GEAR,TRAINER,1,8852,11996,73,1
10003,Black Mageweave Gloves,GEAR,TRAINER,1,8586,11996,71,1
10003,Black Mageweave Gloves,GEAR,TRAINER,1,8852,11996,73,1
10003,Black Mageweave Gloves,GEAR,TRAINER,1,8586,11996,71,1
10003,Black Mageweave Gloves,GEAR,TRAINER,1,8852,11996,73,1
10003,Black Mageweave Gloves,GEAR,TRAINER,1,8586,11996,71,1
22448,Small Prismatic Shard,INTERMEDIATE,TRAINER,20,1,0,0,1
22448,Small Prismatic Shard,INTERMEDIATE,TRAINER,20,1,0,0,1
22448,Small Prismatic Shard,INTERMEDIATE,TRAINER,2,1,0,0,1
4260,Guardian Leather Bracers,GEAR,DROP,1,5628,6654,84,1
4260,Guardian Leather Bracers,GEAR,DROP,1,5515,6654,82,1
4260,Guardian Leather Bracers,GEAR,DROP,1,5404,6654,81,1
4260,Guardian Leather Bracers,GEAR,DROP,1,5133,6654,77,1
4260,Guardian Leather Bracers,GEAR,DROP,1,5628,6654,84,1
4260,Guardian Leather Bracers,GEAR,DROP,1,5515,6654,82,1
4260,Guardian Leather Bracers,GEAR,DROP,1,5404,6654,81,1
10513,Mithril Gyro-Shot,AMMO,TRAINER,1000,20,26,76,1
13423,Stonescale Oil,INTERMEDIATE,TRAINER,1,74,102,72,1
13423,Stonescale Oil,INTERMEDIATE,TRAINER,13,73,102,71,1
4236,Cured Heavy Hide,INTERMEDIATE,TRAINER,2,1134,1350,84,1
4236,Cured Heavy Hide,INTERMEDIATE,TRAINER,11,1111,1350,82,1
15997,Thorium Shells,AMMO,TRAINER,1000,19,22,86,1
15997,Thorium Shells,AMMO,TRAINER,1000,18,22,81,1
15997,Thorium Shells,AMMO,TRAINER,200,17,22,77,1
4236,Cured Heavy Hide,INTERMEDIATE,TRAINER,8,1530,1350,113,0
4236,Cured Heavy Hide,INTERMEDIATE,TRAINER,1,1484,1350,109,0
10512,Hi-Impact Mithril Slugs,AMMO,TRAINER,1000,9,13,69,1
10512,Hi-Impact Mithril Slugs,AMMO,TRAINER,200,8,13,61,1
22448,Small Prismatic Shard,INTERMEDIATE,TRAINER,20,1,0,0,1
22448,Small Prismatic Shard,INTERMEDIATE,TRAINER,16,1,0,0,1
15997,Thorium Shells,AMMO,TRAINER,1000,18,22,81,1
15997,Thorium Shells,AMMO,TRAINER,800,17,22,77,1
22448,Small Prismatic Shard,INTERMEDIATE,TRAINER,20,1,0,0,1
22448,Small Prismatic Shard,INTERMEDIATE,TRAINER,20,1,0,0,1
22448,Small Prismatic Shard,INTERMEDIATE,TRAINER,1,1,0,0,1
22448,Small Prismatic Shard,INTERMEDIATE,TRAINER,1,1,0,0,1
4318,Gloves of Meditation,GEAR,TRAINER,1,2067,2322,89,1
4318,Gloves of Meditation,GEAR,TRAINER,1,2025,2322,87,1
4318,Gloves of Meditation,GEAR,TRAINER,1,1964,2322,84,1
4318,Gloves of Meditation,GEAR,TRAINER,1,2067,2322,89,1
4318,Gloves of Meditation,GEAR,TRAINER,1,2025,2322,87,1
4318,Gloves of Meditation,GEAR,TRAINER,1,1964,2322,84,1
4318,Gloves of Meditation,GEAR,TRAINER,1,2067,2322,89,1
4318,Gloves of Meditation,GEAR,TRAINER,1,2025,2322,87,1
4318,Gloves of Meditation,GEAR,TRAINER,1,1964,2322,84,1
9179,Elixir of Greater Intellect,ELIXIR_POT,TRAINER,13,3489,3426,101,0
15869,Silver Skeleton Key,MISC,TRAINER,20,110,159,69,1
15869,Silver Skeleton Key,MISC,TRAINER,2,106,159,66,1
14048,Bolt of Runecloth,INTERMEDIATE,TRAINER,3,11880,11880,100,0
14048,Bolt of Runecloth,INTERMEDIATE,TRAINER,8,11880,11880,100,0
10512,Hi-Impact Mithril Slugs,AMMO,TRAINER,1000,9,13,69,1
10512,Hi-Impact Mithril Slugs,AMMO,TRAINER,200,8,13,61,1
4308,Green Linen Bracers,GEAR,TRAINER,1,445,456,97,1
4308,Green Linen Bracers,GEAR,TRAINER,1,436,456,95,1
4308,Green Linen Bracers,GEAR,TRAINER,1,427,456,93,1
4308,Green Linen Bracers,GEAR,TRAINER,1,405,456,88,1
4308,Green Linen Bracers,GEAR,TRAINER,1,445,456,97,1
4308,Green Linen Bracers,GEAR,TRAINER,1,436,456,95,1
4308,Green Linen Bracers,GEAR,TRAINER,1,427,456,93,1
4308,Green Linen Bracers,GEAR,TRAINER,1,405,456,88,1
4308,Green Linen Bracers,GEAR,TRAINER,1,445,456,97,1
4308,Green Linen Bracers,GEAR,TRAINER,1,436,456,95,1
4308,Green Linen Bracers,GEAR,TRAINER,1,427,456,93,1
6662,Elixir of Giant Growth,ELIXIR_POT,DROP,8,85,108,78,1
6662,Elixir of Giant Growth,ELIXIR_POT,DROP,5,85,108,78,1
10056,Orange Mageweave Shirt,GEAR,TRAINER,1,5486,6998,78,1
10056,Orange Mageweave Shirt,GEAR,TRAINER,1,5266,6998,75,1
10056,Orange Mageweave Shirt,GEAR,TRAINER,1,5486,6998,78,1
10056,Orange Mageweave Shirt,GEAR,TRAINER,1,5266,6998,75,1
10056,Orange Mageweave Shirt,GEAR,TRAINER,1,5486,6998,78,1
10056,Orange Mageweave Shirt,GEAR,TRAINER,1,5266,6998,75,1
6385,Stylish Green Shirt,GEAR,DROP,1,1921,2282,84,1
6385,Stylish Green Shirt,GEAR,DROP,1,1882,2282,82,1
6385,Stylish Green Shirt,GEAR,DROP,1,1825,2282,79,1
6385,Stylish Green Shirt,GEAR,DROP,1,1921,2282,84,1
6385,Stylish Green Shirt,GEAR,DROP,1,1882,2282,82,1
6385,Stylish Green Shirt,GEAR,DROP,1,1825,2282,79,1
6385,Stylish Green Shirt,GEAR,DROP,1,1921,2282,84,1
6385,Stylish Green Shirt,GEAR,DROP,1,1882,2282,82,1
6385,Stylish Green Shirt,GEAR,DROP,1,1825,2282,79,1
6385,Stylish Green Shirt,GEAR,DROP,1,1921,2282,84,1
6385,Stylish Green Shirt,GEAR,DROP,1,1882,2282,82,1
6385,Stylish Green Shirt,GEAR,DROP,1,1825,2282,79,1
2867,Rough Bronze Bracers,GEAR,UNSOURCED,1,211,248,85,1
2867,Rough Bronze Bracers,GEAR,UNSOURCED,1,206,248,83,1
2867,Rough Bronze Bracers,GEAR,UNSOURCED,1,195,248,78,1
2867,Rough Bronze Bracers,GEAR,UNSOURCED,1,211,248,85,1
2867,Rough Bronze Bracers,GEAR,UNSOURCED,1,206,248,83,1
2867,Rough Bronze Bracers,GEAR,UNSOURCED,1,195,248,78,1
2867,Rough Bronze Bracers,GEAR,UNSOURCED,1,211,248,85,1
2867,Rough Bronze Bracers,GEAR,UNSOURCED,1,206,248,83,1
2867,Rough Bronze Bracers,GEAR,UNSOURCED,1,195,248,78,1
2867,Rough Bronze Bracers,GEAR,UNSOURCED,1,211,248,85,1
2867,Rough Bronze Bracers,GEAR,UNSOURCED,1,206,248,83,1
2867,Rough Bronze Bracers,GEAR,UNSOURCED,1,195,248,78,1
2867,Rough Bronze Bracers,GEAR,UNSOURCED,1,211,248,85,1
2867,Rough Bronze Bracers,GEAR,UNSOURCED,1,206,248,83,1
2867,Rough Bronze Bracers,GEAR,UNSOURCED,1,195,248,78,1
10008,White Bandit Mask,GEAR,DROP,1,4639,6023,77,1
10008,White Bandit Mask,GEAR,DROP,1,4592,6023,76,1
10008,White Bandit Mask,GEAR,DROP,1,4546,6023,75,1
10008,White Bandit Mask,GEAR,DROP,1,4639,6023,77,1
10008,White Bandit Mask,GEAR,DROP,1,4592,6023,76,1
10008,White Bandit Mask,GEAR,DROP,1,4546,6023,75,1
10008,White Bandit Mask,GEAR,DROP,1,4639,6023,77,1
10008,White Bandit Mask,GEAR,DROP,1,4592,6023,76,1
10008,White Bandit Mask,GEAR,DROP,1,4546,6023,75,1
10008,White Bandit Mask,GEAR,DROP,1,4639,6023,77,1
10008,White Bandit Mask,GEAR,DROP,1,4592,6023,76,1
10008,White Bandit Mask,GEAR,DROP,1,4546,6023,75,1
10008,White Bandit Mask,GEAR,DROP,1,4639,6023,77,1
10008,White Bandit Mask,GEAR,DROP,1,4592,6023,76,1
10008,White Bandit Mask,GEAR,DROP,1,4546,6023,75,1
13423,Stonescale Oil,INTERMEDIATE,TRAINER,9,91,102,89,1
13423,Stonescale Oil,INTERMEDIATE,TRAINER,3,90,102,88,1
8069,Crafted Solid Shot,AMMO,TRAINER,1000,1,2,50,1
8069,Crafted Solid Shot,AMMO,TRAINER,600,1,2,50,1
10512,Hi-Impact Mithril Slugs,AMMO,TRAINER,1000,8,13,61,1
10512,Hi-Impact Mithril Slugs,AMMO,TRAINER,1000,7,13,53,1
10512,Hi-Impact Mithril Slugs,AMMO,TRAINER,800,7,13,53,1
22448,Small Prismatic Shard,INTERMEDIATE,TRAINER,9,1,0,0,1
22448,Small Prismatic Shard,INTERMEDIATE,TRAINER,6,1,0,0,1
4330,Stylish Red Shirt,GEAR,TRAINER,1,1076,1424,75,1
4330,Stylish Red Shirt,GEAR,TRAINER,1,1043,1424,73,1
4330,Stylish Red Shirt,GEAR,TRAINER,1,1011,1424,70,1
4330,Stylish Red Shirt,GEAR,TRAINER,1,1076,1424,75,1
4330,Stylish Red Shirt,GEAR,TRAINER,1,1043,1424,73,1
4330,Stylish Red Shirt,GEAR,TRAINER,1,1011,1424,70,1
4330,Stylish Red Shirt,GEAR,TRAINER,1,1076,1424,75,1
4330,Stylish Red Shirt,GEAR,TRAINER,1,1043,1424,73,1
4330,Stylish Red Shirt,GEAR,TRAINER,1,1011,1424,70,1
4330,Stylish Red Shirt,GEAR,TRAINER,1,1076,1424,75,1
4330,Stylish Red Shirt,GEAR,TRAINER,1,1043,1424,73,1
4330,Stylish Red Shirt,GEAR,TRAINER,1,1011,1424,70,1
4330,Stylish Red Shirt,GEAR,TRAINER,1,1076,1424,75,1
4330,Stylish Red Shirt,GEAR,TRAINER,1,1043,1424,73,1
4330,Stylish Red Shirt,GEAR,TRAINER,1,1011,1424,70,1
22448,Small Prismatic Shard,INTERMEDIATE,TRAINER,20,1,0,0,1
22448,Small Prismatic Shard,INTERMEDIATE,TRAINER,3,1,0,0,1
22448,Small Prismatic Shard,INTERMEDIATE,TRAINER,10,1,0,0,1
3827,Mana Potion,ELIXIR_POT,TRAINER,17,1009,804,125,0
3386,Potion of Curing,ELIXIR_POT,DROP,7,2673,1258,212,0
5966,Guardian Gloves,GEAR,TRAINER,1,3187,4183,76,1
5966,Guardian Gloves,GEAR,TRAINER,1,3027,4183,72,1
5966,Guardian Gloves,GEAR,TRAINER,1,3187,4183,76,1
5966,Guardian Gloves,GEAR,TRAINER,1,3027,4183,72,1
5966,Guardian Gloves,GEAR,TRAINER,1,3187,4183,76,1
5966,Guardian Gloves,GEAR,TRAINER,1,3027,4183,72,1
5966,Guardian Gloves,GEAR,TRAINER,1,3187,4183,76,1
5966,Guardian Gloves,GEAR,TRAINER,1,3027,4183,72,1
3827,Mana Potion,ELIXIR_POT,TRAINER,15,840,804,104,0
22448,Small Prismatic Shard,INTERMEDIATE,TRAINER,20,1,0,0,1
22448,Small Prismatic Shard,INTERMEDIATE,TRAINER,3,1,0,0,1
22448,Small Prismatic Shard,INTERMEDIATE,TRAINER,10,1,0,0,1
8173,Thick Armor Kit,MISC,TRAINER,10,4846,6440,75,1
8173,Thick Armor Kit,MISC,TRAINER,5,4652,6440,72,1
4236,Cured Heavy Hide,INTERMEDIATE,TRAINER,5,1217,1350,90,1
4236,Cured Heavy Hide,INTERMEDIATE,TRAINER,2,1180,1350,87,1
22448,Small Prismatic Shard,INTERMEDIATE,TRAINER,20,1,0,0,1
22448,Small Prismatic Shard,INTERMEDIATE,TRAINER,20,1,0,0,1
22448,Small Prismatic Shard,INTERMEDIATE,TRAINER,1,1,0,0,1
22448,Small Prismatic Shard,INTERMEDIATE,TRAINER,1,1,0,0,1
10512,Hi-Impact Mithril Slugs,AMMO,TRAINER,1000,9,13,69,1
10512,Hi-Impact Mithril Slugs,AMMO,TRAINER,1000,8,13,61,1
10512,Hi-Impact Mithril Slugs,AMMO,TRAINER,800,7,13,53,1
9998,Black Mageweave Vest,GEAR,TRAINER,1,6337,9496,66,1
9998,Black Mageweave Vest,GEAR,TRAINER,1,6146,9496,64,1
9998,Black Mageweave Vest,GEAR,TRAINER,1,6337,9496,66,1
9998,Black Mageweave Vest,GEAR,TRAINER,1,6146,9496,64,1
9998,Black Mageweave Vest,GEAR,TRAINER,1,6337,9496,66,1
9998,Black Mageweave Vest,GEAR,TRAINER,1,6146,9496,64,1
9998,Black Mageweave Vest,GEAR,TRAINER,1,6337,9496,66,1
9998,Black Mageweave Vest,GEAR,TRAINER,1,6146,9496,64,1
9998,Black Mageweave Vest,GEAR,TRAINER,1,6337,9496,66,1
9998,Black Mageweave Vest,GEAR,TRAINER,1,6146,9496,64,1
9998,Black Mageweave Vest,GEAR,TRAINER,1,6337,9496,66,1
9998,Black Mageweave Vest,GEAR,TRAINER,1,6146,9496,64,1
7964,Solid Sharpening Stone,MISC,TRAINER,9,488,588,82,1
7964,Solid Sharpening Stone,MISC,TRAINER,5,552,588,93,1
13423,Stonescale Oil,INTERMEDIATE,TRAINER,14,98,102,96,1
7964,Solid Sharpening Stone,MISC,TRAINER,7,481,588,81,1
4234,Heavy Leather,INTERMEDIATE,TRAINER,2,950,1090,87,1
4234,Heavy Leather,INTERMEDIATE,TRAINER,4,921,1090,84,1
2584,Woolen Cape,GEAR,TRAINER,1,486,508,95,1
2584,Woolen Cape,GEAR,TRAINER,1,481,508,94,1
2584,Woolen Cape,GEAR,TRAINER,1,471,508,92,1
2584,Woolen Cape,GEAR,TRAINER,1,486,508,95,1
2584,Woolen Cape,GEAR,TRAINER,1,481,508,94,1
2584,Woolen Cape,GEAR,TRAINER,1,471,508,92,1
2584,Woolen Cape,GEAR,TRAINER,1,486,508,95,1
2584,Woolen Cape,GEAR,TRAINER,1,481,508,94,1
2584,Woolen Cape,GEAR,TRAINER,1,471,508,92,1
2584,Woolen Cape,GEAR,TRAINER,1,486,508,95,1
2584,Woolen Cape,GEAR,TRAINER,1,481,508,94,1
2584,Woolen Cape,GEAR,TRAINER,1,471,508,92,1
2584,Woolen Cape,GEAR,TRAINER,1,486,508,95,1
2584,Woolen Cape,GEAR,TRAINER,1,481,508,94,1
3391,Elixir of Ogre's Strength,ELIXIR_POT,DROP,8,203,237,85,1
4234,Heavy Leather,INTERMEDIATE,TRAINER,4,1034,1090,94,1
4234,Heavy Leather,INTERMEDIATE,TRAINER,5,1023,1090,93,1
15065,Warbear Woolies,GEAR,DROP,1,275330,107888,255,0
15065,Warbear Woolies,GEAR,DROP,1,264316,107888,244,0
15065,Warbear Woolies,GEAR,DROP,1,253743,107888,235,0
13506,Potion of Petrification,ELIXIR_POT,DROP,20,495,607,81,1
13506,Potion of Petrification,ELIXIR_POT,DROP,2,480,607,79,1
10512,Hi-Impact Mithril Slugs,AMMO,TRAINER,1000,11,13,84,1
4304,Thick Leather,INTERMEDIATE,TRAINER,1,2763,3636,75,1
4304,Thick Leather,INTERMEDIATE,TRAINER,5,2680,3636,73,1
10056,Orange Mageweave Shirt,GEAR,TRAINER,1,7017,6998,100,1
10056,Orange Mageweave Shirt,GEAR,TRAINER,1,6736,6998,96,1
10056,Orange Mageweave Shirt,GEAR,TRAINER,1,7017,6998,100,1
10056,Orange Mageweave Shirt,GEAR,TRAINER,1,6736,6998,96,1
10056,Orange Mageweave Shirt,GEAR,TRAINER,1,7017,6998,100,1
10056,Orange Mageweave Shirt,GEAR,TRAINER,1,6736,6998,96,1
10056,Orange Mageweave Shirt,GEAR,TRAINER,1,7017,6998,100,1
10056,Orange Mageweave Shirt,GEAR,TRAINER,1,6736,6998,96,1
10056,Orange Mageweave Shirt,GEAR,TRAINER,1,7017,6998,100,1
10056,Orange Mageweave Shirt,GEAR,TRAINER,1,6736,6998,96,1
10056,Orange Mageweave Shirt,GEAR,TRAINER,1,7017,6998,100,1
13423,Stonescale Oil,INTERMEDIATE,TRAINER,6,73,102,71,1
13423,Stonescale Oil,INTERMEDIATE,TRAINER,5,71,102,69,1
15997,Thorium Shells,AMMO,TRAINER,1000,20,22,90,1
15997,Thorium Shells,AMMO,TRAINER,800,19,22,86,1
10056,Orange Mageweave Shirt,GEAR,TRAINER,1,6176,6998,88,1
10056,Orange Mageweave Shirt,GEAR,TRAINER,1,5867,6998,83,1
10056,Orange Mageweave Shirt,GEAR,TRAINER,1,5749,6998,82,1
10056,Orange Mageweave Shirt,GEAR,TRAINER,1,6176,6998,88,1
10056,Orange Mageweave Shirt,GEAR,TRAINER,1,5867,6998,83,1
10056,Orange Mageweave Shirt,GEAR,TRAINER,1,5749,6998,82,1
10056,Orange Mageweave Shirt,GEAR,TRAINER,1,6176,6998,88,1
10056,Orange Mageweave Shirt,GEAR,TRAINER,1,5867,6998,83,1
10024,Black Mageweave Headband,GEAR,TRAINER,1,13088,15994,81,1
10024,Black Mageweave Headband,GEAR,TRAINER,1,12695,15994,79,1
10024,Black Mageweave Headband,GEAR,TRAINER,1,12314,15994,76,1
10024,Black Mageweave Headband,GEAR,TRAINER,1,11944,15994,74,1
10024,Black Mageweave Headband,GEAR,TRAINER,1,13088,15994,81,1
10024,Black Mageweave Headband,GEAR,TRAINER,1,12695,15994,79,1
10024,Black Mageweave Headband,GEAR,TRAINER,1,12314,15994,76,1
10024,Black Mageweave Headband,GEAR,TRAINER,1,11944,15994,74,1
10024,Black Mageweave Headband,GEAR,TRAINER,1,13088,15994,81,1
18662,Heavy Leather Ball,MISC,VENDOR,5,1212,1312,92,1
18662,Heavy Leather Ball,MISC,VENDOR,4,1151,1312,87,1
12404,Dense Sharpening Stone,MISC,TRAINER,15,1166,1440,80,1
22448,Small Prismatic Shard,INTERMEDIATE,TRAINER,5,1,0,0,1
22448,Small Prismatic Shard,INTERMEDIATE,TRAINER,13,1,0,0,1
7964,Solid Sharpening Stone,MISC,TRAINER,13,448,588,76,1
22448,Small Prismatic Shard,INTERMEDIATE,TRAINER,20,1,0,0,1
22448,Small Prismatic Shard,INTERMEDIATE,TRAINER,5,1,0,0,1
22448,Small Prismatic Shard,INTERMEDIATE,TRAINER,2,1,0,0,1
22448,Small Prismatic Shard,INTERMEDIATE,TRAINER,20,1,0,0,1
22448,Small Prismatic Shard,INTERMEDIATE,TRAINER,20,1,0,0,1
22448,Small Prismatic Shard,INTERMEDIATE,TRAINER,5,1,0,0,1
22448,Small Prismatic Shard,INTERMEDIATE,TRAINER,20,1,0,0,1
22448,Small Prismatic Shard,INTERMEDIATE,TRAINER,12,1,0,0,1
22448,Small Prismatic Shard,INTERMEDIATE,TRAINER,1,1,0,0,1
2854,Runed Copper Bracers,GEAR,TRAINER,1,209,248,84,1
2854,Runed Copper Bracers,GEAR,TRAINER,1,204,248,82,1
2854,Runed Copper Bracers,GEAR,TRAINER,1,199,248,80,1
2854,Runed Copper Bracers,GEAR,TRAINER,1,195,248,78,1
2854,Runed Copper Bracers,GEAR,TRAINER,1,209,248,84,1
2854,Runed Copper Bracers,GEAR,TRAINER,1,204,248,82,1
2854,Runed Copper Bracers,GEAR,TRAINER,1,199,248,80,1
2854,Runed Copper Bracers,GEAR,TRAINER,1,195,248,78,1
2854,Runed Copper Bracers,GEAR,TRAINER,1,209,248,84,1
10512,Hi-Impact Mithril Slugs,AMMO,TRAINER,1000,9,13,69,1
10512,Hi-Impact Mithril Slugs,AMMO,TRAINER,200,8,13,61,1
10008,White Bandit Mask,GEAR,DROP,1,4019,6023,66,1
10008,White Bandit Mask,GEAR,DROP,1,3978,6023,66,1
10008,White Bandit Mask,GEAR,DROP,1,3858,6023,64,1
10008,White Bandit Mask,GEAR,DROP,1,3703,6023,61,1
10008,White Bandit Mask,GEAR,DROP,1,4019,6023,66,1
10008,White Bandit Mask,GEAR,DROP,1,3978,6023,66,1
10008,White Bandit Mask,GEAR,DROP,1,3858,6023,64,1
10512,Hi-Impact Mithril Slugs,AMMO,TRAINER,1000,11,13,84,1
10512,Hi-Impact Mithril Slugs,AMMO,TRAINER,400,10,13,76,1
4248,Dark Leather Gloves,GEAR,DROP,1,1631,1996,81,1
4248,Dark Leather Gloves,GEAR,DROP,1,1598,1996,80,1
4248,Dark Leather Gloves,GEAR,DROP,1,1518,1996,76,1
4248,Dark Leather Gloves,GEAR,DROP,1,1631,1996,81,1
4248,Dark Leather Gloves,GEAR,DROP,1,1598,1996,80,1
4248,Dark Leather Gloves,GEAR,DROP,1,1518,1996,76,1
4248,Dark Leather Gloves,GEAR,DROP,1,1631,1996,81,1
4248,Dark Leather Gloves,GEAR,DROP,1,1598,1996,80,1
4248,Dark Leather Gloves,GEAR,DROP,1,1518,1996,76,1
4248,Dark Leather Gloves,GEAR,DROP,1,1631,1996,81,1
4248,Dark Leather Gloves,GEAR,DROP,1,1598,1996,80,1
4248,Dark Leather Gloves,GEAR,DROP,1,1518,1996,76,1
4248,Dark Leather Gloves,GEAR,DROP,1,1631,1996,81,1
22448,Small Prismatic Shard,INTERMEDIATE,TRAINER,20,1,0,0,1
22448,Small Prismatic Shard,INTERMEDIATE,TRAINER,12,1,0,0,1
22448,Small Prismatic Shard,INTERMEDIATE,TRAINER,1,1,0,0,1
8069,Crafted Solid Shot,AMMO,TRAINER,1000,1,2,50,1
8069,Crafted Solid Shot,AMMO,TRAINER,1000,1,2,50,1
8069,Crafted Solid Shot,AMMO,TRAINER,1000,1,2,50,1
6048,Shadow Protection Potion,ELIXIR_POT,VENDOR,8,240,306,78,1
4248,Dark Leather Gloves,GEAR,DROP,1,1637,1996,82,1
4248,Dark Leather Gloves,GEAR,DROP,1,1620,1996,81,1
4248,Dark Leather Gloves,GEAR,DROP,1,1587,1996,79,1
4248,Dark Leather Gloves,GEAR,DROP,1,1637,1996,82,1
4248,Dark Leather Gloves,GEAR,DROP,1,1620,1996,81,1
4330,Stylish Red Shirt,GEAR,TRAINER,1,1071,1424,75,1
4330,Stylish Red Shirt,GEAR,TRAINER,1,1060,1424,74,1
4330,Stylish Red Shirt,GEAR,TRAINER,1,1038,1424,72,1
4330,Stylish Red Shirt,GEAR,TRAINER,1,1017,1424,71,1
4330,Stylish Red Shirt,GEAR,TRAINER,1,1071,1424,75,1
4330,Stylish Red Shirt,GEAR,TRAINER,1,1060,1424,74,1
4330,Stylish Red Shirt,GEAR,TRAINER,1,1038,1424,72,1
4330,Stylish Red Shirt,GEAR,TRAINER,1,1017,1424,71,1
4330,Stylish Red Shirt,GEAR,TRAINER,1,1071,1424,75,1
4330,Stylish Red Shirt,GEAR,TRAINER,1,1060,1424,74,1
4330,Stylish Red Shirt,GEAR,TRAINER,1,1038,1424,72,1
4330,Stylish Red Shirt,GEAR,TRAINER,1,1017,1424,71,1
4330,Stylish Red Shirt,GEAR,TRAINER,1,1071,1424,75,1
22448,Small Prismatic Shard,INTERMEDIATE,TRAINER,20,1,0,0,1
22448,Small Prismatic Shard,INTERMEDIATE,TRAINER,1,1,0,0,1
22448,Small Prismatic Shard,INTERMEDIATE,TRAINER,3,1,0,0,1
22448,Small Prismatic Shard,INTERMEDIATE,TRAINER,20,1,0,0,1
22448,Small Prismatic Shard,INTERMEDIATE,TRAINER,1,1,0,0,1
20744,Minor Wizard Oil,MISC,VENDOR,1,2610,1804,144,0
20744,Minor Wizard Oil,MISC,VENDOR,1,2557,1804,141,0
20744,Minor Wizard Oil,MISC,VENDOR,1,2531,1804,140,0
20744,Minor Wizard Oil,MISC,VENDOR,1,2610,1804,144,0
10050,Mageweave Bag,BAG,TRAINER,1,16992,16992,100,0
8170,Rugged Leather,INTERMEDIATE,TRAINER,1,5518,7128,77,1
8170,Rugged Leather,INTERMEDIATE,TRAINER,10,5352,7128,75,1
8069,Crafted Solid Shot,AMMO,TRAINER,1000,1,2,50,1
8069,Crafted Solid Shot,AMMO,TRAINER,1000,1,2,50,1
8069,Crafted Solid Shot,AMMO,TRAINER,800,1,2,50,1
13423,Stonescale Oil,INTERMEDIATE,TRAINER,4,93,102,91,1
13423,Stonescale Oil,INTERMEDIATE,TRAINER,2,92,102,90,1
4251,Hillman's Shoulders,GEAR,TRAINER,1,1551,1779,87,1
4251,Hillman's Shoulders,GEAR,TRAINER,1,1473,1779,82,1
4251,Hillman's Shoulders,GEAR,TRAINER,1,1551,1779,87,1
4251,Hillman's Shoulders,GEAR,TRAINER,1,1473,1779,82,1
4251,Hillman's Shoulders,GEAR,TRAINER,1,1551,1779,87,1
4251,Hillman's Shoulders,GEAR,TRAINER,1,1473,1779,82,1
4251,Hillman's Shoulders,GEAR,TRAINER,1,1551,1779,87,1
4251,Hillman's Shoulders,GEAR,TRAINER,1,1473,1779,82,1
4251,Hillman's Shoulders,GEAR,TRAINER,1,1551,1779,87,1
4251,Hillman's Shoulders,GEAR,TRAINER,1,1473,1779,82,1
4251,Hillman's Shoulders,GEAR,TRAINER,1,1551,1779,87,1
4251,Hillman's Shoulders,GEAR,TRAINER,1,1473,1779,82,1
4251,Hillman's Shoulders,GEAR,TRAINER,1,1551,1779,87,1
4251,Hillman's Shoulders,GEAR,TRAINER,1,1473,1779,82,1
4251,Hillman's Shoulders,GEAR,TRAINER,1,1551,1779,87,1
5966,Guardian Gloves,GEAR,TRAINER,1,3794,4183,90,1
5966,Guardian Gloves,GEAR,TRAINER,1,3756,4183,89,1
5966,Guardian Gloves,GEAR,TRAINER,1,3568,4183,85,1
5966,Guardian Gloves,GEAR,TRAINER,1,3425,4183,81,1
5966,Guardian Gloves,GEAR,TRAINER,1,3794,4183,90,1
5966,Guardian Gloves,GEAR,TRAINER,1,3756,4183,89,1
5966,Guardian Gloves,GEAR,TRAINER,1,3568,4183,85,1
5966,Guardian Gloves,GEAR,TRAINER,1,3425,4183,81,1
5966,Guardian Gloves,GEAR,TRAINER,1,3794,4183,90,1
5966,Guardian Gloves,GEAR,TRAINER,1,3756,4183,89,1
5966,Guardian Gloves,GEAR,TRAINER,1,3568,4183,85,1
3391,Elixir of Ogre's Strength,ELIXIR_POT,DROP,14,229,237,96,1
22448,Small Prismatic Shard,INTERMEDIATE,TRAINER,20,1,0,0,1
22448,Small Prismatic Shard,INTERMEDIATE,TRAINER,20,1,0,0,1
22448,Small Prismatic Shard,INTERMEDIATE,TRAINER,2,1,0,0,1
9999,Black Mageweave Leggings,GEAR,TRAINER,1,7881,9496,82,1
9999,Black Mageweave Leggings,GEAR,TRAINER,1,7644,9496,80,1
9999,Black Mageweave Leggings,GEAR,TRAINER,1,7881,9496,82,1
9999,Black Mageweave Leggings,GEAR,TRAINER,1,7644,9496,80,1
9999,Black Mageweave Leggings,GEAR,TRAINER,1,7881,9496,82,1
9999,Black Mageweave Leggings,GEAR,TRAINER,1,7644,9496,80,1
9999,Black Mageweave Leggings,GEAR,TRAINER,1,7881,9496,82,1
9999,Black Mageweave Leggings,GEAR,TRAINER,1,7644,9496,80,1
9999,Black Mageweave Leggings,GEAR,TRAINER,1,7881,9496,82,1
9999,Black Mageweave Leggings,GEAR,TRAINER,1,7644,9496,80,1
12644,Dense Grinding Stone,INTERMEDIATE,TRAINER,4,4402,5760,76,1
12644,Dense Grinding Stone,INTERMEDIATE,TRAINER,9,4225,5760,73,1
22448,Small Prismatic Shard,INTERMEDIATE,TRAINER,20,1,0,0,1
22448,Small Prismatic Shard,INTERMEDIATE,TRAINER,3,1,0,0,1
22448,Small Prismatic Shard,INTERMEDIATE,TRAINER,1,1,0,0,1
4248,Dark Leather Gloves,GEAR,DROP,1,1485,1996,74,1
4248,Dark Leather Gloves,GEAR,DROP,1,1425,1996,71,1
4248,Dark Leather Gloves,GEAR,DROP,1,1410,1996,70,1
4248,Dark Leather Gloves,GEAR,DROP,1,1485,1996,74,1
4248,Dark Leather Gloves,GEAR,DROP,1,1425,1996,71,1
4248,Dark Leather Gloves,GEAR,DROP,1,1410,1996,70,1
4248,Dark Leather Gloves,GEAR,DROP,1,1485,1996,74,1
4248,Dark Leather Gloves,GEAR,DROP,1,1425,1996,71,1
4248,Dark Leather Gloves,GEAR,DROP,1,1410,1996,70,1
4248,Dark Leather Gloves,GEAR,DROP,1,1485,1996,74,1
8069,Crafted Solid Shot,AMMO,TRAINER,1000,1,2,50,1
8069,Crafted Solid Shot,AMMO,TRAINER,1000,1,2,50,1
8069,Crafted Solid Shot,AMMO,TRAINER,200,1,2,50,1
22448,Small Prismatic Shard,INTERMEDIATE,TRAINER,20,1,0,0,1
22448,Small Prismatic Shard,INTERMEDIATE,TRAINER,3,1,0,0,1
22448,Small Prismatic Shard,INTERMEDIATE,TRAINER,10,1,0,0,1
22448,Small Prismatic Shard,INTERMEDIATE,TRAINER,20,1,0,0,1
22448,Small Prismatic Shard,INTERMEDIATE,TRAINER,20,1,0,0,1
22448,Small Prismatic Shard,INTERMEDIATE,TRAINER,1,1,0,0,1
22448,Small Prismatic Shard,INTERMEDIATE,TRAINER,1,1,0,0,1
22448,Small Prismatic Shard,INTERMEDIATE,TRAINER,20,1,0,0,1
22448,Small Prismatic Shard,INTERMEDIATE,TRAINER,1,1,0,0,1
5763,Red Woolen Bag,BAG,VENDOR,1,2234,1782,125,0
13423,Stonescale Oil,INTERMEDIATE,TRAINER,7,81,102,79,1
4318,Gloves of Meditation,GEAR,TRAINER,1,1462,2322,62,1
4318,Gloves of Meditation,GEAR,TRAINER,1,1447,2322,62,1
4318,Gloves of Meditation,GEAR,TRAINER,1,1403,2322,60,1
4318,Gloves of Meditation,GEAR,TRAINER,1,1462,2322,62,1
4318,Gloves of Meditation,GEAR,TRAINER,1,1447,2322,62,1
4318,Gloves of Meditation,GEAR,TRAINER,1,1403,2322,60,1
4318,Gloves of Meditation,GEAR,TRAINER,1,1462,2322,62,1
22448,Small Prismatic Shard,INTERMEDIATE,TRAINER,20,1,0,0,1
22448,Small Prismatic Shard,INTERMEDIATE,TRAINER,3,1,0,0,1
22448,Small Prismatic Shard,INTERMEDIATE,TRAINER,4,1,0,0,1
3391,Elixir of Ogre's Strength,ELIXIR_POT,DROP,5,213,237,89,1
13423,Stonescale Oil,INTERMEDIATE,TRAINER,4,84,102,82,1
13423,Stonescale Oil,INTERMEDIATE,TRAINER,4,79,102,77,1
2307,Fine Leather Boots,GEAR,DROP,1,506,671,75,1
2307,Fine Leather Boots,GEAR,DROP,1,495,671,73,1
2307,Fine Leather Boots,GEAR,DROP,1,506,671,75,1
2307,Fine Leather Boots,GEAR,DROP,1,495,671,73,1
2307,Fine Leather Boots,GEAR,DROP,1,506,671,75,1
2307,Fine Leather Boots,GEAR,DROP,1,495,671,73,1
2307,Fine Leather Boots,GEAR,DROP,1,506,671,75,1
2307,Fine Leather Boots,GEAR,DROP,1,495,671,73,1
2307,Fine Leather Boots,GEAR,DROP,1,506,671,75,1
2307,Fine Leather Boots,GEAR,DROP,1,495,671,73,1
2307,Fine Leather Boots,GEAR,DROP,1,506,671,75,1
2307,Fine Leather Boots,GEAR,DROP,1,495,671,73,1
2307,Fine Leather Boots,GEAR,DROP,1,506,671,75,1
2307,Fine Leather Boots,GEAR,DROP,1,495,671,73,1
12655,Enchanted Thorium Bar,INTERMEDIATE,TRAINER,13,43306,36825,117,0
10008,White Bandit Mask,GEAR,DROP,1,4485,6023,74,1
10008,White Bandit Mask,GEAR,DROP,1,4305,6023,71,1
10008,White Bandit Mask,GEAR,DROP,1,4261,6023,70,1
10008,White Bandit Mask,GEAR,DROP,1,4485,6023,74,1
10008,White Bandit Mask,GEAR,DROP,1,4305,6023,71,1
10008,White Bandit Mask,GEAR,DROP,1,4261,6023,70,1
10008,White Bandit Mask,GEAR,DROP,1,4485,6023,74,1
10008,White Bandit Mask,GEAR,DROP,1,4305,6023,71,1
10008,White Bandit Mask,GEAR,DROP,1,4261,6023,70,1
5966,Guardian Gloves,GEAR,TRAINER,1,3901,4183,93,1
5966,Guardian Gloves,GEAR,TRAINER,1,3783,4183,90,1
5966,Guardian Gloves,GEAR,TRAINER,1,3669,4183,87,1
5966,Guardian Gloves,GEAR,TRAINER,1,3632,4183,86,1
5966,Guardian Gloves,GEAR,TRAINER,1,3901,4183,93,1
5966,Guardian Gloves,GEAR,TRAINER,1,3783,4183,90,1
5966,Guardian Gloves,GEAR,TRAINER,1,3669,4183,87,1
5966,Guardian Gloves,GEAR,TRAINER,1,3632,4183,86,1
5966,Guardian Gloves,GEAR,TRAINER,1,3901,4183,93,1
5966,Guardian Gloves,GEAR,TRAINER,1,3783,4183,90,1
5966,Guardian Gloves,GEAR,TRAINER,1,3669,4183,87,1
5966,Guardian Gloves,GEAR,TRAINER,1,3632,4183,86,1
4304,Thick Leather,INTERMEDIATE,TRAINER,4,3143,3636,86,1
4304,Thick Leather,INTERMEDIATE,TRAINER,4,3048,3636,83,1
18262,Elemental Sharpening Stone,MISC,DROP,5,6528,9216,70,1
22448,Small Prismatic Shard,INTERMEDIATE,TRAINER,20,1,0,0,1
22448,Small Prismatic Shard,INTERMEDIATE,TRAINER,20,1,0,0,1
22448,Small Prismatic Shard,INTERMEDIATE,TRAINER,2,1,0,0,1
14048,Bolt of Runecloth,INTERMEDIATE,TRAINER,13,8180,11880,68,1
14048,Bolt of Runecloth,INTERMEDIATE,TRAINER,1,7771,11880,65,1
5763,Red Woolen Bag,BAG,VENDOR,1,1378,1782,77,1
5763,Red Woolen Bag,BAG,VENDOR,1,1364,1782,76,1
5763,Red Woolen Bag,BAG,VENDOR,1,1309,1782,73,1
5763,Red Woolen Bag,BAG,VENDOR,1,1378,1782,77,1
5763,Red Woolen Bag,BAG,VENDOR,1,1364,1782,76,1
5763,Red Woolen Bag,BAG,VENDOR,1,1309,1782,73,1
5763,Red Woolen Bag,BAG,VENDOR,1,1378,1782,77,1
5763,Red Woolen Bag,BAG,VENDOR,1,1364,1782,76,1
5966,Guardian Gloves,GEAR,TRAINER,1,3284,4183,78,1
5966,Guardian Gloves,GEAR,TRAINER,1,3218,4183,76,1
5966,Guardian Gloves,GEAR,TRAINER,1,3121,4183,74,1
5966,Guardian Gloves,GEAR,TRAINER,1,3284,4183,78,1
5966,Guardian Gloves,GEAR,TRAINER,1,3218,4183,76,1
5966,Guardian Gloves,GEAR,TRAINER,1,3121,4183,74,1
5966,Guardian Gloves,GEAR,TRAINER,1,3284,4183,78,1
5966,Guardian Gloves,GEAR,TRAINER,1,3218,4183,76,1
5966,Guardian Gloves,GEAR,TRAINER,1,3121,4183,74,1
5966,Guardian Gloves,GEAR,TRAINER,1,3284,4183,78,1
5966,Guardian Gloves,GEAR,TRAINER,1,3218,4183,76,1
5966,Guardian Gloves,GEAR,TRAINER,1,3121,4183,74,1
5966,Guardian Gloves,GEAR,TRAINER,1,3284,4183,78,1
12655,Enchanted Thorium Bar,INTERMEDIATE,TRAINER,6,48122,36825,130,0
12655,Enchanted Thorium Bar,INTERMEDIATE,TRAINER,6,45715,36825,124,0
13506,Potion of Petrification,ELIXIR_POT,DROP,20,436,607,71,1
13506,Potion of Petrification,ELIXIR_POT,DROP,5,422,607,69,1
13506,Potion of Petrification,ELIXIR_POT,DROP,5,417,607,68,1
4265,Heavy Armor Kit,MISC,TRAINER,9,2778,3130,88,1
13423,Stonescale Oil,INTERMEDIATE,TRAINER,1,72,102,70,1
13423,Stonescale Oil,INTERMEDIATE,TRAINER,4,68,102,66,1
10513,Mithril Gyro-Shot,AMMO,TRAINER,1000,22,26,84,1
10513,Mithril Gyro-Shot,AMMO,TRAINER,200,21,26,80,1
4248,Dark Leather Gloves,GEAR,DROP,1,1532,1996,76,1
4248,Dark Leather Gloves,GEAR,DROP,1,1455,1996,72,1
4248,Dark Leather Gloves,GEAR,DROP,1,1532,1996,76,1
4248,Dark Leather Gloves,GEAR,DROP,1,1455,1996,72,1
4248,Dark Leather Gloves,GEAR,DROP,1,1532,1996,76,1
8069,Crafted Solid Shot,AMMO,TRAINER,1000,1,2,50,1
8069,Crafted Solid Shot,AMMO,TRAINER,1000,1,2,50,1
8069,Crafted Solid Shot,AMMO,TRAINER,800,1,2,50,1
22574,Mote of Fire,INTERMEDIATE,TRAINER,10,2472,3200,77,1
22574,Mote of Fire,INTERMEDIATE,TRAINER,10,2348,3200,73,1
22574,Mote of Fire,INTERMEDIATE,TRAINER,10,2254,3200,70,1
22574,Mote of Fire,INTERMEDIATE,TRAINER,10,2472,3200,77,1
22574,Mote of Fire,INTERMEDIATE,TRAINER,10,2348,3200,73,1
22574,Mote of Fire,INTERMEDIATE,TRAINER,10,2254,3200,70,1
22574,Mote of Fire,INTERMEDIATE,TRAINER,10,2472,3200,77,1
22574,Mote of Fire,INTERMEDIATE,TRAINER,10,2348,3200,73,1
22574,Mote of Fire,INTERMEDIATE,TRAINER,10,2254,3200,70,1
22574,Mote of Fire,INTERMEDIATE,TRAINER,10,2472,3200,77,1
22574,Mote of Fire,INTERMEDIATE,TRAINER,10,2348,3200,73,1
22574,Mote of Fire,INTERMEDIATE,TRAINER,10,2254,3200,70,1
22574,Mote of Fire,INTERMEDIATE,TRAINER,10,2472,3200,77,1
22574,Mote of Fire,INTERMEDIATE,TRAINER,10,2348,3200,73,1
22574,Mote of Fire,INTERMEDIATE,TRAINER,5,2254,3200,70,1
22574,Mote of Fire,INTERMEDIATE,TRAINER,5,2472,3200,77,1
10513,Mithril Gyro-Shot,AMMO,TRAINER,1000,20,26,76,1
10513,Mithril Gyro-Shot,AMMO,TRAINER,1000,19,26,73,1
10513,Mithril Gyro-Shot,AMMO,TRAINER,400,18,26,69,1
44840,Cranberry Chutney,FOOD,DROP,15,4,8,50,1
2867,Rough Bronze Bracers,GEAR,UNSOURCED,1,190,248,76,1
2867,Rough Bronze Bracers,GEAR,UNSOURCED,1,180,248,72,1
2867,Rough Bronze Bracers,GEAR,UNSOURCED,1,174,248,70,1
2867,Rough Bronze Bracers,GEAR,UNSOURCED,1,190,248,76,1
2867,Rough Bronze Bracers,GEAR,UNSOURCED,1,180,248,72,1
2867,Rough Bronze Bracers,GEAR,UNSOURCED,1,174,248,70,1
15997,Thorium Shells,AMMO,TRAINER,1000,15,22,68,1
15997,Thorium Shells,AMMO,TRAINER,1000,14,22,63,1
4265,Heavy Armor Kit,MISC,TRAINER,9,2660,3130,84,1
10056,Orange Mageweave Shirt,GEAR,TRAINER,1,6098,6998,87,1
10056,Orange Mageweave Shirt,GEAR,TRAINER,1,6037,6998,86,1
10056,Orange Mageweave Shirt,GEAR,TRAINER,1,5795,6998,82,1
10056,Orange Mageweave Shirt,GEAR,TRAINER,1,6098,6998,87,1
10056,Orange Mageweave Shirt,GEAR,TRAINER,1,6037,6998,86,1
10056,Orange Mageweave Shirt,GEAR,TRAINER,1,5795,6998,82,1
10056,Orange Mageweave Shirt,GEAR,TRAINER,1,6098,6998,87,1
10056,Orange Mageweave Shirt,GEAR,TRAINER,1,6037,6998,86,1
10056,Orange Mageweave Shirt,GEAR,TRAINER,1,5795,6998,82,1
10056,Orange Mageweave Shirt,GEAR,TRAINER,1,6098,6998,87,1
10056,Orange Mageweave Shirt,GEAR,TRAINER,1,6037,6998,86,1
10056,Orange Mageweave Shirt,GEAR,TRAINER,1,5795,6998,82,1
10056,Orange Mageweave Shirt,GEAR,TRAINER,1,6098,6998,87,1
7965,Solid Weightstone,MISC,TRAINER,13,928,1182,78,1
5966,Guardian Gloves,GEAR,TRAINER,1,3231,4183,77,1
5966,Guardian Gloves,GEAR,TRAINER,1,3166,4183,75,1
5966,Guardian Gloves,GEAR,TRAINER,1,3102,4183,74,1
5966,Guardian Gloves,GEAR,TRAINER,1,3070,4183,73,1
5966,Guardian Gloves,GEAR,TRAINER,1,3231,4183,77,1
5966,Guardian Gloves,GEAR,TRAINER,1,3166,4183,75,1
5966,Guardian Gloves,GEAR,TRAINER,1,3102,4183,74,1
5966,Guardian Gloves,GEAR,TRAINER,1,3070,4183,73,1
8069,Crafted Solid Shot,AMMO,TRAINER,1000,1,2,50,1
8069,Crafted Solid Shot,AMMO,TRAINER,1000,1,2,50,1
8069,Crafted Solid Shot,AMMO,TRAINER,400,1,2,50,1
2580,Reinforced Linen Cape,GEAR,TRAINER,1,228,254,89,1
2580,Reinforced Linen Cape,GEAR,TRAINER,1,221,254,87,1
2580,Reinforced Linen Cape,GEAR,TRAINER,1,218,254,85,1
2580,Reinforced Linen Cape,GEAR,TRAINER,1,228,254,89,1
2580,Reinforced Linen Cape,GEAR,TRAINER,1,221,254,87,1
2580,Reinforced Linen Cape,GEAR,TRAINER,1,218,254,85,1
2580,Reinforced Linen Cape,GEAR,TRAINER,1,228,254,89,1
2580,Reinforced Linen Cape,GEAR,TRAINER,1,221,254,87,1
2580,Reinforced Linen Cape,GEAR,TRAINER,1,218,254,85,1
2580,Reinforced Linen Cape,GEAR,TRAINER,1,228,254,89,1
2580,Reinforced Linen Cape,GEAR,TRAINER,1,221,254,87,1
2580,Reinforced Linen Cape,GEAR,TRAINER,1,218,254,85,1
2580,Reinforced Linen Cape,GEAR,TRAINER,1,228,254,89,1
2580,Reinforced Linen Cape,GEAR,TRAINER,1,221,254,87,1
13423,Stonescale Oil,INTERMEDIATE,TRAINER,2,87,102,85,1
13423,Stonescale Oil,INTERMEDIATE,TRAINER,6,84,102,82,1
5966,Guardian Gloves,GEAR,TRAINER,1,3479,4183,83,1
5966,Guardian Gloves,GEAR,TRAINER,1,3409,4183,81,1
5966,Guardian Gloves,GEAR,TRAINER,1,3238,4183,77,1
5966,Guardian Gloves,GEAR,TRAINER,1,3479,4183,83,1
5966,Guardian Gloves,GEAR,TRAINER,1,3409,4183,81,1
5966,Guardian Gloves,GEAR,TRAINER,1,3238,4183,77,1
5966,Guardian Gloves,GEAR,TRAINER,1,3479,4183,83,1
5966,Guardian Gloves,GEAR,TRAINER,1,3409,4183,81,1
13423,Stonescale Oil,INTERMEDIATE,TRAINER,8,93,102,91,1
13423,Stonescale Oil,INTERMEDIATE,TRAINER,5,89,102,87,1
12810,Enchanted Leather,INTERMEDIATE,TRAINER,6,95684,83640,114,0
5763,Red Woolen Bag,BAG,VENDOR,1,1334,1782,74,1
5763,Red Woolen Bag,BAG,VENDOR,1,1267,1782,71,1
5763,Red Woolen Bag,BAG,VENDOR,1,1334,1782,74,1
5763,Red Woolen Bag,BAG,VENDOR,1,1267,1782,71,1
5763,Red Woolen Bag,BAG,VENDOR,1,1334,1782,74,1
5763,Red Woolen Bag,BAG,VENDOR,1,1267,1782,71,1
5763,Red Woolen Bag,BAG,VENDOR,1,1334,1782,74,1
5763,Red Woolen Bag,BAG,VENDOR,1,1267,1782,71,1
5763,Red Woolen Bag,BAG,VENDOR,1,1334,1782,74,1
5763,Red Woolen Bag,BAG,VENDOR,1,1267,1782,71,1
5763,Red Woolen Bag,BAG,VENDOR,1,1334,1782,74,1
5763,Red Woolen Bag,BAG,VENDOR,1,1267,1782,71,1
14342,Mooncloth,INTERMEDIATE,VENDOR,2,13091,15200,86,1
14342,Mooncloth,INTERMEDIATE,VENDOR,4,12960,15200,85,1
6048,Shadow Protection Potion,ELIXIR_POT,VENDOR,17,343,306,112,0
5966,Guardian Gloves,GEAR,TRAINER,1,3306,4183,79,1
5966,Guardian Gloves,GEAR,TRAINER,1,3206,4183,76,1
5966,Guardian Gloves,GEAR,TRAINER,1,3045,4183,72,1
5966,Guardian Gloves,GEAR,TRAINER,1,3306,4183,79,1
5966,Guardian Gloves,GEAR,TRAINER,1,3206,4183,76,1
5966,Guardian Gloves,GEAR,TRAINER,1,3045,4183,72,1
5966,Guardian Gloves,GEAR,TRAINER,1,3306,4183,79,1
5966,Guardian Gloves,GEAR,TRAINER,1,3206,4183,76,1
5966,Guardian Gloves,GEAR,TRAINER,1,3045,4183,72,1
5966,Guardian Gloves,GEAR,TRAINER,1,3306,4183,79,1
5966,Guardian Gloves,GEAR,TRAINER,1,3206,4183,76,1
5966,Guardian Gloves,GEAR,TRAINER,1,3045,4183,72,1
10513,Mithril Gyro-Shot,AMMO,TRAINER,1000,20,26,76,1
9999,Black Mageweave Leggings,GEAR,TRAINER,1,6742,9496,70,1
9999,Black Mageweave Leggings,GEAR,TRAINER,1,6472,9496,68,1
9999,Black Mageweave Leggings,GEAR,TRAINER,1,6407,9496,67,1
9999,Black Mageweave Leggings,GEAR,TRAINER,1,6742,9496,70,1
9999,Black Mageweave Leggings,GEAR,TRAINER,1,6472,9496,68,1
9999,Black Mageweave Leggings,GEAR,TRAINER,1,6407,9496,67,1
14342,Mooncloth,INTERMEDIATE,VENDOR,1,12363,15200,81,1
14342,Mooncloth,INTERMEDIATE,VENDOR,6,12115,15200,79,1
15997,Thorium Shells,AMMO,TRAINER,1000,16,22,72,1
15997,Thorium Shells,AMMO,TRAINER,1000,15,22,68,1
15997,Thorium Shells,AMMO,TRAINER,800,14,22,63,1
22448,Small Prismatic Shard,INTERMEDIATE,TRAINER,20,1,0,0,1
22448,Small Prismatic Shard,INTERMEDIATE,TRAINER,20,1,0,0,1
22448,Small Prismatic Shard,INTERMEDIATE,TRAINER,1,1,0,0,1
22448,Small Prismatic Shard,INTERMEDIATE,TRAINER,1,1,0,0,1
13423,Stonescale Oil,INTERMEDIATE,TRAINER,8,76,102,74,1
13423,Stonescale Oil,INTERMEDIATE,TRAINER,1,72,102,70,1
8069,Crafted Solid Shot,AMMO,TRAINER,1000,1,2,50,1
8069,Crafted Solid Shot,AMMO,TRAINER,1000,1,2,50,1
8069,Crafted Solid Shot,AMMO,TRAINER,1000,1,2,50,1
13423,Stonescale Oil,INTERMEDIATE,TRAINER,3,97,102,95,1
13423,Stonescale Oil,INTERMEDIATE,TRAINER,5,94,102,92,1
22448,Small Prismatic Shard,INTERMEDIATE,TRAINER,8,1,0,0,1
22448,Small Prismatic Shard,INTERMEDIATE,TRAINER,7,1,0,0,1
13423,Stonescale Oil,INTERMEDIATE,TRAINER,2,86,102,84,1
13423,Stonescale Oil,INTERMEDIATE,TRAINER,3,82,102,80,1
10513,Mithril Gyro-Shot,AMMO,TRAINER,1000,21,26,80,1
10513,Mithril Gyro-Shot,AMMO,TRAINER,800,19,26,73,1
15997,Thorium Shells,AMMO,TRAINER,1000,18,22,81,1
15997,Thorium Shells,AMMO,TRAINER,1000,17,22,77,1
15997,Thorium Shells,AMMO,TRAINER,200,16,22,72,1
10512,Hi-Impact Mithril Slugs,AMMO,TRAINER,1000,10,13,76,1
10512,Hi-Impact Mithril Slugs,AMMO,TRAINER,200,9,13,69,1
4236,Cured Heavy Hide,INTERMEDIATE,TRAINER,2,1177,1350,87,1
4236,Cured Heavy Hide,INTERMEDIATE,TRAINER,3,1118,1350,82,1
22574,Mote of Fire,INTERMEDIATE,TRAINER,10,3200,3200,100,0
22574,Mote of Fire,INTERMEDIATE,TRAINER,10,3200,3200,100,0
22574,Mote of Fire,INTERMEDIATE,TRAINER,10,3200,3200,100,0
22574,Mote of Fire,INTERMEDIATE,TRAINER,10,3200,3200,100,0
22574,Mote of Fire,INTERMEDIATE,TRAINER,10,3200,3200,100,0
22574,Mote of Fire,INTERMEDIATE,TRAINER,10,3200,3200,100,0
22574,Mote of Fire,INTERMEDIATE,TRAINER,10,3200,3200,100,0
22574,Mote of Fire,INTERMEDIATE,TRAINER,10,3200,3200,100,0
22574,Mote of Fire,INTERMEDIATE,TRAINER,10,3200,3200,100,0
4318,Gloves of Meditation,GEAR,TRAINER,1,1554,2322,66,1
4318,Gloves of Meditation,GEAR,TRAINER,1,1476,2322,63,1
4318,Gloves of Meditation,GEAR,TRAINER,1,1416,2322,60,1
4318,Gloves of Meditation,GEAR,TRAINER,1,1554,2322,66,1
4318,Gloves of Meditation,GEAR,TRAINER,1,1476,2322,63,1
4318,Gloves of Meditation,GEAR,TRAINER,1,1416,2322,60,1
4318,Gloves of Meditation,GEAR,TRAINER,1,1554,2322,66,1
4318,Gloves of Meditation,GEAR,TRAINER,1,1476,2322,63,1
4318,Gloves of Meditation,GEAR,TRAINER,1,1416,2322,60,1
4318,Gloves of Meditation,GEAR,TRAINER,1,1554,2322,66,1
4318,Gloves of Meditation,GEAR,TRAINER,1,1476,2322,63,1
4318,Gloves of Meditation,GEAR,TRAINER,1,1416,2322,60,1
4318,Gloves of Meditation,GEAR,TRAINER,1,1554,2322,66,1
4318,Gloves of Meditation,GEAR,TRAINER,1,1476,2322,63,1
22448,Small Prismatic Shard,INTERMEDIATE,TRAINER,20,1,0,0,1
22448,Small Prismatic Shard,INTERMEDIATE,TRAINER,1,1,0,0,1
22448,Small Prismatic Shard,INTERMEDIATE,TRAINER,20,1,0,0,1
22448,Small Prismatic Shard,INTERMEDIATE,TRAINER,7,1,0,0,1
22448,Small Prismatic Shard,INTERMEDIATE,TRAINER,6,1,0,0,1
13423,Stonescale Oil,INTERMEDIATE,TRAINER,10,91,102,89,1
13423,Stonescale Oil,INTERMEDIATE,TRAINER,4,89,102,87,1
2854,Runed Copper Bracers,GEAR,TRAINER,1,185,248,74,1
2854,Runed Copper Bracers,GEAR,TRAINER,1,183,248,73,1
2854,Runed Copper Bracers,GEAR,TRAINER,1,175,248,70,1
2854,Runed Copper Bracers,GEAR,TRAINER,1,166,248,66,1
2854,Runed Copper Bracers,GEAR,TRAINER,1,185,248,74,1
2854,Runed Copper Bracers,GEAR,TRAINER,1,183,248,73,1
2854,Runed Copper Bracers,GEAR,TRAINER,1,175,248,70,1
2854,Runed Copper Bracers,GEAR,TRAINER,1,166,248,66,1
2854,Runed Copper Bracers,GEAR,TRAINER,1,185,248,74,1
2854,Runed Copper Bracers,GEAR,TRAINER,1,183,248,73,1
2854,Runed Copper Bracers,GEAR,TRAINER,1,175,248,70,1
2854,Runed Copper Bracers,GEAR,TRAINER,1,166,248,66,1
7964,Solid Sharpening Stone,MISC,TRAINER,14,391,588,66,1
22448,Small Prismatic Shard,INTERMEDIATE,TRAINER,20,1,0,0,1
22448,Small Prismatic Shard,INTERMEDIATE,TRAINER,7,1,0,0,1
22448,Small Prismatic Shard,INTERMEDIATE,TRAINER,9,1,0,0,1
22448,Small Prismatic Shard,INTERMEDIATE,TRAINER,20,1,0,0,1
22448,Small Prismatic Shard,INTERMEDIATE,TRAINER,9,1,0,0,1
22448,Small Prismatic Shard,INTERMEDIATE,TRAINER,1,1,0,0,1
22448,Small Prismatic Shard,INTERMEDIATE,TRAINER,20,1,0,0,1
22448,Small Prismatic Shard,INTERMEDIATE,TRAINER,20,1,0,0,1
22448,Small Prismatic Shard,INTERMEDIATE,TRAINER,2,1,0,0,1
10048,Colorful Kilt,GEAR,DROP,1,1625,2290,70,1
10048,Colorful Kilt,GEAR,DROP,1,1560,2290,68,1
10048,Colorful Kilt,GEAR,DROP,1,1625,2290,70,1
10048,Colorful Kilt,GEAR,DROP,1,1560,2290,68,1
10048,Colorful Kilt,GEAR,DROP,1,1625,2290,70,1
12644,Dense Grinding Stone,INTERMEDIATE,TRAINER,2,5162,5760,89,1
12644,Dense Grinding Stone,INTERMEDIATE,TRAINER,11,5007,5760,86,1
7964,Solid Sharpening Stone,MISC,TRAINER,7,507,588,86,1
13423,Stonescale Oil,INTERMEDIATE,TRAINER,5,99,102,97,1
13423,Stonescale Oil,INTERMEDIATE,TRAINER,6,96,102,94,1
8069,Crafted Solid Shot,AMMO,TRAINER,1000,1,2,50,1
8069,Crafted Solid Shot,AMMO,TRAINER,600,1,2,50,1
10513,Mithril Gyro-Shot,AMMO,TRAINER,1000,21,26,80,1
10513,Mithril Gyro-Shot,AMMO,TRAINER,1000,20,26,76,1
10513,Mithril Gyro-Shot,AMMO,TRAINER,1000,19,26,73,1
3531,Heavy Wool Bandage,MISC,TRAINER,6,256,272,94,1
4304,Thick Leather,INTERMEDIATE,TRAINER,4,3294,3636,90,1
4304,Thick Leather,INTERMEDIATE,TRAINER,2,3162,3636,86,1
6662,Elixir of Giant Growth,ELIXIR_POT,DROP,5,77,108,71,1
6662,Elixir of Giant Growth,ELIXIR_POT,DROP,7,76,108,70,1
15997,Thorium Shells,AMMO,TRAINER,1000,19,22,86,1
15997,Thorium Shells,AMMO,TRAINER,1000,18,22,81,1
15997,Thorium Shells,AMMO,TRAINER,400,17,22,77,1
13423,Stonescale Oil,INTERMEDIATE,TRAINER,4,70,102,68,1
13423,Stonescale Oil,INTERMEDIATE,TRAINER,4,67,102,65,1
15997,Thorium Shells,AMMO,TRAINER,1000,17,22,77,1
15997,Thorium Shells,AMMO,TRAINER,1000,16,22,72,1
15997,Thorium Shells,AMMO,TRAINER,400,15,22,68,1
22448,Small Prismatic Shard,INTERMEDIATE,TRAINER,20,1,0,0,1
22448,Small Prismatic Shard,INTERMEDIATE,TRAINER,5,1,0,0,1
22448,Small Prismatic Shard,INTERMEDIATE,TRAINER,2,1,0,0,1
5966,Guardian Gloves,GEAR,TRAINER,1,3337,4183,79,1
5966,Guardian Gloves,GEAR,TRAINER,1,3236,4183,77,1
5966,Guardian Gloves,GEAR,TRAINER,1,3337,4183,79,1
5966,Guardian Gloves,GEAR,TRAINER,1,3236,4183,77,1
5966,Guardian Gloves,GEAR,TRAINER,1,3337,4183,79,1
5966,Guardian Gloves,GEAR,TRAINER,1,3236,4183,77,1
13506,Potion of Petrification,ELIXIR_POT,DROP,5,443,607,72,1
13506,Potion of Petrification,ELIXIR_POT,DROP,5,434,607,71,1
13506,Potion of Petrification,ELIXIR_POT,DROP,6,425,607,70,1
2458,Elixir of Minor Fortitude,ELIXIR_POT,TRAINER,5,207,207,100,0
2458,Elixir of Minor Fortitude,ELIXIR_POT,TRAINER,3,207,207,100,0
2857,Runed Copper Belt,GEAR,TRAINER,1,162,200,81,1
2857,Runed Copper Belt,GEAR,TRAINER,1,158,200,79,1
2857,Runed Copper Belt,GEAR,TRAINER,1,150,200,75,1
2857,Runed Copper Belt,GEAR,TRAINER,1,148,200,74,1
2857,Runed Copper Belt,GEAR,TRAINER,1,162,200,81,1
2857,Runed Copper Belt,GEAR,TRAINER,1,158,200,79,1
2857,Runed Copper Belt,GEAR,TRAINER,1,150,200,75,1
22448,Small Prismatic Shard,INTERMEDIATE,TRAINER,20,1,0,0,1
22448,Small Prismatic Shard,INTERMEDIATE,TRAINER,20,1,0,0,1
22448,Small Prismatic Shard,INTERMEDIATE,TRAINER,1,1,0,0,1
22448,Small Prismatic Shard,INTERMEDIATE,TRAINER,4,1,0,0,1
4339,Bolt of Mageweave,INTERMEDIATE,TRAINER,6,3599,5050,71,1
4339,Bolt of Mageweave,INTERMEDIATE,TRAINER,9,3491,5050,69,1
10512,Hi-Impact Mithril Slugs,AMMO,TRAINER,1000,9,13,69,1
10512,Hi-Impact Mithril Slugs,AMMO,TRAINER,600,8,13,61,1
13423,Stonescale Oil,INTERMEDIATE,TRAINER,5,99,102,97,1
13423,Stonescale Oil,INTERMEDIATE,TRAINER,6,94,102,92,1
8176,Nightscape Headband,GEAR,TRAINER,1,5196,6940,74,1
8176,Nightscape Headband,GEAR,TRAINER,1,4988,6940,71,1
8176,Nightscape Headband,GEAR,TRAINER,1,4838,6940,69,1
8176,Nightscape Headband,GEAR,TRAINER,1,4789,6940,69,1
8176,Nightscape Headband,GEAR,TRAINER,1,5196,6940,74,1
8176,Nightscape Headband,GEAR,TRAINER,1,4988,6940,71,1
8176,Nightscape Headband,GEAR,TRAINER,1,4838,6940,69,1
8176,Nightscape Headband,GEAR,TRAINER,1,4789,6940,69,1
8176,Nightscape Headband,GEAR,TRAINER,1,5196,6940,74,1
8176,Nightscape Headband,GEAR,TRAINER,1,4988,6940,71,1
9999,Black Mageweave Leggings,GEAR,TRAINER,1,9640,9496,101,1
9999,Black Mageweave Leggings,GEAR,TRAINER,1,9158,9496,96,1
9999,Black Mageweave Leggings,GEAR,TRAINER,1,9640,9496,101,1
9999,Black Mageweave Leggings,GEAR,TRAINER,1,9158,9496,96,1
9999,Black Mageweave Leggings,GEAR,TRAINER,1,9640,9496,101,1
9999,Black Mageweave Leggings,GEAR,TRAINER,1,9158,9496,96,1
9999,Black Mageweave Leggings,GEAR,TRAINER,1,9640,9496,101,1
9999,Black Mageweave Leggings,GEAR,TRAINER,1,9158,9496,96,1
9999,Black Mageweave Leggings,GEAR,TRAINER,1,9640,9496,101,1
15997,Thorium Shells,AMMO,TRAINER,1000,16,22,72,1
15997,Thorium Shells,AMMO,TRAINER,1000,15,22,68,1
15997,Thorium Shells,AMMO,TRAINER,200,16,22,72,1
17771,Elementium Bar,MISC,DROP,1,4731490,2472560,191,0
12643,Dense Weightstone,MISC,TRAINER,11,3367,3816,88,1
10008,White Bandit Mask,GEAR,DROP,1,4987,6023,82,1
10008,White Bandit Mask,GEAR,DROP,1,4837,6023,80,1
10008,White Bandit Mask,GEAR,DROP,1,4643,6023,77,1
10008,White Bandit Mask,GEAR,DROP,1,4987,6023,82,1
10008,White Bandit Mask,GEAR,DROP,1,4837,6023,80,1
10008,White Bandit Mask,GEAR,DROP,1,4643,6023,77,1
13423,Stonescale Oil,INTERMEDIATE,TRAINER,4,80,102,78,1
13423,Stonescale Oil,INTERMEDIATE,TRAINER,7,76,102,74,1
13423,Stonescale Oil,INTERMEDIATE,TRAINER,11,102,102,100,1
13423,Stonescale Oil,INTERMEDIATE,TRAINER,1,96,102,94,1
3391,Elixir of Ogre's Strength,ELIXIR_POT,DROP,12,202,237,85,1
8069,Crafted Solid Shot,AMMO,TRAINER,1000,1,2,50,1
8069,Crafted Solid Shot,AMMO,TRAINER,1000,1,2,50,1
8069,Crafted Solid Shot,AMMO,TRAINER,400,1,2,50,1
4314,Double-stitched Woolen Shoulders,GEAR,TRAINER,1,955,1424,67,1
4314,Double-stitched Woolen Shoulders,GEAR,TRAINER,1,935,1424,65,1
4314,Double-stitched Woolen Shoulders,GEAR,TRAINER,1,916,1424,64,1
4314,Double-stitched Woolen Shoulders,GEAR,TRAINER,1,888,1424,62,1
4314,Double-stitched Woolen Shoulders,GEAR,TRAINER,1,955,1424,67,1
4314,Double-stitched Woolen Shoulders,GEAR,TRAINER,1,935,1424,65,1
4314,Double-stitched Woolen Shoulders,GEAR,TRAINER,1,916,1424,64,1
4314,Double-stitched Woolen Shoulders,GEAR,TRAINER,1,888,1424,62,1
4314,Double-stitched Woolen Shoulders,GEAR,TRAINER,1,955,1424,67,1
4314,Double-stitched Woolen Shoulders,GEAR,TRAINER,1,935,1424,65,1
10513,Mithril Gyro-Shot,AMMO,TRAINER,1000,20,26,76,1
10513,Mithril Gyro-Shot,AMMO,TRAINER,400,19,26,73,1
15997,Thorium Shells,AMMO,TRAINER,1000,20,22,90,1
15997,Thorium Shells,AMMO,TRAINER,800,19,22,86,1
6385,Stylish Green Shirt,GEAR,DROP,1,2013,2282,88,1
6385,Stylish Green Shirt,GEAR,DROP,1,1912,2282,83,1
6385,Stylish Green Shirt,GEAR,DROP,1,2013,2282,88,1
6385,Stylish Green Shirt,GEAR,DROP,1,1912,2282,83,1
6385,Stylish Green Shirt,GEAR,DROP,1,2013,2282,88,1
6385,Stylish Green Shirt,GEAR,DROP,1,1912,2282,83,1
6385,Stylish Green Shirt,GEAR,DROP,1,2013,2282,88,1
6385,Stylish Green Shirt,GEAR,DROP,1,1912,2282,83,1
6385,Stylish Green Shirt,GEAR,DROP,1,2013,2282,88,1
8172,Cured Thick Hide,INTERMEDIATE,TRAINER,3,3549,4545,78,1
8172,Cured Thick Hide,INTERMEDIATE,TRAINER,4,3407,4545,74,1
3860,Mithril Bar,INTERMEDIATE,TRAINER,10,1156,1545,74,1
3860,Mithril Bar,INTERMEDIATE,TRAINER,3,1098,1545,71,1
13423,Stonescale Oil,INTERMEDIATE,TRAINER,1,92,102,90,1
13423,Stonescale Oil,INTERMEDIATE,TRAINER,6,87,102,85,1
5081,Kodo Hide Bag,BAG,UNSOURCED,1,1916,853,224,0
5081,Kodo Hide Bag,BAG,UNSOURCED,1,1858,853,217,0
5081,Kodo Hide Bag,BAG,UNSOURCED,1,1916,853,224,0
15407,Cured Rugged Hide,INTERMEDIATE,TRAINER,6,6303,9060,69,1
15407,Cured Rugged Hide,INTERMEDIATE,TRAINER,1,6176,9060,68,1
8069,Crafted Solid Shot,AMMO,TRAINER,1000,1,2,50,1
8069,Crafted Solid Shot,AMMO,TRAINER,400,1,2,50,1
22448,Small Prismatic Shard,INTERMEDIATE,TRAINER,14,1,0,0,1
22448,Small Prismatic Shard,INTERMEDIATE,TRAINER,4,1,0,0,1
5966,Guardian Gloves,GEAR,TRAINER,1,3381,4183,80,1
5966,Guardian Gloves,GEAR,TRAINER,1,3313,4183,79,1
5966,Guardian Gloves,GEAR,TRAINER,1,3246,4183,77,1
5966,Guardian Gloves,GEAR,TRAINER,1,3381,4183,80,1
5966,Guardian Gloves,GEAR,TRAINER,1,3313,4183,79,1
5966,Guardian Gloves,GEAR,TRAINER,1,3246,4183,77,1
5966,Guardian Gloves,GEAR,TRAINER,1,3381,4183,80,1
5966,Guardian Gloves,GEAR,TRAINER,1,3313,4183,79,1
2868,Patterned Bronze Bracers,GEAR,TRAINER,1,402,430,93,1
2868,Patterned Bronze Bracers,GEAR,TRAINER,1,381,430,88,1
2868,Patterned Bronze Bracers,GEAR,TRAINER,1,402,430,93,1
2868,Patterned Bronze Bracers,GEAR,TRAINER,1,381,430,88,1
2868,Patterned Bronze Bracers,GEAR,TRAINER,1,402,430,93,1
2868,Patterned Bronze Bracers,GEAR,TRAINER,1,381,430,88,1
2868,Patterned Bronze Bracers,GEAR,TRAINER,1,402,430,93,1
2868,Patterned Bronze Bracers,GEAR,TRAINER,1,381,430,88,1
22448,Small Prismatic Shard,INTERMEDIATE,TRAINER,20,1,0,0,1
22448,Small Prismatic Shard,INTERMEDIATE,TRAINER,7,1,0,0,1
22448,Small Prismatic Shard,INTERMEDIATE,TRAINER,12,1,0,0,1
9999,Black Mageweave Leggings,GEAR,TRAINER,1,7347,9496,77,1
9999,Black Mageweave Leggings,GEAR,TRAINER,1,7126,9496,75,1
9999,Black Mageweave Leggings,GEAR,TRAINER,1,6769,9496,71,1
9999,Black Mageweave Leggings,GEAR,TRAINER,1,7347,9496,77,1
9999,Black Mageweave Leggings,GEAR,TRAINER,1,7126,9496,75,1
9999,Black Mageweave Leggings,GEAR,TRAINER,1,6769,9496,71,1
12655,Enchanted Thorium Bar,INTERMEDIATE,TRAINER,2,36825,36825,100,0
12655,Enchanted Thorium Bar,INTERMEDIATE,TRAINER,6,36825,36825,100,0
6453,Strong Anti-Venom,MISC,DROP,20,325,373,87,1
6453,Strong Anti-Venom,MISC,DROP,16,321,373,86,1
3482,Silvered Bronze Boots,GEAR,TRAINER,1,707,795,88,1
3482,Silvered Bronze Boots,GEAR,TRAINER,1,699,795,87,1
3482,Silvered Bronze Boots,GEAR,TRAINER,1,685,795,86,1
3482,Silvered Bronze Boots,GEAR,TRAINER,1,707,795,88,1
3482,Silvered Bronze Boots,GEAR,TRAINER,1,699,795,87,1
3482,Silvered Bronze Boots,GEAR,TRAINER,1,685,795,86,1
8172,Cured Thick Hide,INTERMEDIATE,TRAINER,9,4101,4545,90,1
8172,Cured Thick Hide,INTERMEDIATE,TRAINER,5,3977,4545,87,1
15997,Thorium Shells,AMMO,TRAINER,1000,14,22,63,1
15997,Thorium Shells,AMMO,TRAINER,200,13,22,59,1
8170,Rugged Leather,INTERMEDIATE,TRAINER,3,4655,7128,65,1
8170,Rugged Leather,INTERMEDIATE,TRAINER,12,4468,7128,62,1
22448,Small Prismatic Shard,INTERMEDIATE,TRAINER,20,1,0,0,1
22448,Small Prismatic Shard,INTERMEDIATE,TRAINER,3,1,0,0,1
22448,Small Prismatic Shard,INTERMEDIATE,TRAINER,10,1,0,0,1
7964,Solid Sharpening Stone,MISC,TRAINER,7,423,588,71,1
15997,Thorium Shells,AMMO,TRAINER,1000,20,22,90,1
15997,Thorium Shells,AMMO,TRAINER,1000,19,22,86,1
15997,Thorium Shells,AMMO,TRAINER,200,20,22,90,1
10592,Catseye Elixir,ELIXIR_POT,TRAINER,13,1732,1732,100,0
13512,Flask of Supreme Power,FLASK,DROP,20,19186,11430,167,0
13512,Flask of Supreme Power,FLASK,DROP,20,18418,11430,161,0
2455,Minor Mana Potion,ELIXIR_POT,TRAINER,13,133,128,103,0
12404,Dense Sharpening Stone,MISC,TRAINER,15,1244,1440,86,1
22448,Small Prismatic Shard,INTERMEDIATE,TRAINER,20,1,0,0,1
22448,Small Prismatic Shard,INTERMEDIATE,TRAINER,2,1,0,0,1
22448,Small Prismatic Shard,INTERMEDIATE,TRAINER,2,1,0,0,1
4304,Thick Leather,INTERMEDIATE,TRAINER,3,4259,3636,117,0
4304,Thick Leather,INTERMEDIATE,TRAINER,2,4088,3636,112,0
5966,Guardian Gloves,GEAR,TRAINER,1,2850,4183,68,1
5966,Guardian Gloves,GEAR,TRAINER,1,2707,4183,64,1
5966,Guardian Gloves,GEAR,TRAINER,1,2850,4183,68,1
5966,Guardian Gloves,GEAR,TRAINER,1,2707,4183,64,1
5966,Guardian Gloves,GEAR,TRAINER,1,2850,4183,68,1
5966,Guardian Gloves,GEAR,TRAINER,1,2707,4183,64,1
5966,Guardian Gloves,GEAR,TRAINER,1,2850,4183,68,1
5966,Guardian Gloves,GEAR,TRAINER,1,2707,4183,64,1
5966,Guardian Gloves,GEAR,TRAINER,1,2850,4183,68,1
12359,Thorium Bar,INTERMEDIATE,TRAINER,10,1138,1545,73,1
12359,Thorium Bar,INTERMEDIATE,TRAINER,2,1081,1545,69,1
22448,Small Prismatic Shard,INTERMEDIATE,TRAINER,20,1,0,0,1
22448,Small Prismatic Shard,INTERMEDIATE,TRAINER,11,1,0,0,1
22448,Small Prismatic Shard,INTERMEDIATE,TRAINER,2,1,0,0,1
10039,Stormcloth Boots,GEAR,UNSOURCED,1,138401,46908,295,0
10039,Stormcloth Boots,GEAR,UNSOURCED,1,132864,46908,283,0
10039,Stormcloth Boots,GEAR,UNSOURCED,1,131535,46908,280,0
13423,Stonescale Oil,INTERMEDIATE,TRAINER,8,76,102,74,1
4314,Double-stitched Woolen Shoulders,GEAR,TRAINER,1,1141,1424,80,1
4314,Double-stitched Woolen Shoulders,GEAR,TRAINER,1,1095,1424,76,1
4314,Double-stitched Woolen Shoulders,GEAR,TRAINER,1,1141,1424,80,1
4314,Double-stitched Woolen Shoulders,GEAR,TRAINER,1,1095,1424,76,1
4314,Double-stitched Woolen Shoulders,GEAR,TRAINER,1,1141,1424,80,1
4314,Double-stitched Woolen Shoulders,GEAR,TRAINER,1,1095,1424,76,1
4314,Double-stitched Woolen Shoulders,GEAR,TRAINER,1,1141,1424,80,1
4314,Double-stitched Woolen Shoulders,GEAR,TRAINER,1,1095,1424,76,1
14048,Bolt of Runecloth,INTERMEDIATE,TRAINER,4,9279,11880,78,1
14048,Bolt of Runecloth,INTERMEDIATE,TRAINER,7,9000,11880,75,1
3719,Hillman's Cloak,GEAR,TRAINER,1,2942,3230,91,1
3719,Hillman's Cloak,GEAR,TRAINER,1,2883,3230,89,1
3719,Hillman's Cloak,GEAR,TRAINER,1,2942,3230,91,1
3719,Hillman's Cloak,GEAR,TRAINER,1,2883,3230,89,1
3719,Hillman's Cloak,GEAR,TRAINER,1,2942,3230,91,1
3719,Hillman's Cloak,GEAR,TRAINER,1,2883,3230,89,1
3719,Hillman's Cloak,GEAR,TRAINER,1,2942,3230,91,1
3719,Hillman's Cloak,GEAR,TRAINER,1,2883,3230,89,1
3719,Hillman's Cloak,GEAR,TRAINER,1,2942,3230,91,1
3719,Hillman's Cloak,GEAR,TRAINER,1,2883,3230,89,1
3719,Hillman's Cloak,GEAR,TRAINER,1,2942,3230,91,1
3719,Hillman's Cloak,GEAR,TRAINER,1,2883,3230,89,1
22448,Small Prismatic Shard,INTERMEDIATE,TRAINER,20,1,0,0,1
22448,Small Prismatic Shard,INTERMEDIATE,TRAINER,9,1,0,0,1
22448,Small Prismatic Shard,INTERMEDIATE,TRAINER,7,1,0,0,1
22448,Small Prismatic Shard,INTERMEDIATE,TRAINER,20,1,0,0,1
22448,Small Prismatic Shard,INTERMEDIATE,TRAINER,6,1,0,0,1
22448,Small Prismatic Shard,INTERMEDIATE,TRAINER,1,1,0,0,1
13458,Greater Nature Protection Potion,ELIXIR_POT,DROP,5,7431,3360,221,0
13458,Greater Nature Protection Potion,ELIXIR_POT,DROP,3,7133,3360,212,0
22448,Small Prismatic Shard,INTERMEDIATE,TRAINER,20,1,0,0,1
22448,Small Prismatic Shard,INTERMEDIATE,TRAINER,20,1,0,0,1
22448,Small Prismatic Shard,INTERMEDIATE,TRAINER,1,1,0,0,1
22448,Small Prismatic Shard,INTERMEDIATE,TRAINER,1,1,0,0,1
14048,Bolt of Runecloth,INTERMEDIATE,TRAINER,4,9921,11880,83,1
14048,Bolt of Runecloth,INTERMEDIATE,TRAINER,2,9424,11880,79,1
13423,Stonescale Oil,INTERMEDIATE,TRAINER,15,90,102,88,1
8195,Nightscape Cloak,GEAR,UNSOURCED,1,10617,16256,65,1
8195,Nightscape Cloak,GEAR,UNSOURCED,1,10404,16256,64,1
8195,Nightscape Cloak,GEAR,UNSOURCED,1,10617,16256,65,1
8195,Nightscape Cloak,GEAR,UNSOURCED,1,10404,16256,64,1
8195,Nightscape Cloak,GEAR,UNSOURCED,1,10617,16256,65,1
8195,Nightscape Cloak,GEAR,UNSOURCED,1,10404,16256,64,1
22448,Small Prismatic Shard,INTERMEDIATE,TRAINER,13,1,0,0,1
22448,Small Prismatic Shard,INTERMEDIATE,TRAINER,5,1,0,0,1
4339,Bolt of Mageweave,INTERMEDIATE,TRAINER,1,3781,5050,74,1
4339,Bolt of Mageweave,INTERMEDIATE,TRAINER,12,3705,5050,73,1
22448,Small Prismatic Shard,INTERMEDIATE,TRAINER,20,1,0,0,1
22448,Small Prismatic Shard,INTERMEDIATE,TRAINER,20,1,0,0,1
22448,Small Prismatic Shard,INTERMEDIATE,TRAINER,1,1,0,0,1
22448,Small Prismatic Shard,INTERMEDIATE,TRAINER,1,1,0,0,1
22448,Small Prismatic Shard,INTERMEDIATE,TRAINER,20,1,0,0,1
22448,Small Prismatic Shard,INTERMEDIATE,TRAINER,1,1,0,0,1
10056,Orange Mageweave Shirt,GEAR,TRAINER,1,6178,6998,88,1
10056,Orange Mageweave Shirt,GEAR,TRAINER,1,6116,6998,87,1
10056,Orange Mageweave Shirt,GEAR,TRAINER,1,6178,6998,88,1
10056,Orange Mageweave Shirt,GEAR,TRAINER,1,6116,6998,87,1
10056,Orange Mageweave Shirt,GEAR,TRAINER,1,6178,6998,88,1
10056,Orange Mageweave Shirt,GEAR,TRAINER,1,6116,6998,87,1
10056,Orange Mageweave Shirt,GEAR,TRAINER,1,6178,6998,88,1
10053,Simple Black Dress,GEAR,TRAINER,1,12412,15019,82,1
10053,Simple Black Dress,GEAR,TRAINER,1,11915,15019,79,1
10053,Simple Black Dress,GEAR,TRAINER,1,11795,15019,78,1
10053,Simple Black Dress,GEAR,TRAINER,1,11559,15019,76,1
10053,Simple Black Dress,GEAR,TRAINER,1,12412,15019,82,1
10053,Simple Black Dress,GEAR,TRAINER,1,11915,15019,79,1
10053,Simple Black Dress,GEAR,TRAINER,1,11795,15019,78,1
10053,Simple Black Dress,GEAR,TRAINER,1,11559,15019,76,1
10053,Simple Black Dress,GEAR,TRAINER,1,12412,15019,82,1
10053,Simple Black Dress,GEAR,TRAINER,1,11915,15019,79,1
10053,Simple Black Dress,GEAR,TRAINER,1,11795,15019,78,1
10053,Simple Black Dress,GEAR,TRAINER,1,11559,15019,76,1
10053,Simple Black Dress,GEAR,TRAINER,1,12412,15019,82,1
10053,Simple Black Dress,GEAR,TRAINER,1,11915,15019,79,1
4333,Dark Silk Shirt,GEAR,VENDOR,1,4187,5552,75,1
4333,Dark Silk Shirt,GEAR,VENDOR,1,4061,5552,73,1
4333,Dark Silk Shirt,GEAR,VENDOR,1,4187,5552,75,1
4333,Dark Silk Shirt,GEAR,VENDOR,1,4061,5552,73,1
4333,Dark Silk Shirt,GEAR,VENDOR,1,4187,5552,75,1
4333,Dark Silk Shirt,GEAR,VENDOR,1,4061,5552,73,1
4333,Dark Silk Shirt,GEAR,VENDOR,1,4187,5552,75,1
4333,Dark Silk Shirt,GEAR,VENDOR,1,4061,5552,73,1
4333,Dark Silk Shirt,GEAR,VENDOR,1,4187,5552,75,1
4333,Dark Silk Shirt,GEAR,VENDOR,1,4061,5552,73,1
4333,Dark Silk Shirt,GEAR,VENDOR,1,4187,5552,75,1
4333,Dark Silk Shirt,GEAR,VENDOR,1,4061,5552,73,1
4333,Dark Silk Shirt,GEAR,VENDOR,1,4187,5552,75,1
10036,Tuxedo Jacket,GEAR,VENDOR,1,20492,25990,78,1
10036,Tuxedo Jacket,GEAR,VENDOR,1,19877,25990,76,1
10036,Tuxedo Jacket,GEAR,VENDOR,1,18883,25990,72,1
10036,Tuxedo Jacket,GEAR,VENDOR,1,18127,25990,69,1
10036,Tuxedo Jacket,GEAR,VENDOR,1,20492,25990,78,1
10036,Tuxedo Jacket,GEAR,VENDOR,1,19877,25990,76,1
10008,White Bandit Mask,GEAR,DROP,1,5221,6023,86,1
10008,White Bandit Mask,GEAR,DROP,1,5064,6023,84,1
10008,White Bandit Mask,GEAR,DROP,1,5221,6023,86,1
10008,White Bandit Mask,GEAR,DROP,1,5064,6023,84,1
10008,White Bandit Mask,GEAR,DROP,1,5221,6023,86,1
10008,White Bandit Mask,GEAR,DROP,1,5064,6023,84,1
10008,White Bandit Mask,GEAR,DROP,1,5221,6023,86,1
7285,Nimble Leather Gloves,GEAR,TRAINER,1,989,1521,65,1
7285,Nimble Leather Gloves,GEAR,TRAINER,1,959,1521,63,1
7285,Nimble Leather Gloves,GEAR,TRAINER,1,989,1521,65,1
7285,Nimble Leather Gloves,GEAR,TRAINER,1,959,1521,63,1
7285,Nimble Leather Gloves,GEAR,TRAINER,1,989,1521,65,1
7285,Nimble Leather Gloves,GEAR,TRAINER,1,959,1521,63,1
7285,Nimble Leather Gloves,GEAR,TRAINER,1,989,1521,65,1
7285,Nimble Leather Gloves,GEAR,TRAINER,1,959,1521,63,1
7285,Nimble Leather Gloves,GEAR,TRAINER,1,989,1521,65,1
7285,Nimble Leather Gloves,GEAR,TRAINER,1,959,1521,63,1
7285,Nimble Leather Gloves,GEAR,TRAINER,1,989,1521,65,1
7285,Nimble Leather Gloves,GEAR,TRAINER,1,959,1521,63,1
7285,Nimble Leather Gloves,GEAR,TRAINER,1,989,1521,65,1
4318,Gloves of Meditation,GEAR,TRAINER,1,1962,2322,84,1
4318,Gloves of Meditation,GEAR,TRAINER,1,1883,2322,81,1
4318,Gloves of Meditation,GEAR,TRAINER,1,1864,2322,80,1
4318,Gloves of Meditation,GEAR,TRAINER,1,1770,2322,76,1
4318,Gloves of Meditation,GEAR,TRAINER,1,1962,2322,84,1
4318,Gloves of Meditation,GEAR,TRAINER,1,1883,2322,81,1
4318,Gloves of Meditation,GEAR,TRAINER,1,1864,2322,80,1
4318,Gloves of Meditation,GEAR,TRAINER,1,1770,2322,76,1
4318,Gloves of Meditation,GEAR,TRAINER,1,1962,2322,84,1
4318,Gloves of Meditation,GEAR,TRAINER,1,1883,2322,81,1
13456,Greater Frost Protection Potion,ELIXIR_POT,DROP,5,6824,3288,207,0
13456,Greater Frost Protection Potion,ELIXIR_POT,DROP,2,6619,3288,201,0
22448,Small Prismatic Shard,INTERMEDIATE,TRAINER,20,1,0,0,1
22448,Small Prismatic Shard,INTERMEDIATE,TRAINER,5,1,0,0,1
22448,Small Prismatic Shard,INTERMEDIATE,TRAINER,8,1,0,0,1
13513,Flask of Chromatic Resistance,FLASK,DROP,20,54729,20250,270,0
13513,Flask of Chromatic Resistance,FLASK,DROP,5,51992,20250,256,0
13513,Flask of Chromatic Resistance,FLASK,DROP,1,54729,20250,270,0
13423,Stonescale Oil,INTERMEDIATE,TRAINER,10,76,102,74,1
13423,Stonescale Oil,INTERMEDIATE,TRAINER,2,74,102,72,1
10586,The Big One,INTERMEDIATE,TRAINER,20,9083,7510,120,0
10586,The Big One,INTERMEDIATE,TRAINER,7,8628,7510,114,0
10586,The Big One,INTERMEDIATE,TRAINER,1,8196,7510,109,0
22448,Small Prismatic Shard,INTERMEDIATE,TRAINER,20,1,0,0,1
22448,Small Prismatic Shard,INTERMEDIATE,TRAINER,20,1,0,0,1
22448,Small Prismatic Shard,INTERMEDIATE,TRAINER,1,1,0,0,1
22448,Small Prismatic Shard,INTERMEDIATE,TRAINER,4,1,0,0,1
22445,Arcane Dust,INTERMEDIATE,UNSOURCED,20,10752,5013,214,0
22445,Arcane Dust,INTERMEDIATE,UNSOURCED,20,10644,5013,212,0
22445,Arcane Dust,INTERMEDIATE,UNSOURCED,1,10218,5013,203,0
22445,Arcane Dust,INTERMEDIATE,UNSOURCED,1,10752,5013,214,0
15997,Thorium Shells,AMMO,TRAINER,1000,18,22,81,1
15997,Thorium Shells,AMMO,TRAINER,1000,17,22,77,1
15997,Thorium Shells,AMMO,TRAINER,400,16,22,72,1
22448,Small Prismatic Shard,INTERMEDIATE,TRAINER,20,1,0,0,1
22448,Small Prismatic Shard,INTERMEDIATE,TRAINER,3,1,0,0,1
22448,Small Prismatic Shard,INTERMEDIATE,TRAINER,1,1,0,0,1
5997,Elixir of Minor Defense,ELIXIR_POT,UNSOURCED,11,177,84,210,0
8173,Thick Armor Kit,MISC,TRAINER,10,5759,6440,89,1
8173,Thick Armor Kit,MISC,TRAINER,2,5471,6440,84,1
4314,Double-stitched Woolen Shoulders,GEAR,TRAINER,1,1165,1424,81,1
4314,Double-stitched Woolen Shoulders,GEAR,TRAINER,1,1118,1424,78,1
4314,Double-stitched Woolen Shoulders,GEAR,TRAINER,1,1095,1424,76,1
4314,Double-stitched Woolen Shoulders,GEAR,TRAINER,1,1165,1424,81,1
4314,Double-stitched Woolen Shoulders,GEAR,TRAINER,1,1118,1424,78,1
4314,Double-stitched Woolen Shoulders,GEAR,TRAINER,1,1095,1424,76,1
4314,Double-stitched Woolen Shoulders,GEAR,TRAINER,1,1165,1424,81,1
4314,Double-stitched Woolen Shoulders,GEAR,TRAINER,1,1118,1424,78,1
4314,Double-stitched Woolen Shoulders,GEAR,TRAINER,1,1095,1424,76,1
22448,Small Prismatic Shard,INTERMEDIATE,TRAINER,20,1,0,0,1
22448,Small Prismatic Shard,INTERMEDIATE,TRAINER,20,1,0,0,1
22448,Small Prismatic Shard,INTERMEDIATE,TRAINER,5,1,0,0,1
22448,Small Prismatic Shard,INTERMEDIATE,TRAINER,20,1,0,0,1
22448,Small Prismatic Shard,INTERMEDIATE,TRAINER,5,1,0,0,1
22448,Small Prismatic Shard,INTERMEDIATE,TRAINER,11,1,0,0,1
15997,Thorium Shells,AMMO,TRAINER,1000,19,22,86,1
15997,Thorium Shells,AMMO,TRAINER,800,18,22,81,1
22573,Mote of Earth,INTERMEDIATE,TRAINER,10,2755,3200,86,1
22573,Mote of Earth,INTERMEDIATE,TRAINER,10,2727,3200,85,1
22573,Mote of Earth,INTERMEDIATE,TRAINER,10,2590,3200,80,1
22573,Mote of Earth,INTERMEDIATE,TRAINER,10,2486,3200,77,1
22573,Mote of Earth,INTERMEDIATE,TRAINER,10,2755,3200,86,1
22573,Mote of Earth,INTERMEDIATE,TRAINER,10,2727,3200,85,1
22573,Mote of Earth,INTERMEDIATE,TRAINER,10,2590,3200,80,1
22573,Mote of Earth,INTERMEDIATE,TRAINER,10,2486,3200,77,1
22573,Mote of Earth,INTERMEDIATE,TRAINER,10,2755,3200,86,1
22573,Mote of Earth,INTERMEDIATE,TRAINER,10,2727,3200,85,1
22573,Mote of Earth,INTERMEDIATE,TRAINER,10,2590,3200,80,1
22573,Mote of Earth,INTERMEDIATE,TRAINER,10,2486,3200,77,1
22573,Mote of Earth,INTERMEDIATE,TRAINER,10,2755,3200,86,1
22573,Mote of Earth,INTERMEDIATE,TRAINER,1,2727,3200,85,1
22573,Mote of Earth,INTERMEDIATE,TRAINER,9,2590,3200,80,1
4251,Hillman's Shoulders,GEAR,TRAINER,1,1421,1779,79,1
4251,Hillman's Shoulders,GEAR,TRAINER,1,1349,1779,75,1
4251,Hillman's Shoulders,GEAR,TRAINER,1,1335,1779,75,1
4251,Hillman's Shoulders,GEAR,TRAINER,1,1281,1779,72,1
4251,Hillman's Shoulders,GEAR,TRAINER,1,1421,1779,79,1
4251,Hillman's Shoulders,GEAR,TRAINER,1,1349,1779,75,1
4251,Hillman's Shoulders,GEAR,TRAINER,1,1335,1779,75,1
4251,Hillman's Shoulders,GEAR,TRAINER,1,1281,1779,72,1
4251,Hillman's Shoulders,GEAR,TRAINER,1,1421,1779,79,1
4251,Hillman's Shoulders,GEAR,TRAINER,1,1349,1779,75,1
4251,Hillman's Shoulders,GEAR,TRAINER,1,1335,1779,75,1
4251,Hillman's Shoulders,GEAR,TRAINER,1,1281,1779,72,1
22448,Small Prismatic Shard,INTERMEDIATE,TRAINER,20,1,0,0,1
22448,Small Prismatic Shard,INTERMEDIATE,TRAINER,14,1,0,0,1
22448,Small Prismatic Shard,INTERMEDIATE,TRAINER,2,1,0,0,1
5765,Black Silk Pack,BAG,DROP,1,20352,13280,153,0
5765,Black Silk Pack,BAG,DROP,1,19537,13280,147,0
5765,Black Silk Pack,BAG,DROP,1,18755,13280,141,0
13512,Flask of Supreme Power,FLASK,DROP,20,31863,11430,278,0
13512,Flask of Supreme Power,FLASK,DROP,5,31225,11430,273,0
13512,Flask of Supreme Power,FLASK,DROP,9,29663,11430,259,0
22448,Small Prismatic Shard,INTERMEDIATE,TRAINER,20,1,0,0,1
22448,Small Prismatic Shard,INTERMEDIATE,TRAINER,1,1,0,0,1
15564,Rugged Armor Kit,MISC,TRAINER,6,7711,10200,75,1
6450,Silk Bandage,MISC,TRAINER,6,471,594,79,1
15997,Thorium Shells,AMMO,TRAINER,1000,19,22,86,1
15997,Thorium Shells,AMMO,TRAINER,200,18,22,81,1
8173,Thick Armor Kit,MISC,TRAINER,10,5629,6440,87,1
8173,Thick Armor Kit,MISC,TRAINER,4,5347,6440,83,1
6450,Silk Bandage,MISC,TRAINER,14,600,594,101,1
8176,Nightscape Headband,GEAR,TRAINER,1,4615,6940,66,1
8176,Nightscape Headband,GEAR,TRAINER,1,4384,6940,63,1
8176,Nightscape Headband,GEAR,TRAINER,1,4615,6940,66,1
8176,Nightscape Headband,GEAR,TRAINER,1,4384,6940,63,1
8176,Nightscape Headband,GEAR,TRAINER,1,4615,6940,66,1
8176,Nightscape Headband,GEAR,TRAINER,1,4384,6940,63,1
8176,Nightscape Headband,GEAR,TRAINER,1,4615,6940,66,1
8176,Nightscape Headband,GEAR,TRAINER,1,4384,6940,63,1
8176,Nightscape Headband,GEAR,TRAINER,1,4615,6940,66,1
8176,Nightscape Headband,GEAR,TRAINER,1,4384,6940,63,1
8176,Nightscape Headband,GEAR,TRAINER,1,4615,6940,66,1
8176,Nightscape Headband,GEAR,TRAINER,1,4384,6940,63,1
14342,Mooncloth,INTERMEDIATE,VENDOR,1,14149,15200,93,1
14342,Mooncloth,INTERMEDIATE,VENDOR,11,13583,15200,89,1
8067,Crafted Light Shot,AMMO,UNSOURCED,400,1,0,0,0
22448,Small Prismatic Shard,INTERMEDIATE,TRAINER,20,1,0,0,1
22448,Small Prismatic Shard,INTERMEDIATE,TRAINER,3,1,0,0,1
22448,Small Prismatic Shard,INTERMEDIATE,TRAINER,1,1,0,0,1
15997,Thorium Shells,AMMO,TRAINER,1000,16,22,72,1
15997,Thorium Shells,AMMO,TRAINER,1000,15,22,68,1
15997,Thorium Shells,AMMO,TRAINER,800,16,22,72,1
9998,Black Mageweave Vest,GEAR,TRAINER,1,8631,9496,90,1
9998,Black Mageweave Vest,GEAR,TRAINER,1,8544,9496,89,1
9998,Black Mageweave Vest,GEAR,TRAINER,1,8116,9496,85,1
9998,Black Mageweave Vest,GEAR,TRAINER,1,8631,9496,90,1
9998,Black Mageweave Vest,GEAR,TRAINER,1,8544,9496,89,1
9998,Black Mageweave Vest,GEAR,TRAINER,1,8116,9496,85,1
9998,Black Mageweave Vest,GEAR,TRAINER,1,8631,9496,90,1
9998,Black Mageweave Vest,GEAR,TRAINER,1,8544,9496,89,1
9998,Black Mageweave Vest,GEAR,TRAINER,1,8116,9496,85,1
9998,Black Mageweave Vest,GEAR,TRAINER,1,8631,9496,90,1
22448,Small Prismatic Shard,INTERMEDIATE,TRAINER,20,1,0,0,1
22448,Small Prismatic Shard,INTERMEDIATE,TRAINER,10,1,0,0,1
5966,Guardian Gloves,GEAR,TRAINER,1,3814,4183,91,1
5966,Guardian Gloves,GEAR,TRAINER,1,3699,4183,88,1
5966,Guardian Gloves,GEAR,TRAINER,1,3514,4183,84,1
5966,Guardian Gloves,GEAR,TRAINER,1,3408,4183,81,1
5966,Guardian Gloves,GEAR,TRAINER,1,3814,4183,91,1
22448,Small Prismatic Shard,INTERMEDIATE,TRAINER,20,1,0,0,1
22448,Small Prismatic Shard,INTERMEDIATE,TRAINER,2,1,0,0,1
22448,Small Prismatic Shard,INTERMEDIATE,TRAINER,5,1,0,0,1
8067,Crafted Light Shot,AMMO,UNSOURCED,400,1,0,0,0
13423,Stonescale Oil,INTERMEDIATE,TRAINER,11,82,102,80,1
13423,Stonescale Oil,INTERMEDIATE,TRAINER,3,79,102,77,1
8069,Crafted Solid Shot,AMMO,TRAINER,1000,1,2,50,1
8069,Crafted Solid Shot,AMMO,TRAINER,1000,1,2,50,1
12359,Thorium Bar,INTERMEDIATE,TRAINER,1,1232,1545,79,1
12359,Thorium Bar,INTERMEDIATE,TRAINER,12,1170,1545,75,1
22448,Small Prismatic Shard,INTERMEDIATE,TRAINER,20,1,0,0,1
22448,Small Prismatic Shard,INTERMEDIATE,TRAINER,1,1,0,0,1
22448,Small Prismatic Shard,INTERMEDIATE,TRAINER,3,1,0,0,1
8176,Nightscape Headband,GEAR,TRAINER,1,6120,6940,88,1
8176,Nightscape Headband,GEAR,TRAINER,1,6058,6940,87,1
8176,Nightscape Headband,GEAR,TRAINER,1,5936,6940,85,1
8176,Nightscape Headband,GEAR,TRAINER,1,5757,6940,82,1
8176,Nightscape Headband,GEAR,TRAINER,1,6120,6940,88,1
8176,Nightscape Headband,GEAR,TRAINER,1,6058,6940,87,1
8176,Nightscape Headband,GEAR,TRAINER,1,5936,6940,85,1
8176,Nightscape Headband,GEAR,TRAINER,1,5757,6940,82,1
4304,Thick Leather,INTERMEDIATE,TRAINER,4,3171,3636,87,1
4304,Thick Leather,INTERMEDIATE,TRAINER,3,3075,3636,84,1
2867,Rough Bronze Bracers,GEAR,UNSOURCED,1,197,248,79,1
2867,Rough Bronze Bracers,GEAR,UNSOURCED,1,187,248,75,1
2867,Rough Bronze Bracers,GEAR,UNSOURCED,1,185,248,74,1
2867,Rough Bronze Bracers,GEAR,UNSOURCED,1,177,248,71,1
2867,Rough Bronze Bracers,GEAR,UNSOURCED,1,197,248,79,1
2867,Rough Bronze Bracers,GEAR,UNSOURCED,1,187,248,75,1
2867,Rough Bronze Bracers,GEAR,UNSOURCED,1,185,248,74,1
2867,Rough Bronze Bracers,GEAR,UNSOURCED,1,177,248,71,1
2867,Rough Bronze Bracers,GEAR,UNSOURCED,1,197,248,79,1
2867,Rough Bronze Bracers,GEAR,UNSOURCED,1,187,248,75,1
2867,Rough Bronze Bracers,GEAR,UNSOURCED,1,185,248,74,1
2867,Rough Bronze Bracers,GEAR,UNSOURCED,1,177,248,71,1
2867,Rough Bronze Bracers,GEAR,UNSOURCED,1,197,248,79,1
2867,Rough Bronze Bracers,GEAR,UNSOURCED,1,187,248,75,1
22448,Small Prismatic Shard,INTERMEDIATE,TRAINER,10,1,0,0,1
22448,Small Prismatic Shard,INTERMEDIATE,TRAINER,8,1,0,0,1
7964,Solid Sharpening Stone,MISC,TRAINER,5,584,588,99,1
8172,Cured Thick Hide,INTERMEDIATE,TRAINER,1,3795,4545,83,1
8172,Cured Thick Hide,INTERMEDIATE,TRAINER,4,3643,4545,80,1
10512,Hi-Impact Mithril Slugs,AMMO,TRAINER,1000,10,13,76,1
10512,Hi-Impact Mithril Slugs,AMMO,TRAINER,1000,9,13,69,1
10512,Hi-Impact Mithril Slugs,AMMO,TRAINER,600,8,13,61,1
22448,Small Prismatic Shard,INTERMEDIATE,TRAINER,20,1,0,0,1
22448,Small Prismatic Shard,INTERMEDIATE,TRAINER,1,1,0,0,1
22448,Small Prismatic Shard,INTERMEDIATE,TRAINER,20,1,0,0,1
22448,Small Prismatic Shard,INTERMEDIATE,TRAINER,2,1,0,0,1
22448,Small Prismatic Shard,INTERMEDIATE,TRAINER,5,1,0,0,1
13423,Stonescale Oil,INTERMEDIATE,TRAINER,4,67,102,65,1
13423,Stonescale Oil,INTERMEDIATE,TRAINER,5,66,102,64,1
4330,Stylish Red Shirt,GEAR,TRAINER,1,1487,1424,104,1
4330,Stylish Red Shirt,GEAR,TRAINER,1,1442,1424,101,1
4330,Stylish Red Shirt,GEAR,TRAINER,1,1413,1424,99,1
4330,Stylish Red Shirt,GEAR,TRAINER,1,1356,1424,95,1
4330,Stylish Red Shirt,GEAR,TRAINER,1,1487,1424,104,1
4330,Stylish Red Shirt,GEAR,TRAINER,1,1442,1424,101,1
4330,Stylish Red Shirt,GEAR,TRAINER,1,1413,1424,99,1
4330,Stylish Red Shirt,GEAR,TRAINER,1,1356,1424,95,1
4330,Stylish Red Shirt,GEAR,TRAINER,1,1487,1424,104,1
4330,Stylish Red Shirt,GEAR,TRAINER,1,1442,1424,101,1
10513,Mithril Gyro-Shot,AMMO,TRAINER,1000,20,26,76,1
10513,Mithril Gyro-Shot,AMMO,TRAINER,200,19,26,73,1
10512,Hi-Impact Mithril Slugs,AMMO,TRAINER,1000,10,13,76,1
10512,Hi-Impact Mithril Slugs,AMMO,TRAINER,1000,9,13,69,1
10512,Hi-Impact Mithril Slugs,AMMO,TRAINER,600,8,13,61,1
13511,Flask of Distilled Wisdom,FLASK,DROP,20,36357,13430,270,0
13511,Flask of Distilled Wisdom,FLASK,DROP,5,35993,13430,268,0
13511,Flask of Distilled Wisdom,FLASK,DROP,5,34193,13430,254,0
13511,Flask of Distilled Wisdom,FLASK,DROP,8,33167,13430,246,0
4304,Thick Leather,INTERMEDIATE,TRAINER,6,2892,3636,79,1
4304,Thick Leather,INTERMEDIATE,TRAINER,9,2776,3636,76,1
22448,Small Prismatic Shard,INTERMEDIATE,TRAINER,20,1,0,0,1
22448,Small Prismatic Shard,INTERMEDIATE,TRAINER,3,1,0,0,1
22448,Small Prismatic Shard,INTERMEDIATE,TRAINER,1,1,0,0,1
22448,Small Prismatic Shard,INTERMEDIATE,TRAINER,20,1,0,0,1
22448,Small Prismatic Shard,INTERMEDIATE,TRAINER,20,1,0,0,1
22448,Small Prismatic Shard,INTERMEDIATE,TRAINER,5,1,0,0,1
14142,Ghostweave Gloves,GEAR,TRAINER,1,70990,70990,100,0
13423,Stonescale Oil,INTERMEDIATE,TRAINER,5,106,102,103,0
13423,Stonescale Oil,INTERMEDIATE,TRAINER,4,102,102,100,0
6048,Shadow Protection Potion,ELIXIR_POT,VENDOR,5,225,306,73,1
6048,Shadow Protection Potion,ELIXIR_POT,VENDOR,4,218,306,71,1
4339,Bolt of Mageweave,INTERMEDIATE,TRAINER,11,4908,5050,97,1
4339,Bolt of Mageweave,INTERMEDIATE,TRAINER,1,4711,5050,93,1
14045,Cindercloth Pants,GEAR,DROP,1,146048,70702,206,0
22251,Cenarion Herb Bag,BAG,VENDOR,1,94000,79933,117,0
22251,Cenarion Herb Bag,BAG,VENDOR,1,92120,79933,115,0
22251,Cenarion Herb Bag,BAG,VENDOR,1,89356,79933,111,0
12655,Enchanted Thorium Bar,INTERMEDIATE,TRAINER,5,40764,36825,110,0
12655,Enchanted Thorium Bar,INTERMEDIATE,TRAINER,6,40356,36825,109,0
14048,Bolt of Runecloth,INTERMEDIATE,TRAINER,11,8847,11880,74,1
14048,Bolt of Runecloth,INTERMEDIATE,TRAINER,1,8581,11880,72,1
10008,White Bandit Mask,GEAR,DROP,1,4499,6023,74,1
10008,White Bandit Mask,GEAR,DROP,1,4409,6023,73,1
10008,White Bandit Mask,GEAR,DROP,1,4499,6023,74,1
10008,White Bandit Mask,GEAR,DROP,1,4409,6023,73,1
10008,White Bandit Mask,GEAR,DROP,1,4499,6023,74,1
10008,White Bandit Mask,GEAR,DROP,1,4409,6023,73,1
10008,White Bandit Mask,GEAR,DROP,1,4499,6023,74,1
12643,Dense Weightstone,MISC,TRAINER,12,3281,3816,85,1
10513,Mithril Gyro-Shot,AMMO,TRAINER,1000,21,26,80,1
10513,Mithril Gyro-Shot,AMMO,TRAINER,1000,19,26,73,1
10513,Mithril Gyro-Shot,AMMO,TRAINER,400,18,26,69,1
5762,Red Linen Bag,BAG,VENDOR,1,675,598,112,0
15997,Thorium Shells,AMMO,TRAINER,1000,19,22,86,1
15997,Thorium Shells,AMMO,TRAINER,1000,18,22,81,1
15997,Thorium Shells,AMMO,TRAINER,600,17,22,77,1
13510,Flask of the Titans,FLASK,DROP,5,28546,16860,169,0
13510,Flask of the Titans,FLASK,DROP,7,27118,16860,160,0
18262,Elemental Sharpening Stone,MISC,DROP,11,7188,9216,77,1
8170,Rugged Leather,INTERMEDIATE,TRAINER,3,5058,7128,70,1
8170,Rugged Leather,INTERMEDIATE,TRAINER,8,4855,7128,68,1
2865,Rough Bronze Leggings,GEAR,TRAINER,1,312,372,83,1
2865,Rough Bronze Leggings,GEAR,TRAINER,1,296,372,79,1
2865,Rough Bronze Leggings,GEAR,TRAINER,1,312,372,83,1
2865,Rough Bronze Leggings,GEAR,TRAINER,1,296,372,79,1
2865,Rough Bronze Leggings,GEAR,TRAINER,1,312,372,83,1
2865,Rough Bronze Leggings,GEAR,TRAINER,1,296,372,79,1
2865,Rough Bronze Leggings,GEAR,TRAINER,1,312,372,83,1
2865,Rough Bronze Leggings,GEAR,TRAINER,1,296,372,79,1
2865,Rough Bronze Leggings,GEAR,TRAINER,1,312,372,83,1
2865,Rough Bronze Leggings,GEAR,TRAINER,1,296,372,79,1
2865,Rough Bronze Leggings,GEAR,TRAINER,1,312,372,83,1
2865,Rough Bronze Leggings,GEAR,TRAINER,1,296,372,79,1
2865,Rough Bronze Leggings,GEAR,TRAINER,1,312,372,83,1
2865,Rough Bronze Leggings,GEAR,TRAINER,1,296,372,79,1
2865,Rough Bronze Leggings,GEAR,TRAINER,1,312,372,83,1
5763,Red Woolen Bag,BAG,VENDOR,1,1802,1782,101,1
5763,Red Woolen Bag,BAG,VENDOR,1,1783,1782,100,1
5763,Red Woolen Bag,BAG,VENDOR,1,1802,1782,101,1
5763,Red Woolen Bag,BAG,VENDOR,1,1783,1782,100,1
5763,Red Woolen Bag,BAG,VENDOR,1,1802,1782,101,1
5763,Red Woolen Bag,BAG,VENDOR,1,1783,1782,100,1
5763,Red Woolen Bag,BAG,VENDOR,1,1802,1782,101,1
5763,Red Woolen Bag,BAG,VENDOR,1,1783,1782,100,1
5763,Red Woolen Bag,BAG,VENDOR,1,1802,1782,101,1
5763,Red Woolen Bag,BAG,VENDOR,1,1783,1782,100,1
5763,Red Woolen Bag,BAG,VENDOR,1,1802,1782,101,1
5763,Red Woolen Bag,BAG,VENDOR,1,1783,1782,100,1
5763,Red Woolen Bag,BAG,VENDOR,1,1802,1782,101,1
4304,Thick Leather,INTERMEDIATE,TRAINER,8,3062,3636,84,1
4304,Thick Leather,INTERMEDIATE,TRAINER,3,2908,3636,79,1
10512,Hi-Impact Mithril Slugs,AMMO,TRAINER,1000,10,13,76,1
10512,Hi-Impact Mithril Slugs,AMMO,TRAINER,1000,9,13,69,1
10512,Hi-Impact Mithril Slugs,AMMO,TRAINER,600,8,13,61,1
22445,Arcane Dust,INTERMEDIATE,UNSOURCED,20,10917,5013,217,0
22445,Arcane Dust,INTERMEDIATE,UNSOURCED,15,10589,5013,211,0
22445,Arcane Dust,INTERMEDIATE,UNSOURCED,1,10271,5013,204,0
5966,Guardian Gloves,GEAR,TRAINER,1,3388,4183,80,1
5966,Guardian Gloves,GEAR,TRAINER,1,3320,4183,79,1
5966,Guardian Gloves,GEAR,TRAINER,1,3286,4183,78,1
5966,Guardian Gloves,GEAR,TRAINER,1,3388,4183,80,1
5966,Guardian Gloves,GEAR,TRAINER,1,3320,4183,79,1
5966,Guardian Gloves,GEAR,TRAINER,1,3286,4183,78,1
5966,Guardian Gloves,GEAR,TRAINER,1,3388,4183,80,1
5966,Guardian Gloves,GEAR,TRAINER,1,3320,4183,79,1
5966,Guardian Gloves,GEAR,TRAINER,1,3286,4183,78,1
8069,Crafted Solid Shot,AMMO,TRAINER,1000,1,2,50,1
8069,Crafted Solid Shot,AMMO,TRAINER,1000,1,2,50,1
8069,Crafted Solid Shot,AMMO,TRAINER,600,1,2,50,1
22448,Small Prismatic Shard,INTERMEDIATE,TRAINER,20,1,0,0,1
22448,Small Prismatic Shard,INTERMEDIATE,TRAINER,10,1,0,0,1
22448,Small Prismatic Shard,INTERMEDIATE,TRAINER,6,1,0,0,1
5966,Guardian Gloves,GEAR,TRAINER,1,2939,4183,70,1
5966,Guardian Gloves,GEAR,TRAINER,1,2880,4183,68,1
5966,Guardian Gloves,GEAR,TRAINER,1,2851,4183,68,1
5966,Guardian Gloves,GEAR,TRAINER,1,2765,4183,66,1
5966,Guardian Gloves,GEAR,TRAINER,1,2939,4183,70,1
5966,Guardian Gloves,GEAR,TRAINER,1,2880,4183,68,1
5966,Guardian Gloves,GEAR,TRAINER,1,2851,4183,68,1
5966,Guardian Gloves,GEAR,TRAINER,1,2765,4183,66,1
5966,Guardian Gloves,GEAR,TRAINER,1,2939,4183,70,1
5966,Guardian Gloves,GEAR,TRAINER,1,2880,4183,68,1
5966,Guardian Gloves,GEAR,TRAINER,1,2851,4183,68,1
5966,Guardian Gloves,GEAR,TRAINER,1,2765,4183,66,1
5966,Guardian Gloves,GEAR,TRAINER,1,2939,4183,70,1
5966,Guardian Gloves,GEAR,TRAINER,1,2880,4183,68,1
22448,Small Prismatic Shard,INTERMEDIATE,TRAINER,20,1,0,0,1
22448,Small Prismatic Shard,INTERMEDIATE,TRAINER,4,1,0,0,1
22448,Small Prismatic Shard,INTERMEDIATE,TRAINER,15,1,0,0,1
6450,Silk Bandage,MISC,TRAINER,11,473,594,79,1
13423,Stonescale Oil,INTERMEDIATE,TRAINER,10,75,102,73,1
13423,Stonescale Oil,INTERMEDIATE,TRAINER,4,73,102,71,1
9061,Goblin Rocket Fuel,INTERMEDIATE,UNSOURCED,4,6328,3077,205,0
9061,Goblin Rocket Fuel,INTERMEDIATE,UNSOURCED,4,6074,3077,197,0
15564,Rugged Armor Kit,MISC,TRAINER,10,7882,10200,77,1
13423,Stonescale Oil,INTERMEDIATE,TRAINER,4,70,102,68,1
13423,Stonescale Oil,INTERMEDIATE,TRAINER,11,67,102,65,1
8069,Crafted Solid Shot,AMMO,TRAINER,1000,1,2,50,1
8069,Crafted Solid Shot,AMMO,TRAINER,200,1,2,50,1
13423,Stonescale Oil,INTERMEDIATE,TRAINER,1,96,102,94,1
13423,Stonescale Oil,INTERMEDIATE,TRAINER,13,92,102,90,1
8173,Thick Armor Kit,MISC,TRAINER,6,6607,6440,102,1
14048,Bolt of Runecloth,INTERMEDIATE,TRAINER,1,10135,11880,85,1
14048,Bolt of Runecloth,INTERMEDIATE,TRAINER,5,9830,11880,82,1
22448,Small Prismatic Shard,INTERMEDIATE,TRAINER,15,1,0,0,1
10008,White Bandit Mask,GEAR,DROP,1,5425,6023,90,1
10008,White Bandit Mask,GEAR,DROP,1,5316,6023,88,1
10008,White Bandit Mask,GEAR,DROP,1,5103,6023,84,1
10008,White Bandit Mask,GEAR,DROP,1,5425,6023,90,1
10008,White Bandit Mask,GEAR,DROP,1,5316,6023,88,1
10008,White Bandit Mask,GEAR,DROP,1,5103,6023,84,1
10008,White Bandit Mask,GEAR,DROP,1,5425,6023,90,1
10008,White Bandit Mask,GEAR,DROP,1,5316,6023,88,1
10008,White Bandit Mask,GEAR,DROP,1,5103,6023,84,1
10008,White Bandit Mask,GEAR,DROP,1,5425,6023,90,1
10008,White Bandit Mask,GEAR,DROP,1,5316,6023,88,1
10008,White Bandit Mask,GEAR,DROP,1,5103,6023,84,1
10008,White Bandit Mask,GEAR,DROP,1,5425,6023,90,1
10008,White Bandit Mask,GEAR,DROP,1,5316,6023,88,1
10056,Orange Mageweave Shirt,GEAR,TRAINER,1,6176,6998,88,1
10056,Orange Mageweave Shirt,GEAR,TRAINER,1,6052,6998,86,1
10056,Orange Mageweave Shirt,GEAR,TRAINER,1,5870,6998,83,1
10056,Orange Mageweave Shirt,GEAR,TRAINER,1,6176,6998,88,1
10056,Orange Mageweave Shirt,GEAR,TRAINER,1,6052,6998,86,1
10056,Orange Mageweave Shirt,GEAR,TRAINER,1,5870,6998,83,1
10056,Orange Mageweave Shirt,GEAR,TRAINER,1,6176,6998,88,1
10056,Orange Mageweave Shirt,GEAR,TRAINER,1,6052,6998,86,1
10056,Orange Mageweave Shirt,GEAR,TRAINER,1,5870,6998,83,1
10056,Orange Mageweave Shirt,GEAR,TRAINER,1,6176,6998,88,1
10056,Orange Mageweave Shirt,GEAR,TRAINER,1,6052,6998,86,1
10056,Orange Mageweave Shirt,GEAR,TRAINER,1,5870,6998,83,1
10056,Orange Mageweave Shirt,GEAR,TRAINER,1,6176,6998,88,1
10056,Orange Mageweave Shirt,GEAR,TRAINER,1,6052,6998,86,1
2584,Woolen Cape,GEAR,TRAINER,1,465,508,91,1
2584,Woolen Cape,GEAR,TRAINER,1,460,508,90,1
2584,Woolen Cape,GEAR,TRAINER,1,465,508,91,1
2584,Woolen Cape,GEAR,TRAINER,1,460,508,90,1
2584,Woolen Cape,GEAR,TRAINER,1,465,508,91,1
2584,Woolen Cape,GEAR,TRAINER,1,460,508,90,1
2584,Woolen Cape,GEAR,TRAINER,1,465,508,91,1
2584,Woolen Cape,GEAR,TRAINER,1,460,508,90,1
2584,Woolen Cape,GEAR,TRAINER,1,465,508,91,1
2584,Woolen Cape,GEAR,TRAINER,1,460,508,90,1
2584,Woolen Cape,GEAR,TRAINER,1,465,508,91,1
13423,Stonescale Oil,INTERMEDIATE,TRAINER,2,84,102,82,1
13423,Stonescale Oil,INTERMEDIATE,TRAINER,11,83,102,81,1
4248,Dark Leather Gloves,GEAR,DROP,1,1849,1996,92,1
4248,Dark Leather Gloves,GEAR,DROP,1,1812,1996,90,1
4248,Dark Leather Gloves,GEAR,DROP,1,1775,1996,88,1
4248,Dark Leather Gloves,GEAR,DROP,1,1757,1996,88,1
4248,Dark Leather Gloves,GEAR,DROP,1,1849,1996,92,1
4248,Dark Leather Gloves,GEAR,DROP,1,1812,1996,90,1
4248,Dark Leather Gloves,GEAR,DROP,1,1775,1996,88,1
4248,Dark Leather Gloves,GEAR,DROP,1,1757,1996,88,1
4248,Dark Leather Gloves,GEAR,DROP,1,1849,1996,92,1
4248,Dark Leather Gloves,GEAR,DROP,1,1812,1996,90,1
4248,Dark Leather Gloves,GEAR,DROP,1,1775,1996,88,1
4248,Dark Leather Gloves,GEAR,DROP,1,1757,1996,88,1
4248,Dark Leather Gloves,GEAR,DROP,1,1849,1996,92,1
4248,Dark Leather Gloves,GEAR,DROP,1,1812,1996,90,1
10512,Hi-Impact Mithril Slugs,AMMO,TRAINER,1000,8,13,61,1
10512,Hi-Impact Mithril Slugs,AMMO,TRAINER,1000,7,13,53,1
10512,Hi-Impact Mithril Slugs,AMMO,TRAINER,600,7,13,53,1
9998,Black Mageweave Vest,GEAR,TRAINER,1,8736,9496,91,1
9998,Black Mageweave Vest,GEAR,TRAINER,1,8386,9496,88,1
9998,Black Mageweave Vest,GEAR,TRAINER,1,8736,9496,91,1
9998,Black Mageweave Vest,GEAR,TRAINER,1,8386,9496,88,1
9998,Black Mageweave Vest,GEAR,TRAINER,1,8736,9496,91,1
9998,Black Mageweave Vest,GEAR,TRAINER,1,8386,9496,88,1
9998,Black Mageweave Vest,GEAR,TRAINER,1,8736,9496,91,1
9998,Black Mageweave Vest,GEAR,TRAINER,1,8386,9496,88,1
9998,Black Mageweave Vest,GEAR,TRAINER,1,8736,9496,91,1
13423,Stonescale Oil,INTERMEDIATE,TRAINER,6,97,102,95,1
22573,Mote of Earth,INTERMEDIATE,TRAINER,10,2365,3200,73,1
22573,Mote of Earth,INTERMEDIATE,TRAINER,10,2270,3200,70,1
22573,Mote of Earth,INTERMEDIATE,TRAINER,10,2365,3200,73,1
22573,Mote of Earth,INTERMEDIATE,TRAINER,10,2270,3200,70,1
22573,Mote of Earth,INTERMEDIATE,TRAINER,10,2365,3200,73,1
22573,Mote of Earth,INTERMEDIATE,TRAINER,10,2270,3200,70,1
22573,Mote of Earth,INTERMEDIATE,TRAINER,10,2365,3200,73,1
22573,Mote of Earth,INTERMEDIATE,TRAINER,10,2270,3200,70,1
22573,Mote of Earth,INTERMEDIATE,TRAINER,10,2365,3200,73,1
22573,Mote of Earth,INTERMEDIATE,TRAINER,10,2270,3200,70,1
22573,Mote of Earth,INTERMEDIATE,TRAINER,10,2365,3200,73,1
22573,Mote of Earth,INTERMEDIATE,TRAINER,10,2270,3200,70,1
22573,Mote of Earth,INTERMEDIATE,TRAINER,3,2365,3200,73,1
22573,Mote of Earth,INTERMEDIATE,TRAINER,7,2270,3200,70,1
14342,Mooncloth,INTERMEDIATE,VENDOR,6,10001,15200,65,1
14342,Mooncloth,INTERMEDIATE,VENDOR,7,9900,15200,65,1
44840,Cranberry Chutney,FOOD,DROP,5,5,8,62,1
22448,Small Prismatic Shard,INTERMEDIATE,TRAINER,20,1,0,0,1
22448,Small Prismatic Shard,INTERMEDIATE,TRAINER,19,1,0,0,1
13506,Potion of Petrification,ELIXIR_POT,DROP,18,409,607,67,1
10512,Hi-Impact Mithril Slugs,AMMO,TRAINER,1000,10,13,76,1
13445,Elixir of Superior Defense,ELIXIR_POT,VENDOR,5,878,1064,82,1
13445,Elixir of Superior Defense,ELIXIR_POT,VENDOR,5,834,1064,78,1
13445,Elixir of Superior Defense,ELIXIR_POT,VENDOR,4,817,1064,76,1
15997,Thorium Shells,AMMO,TRAINER,1000,19,22,86,1
15997,Thorium Shells,AMMO,TRAINER,200,18,22,81,1
22448,Small Prismatic Shard,INTERMEDIATE,TRAINER,20,1,0,0,1
22448,Small Prismatic Shard,INTERMEDIATE,TRAINER,2,1,0,0,1
22448,Small Prismatic Shard,INTERMEDIATE,TRAINER,2,1,0,0,1
3530,Wool Bandage,MISC,TRAINER,9,89,136,65,1
5081,Kodo Hide Bag,BAG,UNSOURCED,1,1738,853,203,0
22448,Small Prismatic Shard,INTERMEDIATE,TRAINER,20,1,0,0,1
22448,Small Prismatic Shard,INTERMEDIATE,TRAINER,19,1,0,0,1
13423,Stonescale Oil,INTERMEDIATE,TRAINER,6,81,102,79,1
13423,Stonescale Oil,INTERMEDIATE,TRAINER,5,77,102,75,1
15997,Thorium Shells,AMMO,TRAINER,1000,14,22,63,1
15997,Thorium Shells,AMMO,TRAINER,1000,13,22,59,1
15997,Thorium Shells,AMMO,TRAINER,800,13,22,59,1
14048,Bolt of Runecloth,INTERMEDIATE,TRAINER,1,10361,11880,87,1
14048,Bolt of Runecloth,INTERMEDIATE,TRAINER,11,9946,11880,83,1
8172,Cured Thick Hide,INTERMEDIATE,TRAINER,4,3499,4545,76,1
8172,Cured Thick Hide,INTERMEDIATE,TRAINER,10,3359,4545,73,1
3826,Major Troll's Blood Elixir,ELIXIR_POT,DROP,7,366,440,83,1
4333,Dark Silk Shirt,GEAR,VENDOR,1,4840,5552,87,1
4333,Dark Silk Shirt,GEAR,VENDOR,1,4791,5552,86,1
4333,Dark Silk Shirt,GEAR,VENDOR,1,4840,5552,87,1
4333,Dark Silk Shirt,GEAR,VENDOR,1,4791,5552,86,1
4333,Dark Silk Shirt,GEAR,VENDOR,1,4840,5552,87,1
4333,Dark Silk Shirt,GEAR,VENDOR,1,4791,5552,86,1
4333,Dark Silk Shirt,GEAR,VENDOR,1,4840,5552,87,1
4333,Dark Silk Shirt,GEAR,VENDOR,1,4791,5552,86,1
4333,Dark Silk Shirt,GEAR,VENDOR,1,4840,5552,87,1
22448,Small Prismatic Shard,INTERMEDIATE,TRAINER,20,1,0,0,1
22448,Small Prismatic Shard,INTERMEDIATE,TRAINER,13,1,0,0,1
22448,Small Prismatic Shard,INTERMEDIATE,TRAINER,3,1,0,0,1
10512,Hi-Impact Mithril Slugs,AMMO,TRAINER,1000,10,13,76,1
10512,Hi-Impact Mithril Slugs,AMMO,TRAINER,1000,9,13,69,1
10512,Hi-Impact Mithril Slugs,AMMO,TRAINER,600,10,13,76,1
9179,Elixir of Greater Intellect,ELIXIR_POT,TRAINER,6,4145,3426,120,0
13423,Stonescale Oil,INTERMEDIATE,TRAINER,8,82,102,80,1
13423,Stonescale Oil,INTERMEDIATE,TRAINER,4,79,102,77,1
2460,Elixir of Tongues (NYI),ELIXIR_POT,UNSOURCED,5,826,334,247,0
2460,Elixir of Tongues (NYI),ELIXIR_POT,UNSOURCED,5,809,334,242,0
14342,Mooncloth,INTERMEDIATE,VENDOR,2,11764,15200,77,1
14342,Mooncloth,INTERMEDIATE,VENDOR,3,11528,15200,75,1
8173,Thick Armor Kit,MISC,TRAINER,5,5390,6440,83,1
15564,Rugged Armor Kit,MISC,TRAINER,10,8409,10200,82,1
15564,Rugged Armor Kit,MISC,TRAINER,1,8240,10200,80,1
4236,Cured Heavy Hide,INTERMEDIATE,TRAINER,1,1154,1350,85,1
4236,Cured Heavy Hide,INTERMEDIATE,TRAINER,13,1096,1350,81,1
8170,Rugged Leather,INTERMEDIATE,TRAINER,2,5773,7128,80,1
8170,Rugged Leather,INTERMEDIATE,TRAINER,8,5715,7128,80,1
13510,Flask of the Titans,FLASK,DROP,5,44712,16860,265,0
13510,Flask of the Titans,FLASK,DROP,7,42476,16860,251,0
13423,Stonescale Oil,INTERMEDIATE,TRAINER,12,76,102,74,1
13423,Stonescale Oil,INTERMEDIATE,TRAINER,1,73,102,71,1
22448,Small Prismatic Shard,INTERMEDIATE,TRAINER,20,1,0,0,1
22448,Small Prismatic Shard,INTERMEDIATE,TRAINER,1,1,0,0,1
22448,Small Prismatic Shard,INTERMEDIATE,TRAINER,9,1,0,0,1
15997,Thorium Shells,AMMO,TRAINER,1000,14,22,63,1
15997,Thorium Shells,AMMO,TRAINER,600,13,22,59,1
10008,White Bandit Mask,GEAR,DROP,1,5907,6023,98,1
10008,White Bandit Mask,GEAR,DROP,1,5611,6023,93,1
10008,White Bandit Mask,GEAR,DROP,1,5498,6023,91,1
10008,White Bandit Mask,GEAR,DROP,1,5907,6023,98,1
10008,White Bandit Mask,GEAR,DROP,1,5611,6023,93,1
22448,Small Prismatic Shard,INTERMEDIATE,TRAINER,20,1,0,0,1
22448,Small Prismatic Shard,INTERMEDIATE,TRAINER,11,1,0,0,1
22448,Small Prismatic Shard,INTERMEDIATE,TRAINER,2,1,0,0,1
10513,Mithril Gyro-Shot,AMMO,TRAINER,1000,23,26,88,1
10513,Mithril Gyro-Shot,AMMO,TRAINER,1000,22,26,84,1
10513,Mithril Gyro-Shot,AMMO,TRAINER,200,21,26,80,1
13423,Stonescale Oil,INTERMEDIATE,TRAINER,5,72,102,70,1
13423,Stonescale Oil,INTERMEDIATE,TRAINER,4,68,102,66,1
19059,Argent Shoulders,GEAR,VENDOR,1,329357,257875,127,0
19059,Argent Shoulders,GEAR,VENDOR,1,326063,257875,126,0
19059,Argent Shoulders,GEAR,VENDOR,1,313020,257875,121,0
15997,Thorium Shells,AMMO,TRAINER,1000,18,22,81,1
15997,Thorium Shells,AMMO,TRAINER,200,17,22,77,1
7964,Solid Sharpening Stone,MISC,TRAINER,11,475,588,80,1
10056,Orange Mageweave Shirt,GEAR,TRAINER,1,5044,6998,72,1
10056,Orange Mageweave Shirt,GEAR,TRAINER,1,4943,6998,70,1
10056,Orange Mageweave Shirt,GEAR,TRAINER,1,5044,6998,72,1
10056,Orange Mageweave Shirt,GEAR,TRAINER,1,4943,6998,70,1
10056,Orange Mageweave Shirt,GEAR,TRAINER,1,5044,6998,72,1
10056,Orange Mageweave Shirt,GEAR,TRAINER,1,4943,6998,70,1
10512,Hi-Impact Mithril Slugs,AMMO,TRAINER,1000,9,13,69,1
10512,Hi-Impact Mithril Slugs,AMMO,TRAINER,200,8,13,61,1
9999,Black Mageweave Leggings,GEAR,TRAINER,1,6563,9496,69,1
9999,Black Mageweave Leggings,GEAR,TRAINER,1,6497,9496,68,1
9999,Black Mageweave Leggings,GEAR,TRAINER,1,6172,9496,64,1
9999,Black Mageweave Leggings,GEAR,TRAINER,1,5863,9496,61,1
9999,Black Mageweave Leggings,GEAR,TRAINER,1,6563,9496,69,1
9999,Black Mageweave Leggings,GEAR,TRAINER,1,6497,9496,68,1
9999,Black Mageweave Leggings,GEAR,TRAINER,1,6172,9496,64,1
9999,Black Mageweave Leggings,GEAR,TRAINER,1,5863,9496,61,1
9999,Black Mageweave Leggings,GEAR,TRAINER,1,6563,9496,69,1
9999,Black Mageweave Leggings,GEAR,TRAINER,1,6497,9496,68,1
9999,Black Mageweave Leggings,GEAR,TRAINER,1,6172,9496,64,1
9999,Black Mageweave Leggings,GEAR,TRAINER,1,5863,9496,61,1
14048,Bolt of Runecloth,INTERMEDIATE,TRAINER,12,10273,11880,86,1
2841,Bronze Bar,INTERMEDIATE,TRAINER,12,50,62,80,1
2841,Bronze Bar,INTERMEDIATE,TRAINER,6,49,62,79,1
15084,Wicked Leather Bracers,GEAR,TRAINER,1,17107,22320,76,1
15084,Wicked Leather Bracers,GEAR,TRAINER,1,16251,22320,72,1
15084,Wicked Leather Bracers,GEAR,TRAINER,1,15438,22320,69,1
15084,Wicked Leather Bracers,GEAR,TRAINER,1,17107,22320,76,1
15084,Wicked Leather Bracers,GEAR,TRAINER,1,16251,22320,72,1
15084,Wicked Leather Bracers,GEAR,TRAINER,1,15438,22320,69,1
15084,Wicked Leather Bracers,GEAR,TRAINER,1,17107,22320,76,1
15084,Wicked Leather Bracers,GEAR,TRAINER,1,16251,22320,72,1
15084,Wicked Leather Bracers,GEAR,TRAINER,1,15438,22320,69,1
10008,White Bandit Mask,GEAR,DROP,1,4497,6023,74,1
10008,White Bandit Mask,GEAR,DROP,1,4362,6023,72,1
10008,White Bandit Mask,GEAR,DROP,1,4497,6023,74,1
10008,White Bandit Mask,GEAR,DROP,1,4362,6023,72,1
10008,White Bandit Mask,GEAR,DROP,1,4497,6023,74,1
10008,White Bandit Mask,GEAR,DROP,1,4362,6023,72,1
10048,Colorful Kilt,GEAR,DROP,1,1774,2290,77,1
10048,Colorful Kilt,GEAR,DROP,1,1738,2290,75,1
10048,Colorful Kilt,GEAR,DROP,1,1720,2290,75,1
10048,Colorful Kilt,GEAR,DROP,1,1774,2290,77,1
10048,Colorful Kilt,GEAR,DROP,1,1738,2290,75,1
10048,Colorful Kilt,GEAR,DROP,1,1720,2290,75,1
10048,Colorful Kilt,GEAR,DROP,1,1774,2290,77,1
8170,Rugged Leather,INTERMEDIATE,TRAINER,1,6234,7128,87,1
8170,Rugged Leather,INTERMEDIATE,TRAINER,7,6109,7128,85,1
22448,Small Prismatic Shard,INTERMEDIATE,TRAINER,8,1,0,0,1
22448,Small Prismatic Shard,INTERMEDIATE,TRAINER,10,1,0,0,1
10053,Simple Black Dress,GEAR,TRAINER,1,11196,15019,74,1
10053,Simple Black Dress,GEAR,TRAINER,1,11084,15019,73,1
10053,Simple Black Dress,GEAR,TRAINER,1,10529,15019,70,1
10053,Simple Black Dress,GEAR,TRAINER,1,10213,15019,68,1
10053,Simple Black Dress,GEAR,TRAINER,1,11196,15019,74,1
10053,Simple Black Dress,GEAR,TRAINER,1,11084,15019,73,1
10053,Simple Black Dress,GEAR,TRAINER,1,10529,15019,70,1
10053,Simple Black Dress,GEAR,TRAINER,1,10213,15019,68,1
22448,Small Prismatic Shard,INTERMEDIATE,TRAINER,20,1,0,0,1
22448,Small Prismatic Shard,INTERMEDIATE,TRAINER,20,1,0,0,1
22448,Small Prismatic Shard,INTERMEDIATE,TRAINER,1,1,0,0,1
22448,Small Prismatic Shard,INTERMEDIATE,TRAINER,1,1,0,0,1
8172,Cured Thick Hide,INTERMEDIATE,TRAINER,5,4619,4545,101,1
8172,Cured Thick Hide,INTERMEDIATE,TRAINER,8,4526,4545,99,1
13423,Stonescale Oil,INTERMEDIATE,TRAINER,10,71,102,69,1
13423,Stonescale Oil,INTERMEDIATE,TRAINER,1,70,102,68,1
2580,Reinforced Linen Cape,GEAR,TRAINER,1,220,254,86,1
2580,Reinforced Linen Cape,GEAR,TRAINER,1,211,254,83,1
2580,Reinforced Linen Cape,GEAR,TRAINER,1,220,254,86,1
2580,Reinforced Linen Cape,GEAR,TRAINER,1,211,254,83,1
2580,Reinforced Linen Cape,GEAR,TRAINER,1,220,254,86,1
2580,Reinforced Linen Cape,GEAR,TRAINER,1,211,254,83,1
2580,Reinforced Linen Cape,GEAR,TRAINER,1,220,254,86,1
2580,Reinforced Linen Cape,GEAR,TRAINER,1,211,254,83,1
13445,Elixir of Superior Defense,ELIXIR_POT,VENDOR,5,976,1064,91,1
13445,Elixir of Superior Defense,ELIXIR_POT,VENDOR,9,840,1064,78,1
14342,Mooncloth,INTERMEDIATE,VENDOR,8,14178,15200,93,1
14342,Mooncloth,INTERMEDIATE,VENDOR,1,14036,15200,92,1
13445,Elixir of Superior Defense,ELIXIR_POT,VENDOR,6,746,1064,70,1
13510,Flask of the Titans,FLASK,DROP,14,31561,16860,187,0
5966,Guardian Gloves,GEAR,TRAINER,1,3767,4183,90,1
5966,Guardian Gloves,GEAR,TRAINER,1,3578,4183,85,1
5966,Guardian Gloves,GEAR,TRAINER,1,3470,4183,82,1
5966,Guardian Gloves,GEAR,TRAINER,1,3435,4183,82,1
5966,Guardian Gloves,GEAR,TRAINER,1,3767,4183,90,1
5966,Guardian Gloves,GEAR,TRAINER,1,3578,4183,85,1
5966,Guardian Gloves,GEAR,TRAINER,1,3470,4183,82,1
5966,Guardian Gloves,GEAR,TRAINER,1,3435,4183,82,1
5966,Guardian Gloves,GEAR,TRAINER,1,3767,4183,90,1
3482,Silvered Bronze Boots,GEAR,TRAINER,1,603,795,75,1
3482,Silvered Bronze Boots,GEAR,TRAINER,1,572,795,71,1
3482,Silvered Bronze Boots,GEAR,TRAINER,1,554,795,69,1
3482,Silvered Bronze Boots,GEAR,TRAINER,1,603,795,75,1
3482,Silvered Bronze Boots,GEAR,TRAINER,1,572,795,71,1
3482,Silvered Bronze Boots,GEAR,TRAINER,1,554,795,69,1
3482,Silvered Bronze Boots,GEAR,TRAINER,1,603,795,75,1
17771,Elementium Bar,MISC,DROP,2,3750378,2472560,151,0
2865,Rough Bronze Leggings,GEAR,TRAINER,1,298,372,80,1
2865,Rough Bronze Leggings,GEAR,TRAINER,1,289,372,77,1
2865,Rough Bronze Leggings,GEAR,TRAINER,1,298,372,80,1
2865,Rough Bronze Leggings,GEAR,TRAINER,1,289,372,77,1
2865,Rough Bronze Leggings,GEAR,TRAINER,1,298,372,80,1
2865,Rough Bronze Leggings,GEAR,TRAINER,1,289,372,77,1
2865,Rough Bronze Leggings,GEAR,TRAINER,1,298,372,80,1
2865,Rough Bronze Leggings,GEAR,TRAINER,1,289,372,77,1
2865,Rough Bronze Leggings,GEAR,TRAINER,1,298,372,80,1
2865,Rough Bronze Leggings,GEAR,TRAINER,1,289,372,77,1
2865,Rough Bronze Leggings,GEAR,TRAINER,1,298,372,80,1
2865,Rough Bronze Leggings,GEAR,TRAINER,1,289,372,77,1
2865,Rough Bronze Leggings,GEAR,TRAINER,1,298,372,80,1
2865,Rough Bronze Leggings,GEAR,TRAINER,1,289,372,77,1
2865,Rough Bronze Leggings,GEAR,TRAINER,1,298,372,80,1
4234,Heavy Leather,INTERMEDIATE,TRAINER,1,908,1090,83,1
4234,Heavy Leather,INTERMEDIATE,TRAINER,4,898,1090,82,1
4304,Thick Leather,INTERMEDIATE,TRAINER,6,3033,3636,83,1
4304,Thick Leather,INTERMEDIATE,TRAINER,1,2942,3636,80,1
1710,Greater Healing Potion,ELIXIR_POT,TRAINER,5,470,459,102,0
1710,Greater Healing Potion,ELIXIR_POT,TRAINER,5,465,459,101,0
22573,Mote of Earth,INTERMEDIATE,TRAINER,10,3032,3200,94,1
22573,Mote of Earth,INTERMEDIATE,TRAINER,10,3001,3200,93,1
22573,Mote of Earth,INTERMEDIATE,TRAINER,10,2910,3200,90,1
22573,Mote of Earth,INTERMEDIATE,TRAINER,10,3032,3200,94,1
22573,Mote of Earth,INTERMEDIATE,TRAINER,10,3001,3200,93,1
22573,Mote of Earth,INTERMEDIATE,TRAINER,10,2910,3200,90,1
22573,Mote of Earth,INTERMEDIATE,TRAINER,7,3032,3200,94,1
22573,Mote of Earth,INTERMEDIATE,TRAINER,3,3001,3200,93,1
13423,Stonescale Oil,INTERMEDIATE,TRAINER,6,85,102,83,1
13423,Stonescale Oil,INTERMEDIATE,TRAINER,5,81,102,79,1
8173,Thick Armor Kit,MISC,TRAINER,9,4754,6440,73,1
22448,Small Prismatic Shard,INTERMEDIATE,TRAINER,7,1,0,0,0
22448,Small Prismatic Shard,INTERMEDIATE,TRAINER,8,1,0,0,0
12655,Enchanted Thorium Bar,INTERMEDIATE,TRAINER,11,45625,36825,123,0
12655,Enchanted Thorium Bar,INTERMEDIATE,TRAINER,4,44712,36825,121,0
10512,Hi-Impact Mithril Slugs,AMMO,TRAINER,1000,10,13,76,1
10512,Hi-Impact Mithril Slugs,AMMO,TRAINER,1000,9,13,69,1
10512,Hi-Impact Mithril Slugs,AMMO,TRAINER,600,10,13,76,1
4314,Double-stitched Woolen Shoulders,GEAR,TRAINER,1,1155,1424,81,1
4314,Double-stitched Woolen Shoulders,GEAR,TRAINER,1,1108,1424,77,1
4314,Double-stitched Woolen Shoulders,GEAR,TRAINER,1,1085,1424,76,1
4314,Double-stitched Woolen Shoulders,GEAR,TRAINER,1,1155,1424,81,1
4314,Double-stitched Woolen Shoulders,GEAR,TRAINER,1,1108,1424,77,1
4314,Double-stitched Woolen Shoulders,GEAR,TRAINER,1,1085,1424,76,1
4314,Double-stitched Woolen Shoulders,GEAR,TRAINER,1,1155,1424,81,1
4314,Double-stitched Woolen Shoulders,GEAR,TRAINER,1,1108,1424,77,1
4314,Double-stitched Woolen Shoulders,GEAR,TRAINER,1,1085,1424,76,1
4314,Double-stitched Woolen Shoulders,GEAR,TRAINER,1,1155,1424,81,1
4314,Double-stitched Woolen Shoulders,GEAR,TRAINER,1,1108,1424,77,1
4314,Double-stitched Woolen Shoulders,GEAR,TRAINER,1,1085,1424,76,1
22448,Small Prismatic Shard,INTERMEDIATE,TRAINER,20,1,0,0,1
22448,Small Prismatic Shard,INTERMEDIATE,TRAINER,1,1,0,0,1
10056,Orange Mageweave Shirt,GEAR,TRAINER,1,4987,6998,71,1
10056,Orange Mageweave Shirt,GEAR,TRAINER,1,4737,6998,67,1
10056,Orange Mageweave Shirt,GEAR,TRAINER,1,4594,6998,65,1
10056,Orange Mageweave Shirt,GEAR,TRAINER,1,4364,6998,62,1
10056,Orange Mageweave Shirt,GEAR,TRAINER,1,4987,6998,71,1
10056,Orange Mageweave Shirt,GEAR,TRAINER,1,4737,6998,67,1
10056,Orange Mageweave Shirt,GEAR,TRAINER,1,4594,6998,65,1
10056,Orange Mageweave Shirt,GEAR,TRAINER,1,4364,6998,62,1
10056,Orange Mageweave Shirt,GEAR,TRAINER,1,4987,6998,71,1
10056,Orange Mageweave Shirt,GEAR,TRAINER,1,4737,6998,67,1
10056,Orange Mageweave Shirt,GEAR,TRAINER,1,4594,6998,65,1
10056,Orange Mageweave Shirt,GEAR,TRAINER,1,4364,6998,62,1
4333,Dark Silk Shirt,GEAR,VENDOR,1,5627,5552,101,1
4333,Dark Silk Shirt,GEAR,VENDOR,1,5514,5552,99,1
4333,Dark Silk Shirt,GEAR,VENDOR,1,5627,5552,101,1
4333,Dark Silk Shirt,GEAR,VENDOR,1,5514,5552,99,1
4333,Dark Silk Shirt,GEAR,VENDOR,1,5627,5552,101,1
4333,Dark Silk Shirt,GEAR,VENDOR,1,5514,5552,99,1
4333,Dark Silk Shirt,GEAR,VENDOR,1,5627,5552,101,1
4333,Dark Silk Shirt,GEAR,VENDOR,1,5514,5552,99,1
4333,Dark Silk Shirt,GEAR,VENDOR,1,5627,5552,101,1
4333,Dark Silk Shirt,GEAR,VENDOR,1,5514,5552,99,1
4333,Dark Silk Shirt,GEAR,VENDOR,1,5627,5552,101,1
4333,Dark Silk Shirt,GEAR,VENDOR,1,5514,5552,99,1
4333,Dark Silk Shirt,GEAR,VENDOR,1,5627,5552,101,1
4333,Dark Silk Shirt,GEAR,VENDOR,1,5514,5552,99,1
4333,Dark Silk Shirt,GEAR,VENDOR,1,5627,5552,101,1
4330,Stylish Red Shirt,GEAR,TRAINER,1,1076,1424,75,1
4330,Stylish Red Shirt,GEAR,TRAINER,1,1022,1424,71,1
4330,Stylish Red Shirt,GEAR,TRAINER,1,991,1424,69,1
4330,Stylish Red Shirt,GEAR,TRAINER,1,951,1424,66,1
4330,Stylish Red Shirt,GEAR,TRAINER,1,1076,1424,75,1
4330,Stylish Red Shirt,GEAR,TRAINER,1,1022,1424,71,1
4330,Stylish Red Shirt,GEAR,TRAINER,1,991,1424,69,1
4330,Stylish Red Shirt,GEAR,TRAINER,1,951,1424,66,1
7964,Solid Sharpening Stone,MISC,TRAINER,10,437,588,74,1
7965,Solid Weightstone,MISC,TRAINER,14,978,1182,82,1
20750,Wizard Oil,MISC,VENDOR,1,74194,58550,126,0
20750,Wizard Oil,MISC,VENDOR,1,73452,58550,125,0
13423,Stonescale Oil,INTERMEDIATE,TRAINER,4,84,102,82,1
13423,Stonescale Oil,INTERMEDIATE,TRAINER,1,81,102,79,1
22448,Small Prismatic Shard,INTERMEDIATE,TRAINER,20,1,0,0,1
22448,Small Prismatic Shard,INTERMEDIATE,TRAINER,2,1,0,0,1
22448,Small Prismatic Shard,INTERMEDIATE,TRAINER,11,1,0,0,1
15564,Rugged Armor Kit,MISC,TRAINER,9,9770,10200,95,1
22448,Small Prismatic Shard,INTERMEDIATE,TRAINER,6,1,0,0,1
22448,Small Prismatic Shard,INTERMEDIATE,TRAINER,9,1,0,0,1
22445,Arcane Dust,INTERMEDIATE,UNSOURCED,20,8485,5013,169,0
22445,Arcane Dust,INTERMEDIATE,UNSOURCED,1,8315,5013,165,0
22445,Arcane Dust,INTERMEDIATE,UNSOURCED,3,8485,5013,169,0
10056,Orange Mageweave Shirt,GEAR,TRAINER,1,5819,6998,83,1
10056,Orange Mageweave Shirt,GEAR,TRAINER,1,5702,6998,81,1
10056,Orange Mageweave Shirt,GEAR,TRAINER,1,5587,6998,79,1
10056,Orange Mageweave Shirt,GEAR,TRAINER,1,5531,6998,79,1
10056,Orange Mageweave Shirt,GEAR,TRAINER,1,5819,6998,83,1
22445,Arcane Dust,INTERMEDIATE,UNSOURCED,20,12498,5013,249,0
22445,Arcane Dust,INTERMEDIATE,UNSOURCED,10,12373,5013,246,0
22445,Arcane Dust,INTERMEDIATE,UNSOURCED,9,11878,5013,236,0
10056,Orange Mageweave Shirt,GEAR,TRAINER,1,6304,6998,90,1
10056,Orange Mageweave Shirt,GEAR,TRAINER,1,5988,6998,85,1
10056,Orange Mageweave Shirt,GEAR,TRAINER,1,5688,6998,81,1
10056,Orange Mageweave Shirt,GEAR,TRAINER,1,5403,6998,77,1
10056,Orange Mageweave Shirt,GEAR,TRAINER,1,6304,6998,90,1
10056,Orange Mageweave Shirt,GEAR,TRAINER,1,5988,6998,85,1
10056,Orange Mageweave Shirt,GEAR,TRAINER,1,5688,6998,81,1
10056,Orange Mageweave Shirt,GEAR,TRAINER,1,5403,6998,77,1
10056,Orange Mageweave Shirt,GEAR,TRAINER,1,6304,6998,90,1
10056,Orange Mageweave Shirt,GEAR,TRAINER,1,5988,6998,85,1
10056,Orange Mageweave Shirt,GEAR,TRAINER,1,5688,6998,81,1
10056,Orange Mageweave Shirt,GEAR,TRAINER,1,5403,6998,77,1
2842,Silver Bar,INTERMEDIATE,TRAINER,12,211,303,69,1
7053,Azure Silk Cloak,GEAR,VENDOR,1,7479,7428,100,1
7053,Azure Silk Cloak,GEAR,VENDOR,1,7254,7428,97,1
7053,Azure Silk Cloak,GEAR,VENDOR,1,6963,7428,93,1
7053,Azure Silk Cloak,GEAR,VENDOR,1,6614,7428,89,1
7053,Azure Silk Cloak,GEAR,VENDOR,1,7479,7428,100,1
7053,Azure Silk Cloak,GEAR,VENDOR,1,7254,7428,97,1
7053,Azure Silk Cloak,GEAR,VENDOR,1,6963,7428,93,1
7053,Azure Silk Cloak,GEAR,VENDOR,1,6614,7428,89,1
3826,Major Troll's Blood Elixir,ELIXIR_POT,DROP,7,328,440,74,1
4312,Soft-soled Linen Boots,GEAR,TRAINER,1,769,846,90,1
4312,Soft-soled Linen Boots,GEAR,TRAINER,1,730,846,86,1
4312,Soft-soled Linen Boots,GEAR,TRAINER,1,769,846,90,1
4312,Soft-soled Linen Boots,GEAR,TRAINER,1,730,846,86,1
4312,Soft-soled Linen Boots,GEAR,TRAINER,1,769,846,90,1
4312,Soft-soled Linen Boots,GEAR,TRAINER,1,730,846,86,1
4312,Soft-soled Linen Boots,GEAR,TRAINER,1,769,846,90,1
4312,Soft-soled Linen Boots,GEAR,TRAINER,1,730,846,86,1
4312,Soft-soled Linen Boots,GEAR,TRAINER,1,769,846,90,1
4312,Soft-soled Linen Boots,GEAR,TRAINER,1,730,846,86,1
4312,Soft-soled Linen Boots,GEAR,TRAINER,1,769,846,90,1
14342,Mooncloth,INTERMEDIATE,VENDOR,1,11428,15200,75,1
14342,Mooncloth,INTERMEDIATE,VENDOR,9,11313,15200,74,1
2841,Bronze Bar,INTERMEDIATE,TRAINER,11,57,62,91,1
2841,Bronze Bar,INTERMEDIATE,TRAINER,3,54,62,87,1
10512,Hi-Impact Mithril Slugs,AMMO,TRAINER,1000,11,13,84,1
10512,Hi-Impact Mithril Slugs,AMMO,TRAINER,800,10,13,76,1
8067,Crafted Light Shot,AMMO,UNSOURCED,600,1,0,0,0
8069,Crafted Solid Shot,AMMO,TRAINER,400,2,2,100,0
10008,White Bandit Mask,GEAR,DROP,1,5707,6023,94,1
10008,White Bandit Mask,GEAR,DROP,1,5649,6023,93,1
10008,White Bandit Mask,GEAR,DROP,1,5707,6023,94,1
10008,White Bandit Mask,GEAR,DROP,1,5649,6023,93,1
10008,White Bandit Mask,GEAR,DROP,1,5707,6023,94,1
10008,White Bandit Mask,GEAR,DROP,1,5649,6023,93,1
10008,White Bandit Mask,GEAR,DROP,1,5707,6023,94,1
10008,White Bandit Mask,GEAR,DROP,1,5649,6023,93,1
10008,White Bandit Mask,GEAR,DROP,1,5707,6023,94,1
10008,White Bandit Mask,GEAR,DROP,1,5649,6023,93,1
10008,White Bandit Mask,GEAR,DROP,1,5707,6023,94,1
2868,Patterned Bronze Bracers,GEAR,TRAINER,1,366,430,85,1
2868,Patterned Bronze Bracers,GEAR,TRAINER,1,351,430,81,1
2868,Patterned Bronze Bracers,GEAR,TRAINER,1,347,430,80,1
2868,Patterned Bronze Bracers,GEAR,TRAINER,1,366,430,85,1
2868,Patterned Bronze Bracers,GEAR,TRAINER,1,351,430,81,1
2868,Patterned Bronze Bracers,GEAR,TRAINER,1,347,430,80,1
2868,Patterned Bronze Bracers,GEAR,TRAINER,1,366,430,85,1
2868,Patterned Bronze Bracers,GEAR,TRAINER,1,351,430,81,1
2868,Patterned Bronze Bracers,GEAR,TRAINER,1,347,430,80,1
2868,Patterned Bronze Bracers,GEAR,TRAINER,1,366,430,85,1
15997,Thorium Shells,AMMO,TRAINER,1000,19,22,86,1
15997,Thorium Shells,AMMO,TRAINER,1000,18,22,81,1
15997,Thorium Shells,AMMO,TRAINER,1000,17,22,77,1
44840,Cranberry Chutney,FOOD,DROP,13,6,8,75,1
8172,Cured Thick Hide,INTERMEDIATE,TRAINER,7,3304,4545,72,1
8172,Cured Thick Hide,INTERMEDIATE,TRAINER,2,3171,4545,69,1
4240,Woolen Bag,BAG,TRAINER,1,1324,1324,100,0
10512,Hi-Impact Mithril Slugs,AMMO,TRAINER,1000,9,13,69,1
10512,Hi-Impact Mithril Slugs,AMMO,TRAINER,200,8,13,61,1
13423,Stonescale Oil,INTERMEDIATE,TRAINER,6,88,102,86,1
13423,Stonescale Oil,INTERMEDIATE,TRAINER,8,87,102,85,1
14342,Mooncloth,INTERMEDIATE,VENDOR,9,13620,15200,89,1
14342,Mooncloth,INTERMEDIATE,VENDOR,3,13075,15200,86,1
10053,Simple Black Dress,GEAR,TRAINER,1,14273,15019,95,1
10053,Simple Black Dress,GEAR,TRAINER,1,14130,15019,94,1
10053,Simple Black Dress,GEAR,TRAINER,1,14273,15019,95,1
10053,Simple Black Dress,GEAR,TRAINER,1,14130,15019,94,1
10053,Simple Black Dress,GEAR,TRAINER,1,14273,15019,95,1
10053,Simple Black Dress,GEAR,TRAINER,1,14130,15019,94,1
10053,Simple Black Dress,GEAR,TRAINER,1,14273,15019,95,1
10053,Simple Black Dress,GEAR,TRAINER,1,14130,15019,94,1
10053,Simple Black Dress,GEAR,TRAINER,1,14273,15019,95,1
10053,Simple Black Dress,GEAR,TRAINER,1,14130,15019,94,1
10053,Simple Black Dress,GEAR,TRAINER,1,14273,15019,95,1
10053,Simple Black Dress,GEAR,TRAINER,1,14130,15019,94,1
10053,Simple Black Dress,GEAR,TRAINER,1,14273,15019,95,1
10053,Simple Black Dress,GEAR,TRAINER,1,14130,15019,94,1
9999,Black Mageweave Leggings,GEAR,TRAINER,1,9024,9496,95,1
9999,Black Mageweave Leggings,GEAR,TRAINER,1,8933,9496,94,1
9999,Black Mageweave Leggings,GEAR,TRAINER,1,8575,9496,90,1
9999,Black Mageweave Leggings,GEAR,TRAINER,1,8146,9496,85,1
9999,Black Mageweave Leggings,GEAR,TRAINER,1,9024,9496,95,1
15997,Thorium Shells,AMMO,TRAINER,1000,15,22,68,1
15997,Thorium Shells,AMMO,TRAINER,1000,14,22,63,1
15997,Thorium Shells,AMMO,TRAINER,800,13,22,59,1
13506,Potion of Petrification,ELIXIR_POT,DROP,20,416,607,68,1
13506,Potion of Petrification,ELIXIR_POT,DROP,5,399,607,65,1
13506,Potion of Petrification,ELIXIR_POT,DROP,3,391,607,64,1
15997,Thorium Shells,AMMO,TRAINER,1000,20,22,90,1
15997,Thorium Shells,AMMO,TRAINER,1000,19,22,86,1
12359,Thorium Bar,INTERMEDIATE,TRAINER,10,1163,1545,75,1
12359,Thorium Bar,INTERMEDIATE,TRAINER,1,1139,1545,73,1
14342,Mooncloth,INTERMEDIATE,VENDOR,3,11810,15200,77,1
14342,Mooncloth,INTERMEDIATE,VENDOR,2,11691,15200,76,1
8172,Cured Thick Hide,INTERMEDIATE,TRAINER,1,3018,4545,66,1
8172,Cured Thick Hide,INTERMEDIATE,TRAINER,5,2927,4545,64,1
15564,Rugged Armor Kit,MISC,TRAINER,10,9190,10200,90,1
22448,Small Prismatic Shard,INTERMEDIATE,TRAINER,20,1,0,0,1
22448,Small Prismatic Shard,INTERMEDIATE,TRAINER,1,1,0,0,1
22448,Small Prismatic Shard,INTERMEDIATE,TRAINER,3,1,0,0,1
7053,Azure Silk Cloak,GEAR,VENDOR,1,5661,7428,76,1
7053,Azure Silk Cloak,GEAR,VENDOR,1,5547,7428,74,1
7053,Azure Silk Cloak,GEAR,VENDOR,1,5380,7428,72,1
7053,Azure Silk Cloak,GEAR,VENDOR,1,5326,7428,71,1
7053,Azure Silk Cloak,GEAR,VENDOR,1,5661,7428,76,1
7053,Azure Silk Cloak,GEAR,VENDOR,1,5547,7428,74,1
7053,Azure Silk Cloak,GEAR,VENDOR,1,5380,7428,72,1
7053,Azure Silk Cloak,GEAR,VENDOR,1,5326,7428,71,1
7053,Azure Silk Cloak,GEAR,VENDOR,1,5661,7428,76,1
7053,Azure Silk Cloak,GEAR,VENDOR,1,5547,7428,74,1
14342,Mooncloth,INTERMEDIATE,VENDOR,2,11026,15200,72,1
14342,Mooncloth,INTERMEDIATE,VENDOR,7,10805,15200,71,1
4314,Double-stitched Woolen Shoulders,GEAR,TRAINER,1,1376,1424,96,1
4314,Double-stitched Woolen Shoulders,GEAR,TRAINER,1,1320,1424,92,1
4314,Double-stitched Woolen Shoulders,GEAR,TRAINER,1,1306,1424,91,1
4314,Double-stitched Woolen Shoulders,GEAR,TRAINER,1,1240,1424,87,1
4314,Double-stitched Woolen Shoulders,GEAR,TRAINER,1,1376,1424,96,1
4314,Double-stitched Woolen Shoulders,GEAR,TRAINER,1,1320,1424,92,1
4314,Double-stitched Woolen Shoulders,GEAR,TRAINER,1,1306,1424,91,1
4314,Double-stitched Woolen Shoulders,GEAR,TRAINER,1,1240,1424,87,1
4314,Double-stitched Woolen Shoulders,GEAR,TRAINER,1,1376,1424,96,1
4314,Double-stitched Woolen Shoulders,GEAR,TRAINER,1,1320,1424,92,1
4314,Double-stitched Woolen Shoulders,GEAR,TRAINER,1,1306,1424,91,1
13423,Stonescale Oil,INTERMEDIATE,TRAINER,2,79,102,77,1
13423,Stonescale Oil,INTERMEDIATE,TRAINER,5,77,102,75,1
8172,Cured Thick Hide,INTERMEDIATE,TRAINER,2,3402,4545,74,1
8172,Cured Thick Hide,INTERMEDIATE,TRAINER,4,3299,4545,72,1
10008,White Bandit Mask,GEAR,DROP,1,5034,6023,83,1
10008,White Bandit Mask,GEAR,DROP,1,4832,6023,80,1
10008,White Bandit Mask,GEAR,DROP,1,4590,6023,76,1
10008,White Bandit Mask,GEAR,DROP,1,4544,6023,75,1
10008,White Bandit Mask,GEAR,DROP,1,5034,6023,83,1
10008,White Bandit Mask,GEAR,DROP,1,4832,6023,80,1
10008,White Bandit Mask,GEAR,DROP,1,4590,6023,76,1
10008,White Bandit Mask,GEAR,DROP,1,4544,6023,75,1
10008,White Bandit Mask,GEAR,DROP,1,5034,6023,83,1
10008,White Bandit Mask,GEAR,DROP,1,4832,6023,80,1
10008,White Bandit Mask,GEAR,DROP,1,4590,6023,76,1
14048,Bolt of Runecloth,INTERMEDIATE,TRAINER,3,7650,11880,64,1
14048,Bolt of Runecloth,INTERMEDIATE,TRAINER,3,7267,11880,61,1
13423,Stonescale Oil,INTERMEDIATE,TRAINER,4,75,102,73,1
13423,Stonescale Oil,INTERMEDIATE,TRAINER,1,74,102,72,1
10512,Hi-Impact Mithril Slugs,AMMO,TRAINER,1000,9,13,69,1
10512,Hi-Impact Mithril Slugs,AMMO,TRAINER,600,8,13,61,1
8176,Nightscape Headband,GEAR,TRAINER,1,5496,6940,79,1
8176,Nightscape Headband,GEAR,TRAINER,1,5441,6940,78,1
8176,Nightscape Headband,GEAR,TRAINER,1,5332,6940,76,1
8176,Nightscape Headband,GEAR,TRAINER,1,5278,6940,76,1
8176,Nightscape Headband,GEAR,TRAINER,1,5496,6940,79,1
8176,Nightscape Headband,GEAR,TRAINER,1,5441,6940,78,1
8176,Nightscape Headband,GEAR,TRAINER,1,5332,6940,76,1
8176,Nightscape Headband,GEAR,TRAINER,1,5278,6940,76,1
8176,Nightscape Headband,GEAR,TRAINER,1,5496,6940,79,1
8176,Nightscape Headband,GEAR,TRAINER,1,5441,6940,78,1
8176,Nightscape Headband,GEAR,TRAINER,1,5332,6940,76,1
8176,Nightscape Headband,GEAR,TRAINER,1,5278,6940,76,1
13423,Stonescale Oil,INTERMEDIATE,TRAINER,4,72,102,70,1
13423,Stonescale Oil,INTERMEDIATE,TRAINER,3,70,102,68,1
2842,Silver Bar,INTERMEDIATE,TRAINER,6,250,303,82,1
2842,Silver Bar,INTERMEDIATE,TRAINER,3,245,303,80,1
14048,Bolt of Runecloth,INTERMEDIATE,TRAINER,2,9582,11880,80,1
14048,Bolt of Runecloth,INTERMEDIATE,TRAINER,3,9102,11880,76,1
10008,White Bandit Mask,GEAR,DROP,1,4233,6023,70,1
10008,White Bandit Mask,GEAR,DROP,1,4190,6023,69,1
10008,White Bandit Mask,GEAR,DROP,1,4106,6023,68,1
10008,White Bandit Mask,GEAR,DROP,1,3941,6023,65,1
10008,White Bandit Mask,GEAR,DROP,1,4233,6023,70,1
7965,Solid Weightstone,MISC,TRAINER,15,992,1182,83,1
6836,Dress Shoes,GEAR,VENDOR,1,16045,18368,87,1
6836,Dress Shoes,GEAR,VENDOR,1,15884,18368,86,1
6836,Dress Shoes,GEAR,VENDOR,1,15725,18368,85,1
6836,Dress Shoes,GEAR,VENDOR,1,14938,18368,81,1
6836,Dress Shoes,GEAR,VENDOR,1,16045,18368,87,1
6836,Dress Shoes,GEAR,VENDOR,1,15884,18368,86,1
5633,Great Rage Potion,ELIXIR_POT,VENDOR,5,757,601,125,0
5633,Great Rage Potion,ELIXIR_POT,VENDOR,4,726,601,120,0
9998,Black Mageweave Vest,GEAR,TRAINER,1,7802,9496,82,1
9998,Black Mageweave Vest,GEAR,TRAINER,1,7723,9496,81,1
9998,Black Mageweave Vest,GEAR,TRAINER,1,7802,9496,82,1
9998,Black Mageweave Vest,GEAR,TRAINER,1,7723,9496,81,1
9998,Black Mageweave Vest,GEAR,TRAINER,1,7802,9496,82,1
9998,Black Mageweave Vest,GEAR,TRAINER,1,7723,9496,81,1
9998,Black Mageweave Vest,GEAR,TRAINER,1,7802,9496,82,1
9998,Black Mageweave Vest,GEAR,TRAINER,1,7723,9496,81,1
9998,Black Mageweave Vest,GEAR,TRAINER,1,7802,9496,82,1
9998,Black Mageweave Vest,GEAR,TRAINER,1,7723,9496,81,1
9998,Black Mageweave Vest,GEAR,TRAINER,1,7802,9496,82,1
9998,Black Mageweave Vest,GEAR,TRAINER,1,7723,9496,81,1
9998,Black Mageweave Vest,GEAR,TRAINER,1,7802,9496,82,1
13423,Stonescale Oil,INTERMEDIATE,TRAINER,4,92,102,90,1
13423,Stonescale Oil,INTERMEDIATE,TRAINER,5,87,102,85,1
10056,Orange Mageweave Shirt,GEAR,TRAINER,1,5562,6998,79,1
10056,Orange Mageweave Shirt,GEAR,TRAINER,1,5450,6998,77,1
10056,Orange Mageweave Shirt,GEAR,TRAINER,1,5341,6998,76,1
10056,Orange Mageweave Shirt,GEAR,TRAINER,1,5180,6998,74,1
10056,Orange Mageweave Shirt,GEAR,TRAINER,1,5562,6998,79,1
10056,Orange Mageweave Shirt,GEAR,TRAINER,1,5450,6998,77,1
10056,Orange Mageweave Shirt,GEAR,TRAINER,1,5341,6998,76,1
10056,Orange Mageweave Shirt,GEAR,TRAINER,1,5180,6998,74,1
10056,Orange Mageweave Shirt,GEAR,TRAINER,1,5562,6998,79,1
10056,Orange Mageweave Shirt,GEAR,TRAINER,1,5450,6998,77,1
6051,Holy Protection Potion,ELIXIR_POT,VENDOR,9,136,191,71,1
13423,Stonescale Oil,INTERMEDIATE,TRAINER,3,89,102,87,1
13423,Stonescale Oil,INTERMEDIATE,TRAINER,8,84,102,82,1
4314,Double-stitched Woolen Shoulders,GEAR,TRAINER,1,1292,1424,90,1
4314,Double-stitched Woolen Shoulders,GEAR,TRAINER,1,1279,1424,89,1
4314,Double-stitched Woolen Shoulders,GEAR,TRAINER,1,1266,1424,88,1
4314,Double-stitched Woolen Shoulders,GEAR,TRAINER,1,1215,1424,85,1
4314,Double-stitched Woolen Shoulders,GEAR,TRAINER,1,1292,1424,90,1
4314,Double-stitched Woolen Shoulders,GEAR,TRAINER,1,1279,1424,89,1
4314,Double-stitched Woolen Shoulders,GEAR,TRAINER,1,1266,1424,88,1
38277,Haliscan Jacket,GEAR,VENDOR,1,27507,28040,98,1
38277,Haliscan Jacket,GEAR,VENDOR,1,26406,28040,94,1
38277,Haliscan Jacket,GEAR,VENDOR,1,26141,28040,93,1
38277,Haliscan Jacket,GEAR,VENDOR,1,27507,28040,98,1
38277,Haliscan Jacket,GEAR,VENDOR,1,26406,28040,94,1
38277,Haliscan Jacket,GEAR,VENDOR,1,26141,28040,93,1
38277,Haliscan Jacket,GEAR,VENDOR,1,27507,28040,98,1
38277,Haliscan Jacket,GEAR,VENDOR,1,26406,28040,94,1
38277,Haliscan Jacket,GEAR,VENDOR,1,26141,28040,93,1
38277,Haliscan Jacket,GEAR,VENDOR,1,27507,28040,98,1
38277,Haliscan Jacket,GEAR,VENDOR,1,26406,28040,94,1
14342,Mooncloth,INTERMEDIATE,VENDOR,7,13695,15200,90,1
14342,Mooncloth,INTERMEDIATE,VENDOR,6,13284,15200,87,1
22448,Small Prismatic Shard,INTERMEDIATE,TRAINER,20,1,0,0,0
22448,Small Prismatic Shard,INTERMEDIATE,TRAINER,1,1,0,0,0
22448,Small Prismatic Shard,INTERMEDIATE,TRAINER,3,1,0,0,0
10056,Orange Mageweave Shirt,GEAR,TRAINER,1,5196,6998,74,1
10056,Orange Mageweave Shirt,GEAR,TRAINER,1,5144,6998,73,1
10056,Orange Mageweave Shirt,GEAR,TRAINER,1,4989,6998,71,1
10056,Orange Mageweave Shirt,GEAR,TRAINER,1,5196,6998,74,1
10056,Orange Mageweave Shirt,GEAR,TRAINER,1,5144,6998,73,1
10056,Orange Mageweave Shirt,GEAR,TRAINER,1,4989,6998,71,1
10056,Orange Mageweave Shirt,GEAR,TRAINER,1,5196,6998,74,1
10056,Orange Mageweave Shirt,GEAR,TRAINER,1,5144,6998,73,1
2868,Patterned Bronze Bracers,GEAR,TRAINER,1,328,430,76,1
2868,Patterned Bronze Bracers,GEAR,TRAINER,1,314,430,73,1
2868,Patterned Bronze Bracers,GEAR,TRAINER,1,328,430,76,1
2868,Patterned Bronze Bracers,GEAR,TRAINER,1,314,430,73,1
2868,Patterned Bronze Bracers,GEAR,TRAINER,1,328,430,76,1
22448,Small Prismatic Shard,INTERMEDIATE,TRAINER,5,1,0,0,1
22448,Small Prismatic Shard,INTERMEDIATE,TRAINER,13,1,0,0,1
13452,Elixir of the Mongoose,ELIXIR_POT,DROP,19,8957,4790,186,0
4339,Bolt of Mageweave,INTERMEDIATE,TRAINER,4,5899,5050,116,0
4339,Bolt of Mageweave,INTERMEDIATE,TRAINER,7,5840,5050,115,0
10512,Hi-Impact Mithril Slugs,AMMO,TRAINER,1000,11,13,84,1
10512,Hi-Impact Mithril Slugs,AMMO,TRAINER,200,10,13,76,1
4304,Thick Leather,INTERMEDIATE,TRAINER,2,3024,3636,83,1
4304,Thick Leather,INTERMEDIATE,TRAINER,6,2872,3636,78,1
13423,Stonescale Oil,INTERMEDIATE,TRAINER,9,89,102,87,1
13423,Stonescale Oil,INTERMEDIATE,TRAINER,1,86,102,84,1
14048,Bolt of Runecloth,INTERMEDIATE,TRAINER,9,9389,11880,79,1
13511,Flask of Distilled Wisdom,FLASK,DROP,20,22843,13430,170,0
13511,Flask of Distilled Wisdom,FLASK,DROP,12,22157,13430,164,0
13423,Stonescale Oil,INTERMEDIATE,TRAINER,3,95,102,93,1
13423,Stonescale Oil,INTERMEDIATE,TRAINER,8,93,102,91,1
10056,Orange Mageweave Shirt,GEAR,TRAINER,1,5765,6998,82,1
10056,Orange Mageweave Shirt,GEAR,TRAINER,1,5534,6998,79,1
10056,Orange Mageweave Shirt,GEAR,TRAINER,1,5312,6998,75,1
10056,Orange Mageweave Shirt,GEAR,TRAINER,1,5765,6998,82,1
10056,Orange Mageweave Shirt,GEAR,TRAINER,1,5534,6998,79,1
10056,Orange Mageweave Shirt,GEAR,TRAINER,1,5312,6998,75,1
10056,Orange Mageweave Shirt,GEAR,TRAINER,1,5765,6998,82,1
10056,Orange Mageweave Shirt,GEAR,TRAINER,1,5534,6998,79,1
10056,Orange Mageweave Shirt,GEAR,TRAINER,1,5312,6998,75,1
10056,Orange Mageweave Shirt,GEAR,TRAINER,1,5765,6998,82,1
10056,Orange Mageweave Shirt,GEAR,TRAINER,1,5534,6998,79,1
10056,Orange Mageweave Shirt,GEAR,TRAINER,1,5312,6998,75,1
10056,Orange Mageweave Shirt,GEAR,TRAINER,1,5765,6998,82,1
10056,Orange Mageweave Shirt,GEAR,TRAINER,1,5534,6998,79,1
10056,Orange Mageweave Shirt,GEAR,TRAINER,1,5312,6998,75,1
16000,Thorium Tube,INTERMEDIATE,TRAINER,5,11082,9270,119,0
16000,Thorium Tube,INTERMEDIATE,TRAINER,10,10860,9270,117,0
5966,Guardian Gloves,GEAR,TRAINER,1,3610,4183,86,1
5966,Guardian Gloves,GEAR,TRAINER,1,3501,4183,83,1
5966,Guardian Gloves,GEAR,TRAINER,1,3430,4183,81,1
5966,Guardian Gloves,GEAR,TRAINER,1,3610,4183,86,1
5966,Guardian Gloves,GEAR,TRAINER,1,3501,4183,83,1
5966,Guardian Gloves,GEAR,TRAINER,1,3430,4183,81,1
2867,Rough Bronze Bracers,GEAR,UNSOURCED,1,239,248,96,1
2867,Rough Bronze Bracers,GEAR,UNSOURCED,1,227,248,91,1
2867,Rough Bronze Bracers,GEAR,UNSOURCED,1,239,248,96,1
2867,Rough Bronze Bracers,GEAR,UNSOURCED,1,227,248,91,1
2867,Rough Bronze Bracers,GEAR,UNSOURCED,1,239,248,96,1
2867,Rough Bronze Bracers,GEAR,UNSOURCED,1,227,248,91,1
2867,Rough Bronze Bracers,GEAR,UNSOURCED,1,239,248,96,1
2867,Rough Bronze Bracers,GEAR,UNSOURCED,1,227,248,91,1
2867,Rough Bronze Bracers,GEAR,UNSOURCED,1,239,248,96,1
10008,White Bandit Mask,GEAR,DROP,1,4405,6023,73,1
10008,White Bandit Mask,GEAR,DROP,1,4360,6023,72,1
10008,White Bandit Mask,GEAR,DROP,1,4272,6023,70,1
10008,White Bandit Mask,GEAR,DROP,1,4186,6023,69,1
10008,White Bandit Mask,GEAR,DROP,1,4405,6023,73,1
10008,White Bandit Mask,GEAR,DROP,1,4360,6023,72,1
10008,White Bandit Mask,GEAR,DROP,1,4272,6023,70,1
10008,White Bandit Mask,GEAR,DROP,1,4186,6023,69,1
10008,White Bandit Mask,GEAR,DROP,1,4405,6023,73,1
10008,White Bandit Mask,GEAR,DROP,1,4360,6023,72,1
10008,White Bandit Mask,GEAR,DROP,1,4272,6023,70,1
10008,White Bandit Mask,GEAR,DROP,1,4186,6023,69,1
10008,White Bandit Mask,GEAR,DROP,1,4405,6023,73,1
10008,White Bandit Mask,GEAR,DROP,1,4360,6023,72,1
34086,Winter Boots,GEAR,VENDOR,1,10125,13588,74,1
34086,Winter Boots,GEAR,VENDOR,1,9720,13588,71,1
34086,Winter Boots,GEAR,VENDOR,1,9428,13588,69,1
34086,Winter Boots,GEAR,VENDOR,1,9239,13588,67,1
34086,Winter Boots,GEAR,VENDOR,1,10125,13588,74,1
34086,Winter Boots,GEAR,VENDOR,1,9720,13588,71,1
34086,Winter Boots,GEAR,VENDOR,1,9428,13588,69,1
34086,Winter Boots,GEAR,VENDOR,1,9239,13588,67,1
34086,Winter Boots,GEAR,VENDOR,1,10125,13588,74,1
34086,Winter Boots,GEAR,VENDOR,1,9720,13588,71,1
34086,Winter Boots,GEAR,VENDOR,1,9428,13588,69,1
34086,Winter Boots,GEAR,VENDOR,1,9239,13588,67,1
2865,Rough Bronze Leggings,GEAR,TRAINER,1,292,372,78,1
2865,Rough Bronze Leggings,GEAR,TRAINER,1,289,372,77,1
2865,Rough Bronze Leggings,GEAR,TRAINER,1,292,372,78,1
2865,Rough Bronze Leggings,GEAR,TRAINER,1,289,372,77,1
2865,Rough Bronze Leggings,GEAR,TRAINER,1,292,372,78,1
2865,Rough Bronze Leggings,GEAR,TRAINER,1,289,372,77,1
2865,Rough Bronze Leggings,GEAR,TRAINER,1,292,372,78,1
2865,Rough Bronze Leggings,GEAR,TRAINER,1,289,372,77,1
3384,Minor Magic Resistance Potion,ELIXIR_POT,DROP,20,825,470,175,0
22448,Small Prismatic Shard,INTERMEDIATE,TRAINER,20,1,0,0,0
22448,Small Prismatic Shard,INTERMEDIATE,TRAINER,13,1,0,0,0
22448,Small Prismatic Shard,INTERMEDIATE,TRAINER,3,1,0,0,0
8176,Nightscape Headband,GEAR,TRAINER,1,5633,6940,81,1
8176,Nightscape Headband,GEAR,TRAINER,1,5576,6940,80,1
8176,Nightscape Headband,GEAR,TRAINER,1,5464,6940,78,1
8176,Nightscape Headband,GEAR,TRAINER,1,5633,6940,81,1
8176,Nightscape Headband,GEAR,TRAINER,1,5576,6940,80,1
22448,Small Prismatic Shard,INTERMEDIATE,TRAINER,20,1,0,0,1
22448,Small Prismatic Shard,INTERMEDIATE,TRAINER,20,1,0,0,1
22448,Small Prismatic Shard,INTERMEDIATE,TRAINER,3,1,0,0,1
22448,Small Prismatic Shard,INTERMEDIATE,TRAINER,2,1,0,0,1
15997,Thorium Shells,AMMO,TRAINER,1000,18,22,81,1
15997,Thorium Shells,AMMO,TRAINER,1000,17,22,77,1
15997,Thorium Shells,AMMO,TRAINER,200,18,22,81,1
13423,Stonescale Oil,INTERMEDIATE,TRAINER,6,88,102,86,1
14342,Mooncloth,INTERMEDIATE,VENDOR,2,12360,15200,81,1
14342,Mooncloth,INTERMEDIATE,VENDOR,8,11742,15200,77,1
12810,Enchanted Leather,INTERMEDIATE,TRAINER,7,83640,83640,100,0
12810,Enchanted Leather,INTERMEDIATE,TRAINER,3,83640,83640,100,0
22448,Small Prismatic Shard,INTERMEDIATE,TRAINER,4,1,0,0,1
22448,Small Prismatic Shard,INTERMEDIATE,TRAINER,14,1,0,0,1
22448,Small Prismatic Shard,INTERMEDIATE,TRAINER,20,1,0,0,1
22448,Small Prismatic Shard,INTERMEDIATE,TRAINER,9,1,0,0,1
22448,Small Prismatic Shard,INTERMEDIATE,TRAINER,10,1,0,0,1
22448,Small Prismatic Shard,INTERMEDIATE,TRAINER,20,1,0,0,1
22448,Small Prismatic Shard,INTERMEDIATE,TRAINER,1,1,0,0,1
22448,Small Prismatic Shard,INTERMEDIATE,TRAINER,9,1,0,0,1
22448,Small Prismatic Shard,INTERMEDIATE,TRAINER,20,1,0,0,1
22448,Small Prismatic Shard,INTERMEDIATE,TRAINER,4,1,0,0,1
22448,Small Prismatic Shard,INTERMEDIATE,TRAINER,12,1,0,0,1
15997,Thorium Shells,AMMO,TRAINER,1000,19,22,86,1
13447,Elixir of the Sages,ELIXIR_POT,TRAINER,5,4002,4002,100,0
13447,Elixir of the Sages,ELIXIR_POT,TRAINER,3,4002,4002,100,0
5966,Guardian Gloves,GEAR,TRAINER,1,3820,4183,91,1
5966,Guardian Gloves,GEAR,TRAINER,1,3705,4183,88,1
5966,Guardian Gloves,GEAR,TRAINER,1,3667,4183,87,1
5966,Guardian Gloves,GEAR,TRAINER,1,3630,4183,86,1
5966,Guardian Gloves,GEAR,TRAINER,1,3820,4183,91,1
5966,Guardian Gloves,GEAR,TRAINER,1,3705,4183,88,1
5966,Guardian Gloves,GEAR,TRAINER,1,3667,4183,87,1
5966,Guardian Gloves,GEAR,TRAINER,1,3630,4183,86,1
5966,Guardian Gloves,GEAR,TRAINER,1,3820,4183,91,1
5966,Guardian Gloves,GEAR,TRAINER,1,3705,4183,88,1
5966,Guardian Gloves,GEAR,TRAINER,1,3667,4183,87,1
5966,Guardian Gloves,GEAR,TRAINER,1,3630,4183,86,1
5966,Guardian Gloves,GEAR,TRAINER,1,3820,4183,91,1
5966,Guardian Gloves,GEAR,TRAINER,1,3705,4183,88,1
10512,Hi-Impact Mithril Slugs,AMMO,TRAINER,1000,8,13,61,1
10512,Hi-Impact Mithril Slugs,AMMO,TRAINER,1000,7,13,53,1
10512,Hi-Impact Mithril Slugs,AMMO,TRAINER,1000,8,13,61,1
22448,Small Prismatic Shard,INTERMEDIATE,TRAINER,3,1,0,0,1
22448,Small Prismatic Shard,INTERMEDIATE,TRAINER,15,1,0,0,1
3531,Heavy Wool Bandage,MISC,TRAINER,5,210,272,77,1
19999,Bloodvine Goggles,GEAR,VENDOR,1,566118,436820,129,0
14342,Mooncloth,INTERMEDIATE,VENDOR,2,10959,15200,72,1
14342,Mooncloth,INTERMEDIATE,VENDOR,9,10739,15200,70,1
14048,Bolt of Runecloth,INTERMEDIATE,TRAINER,7,9832,11880,82,1
5966,Guardian Gloves,GEAR,TRAINER,1,3697,4183,88,1
5966,Guardian Gloves,GEAR,TRAINER,1,3623,4183,86,1
5966,Guardian Gloves,GEAR,TRAINER,1,3478,4183,83,1
5966,Guardian Gloves,GEAR,TRAINER,1,3408,4183,81,1
5966,Guardian Gloves,GEAR,TRAINER,1,3697,4183,88,1
5966,Guardian Gloves,GEAR,TRAINER,1,3623,4183,86,1
5966,Guardian Gloves,GEAR,TRAINER,1,3478,4183,83,1
5966,Guardian Gloves,GEAR,TRAINER,1,3408,4183,81,1
5966,Guardian Gloves,GEAR,TRAINER,1,3697,4183,88,1
5966,Guardian Gloves,GEAR,TRAINER,1,3623,4183,86,1
5966,Guardian Gloves,GEAR,TRAINER,1,3478,4183,83,1
5966,Guardian Gloves,GEAR,TRAINER,1,3408,4183,81,1
5966,Guardian Gloves,GEAR,TRAINER,1,3697,4183,88,1
4330,Stylish Red Shirt,GEAR,TRAINER,1,1039,1424,72,1
4330,Stylish Red Shirt,GEAR,TRAINER,1,1018,1424,71,1
4330,Stylish Red Shirt,GEAR,TRAINER,1,1039,1424,72,1
4330,Stylish Red Shirt,GEAR,TRAINER,1,1018,1424,71,1
4330,Stylish Red Shirt,GEAR,TRAINER,1,1039,1424,72,1
4330,Stylish Red Shirt,GEAR,TRAINER,1,1018,1424,71,1
4330,Stylish Red Shirt,GEAR,TRAINER,1,1039,1424,72,1
4330,Stylish Red Shirt,GEAR,TRAINER,1,1018,1424,71,1
4330,Stylish Red Shirt,GEAR,TRAINER,1,1039,1424,72,1
4330,Stylish Red Shirt,GEAR,TRAINER,1,1018,1424,71,1
4330,Stylish Red Shirt,GEAR,TRAINER,1,1039,1424,72,1
4330,Stylish Red Shirt,GEAR,TRAINER,1,1018,1424,71,1
15084,Wicked Leather Bracers,GEAR,TRAINER,1,18279,22320,81,1
15084,Wicked Leather Bracers,GEAR,TRAINER,1,17547,22320,78,1
15084,Wicked Leather Bracers,GEAR,TRAINER,1,18279,22320,81,1
15084,Wicked Leather Bracers,GEAR,TRAINER,1,17547,22320,78,1
15084,Wicked Leather Bracers,GEAR,TRAINER,1,18279,22320,81,1
15084,Wicked Leather Bracers,GEAR,TRAINER,1,17547,22320,78,1
15084,Wicked Leather Bracers,GEAR,TRAINER,1,18279,22320,81,1
15084,Wicked Leather Bracers,GEAR,TRAINER,1,17547,22320,78,1
7964,Solid Sharpening Stone,MISC,TRAINER,7,507,588,86,1
2841,Bronze Bar,INTERMEDIATE,TRAINER,20,47,62,75,1
2841,Bronze Bar,INTERMEDIATE,TRAINER,3,45,62,72,1
2841,Bronze Bar,INTERMEDIATE,TRAINER,7,47,62,75,1
10003,Black Mageweave Gloves,GEAR,TRAINER,1,9697,11996,80,1
10003,Black Mageweave Gloves,GEAR,TRAINER,1,9406,11996,78,1
10003,Black Mageweave Gloves,GEAR,TRAINER,1,8935,11996,74,1
10003,Black Mageweave Gloves,GEAR,TRAINER,1,8488,11996,70,1
10003,Black Mageweave Gloves,GEAR,TRAINER,1,9697,11996,80,1
14342,Mooncloth,INTERMEDIATE,VENDOR,7,13543,15200,89,1
13512,Flask of Supreme Power,FLASK,DROP,20,32259,11430,282,0
13512,Flask of Supreme Power,FLASK,DROP,10,31613,11430,276,0
12655,Enchanted Thorium Bar,INTERMEDIATE,TRAINER,2,46929,36825,127,0
12655,Enchanted Thorium Bar,INTERMEDIATE,TRAINER,3,45990,36825,124,0
10024,Black Mageweave Headband,GEAR,TRAINER,1,13732,15994,85,1
10024,Black Mageweave Headband,GEAR,TRAINER,1,13457,15994,84,1
10024,Black Mageweave Headband,GEAR,TRAINER,1,12784,15994,79,1
10024,Black Mageweave Headband,GEAR,TRAINER,1,13732,15994,85,1
10024,Black Mageweave Headband,GEAR,TRAINER,1,13457,15994,84,1
10024,Black Mageweave Headband,GEAR,TRAINER,1,12784,15994,79,1
10024,Black Mageweave Headband,GEAR,TRAINER,1,13732,15994,85,1
3391,Elixir of Ogre's Strength,ELIXIR_POT,DROP,5,192,237,81,1
3391,Elixir of Ogre's Strength,ELIXIR_POT,DROP,4,184,237,77,1
13423,Stonescale Oil,INTERMEDIATE,TRAINER,6,89,102,87,1
13423,Stonescale Oil,INTERMEDIATE,TRAINER,9,87,102,85,1
22448,Small Prismatic Shard,INTERMEDIATE,TRAINER,20,1,0,0,0
22448,Small Prismatic Shard,INTERMEDIATE,TRAINER,9,1,0,0,0
22448,Small Prismatic Shard,INTERMEDIATE,TRAINER,4,1,0,0,0
14043,Cindercloth Gloves,GEAR,DROP,1,37869,53308,71,1
14043,Cindercloth Gloves,GEAR,DROP,1,36354,53308,68,1
14043,Cindercloth Gloves,GEAR,DROP,1,34899,53308,65,1
14043,Cindercloth Gloves,GEAR,DROP,1,37869,53308,71,1
14043,Cindercloth Gloves,GEAR,DROP,1,36354,53308,68,1
14043,Cindercloth Gloves,GEAR,DROP,1,34899,53308,65,1
14043,Cindercloth Gloves,GEAR,DROP,1,37869,53308,71,1
14043,Cindercloth Gloves,GEAR,DROP,1,36354,53308,68,1
14043,Cindercloth Gloves,GEAR,DROP,1,34899,53308,65,1
14043,Cindercloth Gloves,GEAR,DROP,1,37869,53308,71,1
14043,Cindercloth Gloves,GEAR,DROP,1,36354,53308,68,1
13513,Flask of Chromatic Resistance,FLASK,DROP,20,35324,20250,174,0
13513,Flask of Chromatic Resistance,FLASK,DROP,5,34264,20250,169,0
13513,Flask of Chromatic Resistance,FLASK,DROP,1,33921,20250,167,0
12810,Enchanted Leather,INTERMEDIATE,TRAINER,2,94378,83640,112,0
12810,Enchanted Leather,INTERMEDIATE,TRAINER,5,93434,83640,111,0
13423,Stonescale Oil,INTERMEDIATE,TRAINER,3,74,102,72,1
13423,Stonescale Oil,INTERMEDIATE,TRAINER,2,70,102,68,1
4623,Lesser Stoneshield Potion,ELIXIR_POT,UNSOURCED,12,3761,2512,149,0
10027,Black Mageweave Shoulders,GEAR,TRAINER,1,12952,15994,80,1
10027,Black Mageweave Shoulders,GEAR,TRAINER,1,12563,15994,78,1
10027,Black Mageweave Shoulders,GEAR,TRAINER,1,12311,15994,76,1
10027,Black Mageweave Shoulders,GEAR,TRAINER,1,12952,15994,80,1
10027,Black Mageweave Shoulders,GEAR,TRAINER,1,12563,15994,78,1
10027,Black Mageweave Shoulders,GEAR,TRAINER,1,12311,15994,76,1
10027,Black Mageweave Shoulders,GEAR,TRAINER,1,12952,15994,80,1
10027,Black Mageweave Shoulders,GEAR,TRAINER,1,12563,15994,78,1
10027,Black Mageweave Shoulders,GEAR,TRAINER,1,12311,15994,76,1
10027,Black Mageweave Shoulders,GEAR,TRAINER,1,12952,15994,80,1
22448,Small Prismatic Shard,INTERMEDIATE,TRAINER,20,1,0,0,1
22448,Small Prismatic Shard,INTERMEDIATE,TRAINER,5,1,0,0,1
22448,Small Prismatic Shard,INTERMEDIATE,TRAINER,8,1,0,0,1
13423,Stonescale Oil,INTERMEDIATE,TRAINER,2,89,102,87,1
13423,Stonescale Oil,INTERMEDIATE,TRAINER,7,84,102,82,1
19999,Bloodvine Goggles,GEAR,VENDOR,1,608751,436820,139,0
19999,Bloodvine Goggles,GEAR,VENDOR,1,578313,436820,132,0
10056,Orange Mageweave Shirt,GEAR,TRAINER,1,5911,6998,84,1
10056,Orange Mageweave Shirt,GEAR,TRAINER,1,5615,6998,80,1
10056,Orange Mageweave Shirt,GEAR,TRAINER,1,5911,6998,84,1
10056,Orange Mageweave Shirt,GEAR,TRAINER,1,5615,6998,80,1
10056,Orange Mageweave Shirt,GEAR,TRAINER,1,5911,6998,84,1
10056,Orange Mageweave Shirt,GEAR,TRAINER,1,5615,6998,80,1
10056,Orange Mageweave Shirt,GEAR,TRAINER,1,5911,6998,84,1
10056,Orange Mageweave Shirt,GEAR,TRAINER,1,5615,6998,80,1
10056,Orange Mageweave Shirt,GEAR,TRAINER,1,5911,6998,84,1
7964,Solid Sharpening Stone,MISC,TRAINER,9,470,588,79,1
13423,Stonescale Oil,INTERMEDIATE,TRAINER,1,83,102,81,1
13423,Stonescale Oil,INTERMEDIATE,TRAINER,6,82,102,80,1
12810,Enchanted Leather,INTERMEDIATE,TRAINER,9,110972,83640,132,0
12810,Enchanted Leather,INTERMEDIATE,TRAINER,2,105423,83640,126,0
15997,Thorium Shells,AMMO,TRAINER,1000,18,22,81,1
15997,Thorium Shells,AMMO,TRAINER,1000,17,22,77,1
6836,Dress Shoes,GEAR,VENDOR,1,14040,18368,76,1
6836,Dress Shoes,GEAR,VENDOR,1,13338,18368,72,1
6836,Dress Shoes,GEAR,VENDOR,1,14040,18368,76,1
6836,Dress Shoes,GEAR,VENDOR,1,13338,18368,72,1
6836,Dress Shoes,GEAR,VENDOR,1,14040,18368,76,1
6836,Dress Shoes,GEAR,VENDOR,1,13338,18368,72,1
6836,Dress Shoes,GEAR,VENDOR,1,14040,18368,76,1
13512,Flask of Supreme Power,FLASK,DROP,16,30467,11430,266,0
15564,Rugged Armor Kit,MISC,TRAINER,10,9143,10200,89,1
15564,Rugged Armor Kit,MISC,TRAINER,4,8960,10200,87,1
13423,Stonescale Oil,INTERMEDIATE,TRAINER,5,71,102,69,1
15407,Cured Rugged Hide,INTERMEDIATE,TRAINER,5,7749,9060,85,1
15407,Cured Rugged Hide,INTERMEDIATE,TRAINER,2,7361,9060,81,1
15997,Thorium Shells,AMMO,TRAINER,1000,15,22,68,1
15997,Thorium Shells,AMMO,TRAINER,1000,14,22,63,1
15997,Thorium Shells,AMMO,TRAINER,600,13,22,59,1
13512,Flask of Supreme Power,FLASK,DROP,18,20497,11430,179,0
13423,Stonescale Oil,INTERMEDIATE,TRAINER,6,92,102,90,1
13423,Stonescale Oil,INTERMEDIATE,TRAINER,2,88,102,86,1
10008,White Bandit Mask,GEAR,DROP,1,5413,6023,89,1
10008,White Bandit Mask,GEAR,DROP,1,5196,6023,86,1
10008,White Bandit Mask,GEAR,DROP,1,5413,6023,89,1
10008,White Bandit Mask,GEAR,DROP,1,5196,6023,86,1
10008,White Bandit Mask,GEAR,DROP,1,5413,6023,89,1
10008,White Bandit Mask,GEAR,DROP,1,5196,6023,86,1
10008,White Bandit Mask,GEAR,DROP,1,5413,6023,89,1
10008,White Bandit Mask,GEAR,DROP,1,5196,6023,86,1
14155,Mooncloth Bag,BAG,DROP,1,55379,59935,92,1
14155,Mooncloth Bag,BAG,DROP,1,54271,59935,90,1
14155,Mooncloth Bag,BAG,DROP,1,53728,59935,89,1
14155,Mooncloth Bag,BAG,DROP,1,51041,59935,85,1
14155,Mooncloth Bag,BAG,DROP,1,55379,59935,92,1
14155,Mooncloth Bag,BAG,DROP,1,54271,59935,90,1
14155,Mooncloth Bag,BAG,DROP,1,53728,59935,89,1
14155,Mooncloth Bag,BAG,DROP,1,51041,59935,85,1
22445,Arcane Dust,INTERMEDIATE,UNSOURCED,20,3449,5013,68,1
22445,Arcane Dust,INTERMEDIATE,UNSOURCED,1,3414,5013,68,1
21341,Felcloth Bag,BAG,UNSOURCED,1,529280,199240,265,0
21341,Felcloth Bag,BAG,UNSOURCED,1,513401,199240,257,0
21341,Felcloth Bag,BAG,UNSOURCED,1,503132,199240,252,0
4314,Double-stitched Woolen Shoulders,GEAR,TRAINER,1,1282,1424,90,1
4314,Double-stitched Woolen Shoulders,GEAR,TRAINER,1,1230,1424,86,1
4314,Double-stitched Woolen Shoulders,GEAR,TRAINER,1,1205,1424,84,1
4314,Double-stitched Woolen Shoulders,GEAR,TRAINER,1,1168,1424,82,1
4314,Double-stitched Woolen Shoulders,GEAR,TRAINER,1,1282,1424,90,1
4314,Double-stitched Woolen Shoulders,GEAR,TRAINER,1,1230,1424,86,1
4314,Double-stitched Woolen Shoulders,GEAR,TRAINER,1,1205,1424,84,1
4314,Double-stitched Woolen Shoulders,GEAR,TRAINER,1,1168,1424,82,1
4314,Double-stitched Woolen Shoulders,GEAR,TRAINER,1,1282,1424,90,1
4314,Double-stitched Woolen Shoulders,GEAR,TRAINER,1,1230,1424,86,1
10056,Orange Mageweave Shirt,GEAR,TRAINER,1,6165,6998,88,1
10056,Orange Mageweave Shirt,GEAR,TRAINER,1,5918,6998,84,1
10056,Orange Mageweave Shirt,GEAR,TRAINER,1,5799,6998,82,1
10056,Orange Mageweave Shirt,GEAR,TRAINER,1,6165,6998,88,1
10056,Orange Mageweave Shirt,GEAR,TRAINER,1,5918,6998,84,1
10056,Orange Mageweave Shirt,GEAR,TRAINER,1,5799,6998,82,1
10056,Orange Mageweave Shirt,GEAR,TRAINER,1,6165,6998,88,1
10056,Orange Mageweave Shirt,GEAR,TRAINER,1,5918,6998,84,1
10056,Orange Mageweave Shirt,GEAR,TRAINER,1,5799,6998,82,1
10056,Orange Mageweave Shirt,GEAR,TRAINER,1,6165,6998,88,1
10056,Orange Mageweave Shirt,GEAR,TRAINER,1,5918,6998,84,1
8069,Crafted Solid Shot,AMMO,TRAINER,1000,1,2,50,1
14342,Mooncloth,INTERMEDIATE,VENDOR,6,15266,15200,100,1
14342,Mooncloth,INTERMEDIATE,VENDOR,9,14808,15200,97,1
22448,Small Prismatic Shard,INTERMEDIATE,TRAINER,10,1,0,0,1
22448,Small Prismatic Shard,INTERMEDIATE,TRAINER,5,1,0,0,1
13423,Stonescale Oil,INTERMEDIATE,TRAINER,2,99,102,97,1
13423,Stonescale Oil,INTERMEDIATE,TRAINER,9,95,102,93,1
22448,Small Prismatic Shard,INTERMEDIATE,TRAINER,20,1,0,0,1
22448,Small Prismatic Shard,INTERMEDIATE,TRAINER,2,1,0,0,1
22448,Small Prismatic Shard,INTERMEDIATE,TRAINER,2,1,0,0,1
7964,Solid Sharpening Stone,MISC,TRAINER,5,443,588,75,1
12404,Dense Sharpening Stone,MISC,TRAINER,15,1228,1440,85,1
22448,Small Prismatic Shard,INTERMEDIATE,TRAINER,20,1,0,0,1
22448,Small Prismatic Shard,INTERMEDIATE,TRAINER,16,1,0,0,1
8173,Thick Armor Kit,MISC,TRAINER,10,5192,6440,80,1
8173,Thick Armor Kit,MISC,TRAINER,2,5140,6440,79,1
10036,Tuxedo Jacket,GEAR,VENDOR,1,18738,25990,72,1
10036,Tuxedo Jacket,GEAR,VENDOR,1,17988,25990,69,1
10036,Tuxedo Jacket,GEAR,VENDOR,1,17808,25990,68,1
10036,Tuxedo Jacket,GEAR,VENDOR,1,18738,25990,72,1
10036,Tuxedo Jacket,GEAR,VENDOR,1,17988,25990,69,1
10036,Tuxedo Jacket,GEAR,VENDOR,1,17808,25990,68,1
13423,Stonescale Oil,INTERMEDIATE,TRAINER,1,87,102,85,1
13423,Stonescale Oil,INTERMEDIATE,TRAINER,6,85,102,83,1
13511,Flask of Distilled Wisdom,FLASK,DROP,5,38852,13430,289,0
13511,Flask of Distilled Wisdom,FLASK,DROP,20,37686,13430,280,0
13511,Flask of Distilled Wisdom,FLASK,DROP,15,37309,13430,277,0
22448,Small Prismatic Shard,INTERMEDIATE,TRAINER,20,1,0,0,1
22448,Small Prismatic Shard,INTERMEDIATE,TRAINER,10,1,0,0,1
22448,Small Prismatic Shard,INTERMEDIATE,TRAINER,9,1,0,0,1
9999,Black Mageweave Leggings,GEAR,TRAINER,1,8477,9496,89,1
9999,Black Mageweave Leggings,GEAR,TRAINER,1,8137,9496,85,1
9999,Black Mageweave Leggings,GEAR,TRAINER,1,8055,9496,84,1
9999,Black Mageweave Leggings,GEAR,TRAINER,1,7813,9496,82,1
9999,Black Mageweave Leggings,GEAR,TRAINER,1,8477,9496,89,1
9999,Black Mageweave Leggings,GEAR,TRAINER,1,8137,9496,85,1
9999,Black Mageweave Leggings,GEAR,TRAINER,1,8055,9496,84,1
9999,Black Mageweave Leggings,GEAR,TRAINER,1,7813,9496,82,1
9999,Black Mageweave Leggings,GEAR,TRAINER,1,8477,9496,89,1
6787,White Woolen Dress,GEAR,TRAINER,1,1157,1424,81,1
6787,White Woolen Dress,GEAR,TRAINER,1,1133,1424,79,1
6787,White Woolen Dress,GEAR,TRAINER,1,1157,1424,81,1
6787,White Woolen Dress,GEAR,TRAINER,1,1133,1424,79,1
6787,White Woolen Dress,GEAR,TRAINER,1,1157,1424,81,1
6787,White Woolen Dress,GEAR,TRAINER,1,1133,1424,79,1
6787,White Woolen Dress,GEAR,TRAINER,1,1157,1424,81,1
6787,White Woolen Dress,GEAR,TRAINER,1,1133,1424,79,1
6787,White Woolen Dress,GEAR,TRAINER,1,1157,1424,81,1
6787,White Woolen Dress,GEAR,TRAINER,1,1133,1424,79,1
6787,White Woolen Dress,GEAR,TRAINER,1,1157,1424,81,1
6787,White Woolen Dress,GEAR,TRAINER,1,1133,1424,79,1
2868,Patterned Bronze Bracers,GEAR,TRAINER,1,313,430,72,1
2868,Patterned Bronze Bracers,GEAR,TRAINER,1,297,430,69,1
2868,Patterned Bronze Bracers,GEAR,TRAINER,1,313,430,72,1
2868,Patterned Bronze Bracers,GEAR,TRAINER,1,297,430,69,1
2868,Patterned Bronze Bracers,GEAR,TRAINER,1,313,430,72,1
2868,Patterned Bronze Bracers,GEAR,TRAINER,1,297,430,69,1
2868,Patterned Bronze Bracers,GEAR,TRAINER,1,313,430,72,1
2868,Patterned Bronze Bracers,GEAR,TRAINER,1,297,430,69,1
2868,Patterned Bronze Bracers,GEAR,TRAINER,1,313,430,72,1
2868,Patterned Bronze Bracers,GEAR,TRAINER,1,297,430,69,1
2868,Patterned Bronze Bracers,GEAR,TRAINER,1,313,430,72,1
15085,Wicked Leather Armor,GEAR,TRAINER,1,128153,114098,112,0
15085,Wicked Leather Armor,GEAR,TRAINER,1,126871,114098,111,0
12404,Dense Sharpening Stone,MISC,TRAINER,15,1191,1440,82,1
22448,Small Prismatic Shard,INTERMEDIATE,TRAINER,20,1,0,0,1
22448,Small Prismatic Shard,INTERMEDIATE,TRAINER,9,1,0,0,1
22448,Small Prismatic Shard,INTERMEDIATE,TRAINER,4,1,0,0,1
15997,Thorium Shells,AMMO,TRAINER,1000,14,22,63,1
15997,Thorium Shells,AMMO,TRAINER,1000,13,22,59,1
15997,Thorium Shells,AMMO,TRAINER,600,14,22,63,1
10512,Hi-Impact Mithril Slugs,AMMO,TRAINER,1000,9,13,69,1
10512,Hi-Impact Mithril Slugs,AMMO,TRAINER,200,8,13,61,1
13423,Stonescale Oil,INTERMEDIATE,TRAINER,4,87,102,85,1
13423,Stonescale Oil,INTERMEDIATE,TRAINER,9,83,102,81,1
10512,Hi-Impact Mithril Slugs,AMMO,TRAINER,600,16,13,123,0
4333,Dark Silk Shirt,GEAR,VENDOR,1,4800,5552,86,1
4333,Dark Silk Shirt,GEAR,VENDOR,1,4608,5552,82,1
4333,Dark Silk Shirt,GEAR,VENDOR,1,4469,5552,80,1
4333,Dark Silk Shirt,GEAR,VENDOR,1,4379,5552,78,1
4333,Dark Silk Shirt,GEAR,VENDOR,1,4800,5552,86,1
4333,Dark Silk Shirt,GEAR,VENDOR,1,4608,5552,82,1
22448,Small Prismatic Shard,INTERMEDIATE,TRAINER,20,1,0,0,1
22448,Small Prismatic Shard,INTERMEDIATE,TRAINER,1,1,0,0,1
10513,Mithril Gyro-Shot,AMMO,TRAINER,1000,19,26,73,1
10513,Mithril Gyro-Shot,AMMO,TRAINER,400,18,26,69,1
20749,Brilliant Wizard Oil,MISC,VENDOR,1,286819,228615,125,0
13423,Stonescale Oil,INTERMEDIATE,TRAINER,13,105,102,102,0
13423,Stonescale Oil,INTERMEDIATE,TRAINER,2,103,102,100,0
8170,Rugged Leather,INTERMEDIATE,TRAINER,7,5727,7128,80,1
8170,Rugged Leather,INTERMEDIATE,TRAINER,6,5555,7128,77,1
6787,White Woolen Dress,GEAR,TRAINER,1,940,1424,66,1
6787,White Woolen Dress,GEAR,TRAINER,1,930,1424,65,1
6787,White Woolen Dress,GEAR,TRAINER,1,940,1424,66,1
6787,White Woolen Dress,GEAR,TRAINER,1,930,1424,65,1
6787,White Woolen Dress,GEAR,TRAINER,1,940,1424,66,1
6787,White Woolen Dress,GEAR,TRAINER,1,930,1424,65,1
6787,White Woolen Dress,GEAR,TRAINER,1,940,1424,66,1
6787,White Woolen Dress,GEAR,TRAINER,1,930,1424,65,1
6787,White Woolen Dress,GEAR,TRAINER,1,940,1424,66,1
6787,White Woolen Dress,GEAR,TRAINER,1,930,1424,65,1
6787,White Woolen Dress,GEAR,TRAINER,1,940,1424,66,1
6787,White Woolen Dress,GEAR,TRAINER,1,930,1424,65,1
6787,White Woolen Dress,GEAR,TRAINER,1,940,1424,66,1
10008,White Bandit Mask,GEAR,DROP,1,5480,6023,90,1
10008,White Bandit Mask,GEAR,DROP,1,5425,6023,90,1
10008,White Bandit Mask,GEAR,DROP,1,5262,6023,87,1
10008,White Bandit Mask,GEAR,DROP,1,5209,6023,86,1
10008,White Bandit Mask,GEAR,DROP,1,5480,6023,90,1
3391,Elixir of Ogre's Strength,ELIXIR_POT,DROP,5,195,237,82,1
3391,Elixir of Ogre's Strength,ELIXIR_POT,DROP,5,189,237,79,1
15997,Thorium Shells,AMMO,TRAINER,1000,16,22,72,1
15997,Thorium Shells,AMMO,TRAINER,200,15,22,68,1
8170,Rugged Leather,INTERMEDIATE,TRAINER,3,5213,7128,73,1
8170,Rugged Leather,INTERMEDIATE,TRAINER,11,5056,7128,70,1
10512,Hi-Impact Mithril Slugs,AMMO,TRAINER,800,13,13,100,0
13506,Potion of Petrification,ELIXIR_POT,DROP,5,609,607,100,1
13506,Potion of Petrification,ELIXIR_POT,DROP,5,584,607,96,1
13506,Potion of Petrification,ELIXIR_POT,DROP,18,572,607,94,1
3859,Steel Bar,INTERMEDIATE,TRAINER,11,1081,1400,77,1
22574,Mote of Fire,INTERMEDIATE,TRAINER,10,4078,3200,127,0
22574,Mote of Fire,INTERMEDIATE,TRAINER,10,3874,3200,121,0
22574,Mote of Fire,INTERMEDIATE,TRAINER,10,3757,3200,117,0
22574,Mote of Fire,INTERMEDIATE,TRAINER,10,3644,3200,113,0
22574,Mote of Fire,INTERMEDIATE,TRAINER,10,4078,3200,127,0
22574,Mote of Fire,INTERMEDIATE,TRAINER,10,3874,3200,121,0
22574,Mote of Fire,INTERMEDIATE,TRAINER,3,3757,3200,117,0
22574,Mote of Fire,INTERMEDIATE,TRAINER,7,3644,3200,113,0
5763,Red Woolen Bag,BAG,VENDOR,1,2177,1782,122,0
12655,Enchanted Thorium Bar,INTERMEDIATE,TRAINER,6,37329,36825,101,0
12655,Enchanted Thorium Bar,INTERMEDIATE,TRAINER,3,36825,36825,100,0
18251,Core Armor Kit,MISC,DROP,3,79542,28000,284,0
22448,Small Prismatic Shard,INTERMEDIATE,TRAINER,20,1,0,0,1
22448,Small Prismatic Shard,INTERMEDIATE,TRAINER,5,1,0,0,1
22448,Small Prismatic Shard,INTERMEDIATE,TRAINER,2,1,0,0,1
8172,Cured Thick Hide,INTERMEDIATE,TRAINER,5,3296,4545,72,1
12810,Enchanted Leather,INTERMEDIATE,TRAINER,2,93091,83640,111,0
12810,Enchanted Leather,INTERMEDIATE,TRAINER,6,89367,83640,106,0
10036,Tuxedo Jacket,GEAR,VENDOR,1,18082,25990,69,1
10036,Tuxedo Jacket,GEAR,VENDOR,1,17539,25990,67,1
10036,Tuxedo Jacket,GEAR,VENDOR,1,17188,25990,66,1
10036,Tuxedo Jacket,GEAR,VENDOR,1,18082,25990,69,1
10036,Tuxedo Jacket,GEAR,VENDOR,1,17539,25990,67,1
10036,Tuxedo Jacket,GEAR,VENDOR,1,17188,25990,66,1
10036,Tuxedo Jacket,GEAR,VENDOR,1,18082,25990,69,1
10036,Tuxedo Jacket,GEAR,VENDOR,1,17539,25990,67,1
10036,Tuxedo Jacket,GEAR,VENDOR,1,17188,25990,66,1
10008,White Bandit Mask,GEAR,DROP,1,4509,6023,74,1
10008,White Bandit Mask,GEAR,DROP,1,4418,6023,73,1
10008,White Bandit Mask,GEAR,DROP,1,4241,6023,70,1
10008,White Bandit Mask,GEAR,DROP,1,4509,6023,74,1
10008,White Bandit Mask,GEAR,DROP,1,4418,6023,73,1
10008,White Bandit Mask,GEAR,DROP,1,4241,6023,70,1
10008,White Bandit Mask,GEAR,DROP,1,4509,6023,74,1
10008,White Bandit Mask,GEAR,DROP,1,4418,6023,73,1
10008,White Bandit Mask,GEAR,DROP,1,4241,6023,70,1
10008,White Bandit Mask,GEAR,DROP,1,4509,6023,74,1
10008,White Bandit Mask,GEAR,DROP,1,4418,6023,73,1
10008,White Bandit Mask,GEAR,DROP,1,4241,6023,70,1
14045,Cindercloth Pants,GEAR,DROP,1,65504,70702,92,1
14045,Cindercloth Pants,GEAR,DROP,1,62883,70702,88,1
14045,Cindercloth Pants,GEAR,DROP,1,60367,70702,85,1
14045,Cindercloth Pants,GEAR,DROP,1,59159,70702,83,1
14045,Cindercloth Pants,GEAR,DROP,1,65504,70702,92,1
14045,Cindercloth Pants,GEAR,DROP,1,62883,70702,88,1
22448,Small Prismatic Shard,INTERMEDIATE,TRAINER,20,1,0,0,1
22448,Small Prismatic Shard,INTERMEDIATE,TRAINER,7,1,0,0,1
22448,Small Prismatic Shard,INTERMEDIATE,TRAINER,3,1,0,0,1
8069,Crafted Solid Shot,AMMO,TRAINER,1000,1,2,50,1
8069,Crafted Solid Shot,AMMO,TRAINER,1000,1,2,50,1
8069,Crafted Solid Shot,AMMO,TRAINER,400,1,2,50,1
14342,Mooncloth,INTERMEDIATE,VENDOR,7,13406,15200,88,1
14342,Mooncloth,INTERMEDIATE,VENDOR,5,11628,15200,76,1
14342,Mooncloth,INTERMEDIATE,VENDOR,1,11395,15200,74,1
6450,Silk Bandage,MISC,TRAINER,12,441,594,74,1
13423,Stonescale Oil,INTERMEDIATE,TRAINER,5,83,102,81,1
9998,Black Mageweave Vest,GEAR,TRAINER,1,7349,9496,77,1
9998,Black Mageweave Vest,GEAR,TRAINER,1,6981,9496,73,1
9998,Black Mageweave Vest,GEAR,TRAINER,1,7349,9496,77,1
9998,Black Mageweave Vest,GEAR,TRAINER,1,6981,9496,73,1
9998,Black Mageweave Vest,GEAR,TRAINER,1,7349,9496,77,1
9998,Black Mageweave Vest,GEAR,TRAINER,1,6981,9496,73,1
9998,Black Mageweave Vest,GEAR,TRAINER,1,7349,9496,77,1
9998,Black Mageweave Vest,GEAR,TRAINER,1,6981,9496,73,1
9998,Black Mageweave Vest,GEAR,TRAINER,1,7349,9496,77,1
9998,Black Mageweave Vest,GEAR,TRAINER,1,6981,9496,73,1
9998,Black Mageweave Vest,GEAR,TRAINER,1,7349,9496,77,1
9998,Black Mageweave Vest,GEAR,TRAINER,1,6981,9496,73,1
9998,Black Mageweave Vest,GEAR,TRAINER,1,7349,9496,77,1
9998,Black Mageweave Vest,GEAR,TRAINER,1,6981,9496,73,1
14048,Bolt of Runecloth,INTERMEDIATE,TRAINER,7,9140,11880,76,1
14048,Bolt of Runecloth,INTERMEDIATE,TRAINER,3,8957,11880,75,1
7964,Solid Sharpening Stone,MISC,TRAINER,7,422,588,71,1
14156,Bottomless Bag,BAG,DROP,1,1384569,483980,286,0
14156,Bottomless Bag,BAG,DROP,1,1356877,483980,280,0
44840,Cranberry Chutney,FOOD,DROP,5,5,8,62,1
44840,Cranberry Chutney,FOOD,DROP,5,4,8,50,1
44840,Cranberry Chutney,FOOD,DROP,2,4,8,50,1
11605,Dark Iron Shoulders,GEAR,DROP,1,20632,23856,86,1
11605,Dark Iron Shoulders,GEAR,DROP,1,19600,23856,82,1
11605,Dark Iron Shoulders,GEAR,DROP,1,18816,23856,78,1
11605,Dark Iron Shoulders,GEAR,DROP,1,20632,23856,86,1
11605,Dark Iron Shoulders,GEAR,DROP,1,19600,23856,82,1
11605,Dark Iron Shoulders,GEAR,DROP,1,18816,23856,78,1
11605,Dark Iron Shoulders,GEAR,DROP,1,20632,23856,86,1
11605,Dark Iron Shoulders,GEAR,DROP,1,19600,23856,82,1
11605,Dark Iron Shoulders,GEAR,DROP,1,18816,23856,78,1
3389,Elixir of Defense,ELIXIR_POT,TRAINER,15,1119,902,124,0
22448,Small Prismatic Shard,INTERMEDIATE,TRAINER,20,1,0,0,1
22448,Small Prismatic Shard,INTERMEDIATE,TRAINER,10,1,0,0,1
22448,Small Prismatic Shard,INTERMEDIATE,TRAINER,9,1,0,0,1
15997,Thorium Shells,AMMO,TRAINER,1000,21,22,95,1
15997,Thorium Shells,AMMO,TRAINER,1000,20,22,90,1
15997,Thorium Shells,AMMO,TRAINER,1000,19,22,86,1
13863,Runecloth Gloves,GEAR,TRAINER,1,47310,54700,86,1
13863,Runecloth Gloves,GEAR,TRAINER,1,45890,54700,83,1
13863,Runecloth Gloves,GEAR,TRAINER,1,47310,54700,86,1
13863,Runecloth Gloves,GEAR,TRAINER,1,45890,54700,83,1
13863,Runecloth Gloves,GEAR,TRAINER,1,47310,54700,86,1
13863,Runecloth Gloves,GEAR,TRAINER,1,45890,54700,83,1
13863,Runecloth Gloves,GEAR,TRAINER,1,47310,54700,86,1
13863,Runecloth Gloves,GEAR,TRAINER,1,45890,54700,83,1
13863,Runecloth Gloves,GEAR,TRAINER,1,47310,54700,86,1
22445,Arcane Dust,INTERMEDIATE,UNSOURCED,20,10673,5013,212,0
22445,Arcane Dust,INTERMEDIATE,UNSOURCED,20,10459,5013,208,0
22445,Arcane Dust,INTERMEDIATE,UNSOURCED,5,10145,5013,202,0
11605,Dark Iron Shoulders,GEAR,DROP,1,20622,23856,86,1
11605,Dark Iron Shoulders,GEAR,DROP,1,19797,23856,82,1
11605,Dark Iron Shoulders,GEAR,DROP,1,20622,23856,86,1
11605,Dark Iron Shoulders,GEAR,DROP,1,19797,23856,82,1
11605,Dark Iron Shoulders,GEAR,DROP,1,20622,23856,86,1
11605,Dark Iron Shoulders,GEAR,DROP,1,19797,23856,82,1
11605,Dark Iron Shoulders,GEAR,DROP,1,20622,23856,86,1
10513,Mithril Gyro-Shot,AMMO,TRAINER,1000,26,26,100,1
10513,Mithril Gyro-Shot,AMMO,TRAINER,1000,25,26,96,1
10513,Mithril Gyro-Shot,AMMO,TRAINER,200,26,26,100,1
13423,Stonescale Oil,INTERMEDIATE,TRAINER,6,85,102,83,1
13423,Stonescale Oil,INTERMEDIATE,TRAINER,6,84,102,82,1
5966,Guardian Gloves,GEAR,TRAINER,1,3218,4183,76,1
5966,Guardian Gloves,GEAR,TRAINER,1,3121,4183,74,1
5966,Guardian Gloves,GEAR,TRAINER,1,3218,4183,76,1
5966,Guardian Gloves,GEAR,TRAINER,1,3121,4183,74,1
5966,Guardian Gloves,GEAR,TRAINER,1,3218,4183,76,1
5966,Guardian Gloves,GEAR,TRAINER,1,3121,4183,74,1
5966,Guardian Gloves,GEAR,TRAINER,1,3218,4183,76,1
5966,Guardian Gloves,GEAR,TRAINER,1,3121,4183,74,1
5966,Guardian Gloves,GEAR,TRAINER,1,3218,4183,76,1
5966,Guardian Gloves,GEAR,TRAINER,1,3121,4183,74,1
5966,Guardian Gloves,GEAR,TRAINER,1,3218,4183,76,1
5966,Guardian Gloves,GEAR,TRAINER,1,3121,4183,74,1
5966,Guardian Gloves,GEAR,TRAINER,1,3218,4183,76,1
6836,Dress Shoes,GEAR,VENDOR,1,14330,18368,78,1
6836,Dress Shoes,GEAR,VENDOR,1,13900,18368,75,1
6836,Dress Shoes,GEAR,VENDOR,1,13483,18368,73,1
6836,Dress Shoes,GEAR,VENDOR,1,14330,18368,78,1
6836,Dress Shoes,GEAR,VENDOR,1,13900,18368,75,1
18262,Elemental Sharpening Stone,MISC,DROP,9,7962,9216,86,1
10050,Mageweave Bag,BAG,TRAINER,1,19625,16992,115,0
10512,Hi-Impact Mithril Slugs,AMMO,TRAINER,1000,8,13,61,1
9998,Black Mageweave Vest,GEAR,TRAINER,1,7682,9496,80,1
9998,Black Mageweave Vest,GEAR,TRAINER,1,7451,9496,78,1
9998,Black Mageweave Vest,GEAR,TRAINER,1,7078,9496,74,1
9998,Black Mageweave Vest,GEAR,TRAINER,1,6794,9496,71,1
9998,Black Mageweave Vest,GEAR,TRAINER,1,7682,9496,80,1
9998,Black Mageweave Vest,GEAR,TRAINER,1,7451,9496,78,1
9998,Black Mageweave Vest,GEAR,TRAINER,1,7078,9496,74,1
10008,White Bandit Mask,GEAR,DROP,1,5593,6023,92,1
10008,White Bandit Mask,GEAR,DROP,1,5313,6023,88,1
10008,White Bandit Mask,GEAR,DROP,1,5259,6023,87,1
10008,White Bandit Mask,GEAR,DROP,1,5101,6023,84,1
10008,White Bandit Mask,GEAR,DROP,1,5593,6023,92,1
10008,White Bandit Mask,GEAR,DROP,1,5313,6023,88,1
10008,White Bandit Mask,GEAR,DROP,1,5259,6023,87,1
10008,White Bandit Mask,GEAR,DROP,1,5928,6023,98,1
10008,White Bandit Mask,GEAR,DROP,1,5690,6023,94,1
10008,White Bandit Mask,GEAR,DROP,1,5928,6023,98,1
10008,White Bandit Mask,GEAR,DROP,1,5690,6023,94,1
10008,White Bandit Mask,GEAR,DROP,1,5928,6023,98,1
10008,White Bandit Mask,GEAR,DROP,1,5690,6023,94,1
10008,White Bandit Mask,GEAR,DROP,1,5928,6023,98,1
10008,White Bandit Mask,GEAR,DROP,1,5690,6023,94,1
10008,White Bandit Mask,GEAR,DROP,1,5928,6023,98,1
15997,Thorium Shells,AMMO,TRAINER,1000,14,22,63,1
15997,Thorium Shells,AMMO,TRAINER,200,13,22,59,1
14048,Bolt of Runecloth,INTERMEDIATE,TRAINER,7,8821,11880,74,1
14048,Bolt of Runecloth,INTERMEDIATE,TRAINER,1,8556,11880,72,1
4314,Double-stitched Woolen Shoulders,GEAR,TRAINER,1,1146,1424,80,1
4314,Double-stitched Woolen Shoulders,GEAR,TRAINER,1,1111,1424,78,1
4314,Double-stitched Woolen Shoulders,GEAR,TRAINER,1,1077,1424,75,1
4314,Double-stitched Woolen Shoulders,GEAR,TRAINER,1,1033,1424,72,1
4314,Double-stitched Woolen Shoulders,GEAR,TRAINER,1,1146,1424,80,1
4314,Double-stitched Woolen Shoulders,GEAR,TRAINER,1,1111,1424,78,1
4314,Double-stitched Woolen Shoulders,GEAR,TRAINER,1,1077,1424,75,1
4314,Double-stitched Woolen Shoulders,GEAR,TRAINER,1,1033,1424,72,1
4314,Double-stitched Woolen Shoulders,GEAR,TRAINER,1,1146,1424,80,1
4314,Double-stitched Woolen Shoulders,GEAR,TRAINER,1,1111,1424,78,1
4314,Double-stitched Woolen Shoulders,GEAR,TRAINER,1,1077,1424,75,1
4314,Double-stitched Woolen Shoulders,GEAR,TRAINER,1,1033,1424,72,1
4314,Double-stitched Woolen Shoulders,GEAR,TRAINER,1,1146,1424,80,1
4314,Double-stitched Woolen Shoulders,GEAR,TRAINER,1,1111,1424,78,1
38277,Haliscan Jacket,GEAR,VENDOR,1,22616,28040,80,1
38277,Haliscan Jacket,GEAR,VENDOR,1,22389,28040,79,1
38277,Haliscan Jacket,GEAR,VENDOR,1,22616,28040,80,1
38277,Haliscan Jacket,GEAR,VENDOR,1,22389,28040,79,1
38277,Haliscan Jacket,GEAR,VENDOR,1,22616,28040,80,1
38277,Haliscan Jacket,GEAR,VENDOR,1,22389,28040,79,1
38277,Haliscan Jacket,GEAR,VENDOR,1,22616,28040,80,1
38277,Haliscan Jacket,GEAR,VENDOR,1,22389,28040,79,1
38277,Haliscan Jacket,GEAR,VENDOR,1,22616,28040,80,1
38277,Haliscan Jacket,GEAR,VENDOR,1,22389,28040,79,1
38277,Haliscan Jacket,GEAR,VENDOR,1,22616,28040,80,1
38277,Haliscan Jacket,GEAR,VENDOR,1,22389,28040,79,1
38277,Haliscan Jacket,GEAR,VENDOR,1,22616,28040,80,1
38277,Haliscan Jacket,GEAR,VENDOR,1,22389,28040,79,1
38277,Haliscan Jacket,GEAR,VENDOR,1,22616,28040,80,1
10056,Orange Mageweave Shirt,GEAR,TRAINER,1,6675,6998,95,1
10056,Orange Mageweave Shirt,GEAR,TRAINER,1,6474,6998,92,1
10056,Orange Mageweave Shirt,GEAR,TRAINER,1,6150,6998,87,1
10056,Orange Mageweave Shirt,GEAR,TRAINER,1,6027,6998,86,1
10056,Orange Mageweave Shirt,GEAR,TRAINER,1,6675,6998,95,1
10056,Orange Mageweave Shirt,GEAR,TRAINER,1,6474,6998,92,1
10056,Orange Mageweave Shirt,GEAR,TRAINER,1,6150,6998,87,1
10056,Orange Mageweave Shirt,GEAR,TRAINER,1,6027,6998,86,1
10056,Orange Mageweave Shirt,GEAR,TRAINER,1,6675,6998,95,1
10056,Orange Mageweave Shirt,GEAR,TRAINER,1,6474,6998,92,1
10056,Orange Mageweave Shirt,GEAR,TRAINER,1,6150,6998,87,1
10056,Orange Mageweave Shirt,GEAR,TRAINER,1,6027,6998,86,1
10056,Orange Mageweave Shirt,GEAR,TRAINER,1,6675,6998,95,1
22448,Small Prismatic Shard,INTERMEDIATE,TRAINER,20,1,0,0,0
22448,Small Prismatic Shard,INTERMEDIATE,TRAINER,20,1,0,0,0
22448,Small Prismatic Shard,INTERMEDIATE,TRAINER,1,1,0,0,0
22448,Small Prismatic Shard,INTERMEDIATE,TRAINER,1,1,0,0,0
20746,Lesser Wizard Oil,MISC,VENDOR,1,20290,18480,109,0
20746,Lesser Wizard Oil,MISC,VENDOR,1,19681,18480,106,0
20746,Lesser Wizard Oil,MISC,VENDOR,1,19287,18480,104,0
22448,Small Prismatic Shard,INTERMEDIATE,TRAINER,20,1,0,0,1
22448,Small Prismatic Shard,INTERMEDIATE,TRAINER,20,1,0,0,1
22448,Small Prismatic Shard,INTERMEDIATE,TRAINER,5,1,0,0,1
15997,Thorium Shells,AMMO,TRAINER,1000,16,22,72,1
15997,Thorium Shells,AMMO,TRAINER,800,15,22,68,1
8195,Nightscape Cloak,GEAR,UNSOURCED,1,13281,16256,81,1
8195,Nightscape Cloak,GEAR,UNSOURCED,1,13015,16256,80,1
8195,Nightscape Cloak,GEAR,UNSOURCED,1,12624,16256,77,1
8195,Nightscape Cloak,GEAR,UNSOURCED,1,13281,16256,81,1
8195,Nightscape Cloak,GEAR,UNSOURCED,1,13015,16256,80,1
8195,Nightscape Cloak,GEAR,UNSOURCED,1,12624,16256,77,1
8195,Nightscape Cloak,GEAR,UNSOURCED,1,13281,16256,81,1
8195,Nightscape Cloak,GEAR,UNSOURCED,1,13015,16256,80,1
8195,Nightscape Cloak,GEAR,UNSOURCED,1,12624,16256,77,1
8195,Nightscape Cloak,GEAR,UNSOURCED,1,13281,16256,81,1
8195,Nightscape Cloak,GEAR,UNSOURCED,1,13015,16256,80,1
8195,Nightscape Cloak,GEAR,UNSOURCED,1,12624,16256,77,1
8195,Nightscape Cloak,GEAR,UNSOURCED,1,13281,16256,81,1
14342,Mooncloth,INTERMEDIATE,VENDOR,10,12959,15200,85,1
18263,Flarecore Wraps,GEAR,DROP,1,838136,299634,279,0
18263,Flarecore Wraps,GEAR,DROP,1,796229,299634,265,0
18263,Flarecore Wraps,GEAR,DROP,1,780304,299634,260,0
13445,Elixir of Superior Defense,ELIXIR_POT,VENDOR,14,1026,1064,96,1
13423,Stonescale Oil,INTERMEDIATE,TRAINER,6,76,102,74,1
13423,Stonescale Oil,INTERMEDIATE,TRAINER,3,72,102,70,1
6384,Stylish Blue Shirt,GEAR,DROP,1,1882,2182,86,1
6384,Stylish Blue Shirt,GEAR,DROP,1,1844,2182,84,1
6384,Stylish Blue Shirt,GEAR,DROP,1,1788,2182,81,1
6384,Stylish Blue Shirt,GEAR,DROP,1,1882,2182,86,1
6384,Stylish Blue Shirt,GEAR,DROP,1,1844,2182,84,1
6384,Stylish Blue Shirt,GEAR,DROP,1,1788,2182,81,1
6384,Stylish Blue Shirt,GEAR,DROP,1,1882,2182,86,1
6384,Stylish Blue Shirt,GEAR,DROP,1,1844,2182,84,1
6384,Stylish Blue Shirt,GEAR,DROP,1,1788,2182,81,1
6384,Stylish Blue Shirt,GEAR,DROP,1,1882,2182,86,1
6384,Stylish Blue Shirt,GEAR,DROP,1,1844,2182,84,1
6384,Stylish Blue Shirt,GEAR,DROP,1,1788,2182,81,1
6384,Stylish Blue Shirt,GEAR,DROP,1,1882,2182,86,1
6384,Stylish Blue Shirt,GEAR,DROP,1,1844,2182,84,1
6384,Stylish Blue Shirt,GEAR,DROP,1,1788,2182,81,1
22448,Small Prismatic Shard,INTERMEDIATE,TRAINER,20,1,0,0,1
22448,Small Prismatic Shard,INTERMEDIATE,TRAINER,7,1,0,0,1
15871,Truesilver Skeleton Key,MISC,TRAINER,20,2010,2660,75,1
15871,Truesilver Skeleton Key,MISC,TRAINER,8,1909,2660,71,1
14342,Mooncloth,INTERMEDIATE,VENDOR,11,12129,15200,79,1
14342,Mooncloth,INTERMEDIATE,VENDOR,4,11643,15200,76,1
22448,Small Prismatic Shard,INTERMEDIATE,TRAINER,20,1,0,0,1
22448,Small Prismatic Shard,INTERMEDIATE,TRAINER,2,1,0,0,1
22448,Small Prismatic Shard,INTERMEDIATE,TRAINER,2,1,0,0,1
7964,Solid Sharpening Stone,MISC,TRAINER,13,423,588,71,1
22448,Small Prismatic Shard,INTERMEDIATE,TRAINER,20,1,0,0,1
22448,Small Prismatic Shard,INTERMEDIATE,TRAINER,18,1,0,0,1
22448,Small Prismatic Shard,INTERMEDIATE,TRAINER,1,1,0,0,1
44840,Cranberry Chutney,FOOD,DROP,14,6,8,75,1
3859,Steel Bar,INTERMEDIATE,TRAINER,6,1184,1400,84,1
3859,Steel Bar,INTERMEDIATE,TRAINER,5,1160,1400,82,1
14048,Bolt of Runecloth,INTERMEDIATE,TRAINER,13,10810,11880,90,1
22445,Arcane Dust,INTERMEDIATE,UNSOURCED,20,14685,5013,292,0
22445,Arcane Dust,INTERMEDIATE,UNSOURCED,7,14097,5013,281,0
22445,Arcane Dust,INTERMEDIATE,UNSOURCED,6,13392,5013,267,0
22448,Small Prismatic Shard,INTERMEDIATE,TRAINER,20,1,0,0,1
22448,Small Prismatic Shard,INTERMEDIATE,TRAINER,16,1,0,0,1
2996,Bolt of Linen Cloth,INTERMEDIATE,UNSOURCED,6,281,112,250,0
15997,Thorium Shells,AMMO,TRAINER,1000,13,22,59,1
15997,Thorium Shells,AMMO,TRAINER,1000,13,22,59,1
15997,Thorium Shells,AMMO,TRAINER,1000,13,22,59,1
22448,Small Prismatic Shard,INTERMEDIATE,TRAINER,20,1,0,0,1
22448,Small Prismatic Shard,INTERMEDIATE,TRAINER,1,1,0,0,1
10056,Orange Mageweave Shirt,GEAR,TRAINER,1,6183,6998,88,1
10056,Orange Mageweave Shirt,GEAR,TRAINER,1,5935,6998,84,1
10056,Orange Mageweave Shirt,GEAR,TRAINER,1,5697,6998,81,1
10056,Orange Mageweave Shirt,GEAR,TRAINER,1,6183,6998,88,1
10056,Orange Mageweave Shirt,GEAR,TRAINER,1,5935,6998,84,1
10056,Orange Mageweave Shirt,GEAR,TRAINER,1,5697,6998,81,1
10056,Orange Mageweave Shirt,GEAR,TRAINER,1,6183,6998,88,1
10056,Orange Mageweave Shirt,GEAR,TRAINER,1,5935,6998,84,1
10056,Orange Mageweave Shirt,GEAR,TRAINER,1,5697,6998,81,1
10056,Orange Mageweave Shirt,GEAR,TRAINER,1,6183,6998,88,1
10056,Orange Mageweave Shirt,GEAR,TRAINER,1,5935,6998,84,1
10056,Orange Mageweave Shirt,GEAR,TRAINER,1,5697,6998,81,1
13445,Elixir of Superior Defense,ELIXIR_POT,VENDOR,6,773,1064,72,1
4304,Thick Leather,INTERMEDIATE,TRAINER,5,3279,3636,90,1
22448,Small Prismatic Shard,INTERMEDIATE,TRAINER,20,1,0,0,1
22448,Small Prismatic Shard,INTERMEDIATE,TRAINER,17,1,0,0,1
22448,Small Prismatic Shard,INTERMEDIATE,TRAINER,2,1,0,0,1
8170,Rugged Leather,INTERMEDIATE,TRAINER,4,6007,7128,84,1
8170,Rugged Leather,INTERMEDIATE,TRAINER,5,5826,7128,81,1
8173,Thick Armor Kit,MISC,TRAINER,7,6085,6440,94,1
34086,Winter Boots,GEAR,VENDOR,1,11485,13588,84,1
34086,Winter Boots,GEAR,VENDOR,1,10910,13588,80,1
34086,Winter Boots,GEAR,VENDOR,1,10800,13588,79,1
34086,Winter Boots,GEAR,VENDOR,1,11485,13588,84,1
34086,Winter Boots,GEAR,VENDOR,1,10910,13588,80,1
34086,Winter Boots,GEAR,VENDOR,1,10800,13588,79,1
34086,Winter Boots,GEAR,VENDOR,1,11485,13588,84,1
34086,Winter Boots,GEAR,VENDOR,1,10910,13588,80,1
34086,Winter Boots,GEAR,VENDOR,1,10800,13588,79,1
34086,Winter Boots,GEAR,VENDOR,1,11485,13588,84,1
34086,Winter Boots,GEAR,VENDOR,1,10910,13588,80,1
34086,Winter Boots,GEAR,VENDOR,1,10800,13588,79,1
15083,Wicked Leather Gauntlets,GEAR,VENDOR,1,17132,22320,76,1
15083,Wicked Leather Gauntlets,GEAR,VENDOR,1,16960,22320,75,1
15083,Wicked Leather Gauntlets,GEAR,VENDOR,1,16112,22320,72,1
15083,Wicked Leather Gauntlets,GEAR,VENDOR,1,17132,22320,76,1
15083,Wicked Leather Gauntlets,GEAR,VENDOR,1,16960,22320,75,1
15083,Wicked Leather Gauntlets,GEAR,VENDOR,1,16112,22320,72,1
4304,Thick Leather,INTERMEDIATE,TRAINER,7,2827,3636,77,1
4304,Thick Leather,INTERMEDIATE,TRAINER,8,2713,3636,74,1
13512,Flask of Supreme Power,FLASK,DROP,20,20870,11430,182,0
13512,Flask of Supreme Power,FLASK,DROP,5,20035,11430,175,0
13512,Flask of Supreme Power,FLASK,DROP,5,20870,11430,182,0
13512,Flask of Supreme Power,FLASK,DROP,2,20035,11430,175,0
6453,Strong Anti-Venom,MISC,DROP,20,261,373,69,1
6453,Strong Anti-Venom,MISC,DROP,16,258,373,69,1
22573,Mote of Earth,INTERMEDIATE,TRAINER,10,2304,3200,72,1
22573,Mote of Earth,INTERMEDIATE,TRAINER,10,2257,3200,70,1
22573,Mote of Earth,INTERMEDIATE,TRAINER,10,2211,3200,69,1
22573,Mote of Earth,INTERMEDIATE,TRAINER,10,2304,3200,72,1
22573,Mote of Earth,INTERMEDIATE,TRAINER,10,2257,3200,70,1
22573,Mote of Earth,INTERMEDIATE,TRAINER,10,2211,3200,69,1
22573,Mote of Earth,INTERMEDIATE,TRAINER,10,2304,3200,72,1
22573,Mote of Earth,INTERMEDIATE,TRAINER,10,2257,3200,70,1
22573,Mote of Earth,INTERMEDIATE,TRAINER,10,2211,3200,69,1
22573,Mote of Earth,INTERMEDIATE,TRAINER,10,2304,3200,72,1
22573,Mote of Earth,INTERMEDIATE,TRAINER,10,2257,3200,70,1
22573,Mote of Earth,INTERMEDIATE,TRAINER,7,2211,3200,69,1
22573,Mote of Earth,INTERMEDIATE,TRAINER,3,2304,3200,72,1
9172,Invisibility Potion,ELIXIR_POT,DROP,16,5455,2465,221,0
14143,Ghostweave Belt,GEAR,TRAINER,1,60605,60605,100,0
15997,Thorium Shells,AMMO,TRAINER,1000,18,22,81,1
6887,Spotted Yellowtail,FOOD,VENDOR,7,17,23,73,1
10588,Goblin Rocket Helmet,GEAR,TRAINER,1,60220,50888,118,0
8544,Mageweave Bandage,MISC,TRAINER,13,781,1010,77,1
6887,Spotted Yellowtail,FOOD,VENDOR,5,17,23,73,1
6887,Spotted Yellowtail,FOOD,VENDOR,5,16,23,69,1
13423,Stonescale Oil,INTERMEDIATE,TRAINER,6,66,102,64,1
13423,Stonescale Oil,INTERMEDIATE,TRAINER,2,65,102,63,1
8067,Crafted Light Shot,AMMO,UNSOURCED,1000,1,0,0,0
6836,Dress Shoes,GEAR,VENDOR,1,13041,18368,70,1
6836,Dress Shoes,GEAR,VENDOR,1,12388,18368,67,1
6836,Dress Shoes,GEAR,VENDOR,1,12140,18368,66,1
6836,Dress Shoes,GEAR,VENDOR,1,13041,18368,70,1
6836,Dress Shoes,GEAR,VENDOR,1,12388,18368,67,1
6836,Dress Shoes,GEAR,VENDOR,1,12140,18368,66,1
6836,Dress Shoes,GEAR,VENDOR,1,13041,18368,70,1
3575,Iron Bar,INTERMEDIATE,TRAINER,8,900,900,100,0
3575,Iron Bar,INTERMEDIATE,TRAINER,4,900,900,100,0
22448,Small Prismatic Shard,INTERMEDIATE,TRAINER,20,1,0,0,1
22448,Small Prismatic Shard,INTERMEDIATE,TRAINER,1,1,0,0,1
22448,Small Prismatic Shard,INTERMEDIATE,TRAINER,3,1,0,0,1
34086,Winter Boots,GEAR,VENDOR,1,9320,13588,68,1
34086,Winter Boots,GEAR,VENDOR,1,8854,13588,65,1
34086,Winter Boots,GEAR,VENDOR,1,8411,13588,61,1
34086,Winter Boots,GEAR,VENDOR,1,8158,13588,60,1
34086,Winter Boots,GEAR,VENDOR,1,9320,13588,68,1
34086,Winter Boots,GEAR,VENDOR,1,8854,13588,65,1
34086,Winter Boots,GEAR,VENDOR,1,8411,13588,61,1
34086,Winter Boots,GEAR,VENDOR,1,8158,13588,60,1
34086,Winter Boots,GEAR,VENDOR,1,9320,13588,68,1
34086,Winter Boots,GEAR,VENDOR,1,8854,13588,65,1
34086,Winter Boots,GEAR,VENDOR,1,8411,13588,61,1
34086,Winter Boots,GEAR,VENDOR,1,8158,13588,60,1
34086,Winter Boots,GEAR,VENDOR,1,9320,13588,68,1
2459,Swiftness Potion,ELIXIR_POT,DROP,5,739,245,301,0
2459,Swiftness Potion,ELIXIR_POT,DROP,3,709,245,289,0
13423,Stonescale Oil,INTERMEDIATE,TRAINER,5,92,102,90,1
13423,Stonescale Oil,INTERMEDIATE,TRAINER,5,91,102,89,1
14342,Mooncloth,INTERMEDIATE,VENDOR,4,14474,15200,95,1
14342,Mooncloth,INTERMEDIATE,VENDOR,1,13895,15200,91,1
6453,Strong Anti-Venom,MISC,DROP,20,349,373,93,1
6453,Strong Anti-Venom,MISC,DROP,7,345,373,92,1
2868,Patterned Bronze Bracers,GEAR,TRAINER,1,320,430,74,1
2868,Patterned Bronze Bracers,GEAR,TRAINER,1,307,430,71,1
2868,Patterned Bronze Bracers,GEAR,TRAINER,1,320,430,74,1
2868,Patterned Bronze Bracers,GEAR,TRAINER,1,307,430,71,1
2868,Patterned Bronze Bracers,GEAR,TRAINER,1,320,430,74,1
2868,Patterned Bronze Bracers,GEAR,TRAINER,1,307,430,71,1
2868,Patterned Bronze Bracers,GEAR,TRAINER,1,320,430,74,1
10024,Black Mageweave Headband,GEAR,TRAINER,1,13673,15994,85,1
10024,Black Mageweave Headband,GEAR,TRAINER,1,13536,15994,84,1
10024,Black Mageweave Headband,GEAR,TRAINER,1,13673,15994,85,1
10024,Black Mageweave Headband,GEAR,TRAINER,1,13536,15994,84,1
10024,Black Mageweave Headband,GEAR,TRAINER,1,13673,15994,85,1
10024,Black Mageweave Headband,GEAR,TRAINER,1,13536,15994,84,1
10024,Black Mageweave Headband,GEAR,TRAINER,1,13673,15994,85,1
10024,Black Mageweave Headband,GEAR,TRAINER,1,13536,15994,84,1
10024,Black Mageweave Headband,GEAR,TRAINER,1,13673,15994,85,1
10024,Black Mageweave Headband,GEAR,TRAINER,1,13536,15994,84,1
10024,Black Mageweave Headband,GEAR,TRAINER,1,13673,15994,85,1
10024,Black Mageweave Headband,GEAR,TRAINER,1,13536,15994,84,1
10024,Black Mageweave Headband,GEAR,TRAINER,1,13673,15994,85,1
10024,Black Mageweave Headband,GEAR,TRAINER,1,13536,15994,84,1
22448,Small Prismatic Shard,INTERMEDIATE,TRAINER,20,1,0,0,1
22448,Small Prismatic Shard,INTERMEDIATE,TRAINER,1,1,0,0,1
22448,Small Prismatic Shard,INTERMEDIATE,TRAINER,3,1,0,0,1
13442,Mighty Rage Potion,ELIXIR_POT,TRAINER,12,4197,3320,126,0
20750,Wizard Oil,MISC,VENDOR,1,66044,58550,112,0
20750,Wizard Oil,MISC,VENDOR,1,62741,58550,107,0
4240,Woolen Bag,BAG,TRAINER,1,1788,1324,135,0
44839,Candied Sweet Potato,FOOD,DROP,5,14,18,77,1
44839,Candied Sweet Potato,FOOD,DROP,4,13,18,72,1
22573,Mote of Earth,INTERMEDIATE,TRAINER,10,2396,3200,74,1
22573,Mote of Earth,INTERMEDIATE,TRAINER,10,2372,3200,74,1
22573,Mote of Earth,INTERMEDIATE,TRAINER,10,2300,3200,71,1
22573,Mote of Earth,INTERMEDIATE,TRAINER,10,2396,3200,74,1
22573,Mote of Earth,INTERMEDIATE,TRAINER,10,2372,3200,74,1
22573,Mote of Earth,INTERMEDIATE,TRAINER,10,2300,3200,71,1
22573,Mote of Earth,INTERMEDIATE,TRAINER,10,2396,3200,74,1
22573,Mote of Earth,INTERMEDIATE,TRAINER,10,2372,3200,74,1
22573,Mote of Earth,INTERMEDIATE,TRAINER,10,2300,3200,71,1
22573,Mote of Earth,INTERMEDIATE,TRAINER,10,2396,3200,74,1
22573,Mote of Earth,INTERMEDIATE,TRAINER,10,2372,3200,74,1
22573,Mote of Earth,INTERMEDIATE,TRAINER,10,2300,3200,71,1
22573,Mote of Earth,INTERMEDIATE,TRAINER,10,2396,3200,74,1
22573,Mote of Earth,INTERMEDIATE,TRAINER,6,2372,3200,74,1
22573,Mote of Earth,INTERMEDIATE,TRAINER,4,2300,3200,71,1
12655,Enchanted Thorium Bar,INTERMEDIATE,TRAINER,2,46561,36825,126,0
12655,Enchanted Thorium Bar,INTERMEDIATE,TRAINER,10,45164,36825,122,0
10056,Orange Mageweave Shirt,GEAR,TRAINER,1,6049,6998,86,1
10056,Orange Mageweave Shirt,GEAR,TRAINER,1,5928,6998,84,1
10056,Orange Mageweave Shirt,GEAR,TRAINER,1,6049,6998,86,1
10056,Orange Mageweave Shirt,GEAR,TRAINER,1,5928,6998,84,1
10056,Orange Mageweave Shirt,GEAR,TRAINER,1,6049,6998,86,1
10056,Orange Mageweave Shirt,GEAR,TRAINER,1,5928,6998,84,1
10056,Orange Mageweave Shirt,GEAR,TRAINER,1,6049,6998,86,1
10056,Orange Mageweave Shirt,GEAR,TRAINER,1,5928,6998,84,1
10056,Orange Mageweave Shirt,GEAR,TRAINER,1,6049,6998,86,1
34086,Winter Boots,GEAR,VENDOR,1,11730,13588,86,1
34086,Winter Boots,GEAR,VENDOR,1,11143,13588,82,1
34086,Winter Boots,GEAR,VENDOR,1,11730,13588,86,1
34086,Winter Boots,GEAR,VENDOR,1,11143,13588,82,1
34086,Winter Boots,GEAR,VENDOR,1,11730,13588,86,1
34086,Winter Boots,GEAR,VENDOR,1,11143,13588,82,1
34086,Winter Boots,GEAR,VENDOR,1,11730,13588,86,1
34086,Winter Boots,GEAR,VENDOR,1,11143,13588,82,1
34086,Winter Boots,GEAR,VENDOR,1,11730,13588,86,1
34086,Winter Boots,GEAR,VENDOR,1,11143,13588,82,1
34086,Winter Boots,GEAR,VENDOR,1,11730,13588,86,1
34086,Winter Boots,GEAR,VENDOR,1,11143,13588,82,1
34086,Winter Boots,GEAR,VENDOR,1,11730,13588,86,1
34086,Winter Boots,GEAR,VENDOR,1,11143,13588,82,1
34086,Winter Boots,GEAR,VENDOR,1,11730,13588,86,1
10056,Orange Mageweave Shirt,GEAR,TRAINER,1,6499,6998,92,1
10056,Orange Mageweave Shirt,GEAR,TRAINER,1,6239,6998,89,1
10056,Orange Mageweave Shirt,GEAR,TRAINER,1,5927,6998,84,1
10056,Orange Mageweave Shirt,GEAR,TRAINER,1,5749,6998,82,1
10056,Orange Mageweave Shirt,GEAR,TRAINER,1,6499,6998,92,1
3482,Silvered Bronze Boots,GEAR,TRAINER,1,689,795,86,1
3482,Silvered Bronze Boots,GEAR,TRAINER,1,661,795,83,1
3482,Silvered Bronze Boots,GEAR,TRAINER,1,654,795,82,1
3482,Silvered Bronze Boots,GEAR,TRAINER,1,689,795,86,1
3482,Silvered Bronze Boots,GEAR,TRAINER,1,661,795,83,1
3482,Silvered Bronze Boots,GEAR,TRAINER,1,654,795,82,1
3482,Silvered Bronze Boots,GEAR,TRAINER,1,689,795,86,1
3482,Silvered Bronze Boots,GEAR,TRAINER,1,661,795,83,1
3482,Silvered Bronze Boots,GEAR,TRAINER,1,654,795,82,1
3482,Silvered Bronze Boots,GEAR,TRAINER,1,689,795,86,1
10512,Hi-Impact Mithril Slugs,AMMO,TRAINER,1000,9,13,69,1
5763,Red Woolen Bag,BAG,VENDOR,1,1827,1782,102,1
5763,Red Woolen Bag,BAG,VENDOR,1,1735,1782,97,1
5763,Red Woolen Bag,BAG,VENDOR,1,1827,1782,102,1
5763,Red Woolen Bag,BAG,VENDOR,1,1735,1782,97,1
5763,Red Woolen Bag,BAG,VENDOR,1,1827,1782,102,1
5763,Red Woolen Bag,BAG,VENDOR,1,1735,1782,97,1
5763,Red Woolen Bag,BAG,VENDOR,1,1827,1782,102,1
5763,Red Woolen Bag,BAG,VENDOR,1,1735,1782,97,1
5763,Red Woolen Bag,BAG,VENDOR,1,1827,1782,102,1
22448,Small Prismatic Shard,INTERMEDIATE,TRAINER,3,1,0,0,0
22448,Small Prismatic Shard,INTERMEDIATE,TRAINER,12,1,0,0,0
3577,Gold Bar,INTERMEDIATE,TRAINER,6,3968,3760,105,0
3577,Gold Bar,INTERMEDIATE,TRAINER,1,3769,3760,100,0
8544,Mageweave Bandage,MISC,TRAINER,5,778,1010,77,1
14140,Mooncloth Circlet,GEAR,DROP,1,465609,214310,217,0
13423,Stonescale Oil,INTERMEDIATE,TRAINER,2,64,102,62,1
13423,Stonescale Oil,INTERMEDIATE,TRAINER,3,63,102,61,1
13445,Elixir of Superior Defense,ELIXIR_POT,VENDOR,5,959,1064,90,1
13445,Elixir of Superior Defense,ELIXIR_POT,VENDOR,6,920,1064,86,1
44839,Candied Sweet Potato,FOOD,DROP,11,14,18,77,1
4304,Thick Leather,INTERMEDIATE,TRAINER,7,3752,3636,103,0
4304,Thick Leather,INTERMEDIATE,TRAINER,4,3639,3636,100,0
6453,Strong Anti-Venom,MISC,DROP,15,253,373,67,1
6787,White Woolen Dress,GEAR,TRAINER,1,1178,1424,82,1
6787,White Woolen Dress,GEAR,TRAINER,1,1166,1424,81,1
6787,White Woolen Dress,GEAR,TRAINER,1,1178,1424,82,1
6787,White Woolen Dress,GEAR,TRAINER,1,1166,1424,81,1
6787,White Woolen Dress,GEAR,TRAINER,1,1178,1424,82,1
6787,White Woolen Dress,GEAR,TRAINER,1,1166,1424,81,1
6787,White Woolen Dress,GEAR,TRAINER,1,1178,1424,82,1
6787,White Woolen Dress,GEAR,TRAINER,1,1166,1424,81,1
6787,White Woolen Dress,GEAR,TRAINER,1,1178,1424,82,1
6787,White Woolen Dress,GEAR,TRAINER,1,1166,1424,81,1
6787,White Woolen Dress,GEAR,TRAINER,1,1178,1424,82,1
6787,White Woolen Dress,GEAR,TRAINER,1,1166,1424,81,1
6787,White Woolen Dress,GEAR,TRAINER,1,1178,1424,82,1
6787,White Woolen Dress,GEAR,TRAINER,1,1166,1424,81,1
13506,Potion of Petrification,ELIXIR_POT,DROP,20,487,607,80,1
13506,Potion of Petrification,ELIXIR_POT,DROP,2,482,607,79,1
4387,Iron Strut,INTERMEDIATE,TRAINER,10,2243,1800,124,0
4387,Iron Strut,INTERMEDIATE,TRAINER,3,2198,1800,122,0
7965,Solid Weightstone,MISC,TRAINER,6,926,1182,78,1
15997,Thorium Shells,AMMO,TRAINER,1000,17,22,77,1
15997,Thorium Shells,AMMO,TRAINER,200,16,22,72,1
34086,Winter Boots,GEAR,VENDOR,1,12644,13588,93,1
34086,Winter Boots,GEAR,VENDOR,1,12517,13588,92,1
34086,Winter Boots,GEAR,VENDOR,1,12644,13588,93,1
34086,Winter Boots,GEAR,VENDOR,1,12517,13588,92,1
34086,Winter Boots,GEAR,VENDOR,1,12644,13588,93,1
34086,Winter Boots,GEAR,VENDOR,1,12517,13588,92,1
34086,Winter Boots,GEAR,VENDOR,1,12644,13588,93,1
34086,Winter Boots,GEAR,VENDOR,1,12517,13588,92,1
34086,Winter Boots,GEAR,VENDOR,1,12644,13588,93,1
5765,Black Silk Pack,BAG,DROP,1,36573,13280,275,0
5765,Black Silk Pack,BAG,DROP,1,34744,13280,261,0
5765,Black Silk Pack,BAG,DROP,1,36573,13280,275,0
22448,Small Prismatic Shard,INTERMEDIATE,TRAINER,20,1,0,0,1
22448,Small Prismatic Shard,INTERMEDIATE,TRAINER,1,1,0,0,1
22448,Small Prismatic Shard,INTERMEDIATE,TRAINER,6,1,0,0,1
8173,Thick Armor Kit,MISC,TRAINER,10,4511,6440,70,1
8173,Thick Armor Kit,MISC,TRAINER,4,4375,6440,67,1
14048,Bolt of Runecloth,INTERMEDIATE,TRAINER,6,11880,11880,100,0
14048,Bolt of Runecloth,INTERMEDIATE,TRAINER,9,11880,11880,100,0
3391,Elixir of Ogre's Strength,ELIXIR_POT,DROP,5,236,237,99,1
3391,Elixir of Ogre's Strength,ELIXIR_POT,DROP,6,233,237,98,1
10507,Solid Dynamite,INTERMEDIATE,TRAINER,1,885,885,100,0
10507,Solid Dynamite,INTERMEDIATE,TRAINER,19,885,885,100,0
10512,Hi-Impact Mithril Slugs,AMMO,TRAINER,600,13,13,100,0
10513,Mithril Gyro-Shot,AMMO,TRAINER,1000,20,26,76,1
22448,Small Prismatic Shard,INTERMEDIATE,TRAINER,20,1,0,0,1
22448,Small Prismatic Shard,INTERMEDIATE,TRAINER,8,1,0,0,1
22448,Small Prismatic Shard,INTERMEDIATE,TRAINER,5,1,0,0,1
14342,Mooncloth,INTERMEDIATE,VENDOR,7,11985,15200,78,1
14342,Mooncloth,INTERMEDIATE,VENDOR,8,11745,15200,77,1
12406,Thorium Belt,GEAR,TRAINER,1,15264,18544,82,1
12406,Thorium Belt,GEAR,TRAINER,1,14958,18544,80,1
12406,Thorium Belt,GEAR,TRAINER,1,15264,18544,82,1
12406,Thorium Belt,GEAR,TRAINER,1,14958,18544,80,1
12406,Thorium Belt,GEAR,TRAINER,1,15264,18544,82,1
12406,Thorium Belt,GEAR,TRAINER,1,14958,18544,80,1
13510,Flask of the Titans,FLASK,DROP,20,42395,16860,251,0
13510,Flask of the Titans,FLASK,DROP,2,41123,16860,243,0
15407,Cured Rugged Hide,INTERMEDIATE,TRAINER,2,6088,9060,67,1
15407,Cured Rugged Hide,INTERMEDIATE,TRAINER,6,5966,9060,65,1
15997,Thorium Shells,AMMO,TRAINER,1000,17,22,77,1
15997,Thorium Shells,AMMO,TRAINER,1000,16,22,72,1
15997,Thorium Shells,AMMO,TRAINER,800,15,22,68,1
8544,Mageweave Bandage,MISC,TRAINER,6,797,1010,78,1
13423,Stonescale Oil,INTERMEDIATE,TRAINER,15,84,102,82,1
10513,Mithril Gyro-Shot,AMMO,TRAINER,1000,20,26,76,1
10513,Mithril Gyro-Shot,AMMO,TRAINER,1000,19,26,73,1
20745,Minor Mana Oil,MISC,VENDOR,1,11248,10592,106,0
20745,Minor Mana Oil,MISC,VENDOR,1,10685,10592,100,0
4407,Accurate Scope,INTERMEDIATE,VENDOR,5,14610,12568,116,0
4407,Accurate Scope,INTERMEDIATE,VENDOR,5,14317,12568,113,0
4407,Accurate Scope,INTERMEDIATE,VENDOR,1,13601,12568,108,0
6451,Heavy Silk Bandage,MISC,TRAINER,12,1056,1188,88,1
13423,Stonescale Oil,INTERMEDIATE,TRAINER,14,80,102,78,1
13423,Stonescale Oil,INTERMEDIATE,TRAINER,1,77,102,75,1
13423,Stonescale Oil,INTERMEDIATE,TRAINER,5,79,102,77,1
13423,Stonescale Oil,INTERMEDIATE,TRAINER,4,78,102,76,1
8170,Rugged Leather,INTERMEDIATE,TRAINER,8,5221,7128,73,1
8170,Rugged Leather,INTERMEDIATE,TRAINER,6,5012,7128,70,1
12404,Dense Sharpening Stone,MISC,TRAINER,10,1152,1440,80,1
22448,Small Prismatic Shard,INTERMEDIATE,TRAINER,20,1,0,0,1
22448,Small Prismatic Shard,INTERMEDIATE,TRAINER,1,1,0,0,1
9210,Ghost Dye,INTERMEDIATE,VENDOR,5,7879,6210,126,0
9210,Ghost Dye,INTERMEDIATE,VENDOR,1,7563,6210,121,0
12655,Enchanted Thorium Bar,INTERMEDIATE,TRAINER,6,44322,36825,120,0
12655,Enchanted Thorium Bar,INTERMEDIATE,TRAINER,4,42105,36825,114,0
3391,Elixir of Ogre's Strength,ELIXIR_POT,DROP,5,156,237,65,1
3391,Elixir of Ogre's Strength,ELIXIR_POT,DROP,3,149,237,62,1
13860,Runecloth Cloak,GEAR,TRAINER,1,63787,61990,102,0
13860,Runecloth Cloak,GEAR,TRAINER,1,62511,61990,100,0
8173,Thick Armor Kit,MISC,TRAINER,7,6177,6440,95,1
22448,Small Prismatic Shard,INTERMEDIATE,TRAINER,20,1,0,0,1
22448,Small Prismatic Shard,INTERMEDIATE,TRAINER,1,1,0,0,1
10513,Mithril Gyro-Shot,AMMO,TRAINER,1000,23,26,88,1
10513,Mithril Gyro-Shot,AMMO,TRAINER,1000,22,26,84,1
10513,Mithril Gyro-Shot,AMMO,TRAINER,800,23,26,88,1
10512,Hi-Impact Mithril Slugs,AMMO,TRAINER,1000,12,13,92,1
10512,Hi-Impact Mithril Slugs,AMMO,TRAINER,400,11,13,84,1
13458,Greater Nature Protection Potion,ELIXIR_POT,DROP,5,8438,3360,251,0
13458,Greater Nature Protection Potion,ELIXIR_POT,DROP,1,8100,3360,241,0
13506,Potion of Petrification,ELIXIR_POT,DROP,5,535,607,88,1
13506,Potion of Petrification,ELIXIR_POT,DROP,5,529,607,87,1
13506,Potion of Petrification,ELIXIR_POT,DROP,5,535,607,88,1
13506,Potion of Petrification,ELIXIR_POT,DROP,7,529,607,87,1
12655,Enchanted Thorium Bar,INTERMEDIATE,TRAINER,5,43350,36825,117,0
12655,Enchanted Thorium Bar,INTERMEDIATE,TRAINER,2,42916,36825,116,0
10512,Hi-Impact Mithril Slugs,AMMO,TRAINER,1000,11,13,84,1
10512,Hi-Impact Mithril Slugs,AMMO,TRAINER,400,10,13,76,1
13445,Elixir of Superior Defense,ELIXIR_POT,VENDOR,9,895,1064,84,1
12404,Dense Sharpening Stone,MISC,TRAINER,13,1250,1440,86,1
22445,Arcane Dust,INTERMEDIATE,UNSOURCED,20,14611,5013,291,0
22445,Arcane Dust,INTERMEDIATE,UNSOURCED,20,14464,5013,288,0
22445,Arcane Dust,INTERMEDIATE,UNSOURCED,2,14611,5013,291,0
15084,Wicked Leather Bracers,GEAR,TRAINER,1,17632,22320,78,1
15084,Wicked Leather Bracers,GEAR,TRAINER,1,16750,22320,75,1
15084,Wicked Leather Bracers,GEAR,TRAINER,1,17632,22320,78,1
15084,Wicked Leather Bracers,GEAR,TRAINER,1,16750,22320,75,1
15084,Wicked Leather Bracers,GEAR,TRAINER,1,17632,22320,78,1
15084,Wicked Leather Bracers,GEAR,TRAINER,1,16750,22320,75,1
18251,Core Armor Kit,MISC,DROP,7,23436,28000,83,1
22448,Small Prismatic Shard,INTERMEDIATE,TRAINER,20,1,0,0,1
22448,Small Prismatic Shard,INTERMEDIATE,TRAINER,1,1,0,0,1
13513,Flask of Chromatic Resistance,FLASK,DROP,20,33789,20250,166,0
13513,Flask of Chromatic Resistance,FLASK,DROP,5,33113,20250,163,0
13513,Flask of Chromatic Resistance,FLASK,DROP,13,32119,20250,158,0
10512,Hi-Impact Mithril Slugs,AMMO,TRAINER,1000,11,13,84,1
10512,Hi-Impact Mithril Slugs,AMMO,TRAINER,1000,10,13,76,1
10512,Hi-Impact Mithril Slugs,AMMO,TRAINER,1000,9,13,69,1
9998,Black Mageweave Vest,GEAR,TRAINER,1,7431,9496,78,1
9998,Black Mageweave Vest,GEAR,TRAINER,1,7356,9496,77,1
9998,Black Mageweave Vest,GEAR,TRAINER,1,7431,9496,78,1
9998,Black Mageweave Vest,GEAR,TRAINER,1,7356,9496,77,1
9998,Black Mageweave Vest,GEAR,TRAINER,1,7431,9496,78,1
9998,Black Mageweave Vest,GEAR,TRAINER,1,7356,9496,77,1
9998,Black Mageweave Vest,GEAR,TRAINER,1,7431,9496,78,1
9998,Black Mageweave Vest,GEAR,TRAINER,1,7356,9496,77,1
9998,Black Mageweave Vest,GEAR,TRAINER,1,7431,9496,78,1
9998,Black Mageweave Vest,GEAR,TRAINER,1,7356,9496,77,1
9998,Black Mageweave Vest,GEAR,TRAINER,1,7431,9496,78,1
9998,Black Mageweave Vest,GEAR,TRAINER,1,7356,9496,77,1
9998,Black Mageweave Vest,GEAR,TRAINER,1,7431,9496,78,1
34086,Winter Boots,GEAR,VENDOR,1,12211,13588,89,1
34086,Winter Boots,GEAR,VENDOR,1,12088,13588,88,1
34086,Winter Boots,GEAR,VENDOR,1,11604,13588,85,1
34086,Winter Boots,GEAR,VENDOR,1,11139,13588,81,1
34086,Winter Boots,GEAR,VENDOR,1,12211,13588,89,1
34086,Winter Boots,GEAR,VENDOR,1,12088,13588,88,1
34086,Winter Boots,GEAR,VENDOR,1,11604,13588,85,1
34086,Winter Boots,GEAR,VENDOR,1,11139,13588,81,1
13423,Stonescale Oil,INTERMEDIATE,TRAINER,3,85,102,83,1
13423,Stonescale Oil,INTERMEDIATE,TRAINER,9,80,102,78,1
12810,Enchanted Leather,INTERMEDIATE,TRAINER,9,94847,83640,113,0
12810,Enchanted Leather,INTERMEDIATE,TRAINER,6,93898,83640,112,0
13423,Stonescale Oil,INTERMEDIATE,TRAINER,4,90,102,88,1
13423,Stonescale Oil,INTERMEDIATE,TRAINER,2,85,102,83,1
10512,Hi-Impact Mithril Slugs,AMMO,TRAINER,1000,10,13,76,1
10512,Hi-Impact Mithril Slugs,AMMO,TRAINER,600,9,13,69,1
10036,Tuxedo Jacket,GEAR,VENDOR,1,20474,25990,78,1
10036,Tuxedo Jacket,GEAR,VENDOR,1,20269,25990,77,1
10036,Tuxedo Jacket,GEAR,VENDOR,1,20474,25990,78,1
10036,Tuxedo Jacket,GEAR,VENDOR,1,20269,25990,77,1
10036,Tuxedo Jacket,GEAR,VENDOR,1,20474,25990,78,1
10056,Orange Mageweave Shirt,GEAR,TRAINER,1,5178,6998,73,1
10056,Orange Mageweave Shirt,GEAR,TRAINER,1,4970,6998,71,1
10056,Orange Mageweave Shirt,GEAR,TRAINER,1,5178,6998,73,1
10056,Orange Mageweave Shirt,GEAR,TRAINER,1,4970,6998,71,1
10056,Orange Mageweave Shirt,GEAR,TRAINER,1,5178,6998,73,1
10056,Orange Mageweave Shirt,GEAR,TRAINER,1,4970,6998,71,1
10056,Orange Mageweave Shirt,GEAR,TRAINER,1,5178,6998,73,1
10056,Orange Mageweave Shirt,GEAR,TRAINER,1,4970,6998,71,1
4330,Stylish Red Shirt,GEAR,TRAINER,1,1152,1424,80,1
4330,Stylish Red Shirt,GEAR,TRAINER,1,1140,1424,80,1
4330,Stylish Red Shirt,GEAR,TRAINER,1,1083,1424,76,1
4330,Stylish Red Shirt,GEAR,TRAINER,1,1050,1424,73,1
4330,Stylish Red Shirt,GEAR,TRAINER,1,1152,1424,80,1
4330,Stylish Red Shirt,GEAR,TRAINER,1,1140,1424,80,1
4330,Stylish Red Shirt,GEAR,TRAINER,1,1083,1424,76,1
4330,Stylish Red Shirt,GEAR,TRAINER,1,1050,1424,73,1
4330,Stylish Red Shirt,GEAR,TRAINER,1,1152,1424,80,1
4330,Stylish Red Shirt,GEAR,TRAINER,1,1140,1424,80,1
4330,Stylish Red Shirt,GEAR,TRAINER,1,1083,1424,76,1
44839,Candied Sweet Potato,FOOD,DROP,6,13,18,72,1
22445,Arcane Dust,INTERMEDIATE,UNSOURCED,20,9730,5013,194,0
22445,Arcane Dust,INTERMEDIATE,UNSOURCED,20,9340,5013,186,0
22445,Arcane Dust,INTERMEDIATE,UNSOURCED,1,8873,5013,176,0
22445,Arcane Dust,INTERMEDIATE,UNSOURCED,4,9730,5013,194,0
3576,Tin Bar,INTERMEDIATE,TRAINER,4,110,107,102,0
3576,Tin Bar,INTERMEDIATE,TRAINER,1,107,107,100,0
15083,Wicked Leather Gauntlets,GEAR,VENDOR,1,17837,22320,79,1
15083,Wicked Leather Gauntlets,GEAR,VENDOR,1,16945,22320,75,1
15083,Wicked Leather Gauntlets,GEAR,VENDOR,1,17837,22320,79,1
15083,Wicked Leather Gauntlets,GEAR,VENDOR,1,16945,22320,75,1
15083,Wicked Leather Gauntlets,GEAR,VENDOR,1,17837,22320,79,1
15083,Wicked Leather Gauntlets,GEAR,VENDOR,1,16945,22320,75,1
15083,Wicked Leather Gauntlets,GEAR,VENDOR,1,17837,22320,79,1
15083,Wicked Leather Gauntlets,GEAR,VENDOR,1,16945,22320,75,1
15083,Wicked Leather Gauntlets,GEAR,VENDOR,1,17837,22320,79,1
15083,Wicked Leather Gauntlets,GEAR,VENDOR,1,16945,22320,75,1
15083,Wicked Leather Gauntlets,GEAR,VENDOR,1,17837,22320,79,1
15083,Wicked Leather Gauntlets,GEAR,VENDOR,1,16945,22320,75,1
13423,Stonescale Oil,INTERMEDIATE,TRAINER,6,76,102,74,1
13423,Stonescale Oil,INTERMEDIATE,TRAINER,1,75,102,73,1
13506,Potion of Petrification,ELIXIR_POT,DROP,14,491,607,80,1
12810,Enchanted Leather,INTERMEDIATE,TRAINER,2,83640,83640,100,0
12810,Enchanted Leather,INTERMEDIATE,TRAINER,3,83640,83640,100,0
15564,Rugged Armor Kit,MISC,TRAINER,5,7966,10200,78,1
12655,Enchanted Thorium Bar,INTERMEDIATE,TRAINER,7,44955,36825,122,0
4304,Thick Leather,INTERMEDIATE,TRAINER,1,3447,3636,94,1
4304,Thick Leather,INTERMEDIATE,TRAINER,4,3309,3636,91,1
15997,Thorium Shells,AMMO,TRAINER,1000,16,22,72,1
15997,Thorium Shells,AMMO,TRAINER,1000,15,22,68,1
15997,Thorium Shells,AMMO,TRAINER,200,14,22,63,1
14103,Brightcloth Cloak,GEAR,TRAINER,1,42771,54060,79,1
14103,Brightcloth Cloak,GEAR,TRAINER,1,41915,54060,77,1
14103,Brightcloth Cloak,GEAR,TRAINER,1,39819,54060,73,1
14103,Brightcloth Cloak,GEAR,TRAINER,1,37828,54060,69,1
14103,Brightcloth Cloak,GEAR,TRAINER,1,42771,54060,79,1
14103,Brightcloth Cloak,GEAR,TRAINER,1,41915,54060,77,1
14103,Brightcloth Cloak,GEAR,TRAINER,1,39819,54060,73,1
14103,Brightcloth Cloak,GEAR,TRAINER,1,37828,54060,69,1
14103,Brightcloth Cloak,GEAR,TRAINER,1,42771,54060,79,1
22448,Small Prismatic Shard,INTERMEDIATE,TRAINER,20,1,0,0,1
22448,Small Prismatic Shard,INTERMEDIATE,TRAINER,20,1,0,0,1
22448,Small Prismatic Shard,INTERMEDIATE,TRAINER,1,1,0,0,1
22448,Small Prismatic Shard,INTERMEDIATE,TRAINER,4,1,0,0,1
12810,Enchanted Leather,INTERMEDIATE,TRAINER,10,106121,83640,126,0
10513,Mithril Gyro-Shot,AMMO,TRAINER,1000,22,26,84,1
10513,Mithril Gyro-Shot,AMMO,TRAINER,600,21,26,80,1
10038,Stormcloth Shoulders,GEAR,UNSOURCED,1,79365,40534,195,0
10038,Stormcloth Shoulders,GEAR,UNSOURCED,1,76190,40534,187,0
10513,Mithril Gyro-Shot,AMMO,TRAINER,1000,19,26,73,1
10513,Mithril Gyro-Shot,AMMO,TRAINER,1000,18,26,69,1
10513,Mithril Gyro-Shot,AMMO,TRAINER,600,17,26,65,1
10512,Hi-Impact Mithril Slugs,AMMO,TRAINER,1000,10,13,76,1
10512,Hi-Impact Mithril Slugs,AMMO,TRAINER,1000,9,13,69,1
10512,Hi-Impact Mithril Slugs,AMMO,TRAINER,200,8,13,61,1
10513,Mithril Gyro-Shot,AMMO,TRAINER,1000,22,26,84,1
10513,Mithril Gyro-Shot,AMMO,TRAINER,1000,20,26,76,1
10513,Mithril Gyro-Shot,AMMO,TRAINER,1000,22,26,84,1
22448,Small Prismatic Shard,INTERMEDIATE,TRAINER,20,1,0,0,1
22448,Small Prismatic Shard,INTERMEDIATE,TRAINER,5,1,0,0,1
22448,Small Prismatic Shard,INTERMEDIATE,TRAINER,2,1,0,0,1
6385,Stylish Green Shirt,GEAR,DROP,1,1657,2282,72,1
6385,Stylish Green Shirt,GEAR,DROP,1,1574,2282,68,1
6385,Stylish Green Shirt,GEAR,DROP,1,1558,2282,68,1
6385,Stylish Green Shirt,GEAR,DROP,1,1657,2282,72,1
6385,Stylish Green Shirt,GEAR,DROP,1,1574,2282,68,1
15997,Thorium Shells,AMMO,TRAINER,1000,16,22,72,1
15997,Thorium Shells,AMMO,TRAINER,1000,15,22,68,1
15997,Thorium Shells,AMMO,TRAINER,800,16,22,72,1
22448,Small Prismatic Shard,INTERMEDIATE,TRAINER,20,1,0,0,1
22448,Small Prismatic Shard,INTERMEDIATE,TRAINER,20,1,0,0,1
22448,Small Prismatic Shard,INTERMEDIATE,TRAINER,2,1,0,0,1
22448,Small Prismatic Shard,INTERMEDIATE,TRAINER,3,1,0,0,1
13506,Potion of Petrification,ELIXIR_POT,DROP,20,438,607,72,1
16008,Master Engineer's Goggles,GEAR,TRAINER,1,208691,191022,109,0
16008,Master Engineer's Goggles,GEAR,TRAINER,1,202430,191022,105,0
22448,Small Prismatic Shard,INTERMEDIATE,TRAINER,20,1,0,0,1
22448,Small Prismatic Shard,INTERMEDIATE,TRAINER,4,1,0,0,1
22448,Small Prismatic Shard,INTERMEDIATE,TRAINER,3,1,0,0,1
12644,Dense Grinding Stone,INTERMEDIATE,TRAINER,6,4688,5760,81,1
12644,Dense Grinding Stone,INTERMEDIATE,TRAINER,1,4453,5760,77,1
34086,Winter Boots,GEAR,VENDOR,1,11184,13588,82,1
34086,Winter Boots,GEAR,VENDOR,1,11072,13588,81,1
34086,Winter Boots,GEAR,VENDOR,1,10961,13588,80,1
34086,Winter Boots,GEAR,VENDOR,1,11184,13588,82,1
34086,Winter Boots,GEAR,VENDOR,1,11072,13588,81,1
34086,Winter Boots,GEAR,VENDOR,1,10961,13588,80,1
34086,Winter Boots,GEAR,VENDOR,1,11184,13588,82,1
34086,Winter Boots,GEAR,VENDOR,1,11072,13588,81,1
34086,Winter Boots,GEAR,VENDOR,1,10961,13588,80,1
9998,Black Mageweave Vest,GEAR,TRAINER,1,8534,9496,89,1
9998,Black Mageweave Vest,GEAR,TRAINER,1,8363,9496,88,1
9998,Black Mageweave Vest,GEAR,TRAINER,1,8534,9496,89,1
9998,Black Mageweave Vest,GEAR,TRAINER,1,8363,9496,88,1
9998,Black Mageweave Vest,GEAR,TRAINER,1,8534,9496,89,1
9998,Black Mageweave Vest,GEAR,TRAINER,1,8363,9496,88,1
9998,Black Mageweave Vest,GEAR,TRAINER,1,8534,9496,89,1
9998,Black Mageweave Vest,GEAR,TRAINER,1,8363,9496,88,1
9998,Black Mageweave Vest,GEAR,TRAINER,1,8534,9496,89,1
9998,Black Mageweave Vest,GEAR,TRAINER,1,8363,9496,88,1
9998,Black Mageweave Vest,GEAR,TRAINER,1,8534,9496,89,1
15407,Cured Rugged Hide,INTERMEDIATE,TRAINER,1,7044,9060,77,1
15407,Cured Rugged Hide,INTERMEDIATE,TRAINER,13,6903,9060,76,1
13423,Stonescale Oil,INTERMEDIATE,TRAINER,7,100,102,98,1
13423,Stonescale Oil,INTERMEDIATE,TRAINER,2,98,102,96,1
14155,Mooncloth Bag,BAG,DROP,1,90801,59935,151,0
12359,Thorium Bar,INTERMEDIATE,TRAINER,4,1492,1545,96,1
12359,Thorium Bar,INTERMEDIATE,TRAINER,1,1447,1545,93,1
22573,Mote of Earth,INTERMEDIATE,TRAINER,10,3313,3200,103,1
22573,Mote of Earth,INTERMEDIATE,TRAINER,10,3279,3200,102,1
22573,Mote of Earth,INTERMEDIATE,TRAINER,10,3147,3200,98,1
22573,Mote of Earth,INTERMEDIATE,TRAINER,10,3313,3200,103,1
22573,Mote of Earth,INTERMEDIATE,TRAINER,10,3279,3200,102,1
22573,Mote of Earth,INTERMEDIATE,TRAINER,10,3147,3200,98,1
22573,Mote of Earth,INTERMEDIATE,TRAINER,10,3313,3200,103,1
22573,Mote of Earth,INTERMEDIATE,TRAINER,10,3279,3200,102,1
22573,Mote of Earth,INTERMEDIATE,TRAINER,4,3147,3200,98,1
22573,Mote of Earth,INTERMEDIATE,TRAINER,6,3313,3200,103,1
5966,Guardian Gloves,GEAR,TRAINER,1,3471,4183,82,1
5966,Guardian Gloves,GEAR,TRAINER,1,3436,4183,82,1
5966,Guardian Gloves,GEAR,TRAINER,1,3367,4183,80,1
5966,Guardian Gloves,GEAR,TRAINER,1,3265,4183,78,1
5966,Guardian Gloves,GEAR,TRAINER,1,3471,4183,82,1
5966,Guardian Gloves,GEAR,TRAINER,1,3436,4183,82,1
5966,Guardian Gloves,GEAR,TRAINER,1,3367,4183,80,1
10056,Orange Mageweave Shirt,GEAR,TRAINER,1,5130,6998,73,1
10056,Orange Mageweave Shirt,GEAR,TRAINER,1,4924,6998,70,1
10056,Orange Mageweave Shirt,GEAR,TRAINER,1,4727,6998,67,1
10056,Orange Mageweave Shirt,GEAR,TRAINER,1,4537,6998,64,1
10056,Orange Mageweave Shirt,GEAR,TRAINER,1,5130,6998,73,1
10056,Orange Mageweave Shirt,GEAR,TRAINER,1,4924,6998,70,1
10056,Orange Mageweave Shirt,GEAR,TRAINER,1,4727,6998,67,1
10056,Orange Mageweave Shirt,GEAR,TRAINER,1,4537,6998,64,1
10056,Orange Mageweave Shirt,GEAR,TRAINER,1,5130,6998,73,1
10056,Orange Mageweave Shirt,GEAR,TRAINER,1,4924,6998,70,1
10056,Orange Mageweave Shirt,GEAR,TRAINER,1,4727,6998,67,1
10056,Orange Mageweave Shirt,GEAR,TRAINER,1,4537,6998,64,1
10056,Orange Mageweave Shirt,GEAR,TRAINER,1,5130,6998,73,1
10056,Orange Mageweave Shirt,GEAR,TRAINER,1,4924,6998,70,1
10056,Orange Mageweave Shirt,GEAR,TRAINER,1,4727,6998,67,1
14048,Bolt of Runecloth,INTERMEDIATE,TRAINER,6,11880,11880,100,0
14048,Bolt of Runecloth,INTERMEDIATE,TRAINER,8,11880,11880,100,0
10513,Mithril Gyro-Shot,AMMO,TRAINER,1000,20,26,76,1
10513,Mithril Gyro-Shot,AMMO,TRAINER,1000,19,26,73,1
10513,Mithril Gyro-Shot,AMMO,TRAINER,600,18,26,69,1
13513,Flask of Chromatic Resistance,FLASK,DROP,20,45270,20250,223,0
13513,Flask of Chromatic Resistance,FLASK,DROP,6,43006,20250,212,0
6836,Dress Shoes,GEAR,VENDOR,1,12959,18368,70,1
6836,Dress Shoes,GEAR,VENDOR,1,12829,18368,69,1
6836,Dress Shoes,GEAR,VENDOR,1,12700,18368,69,1
6836,Dress Shoes,GEAR,VENDOR,1,12959,18368,70,1
6836,Dress Shoes,GEAR,VENDOR,1,12829,18368,69,1
6836,Dress Shoes,GEAR,VENDOR,1,12700,18368,69,1
6836,Dress Shoes,GEAR,VENDOR,1,12959,18368,70,1
6836,Dress Shoes,GEAR,VENDOR,1,12829,18368,69,1
6836,Dress Shoes,GEAR,VENDOR,1,12700,18368,69,1
15997,Thorium Shells,AMMO,TRAINER,1000,22,22,100,0
12655,Enchanted Thorium Bar,INTERMEDIATE,TRAINER,9,45515,36825,123,0
8544,Mageweave Bandage,MISC,TRAINER,10,670,1010,66,1
10036,Tuxedo Jacket,GEAR,VENDOR,1,20544,25990,79,1
10036,Tuxedo Jacket,GEAR,VENDOR,1,19516,25990,75,1
10036,Tuxedo Jacket,GEAR,VENDOR,1,19125,25990,73,1
10036,Tuxedo Jacket,GEAR,VENDOR,1,18360,25990,70,1
10036,Tuxedo Jacket,GEAR,VENDOR,1,20544,25990,79,1
10036,Tuxedo Jacket,GEAR,VENDOR,1,19516,25990,75,1
10036,Tuxedo Jacket,GEAR,VENDOR,1,19125,25990,73,1
22448,Small Prismatic Shard,INTERMEDIATE,TRAINER,20,1,0,0,1
22448,Small Prismatic Shard,INTERMEDIATE,TRAINER,12,1,0,0,1
22448,Small Prismatic Shard,INTERMEDIATE,TRAINER,7,1,0,0,1
14342,Mooncloth,INTERMEDIATE,VENDOR,4,12310,15200,80,1
14342,Mooncloth,INTERMEDIATE,VENDOR,11,11940,15200,78,1
12404,Dense Sharpening Stone,MISC,TRAINER,9,1061,1440,73,1
13423,Stonescale Oil,INTERMEDIATE,TRAINER,2,86,102,84,1
13423,Stonescale Oil,INTERMEDIATE,TRAINER,11,81,102,79,1
10512,Hi-Impact Mithril Slugs,AMMO,TRAINER,800,15,13,115,0
22573,Mote of Earth,INTERMEDIATE,TRAINER,10,2529,3200,79,1
22573,Mote of Earth,INTERMEDIATE,TRAINER,10,2402,3200,75,1
22573,Mote of Earth,INTERMEDIATE,TRAINER,10,2377,3200,74,1
22573,Mote of Earth,INTERMEDIATE,TRAINER,10,2281,3200,71,1
22573,Mote of Earth,INTERMEDIATE,TRAINER,10,2529,3200,79,1
22573,Mote of Earth,INTERMEDIATE,TRAINER,10,2402,3200,75,1
22573,Mote of Earth,INTERMEDIATE,TRAINER,4,2377,3200,74,1
22573,Mote of Earth,INTERMEDIATE,TRAINER,6,2281,3200,71,1
12404,Dense Sharpening Stone,MISC,TRAINER,10,1274,1440,88,1
9187,Elixir of Greater Agility,ELIXIR_POT,TRAINER,18,1948,1787,109,0
34086,Winter Boots,GEAR,VENDOR,1,10700,13588,78,1
34086,Winter Boots,GEAR,VENDOR,1,10593,13588,77,1
34086,Winter Boots,GEAR,VENDOR,1,10169,13588,74,1
34086,Winter Boots,GEAR,VENDOR,1,10700,13588,78,1
34086,Winter Boots,GEAR,VENDOR,1,10593,13588,77,1
34086,Winter Boots,GEAR,VENDOR,1,10169,13588,74,1
34086,Winter Boots,GEAR,VENDOR,1,10700,13588,78,1
34086,Winter Boots,GEAR,VENDOR,1,10593,13588,77,1
34086,Winter Boots,GEAR,VENDOR,1,10169,13588,74,1
34086,Winter Boots,GEAR,VENDOR,1,10700,13588,78,1
34086,Winter Boots,GEAR,VENDOR,1,10593,13588,77,1
34086,Winter Boots,GEAR,VENDOR,1,10169,13588,74,1
13423,Stonescale Oil,INTERMEDIATE,TRAINER,3,89,102,87,1
13423,Stonescale Oil,INTERMEDIATE,TRAINER,4,84,102,82,1
15997,Thorium Shells,AMMO,TRAINER,1000,14,22,63,1
15997,Thorium Shells,AMMO,TRAINER,600,13,22,59,1
22249,Big Bag of Enchantment,BAG,DROP,1,1608770,568430,283,0
22249,Big Bag of Enchantment,BAG,DROP,1,1592682,568430,280,0
22249,Big Bag of Enchantment,BAG,DROP,1,1528974,568430,268,0
10048,Colorful Kilt,GEAR,DROP,1,2225,2290,97,1
10048,Colorful Kilt,GEAR,DROP,1,2113,2290,92,1
10048,Colorful Kilt,GEAR,DROP,1,2091,2290,91,1
10048,Colorful Kilt,GEAR,DROP,1,2049,2290,89,1
10048,Colorful Kilt,GEAR,DROP,1,2225,2290,97,1
10048,Colorful Kilt,GEAR,DROP,1,2113,2290,92,1
10048,Colorful Kilt,GEAR,DROP,1,2091,2290,91,1
10048,Colorful Kilt,GEAR,DROP,1,2049,2290,89,1
10048,Colorful Kilt,GEAR,DROP,1,2225,2290,97,1
13445,Elixir of Superior Defense,ELIXIR_POT,VENDOR,5,825,1064,77,1
13445,Elixir of Superior Defense,ELIXIR_POT,VENDOR,5,800,1064,75,1
22448,Small Prismatic Shard,INTERMEDIATE,TRAINER,20,1,0,0,1
22448,Small Prismatic Shard,INTERMEDIATE,TRAINER,4,1,0,0,1
6037,Truesilver Bar,INTERMEDIATE,TRAINER,2,4558,4120,110,0
6037,Truesilver Bar,INTERMEDIATE,TRAINER,5,4375,4120,106,0
10056,Orange Mageweave Shirt,GEAR,TRAINER,1,5858,6998,83,1
10056,Orange Mageweave Shirt,GEAR,TRAINER,1,5565,6998,79,1
10056,Orange Mageweave Shirt,GEAR,TRAINER,1,5342,6998,76,1
10056,Orange Mageweave Shirt,GEAR,TRAINER,1,5181,6998,74,1
10056,Orange Mageweave Shirt,GEAR,TRAINER,1,5858,6998,83,1
10056,Orange Mageweave Shirt,GEAR,TRAINER,1,5565,6998,79,1
10056,Orange Mageweave Shirt,GEAR,TRAINER,1,5342,6998,76,1
10008,White Bandit Mask,GEAR,DROP,1,4668,6023,77,1
10008,White Bandit Mask,GEAR,DROP,1,4434,6023,73,1
10008,White Bandit Mask,GEAR,DROP,1,4668,6023,77,1
10008,White Bandit Mask,GEAR,DROP,1,4434,6023,73,1
10008,White Bandit Mask,GEAR,DROP,1,4668,6023,77,1
10008,White Bandit Mask,GEAR,DROP,1,4434,6023,73,1
10008,White Bandit Mask,GEAR,DROP,1,4668,6023,77,1
10008,White Bandit Mask,GEAR,DROP,1,4434,6023,73,1
10008,White Bandit Mask,GEAR,DROP,1,4668,6023,77,1
15054,Volcanic Leggings,GEAR,DROP,1,17082,23176,73,1
15054,Volcanic Leggings,GEAR,DROP,1,16911,23176,72,1
15054,Volcanic Leggings,GEAR,DROP,1,16572,23176,71,1
15054,Volcanic Leggings,GEAR,DROP,1,15743,23176,67,1
15054,Volcanic Leggings,GEAR,DROP,1,17082,23176,73,1
15054,Volcanic Leggings,GEAR,DROP,1,16911,23176,72,1
15054,Volcanic Leggings,GEAR,DROP,1,16572,23176,71,1
15054,Volcanic Leggings,GEAR,DROP,1,15743,23176,67,1
15054,Volcanic Leggings,GEAR,DROP,1,17082,23176,73,1
15054,Volcanic Leggings,GEAR,DROP,1,16911,23176,72,1
15054,Volcanic Leggings,GEAR,DROP,1,16572,23176,71,1
15054,Volcanic Leggings,GEAR,DROP,1,15743,23176,67,1
15054,Volcanic Leggings,GEAR,DROP,1,17082,23176,73,1
15054,Volcanic Leggings,GEAR,DROP,1,16911,23176,72,1
8170,Rugged Leather,INTERMEDIATE,TRAINER,4,7291,7128,102,1
8170,Rugged Leather,INTERMEDIATE,TRAINER,5,7072,7128,99,1
14155,Mooncloth Bag,BAG,DROP,1,51304,59935,85,1
14155,Mooncloth Bag,BAG,DROP,1,49764,59935,83,1
14155,Mooncloth Bag,BAG,DROP,1,47275,59935,78,1
14155,Mooncloth Bag,BAG,DROP,1,46802,59935,78,1
14155,Mooncloth Bag,BAG,DROP,1,51304,59935,85,1
15084,Wicked Leather Bracers,GEAR,TRAINER,1,17873,22320,80,1
15084,Wicked Leather Bracers,GEAR,TRAINER,1,17694,22320,79,1
15084,Wicked Leather Bracers,GEAR,TRAINER,1,16809,22320,75,1
15084,Wicked Leather Bracers,GEAR,TRAINER,1,17873,22320,80,1
15084,Wicked Leather Bracers,GEAR,TRAINER,1,17694,22320,79,1
4333,Dark Silk Shirt,GEAR,VENDOR,1,5324,5552,95,1
4333,Dark Silk Shirt,GEAR,VENDOR,1,5217,5552,93,1
4333,Dark Silk Shirt,GEAR,VENDOR,1,5324,5552,95,1
4333,Dark Silk Shirt,GEAR,VENDOR,1,5217,5552,93,1
4333,Dark Silk Shirt,GEAR,VENDOR,1,5324,5552,95,1
4333,Dark Silk Shirt,GEAR,VENDOR,1,5217,5552,93,1
4333,Dark Silk Shirt,GEAR,VENDOR,1,5324,5552,95,1
4333,Dark Silk Shirt,GEAR,VENDOR,1,5217,5552,93,1
4333,Dark Silk Shirt,GEAR,VENDOR,1,5324,5552,95,1
4333,Dark Silk Shirt,GEAR,VENDOR,1,5217,5552,93,1
4333,Dark Silk Shirt,GEAR,VENDOR,1,5324,5552,95,1
4333,Dark Silk Shirt,GEAR,VENDOR,1,5217,5552,93,1
4333,Dark Silk Shirt,GEAR,VENDOR,1,5324,5552,95,1
8544,Mageweave Bandage,MISC,TRAINER,11,990,1010,98,1
4318,Gloves of Meditation,GEAR,TRAINER,1,1649,2322,71,1
4318,Gloves of Meditation,GEAR,TRAINER,1,1599,2322,68,1
4318,Gloves of Meditation,GEAR,TRAINER,1,1551,2322,66,1
4318,Gloves of Meditation,GEAR,TRAINER,1,1504,2322,64,1
4318,Gloves of Meditation,GEAR,TRAINER,1,1649,2322,71,1
4318,Gloves of Meditation,GEAR,TRAINER,1,1599,2322,68,1
4318,Gloves of Meditation,GEAR,TRAINER,1,1551,2322,66,1
4318,Gloves of Meditation,GEAR,TRAINER,1,1504,2322,64,1
4318,Gloves of Meditation,GEAR,TRAINER,1,1649,2322,71,1
4318,Gloves of Meditation,GEAR,TRAINER,1,1599,2322,68,1
10512,Hi-Impact Mithril Slugs,AMMO,TRAINER,1000,10,13,76,1
10512,Hi-Impact Mithril Slugs,AMMO,TRAINER,1000,9,13,69,1
10512,Hi-Impact Mithril Slugs,AMMO,TRAINER,600,10,13,76,1
22445,Arcane Dust,INTERMEDIATE,UNSOURCED,20,13423,5013,267,0
22445,Arcane Dust,INTERMEDIATE,UNSOURCED,1,13020,5013,259,0
12404,Dense Sharpening Stone,MISC,TRAINER,5,1258,1440,87,1
8170,Rugged Leather,INTERMEDIATE,TRAINER,7,4772,7128,66,1
8170,Rugged Leather,INTERMEDIATE,TRAINER,1,4581,7128,64,1
12655,Enchanted Thorium Bar,INTERMEDIATE,TRAINER,14,47283,36825,128,0
15053,Volcanic Breastplate,GEAR,DROP,1,27044,28136,96,1
15053,Volcanic Breastplate,GEAR,DROP,1,25962,28136,92,1
15053,Volcanic Breastplate,GEAR,DROP,1,25183,28136,89,1
15053,Volcanic Breastplate,GEAR,DROP,1,24931,28136,88,1
15053,Volcanic Breastplate,GEAR,DROP,1,27044,28136,96,1
15053,Volcanic Breastplate,GEAR,DROP,1,25962,28136,92,1
15053,Volcanic Breastplate,GEAR,DROP,1,25183,28136,89,1
15053,Volcanic Breastplate,GEAR,DROP,1,24931,28136,88,1
15053,Volcanic Breastplate,GEAR,DROP,1,27044,28136,96,1
15053,Volcanic Breastplate,GEAR,DROP,1,25962,28136,92,1
8173,Thick Armor Kit,MISC,TRAINER,9,5334,6440,82,1
10056,Orange Mageweave Shirt,GEAR,TRAINER,1,5528,6998,78,1
10056,Orange Mageweave Shirt,GEAR,TRAINER,1,5417,6998,77,1
10056,Orange Mageweave Shirt,GEAR,TRAINER,1,5146,6998,73,1
10056,Orange Mageweave Shirt,GEAR,TRAINER,1,5043,6998,72,1
10056,Orange Mageweave Shirt,GEAR,TRAINER,1,5528,6998,78,1
10056,Orange Mageweave Shirt,GEAR,TRAINER,1,5417,6998,77,1
14342,Mooncloth,INTERMEDIATE,VENDOR,10,10541,15200,69,1
14342,Mooncloth,INTERMEDIATE,VENDOR,4,10224,15200,67,1
9061,Goblin Rocket Fuel,INTERMEDIATE,UNSOURCED,9,6687,3077,217,0
9061,Goblin Rocket Fuel,INTERMEDIATE,UNSOURCED,4,6620,3077,215,0
22448,Small Prismatic Shard,INTERMEDIATE,TRAINER,20,1,0,0,0
22448,Small Prismatic Shard,INTERMEDIATE,TRAINER,11,1,0,0,0
22448,Small Prismatic Shard,INTERMEDIATE,TRAINER,5,1,0,0,0
10512,Hi-Impact Mithril Slugs,AMMO,TRAINER,1000,11,13,84,1
10512,Hi-Impact Mithril Slugs,AMMO,TRAINER,1000,10,13,76,1
10512,Hi-Impact Mithril Slugs,AMMO,TRAINER,600,9,13,69,1
8173,Thick Armor Kit,MISC,TRAINER,10,5482,6440,85,1
7285,Nimble Leather Gloves,GEAR,TRAINER,1,1337,1521,87,1
7285,Nimble Leather Gloves,GEAR,TRAINER,1,1283,1521,84,1
7285,Nimble Leather Gloves,GEAR,TRAINER,1,1244,1521,81,1
7285,Nimble Leather Gloves,GEAR,TRAINER,1,1231,1521,80,1
7285,Nimble Leather Gloves,GEAR,TRAINER,1,1337,1521,87,1
7285,Nimble Leather Gloves,GEAR,TRAINER,1,1283,1521,84,1
7285,Nimble Leather Gloves,GEAR,TRAINER,1,1244,1521,81,1
7285,Nimble Leather Gloves,GEAR,TRAINER,1,1231,1521,80,1
7285,Nimble Leather Gloves,GEAR,TRAINER,1,1337,1521,87,1
7285,Nimble Leather Gloves,GEAR,TRAINER,1,1283,1521,84,1
7285,Nimble Leather Gloves,GEAR,TRAINER,1,1244,1521,81,1
22448,Small Prismatic Shard,INTERMEDIATE,TRAINER,20,1,0,0,1
22448,Small Prismatic Shard,INTERMEDIATE,TRAINER,9,1,0,0,1
22448,Small Prismatic Shard,INTERMEDIATE,TRAINER,1,1,0,0,1
13506,Potion of Petrification,ELIXIR_POT,DROP,5,551,607,90,1
13506,Potion of Petrification,ELIXIR_POT,DROP,19,545,607,89,1
13423,Stonescale Oil,INTERMEDIATE,TRAINER,5,89,102,87,1
22445,Arcane Dust,INTERMEDIATE,UNSOURCED,20,10372,5013,206,0
22445,Arcane Dust,INTERMEDIATE,UNSOURCED,1,10268,5013,204,0
19690,Bloodsoul Breastplate,GEAR,VENDOR,1,556481,519300,107,0
19690,Bloodsoul Breastplate,GEAR,VENDOR,1,545351,519300,105,0
15997,Thorium Shells,AMMO,TRAINER,1000,24,22,109,0
22448,Small Prismatic Shard,INTERMEDIATE,TRAINER,20,1,0,0,1
22448,Small Prismatic Shard,INTERMEDIATE,TRAINER,5,1,0,0,1
22448,Small Prismatic Shard,INTERMEDIATE,TRAINER,5,1,0,0,1
10546,Deadly Scope,INTERMEDIATE,VENDOR,5,28492,22831,124,0
10546,Deadly Scope,INTERMEDIATE,VENDOR,5,27637,22831,121,0
10546,Deadly Scope,INTERMEDIATE,VENDOR,1,28492,22831,124,0
3240,Coarse Weightstone,MISC,TRAINER,3,239,225,106,0
22448,Small Prismatic Shard,INTERMEDIATE,TRAINER,20,1,0,0,1
22448,Small Prismatic Shard,INTERMEDIATE,TRAINER,11,1,0,0,1
22448,Small Prismatic Shard,INTERMEDIATE,TRAINER,8,1,0,0,1
13423,Stonescale Oil,INTERMEDIATE,TRAINER,5,82,102,80,1
3859,Steel Bar,INTERMEDIATE,TRAINER,2,1355,1400,96,1
3859,Steel Bar,INTERMEDIATE,TRAINER,9,1341,1400,95,1
13506,Potion of Petrification,ELIXIR_POT,DROP,20,387,607,63,1
13506,Potion of Petrification,ELIXIR_POT,DROP,5,375,607,61,1
13506,Potion of Petrification,ELIXIR_POT,DROP,5,387,607,63,1
13423,Stonescale Oil,INTERMEDIATE,TRAINER,3,86,102,84,1
13423,Stonescale Oil,INTERMEDIATE,TRAINER,2,82,102,80,1
13513,Flask of Chromatic Resistance,FLASK,DROP,18,32120,20250,158,0
10512,Hi-Impact Mithril Slugs,AMMO,TRAINER,1000,11,13,84,1
10512,Hi-Impact Mithril Slugs,AMMO,TRAINER,1000,10,13,76,1
10512,Hi-Impact Mithril Slugs,AMMO,TRAINER,600,9,13,69,1
22573,Mote of Earth,INTERMEDIATE,TRAINER,10,2618,3200,81,1
22573,Mote of Earth,INTERMEDIATE,TRAINER,10,2565,3200,80,1
22573,Mote of Earth,INTERMEDIATE,TRAINER,10,2488,3200,77,1
22573,Mote of Earth,INTERMEDIATE,TRAINER,10,2618,3200,81,1
22573,Mote of Earth,INTERMEDIATE,TRAINER,10,2565,3200,80,1
22573,Mote of Earth,INTERMEDIATE,TRAINER,10,2488,3200,77,1
22573,Mote of Earth,INTERMEDIATE,TRAINER,10,2618,3200,81,1
22573,Mote of Earth,INTERMEDIATE,TRAINER,10,2565,3200,80,1
22573,Mote of Earth,INTERMEDIATE,TRAINER,9,2488,3200,77,1
22573,Mote of Earth,INTERMEDIATE,TRAINER,1,2618,3200,81,1
18168,Force Reactive Disk,GEAR,DROP,1,1427481,453428,314,0
18168,Force Reactive Disk,GEAR,DROP,1,1384656,453428,305,0
18168,Force Reactive Disk,GEAR,DROP,1,1356962,453428,299,0
10056,Orange Mageweave Shirt,GEAR,TRAINER,1,4849,6998,69,1
10056,Orange Mageweave Shirt,GEAR,TRAINER,1,4800,6998,68,1
10056,Orange Mageweave Shirt,GEAR,TRAINER,1,4752,6998,67,1
10056,Orange Mageweave Shirt,GEAR,TRAINER,1,4849,6998,69,1
10056,Orange Mageweave Shirt,GEAR,TRAINER,1,4800,6998,68,1
10056,Orange Mageweave Shirt,GEAR,TRAINER,1,4752,6998,67,1
10056,Orange Mageweave Shirt,GEAR,TRAINER,1,4849,6998,69,1
10056,Orange Mageweave Shirt,GEAR,TRAINER,1,4800,6998,68,1
10056,Orange Mageweave Shirt,GEAR,TRAINER,1,4752,6998,67,1
10056,Orange Mageweave Shirt,GEAR,TRAINER,1,4849,6998,69,1
10056,Orange Mageweave Shirt,GEAR,TRAINER,1,4800,6998,68,1
10056,Orange Mageweave Shirt,GEAR,TRAINER,1,4752,6998,67,1
10056,Orange Mageweave Shirt,GEAR,TRAINER,1,4849,6998,69,1
10056,Orange Mageweave Shirt,GEAR,TRAINER,1,4800,6998,68,1
21341,Felcloth Bag,BAG,UNSOURCED,1,460801,199240,231,0
13445,Elixir of Superior Defense,ELIXIR_POT,VENDOR,5,727,1064,68,1
13445,Elixir of Superior Defense,ELIXIR_POT,VENDOR,7,719,1064,67,1
10008,White Bandit Mask,GEAR,DROP,1,5928,6023,98,1
10008,White Bandit Mask,GEAR,DROP,1,5809,6023,96,1
10008,White Bandit Mask,GEAR,DROP,1,5576,6023,92,1
10008,White Bandit Mask,GEAR,DROP,1,5408,6023,89,1
10008,White Bandit Mask,GEAR,DROP,1,5928,6023,98,1
10008,White Bandit Mask,GEAR,DROP,1,5809,6023,96,1
10008,White Bandit Mask,GEAR,DROP,1,5576,6023,92,1
10008,White Bandit Mask,GEAR,DROP,1,5408,6023,89,1
10008,White Bandit Mask,GEAR,DROP,1,5928,6023,98,1
10008,White Bandit Mask,GEAR,DROP,1,5809,6023,96,1
14342,Mooncloth,INTERMEDIATE,VENDOR,4,12094,15200,79,1
14342,Mooncloth,INTERMEDIATE,VENDOR,8,11610,15200,76,1
9998,Black Mageweave Vest,GEAR,TRAINER,1,7417,9496,78,1
9998,Black Mageweave Vest,GEAR,TRAINER,1,7046,9496,74,1
9998,Black Mageweave Vest,GEAR,TRAINER,1,7417,9496,78,1
9998,Black Mageweave Vest,GEAR,TRAINER,1,7046,9496,74,1
9998,Black Mageweave Vest,GEAR,TRAINER,1,7417,9496,78,1
9998,Black Mageweave Vest,GEAR,TRAINER,1,7046,9496,74,1
9998,Black Mageweave Vest,GEAR,TRAINER,1,7417,9496,78,1
9998,Black Mageweave Vest,GEAR,TRAINER,1,7046,9496,74,1
9998,Black Mageweave Vest,GEAR,TRAINER,1,7417,9496,78,1
7964,Solid Sharpening Stone,MISC,TRAINER,11,454,588,77,1
5966,Guardian Gloves,GEAR,TRAINER,1,3901,4183,93,1
5966,Guardian Gloves,GEAR,TRAINER,1,3705,4183,88,1
5966,Guardian Gloves,GEAR,TRAINER,1,3593,4183,85,1
5966,Guardian Gloves,GEAR,TRAINER,1,3449,4183,82,1
5966,Guardian Gloves,GEAR,TRAINER,1,3901,4183,93,1
5966,Guardian Gloves,GEAR,TRAINER,1,3705,4183,88,1
5966,Guardian Gloves,GEAR,TRAINER,1,3593,4183,85,1
5966,Guardian Gloves,GEAR,TRAINER,1,3449,4183,82,1
5966,Guardian Gloves,GEAR,TRAINER,1,3901,4183,93,1
5966,Guardian Gloves,GEAR,TRAINER,1,3705,4183,88,1
13461,Greater Arcane Protection Potion,ELIXIR_POT,DROP,5,34041,12672,268,0
13461,Greater Arcane Protection Potion,ELIXIR_POT,DROP,5,33360,12672,263,0
13461,Greater Arcane Protection Potion,ELIXIR_POT,DROP,4,33026,12672,260,0
10056,Orange Mageweave Shirt,GEAR,TRAINER,1,5591,6998,79,1
10056,Orange Mageweave Shirt,GEAR,TRAINER,1,5367,6998,76,1
10056,Orange Mageweave Shirt,GEAR,TRAINER,1,5205,6998,74,1
10056,Orange Mageweave Shirt,GEAR,TRAINER,1,5591,6998,79,1
10056,Orange Mageweave Shirt,GEAR,TRAINER,1,5367,6998,76,1
10056,Orange Mageweave Shirt,GEAR,TRAINER,1,5205,6998,74,1
10056,Orange Mageweave Shirt,GEAR,TRAINER,1,5591,6998,79,1
10056,Orange Mageweave Shirt,GEAR,TRAINER,1,5367,6998,76,1
10056,Orange Mageweave Shirt,GEAR,TRAINER,1,5205,6998,74,1
10056,Orange Mageweave Shirt,GEAR,TRAINER,1,5591,6998,79,1
10056,Orange Mageweave Shirt,GEAR,TRAINER,1,5367,6998,76,1
10056,Orange Mageweave Shirt,GEAR,TRAINER,1,5205,6998,74,1
10056,Orange Mageweave Shirt,GEAR,TRAINER,1,5591,6998,79,1
10056,Orange Mageweave Shirt,GEAR,TRAINER,1,5367,6998,76,1
12810,Enchanted Leather,INTERMEDIATE,TRAINER,1,96143,83640,114,0
12810,Enchanted Leather,INTERMEDIATE,TRAINER,9,93258,83640,111,0
22448,Small Prismatic Shard,INTERMEDIATE,TRAINER,20,1,0,0,1
22448,Small Prismatic Shard,INTERMEDIATE,TRAINER,9,1,0,0,1
22448,Small Prismatic Shard,INTERMEDIATE,TRAINER,7,1,0,0,1
5081,Kodo Hide Bag,BAG,UNSOURCED,1,1942,853,227,0
5081,Kodo Hide Bag,BAG,UNSOURCED,1,1903,853,223,0
7053,Azure Silk Cloak,GEAR,VENDOR,1,6952,7428,93,1
7053,Azure Silk Cloak,GEAR,VENDOR,1,6882,7428,92,1
7053,Azure Silk Cloak,GEAR,VENDOR,1,6537,7428,88,1
7053,Azure Silk Cloak,GEAR,VENDOR,1,6952,7428,93,1
7053,Azure Silk Cloak,GEAR,VENDOR,1,6882,7428,92,1
7053,Azure Silk Cloak,GEAR,VENDOR,1,6537,7428,88,1
7053,Azure Silk Cloak,GEAR,VENDOR,1,6952,7428,93,1
7053,Azure Silk Cloak,GEAR,VENDOR,1,6882,7428,92,1
7053,Azure Silk Cloak,GEAR,VENDOR,1,6537,7428,88,1
7053,Azure Silk Cloak,GEAR,VENDOR,1,6952,7428,93,1
7053,Azure Silk Cloak,GEAR,VENDOR,1,6882,7428,92,1
7053,Azure Silk Cloak,GEAR,VENDOR,1,6537,7428,88,1
7053,Azure Silk Cloak,GEAR,VENDOR,1,6952,7428,93,1
4260,Guardian Leather Bracers,GEAR,DROP,1,6147,6654,92,1
4260,Guardian Leather Bracers,GEAR,DROP,1,6085,6654,91,1
4260,Guardian Leather Bracers,GEAR,DROP,1,5780,6654,86,1
4260,Guardian Leather Bracers,GEAR,DROP,1,6147,6654,92,1
4260,Guardian Leather Bracers,GEAR,DROP,1,6085,6654,91,1
4260,Guardian Leather Bracers,GEAR,DROP,1,5780,6654,86,1
4260,Guardian Leather Bracers,GEAR,DROP,1,6147,6654,92,1
4260,Guardian Leather Bracers,GEAR,DROP,1,6085,6654,91,1
4260,Guardian Leather Bracers,GEAR,DROP,1,5780,6654,86,1
4339,Bolt of Mageweave,INTERMEDIATE,TRAINER,1,4462,5050,88,1
4339,Bolt of Mageweave,INTERMEDIATE,TRAINER,6,4283,5050,84,1
10512,Hi-Impact Mithril Slugs,AMMO,TRAINER,1000,8,13,61,1
10512,Hi-Impact Mithril Slugs,AMMO,TRAINER,1000,7,13,53,1
10512,Hi-Impact Mithril Slugs,AMMO,TRAINER,200,7,13,53,1
22445,Arcane Dust,INTERMEDIATE,UNSOURCED,20,11944,5013,238,0
22445,Arcane Dust,INTERMEDIATE,UNSOURCED,20,11705,5013,233,0
22445,Arcane Dust,INTERMEDIATE,UNSOURCED,2,11944,5013,238,0
22445,Arcane Dust,INTERMEDIATE,UNSOURCED,3,11705,5013,233,0
2454,Elixir of Lion's Strength,ELIXIR_POT,UNSOURCED,5,285,125,228,0
22448,Small Prismatic Shard,INTERMEDIATE,TRAINER,20,1,0,0,1
22448,Small Prismatic Shard,INTERMEDIATE,TRAINER,1,1,0,0,1
15083,Wicked Leather Gauntlets,GEAR,VENDOR,1,19730,22320,88,1
15083,Wicked Leather Gauntlets,GEAR,VENDOR,1,18743,22320,83,1
15083,Wicked Leather Gauntlets,GEAR,VENDOR,1,18555,22320,83,1
15083,Wicked Leather Gauntlets,GEAR,VENDOR,1,19730,22320,88,1
15083,Wicked Leather Gauntlets,GEAR,VENDOR,1,18743,22320,83,1
15083,Wicked Leather Gauntlets,GEAR,VENDOR,1,18555,22320,83,1
15083,Wicked Leather Gauntlets,GEAR,VENDOR,1,19730,22320,88,1
9999,Black Mageweave Leggings,GEAR,TRAINER,1,7431,9496,78,1
9999,Black Mageweave Leggings,GEAR,TRAINER,1,7282,9496,76,1
9999,Black Mageweave Leggings,GEAR,TRAINER,1,7431,9496,78,1
9999,Black Mageweave Leggings,GEAR,TRAINER,1,7282,9496,76,1
9999,Black Mageweave Leggings,GEAR,TRAINER,1,7431,9496,78,1
9999,Black Mageweave Leggings,GEAR,TRAINER,1,7282,9496,76,1
9179,Elixir of Greater Intellect,ELIXIR_POT,TRAINER,5,3426,3426,100,0
9179,Elixir of Greater Intellect,ELIXIR_POT,TRAINER,9,3426,3426,100,0
22448,Small Prismatic Shard,INTERMEDIATE,TRAINER,20,1,0,0,1
22448,Small Prismatic Shard,INTERMEDIATE,TRAINER,1,1,0,0,1
15086,Wicked Leather Headband,GEAR,TRAINER,1,22237,30480,72,1
15086,Wicked Leather Headband,GEAR,TRAINER,1,22014,30480,72,1
15086,Wicked Leather Headband,GEAR,TRAINER,1,22237,30480,72,1
15086,Wicked Leather Headband,GEAR,TRAINER,1,22014,30480,72,1
15086,Wicked Leather Headband,GEAR,TRAINER,1,22237,30480,72,1
15086,Wicked Leather Headband,GEAR,TRAINER,1,22014,30480,72,1
15086,Wicked Leather Headband,GEAR,TRAINER,1,22237,30480,72,1
15086,Wicked Leather Headband,GEAR,TRAINER,1,22014,30480,72,1
15086,Wicked Leather Headband,GEAR,TRAINER,1,22237,30480,72,1
15997,Thorium Shells,AMMO,TRAINER,1000,18,22,81,1
15997,Thorium Shells,AMMO,TRAINER,800,17,22,77,1
10056,Orange Mageweave Shirt,GEAR,TRAINER,1,5781,6998,82,1
10056,Orange Mageweave Shirt,GEAR,TRAINER,1,5665,6998,80,1
10056,Orange Mageweave Shirt,GEAR,TRAINER,1,5551,6998,79,1
10056,Orange Mageweave Shirt,GEAR,TRAINER,1,5273,6998,75,1
10056,Orange Mageweave Shirt,GEAR,TRAINER,1,5781,6998,82,1
10056,Orange Mageweave Shirt,GEAR,TRAINER,1,5665,6998,80,1
10056,Orange Mageweave Shirt,GEAR,TRAINER,1,5551,6998,79,1
10056,Orange Mageweave Shirt,GEAR,TRAINER,1,5273,6998,75,1
10056,Orange Mageweave Shirt,GEAR,TRAINER,1,5781,6998,82,1
14342,Mooncloth,INTERMEDIATE,VENDOR,1,17480,15200,115,0
14342,Mooncloth,INTERMEDIATE,VENDOR,14,16606,15200,109,0
34086,Winter Boots,GEAR,VENDOR,1,10761,13588,79,1
34086,Winter Boots,GEAR,VENDOR,1,10330,13588,76,1
34086,Winter Boots,GEAR,VENDOR,1,10226,13588,75,1
34086,Winter Boots,GEAR,VENDOR,1,10021,13588,73,1
34086,Winter Boots,GEAR,VENDOR,1,10761,13588,79,1
34086,Winter Boots,GEAR,VENDOR,1,10330,13588,76,1
34086,Winter Boots,GEAR,VENDOR,1,10226,13588,75,1
34086,Winter Boots,GEAR,VENDOR,1,10021,13588,73,1
34086,Winter Boots,GEAR,VENDOR,1,10761,13588,79,1
34086,Winter Boots,GEAR,VENDOR,1,10330,13588,76,1
34086,Winter Boots,GEAR,VENDOR,1,10226,13588,75,1
34086,Winter Boots,GEAR,VENDOR,1,10021,13588,73,1
14342,Mooncloth,INTERMEDIATE,VENDOR,5,12588,15200,82,1
14342,Mooncloth,INTERMEDIATE,VENDOR,2,12336,15200,81,1
3826,Major Troll's Blood Elixir,ELIXIR_POT,DROP,5,422,440,95,1
20750,Wizard Oil,MISC,VENDOR,1,68409,58550,116,0
20750,Wizard Oil,MISC,VENDOR,1,67724,58550,115,0
20750,Wizard Oil,MISC,VENDOR,1,65015,58550,111,0
20750,Wizard Oil,MISC,VENDOR,1,68409,58550,116,0
44839,Candied Sweet Potato,FOOD,DROP,11,15,18,83,1
13423,Stonescale Oil,INTERMEDIATE,TRAINER,2,76,102,74,1
13423,Stonescale Oil,INTERMEDIATE,TRAINER,4,72,102,70,1
15997,Thorium Shells,AMMO,TRAINER,1000,18,22,81,1
15997,Thorium Shells,AMMO,TRAINER,400,17,22,77,1
22573,Mote of Earth,INTERMEDIATE,TRAINER,10,2908,3200,90,1
22573,Mote of Earth,INTERMEDIATE,TRAINER,10,2762,3200,86,1
22573,Mote of Earth,INTERMEDIATE,TRAINER,10,2908,3200,90,1
22573,Mote of Earth,INTERMEDIATE,TRAINER,10,2762,3200,86,1
22573,Mote of Earth,INTERMEDIATE,TRAINER,10,2908,3200,90,1
22573,Mote of Earth,INTERMEDIATE,TRAINER,5,2762,3200,86,1
22573,Mote of Earth,INTERMEDIATE,TRAINER,5,2908,3200,90,1
22448,Small Prismatic Shard,INTERMEDIATE,TRAINER,20,1,0,0,1
22448,Small Prismatic Shard,INTERMEDIATE,TRAINER,5,1,0,0,1
22448,Small Prismatic Shard,INTERMEDIATE,TRAINER,5,1,0,0,1
22448,Small Prismatic Shard,INTERMEDIATE,TRAINER,20,1,0,0,1
22448,Small Prismatic Shard,INTERMEDIATE,TRAINER,20,1,0,0,1
22448,Small Prismatic Shard,INTERMEDIATE,TRAINER,3,1,0,0,1
22448,Small Prismatic Shard,INTERMEDIATE,TRAINER,2,1,0,0,1
19044,Might of the Timbermaw,GEAR,VENDOR,1,169942,126578,134,0
13423,Stonescale Oil,INTERMEDIATE,TRAINER,4,90,102,88,1
13423,Stonescale Oil,INTERMEDIATE,TRAINER,11,88,102,86,1
10513,Mithril Gyro-Shot,AMMO,TRAINER,1000,23,26,88,1
10056,Orange Mageweave Shirt,GEAR,TRAINER,1,6898,6998,98,1
10056,Orange Mageweave Shirt,GEAR,TRAINER,1,6829,6998,97,1
10056,Orange Mageweave Shirt,GEAR,TRAINER,1,6898,6998,98,1
10056,Orange Mageweave Shirt,GEAR,TRAINER,1,6829,6998,97,1
10056,Orange Mageweave Shirt,GEAR,TRAINER,1,6898,6998,98,1
10056,Orange Mageweave Shirt,GEAR,TRAINER,1,6829,6998,97,1
10056,Orange Mageweave Shirt,GEAR,TRAINER,1,6898,6998,98,1
10056,Orange Mageweave Shirt,GEAR,TRAINER,1,6829,6998,97,1
10056,Orange Mageweave Shirt,GEAR,TRAINER,1,6898,6998,98,1
10056,Orange Mageweave Shirt,GEAR,TRAINER,1,6829,6998,97,1
10056,Orange Mageweave Shirt,GEAR,TRAINER,1,6898,6998,98,1
10056,Orange Mageweave Shirt,GEAR,TRAINER,1,6829,6998,97,1
10056,Orange Mageweave Shirt,GEAR,TRAINER,1,6898,6998,98,1
4339,Bolt of Mageweave,INTERMEDIATE,TRAINER,3,4355,5050,86,1
4339,Bolt of Mageweave,INTERMEDIATE,TRAINER,3,4267,5050,84,1
22448,Small Prismatic Shard,INTERMEDIATE,TRAINER,11,1,0,0,0
22448,Small Prismatic Shard,INTERMEDIATE,TRAINER,4,1,0,0,0
34086,Winter Boots,GEAR,VENDOR,1,9579,13588,70,1
34086,Winter Boots,GEAR,VENDOR,1,9291,13588,68,1
34086,Winter Boots,GEAR,VENDOR,1,9579,13588,70,1
34086,Winter Boots,GEAR,VENDOR,1,9291,13588,68,1
34086,Winter Boots,GEAR,VENDOR,1,9579,13588,70,1
34086,Winter Boots,GEAR,VENDOR,1,9291,13588,68,1
34086,Winter Boots,GEAR,VENDOR,1,9579,13588,70,1
34086,Winter Boots,GEAR,VENDOR,1,9291,13588,68,1
34086,Winter Boots,GEAR,VENDOR,1,9579,13588,70,1
34086,Winter Boots,GEAR,VENDOR,1,9291,13588,68,1
34086,Winter Boots,GEAR,VENDOR,1,9579,13588,70,1
34086,Winter Boots,GEAR,VENDOR,1,9291,13588,68,1
34086,Winter Boots,GEAR,VENDOR,1,9579,13588,70,1
34086,Winter Boots,GEAR,VENDOR,1,9291,13588,68,1
34086,Winter Boots,GEAR,VENDOR,1,9579,13588,70,1
22448,Small Prismatic Shard,INTERMEDIATE,TRAINER,20,1,0,0,1
22448,Small Prismatic Shard,INTERMEDIATE,TRAINER,5,1,0,0,1
22448,Small Prismatic Shard,INTERMEDIATE,TRAINER,5,1,0,0,1
10512,Hi-Impact Mithril Slugs,AMMO,TRAINER,1000,9,13,69,1
10512,Hi-Impact Mithril Slugs,AMMO,TRAINER,800,8,13,61,1
13512,Flask of Supreme Power,FLASK,DROP,5,24704,11430,216,0
13512,Flask of Supreme Power,FLASK,DROP,19,23962,11430,209,0
15997,Thorium Shells,AMMO,TRAINER,1000,15,22,68,1
15997,Thorium Shells,AMMO,TRAINER,600,14,22,63,1
15997,Thorium Shells,AMMO,TRAINER,1000,15,22,68,1
15997,Thorium Shells,AMMO,TRAINER,1000,14,22,63,1
15997,Thorium Shells,AMMO,TRAINER,200,15,22,68,1
10056,Orange Mageweave Shirt,GEAR,TRAINER,1,5266,6998,75,1
10056,Orange Mageweave Shirt,GEAR,TRAINER,1,5108,6998,72,1
10056,Orange Mageweave Shirt,GEAR,TRAINER,1,5266,6998,75,1
10056,Orange Mageweave Shirt,GEAR,TRAINER,1,5108,6998,72,1
10056,Orange Mageweave Shirt,GEAR,TRAINER,1,5266,6998,75,1
10056,Orange Mageweave Shirt,GEAR,TRAINER,1,5108,6998,72,1
10056,Orange Mageweave Shirt,GEAR,TRAINER,1,5266,6998,75,1
10056,Orange Mageweave Shirt,GEAR,TRAINER,1,5108,6998,72,1
13423,Stonescale Oil,INTERMEDIATE,TRAINER,5,85,102,83,1
13423,Stonescale Oil,INTERMEDIATE,TRAINER,3,83,102,81,1
8173,Thick Armor Kit,MISC,TRAINER,10,6587,6440,102,1
8173,Thick Armor Kit,MISC,TRAINER,3,6389,6440,99,1
9999,Black Mageweave Leggings,GEAR,TRAINER,1,7937,9496,83,1
9999,Black Mageweave Leggings,GEAR,TRAINER,1,7619,9496,80,1
9999,Black Mageweave Leggings,GEAR,TRAINER,1,7314,9496,77,1
9999,Black Mageweave Leggings,GEAR,TRAINER,1,7937,9496,83,1
9999,Black Mageweave Leggings,GEAR,TRAINER,1,7619,9496,80,1
9999,Black Mageweave Leggings,GEAR,TRAINER,1,7314,9496,77,1
9999,Black Mageweave Leggings,GEAR,TRAINER,1,7937,9496,83,1
12655,Enchanted Thorium Bar,INTERMEDIATE,TRAINER,6,42145,36825,114,0
12655,Enchanted Thorium Bar,INTERMEDIATE,TRAINER,8,40880,36825,111,0
38277,Haliscan Jacket,GEAR,VENDOR,1,20264,28040,72,1
38277,Haliscan Jacket,GEAR,VENDOR,1,19656,28040,70,1
38277,Haliscan Jacket,GEAR,VENDOR,1,19262,28040,68,1
38277,Haliscan Jacket,GEAR,VENDOR,1,20264,28040,72,1
38277,Haliscan Jacket,GEAR,VENDOR,1,19656,28040,70,1
38277,Haliscan Jacket,GEAR,VENDOR,1,19262,28040,68,1
38277,Haliscan Jacket,GEAR,VENDOR,1,20264,28040,72,1
22448,Small Prismatic Shard,INTERMEDIATE,TRAINER,20,1,0,0,1
22448,Small Prismatic Shard,INTERMEDIATE,TRAINER,2,1,0,0,1
22448,Small Prismatic Shard,INTERMEDIATE,TRAINER,11,1,0,0,1
22445,Arcane Dust,INTERMEDIATE,UNSOURCED,20,13714,5013,273,0
22445,Arcane Dust,INTERMEDIATE,UNSOURCED,19,13165,5013,262,0
10512,Hi-Impact Mithril Slugs,AMMO,TRAINER,1000,9,13,69,1
10512,Hi-Impact Mithril Slugs,AMMO,TRAINER,800,8,13,61,1
3483,Silvered Bronze Gauntlets,GEAR,TRAINER,1,779,919,84,1
3483,Silvered Bronze Gauntlets,GEAR,TRAINER,1,763,919,83,1
3483,Silvered Bronze Gauntlets,GEAR,TRAINER,1,755,919,82,1
3483,Silvered Bronze Gauntlets,GEAR,TRAINER,1,779,919,84,1
3483,Silvered Bronze Gauntlets,GEAR,TRAINER,1,763,919,83,1
15997,Thorium Shells,AMMO,TRAINER,1000,15,22,68,1
15997,Thorium Shells,AMMO,TRAINER,800,14,22,63,1
4240,Woolen Bag,BAG,TRAINER,1,1544,1324,116,0
20748,Brilliant Mana Oil,MISC,VENDOR,1,345946,229560,150,0
20748,Brilliant Mana Oil,MISC,VENDOR,1,332108,229560,144,0
20748,Brilliant Mana Oil,MISC,VENDOR,1,318823,229560,138,0
20748,Brilliant Mana Oil,MISC,VENDOR,1,345946,229560,150,0
18262,Elemental Sharpening Stone,MISC,DROP,12,7884,9216,85,1
5765,Black Silk Pack,BAG,DROP,1,35528,13280,267,0
5765,Black Silk Pack,BAG,DROP,1,34106,13280,256,0
10003,Black Mageweave Gloves,GEAR,TRAINER,1,10937,11996,91,1
10003,Black Mageweave Gloves,GEAR,TRAINER,1,10499,11996,87,1
10003,Black Mageweave Gloves,GEAR,TRAINER,1,10079,11996,84,1
10003,Black Mageweave Gloves,GEAR,TRAINER,1,10937,11996,91,1
10003,Black Mageweave Gloves,GEAR,TRAINER,1,10499,11996,87,1
10003,Black Mageweave Gloves,GEAR,TRAINER,1,10079,11996,84,1
10003,Black Mageweave Gloves,GEAR,TRAINER,1,10937,11996,91,1
10003,Black Mageweave Gloves,GEAR,TRAINER,1,10499,11996,87,1
10003,Black Mageweave Gloves,GEAR,TRAINER,1,10079,11996,84,1
10003,Black Mageweave Gloves,GEAR,TRAINER,1,10937,11996,91,1
10003,Black Mageweave Gloves,GEAR,TRAINER,1,10499,11996,87,1
10003,Black Mageweave Gloves,GEAR,TRAINER,1,10079,11996,84,1
10003,Black Mageweave Gloves,GEAR,TRAINER,1,10937,11996,91,1
7964,Solid Sharpening Stone,MISC,TRAINER,12,475,588,80,1
10513,Mithril Gyro-Shot,AMMO,TRAINER,800,27,26,103,0
12611,Runic Plate Boots,GEAR,DROP,1,331604,113930,291,0
12611,Runic Plate Boots,GEAR,DROP,1,318339,113930,279,0
12611,Runic Plate Boots,GEAR,DROP,1,331604,113930,291,0
10008,White Bandit Mask,GEAR,DROP,1,5320,6023,88,1
10008,White Bandit Mask,GEAR,DROP,1,5266,6023,87,1
10008,White Bandit Mask,GEAR,DROP,1,5320,6023,88,1
10008,White Bandit Mask,GEAR,DROP,1,5266,6023,87,1
10008,White Bandit Mask,GEAR,DROP,1,5320,6023,88,1
10008,White Bandit Mask,GEAR,DROP,1,5266,6023,87,1
10008,White Bandit Mask,GEAR,DROP,1,5320,6023,88,1
10008,White Bandit Mask,GEAR,DROP,1,5266,6023,87,1
10008,White Bandit Mask,GEAR,DROP,1,5320,6023,88,1
10008,White Bandit Mask,GEAR,DROP,1,5266,6023,87,1
10008,White Bandit Mask,GEAR,DROP,1,5320,6023,88,1
10008,White Bandit Mask,GEAR,DROP,1,5266,6023,87,1
10008,White Bandit Mask,GEAR,DROP,1,5320,6023,88,1
10008,White Bandit Mask,GEAR,DROP,1,5266,6023,87,1
12810,Enchanted Leather,INTERMEDIATE,TRAINER,8,83640,83640,100,0
12810,Enchanted Leather,INTERMEDIATE,TRAINER,4,83640,83640,100,0
13423,Stonescale Oil,INTERMEDIATE,TRAINER,1,94,102,92,1
13423,Stonescale Oil,INTERMEDIATE,TRAINER,7,91,102,89,1
15997,Thorium Shells,AMMO,TRAINER,1000,16,22,72,1
15997,Thorium Shells,AMMO,TRAINER,400,15,22,68,1
15997,Thorium Shells,AMMO,TRAINER,1000,18,22,81,1
15997,Thorium Shells,AMMO,TRAINER,800,17,22,77,1
10008,White Bandit Mask,GEAR,DROP,1,4949,6023,82,1
10008,White Bandit Mask,GEAR,DROP,1,4850,6023,80,1
10008,White Bandit Mask,GEAR,DROP,1,4704,6023,78,1
10008,White Bandit Mask,GEAR,DROP,1,4562,6023,75,1
10008,White Bandit Mask,GEAR,DROP,1,4949,6023,82,1
10008,White Bandit Mask,GEAR,DROP,1,4850,6023,80,1
10008,White Bandit Mask,GEAR,DROP,1,4704,6023,78,1
10008,White Bandit Mask,GEAR,DROP,1,4562,6023,75,1
14342,Mooncloth,INTERMEDIATE,VENDOR,10,11065,15200,72,1
14342,Mooncloth,INTERMEDIATE,VENDOR,2,10733,15200,70,1
22574,Mote of Fire,INTERMEDIATE,TRAINER,10,2592,3200,81,1
22574,Mote of Fire,INTERMEDIATE,TRAINER,10,2462,3200,76,1
22574,Mote of Fire,INTERMEDIATE,TRAINER,10,2592,3200,81,1
22574,Mote of Fire,INTERMEDIATE,TRAINER,10,2462,3200,76,1
22574,Mote of Fire,INTERMEDIATE,TRAINER,10,2592,3200,81,1
22574,Mote of Fire,INTERMEDIATE,TRAINER,10,2462,3200,76,1
22574,Mote of Fire,INTERMEDIATE,TRAINER,10,2592,3200,81,1
22574,Mote of Fire,INTERMEDIATE,TRAINER,10,2462,3200,76,1
22574,Mote of Fire,INTERMEDIATE,TRAINER,10,2592,3200,81,1
22574,Mote of Fire,INTERMEDIATE,TRAINER,10,2462,3200,76,1
22574,Mote of Fire,INTERMEDIATE,TRAINER,4,2592,3200,81,1
22574,Mote of Fire,INTERMEDIATE,TRAINER,6,2462,3200,76,1
22448,Small Prismatic Shard,INTERMEDIATE,TRAINER,20,1,0,0,1
22448,Small Prismatic Shard,INTERMEDIATE,TRAINER,8,1,0,0,1
22448,Small Prismatic Shard,INTERMEDIATE,TRAINER,2,1,0,0,1
14048,Bolt of Runecloth,INTERMEDIATE,TRAINER,13,10501,11880,88,1
13506,Potion of Petrification,ELIXIR_POT,DROP,5,489,607,80,1
13506,Potion of Petrification,ELIXIR_POT,DROP,17,469,607,77,1
4234,Heavy Leather,INTERMEDIATE,TRAINER,5,1090,1090,100,0
4234,Heavy Leather,INTERMEDIATE,TRAINER,4,1090,1090,100,0
15407,Cured Rugged Hide,INTERMEDIATE,TRAINER,1,7584,9060,83,1
15407,Cured Rugged Hide,INTERMEDIATE,TRAINER,14,7204,9060,79,1
12190,Dreamless Sleep Potion,ELIXIR_POT,TRAINER,5,6212,5900,105,0
12190,Dreamless Sleep Potion,ELIXIR_POT,TRAINER,1,6025,5900,102,0
13445,Elixir of Superior Defense,ELIXIR_POT,VENDOR,11,1006,1064,94,1
6037,Truesilver Bar,INTERMEDIATE,TRAINER,3,5269,4120,127,0
6037,Truesilver Bar,INTERMEDIATE,TRAINER,2,5216,4120,126,0
8170,Rugged Leather,INTERMEDIATE,TRAINER,3,5836,7128,81,1
8170,Rugged Leather,INTERMEDIATE,TRAINER,6,5719,7128,80,1
15997,Thorium Shells,AMMO,TRAINER,1000,17,22,77,1
15997,Thorium Shells,AMMO,TRAINER,1000,16,22,72,1
15997,Thorium Shells,AMMO,TRAINER,800,17,22,77,1
5081,Kodo Hide Bag,BAG,UNSOURCED,1,1466,853,171,0
5081,Kodo Hide Bag,BAG,UNSOURCED,1,1422,853,166,0
5081,Kodo Hide Bag,BAG,UNSOURCED,1,1379,853,161,0
10512,Hi-Impact Mithril Slugs,AMMO,TRAINER,1000,10,13,76,1
10512,Hi-Impact Mithril Slugs,AMMO,TRAINER,200,9,13,69,1
12404,Dense Sharpening Stone,MISC,TRAINER,13,1266,1440,87,1
13506,Potion of Petrification,ELIXIR_POT,DROP,20,495,607,81,1
13506,Potion of Petrification,ELIXIR_POT,DROP,10,475,607,78,1
4361,Copper Tube,INTERMEDIATE,TRAINER,9,163,140,116,0
4361,Copper Tube,INTERMEDIATE,TRAINER,2,161,140,115,0
10008,White Bandit Mask,GEAR,DROP,1,4603,6023,76,1
10008,White Bandit Mask,GEAR,DROP,1,4556,6023,75,1
10008,White Bandit Mask,GEAR,DROP,1,4328,6023,71,1
10008,White Bandit Mask,GEAR,DROP,1,4603,6023,76,1
10008,White Bandit Mask,GEAR,DROP,1,4556,6023,75,1
10008,White Bandit Mask,GEAR,DROP,1,4328,6023,71,1
10008,White Bandit Mask,GEAR,DROP,1,4603,6023,76,1
10008,White Bandit Mask,GEAR,DROP,1,4556,6023,75,1
10008,White Bandit Mask,GEAR,DROP,1,4328,6023,71,1
10008,White Bandit Mask,GEAR,DROP,1,4603,6023,76,1
10008,White Bandit Mask,GEAR,DROP,1,4556,6023,75,1
10008,White Bandit Mask,GEAR,DROP,1,4328,6023,71,1
10008,White Bandit Mask,GEAR,DROP,1,4603,6023,76,1
15997,Thorium Shells,AMMO,TRAINER,1000,15,22,68,1
15997,Thorium Shells,AMMO,TRAINER,1000,14,22,63,1
15997,Thorium Shells,AMMO,TRAINER,600,13,22,59,1
13423,Stonescale Oil,INTERMEDIATE,TRAINER,4,80,102,78,1
13423,Stonescale Oil,INTERMEDIATE,TRAINER,2,78,102,76,1
12404,Dense Sharpening Stone,MISC,TRAINER,15,1204,1440,83,1
22448,Small Prismatic Shard,INTERMEDIATE,TRAINER,15,1,0,0,1
15138,Onyxia Scale Cloak,GEAR,UNSOURCED,1,348782,125317,278,0
15138,Onyxia Scale Cloak,GEAR,UNSOURCED,1,334830,125317,267,0
15138,Onyxia Scale Cloak,GEAR,UNSOURCED,1,324785,125317,259,0
10008,White Bandit Mask,GEAR,DROP,1,5582,6023,92,1
10008,White Bandit Mask,GEAR,DROP,1,5526,6023,91,1
10008,White Bandit Mask,GEAR,DROP,1,5249,6023,87,1
10008,White Bandit Mask,GEAR,DROP,1,5196,6023,86,1
10008,White Bandit Mask,GEAR,DROP,1,5582,6023,92,1
10008,White Bandit Mask,GEAR,DROP,1,5526,6023,91,1
4339,Bolt of Mageweave,INTERMEDIATE,TRAINER,2,4557,5050,90,1
4339,Bolt of Mageweave,INTERMEDIATE,TRAINER,9,4420,5050,87,1
16008,Master Engineer's Goggles,GEAR,TRAINER,1,243228,191022,127,0
4251,Hillman's Shoulders,GEAR,TRAINER,1,1344,1779,75,1
4251,Hillman's Shoulders,GEAR,TRAINER,1,1303,1779,73,1
4251,Hillman's Shoulders,GEAR,TRAINER,1,1344,1779,75,1
4251,Hillman's Shoulders,GEAR,TRAINER,1,1303,1779,73,1
4251,Hillman's Shoulders,GEAR,TRAINER,1,1344,1779,75,1
4251,Hillman's Shoulders,GEAR,TRAINER,1,1303,1779,73,1
4251,Hillman's Shoulders,GEAR,TRAINER,1,1344,1779,75,1
4251,Hillman's Shoulders,GEAR,TRAINER,1,1303,1779,73,1
4251,Hillman's Shoulders,GEAR,TRAINER,1,1344,1779,75,1
4251,Hillman's Shoulders,GEAR,TRAINER,1,1303,1779,73,1
6450,Silk Bandage,MISC,TRAINER,6,535,594,90,1
12643,Dense Weightstone,MISC,TRAINER,5,2911,3816,76,1
22445,Arcane Dust,INTERMEDIATE,UNSOURCED,20,8581,5013,171,0
22445,Arcane Dust,INTERMEDIATE,UNSOURCED,1,8495,5013,169,0
22251,Cenarion Herb Bag,BAG,VENDOR,1,106829,79933,133,0
22251,Cenarion Herb Bag,BAG,VENDOR,1,101487,79933,126,0
13510,Flask of the Titans,FLASK,DROP,20,36620,16860,217,0
34086,Winter Boots,GEAR,VENDOR,1,10761,13588,79,1
34086,Winter Boots,GEAR,VENDOR,1,10330,13588,76,1
34086,Winter Boots,GEAR,VENDOR,1,10761,13588,79,1
34086,Winter Boots,GEAR,VENDOR,1,10330,13588,76,1
34086,Winter Boots,GEAR,VENDOR,1,10761,13588,79,1
34086,Winter Boots,GEAR,VENDOR,1,10330,13588,76,1
34086,Winter Boots,GEAR,VENDOR,1,10761,13588,79,1
34086,Winter Boots,GEAR,VENDOR,1,10330,13588,76,1
34086,Winter Boots,GEAR,VENDOR,1,10761,13588,79,1
34086,Winter Boots,GEAR,VENDOR,1,10330,13588,76,1
22448,Small Prismatic Shard,INTERMEDIATE,TRAINER,20,1,0,0,0
22448,Small Prismatic Shard,INTERMEDIATE,TRAINER,4,1,0,0,0
15997,Thorium Shells,AMMO,TRAINER,1000,15,22,68,1
15997,Thorium Shells,AMMO,TRAINER,600,14,22,63,1
15084,Wicked Leather Bracers,GEAR,TRAINER,1,18259,22320,81,1
15084,Wicked Leather Bracers,GEAR,TRAINER,1,17711,22320,79,1
15084,Wicked Leather Bracers,GEAR,TRAINER,1,17356,22320,77,1
15084,Wicked Leather Bracers,GEAR,TRAINER,1,18259,22320,81,1
15084,Wicked Leather Bracers,GEAR,TRAINER,1,17711,22320,79,1
15084,Wicked Leather Bracers,GEAR,TRAINER,1,17356,22320,77,1
15084,Wicked Leather Bracers,GEAR,TRAINER,1,18259,22320,81,1
15061,Living Shoulders,GEAR,VENDOR,1,57231,45480,125,0
12810,Enchanted Leather,INTERMEDIATE,TRAINER,5,83640,83640,100,0
12810,Enchanted Leather,INTERMEDIATE,TRAINER,10,83640,83640,100,0
13423,Stonescale Oil,INTERMEDIATE,TRAINER,6,81,102,79,1
13423,Stonescale Oil,INTERMEDIATE,TRAINER,4,79,102,77,1
12643,Dense Weightstone,MISC,TRAINER,9,3237,3816,84,1
12655,Enchanted Thorium Bar,INTERMEDIATE,TRAINER,4,46031,36825,124,0
12655,Enchanted Thorium Bar,INTERMEDIATE,TRAINER,7,44650,36825,121,0
10512,Hi-Impact Mithril Slugs,AMMO,TRAINER,1000,12,13,92,1
10512,Hi-Impact Mithril Slugs,AMMO,TRAINER,1000,11,13,84,1
10512,Hi-Impact Mithril Slugs,AMMO,TRAINER,400,10,13,76,1
4305,Bolt of Silk Cloth,INTERMEDIATE,TRAINER,7,2629,2376,110,0
4305,Bolt of Silk Cloth,INTERMEDIATE,TRAINER,5,2497,2376,105,0
10048,Colorful Kilt,GEAR,DROP,1,1795,2290,78,1
10048,Colorful Kilt,GEAR,DROP,1,1741,2290,76,1
10048,Colorful Kilt,GEAR,DROP,1,1795,2290,78,1
10048,Colorful Kilt,GEAR,DROP,1,1741,2290,76,1
10048,Colorful Kilt,GEAR,DROP,1,1795,2290,78,1
10048,Colorful Kilt,GEAR,DROP,1,1741,2290,76,1
10048,Colorful Kilt,GEAR,DROP,1,1795,2290,78,1
10048,Colorful Kilt,GEAR,DROP,1,1741,2290,76,1
10048,Colorful Kilt,GEAR,DROP,1,1795,2290,78,1
10048,Colorful Kilt,GEAR,DROP,1,1741,2290,76,1
10048,Colorful Kilt,GEAR,DROP,1,1795,2290,78,1
10048,Colorful Kilt,GEAR,DROP,1,1741,2290,76,1
10048,Colorful Kilt,GEAR,DROP,1,1795,2290,78,1
10048,Colorful Kilt,GEAR,DROP,1,1741,2290,76,1
10048,Colorful Kilt,GEAR,DROP,1,1795,2290,78,1
13506,Potion of Petrification,ELIXIR_POT,DROP,5,621,607,102,1
13506,Potion of Petrification,ELIXIR_POT,DROP,5,608,607,100,1
13506,Potion of Petrification,ELIXIR_POT,DROP,5,621,607,102,1
13506,Potion of Petrification,ELIXIR_POT,DROP,11,608,607,100,1
8827,Elixir of Water Walking,ELIXIR_POT,UNSOURCED,5,11000,6180,177,0
14048,Bolt of Runecloth,INTERMEDIATE,TRAINER,8,9385,11880,78,1
14048,Bolt of Runecloth,INTERMEDIATE,TRAINER,3,8915,11880,75,1
14342,Mooncloth,INTERMEDIATE,VENDOR,12,10884,15200,71,1
14342,Mooncloth,INTERMEDIATE,VENDOR,2,10339,15200,68,1
15083,Wicked Leather Gauntlets,GEAR,VENDOR,1,20247,22320,90,1
15083,Wicked Leather Gauntlets,GEAR,VENDOR,1,19842,22320,88,1
15083,Wicked Leather Gauntlets,GEAR,VENDOR,1,19246,22320,86,1
15083,Wicked Leather Gauntlets,GEAR,VENDOR,1,20247,22320,90,1
15083,Wicked Leather Gauntlets,GEAR,VENDOR,1,19842,22320,88,1
15083,Wicked Leather Gauntlets,GEAR,VENDOR,1,19246,22320,86,1
15083,Wicked Leather Gauntlets,GEAR,VENDOR,1,20247,22320,90,1
15083,Wicked Leather Gauntlets,GEAR,VENDOR,1,19842,22320,88,1
15083,Wicked Leather Gauntlets,GEAR,VENDOR,1,19246,22320,86,1
15083,Wicked Leather Gauntlets,GEAR,VENDOR,1,20247,22320,90,1
12655,Enchanted Thorium Bar,INTERMEDIATE,TRAINER,7,44888,36825,121,0
20747,Lesser Mana Oil,MISC,VENDOR,1,51937,39380,131,0
3390,Elixir of Lesser Agility,ELIXIR_POT,DROP,5,584,344,169,0
3390,Elixir of Lesser Agility,ELIXIR_POT,DROP,3,560,344,162,0
13423,Stonescale Oil,INTERMEDIATE,TRAINER,6,74,102,72,1
13423,Stonescale Oil,INTERMEDIATE,TRAINER,3,73,102,71,1
14048,Bolt of Runecloth,INTERMEDIATE,TRAINER,7,14701,11880,123,0
14048,Bolt of Runecloth,INTERMEDIATE,TRAINER,2,14259,11880,120,0
15054,Volcanic Leggings,GEAR,DROP,1,21209,23176,91,1
15054,Volcanic Leggings,GEAR,DROP,1,20996,23176,90,1
15054,Volcanic Leggings,GEAR,DROP,1,20786,23176,89,1
15054,Volcanic Leggings,GEAR,DROP,1,21209,23176,91,1
15054,Volcanic Leggings,GEAR,DROP,1,20996,23176,90,1
15054,Volcanic Leggings,GEAR,DROP,1,20786,23176,89,1
15054,Volcanic Leggings,GEAR,DROP,1,21209,23176,91,1
15054,Volcanic Leggings,GEAR,DROP,1,20996,23176,90,1
15054,Volcanic Leggings,GEAR,DROP,1,20786,23176,89,1
15054,Volcanic Leggings,GEAR,DROP,1,21209,23176,91,1
10513,Mithril Gyro-Shot,AMMO,TRAINER,1000,22,26,84,1
5633,Great Rage Potion,ELIXIR_POT,VENDOR,5,839,601,139,0
5633,Great Rage Potion,ELIXIR_POT,VENDOR,12,805,601,133,0
4305,Bolt of Silk Cloth,INTERMEDIATE,TRAINER,9,2398,2376,100,0
4305,Bolt of Silk Cloth,INTERMEDIATE,TRAINER,2,2376,2376,100,0
15407,Cured Rugged Hide,INTERMEDIATE,TRAINER,5,7762,9060,85,1
15407,Cured Rugged Hide,INTERMEDIATE,TRAINER,7,7373,9060,81,1
22448,Small Prismatic Shard,INTERMEDIATE,TRAINER,20,1,0,0,1
22448,Small Prismatic Shard,INTERMEDIATE,TRAINER,19,1,0,0,1
22448,Small Prismatic Shard,INTERMEDIATE,TRAINER,20,1,0,0,0
22448,Small Prismatic Shard,INTERMEDIATE,TRAINER,1,1,0,0,0
34086,Winter Boots,GEAR,VENDOR,1,11246,13588,82,1
34086,Winter Boots,GEAR,VENDOR,1,10908,13588,80,1
34086,Winter Boots,GEAR,VENDOR,1,11246,13588,82,1
34086,Winter Boots,GEAR,VENDOR,1,10908,13588,80,1
34086,Winter Boots,GEAR,VENDOR,1,11246,13588,82,1
34086,Winter Boots,GEAR,VENDOR,1,10908,13588,80,1
34086,Winter Boots,GEAR,VENDOR,1,11246,13588,82,1
34086,Winter Boots,GEAR,VENDOR,1,10908,13588,80,1
34086,Winter Boots,GEAR,VENDOR,1,11246,13588,82,1
34086,Winter Boots,GEAR,VENDOR,1,10908,13588,80,1
34086,Winter Boots,GEAR,VENDOR,1,11246,13588,82,1
34086,Winter Boots,GEAR,VENDOR,1,10908,13588,80,1
34086,Winter Boots,GEAR,VENDOR,1,11246,13588,82,1
34086,Winter Boots,GEAR,VENDOR,1,10908,13588,80,1
34086,Winter Boots,GEAR,VENDOR,1,11246,13588,82,1
5966,Guardian Gloves,GEAR,TRAINER,1,3783,4183,90,1
5966,Guardian Gloves,GEAR,TRAINER,1,3631,4183,86,1
5966,Guardian Gloves,GEAR,TRAINER,1,3485,4183,83,1
5966,Guardian Gloves,GEAR,TRAINER,1,3783,4183,90,1
5966,Guardian Gloves,GEAR,TRAINER,1,3631,4183,86,1
5966,Guardian Gloves,GEAR,TRAINER,1,3485,4183,83,1
5966,Guardian Gloves,GEAR,TRAINER,1,3783,4183,90,1
5966,Guardian Gloves,GEAR,TRAINER,1,3631,4183,86,1
5966,Guardian Gloves,GEAR,TRAINER,1,3485,4183,83,1
5966,Guardian Gloves,GEAR,TRAINER,1,3783,4183,90,1
5966,Guardian Gloves,GEAR,TRAINER,1,3631,4183,86,1
5966,Guardian Gloves,GEAR,TRAINER,1,3485,4183,83,1
5966,Guardian Gloves,GEAR,TRAINER,1,3783,4183,90,1
15997,Thorium Shells,AMMO,TRAINER,400,26,22,118,0
13511,Flask of Distilled Wisdom,FLASK,DROP,20,28203,13430,210,0
13511,Flask of Distilled Wisdom,FLASK,DROP,2,27356,13430,203,0
14342,Mooncloth,INTERMEDIATE,VENDOR,3,12448,15200,81,1
14342,Mooncloth,INTERMEDIATE,VENDOR,6,12074,15200,79,1
7969,Mithril Spurs,MISC,DROP,1,8772,9624,91,1
7969,Mithril Spurs,MISC,DROP,1,8333,9624,86,1
7969,Mithril Spurs,MISC,DROP,1,7916,9624,82,1
7969,Mithril Spurs,MISC,DROP,1,8772,9624,91,1
7969,Mithril Spurs,MISC,DROP,1,8333,9624,86,1
7969,Mithril Spurs,MISC,DROP,1,7916,9624,82,1
7969,Mithril Spurs,MISC,DROP,1,8772,9624,91,1
7969,Mithril Spurs,MISC,DROP,1,8333,9624,86,1
7969,Mithril Spurs,MISC,DROP,1,7916,9624,82,1
7969,Mithril Spurs,MISC,DROP,1,8772,9624,91,1
14048,Bolt of Runecloth,INTERMEDIATE,TRAINER,1,12711,11880,106,0
14048,Bolt of Runecloth,INTERMEDIATE,TRAINER,11,12583,11880,105,0
13445,Elixir of Superior Defense,ELIXIR_POT,VENDOR,11,779,1064,73,1
15084,Wicked Leather Bracers,GEAR,TRAINER,1,15213,22320,68,1
15084,Wicked Leather Bracers,GEAR,TRAINER,1,14452,22320,64,1
15084,Wicked Leather Bracers,GEAR,TRAINER,1,13729,22320,61,1
15084,Wicked Leather Bracers,GEAR,TRAINER,1,15213,22320,68,1
15084,Wicked Leather Bracers,GEAR,TRAINER,1,14452,22320,64,1
15084,Wicked Leather Bracers,GEAR,TRAINER,1,13729,22320,61,1
15084,Wicked Leather Bracers,GEAR,TRAINER,1,15213,22320,68,1
34086,Winter Boots,GEAR,VENDOR,1,11972,13588,88,1
34086,Winter Boots,GEAR,VENDOR,1,11373,13588,83,1
34086,Winter Boots,GEAR,VENDOR,1,11259,13588,82,1
34086,Winter Boots,GEAR,VENDOR,1,11146,13588,82,1
34086,Winter Boots,GEAR,VENDOR,1,11972,13588,88,1
34086,Winter Boots,GEAR,VENDOR,1,11373,13588,83,1
13423,Stonescale Oil,INTERMEDIATE,TRAINER,6,80,102,78,1
4265,Heavy Armor Kit,MISC,TRAINER,10,2344,3130,74,1
4265,Heavy Armor Kit,MISC,TRAINER,1,2250,3130,71,1
10513,Mithril Gyro-Shot,AMMO,TRAINER,1000,20,26,76,1
8068,Crafted Heavy Shot,AMMO,TRAINER,600,1,0,0,0
9998,Black Mageweave Vest,GEAR,TRAINER,1,7586,9496,79,1
9998,Black Mageweave Vest,GEAR,TRAINER,1,7434,9496,78,1
9998,Black Mageweave Vest,GEAR,TRAINER,1,7136,9496,75,1
9998,Black Mageweave Vest,GEAR,TRAINER,1,7586,9496,79,1
9998,Black Mageweave Vest,GEAR,TRAINER,1,7434,9496,78,1
9998,Black Mageweave Vest,GEAR,TRAINER,1,7136,9496,75,1
9998,Black Mageweave Vest,GEAR,TRAINER,1,7586,9496,79,1
9998,Black Mageweave Vest,GEAR,TRAINER,1,7434,9496,78,1
9998,Black Mageweave Vest,GEAR,TRAINER,1,7136,9496,75,1
9998,Black Mageweave Vest,GEAR,TRAINER,1,7586,9496,79,1
9998,Black Mageweave Vest,GEAR,TRAINER,1,7434,9496,78,1
9998,Black Mageweave Vest,GEAR,TRAINER,1,7136,9496,75,1
9998,Black Mageweave Vest,GEAR,TRAINER,1,7586,9496,79,1
9998,Black Mageweave Vest,GEAR,TRAINER,1,7434,9496,78,1
9998,Black Mageweave Vest,GEAR,TRAINER,1,7136,9496,75,1
12643,Dense Weightstone,MISC,TRAINER,10,3273,3816,85,1
13423,Stonescale Oil,INTERMEDIATE,TRAINER,10,90,102,88,1
13423,Stonescale Oil,INTERMEDIATE,TRAINER,4,89,102,87,1
10513,Mithril Gyro-Shot,AMMO,TRAINER,1000,20,26,76,1
10513,Mithril Gyro-Shot,AMMO,TRAINER,1000,19,26,73,1
10513,Mithril Gyro-Shot,AMMO,TRAINER,200,18,26,69,1
22248,Enchanted Runecloth Bag,BAG,VENDOR,1,702697,551525,127,0
22248,Enchanted Runecloth Bag,BAG,VENDOR,1,674589,551525,122,0
3860,Mithril Bar,INTERMEDIATE,TRAINER,6,1177,1545,76,1
3860,Mithril Bar,INTERMEDIATE,TRAINER,3,1129,1545,73,1
13457,Greater Fire Protection Potion,ELIXIR_POT,DROP,11,5559,3384,164,0
4339,Bolt of Mageweave,INTERMEDIATE,TRAINER,9,5619,5050,111,0
4339,Bolt of Mageweave,INTERMEDIATE,TRAINER,5,5562,5050,110,0
22448,Small Prismatic Shard,INTERMEDIATE,TRAINER,20,1,0,0,1
22448,Small Prismatic Shard,INTERMEDIATE,TRAINER,20,1,0,0,1
22448,Small Prismatic Shard,INTERMEDIATE,TRAINER,1,1,0,0,1
22448,Small Prismatic Shard,INTERMEDIATE,TRAINER,4,1,0,0,1
22249,Big Bag of Enchantment,BAG,DROP,1,1193020,568430,209,0
22249,Big Bag of Enchantment,BAG,DROP,1,1133369,568430,199,0
22249,Big Bag of Enchantment,BAG,DROP,1,1088034,568430,191,0
4236,Cured Heavy Hide,INTERMEDIATE,TRAINER,2,1458,1350,108,0
4236,Cured Heavy Hide,INTERMEDIATE,TRAINER,5,1385,1350,102,0
14342,Mooncloth,INTERMEDIATE,VENDOR,1,10573,15200,69,1
14342,Mooncloth,INTERMEDIATE,VENDOR,4,10361,15200,68,1
14048,Bolt of Runecloth,INTERMEDIATE,TRAINER,4,10834,11880,91,1
14048,Bolt of Runecloth,INTERMEDIATE,TRAINER,1,10725,11880,90,1
22448,Small Prismatic Shard,INTERMEDIATE,TRAINER,20,1,0,0,1
22448,Small Prismatic Shard,INTERMEDIATE,TRAINER,7,1,0,0,1
22448,Small Prismatic Shard,INTERMEDIATE,TRAINER,12,1,0,0,1
10513,Mithril Gyro-Shot,AMMO,TRAINER,1000,25,26,96,1
10513,Mithril Gyro-Shot,AMMO,TRAINER,600,23,26,88,1
14048,Bolt of Runecloth,INTERMEDIATE,TRAINER,8,8980,11880,75,1
8170,Rugged Leather,INTERMEDIATE,TRAINER,4,5902,7128,82,1
8170,Rugged Leather,INTERMEDIATE,TRAINER,9,5783,7128,81,1
15053,Volcanic Breastplate,GEAR,DROP,1,22080,28136,78,1
15053,Volcanic Breastplate,GEAR,DROP,1,21859,28136,77,1
15053,Volcanic Breastplate,GEAR,DROP,1,20984,28136,74,1
15053,Volcanic Breastplate,GEAR,DROP,1,20564,28136,73,1
15053,Volcanic Breastplate,GEAR,DROP,1,22080,28136,78,1
15053,Volcanic Breastplate,GEAR,DROP,1,21859,28136,77,1
15053,Volcanic Breastplate,GEAR,DROP,1,20984,28136,74,1
15997,Thorium Shells,AMMO,TRAINER,1000,16,22,72,1
15997,Thorium Shells,AMMO,TRAINER,1000,15,22,68,1
6037,Truesilver Bar,INTERMEDIATE,TRAINER,9,4938,4120,119,0
12810,Enchanted Leather,INTERMEDIATE,TRAINER,1,110404,83640,131,0
12810,Enchanted Leather,INTERMEDIATE,TRAINER,11,104883,83640,125,0
22448,Small Prismatic Shard,INTERMEDIATE,TRAINER,20,1,0,0,0
22448,Small Prismatic Shard,INTERMEDIATE,TRAINER,20,1,0,0,0
22448,Small Prismatic Shard,INTERMEDIATE,TRAINER,2,1,0,0,0
13423,Stonescale Oil,INTERMEDIATE,TRAINER,2,69,102,67,1
13423,Stonescale Oil,INTERMEDIATE,TRAINER,9,66,102,64,1
10512,Hi-Impact Mithril Slugs,AMMO,TRAINER,400,13,13,100,0
13445,Elixir of Superior Defense,ELIXIR_POT,VENDOR,9,1020,1064,95,1
12810,Enchanted Leather,INTERMEDIATE,TRAINER,1,108732,83640,130,0
12810,Enchanted Leather,INTERMEDIATE,TRAINER,5,104382,83640,124,0
22448,Small Prismatic Shard,INTERMEDIATE,TRAINER,20,1,0,0,0
22448,Small Prismatic Shard,INTERMEDIATE,TRAINER,2,1,0,0,0
22448,Small Prismatic Shard,INTERMEDIATE,TRAINER,2,1,0,0,0
10513,Mithril Gyro-Shot,AMMO,TRAINER,1000,21,26,80,1
10513,Mithril Gyro-Shot,AMMO,TRAINER,1000,20,26,76,1
10513,Mithril Gyro-Shot,AMMO,TRAINER,400,19,26,73,1
20747,Lesser Mana Oil,MISC,VENDOR,1,52311,39380,132,0
20747,Lesser Mana Oil,MISC,VENDOR,1,50741,39380,128,0
20747,Lesser Mana Oil,MISC,VENDOR,1,52311,39380,132,0
20747,Lesser Mana Oil,MISC,VENDOR,1,50741,39380,128,0
20747,Lesser Mana Oil,MISC,VENDOR,1,52311,39380,132,0
2996,Bolt of Linen Cloth,INTERMEDIATE,UNSOURCED,9,322,112,287,0
2996,Bolt of Linen Cloth,INTERMEDIATE,UNSOURCED,1,309,112,275,0
22574,Mote of Fire,INTERMEDIATE,TRAINER,10,2795,3200,87,1
22574,Mote of Fire,INTERMEDIATE,TRAINER,10,2739,3200,85,1
22574,Mote of Fire,INTERMEDIATE,TRAINER,10,2684,3200,83,1
22574,Mote of Fire,INTERMEDIATE,TRAINER,10,2795,3200,87,1
22574,Mote of Fire,INTERMEDIATE,TRAINER,10,2739,3200,85,1
12404,Dense Sharpening Stone,MISC,TRAINER,7,1306,1440,90,1
7964,Solid Sharpening Stone,MISC,TRAINER,7,443,588,75,1
10053,Simple Black Dress,GEAR,TRAINER,1,10542,15019,70,1
10053,Simple Black Dress,GEAR,TRAINER,1,10225,15019,68,1
10053,Simple Black Dress,GEAR,TRAINER,1,10122,15019,67,1
10053,Simple Black Dress,GEAR,TRAINER,1,10542,15019,70,1
10053,Simple Black Dress,GEAR,TRAINER,1,10225,15019,68,1
10053,Simple Black Dress,GEAR,TRAINER,1,10122,15019,67,1
10053,Simple Black Dress,GEAR,TRAINER,1,10542,15019,70,1
10053,Simple Black Dress,GEAR,TRAINER,1,10225,15019,68,1
12404,Dense Sharpening Stone,MISC,TRAINER,10,1139,1440,79,1
13445,Elixir of Superior Defense,ELIXIR_POT,VENDOR,8,840,1064,78,1
22445,Arcane Dust,INTERMEDIATE,UNSOURCED,20,8024,5013,160,0
22445,Arcane Dust,INTERMEDIATE,UNSOURCED,20,7703,5013,153,0
22445,Arcane Dust,INTERMEDIATE,UNSOURCED,1,8024,5013,160,0
22445,Arcane Dust,INTERMEDIATE,UNSOURCED,4,7703,5013,153,0
9998,Black Mageweave Vest,GEAR,TRAINER,1,8295,9496,87,1
9998,Black Mageweave Vest,GEAR,TRAINER,1,8046,9496,84,1
9998,Black Mageweave Vest,GEAR,TRAINER,1,7724,9496,81,1
9998,Black Mageweave Vest,GEAR,TRAINER,1,8295,9496,87,1
9998,Black Mageweave Vest,GEAR,TRAINER,1,8046,9496,84,1
9998,Black Mageweave Vest,GEAR,TRAINER,1,7724,9496,81,1
9998,Black Mageweave Vest,GEAR,TRAINER,1,8295,9496,87,1
9998,Black Mageweave Vest,GEAR,TRAINER,1,8046,9496,84,1
9998,Black Mageweave Vest,GEAR,TRAINER,1,7724,9496,81,1
9998,Black Mageweave Vest,GEAR,TRAINER,1,8295,9496,87,1
9998,Black Mageweave Vest,GEAR,TRAINER,1,8046,9496,84,1
12655,Enchanted Thorium Bar,INTERMEDIATE,TRAINER,5,49253,36825,133,0
12655,Enchanted Thorium Bar,INTERMEDIATE,TRAINER,5,46790,36825,127,0
22445,Arcane Dust,INTERMEDIATE,UNSOURCED,20,12773,5013,254,0
22445,Arcane Dust,INTERMEDIATE,UNSOURCED,4,12645,5013,252,0
22445,Arcane Dust,INTERMEDIATE,UNSOURCED,6,12012,5013,239,0
14146,Gloves of Spell Mastery,GEAR,DROP,1,2339001,1249600,187,0
14146,Gloves of Spell Mastery,GEAR,DROP,1,2222050,1249600,177,0
15997,Thorium Shells,AMMO,TRAINER,1000,18,22,81,1
15997,Thorium Shells,AMMO,TRAINER,600,17,22,77,1
13445,Elixir of Superior Defense,ELIXIR_POT,VENDOR,5,810,1064,76,1
13445,Elixir of Superior Defense,ELIXIR_POT,VENDOR,9,777,1064,73,1
14342,Mooncloth,INTERMEDIATE,VENDOR,6,9928,15200,65,1
14342,Mooncloth,INTERMEDIATE,VENDOR,9,9729,15200,64,1
4236,Cured Heavy Hide,INTERMEDIATE,TRAINER,2,1350,1350,100,0
4236,Cured Heavy Hide,INTERMEDIATE,TRAINER,3,1350,1350,100,0
6048,Shadow Protection Potion,ELIXIR_POT,VENDOR,17,425,306,138,0
12655,Enchanted Thorium Bar,INTERMEDIATE,TRAINER,7,41766,36825,113,0
12655,Enchanted Thorium Bar,INTERMEDIATE,TRAINER,4,40095,36825,108,0
15997,Thorium Shells,AMMO,TRAINER,1000,16,22,72,1
15997,Thorium Shells,AMMO,TRAINER,1000,15,22,68,1
15997,Thorium Shells,AMMO,TRAINER,1000,14,22,63,1
20746,Lesser Wizard Oil,MISC,VENDOR,1,22770,18480,123,0
20746,Lesser Wizard Oil,MISC,VENDOR,1,22086,18480,119,0
20746,Lesser Wizard Oil,MISC,VENDOR,1,21202,18480,114,0
20750,Wizard Oil,MISC,VENDOR,1,62191,58550,106,0
20750,Wizard Oil,MISC,VENDOR,1,59703,58550,101,0
20750,Wizard Oil,MISC,VENDOR,1,58550,58550,100,0
20750,Wizard Oil,MISC,VENDOR,1,58550,58550,100,0
20750,Wizard Oil,MISC,VENDOR,1,62191,58550,106,0
15997,Thorium Shells,AMMO,TRAINER,1000,14,22,63,1
15997,Thorium Shells,AMMO,TRAINER,800,13,22,59,1
12810,Enchanted Leather,INTERMEDIATE,TRAINER,5,89126,83640,106,0
44839,Candied Sweet Potato,FOOD,DROP,8,13,18,72,1
13423,Stonescale Oil,INTERMEDIATE,TRAINER,7,77,102,75,1
22448,Small Prismatic Shard,INTERMEDIATE,TRAINER,20,1,0,0,1
22448,Small Prismatic Shard,INTERMEDIATE,TRAINER,16,1,0,0,1
14046,Runecloth Bag,BAG,VENDOR,1,75456,61005,123,0
14046,Runecloth Bag,BAG,VENDOR,1,74701,61005,122,0
14046,Runecloth Bag,BAG,VENDOR,1,75456,61005,123,0
4339,Bolt of Mageweave,INTERMEDIATE,TRAINER,3,4161,5050,82,1
4339,Bolt of Mageweave,INTERMEDIATE,TRAINER,8,4036,5050,79,1
14155,Mooncloth Bag,BAG,DROP,1,147391,59935,245,0
14155,Mooncloth Bag,BAG,DROP,1,144443,59935,240,0
14155,Mooncloth Bag,BAG,DROP,1,147391,59935,245,0
13506,Potion of Petrification,ELIXIR_POT,DROP,20,504,607,83,1
13506,Potion of Petrification,ELIXIR_POT,DROP,2,498,607,82,1
13423,Stonescale Oil,INTERMEDIATE,TRAINER,8,87,102,85,1
13423,Stonescale Oil,INTERMEDIATE,TRAINER,4,85,102,83,1
13506,Potion of Petrification,ELIXIR_POT,DROP,20,507,607,83,1
13506,Potion of Petrification,ELIXIR_POT,DROP,5,486,607,80,1
13506,Potion of Petrification,ELIXIR_POT,DROP,3,507,607,83,1
13506,Potion of Petrification,ELIXIR_POT,DROP,10,597,607,98,1
14342,Mooncloth,INTERMEDIATE,VENDOR,4,13933,15200,91,1
14342,Mooncloth,INTERMEDIATE,VENDOR,6,13793,15200,90,1
4339,Bolt of Mageweave,INTERMEDIATE,TRAINER,4,5661,5050,112,0
4339,Bolt of Mageweave,INTERMEDIATE,TRAINER,3,5434,5050,107,0
15997,Thorium Shells,AMMO,TRAINER,1000,18,22,81,1
15997,Thorium Shells,AMMO,TRAINER,1000,17,22,77,1
15997,Thorium Shells,AMMO,TRAINER,400,18,22,81,1
13459,Greater Shadow Protection Potion,ELIXIR_POT,DROP,5,1410,1812,77,1
12810,Enchanted Leather,INTERMEDIATE,TRAINER,3,83640,83640,100,0
12810,Enchanted Leather,INTERMEDIATE,TRAINER,4,83640,83640,100,0
44839,Candied Sweet Potato,FOOD,DROP,10,11,18,61,1
34086,Winter Boots,GEAR,VENDOR,1,13155,13588,96,1
34086,Winter Boots,GEAR,VENDOR,1,12760,13588,93,1
34086,Winter Boots,GEAR,VENDOR,1,13155,13588,96,1
34086,Winter Boots,GEAR,VENDOR,1,12760,13588,93,1
34086,Winter Boots,GEAR,VENDOR,1,13155,13588,96,1
22448,Small Prismatic Shard,INTERMEDIATE,TRAINER,20,1,0,0,1
22448,Small Prismatic Shard,INTERMEDIATE,TRAINER,7,1,0,0,1
22448,Small Prismatic Shard,INTERMEDIATE,TRAINER,12,1,0,0,1
4236,Cured Heavy Hide,INTERMEDIATE,TRAINER,10,1374,1350,101,0
4236,Cured Heavy Hide,INTERMEDIATE,TRAINER,1,1350,1350,100,0
15084,Wicked Leather Bracers,GEAR,TRAINER,1,16672,22320,74,1
15084,Wicked Leather Bracers,GEAR,TRAINER,1,16505,22320,73,1
15084,Wicked Leather Bracers,GEAR,TRAINER,1,15679,22320,70,1
15084,Wicked Leather Bracers,GEAR,TRAINER,1,16672,22320,74,1
15084,Wicked Leather Bracers,GEAR,TRAINER,1,16505,22320,73,1
15084,Wicked Leather Bracers,GEAR,TRAINER,1,15679,22320,70,1
15084,Wicked Leather Bracers,GEAR,TRAINER,1,16672,22320,74,1
14342,Mooncloth,INTERMEDIATE,VENDOR,2,13716,15200,90,1
14342,Mooncloth,INTERMEDIATE,VENDOR,8,13167,15200,86,1
22448,Small Prismatic Shard,INTERMEDIATE,TRAINER,13,1,0,0,1
22448,Small Prismatic Shard,INTERMEDIATE,TRAINER,5,1,0,0,1
13445,Elixir of Superior Defense,ELIXIR_POT,VENDOR,5,802,1064,75,1
6450,Silk Bandage,MISC,TRAINER,7,496,594,83,1
12810,Enchanted Leather,INTERMEDIATE,TRAINER,9,99932,83640,119,0
15084,Wicked Leather Bracers,GEAR,TRAINER,1,21819,22320,97,1
15084,Wicked Leather Bracers,GEAR,TRAINER,1,20728,22320,92,1
15084,Wicked Leather Bracers,GEAR,TRAINER,1,20313,22320,91,1
15084,Wicked Leather Bracers,GEAR,TRAINER,1,19703,22320,88,1
15084,Wicked Leather Bracers,GEAR,TRAINER,1,21819,22320,97,1
15084,Wicked Leather Bracers,GEAR,TRAINER,1,20728,22320,92,1
15084,Wicked Leather Bracers,GEAR,TRAINER,1,20313,22320,91,1
15084,Wicked Leather Bracers,GEAR,TRAINER,1,19703,22320,88,1
15084,Wicked Leather Bracers,GEAR,TRAINER,1,21819,22320,97,1
15084,Wicked Leather Bracers,GEAR,TRAINER,1,20728,22320,92,1
8173,Thick Armor Kit,MISC,TRAINER,10,4462,6440,69,1
8173,Thick Armor Kit,MISC,TRAINER,3,4372,6440,67,1
5081,Kodo Hide Bag,BAG,UNSOURCED,1,1706,853,200,0
5763,Red Woolen Bag,BAG,VENDOR,1,2577,1782,144,0
2996,Bolt of Linen Cloth,INTERMEDIATE,UNSOURCED,10,274,112,244,0
2996,Bolt of Linen Cloth,INTERMEDIATE,UNSOURCED,2,260,112,232,0
14048,Bolt of Runecloth,INTERMEDIATE,TRAINER,6,12172,11880,102,1
14048,Bolt of Runecloth,INTERMEDIATE,TRAINER,4,11928,11880,100,1
4233,Cured Medium Hide,INTERMEDIATE,TRAINER,5,949,807,117,0
4233,Cured Medium Hide,INTERMEDIATE,TRAINER,8,939,807,116,0
8176,Nightscape Headband,GEAR,TRAINER,1,5683,6940,81,1
8176,Nightscape Headband,GEAR,TRAINER,1,5455,6940,78,1
8176,Nightscape Headband,GEAR,TRAINER,1,5400,6940,77,1
8176,Nightscape Headband,GEAR,TRAINER,1,5184,6940,74,1
8176,Nightscape Headband,GEAR,TRAINER,1,5683,6940,81,1
8176,Nightscape Headband,GEAR,TRAINER,1,5455,6940,78,1
8176,Nightscape Headband,GEAR,TRAINER,1,5400,6940,77,1
8176,Nightscape Headband,GEAR,TRAINER,1,5184,6940,74,1
8176,Nightscape Headband,GEAR,TRAINER,1,5683,6940,81,1
8176,Nightscape Headband,GEAR,TRAINER,1,5455,6940,78,1
15997,Thorium Shells,AMMO,TRAINER,1000,18,22,81,1
15997,Thorium Shells,AMMO,TRAINER,1000,17,22,77,1
15997,Thorium Shells,AMMO,TRAINER,800,18,22,81,1
12655,Enchanted Thorium Bar,INTERMEDIATE,TRAINER,4,37561,36825,101,0
12655,Enchanted Thorium Bar,INTERMEDIATE,TRAINER,10,36825,36825,100,0
27662,Feltail Delight,FOOD,VENDOR,10,43,48,89,1
2996,Bolt of Linen Cloth,INTERMEDIATE,UNSOURCED,4,257,112,229,0
2996,Bolt of Linen Cloth,INTERMEDIATE,UNSOURCED,2,244,112,217,0
14048,Bolt of Runecloth,INTERMEDIATE,TRAINER,3,10361,11880,87,1
14048,Bolt of Runecloth,INTERMEDIATE,TRAINER,6,10050,11880,84,1
2996,Bolt of Linen Cloth,INTERMEDIATE,UNSOURCED,2,177,112,158,0
2996,Bolt of Linen Cloth,INTERMEDIATE,UNSOURCED,9,175,112,156,0
5763,Red Woolen Bag,BAG,VENDOR,1,2160,1782,121,0
5764,Green Silk Pack,BAG,DROP,1,23856,11722,203,0
5764,Green Silk Pack,BAG,DROP,1,22663,11722,193,0
18262,Elemental Sharpening Stone,MISC,DROP,11,7363,9216,79,1
10056,Orange Mageweave Shirt,GEAR,TRAINER,1,5722,6998,81,1
10056,Orange Mageweave Shirt,GEAR,TRAINER,1,5550,6998,79,1
10056,Orange Mageweave Shirt,GEAR,TRAINER,1,5328,6998,76,1
10056,Orange Mageweave Shirt,GEAR,TRAINER,1,5061,6998,72,1
10056,Orange Mageweave Shirt,GEAR,TRAINER,1,5722,6998,81,1
10056,Orange Mageweave Shirt,GEAR,TRAINER,1,5550,6998,79,1
10056,Orange Mageweave Shirt,GEAR,TRAINER,1,5328,6998,76,1
10056,Orange Mageweave Shirt,GEAR,TRAINER,1,5061,6998,72,1
10056,Orange Mageweave Shirt,GEAR,TRAINER,1,5722,6998,81,1
10056,Orange Mageweave Shirt,GEAR,TRAINER,1,5550,6998,79,1
10056,Orange Mageweave Shirt,GEAR,TRAINER,1,5328,6998,76,1
10056,Orange Mageweave Shirt,GEAR,TRAINER,1,5061,6998,72,1
10056,Orange Mageweave Shirt,GEAR,TRAINER,1,5722,6998,81,1
12359,Thorium Bar,INTERMEDIATE,TRAINER,1,1493,1545,96,1
12359,Thorium Bar,INTERMEDIATE,TRAINER,4,1433,1545,92,1
27663,Blackened Sporefish,FOOD,VENDOR,5,47,48,97,1
27663,Blackened Sporefish,FOOD,VENDOR,4,46,48,95,1
12810,Enchanted Leather,INTERMEDIATE,TRAINER,5,89628,83640,107,0
13423,Stonescale Oil,INTERMEDIATE,TRAINER,4,79,102,77,1
13423,Stonescale Oil,INTERMEDIATE,TRAINER,5,77,102,75,1
10512,Hi-Impact Mithril Slugs,AMMO,TRAINER,1000,8,13,61,1
13445,Elixir of Superior Defense,ELIXIR_POT,VENDOR,9,1018,1064,95,1
13458,Greater Nature Protection Potion,ELIXIR_POT,DROP,8,7430,3360,221,0
19156,Flarecore Robe,GEAR,VENDOR,1,442780,329622,134,0
19156,Flarecore Robe,GEAR,VENDOR,1,433924,329622,131,0
19156,Flarecore Robe,GEAR,VENDOR,1,429584,329622,130,0
7965,Solid Weightstone,MISC,TRAINER,13,830,1182,70,1
10024,Black Mageweave Headband,GEAR,TRAINER,1,15199,15994,95,1
10024,Black Mageweave Headband,GEAR,TRAINER,1,14591,15994,91,1
10024,Black Mageweave Headband,GEAR,TRAINER,1,15199,15994,95,1
10024,Black Mageweave Headband,GEAR,TRAINER,1,14591,15994,91,1
10024,Black Mageweave Headband,GEAR,TRAINER,1,15199,15994,95,1
10024,Black Mageweave Headband,GEAR,TRAINER,1,14591,15994,91,1
10024,Black Mageweave Headband,GEAR,TRAINER,1,15199,15994,95,1
10024,Black Mageweave Headband,GEAR,TRAINER,1,14591,15994,91,1
10024,Black Mageweave Headband,GEAR,TRAINER,1,15199,15994,95,1
10024,Black Mageweave Headband,GEAR,TRAINER,1,14591,15994,91,1
10024,Black Mageweave Headband,GEAR,TRAINER,1,15199,15994,95,1
10024,Black Mageweave Headband,GEAR,TRAINER,1,14591,15994,91,1
10024,Black Mageweave Headband,GEAR,TRAINER,1,15199,15994,95,1
10024,Black Mageweave Headband,GEAR,TRAINER,1,14591,15994,91,1
22445,Arcane Dust,INTERMEDIATE,UNSOURCED,10,8645,5013,172,0
22445,Arcane Dust,INTERMEDIATE,UNSOURCED,5,8472,5013,169,0
12404,Dense Sharpening Stone,MISC,TRAINER,14,1015,1440,70,1
15084,Wicked Leather Bracers,GEAR,TRAINER,1,19719,22320,88,1
15084,Wicked Leather Bracers,GEAR,TRAINER,1,19127,22320,85,1
15084,Wicked Leather Bracers,GEAR,TRAINER,1,18553,22320,83,1
15084,Wicked Leather Bracers,GEAR,TRAINER,1,19719,22320,88,1
15084,Wicked Leather Bracers,GEAR,TRAINER,1,19127,22320,85,1
15084,Wicked Leather Bracers,GEAR,TRAINER,1,18553,22320,83,1
15084,Wicked Leather Bracers,GEAR,TRAINER,1,19719,22320,88,1
15084,Wicked Leather Bracers,GEAR,TRAINER,1,19127,22320,85,1
15084,Wicked Leather Bracers,GEAR,TRAINER,1,18553,22320,83,1
15084,Wicked Leather Bracers,GEAR,TRAINER,1,19719,22320,88,1
15084,Wicked Leather Bracers,GEAR,TRAINER,1,19127,22320,85,1
15084,Wicked Leather Bracers,GEAR,TRAINER,1,18553,22320,83,1
15084,Wicked Leather Bracers,GEAR,TRAINER,1,19719,22320,88,1
15084,Wicked Leather Bracers,GEAR,TRAINER,1,19127,22320,85,1
15084,Wicked Leather Bracers,GEAR,TRAINER,1,18553,22320,83,1
14342,Mooncloth,INTERMEDIATE,VENDOR,7,15573,15200,102,1
14342,Mooncloth,INTERMEDIATE,VENDOR,7,14794,15200,97,1
15054,Volcanic Leggings,GEAR,DROP,1,18934,23176,81,1
15054,Volcanic Leggings,GEAR,DROP,1,18555,23176,80,1
15054,Volcanic Leggings,GEAR,DROP,1,18183,23176,78,1
15054,Volcanic Leggings,GEAR,DROP,1,18934,23176,81,1
15054,Volcanic Leggings,GEAR,DROP,1,18555,23176,80,1
15054,Volcanic Leggings,GEAR,DROP,1,18183,23176,78,1
15054,Volcanic Leggings,GEAR,DROP,1,18934,23176,81,1
15054,Volcanic Leggings,GEAR,DROP,1,18555,23176,80,1
15054,Volcanic Leggings,GEAR,DROP,1,18183,23176,78,1
15054,Volcanic Leggings,GEAR,DROP,1,18934,23176,81,1
15054,Volcanic Leggings,GEAR,DROP,1,18555,23176,80,1
15054,Volcanic Leggings,GEAR,DROP,1,18183,23176,78,1
12644,Dense Grinding Stone,INTERMEDIATE,TRAINER,1,5188,5760,90,1
12644,Dense Grinding Stone,INTERMEDIATE,TRAINER,8,4928,5760,85,1
8545,Heavy Mageweave Bandage,MISC,TRAINER,9,1563,2020,77,1
15997,Thorium Shells,AMMO,TRAINER,1000,26,22,118,0
22448,Small Prismatic Shard,INTERMEDIATE,TRAINER,20,1,0,0,0
22448,Small Prismatic Shard,INTERMEDIATE,TRAINER,10,1,0,0,0
22448,Small Prismatic Shard,INTERMEDIATE,TRAINER,3,1,0,0,0
22448,Small Prismatic Shard,INTERMEDIATE,TRAINER,20,1,0,0,1
22448,Small Prismatic Shard,INTERMEDIATE,TRAINER,1,1,0,0,1
13510,Flask of the Titans,FLASK,DROP,5,37122,16860,220,0
13510,Flask of the Titans,FLASK,DROP,5,35265,16860,209,0
8173,Thick Armor Kit,MISC,TRAINER,10,5285,6440,82,1
8173,Thick Armor Kit,MISC,TRAINER,3,5179,6440,80,1
22445,Arcane Dust,INTERMEDIATE,UNSOURCED,20,10955,5013,218,0
22445,Arcane Dust,INTERMEDIATE,UNSOURCED,1,10735,5013,214,0
22445,Arcane Dust,INTERMEDIATE,UNSOURCED,3,10412,5013,207,0
15997,Thorium Shells,AMMO,TRAINER,600,24,22,109,0
12810,Enchanted Leather,INTERMEDIATE,TRAINER,11,100033,83640,119,0
12810,Enchanted Leather,INTERMEDIATE,TRAINER,2,98032,83640,117,0
20002,Greater Dreamless Sleep Potion,ELIXIR_POT,VENDOR,5,1305,1708,76,1
20002,Greater Dreamless Sleep Potion,ELIXIR_POT,VENDOR,5,1291,1708,75,1
14048,Bolt of Runecloth,INTERMEDIATE,TRAINER,4,9666,11880,81,1
14048,Bolt of Runecloth,INTERMEDIATE,TRAINER,3,9279,11880,78,1
12810,Enchanted Leather,INTERMEDIATE,TRAINER,13,84225,83640,100,0
5081,Kodo Hide Bag,BAG,UNSOURCED,1,1197,853,140,0
5081,Kodo Hide Bag,BAG,UNSOURCED,1,1185,853,138,0
5081,Kodo Hide Bag,BAG,UNSOURCED,1,1197,853,140,0
22445,Arcane Dust,INTERMEDIATE,UNSOURCED,20,8933,5013,178,0
22445,Arcane Dust,INTERMEDIATE,UNSOURCED,10,8665,5013,172,0
22445,Arcane Dust,INTERMEDIATE,UNSOURCED,9,8933,5013,178,0
22246,Enchanted Mageweave Pouch,BAG,VENDOR,1,59497,43512,136,0
22246,Enchanted Mageweave Pouch,BAG,VENDOR,1,58307,43512,134,0
22246,Enchanted Mageweave Pouch,BAG,VENDOR,1,57140,43512,131,0
18253,Major Rejuvenation Potion,ELIXIR_POT,DROP,5,26824,11560,232,0
18253,Major Rejuvenation Potion,ELIXIR_POT,DROP,5,25482,11560,220,0
7964,Solid Sharpening Stone,MISC,TRAINER,11,423,588,71,1
22448,Small Prismatic Shard,INTERMEDIATE,TRAINER,20,1,0,0,1
22448,Small Prismatic Shard,INTERMEDIATE,TRAINER,20,1,0,0,1
22448,Small Prismatic Shard,INTERMEDIATE,TRAINER,2,1,0,0,1
22448,Small Prismatic Shard,INTERMEDIATE,TRAINER,3,1,0,0,1
2996,Bolt of Linen Cloth,INTERMEDIATE,UNSOURCED,5,204,112,182,0
2996,Bolt of Linen Cloth,INTERMEDIATE,UNSOURCED,6,195,112,174,0
14342,Mooncloth,INTERMEDIATE,VENDOR,6,12403,15200,81,1
14342,Mooncloth,INTERMEDIATE,VENDOR,5,12278,15200,80,1
22448,Small Prismatic Shard,INTERMEDIATE,TRAINER,20,1,0,0,0
22448,Small Prismatic Shard,INTERMEDIATE,TRAINER,3,1,0,0,0
22448,Small Prismatic Shard,INTERMEDIATE,TRAINER,4,1,0,0,0
12404,Dense Sharpening Stone,MISC,TRAINER,15,1066,1440,74,1
4407,Accurate Scope,INTERMEDIATE,VENDOR,5,16626,12568,132,0
4407,Accurate Scope,INTERMEDIATE,VENDOR,2,16293,12568,129,0
9999,Black Mageweave Leggings,GEAR,TRAINER,1,7091,9496,74,1
9999,Black Mageweave Leggings,GEAR,TRAINER,1,6736,9496,70,1
9999,Black Mageweave Leggings,GEAR,TRAINER,1,6466,9496,68,1
9999,Black Mageweave Leggings,GEAR,TRAINER,1,6272,9496,66,1
9999,Black Mageweave Leggings,GEAR,TRAINER,1,7091,9496,74,1
9999,Black Mageweave Leggings,GEAR,TRAINER,1,6736,9496,70,1
9999,Black Mageweave Leggings,GEAR,TRAINER,1,6466,9496,68,1
9999,Black Mageweave Leggings,GEAR,TRAINER,1,6272,9496,66,1
9999,Black Mageweave Leggings,GEAR,TRAINER,1,7091,9496,74,1
9999,Black Mageweave Leggings,GEAR,TRAINER,1,6736,9496,70,1
9999,Black Mageweave Leggings,GEAR,TRAINER,1,6466,9496,68,1
9999,Black Mageweave Leggings,GEAR,TRAINER,1,6272,9496,66,1
12644,Dense Grinding Stone,INTERMEDIATE,TRAINER,5,4716,5760,81,1
12644,Dense Grinding Stone,INTERMEDIATE,TRAINER,3,4668,5760,81,1
15997,Thorium Shells,AMMO,TRAINER,1000,14,22,63,1
15997,Thorium Shells,AMMO,TRAINER,200,13,22,59,1
19149,Lava Belt,GEAR,VENDOR,1,243631,203196,119,0
19149,Lava Belt,GEAR,VENDOR,1,233885,203196,115,0
19149,Lava Belt,GEAR,VENDOR,1,243631,203196,119,0
8218,Thick Leather Ammo Pouch,MISC,TRAINER,1,23958,19802,120,0
8218,Thick Leather Ammo Pouch,MISC,TRAINER,1,23239,19802,117,0
8218,Thick Leather Ammo Pouch,MISC,TRAINER,1,22774,19802,115,0
8218,Thick Leather Ammo Pouch,MISC,TRAINER,1,22318,19802,112,0
15084,Wicked Leather Bracers,GEAR,TRAINER,1,20288,22320,90,1
15084,Wicked Leather Bracers,GEAR,TRAINER,1,19882,22320,89,1
15084,Wicked Leather Bracers,GEAR,TRAINER,1,20288,22320,90,1
15084,Wicked Leather Bracers,GEAR,TRAINER,1,19882,22320,89,1
15084,Wicked Leather Bracers,GEAR,TRAINER,1,20288,22320,90,1
15084,Wicked Leather Bracers,GEAR,TRAINER,1,19882,22320,89,1
15084,Wicked Leather Bracers,GEAR,TRAINER,1,20288,22320,90,1
15084,Wicked Leather Bracers,GEAR,TRAINER,1,19882,22320,89,1
15084,Wicked Leather Bracers,GEAR,TRAINER,1,20288,22320,90,1
15084,Wicked Leather Bracers,GEAR,TRAINER,1,19882,22320,89,1
15084,Wicked Leather Bracers,GEAR,TRAINER,1,20288,22320,90,1
15084,Wicked Leather Bracers,GEAR,TRAINER,1,19882,22320,89,1
15084,Wicked Leather Bracers,GEAR,TRAINER,1,20288,22320,90,1
15084,Wicked Leather Bracers,GEAR,TRAINER,1,19882,22320,89,1
15084,Wicked Leather Bracers,GEAR,TRAINER,1,20288,22320,90,1
6037,Truesilver Bar,INTERMEDIATE,TRAINER,6,4120,4120,100,0
6037,Truesilver Bar,INTERMEDIATE,TRAINER,2,4120,4120,100,0
22445,Arcane Dust,INTERMEDIATE,UNSOURCED,20,12009,5013,239,0
22445,Arcane Dust,INTERMEDIATE,UNSOURCED,15,11408,5013,227,0
22445,Arcane Dust,INTERMEDIATE,UNSOURCED,1,11293,5013,225,0
22448,Small Prismatic Shard,INTERMEDIATE,TRAINER,20,1,0,0,0
22448,Small Prismatic Shard,INTERMEDIATE,TRAINER,7,1,0,0,0
22448,Small Prismatic Shard,INTERMEDIATE,TRAINER,3,1,0,0,0
18262,Elemental Sharpening Stone,MISC,DROP,7,8940,9216,97,1
13511,Flask of Distilled Wisdom,FLASK,DROP,5,19358,13430,144,0
13511,Flask of Distilled Wisdom,FLASK,DROP,19,19164,13430,142,0
12810,Enchanted Leather,INTERMEDIATE,TRAINER,11,99162,83640,118,0
12810,Enchanted Leather,INTERMEDIATE,TRAINER,4,98170,83640,117,0
12643,Dense Weightstone,MISC,TRAINER,6,3531,3816,92,1
13423,Stonescale Oil,INTERMEDIATE,TRAINER,14,74,102,72,1
12810,Enchanted Leather,INTERMEDIATE,TRAINER,2,88055,83640,105,0
12810,Enchanted Leather,INTERMEDIATE,TRAINER,7,83652,83640,100,0
14342,Mooncloth,INTERMEDIATE,VENDOR,5,12312,15200,81,1
14342,Mooncloth,INTERMEDIATE,VENDOR,8,11819,15200,77,1
21342,Core Felcloth Bag,BAG,DROP,1,971870,353768,274,0
21342,Core Felcloth Bag,BAG,DROP,1,932995,353768,263,0
3828,Elixir of Detect Lesser Invisibility,ELIXIR_POT,DROP,5,2989,1526,195,0
3828,Elixir of Detect Lesser Invisibility,ELIXIR_POT,DROP,11,2959,1526,193,0
6836,Dress Shoes,GEAR,VENDOR,1,13860,18368,75,1
6836,Dress Shoes,GEAR,VENDOR,1,13721,18368,74,1
6836,Dress Shoes,GEAR,VENDOR,1,13172,18368,71,1
6836,Dress Shoes,GEAR,VENDOR,1,12513,18368,68,1
6836,Dress Shoes,GEAR,VENDOR,1,13860,18368,75,1
6836,Dress Shoes,GEAR,VENDOR,1,13721,18368,74,1
6836,Dress Shoes,GEAR,VENDOR,1,13172,18368,71,1
6836,Dress Shoes,GEAR,VENDOR,1,12513,18368,68,1
6836,Dress Shoes,GEAR,VENDOR,1,13860,18368,75,1
6836,Dress Shoes,GEAR,VENDOR,1,13721,18368,74,1
13423,Stonescale Oil,INTERMEDIATE,TRAINER,2,78,102,76,1
13423,Stonescale Oil,INTERMEDIATE,TRAINER,10,75,102,73,1
15053,Volcanic Breastplate,GEAR,DROP,1,24578,28136,87,1
15053,Volcanic Breastplate,GEAR,DROP,1,23349,28136,82,1
15053,Volcanic Breastplate,GEAR,DROP,1,22181,28136,78,1
15053,Volcanic Breastplate,GEAR,DROP,1,21071,28136,74,1
15053,Volcanic Breastplate,GEAR,DROP,1,24578,28136,87,1
15053,Volcanic Breastplate,GEAR,DROP,1,23349,28136,82,1
15053,Volcanic Breastplate,GEAR,DROP,1,22181,28136,78,1
15053,Volcanic Breastplate,GEAR,DROP,1,21071,28136,74,1
15053,Volcanic Breastplate,GEAR,DROP,1,24578,28136,87,1
15053,Volcanic Breastplate,GEAR,DROP,1,23349,28136,82,1
15053,Volcanic Breastplate,GEAR,DROP,1,22181,28136,78,1
15053,Volcanic Breastplate,GEAR,DROP,1,21071,28136,74,1
15053,Volcanic Breastplate,GEAR,DROP,1,24578,28136,87,1
15053,Volcanic Breastplate,GEAR,DROP,1,23349,28136,82,1
15053,Volcanic Breastplate,GEAR,DROP,1,22181,28136,78,1
13445,Elixir of Superior Defense,ELIXIR_POT,VENDOR,6,927,1064,87,1
10512,Hi-Impact Mithril Slugs,AMMO,TRAINER,1000,10,13,76,1
10512,Hi-Impact Mithril Slugs,AMMO,TRAINER,1000,9,13,69,1
10512,Hi-Impact Mithril Slugs,AMMO,TRAINER,400,8,13,61,1
12404,Dense Sharpening Stone,MISC,TRAINER,11,1058,1440,73,1
18262,Elemental Sharpening Stone,MISC,DROP,13,7961,9216,86,1
6042,Iron Shield Spike,MISC,DROP,5,11597,5640,205,0
8544,Mageweave Bandage,MISC,TRAINER,8,921,1010,91,1
15053,Volcanic Breastplate,GEAR,DROP,1,20257,28136,71,1
15053,Volcanic Breastplate,GEAR,DROP,1,20054,28136,71,1
15053,Volcanic Breastplate,GEAR,DROP,1,19251,28136,68,1
15053,Volcanic Breastplate,GEAR,DROP,1,20257,28136,71,1
15053,Volcanic Breastplate,GEAR,DROP,1,20054,28136,71,1
15053,Volcanic Breastplate,GEAR,DROP,1,19251,28136,68,1
15053,Volcanic Breastplate,GEAR,DROP,1,20257,28136,71,1
15053,Volcanic Breastplate,GEAR,DROP,1,20054,28136,71,1
15053,Volcanic Breastplate,GEAR,DROP,1,19251,28136,68,1
15053,Volcanic Breastplate,GEAR,DROP,1,20257,28136,71,1
15053,Volcanic Breastplate,GEAR,DROP,1,20054,28136,71,1
15053,Volcanic Breastplate,GEAR,DROP,1,19251,28136,68,1
15053,Volcanic Breastplate,GEAR,DROP,1,20257,28136,71,1
15053,Volcanic Breastplate,GEAR,DROP,1,20054,28136,71,1
15053,Volcanic Breastplate,GEAR,DROP,1,19251,28136,68,1
15997,Thorium Shells,AMMO,TRAINER,1000,19,22,86,1
15997,Thorium Shells,AMMO,TRAINER,1000,18,22,81,1
22448,Small Prismatic Shard,INTERMEDIATE,TRAINER,20,1,0,0,1
22448,Small Prismatic Shard,INTERMEDIATE,TRAINER,11,1,0,0,1
22448,Small Prismatic Shard,INTERMEDIATE,TRAINER,8,1,0,0,1
8067,Crafted Light Shot,AMMO,UNSOURCED,800,1,0,0,0
12404,Dense Sharpening Stone,MISC,TRAINER,5,1151,1440,79,1
15997,Thorium Shells,AMMO,TRAINER,1000,14,22,63,1
13506,Potion of Petrification,ELIXIR_POT,DROP,5,480,607,79,1
13506,Potion of Petrification,ELIXIR_POT,DROP,9,460,607,75,1
12810,Enchanted Leather,INTERMEDIATE,TRAINER,10,98978,83640,118,0
12810,Enchanted Leather,INTERMEDIATE,TRAINER,2,95018,83640,113,0
15997,Thorium Shells,AMMO,TRAINER,1000,13,22,59,1
15997,Thorium Shells,AMMO,TRAINER,800,13,22,59,1
13423,Stonescale Oil,INTERMEDIATE,TRAINER,13,100,102,98,1
22448,Small Prismatic Shard,INTERMEDIATE,TRAINER,20,1,0,0,0
22448,Small Prismatic Shard,INTERMEDIATE,TRAINER,3,1,0,0,0
22448,Small Prismatic Shard,INTERMEDIATE,TRAINER,4,1,0,0,0
13423,Stonescale Oil,INTERMEDIATE,TRAINER,7,76,102,74,1
10056,Orange Mageweave Shirt,GEAR,TRAINER,1,6913,6998,98,1
10056,Orange Mageweave Shirt,GEAR,TRAINER,1,6567,6998,93,1
10056,Orange Mageweave Shirt,GEAR,TRAINER,1,6238,6998,89,1
10056,Orange Mageweave Shirt,GEAR,TRAINER,1,6050,6998,86,1
10056,Orange Mageweave Shirt,GEAR,TRAINER,1,6913,6998,98,1
10056,Orange Mageweave Shirt,GEAR,TRAINER,1,6567,6998,93,1
10056,Orange Mageweave Shirt,GEAR,TRAINER,1,6238,6998,89,1
10056,Orange Mageweave Shirt,GEAR,TRAINER,1,6050,6998,86,1
10024,Black Mageweave Headband,GEAR,TRAINER,1,12666,15994,79,1
10024,Black Mageweave Headband,GEAR,TRAINER,1,12159,15994,76,1
10024,Black Mageweave Headband,GEAR,TRAINER,1,11551,15994,72,1
10024,Black Mageweave Headband,GEAR,TRAINER,1,12666,15994,79,1
10024,Black Mageweave Headband,GEAR,TRAINER,1,12159,15994,76,1
10024,Black Mageweave Headband,GEAR,TRAINER,1,11551,15994,72,1
10024,Black Mageweave Headband,GEAR,TRAINER,1,12666,15994,79,1
10024,Black Mageweave Headband,GEAR,TRAINER,1,12159,15994,76,1
10024,Black Mageweave Headband,GEAR,TRAINER,1,11551,15994,72,1
10024,Black Mageweave Headband,GEAR,TRAINER,1,12666,15994,79,1
10024,Black Mageweave Headband,GEAR,TRAINER,1,12159,15994,76,1
10024,Black Mageweave Headband,GEAR,TRAINER,1,11551,15994,72,1
10024,Black Mageweave Headband,GEAR,TRAINER,1,12666,15994,79,1
10024,Black Mageweave Headband,GEAR,TRAINER,1,12159,15994,76,1
13445,Elixir of Superior Defense,ELIXIR_POT,VENDOR,5,909,1064,85,1
13423,Stonescale Oil,INTERMEDIATE,TRAINER,6,78,102,76,1
14342,Mooncloth,INTERMEDIATE,VENDOR,2,11278,15200,74,1
14342,Mooncloth,INTERMEDIATE,VENDOR,6,11165,15200,73,1
13423,Stonescale Oil,INTERMEDIATE,TRAINER,7,81,102,79,1
13423,Stonescale Oil,INTERMEDIATE,TRAINER,3,76,102,74,1
12655,Enchanted Thorium Bar,INTERMEDIATE,TRAINER,5,47411,36825,128,0
12655,Enchanted Thorium Bar,INTERMEDIATE,TRAINER,7,45988,36825,124,0
5966,Guardian Gloves,GEAR,TRAINER,1,4232,4183,101,1
5966,Guardian Gloves,GEAR,TRAINER,1,4189,4183,100,1
5966,Guardian Gloves,GEAR,TRAINER,1,4232,4183,101,1
5966,Guardian Gloves,GEAR,TRAINER,1,4189,4183,100,1
5966,Guardian Gloves,GEAR,TRAINER,1,4232,4183,101,1
5966,Guardian Gloves,GEAR,TRAINER,1,4189,4183,100,1
5966,Guardian Gloves,GEAR,TRAINER,1,4232,4183,101,1
5966,Guardian Gloves,GEAR,TRAINER,1,4189,4183,100,1
14138,Mooncloth Vest,GEAR,DROP,1,187959,120890,155,0
14138,Mooncloth Vest,GEAR,DROP,1,182320,120890,150,0
14138,Mooncloth Vest,GEAR,DROP,1,178673,120890,147,0
22445,Arcane Dust,INTERMEDIATE,UNSOURCED,20,13265,5013,264,0
22445,Arcane Dust,INTERMEDIATE,UNSOURCED,13,12999,5013,259,0
22445,Arcane Dust,INTERMEDIATE,UNSOURCED,3,12869,5013,256,0
14342,Mooncloth,INTERMEDIATE,VENDOR,2,12804,15200,84,1
14342,Mooncloth,INTERMEDIATE,VENDOR,6,12163,15200,80,1
13423,Stonescale Oil,INTERMEDIATE,TRAINER,1,90,102,88,1
13423,Stonescale Oil,INTERMEDIATE,TRAINER,6,89,102,87,1
22445,Arcane Dust,INTERMEDIATE,UNSOURCED,20,13099,5013,261,0
22445,Arcane Dust,INTERMEDIATE,UNSOURCED,15,12706,5013,253,0
22445,Arcane Dust,INTERMEDIATE,UNSOURCED,1,13099,5013,261,0
15997,Thorium Shells,AMMO,TRAINER,1000,14,22,63,1
15997,Thorium Shells,AMMO,TRAINER,1000,13,22,59,1
15997,Thorium Shells,AMMO,TRAINER,1000,13,22,59,1
12216,Spiced Chili Crab,FOOD,VENDOR,5,1106,802,137,0
12216,Spiced Chili Crab,FOOD,VENDOR,4,1050,802,130,0
4238,Linen Bag,BAG,TRAINER,1,369,366,100,0
4238,Linen Bag,BAG,TRAINER,1,366,366,100,0
4238,Linen Bag,BAG,TRAINER,1,369,366,100,0
13858,Runecloth Robe,GEAR,TRAINER,1,76731,72375,106,0
13858,Runecloth Robe,GEAR,TRAINER,1,74429,72375,102,0
13506,Potion of Petrification,ELIXIR_POT,DROP,20,385,607,63,1
13506,Potion of Petrification,ELIXIR_POT,DROP,5,377,607,62,1
13506,Potion of Petrification,ELIXIR_POT,DROP,5,373,607,61,1
13423,Stonescale Oil,INTERMEDIATE,TRAINER,9,75,102,73,1
13423,Stonescale Oil,INTERMEDIATE,TRAINER,8,88,102,86,1
13423,Stonescale Oil,INTERMEDIATE,TRAINER,5,84,102,82,1
10513,Mithril Gyro-Shot,AMMO,TRAINER,1000,24,26,92,1
10513,Mithril Gyro-Shot,AMMO,TRAINER,1000,23,26,88,1
10513,Mithril Gyro-Shot,AMMO,TRAINER,600,22,26,84,1
15407,Cured Rugged Hide,INTERMEDIATE,TRAINER,4,7498,9060,82,1
15407,Cured Rugged Hide,INTERMEDIATE,TRAINER,6,7423,9060,81,1
6836,Dress Shoes,GEAR,VENDOR,1,14510,18368,78,1
6836,Dress Shoes,GEAR,VENDOR,1,13929,18368,75,1
6836,Dress Shoes,GEAR,VENDOR,1,14510,18368,78,1
6836,Dress Shoes,GEAR,VENDOR,1,13929,18368,75,1
6836,Dress Shoes,GEAR,VENDOR,1,14510,18368,78,1
6836,Dress Shoes,GEAR,VENDOR,1,13929,18368,75,1
6836,Dress Shoes,GEAR,VENDOR,1,14510,18368,78,1
6836,Dress Shoes,GEAR,VENDOR,1,13929,18368,75,1
6836,Dress Shoes,GEAR,VENDOR,1,14510,18368,78,1
16008,Master Engineer's Goggles,GEAR,TRAINER,1,229035,191022,119,0
16008,Master Engineer's Goggles,GEAR,TRAINER,1,219873,191022,115,0
16008,Master Engineer's Goggles,GEAR,TRAINER,1,229035,191022,119,0
4357,Rough Blasting Powder,INTERMEDIATE,UNSOURCED,4,19,12,158,0
4357,Rough Blasting Powder,INTERMEDIATE,UNSOURCED,8,18,12,150,0
22445,Arcane Dust,INTERMEDIATE,UNSOURCED,20,8757,5013,174,0
22445,Arcane Dust,INTERMEDIATE,UNSOURCED,20,8406,5013,167,0
22445,Arcane Dust,INTERMEDIATE,UNSOURCED,1,8757,5013,174,0
22445,Arcane Dust,INTERMEDIATE,UNSOURCED,4,8406,5013,167,0
15997,Thorium Shells,AMMO,TRAINER,1000,18,22,81,1
15997,Thorium Shells,AMMO,TRAINER,1000,17,22,77,1
15997,Thorium Shells,AMMO,TRAINER,1000,18,22,81,1
10036,Tuxedo Jacket,GEAR,VENDOR,1,17101,25990,65,1
10036,Tuxedo Jacket,GEAR,VENDOR,1,16929,25990,65,1
10036,Tuxedo Jacket,GEAR,VENDOR,1,17101,25990,65,1
10036,Tuxedo Jacket,GEAR,VENDOR,1,16929,25990,65,1
10036,Tuxedo Jacket,GEAR,VENDOR,1,17101,25990,65,1
10036,Tuxedo Jacket,GEAR,VENDOR,1,16929,25990,65,1
18262,Elemental Sharpening Stone,MISC,DROP,8,6412,9216,69,1
8218,Thick Leather Ammo Pouch,MISC,TRAINER,1,25876,19802,130,0
8218,Thick Leather Ammo Pouch,MISC,TRAINER,1,25099,19802,126,0
2996,Bolt of Linen Cloth,INTERMEDIATE,UNSOURCED,7,236,112,210,0
2996,Bolt of Linen Cloth,INTERMEDIATE,UNSOURCED,1,226,112,201,0
15997,Thorium Shells,AMMO,TRAINER,1000,20,22,90,1
15997,Thorium Shells,AMMO,TRAINER,1000,19,22,86,1
15997,Thorium Shells,AMMO,TRAINER,800,20,22,90,1
13506,Potion of Petrification,ELIXIR_POT,DROP,12,487,607,80,1
12404,Dense Sharpening Stone,MISC,TRAINER,14,966,1440,67,1
22445,Arcane Dust,INTERMEDIATE,UNSOURCED,2,8484,5013,169,0
22445,Arcane Dust,INTERMEDIATE,UNSOURCED,13,8144,5013,162,0
14046,Runecloth Bag,BAG,VENDOR,1,70545,61005,115,0
4304,Thick Leather,INTERMEDIATE,TRAINER,9,2845,3636,78,1
15083,Wicked Leather Gauntlets,GEAR,VENDOR,1,17275,22320,77,1
15083,Wicked Leather Gauntlets,GEAR,VENDOR,1,16756,22320,75,1
15083,Wicked Leather Gauntlets,GEAR,VENDOR,1,16253,22320,72,1
15083,Wicked Leather Gauntlets,GEAR,VENDOR,1,15927,22320,71,1
15083,Wicked Leather Gauntlets,GEAR,VENDOR,1,17275,22320,77,1
15083,Wicked Leather Gauntlets,GEAR,VENDOR,1,16756,22320,75,1
15083,Wicked Leather Gauntlets,GEAR,VENDOR,1,16253,22320,72,1
15083,Wicked Leather Gauntlets,GEAR,VENDOR,1,15927,22320,71,1
15083,Wicked Leather Gauntlets,GEAR,VENDOR,1,17275,22320,77,1
15083,Wicked Leather Gauntlets,GEAR,VENDOR,1,16756,22320,75,1
15083,Wicked Leather Gauntlets,GEAR,VENDOR,1,16253,22320,72,1
15083,Wicked Leather Gauntlets,GEAR,VENDOR,1,15927,22320,71,1
15083,Wicked Leather Gauntlets,GEAR,VENDOR,1,17275,22320,77,1
8068,Crafted Heavy Shot,AMMO,TRAINER,400,1,0,0,0
9061,Goblin Rocket Fuel,INTERMEDIATE,UNSOURCED,6,5177,3077,168,0
9061,Goblin Rocket Fuel,INTERMEDIATE,UNSOURCED,3,5125,3077,166,0
12810,Enchanted Leather,INTERMEDIATE,TRAINER,4,95458,83640,114,0
12810,Enchanted Leather,INTERMEDIATE,TRAINER,4,93548,83640,111,0
15407,Cured Rugged Hide,INTERMEDIATE,TRAINER,1,6943,9060,76,1
15407,Cured Rugged Hide,INTERMEDIATE,TRAINER,5,6873,9060,75,1
22448,Small Prismatic Shard,INTERMEDIATE,TRAINER,20,1,0,0,1
22448,Small Prismatic Shard,INTERMEDIATE,TRAINER,20,1,0,0,1
22448,Small Prismatic Shard,INTERMEDIATE,TRAINER,1,1,0,0,1
22448,Small Prismatic Shard,INTERMEDIATE,TRAINER,4,1,0,0,1
22445,Arcane Dust,INTERMEDIATE,UNSOURCED,8,9173,5013,182,0
22445,Arcane Dust,INTERMEDIATE,UNSOURCED,10,9081,5013,181,0
15407,Cured Rugged Hide,INTERMEDIATE,TRAINER,7,11545,9060,127,0
15407,Cured Rugged Hide,INTERMEDIATE,TRAINER,2,11429,9060,126,0
14048,Bolt of Runecloth,INTERMEDIATE,TRAINER,4,11880,11880,100,0
14048,Bolt of Runecloth,INTERMEDIATE,TRAINER,9,11880,11880,100,0
10003,Black Mageweave Gloves,GEAR,TRAINER,1,10807,11996,90,1
10003,Black Mageweave Gloves,GEAR,TRAINER,1,10590,11996,88,1
10003,Black Mageweave Gloves,GEAR,TRAINER,1,10166,11996,84,1
10003,Black Mageweave Gloves,GEAR,TRAINER,1,9657,11996,80,1
10003,Black Mageweave Gloves,GEAR,TRAINER,1,10807,11996,90,1
10003,Black Mageweave Gloves,GEAR,TRAINER,1,10590,11996,88,1
10003,Black Mageweave Gloves,GEAR,TRAINER,1,10166,11996,84,1
10003,Black Mageweave Gloves,GEAR,TRAINER,1,9657,11996,80,1
10003,Black Mageweave Gloves,GEAR,TRAINER,1,10807,11996,90,1
10003,Black Mageweave Gloves,GEAR,TRAINER,1,10590,11996,88,1
10003,Black Mageweave Gloves,GEAR,TRAINER,1,10166,11996,84,1
10003,Black Mageweave Gloves,GEAR,TRAINER,1,9657,11996,80,1
10003,Black Mageweave Gloves,GEAR,TRAINER,1,10807,11996,90,1
10003,Black Mageweave Gloves,GEAR,TRAINER,1,10590,11996,88,1
10003,Black Mageweave Gloves,GEAR,TRAINER,1,10166,11996,84,1
13513,Flask of Chromatic Resistance,FLASK,DROP,5,54059,20250,266,0
13513,Flask of Chromatic Resistance,FLASK,DROP,20,51356,20250,253,0
13513,Flask of Chromatic Resistance,FLASK,DROP,5,48788,20250,240,0
13513,Flask of Chromatic Resistance,FLASK,DROP,6,46348,20250,228,0
12408,Thorium Bracers,GEAR,TRAINER,1,15187,18544,81,1
12408,Thorium Bracers,GEAR,TRAINER,1,15035,18544,81,1
12408,Thorium Bracers,GEAR,TRAINER,1,14734,18544,79,1
12408,Thorium Bracers,GEAR,TRAINER,1,14291,18544,77,1
12408,Thorium Bracers,GEAR,TRAINER,1,15187,18544,81,1
12408,Thorium Bracers,GEAR,TRAINER,1,15035,18544,81,1
12408,Thorium Bracers,GEAR,TRAINER,1,14734,18544,79,1
12408,Thorium Bracers,GEAR,TRAINER,1,14291,18544,77,1
12408,Thorium Bracers,GEAR,TRAINER,1,15187,18544,81,1
12408,Thorium Bracers,GEAR,TRAINER,1,15035,18544,81,1
12408,Thorium Bracers,GEAR,TRAINER,1,14734,18544,79,1
12408,Thorium Bracers,GEAR,TRAINER,1,14291,18544,77,1
12408,Thorium Bracers,GEAR,TRAINER,1,15187,18544,81,1
12408,Thorium Bracers,GEAR,TRAINER,1,15035,18544,81,1
13423,Stonescale Oil,INTERMEDIATE,TRAINER,10,80,102,78,1
13423,Stonescale Oil,INTERMEDIATE,TRAINER,1,78,102,76,1
2997,Bolt of Woolen Cloth,INTERMEDIATE,TRAINER,5,499,408,122,0
2997,Bolt of Woolen Cloth,INTERMEDIATE,TRAINER,7,484,408,118,0
10024,Black Mageweave Headband,GEAR,TRAINER,1,15635,15994,97,1
10024,Black Mageweave Headband,GEAR,TRAINER,1,15322,15994,95,1
10024,Black Mageweave Headband,GEAR,TRAINER,1,15635,15994,97,1
10024,Black Mageweave Headband,GEAR,TRAINER,1,15322,15994,95,1
10024,Black Mageweave Headband,GEAR,TRAINER,1,15635,15994,97,1
10024,Black Mageweave Headband,GEAR,TRAINER,1,15322,15994,95,1
10024,Black Mageweave Headband,GEAR,TRAINER,1,15635,15994,97,1
10024,Black Mageweave Headband,GEAR,TRAINER,1,15322,15994,95,1
10024,Black Mageweave Headband,GEAR,TRAINER,1,15635,15994,97,1
5081,Kodo Hide Bag,BAG,UNSOURCED,1,1632,853,191,0
5081,Kodo Hide Bag,BAG,UNSOURCED,1,1566,853,183,0
15997,Thorium Shells,AMMO,TRAINER,1000,19,22,86,1
15997,Thorium Shells,AMMO,TRAINER,200,18,22,81,1
22445,Arcane Dust,INTERMEDIATE,UNSOURCED,20,9944,5013,198,0
22445,Arcane Dust,INTERMEDIATE,UNSOURCED,1,9745,5013,194,0
22445,Arcane Dust,INTERMEDIATE,UNSOURCED,3,9550,5013,190,0
15564,Rugged Armor Kit,MISC,TRAINER,10,8675,10200,85,1
15564,Rugged Armor Kit,MISC,TRAINER,5,8501,10200,83,1
14342,Mooncloth,INTERMEDIATE,VENDOR,4,10260,15200,67,1
14342,Mooncloth,INTERMEDIATE,VENDOR,9,9849,15200,64,1
18262,Elemental Sharpening Stone,MISC,DROP,10,8284,9216,89,1
858,Lesser Healing Potion,ELIXIR_POT,TRAINER,5,206,181,113,0
858,Lesser Healing Potion,ELIXIR_POT,TRAINER,12,197,181,108,0
9061,Goblin Rocket Fuel,INTERMEDIATE,UNSOURCED,2,5726,3077,186,0
9061,Goblin Rocket Fuel,INTERMEDIATE,UNSOURCED,9,5611,3077,182,0
15084,Wicked Leather Bracers,GEAR,TRAINER,1,19195,22320,85,1
15084,Wicked Leather Bracers,GEAR,TRAINER,1,18427,22320,82,1
15084,Wicked Leather Bracers,GEAR,TRAINER,1,17689,22320,79,1
15084,Wicked Leather Bracers,GEAR,TRAINER,1,19195,22320,85,1
15084,Wicked Leather Bracers,GEAR,TRAINER,1,18427,22320,82,1
15084,Wicked Leather Bracers,GEAR,TRAINER,1,17689,22320,79,1
15084,Wicked Leather Bracers,GEAR,TRAINER,1,19195,22320,85,1
9999,Black Mageweave Leggings,GEAR,TRAINER,1,7765,9496,81,1
9999,Black Mageweave Leggings,GEAR,TRAINER,1,7609,9496,80,1
9999,Black Mageweave Leggings,GEAR,TRAINER,1,7532,9496,79,1
9999,Black Mageweave Leggings,GEAR,TRAINER,1,7765,9496,81,1
9999,Black Mageweave Leggings,GEAR,TRAINER,1,7609,9496,80,1
18407,Felcloth Gloves,GEAR,DROP,1,1164599,380700,305,0
18407,Felcloth Gloves,GEAR,DROP,1,1106369,380700,290,0
13511,Flask of Distilled Wisdom,FLASK,DROP,5,31812,13430,236,0
13511,Flask of Distilled Wisdom,FLASK,DROP,9,31493,13430,234,0
14048,Bolt of Runecloth,INTERMEDIATE,TRAINER,2,9935,11880,83,1
14048,Bolt of Runecloth,INTERMEDIATE,TRAINER,9,9736,11880,81,1
14342,Mooncloth,INTERMEDIATE,VENDOR,5,13269,15200,87,1
14342,Mooncloth,INTERMEDIATE,VENDOR,8,13136,15200,86,1
9224,Elixir of Demonslaying,ELIXIR_POT,VENDOR,5,3882,3045,127,0
9224,Elixir of Demonslaying,ELIXIR_POT,VENDOR,5,3765,3045,123,0
9224,Elixir of Demonslaying,ELIXIR_POT,VENDOR,7,3652,3045,119,0
3383,Elixir of Wisdom,ELIXIR_POT,TRAINER,17,403,390,103,0
22448,Small Prismatic Shard,INTERMEDIATE,TRAINER,7,1,0,0,1
22448,Small Prismatic Shard,INTERMEDIATE,TRAINER,11,1,0,0,1
10008,White Bandit Mask,GEAR,DROP,1,4147,6023,68,1
10008,White Bandit Mask,GEAR,DROP,1,3939,6023,65,1
10008,White Bandit Mask,GEAR,DROP,1,3899,6023,64,1
10008,White Bandit Mask,GEAR,DROP,1,3743,6023,62,1
10008,White Bandit Mask,GEAR,DROP,1,4147,6023,68,1
10008,White Bandit Mask,GEAR,DROP,1,3939,6023,65,1
10008,White Bandit Mask,GEAR,DROP,1,3899,6023,64,1
10008,White Bandit Mask,GEAR,DROP,1,3743,6023,62,1
10008,White Bandit Mask,GEAR,DROP,1,4147,6023,68,1
10008,White Bandit Mask,GEAR,DROP,1,3939,6023,65,1
17771,Elementium Bar,MISC,DROP,3,4345524,2472560,175,0
8068,Crafted Heavy Shot,AMMO,TRAINER,600,1,0,0,0
15053,Volcanic Breastplate,GEAR,DROP,1,20403,28136,72,1
15053,Volcanic Breastplate,GEAR,DROP,1,19586,28136,69,1
15053,Volcanic Breastplate,GEAR,DROP,1,18802,28136,66,1
15053,Volcanic Breastplate,GEAR,DROP,1,20403,28136,72,1
15053,Volcanic Breastplate,GEAR,DROP,1,19586,28136,69,1
15053,Volcanic Breastplate,GEAR,DROP,1,18802,28136,66,1
15053,Volcanic Breastplate,GEAR,DROP,1,20403,28136,72,1
15053,Volcanic Breastplate,GEAR,DROP,1,19586,28136,69,1
15053,Volcanic Breastplate,GEAR,DROP,1,18802,28136,66,1
15053,Volcanic Breastplate,GEAR,DROP,1,20403,28136,72,1
15053,Volcanic Breastplate,GEAR,DROP,1,19586,28136,69,1
15053,Volcanic Breastplate,GEAR,DROP,1,18802,28136,66,1
15053,Volcanic Breastplate,GEAR,DROP,1,20403,28136,72,1
10027,Black Mageweave Shoulders,GEAR,TRAINER,1,13674,15994,85,1
10027,Black Mageweave Shoulders,GEAR,TRAINER,1,13400,15994,83,1
10027,Black Mageweave Shoulders,GEAR,TRAINER,1,13132,15994,82,1
10027,Black Mageweave Shoulders,GEAR,TRAINER,1,13000,15994,81,1
10027,Black Mageweave Shoulders,GEAR,TRAINER,1,13674,15994,85,1
22448,Small Prismatic Shard,INTERMEDIATE,TRAINER,11,1,0,0,0
22448,Small Prismatic Shard,INTERMEDIATE,TRAINER,4,1,0,0,0
10008,White Bandit Mask,GEAR,DROP,1,4709,6023,78,1
10008,White Bandit Mask,GEAR,DROP,1,4614,6023,76,1
10008,White Bandit Mask,GEAR,DROP,1,4567,6023,75,1
10008,White Bandit Mask,GEAR,DROP,1,4338,6023,72,1
10008,White Bandit Mask,GEAR,DROP,1,4709,6023,78,1
10008,White Bandit Mask,GEAR,DROP,1,4614,6023,76,1
10008,White Bandit Mask,GEAR,DROP,1,4567,6023,75,1
10008,White Bandit Mask,GEAR,DROP,1,4338,6023,72,1
10008,White Bandit Mask,GEAR,DROP,1,4709,6023,78,1
10008,White Bandit Mask,GEAR,DROP,1,4614,6023,76,1
10008,White Bandit Mask,GEAR,DROP,1,4567,6023,75,1
10008,White Bandit Mask,GEAR,DROP,1,4338,6023,72,1
22573,Mote of Earth,INTERMEDIATE,TRAINER,10,3200,3200,100,0
22573,Mote of Earth,INTERMEDIATE,TRAINER,10,3200,3200,100,0
22573,Mote of Earth,INTERMEDIATE,TRAINER,10,3200,3200,100,0
22573,Mote of Earth,INTERMEDIATE,TRAINER,10,3200,3200,100,0
22573,Mote of Earth,INTERMEDIATE,TRAINER,10,3200,3200,100,0
22573,Mote of Earth,INTERMEDIATE,TRAINER,10,3200,3200,100,0
22573,Mote of Earth,INTERMEDIATE,TRAINER,10,3200,3200,100,0
22573,Mote of Earth,INTERMEDIATE,TRAINER,10,3200,3200,100,0
22573,Mote of Earth,INTERMEDIATE,TRAINER,10,3200,3200,100,0
22573,Mote of Earth,INTERMEDIATE,TRAINER,10,3200,3200,100,0
22573,Mote of Earth,INTERMEDIATE,TRAINER,10,3200,3200,100,0
22573,Mote of Earth,INTERMEDIATE,TRAINER,10,3200,3200,100,0
22573,Mote of Earth,INTERMEDIATE,TRAINER,10,3200,3200,100,0
22573,Mote of Earth,INTERMEDIATE,TRAINER,10,3200,3200,100,0
22573,Mote of Earth,INTERMEDIATE,TRAINER,2,3200,3200,100,0
22573,Mote of Earth,INTERMEDIATE,TRAINER,8,3200,3200,100,0
8544,Mageweave Bandage,MISC,TRAINER,5,815,1010,80,1
4382,Bronze Framework,INTERMEDIATE,TRAINER,1,549,478,114,0
4382,Bronze Framework,INTERMEDIATE,TRAINER,8,538,478,112,0
14342,Mooncloth,INTERMEDIATE,VENDOR,2,13789,15200,90,1
14342,Mooncloth,INTERMEDIATE,VENDOR,6,13651,15200,89,1
22445,Arcane Dust,INTERMEDIATE,UNSOURCED,20,15447,5013,308,0
22445,Arcane Dust,INTERMEDIATE,UNSOURCED,3,15292,5013,305,0
22445,Arcane Dust,INTERMEDIATE,UNSOURCED,4,14680,5013,292,0
13511,Flask of Distilled Wisdom,FLASK,DROP,20,34966,13430,260,0
13511,Flask of Distilled Wisdom,FLASK,DROP,5,33567,13430,249,0
13511,Flask of Distilled Wisdom,FLASK,DROP,13,32895,13430,244,0
4314,Double-stitched Woolen Shoulders,GEAR,TRAINER,1,1255,1424,88,1
4314,Double-stitched Woolen Shoulders,GEAR,TRAINER,1,1204,1424,84,1
4314,Double-stitched Woolen Shoulders,GEAR,TRAINER,1,1143,1424,80,1
4314,Double-stitched Woolen Shoulders,GEAR,TRAINER,1,1255,1424,88,1
4314,Double-stitched Woolen Shoulders,GEAR,TRAINER,1,1204,1424,84,1
4314,Double-stitched Woolen Shoulders,GEAR,TRAINER,1,1143,1424,80,1
4314,Double-stitched Woolen Shoulders,GEAR,TRAINER,1,1255,1424,88,1
4314,Double-stitched Woolen Shoulders,GEAR,TRAINER,1,1204,1424,84,1
4314,Double-stitched Woolen Shoulders,GEAR,TRAINER,1,1143,1424,80,1
4314,Double-stitched Woolen Shoulders,GEAR,TRAINER,1,1255,1424,88,1
4314,Double-stitched Woolen Shoulders,GEAR,TRAINER,1,1204,1424,84,1
4314,Double-stitched Woolen Shoulders,GEAR,TRAINER,1,1143,1424,80,1
14146,Gloves of Spell Mastery,GEAR,DROP,1,3030280,1249600,242,0
14146,Gloves of Spell Mastery,GEAR,DROP,1,2969674,1249600,237,0
13423,Stonescale Oil,INTERMEDIATE,TRAINER,12,76,102,74,1
13423,Stonescale Oil,INTERMEDIATE,TRAINER,1,72,102,70,1
13423,Stonescale Oil,INTERMEDIATE,TRAINER,14,85,102,83,1
13445,Elixir of Superior Defense,ELIXIR_POT,VENDOR,9,853,1064,80,1
10001,Black Mageweave Robe,GEAR,TRAINER,1,15062,13994,107,0
10001,Black Mageweave Robe,GEAR,TRAINER,1,14911,13994,106,0
12810,Enchanted Leather,INTERMEDIATE,TRAINER,12,85563,83640,102,0
12810,Enchanted Leather,INTERMEDIATE,TRAINER,1,84707,83640,101,0
13445,Elixir of Superior Defense,ELIXIR_POT,VENDOR,5,880,1064,82,1
13445,Elixir of Superior Defense,ELIXIR_POT,VENDOR,5,836,1064,78,1
13445,Elixir of Superior Defense,ELIXIR_POT,VENDOR,1,827,1064,77,1
858,Lesser Healing Potion,ELIXIR_POT,TRAINER,5,189,181,104,0
858,Lesser Healing Potion,ELIXIR_POT,TRAINER,5,181,181,100,0
858,Lesser Healing Potion,ELIXIR_POT,TRAINER,1,181,181,100,0
13511,Flask of Distilled Wisdom,FLASK,DROP,20,30458,13430,226,0
13511,Flask of Distilled Wisdom,FLASK,DROP,20,30153,13430,224,0
22445,Arcane Dust,INTERMEDIATE,UNSOURCED,11,7695,5013,153,0
22445,Arcane Dust,INTERMEDIATE,UNSOURCED,4,7618,5013,151,0
5966,Guardian Gloves,GEAR,TRAINER,1,3498,4183,83,1
5966,Guardian Gloves,GEAR,TRAINER,1,3358,4183,80,1
5966,Guardian Gloves,GEAR,TRAINER,1,3324,4183,79,1
5966,Guardian Gloves,GEAR,TRAINER,1,3257,4183,77,1
5966,Guardian Gloves,GEAR,TRAINER,1,3498,4183,83,1
5966,Guardian Gloves,GEAR,TRAINER,1,3358,4183,80,1
29203,Enchanted Thorium Blades,GEAR,TRAINER,1,15161,17190,88,1
29203,Enchanted Thorium Blades,GEAR,TRAINER,1,15009,17190,87,1
29203,Enchanted Thorium Blades,GEAR,TRAINER,1,14408,17190,83,1
29203,Enchanted Thorium Blades,GEAR,TRAINER,1,15161,17190,88,1
29203,Enchanted Thorium Blades,GEAR,TRAINER,1,15009,17190,87,1
29203,Enchanted Thorium Blades,GEAR,TRAINER,1,14408,17190,83,1
29203,Enchanted Thorium Blades,GEAR,TRAINER,1,15161,17190,88,1
29203,Enchanted Thorium Blades,GEAR,TRAINER,1,15009,17190,87,1
29203,Enchanted Thorium Blades,GEAR,TRAINER,1,14408,17190,83,1
29203,Enchanted Thorium Blades,GEAR,TRAINER,1,15161,17190,88,1
29203,Enchanted Thorium Blades,GEAR,TRAINER,1,15009,17190,87,1
29203,Enchanted Thorium Blades,GEAR,TRAINER,1,14408,17190,83,1
29203,Enchanted Thorium Blades,GEAR,TRAINER,1,15161,17190,88,1
29203,Enchanted Thorium Blades,GEAR,TRAINER,1,15009,17190,87,1
29203,Enchanted Thorium Blades,GEAR,TRAINER,1,14408,17190,83,1
15997,Thorium Shells,AMMO,TRAINER,1000,16,22,72,1
15997,Thorium Shells,AMMO,TRAINER,1000,15,22,68,1
15997,Thorium Shells,AMMO,TRAINER,600,16,22,72,1
13506,Potion of Petrification,ELIXIR_POT,DROP,5,574,607,94,1
13506,Potion of Petrification,ELIXIR_POT,DROP,5,551,607,90,1
13506,Potion of Petrification,ELIXIR_POT,DROP,4,574,607,94,1
12655,Enchanted Thorium Bar,INTERMEDIATE,TRAINER,4,36825,36825,100,0
12655,Enchanted Thorium Bar,INTERMEDIATE,TRAINER,7,36825,36825,100,0
14100,Brightcloth Robe,GEAR,TRAINER,1,87902,64445,136,0
5081,Kodo Hide Bag,BAG,UNSOURCED,1,2099,853,246,0
5081,Kodo Hide Bag,BAG,UNSOURCED,1,2036,853,238,0
5081,Kodo Hide Bag,BAG,UNSOURCED,1,2015,853,236,0
2685,Succulent Pork Ribs,FOOD,VENDOR,5,308,226,136,0
10513,Mithril Gyro-Shot,AMMO,TRAINER,1000,22,26,84,1
10513,Mithril Gyro-Shot,AMMO,TRAINER,1000,20,26,76,1
10513,Mithril Gyro-Shot,AMMO,TRAINER,400,19,26,73,1
12655,Enchanted Thorium Bar,INTERMEDIATE,TRAINER,7,42937,36825,116,0
12655,Enchanted Thorium Bar,INTERMEDIATE,TRAINER,1,40790,36825,110,0
18251,Core Armor Kit,MISC,DROP,10,24567,28000,87,1
18251,Core Armor Kit,MISC,DROP,1,24075,28000,85,1
18262,Elemental Sharpening Stone,MISC,DROP,13,7016,9216,76,1
10008,White Bandit Mask,GEAR,DROP,1,4485,6023,74,1
10008,White Bandit Mask,GEAR,DROP,1,4395,6023,72,1
10008,White Bandit Mask,GEAR,DROP,1,4307,6023,71,1
10008,White Bandit Mask,GEAR,DROP,1,4485,6023,74,1
10008,White Bandit Mask,GEAR,DROP,1,4395,6023,72,1
10008,White Bandit Mask,GEAR,DROP,1,4307,6023,71,1
10008,White Bandit Mask,GEAR,DROP,1,4485,6023,74,1
10008,White Bandit Mask,GEAR,DROP,1,4395,6023,72,1
10008,White Bandit Mask,GEAR,DROP,1,4307,6023,71,1
10008,White Bandit Mask,GEAR,DROP,1,4485,6023,74,1
14048,Bolt of Runecloth,INTERMEDIATE,TRAINER,3,9533,11880,80,1
14048,Bolt of Runecloth,INTERMEDIATE,TRAINER,4,9151,11880,77,1
12655,Enchanted Thorium Bar,INTERMEDIATE,TRAINER,6,49013,36825,133,0
22448,Small Prismatic Shard,INTERMEDIATE,TRAINER,20,1,0,0,1
22448,Small Prismatic Shard,INTERMEDIATE,TRAINER,20,1,0,0,1
22448,Small Prismatic Shard,INTERMEDIATE,TRAINER,2,1,0,0,1
13511,Flask of Distilled Wisdom,FLASK,DROP,5,38024,13430,283,0
13511,Flask of Distilled Wisdom,FLASK,DROP,5,37263,13430,277,0
13511,Flask of Distilled Wisdom,FLASK,DROP,5,38024,13430,283,0
13511,Flask of Distilled Wisdom,FLASK,DROP,9,37263,13430,277,0
12810,Enchanted Leather,INTERMEDIATE,TRAINER,1,92488,83640,110,0
12810,Enchanted Leather,INTERMEDIATE,TRAINER,10,88788,83640,106,0
13445,Elixir of Superior Defense,ELIXIR_POT,VENDOR,6,791,1064,74,1
14342,Mooncloth,INTERMEDIATE,VENDOR,5,10685,15200,70,1
4265,Heavy Armor Kit,MISC,TRAINER,5,3151,3130,100,0
2318,Light Leather,INTERMEDIATE,UNSOURCED,9,393,132,297,0
13445,Elixir of Superior Defense,ELIXIR_POT,VENDOR,5,950,1064,89,1
13445,Elixir of Superior Defense,ELIXIR_POT,VENDOR,7,912,1064,85,1
10056,Orange Mageweave Shirt,GEAR,TRAINER,1,4555,6998,65,1
10056,Orange Mageweave Shirt,GEAR,TRAINER,1,4418,6998,63,1
10056,Orange Mageweave Shirt,GEAR,TRAINER,1,4198,6998,59,1
10056,Orange Mageweave Shirt,GEAR,TRAINER,1,4198,6998,59,1
10056,Orange Mageweave Shirt,GEAR,TRAINER,1,4555,6998,65,1
10056,Orange Mageweave Shirt,GEAR,TRAINER,1,4418,6998,63,1
10056,Orange Mageweave Shirt,GEAR,TRAINER,1,4198,6998,59,1
14342,Mooncloth,INTERMEDIATE,VENDOR,7,12488,15200,82,1
13506,Potion of Petrification,ELIXIR_POT,DROP,20,501,607,82,1
13506,Potion of Petrification,ELIXIR_POT,DROP,2,475,607,78,1
13423,Stonescale Oil,INTERMEDIATE,TRAINER,12,89,102,87,1
5081,Kodo Hide Bag,BAG,UNSOURCED,1,1641,853,192,0
12655,Enchanted Thorium Bar,INTERMEDIATE,TRAINER,8,41191,36825,111,0
12655,Enchanted Thorium Bar,INTERMEDIATE,TRAINER,3,39131,36825,106,0
15997,Thorium Shells,AMMO,TRAINER,1000,16,22,72,1
15997,Thorium Shells,AMMO,TRAINER,600,15,22,68,1
5081,Kodo Hide Bag,BAG,UNSOURCED,1,2148,853,251,0
5081,Kodo Hide Bag,BAG,UNSOURCED,1,2126,853,249,0
5081,Kodo Hide Bag,BAG,UNSOURCED,1,2019,853,236,0
13511,Flask of Distilled Wisdom,FLASK,DROP,5,35159,13430,261,0
13511,Flask of Distilled Wisdom,FLASK,DROP,17,33752,13430,251,0
14342,Mooncloth,INTERMEDIATE,VENDOR,6,13661,15200,89,1
14342,Mooncloth,INTERMEDIATE,VENDOR,2,13524,15200,88,1
15997,Thorium Shells,AMMO,TRAINER,1000,21,22,95,1
15997,Thorium Shells,AMMO,TRAINER,1000,20,22,90,1
15997,Thorium Shells,AMMO,TRAINER,600,21,22,95,1
3531,Heavy Wool Bandage,MISC,TRAINER,5,262,272,96,1
8170,Rugged Leather,INTERMEDIATE,TRAINER,2,7081,7128,99,1
8170,Rugged Leather,INTERMEDIATE,TRAINER,3,7010,7128,98,1
11605,Dark Iron Shoulders,GEAR,DROP,1,20961,23856,87,1
11605,Dark Iron Shoulders,GEAR,DROP,1,19912,23856,83,1
11605,Dark Iron Shoulders,GEAR,DROP,1,20961,23856,87,1
11605,Dark Iron Shoulders,GEAR,DROP,1,19912,23856,83,1
11605,Dark Iron Shoulders,GEAR,DROP,1,20961,23856,87,1
11605,Dark Iron Shoulders,GEAR,DROP,1,19912,23856,83,1
11605,Dark Iron Shoulders,GEAR,DROP,1,20961,23856,87,1
11605,Dark Iron Shoulders,GEAR,DROP,1,19912,23856,83,1
11605,Dark Iron Shoulders,GEAR,DROP,1,20961,23856,87,1
11605,Dark Iron Shoulders,GEAR,DROP,1,19912,23856,83,1
11605,Dark Iron Shoulders,GEAR,DROP,1,20961,23856,87,1
11605,Dark Iron Shoulders,GEAR,DROP,1,19912,23856,83,1
11605,Dark Iron Shoulders,GEAR,DROP,1,20961,23856,87,1
15997,Thorium Shells,AMMO,TRAINER,1000,25,22,113,0
9030,Restorative Potion,ELIXIR_POT,UNSOURCED,13,7762,3875,200,0
22448,Small Prismatic Shard,INTERMEDIATE,TRAINER,17,1,0,0,0
22448,Small Prismatic Shard,INTERMEDIATE,TRAINER,1,1,0,0,0
2456,Minor Rejuvenation Potion,ELIXIR_POT,TRAINER,5,236,213,110,0
2456,Minor Rejuvenation Potion,ELIXIR_POT,TRAINER,5,228,213,107,0
2456,Minor Rejuvenation Potion,ELIXIR_POT,TRAINER,5,236,213,110,0
2456,Minor Rejuvenation Potion,ELIXIR_POT,TRAINER,5,228,213,107,0
13506,Potion of Petrification,ELIXIR_POT,DROP,20,499,607,82,1
13506,Potion of Petrification,ELIXIR_POT,DROP,4,479,607,78,1
14342,Mooncloth,INTERMEDIATE,VENDOR,6,13376,15200,88,1
14342,Mooncloth,INTERMEDIATE,VENDOR,5,12974,15200,85,1
10513,Mithril Gyro-Shot,AMMO,TRAINER,1000,25,26,96,1
10513,Mithril Gyro-Shot,AMMO,TRAINER,1000,24,26,92,1
10513,Mithril Gyro-Shot,AMMO,TRAINER,1000,22,26,84,1
12655,Enchanted Thorium Bar,INTERMEDIATE,TRAINER,8,40985,36825,111,0
12655,Enchanted Thorium Bar,INTERMEDIATE,TRAINER,1,39755,36825,107,0
10513,Mithril Gyro-Shot,AMMO,TRAINER,1000,21,26,80,1
10513,Mithril Gyro-Shot,AMMO,TRAINER,1000,20,26,76,1
10513,Mithril Gyro-Shot,AMMO,TRAINER,800,21,26,80,1
13511,Flask of Distilled Wisdom,FLASK,DROP,14,33440,13430,248,0
12655,Enchanted Thorium Bar,INTERMEDIATE,TRAINER,3,36825,36825,100,0
12655,Enchanted Thorium Bar,INTERMEDIATE,TRAINER,2,36825,36825,100,0
12810,Enchanted Leather,INTERMEDIATE,TRAINER,1,93442,83640,111,0
12810,Enchanted Leather,INTERMEDIATE,TRAINER,8,88769,83640,106,0
2319,Medium Leather,INTERMEDIATE,TRAINER,7,376,372,101,0
2319,Medium Leather,INTERMEDIATE,TRAINER,1,372,372,100,0
15083,Wicked Leather Gauntlets,GEAR,VENDOR,1,17935,22320,80,1
15083,Wicked Leather Gauntlets,GEAR,VENDOR,1,17217,22320,77,1
15083,Wicked Leather Gauntlets,GEAR,VENDOR,1,17935,22320,80,1
15083,Wicked Leather Gauntlets,GEAR,VENDOR,1,17217,22320,77,1
15083,Wicked Leather Gauntlets,GEAR,VENDOR,1,17935,22320,80,1
15083,Wicked Leather Gauntlets,GEAR,VENDOR,1,17217,22320,77,1
15083,Wicked Leather Gauntlets,GEAR,VENDOR,1,17935,22320,80,1
15083,Wicked Leather Gauntlets,GEAR,VENDOR,1,17217,22320,77,1
15083,Wicked Leather Gauntlets,GEAR,VENDOR,1,17935,22320,80,1
15083,Wicked Leather Gauntlets,GEAR,VENDOR,1,17217,22320,77,1
15083,Wicked Leather Gauntlets,GEAR,VENDOR,1,17935,22320,80,1
15083,Wicked Leather Gauntlets,GEAR,VENDOR,1,17217,22320,77,1
15083,Wicked Leather Gauntlets,GEAR,VENDOR,1,17935,22320,80,1
8170,Rugged Leather,INTERMEDIATE,TRAINER,9,7128,7128,100,0
8170,Rugged Leather,INTERMEDIATE,TRAINER,9,5962,7128,83,1
22448,Small Prismatic Shard,INTERMEDIATE,TRAINER,20,1,0,0,1
22448,Small Prismatic Shard,INTERMEDIATE,TRAINER,1,1,0,0,1
22448,Small Prismatic Shard,INTERMEDIATE,TRAINER,12,1,0,0,1
13423,Stonescale Oil,INTERMEDIATE,TRAINER,8,85,102,83,1
13423,Stonescale Oil,INTERMEDIATE,TRAINER,3,80,102,78,1
15997,Thorium Shells,AMMO,TRAINER,1000,22,22,100,0
3240,Coarse Weightstone,MISC,TRAINER,5,275,225,122,0
14043,Cindercloth Gloves,GEAR,DROP,1,50765,53308,95,1
14043,Cindercloth Gloves,GEAR,DROP,1,48226,53308,90,1
14043,Cindercloth Gloves,GEAR,DROP,1,50765,53308,95,1
14043,Cindercloth Gloves,GEAR,DROP,1,48226,53308,90,1
14043,Cindercloth Gloves,GEAR,DROP,1,50765,53308,95,1
14043,Cindercloth Gloves,GEAR,DROP,1,48226,53308,90,1
14043,Cindercloth Gloves,GEAR,DROP,1,50765,53308,95,1
14043,Cindercloth Gloves,GEAR,DROP,1,48226,53308,90,1
14043,Cindercloth Gloves,GEAR,DROP,1,50765,53308,95,1
14043,Cindercloth Gloves,GEAR,DROP,1,48226,53308,90,1
14043,Cindercloth Gloves,GEAR,DROP,1,50765,53308,95,1
14043,Cindercloth Gloves,GEAR,DROP,1,48226,53308,90,1
14043,Cindercloth Gloves,GEAR,DROP,1,50765,53308,95,1
22448,Small Prismatic Shard,INTERMEDIATE,TRAINER,20,1,0,0,1
22448,Small Prismatic Shard,INTERMEDIATE,TRAINER,6,1,0,0,1
22448,Small Prismatic Shard,INTERMEDIATE,TRAINER,7,1,0,0,1
5997,Elixir of Minor Defense,ELIXIR_POT,UNSOURCED,5,216,84,257,0
5997,Elixir of Minor Defense,ELIXIR_POT,UNSOURCED,10,209,84,248,0
14048,Bolt of Runecloth,INTERMEDIATE,TRAINER,11,8872,11880,74,1
14048,Bolt of Runecloth,INTERMEDIATE,TRAINER,1,8428,11880,70,1
7964,Solid Sharpening Stone,MISC,TRAINER,10,512,588,87,1
15997,Thorium Shells,AMMO,TRAINER,1000,16,22,72,1
15997,Thorium Shells,AMMO,TRAINER,1000,15,22,68,1
15084,Wicked Leather Bracers,GEAR,TRAINER,1,16271,22320,72,1
15084,Wicked Leather Bracers,GEAR,TRAINER,1,15945,22320,71,1
15084,Wicked Leather Bracers,GEAR,TRAINER,1,15307,22320,68,1
15084,Wicked Leather Bracers,GEAR,TRAINER,1,14694,22320,65,1
15084,Wicked Leather Bracers,GEAR,TRAINER,1,16271,22320,72,1
15084,Wicked Leather Bracers,GEAR,TRAINER,1,15945,22320,71,1
15084,Wicked Leather Bracers,GEAR,TRAINER,1,15307,22320,68,1
15084,Wicked Leather Bracers,GEAR,TRAINER,1,14694,22320,65,1
15084,Wicked Leather Bracers,GEAR,TRAINER,1,16271,22320,72,1
15084,Wicked Leather Bracers,GEAR,TRAINER,1,15945,22320,71,1
10051,Red Mageweave Bag,BAG,TRAINER,1,22361,20092,111,0
10051,Red Mageweave Bag,BAG,TRAINER,1,22137,20092,110,0
10051,Red Mageweave Bag,BAG,TRAINER,1,21030,20092,104,0
4238,Linen Bag,BAG,TRAINER,1,455,366,124,0
5997,Elixir of Minor Defense,ELIXIR_POT,UNSOURCED,5,200,84,238,0
5997,Elixir of Minor Defense,ELIXIR_POT,UNSOURCED,11,198,84,235,0
14342,Mooncloth,INTERMEDIATE,VENDOR,7,11928,15200,78,1
12810,Enchanted Leather,INTERMEDIATE,TRAINER,2,83640,83640,100,0
12810,Enchanted Leather,INTERMEDIATE,TRAINER,4,83640,83640,100,0
14342,Mooncloth,INTERMEDIATE,VENDOR,4,10959,15200,72,1
14342,Mooncloth,INTERMEDIATE,VENDOR,10,10520,15200,69,1
3860,Mithril Bar,INTERMEDIATE,TRAINER,9,1487,1545,96,1
3860,Mithril Bar,INTERMEDIATE,TRAINER,3,1427,1545,92,1
13506,Potion of Petrification,ELIXIR_POT,DROP,18,516,607,85,1
15997,Thorium Shells,AMMO,TRAINER,1000,14,22,63,1
15997,Thorium Shells,AMMO,TRAINER,200,13,22,59,1
15086,Wicked Leather Headband,GEAR,TRAINER,1,21549,30480,70,1
15086,Wicked Leather Headband,GEAR,TRAINER,1,20902,30480,68,1
15086,Wicked Leather Headband,GEAR,TRAINER,1,19856,30480,65,1
15086,Wicked Leather Headband,GEAR,TRAINER,1,21549,30480,70,1
15086,Wicked Leather Headband,GEAR,TRAINER,1,20902,30480,68,1
15086,Wicked Leather Headband,GEAR,TRAINER,1,19856,30480,65,1
15086,Wicked Leather Headband,GEAR,TRAINER,1,21549,30480,70,1
15086,Wicked Leather Headband,GEAR,TRAINER,1,20902,30480,68,1
2319,Medium Leather,INTERMEDIATE,TRAINER,7,453,372,121,0
2319,Medium Leather,INTERMEDIATE,TRAINER,2,434,372,116,0
21342,Core Felcloth Bag,BAG,DROP,1,714469,353768,201,0
22448,Small Prismatic Shard,INTERMEDIATE,TRAINER,20,1,0,0,0
22448,Small Prismatic Shard,INTERMEDIATE,TRAINER,10,1,0,0,0
22448,Small Prismatic Shard,INTERMEDIATE,TRAINER,3,1,0,0,0
10513,Mithril Gyro-Shot,AMMO,TRAINER,1000,26,26,100,1
10513,Mithril Gyro-Shot,AMMO,TRAINER,1000,24,26,92,1
12810,Enchanted Leather,INTERMEDIATE,TRAINER,9,95684,83640,114,0
12810,Enchanted Leather,INTERMEDIATE,TRAINER,1,93770,83640,112,0
20744,Minor Wizard Oil,MISC,VENDOR,1,2513,1804,139,0
20744,Minor Wizard Oil,MISC,VENDOR,1,2387,1804,132,0
20744,Minor Wizard Oil,MISC,VENDOR,1,2513,1804,139,0
20744,Minor Wizard Oil,MISC,VENDOR,1,2387,1804,132,0
22445,Arcane Dust,INTERMEDIATE,UNSOURCED,20,11934,5013,238,0
22445,Arcane Dust,INTERMEDIATE,UNSOURCED,20,11575,5013,230,0
22445,Arcane Dust,INTERMEDIATE,UNSOURCED,2,11934,5013,238,0
14342,Mooncloth,INTERMEDIATE,VENDOR,1,12757,15200,83,1
14342,Mooncloth,INTERMEDIATE,VENDOR,13,12246,15200,80,1
15054,Volcanic Leggings,GEAR,DROP,1,18813,23176,81,1
15054,Volcanic Leggings,GEAR,DROP,1,18060,23176,77,1
15054,Volcanic Leggings,GEAR,DROP,1,17518,23176,75,1
15054,Volcanic Leggings,GEAR,DROP,1,18813,23176,81,1
15054,Volcanic Leggings,GEAR,DROP,1,18060,23176,77,1
15054,Volcanic Leggings,GEAR,DROP,1,17518,23176,75,1
15054,Volcanic Leggings,GEAR,DROP,1,18813,23176,81,1
22448,Small Prismatic Shard,INTERMEDIATE,TRAINER,20,1,0,0,1
22448,Small Prismatic Shard,INTERMEDIATE,TRAINER,2,1,0,0,1
22448,Small Prismatic Shard,INTERMEDIATE,TRAINER,2,1,0,0,1
4240,Woolen Bag,BAG,TRAINER,1,1483,1324,112,0
4240,Woolen Bag,BAG,TRAINER,1,1468,1324,110,0
13423,Stonescale Oil,INTERMEDIATE,TRAINER,3,87,102,85,1
13423,Stonescale Oil,INTERMEDIATE,TRAINER,4,82,102,80,1
19047,Wisdom of the Timbermaw,GEAR,VENDOR,1,165995,136252,121,0
19047,Wisdom of the Timbermaw,GEAR,VENDOR,1,162675,136252,119,0
19047,Wisdom of the Timbermaw,GEAR,VENDOR,1,156168,136252,114,0
13512,Flask of Supreme Power,FLASK,DROP,5,25200,11430,220,0
13512,Flask of Supreme Power,FLASK,DROP,20,23940,11430,209,0
13512,Flask of Supreme Power,FLASK,DROP,5,23461,11430,205,0
13512,Flask of Supreme Power,FLASK,DROP,2,25200,11430,220,0
12359,Thorium Bar,INTERMEDIATE,TRAINER,6,1025,1545,66,1
12359,Thorium Bar,INTERMEDIATE,TRAINER,7,1004,1545,64,1
4238,Linen Bag,BAG,TRAINER,1,366,366,100,0
4238,Linen Bag,BAG,TRAINER,1,366,366,100,0
9144,Wildvine Potion,ELIXIR_POT,DROP,5,6398,2331,274,0
9144,Wildvine Potion,ELIXIR_POT,DROP,11,6206,2331,266,0
12810,Enchanted Leather,INTERMEDIATE,TRAINER,1,101019,83640,120,0
12810,Enchanted Leather,INTERMEDIATE,TRAINER,4,96978,83640,115,0
2996,Bolt of Linen Cloth,INTERMEDIATE,UNSOURCED,12,228,112,203,0
2996,Bolt of Linen Cloth,INTERMEDIATE,UNSOURCED,3,216,112,192,0
15407,Cured Rugged Hide,INTERMEDIATE,TRAINER,7,10942,9060,120,0
13423,Stonescale Oil,INTERMEDIATE,TRAINER,3,100,102,98,1
13423,Stonescale Oil,INTERMEDIATE,TRAINER,6,96,102,94,1
12404,Dense Sharpening Stone,MISC,TRAINER,15,1334,1440,92,1
17771,Elementium Bar,MISC,DROP,2,6557229,2472560,265,0
10513,Mithril Gyro-Shot,AMMO,TRAINER,1000,25,26,96,1
10513,Mithril Gyro-Shot,AMMO,TRAINER,1000,24,26,92,1
10513,Mithril Gyro-Shot,AMMO,TRAINER,400,23,26,88,1
12810,Enchanted Leather,INTERMEDIATE,TRAINER,4,102843,83640,122,0
12810,Enchanted Leather,INTERMEDIATE,TRAINER,10,97700,83640,116,0
22445,Arcane Dust,INTERMEDIATE,UNSOURCED,20,10381,5013,207,0
22445,Arcane Dust,INTERMEDIATE,UNSOURCED,4,9965,5013,198,0
22445,Arcane Dust,INTERMEDIATE,UNSOURCED,3,9566,5013,190,0
3241,Heavy Weightstone,MISC,TRAINER,1,541,481,112,0
15997,Thorium Shells,AMMO,TRAINER,1000,22,22,100,1
15997,Thorium Shells,AMMO,TRAINER,1000,21,22,95,1
15997,Thorium Shells,AMMO,TRAINER,1000,19,22,86,1
6037,Truesilver Bar,INTERMEDIATE,TRAINER,6,4958,4120,120,0
6037,Truesilver Bar,INTERMEDIATE,TRAINER,5,4710,4120,114,0
14342,Mooncloth,INTERMEDIATE,VENDOR,4,12128,15200,79,1
14342,Mooncloth,INTERMEDIATE,VENDOR,11,12006,15200,78,1
14155,Mooncloth Bag,BAG,DROP,1,60923,59935,101,1
14155,Mooncloth Bag,BAG,DROP,1,59704,59935,99,1
14155,Mooncloth Bag,BAG,DROP,1,60923,59935,101,1
14155,Mooncloth Bag,BAG,DROP,1,59704,59935,99,1
14155,Mooncloth Bag,BAG,DROP,1,60923,59935,101,1
14155,Mooncloth Bag,BAG,DROP,1,59704,59935,99,1
4245,Small Silk Pack,BAG,TRAINER,1,10623,8640,122,0
10513,Mithril Gyro-Shot,AMMO,TRAINER,1000,20,26,76,1
10513,Mithril Gyro-Shot,AMMO,TRAINER,800,19,26,73,1
12810,Enchanted Leather,INTERMEDIATE,TRAINER,1,88323,83640,105,0
12810,Enchanted Leather,INTERMEDIATE,TRAINER,6,83906,83640,100,0
13511,Flask of Distilled Wisdom,FLASK,DROP,20,26275,13430,195,0
13511,Flask of Distilled Wisdom,FLASK,DROP,20,26012,13430,193,0
22448,Small Prismatic Shard,INTERMEDIATE,TRAINER,20,1,0,0,1
22448,Small Prismatic Shard,INTERMEDIATE,TRAINER,7,1,0,0,1
22445,Arcane Dust,INTERMEDIATE,UNSOURCED,20,11053,5013,220,0
22445,Arcane Dust,INTERMEDIATE,UNSOURCED,7,10610,5013,211,0
22445,Arcane Dust,INTERMEDIATE,UNSOURCED,3,10291,5013,205,0
10512,Hi-Impact Mithril Slugs,AMMO,TRAINER,1000,9,13,69,1
10512,Hi-Impact Mithril Slugs,AMMO,TRAINER,1000,8,13,61,1
10512,Hi-Impact Mithril Slugs,AMMO,TRAINER,400,7,13,53,1
15053,Volcanic Breastplate,GEAR,DROP,1,19835,28136,70,1
15053,Volcanic Breastplate,GEAR,DROP,1,19636,28136,69,1
15053,Volcanic Breastplate,GEAR,DROP,1,19835,28136,70,1
15053,Volcanic Breastplate,GEAR,DROP,1,19636,28136,69,1
15053,Volcanic Breastplate,GEAR,DROP,1,19835,28136,70,1
15053,Volcanic Breastplate,GEAR,DROP,1,19636,28136,69,1
10512,Hi-Impact Mithril Slugs,AMMO,TRAINER,1000,9,13,69,1
10512,Hi-Impact Mithril Slugs,AMMO,TRAINER,800,8,13,61,1
4304,Thick Leather,INTERMEDIATE,TRAINER,9,3352,3636,92,1
4304,Thick Leather,INTERMEDIATE,TRAINER,3,3318,3636,91,1
10008,White Bandit Mask,GEAR,DROP,1,4932,6023,81,1
10008,White Bandit Mask,GEAR,DROP,1,4882,6023,81,1
10008,White Bandit Mask,GEAR,DROP,1,4735,6023,78,1
10008,White Bandit Mask,GEAR,DROP,1,4932,6023,81,1
10008,White Bandit Mask,GEAR,DROP,1,4882,6023,81,1
10008,White Bandit Mask,GEAR,DROP,1,4735,6023,78,1
10008,White Bandit Mask,GEAR,DROP,1,4932,6023,81,1
10008,White Bandit Mask,GEAR,DROP,1,4882,6023,81,1
10008,White Bandit Mask,GEAR,DROP,1,4735,6023,78,1
10008,White Bandit Mask,GEAR,DROP,1,4932,6023,81,1
10008,White Bandit Mask,GEAR,DROP,1,4882,6023,81,1
10008,White Bandit Mask,GEAR,DROP,1,4735,6023,78,1
10008,White Bandit Mask,GEAR,DROP,1,4932,6023,81,1
20002,Greater Dreamless Sleep Potion,ELIXIR_POT,VENDOR,5,1401,1708,82,1
12404,Dense Sharpening Stone,MISC,TRAINER,11,1235,1440,85,1
21342,Core Felcloth Bag,BAG,DROP,1,678667,353768,191,0
8068,Crafted Heavy Shot,AMMO,TRAINER,600,1,0,0,0
14342,Mooncloth,INTERMEDIATE,VENDOR,3,10985,15200,72,1
14342,Mooncloth,INTERMEDIATE,VENDOR,4,10765,15200,70,1
22445,Arcane Dust,INTERMEDIATE,UNSOURCED,20,13423,5013,267,0
22445,Arcane Dust,INTERMEDIATE,UNSOURCED,20,12751,5013,254,0
22445,Arcane Dust,INTERMEDIATE,UNSOURCED,1,13423,5013,267,0
22445,Arcane Dust,INTERMEDIATE,UNSOURCED,1,12751,5013,254,0
13445,Elixir of Superior Defense,ELIXIR_POT,VENDOR,5,820,1064,77,1
13445,Elixir of Superior Defense,ELIXIR_POT,VENDOR,4,811,1064,76,1
12810,Enchanted Leather,INTERMEDIATE,TRAINER,2,86951,83640,103,0
12810,Enchanted Leather,INTERMEDIATE,TRAINER,12,85211,83640,101,0
14048,Bolt of Runecloth,INTERMEDIATE,TRAINER,3,8415,11880,70,1
14048,Bolt of Runecloth,INTERMEDIATE,TRAINER,6,8246,11880,69,1
20748,Brilliant Mana Oil,MISC,VENDOR,1,313899,229560,136,0
20748,Brilliant Mana Oil,MISC,VENDOR,1,304482,229560,132,0
20748,Brilliant Mana Oil,MISC,VENDOR,1,289257,229560,126,0
20748,Brilliant Mana Oil,MISC,VENDOR,1,313899,229560,136,0
5081,Kodo Hide Bag,BAG,UNSOURCED,1,1784,853,209,0
22448,Small Prismatic Shard,INTERMEDIATE,TRAINER,20,1,0,0,0
22448,Small Prismatic Shard,INTERMEDIATE,TRAINER,4,1,0,0,0
4339,Bolt of Mageweave,INTERMEDIATE,TRAINER,5,5757,5050,114,0
4339,Bolt of Mageweave,INTERMEDIATE,TRAINER,1,5584,5050,110,0
29203,Enchanted Thorium Blades,GEAR,TRAINER,1,16639,17190,96,1
29203,Enchanted Thorium Blades,GEAR,TRAINER,1,16472,17190,95,1
29203,Enchanted Thorium Blades,GEAR,TRAINER,1,16639,17190,96,1
29203,Enchanted Thorium Blades,GEAR,TRAINER,1,16472,17190,95,1
29203,Enchanted Thorium Blades,GEAR,TRAINER,1,16639,17190,96,1
10513,Mithril Gyro-Shot,AMMO,TRAINER,1000,22,26,84,1
10513,Mithril Gyro-Shot,AMMO,TRAINER,200,21,26,80,1
18486,Mooncloth Robe,GEAR,VENDOR,1,348499,285890,121,0
18486,Mooncloth Robe,GEAR,VENDOR,1,345014,285890,120,0
18486,Mooncloth Robe,GEAR,VENDOR,1,338113,285890,118,0
22448,Small Prismatic Shard,INTERMEDIATE,TRAINER,7,1,0,0,1
22448,Small Prismatic Shard,INTERMEDIATE,TRAINER,11,1,0,0,1
13423,Stonescale Oil,INTERMEDIATE,TRAINER,1,67,102,65,1
13423,Stonescale Oil,INTERMEDIATE,TRAINER,7,63,102,61,1
8173,Thick Armor Kit,MISC,TRAINER,10,4812,6440,74,1
14342,Mooncloth,INTERMEDIATE,VENDOR,5,19191,15200,126,0
14342,Mooncloth,INTERMEDIATE,VENDOR,2,18615,15200,122,0
18262,Elemental Sharpening Stone,MISC,DROP,13,6037,9216,65,1
13445,Elixir of Superior Defense,ELIXIR_POT,VENDOR,10,954,1064,89,1
6290,Brilliant Smallfish,FOOD,VENDOR,6,7,6,116,0
13506,Potion of Petrification,ELIXIR_POT,DROP,5,469,607,77,1
13506,Potion of Petrification,ELIXIR_POT,DROP,17,445,607,73,1
21342,Core Felcloth Bag,BAG,DROP,1,735837,353768,207,0
14048,Bolt of Runecloth,INTERMEDIATE,TRAINER,4,13449,11880,113,0
14048,Bolt of Runecloth,INTERMEDIATE,TRAINER,8,13180,11880,110,0
22448,Small Prismatic Shard,INTERMEDIATE,TRAINER,13,1,0,0,1
22448,Small Prismatic Shard,INTERMEDIATE,TRAINER,2,1,0,0,1
14529,Runecloth Bandage,MISC,TRAINER,8,2234,2376,94,1
18262,Elemental Sharpening Stone,MISC,DROP,14,7547,9216,81,1
14043,Cindercloth Gloves,GEAR,DROP,1,36462,53308,68,1
14043,Cindercloth Gloves,GEAR,DROP,1,35003,53308,65,1
14043,Cindercloth Gloves,GEAR,DROP,1,33252,53308,62,1
14043,Cindercloth Gloves,GEAR,DROP,1,36462,53308,68,1
14043,Cindercloth Gloves,GEAR,DROP,1,35003,53308,65,1
14043,Cindercloth Gloves,GEAR,DROP,1,33252,53308,62,1
14043,Cindercloth Gloves,GEAR,DROP,1,36462,53308,68,1
14043,Cindercloth Gloves,GEAR,DROP,1,35003,53308,65,1
14043,Cindercloth Gloves,GEAR,DROP,1,33252,53308,62,1
14043,Cindercloth Gloves,GEAR,DROP,1,36462,53308,68,1
14043,Cindercloth Gloves,GEAR,DROP,1,35003,53308,65,1
14043,Cindercloth Gloves,GEAR,DROP,1,33252,53308,62,1
14043,Cindercloth Gloves,GEAR,DROP,1,36462,53308,68,1
14043,Cindercloth Gloves,GEAR,DROP,1,35003,53308,65,1
14043,Cindercloth Gloves,GEAR,DROP,1,33252,53308,62,1
12810,Enchanted Leather,INTERMEDIATE,TRAINER,3,93073,83640,111,0
12810,Enchanted Leather,INTERMEDIATE,TRAINER,2,90280,83640,107,0
3470,Rough Grinding Stone,INTERMEDIATE,TRAINER,5,24,24,100,0
3470,Rough Grinding Stone,INTERMEDIATE,TRAINER,6,24,24,100,0
5764,Green Silk Pack,BAG,DROP,1,28470,11722,242,0
10036,Tuxedo Jacket,GEAR,VENDOR,1,20661,25990,79,1
10036,Tuxedo Jacket,GEAR,VENDOR,1,19627,25990,75,1
10036,Tuxedo Jacket,GEAR,VENDOR,1,19234,25990,74,1
10036,Tuxedo Jacket,GEAR,VENDOR,1,20661,25990,79,1
10036,Tuxedo Jacket,GEAR,VENDOR,1,19627,25990,75,1
10036,Tuxedo Jacket,GEAR,VENDOR,1,19234,25990,74,1
10036,Tuxedo Jacket,GEAR,VENDOR,1,20661,25990,79,1
10036,Tuxedo Jacket,GEAR,VENDOR,1,19627,25990,75,1
10036,Tuxedo Jacket,GEAR,VENDOR,1,19234,25990,74,1
10036,Tuxedo Jacket,GEAR,VENDOR,1,20661,25990,79,1
9206,Elixir of Giants,ELIXIR_POT,DROP,5,3666,1800,203,0
9206,Elixir of Giants,ELIXIR_POT,DROP,5,3482,1800,193,0
9206,Elixir of Giants,ELIXIR_POT,DROP,1,3666,1800,203,0
2455,Minor Mana Potion,ELIXIR_POT,TRAINER,5,128,128,100,0
2455,Minor Mana Potion,ELIXIR_POT,TRAINER,10,128,128,100,0
10008,White Bandit Mask,GEAR,DROP,1,4654,6023,77,1
10008,White Bandit Mask,GEAR,DROP,1,4560,6023,75,1
10008,White Bandit Mask,GEAR,DROP,1,4654,6023,77,1
10008,White Bandit Mask,GEAR,DROP,1,4560,6023,75,1
10008,White Bandit Mask,GEAR,DROP,1,4654,6023,77,1
10008,White Bandit Mask,GEAR,DROP,1,4560,6023,75,1
12810,Enchanted Leather,INTERMEDIATE,TRAINER,1,99681,83640,119,0
12810,Enchanted Leather,INTERMEDIATE,TRAINER,10,97687,83640,116,0
12655,Enchanted Thorium Bar,INTERMEDIATE,TRAINER,3,42348,36825,114,0
12655,Enchanted Thorium Bar,INTERMEDIATE,TRAINER,7,41924,36825,113,0
2456,Minor Rejuvenation Potion,ELIXIR_POT,TRAINER,5,240,213,112,0
929,Healing Potion,ELIXIR_POT,TRAINER,5,338,288,117,0
929,Healing Potion,ELIXIR_POT,TRAINER,8,331,288,114,0
14048,Bolt of Runecloth,INTERMEDIATE,TRAINER,4,13038,11880,109,0
14048,Bolt of Runecloth,INTERMEDIATE,TRAINER,2,12777,11880,107,0
7965,Solid Weightstone,MISC,TRAINER,15,913,1182,77,1
22448,Small Prismatic Shard,INTERMEDIATE,TRAINER,6,1,0,0,1
22448,Small Prismatic Shard,INTERMEDIATE,TRAINER,9,1,0,0,1
22445,Arcane Dust,INTERMEDIATE,UNSOURCED,20,10687,5013,213,0
22445,Arcane Dust,INTERMEDIATE,UNSOURCED,10,10580,5013,211,0
22445,Arcane Dust,INTERMEDIATE,UNSOURCED,3,10687,5013,213,0
12404,Dense Sharpening Stone,MISC,TRAINER,7,1290,1440,89,1
4241,Green Woolen Bag,BAG,DROP,1,2823,1832,154,0
4241,Green Woolen Bag,BAG,DROP,1,2710,1832,147,0
22445,Arcane Dust,INTERMEDIATE,UNSOURCED,20,10789,5013,215,0
22445,Arcane Dust,INTERMEDIATE,UNSOURCED,1,10465,5013,208,0
12404,Dense Sharpening Stone,MISC,TRAINER,9,1061,1440,73,1
12655,Enchanted Thorium Bar,INTERMEDIATE,TRAINER,2,39336,36825,106,0
12655,Enchanted Thorium Bar,INTERMEDIATE,TRAINER,8,37762,36825,102,0
8170,Rugged Leather,INTERMEDIATE,TRAINER,6,6098,7128,85,1
8170,Rugged Leather,INTERMEDIATE,TRAINER,9,6037,7128,84,1
18262,Elemental Sharpening Stone,MISC,DROP,8,8107,9216,87,1
20549,Darkrune Gauntlets,GEAR,DROP,1,307353,149980,204,0
20549,Darkrune Gauntlets,GEAR,DROP,1,298132,149980,198,0
9172,Invisibility Potion,ELIXIR_POT,DROP,13,4430,2465,179,0
15997,Thorium Shells,AMMO,TRAINER,1000,14,22,63,1
15997,Thorium Shells,AMMO,TRAINER,1000,13,22,59,1
15997,Thorium Shells,AMMO,TRAINER,800,13,22,59,1
14342,Mooncloth,INTERMEDIATE,VENDOR,2,14090,15200,92,1
14342,Mooncloth,INTERMEDIATE,VENDOR,3,13808,15200,90,1
4236,Cured Heavy Hide,INTERMEDIATE,TRAINER,4,1426,1350,105,0
4236,Cured Heavy Hide,INTERMEDIATE,TRAINER,5,1383,1350,102,0
20002,Greater Dreamless Sleep Potion,ELIXIR_POT,VENDOR,8,1534,1708,89,1
4375,Whirring Bronze Gizmo,INTERMEDIATE,TRAINER,10,260,260,100,0
4375,Whirring Bronze Gizmo,INTERMEDIATE,TRAINER,3,260,260,100,0
4375,Whirring Bronze Gizmo,INTERMEDIATE,TRAINER,1,260,260,100,0
14155,Mooncloth Bag,BAG,DROP,1,141973,59935,236,0
14155,Mooncloth Bag,BAG,DROP,1,139133,59935,232,0
2997,Bolt of Woolen Cloth,INTERMEDIATE,TRAINER,2,432,408,105,0
2997,Bolt of Woolen Cloth,INTERMEDIATE,TRAINER,13,423,408,103,0
13506,Potion of Petrification,ELIXIR_POT,DROP,20,443,607,72,1
13506,Potion of Petrification,ELIXIR_POT,DROP,4,438,607,72,1
10513,Mithril Gyro-Shot,AMMO,TRAINER,1000,22,26,84,1
10513,Mithril Gyro-Shot,AMMO,TRAINER,1000,21,26,80,1
10513,Mithril Gyro-Shot,AMMO,TRAINER,600,22,26,84,1
7969,Mithril Spurs,MISC,DROP,1,8006,9624,83,1
7969,Mithril Spurs,MISC,DROP,1,7605,9624,79,1
7969,Mithril Spurs,MISC,DROP,1,7376,9624,76,1
7969,Mithril Spurs,MISC,DROP,1,7007,9624,72,1
7969,Mithril Spurs,MISC,DROP,1,8006,9624,83,1
7969,Mithril Spurs,MISC,DROP,1,7605,9624,79,1
4375,Whirring Bronze Gizmo,INTERMEDIATE,TRAINER,10,316,260,121,0
9060,Inlaid Mithril Cylinder,INTERMEDIATE,UNSOURCED,4,26104,15410,169,0
9060,Inlaid Mithril Cylinder,INTERMEDIATE,UNSOURCED,6,25059,15410,162,0
22445,Arcane Dust,INTERMEDIATE,UNSOURCED,20,8252,5013,164,0
22445,Arcane Dust,INTERMEDIATE,UNSOURCED,1,8086,5013,161,0
22445,Arcane Dust,INTERMEDIATE,UNSOURCED,6,7762,5013,154,0
10008,White Bandit Mask,GEAR,DROP,1,4264,6023,70,1
10008,White Bandit Mask,GEAR,DROP,1,4136,6023,68,1
10008,White Bandit Mask,GEAR,DROP,1,4264,6023,70,1
10008,White Bandit Mask,GEAR,DROP,1,4136,6023,68,1
10008,White Bandit Mask,GEAR,DROP,1,4264,6023,70,1
10008,White Bandit Mask,GEAR,DROP,1,4136,6023,68,1
10008,White Bandit Mask,GEAR,DROP,1,4264,6023,70,1
10008,White Bandit Mask,GEAR,DROP,1,4136,6023,68,1
10008,White Bandit Mask,GEAR,DROP,1,4264,6023,70,1
10008,White Bandit Mask,GEAR,DROP,1,4136,6023,68,1
10008,White Bandit Mask,GEAR,DROP,1,4264,6023,70,1
10008,White Bandit Mask,GEAR,DROP,1,4136,6023,68,1
10008,White Bandit Mask,GEAR,DROP,1,4264,6023,70,1
10008,White Bandit Mask,GEAR,DROP,1,4136,6023,68,1
5997,Elixir of Minor Defense,ELIXIR_POT,UNSOURCED,16,193,84,229,0
4596,Discolored Healing Potion,ELIXIR_POT,UNSOURCED,5,495,247,200,0
4596,Discolored Healing Potion,ELIXIR_POT,UNSOURCED,5,470,247,190,0
4596,Discolored Healing Potion,ELIXIR_POT,UNSOURCED,2,495,247,200,0
15997,Thorium Shells,AMMO,TRAINER,1000,18,22,81,1
15997,Thorium Shells,AMMO,TRAINER,1000,17,22,77,1
15997,Thorium Shells,AMMO,TRAINER,800,16,22,72,1
2997,Bolt of Woolen Cloth,INTERMEDIATE,TRAINER,1,469,408,114,0
2997,Bolt of Woolen Cloth,INTERMEDIATE,TRAINER,11,450,408,110,0
14156,Bottomless Bag,BAG,DROP,1,1374115,483980,283,0
2996,Bolt of Linen Cloth,INTERMEDIATE,UNSOURCED,4,266,112,237,0
2996,Bolt of Linen Cloth,INTERMEDIATE,UNSOURCED,2,263,112,234,0
15997,Thorium Shells,AMMO,TRAINER,1000,17,22,77,1
10056,Orange Mageweave Shirt,GEAR,TRAINER,1,5667,6998,80,1
10056,Orange Mageweave Shirt,GEAR,TRAINER,1,5553,6998,79,1
10056,Orange Mageweave Shirt,GEAR,TRAINER,1,5667,6998,80,1
10056,Orange Mageweave Shirt,GEAR,TRAINER,1,5553,6998,79,1
10056,Orange Mageweave Shirt,GEAR,TRAINER,1,5667,6998,80,1
10056,Orange Mageweave Shirt,GEAR,TRAINER,1,5553,6998,79,1
10056,Orange Mageweave Shirt,GEAR,TRAINER,1,5667,6998,80,1
10056,Orange Mageweave Shirt,GEAR,TRAINER,1,5553,6998,79,1
10056,Orange Mageweave Shirt,GEAR,TRAINER,1,5667,6998,80,1
10056,Orange Mageweave Shirt,GEAR,TRAINER,1,5553,6998,79,1
10056,Orange Mageweave Shirt,GEAR,TRAINER,1,5667,6998,80,1
20008,Living Action Potion,ELIXIR_POT,VENDOR,5,11602,8452,137,0
5763,Red Woolen Bag,BAG,VENDOR,1,2074,1782,116,0
5763,Red Woolen Bag,BAG,VENDOR,1,2011,1782,112,0
5763,Red Woolen Bag,BAG,VENDOR,1,2074,1782,116,0
8069,Crafted Solid Shot,AMMO,TRAINER,800,2,2,100,0
22448,Small Prismatic Shard,INTERMEDIATE,TRAINER,20,1,0,0,0
22448,Small Prismatic Shard,INTERMEDIATE,TRAINER,7,1,0,0,0
22448,Small Prismatic Shard,INTERMEDIATE,TRAINER,6,1,0,0,0
12810,Enchanted Leather,INTERMEDIATE,TRAINER,2,86149,83640,102,0
12810,Enchanted Leather,INTERMEDIATE,TRAINER,5,83640,83640,100,0
20745,Minor Mana Oil,MISC,VENDOR,1,14732,10592,139,0
8069,Crafted Solid Shot,AMMO,TRAINER,1000,2,2,100,0
15997,Thorium Shells,AMMO,TRAINER,1000,16,22,72,1
15997,Thorium Shells,AMMO,TRAINER,1000,15,22,68,1
13513,Flask of Chromatic Resistance,FLASK,DROP,20,37109,20250,183,0
14342,Mooncloth,INTERMEDIATE,VENDOR,5,20392,15200,134,0
14342,Mooncloth,INTERMEDIATE,VENDOR,3,19576,15200,128,0
18408,Inferno Gloves,GEAR,DROP,1,730316,249340,292,0
12655,Enchanted Thorium Bar,INTERMEDIATE,TRAINER,6,37266,36825,101,0
12655,Enchanted Thorium Bar,INTERMEDIATE,TRAINER,8,36825,36825,100,0
6453,Strong Anti-Venom,MISC,DROP,20,323,373,86,1
6453,Strong Anti-Venom,MISC,DROP,7,316,373,84,1
3859,Steel Bar,INTERMEDIATE,TRAINER,11,1484,1400,106,0
3859,Steel Bar,INTERMEDIATE,TRAINER,4,1454,1400,103,0
15997,Thorium Shells,AMMO,TRAINER,1000,15,22,68,1
6052,Nature Protection Potion,ELIXIR_POT,VENDOR,12,1404,991,141,0
10512,Hi-Impact Mithril Slugs,AMMO,TRAINER,1000,9,13,69,1
10512,Hi-Impact Mithril Slugs,AMMO,TRAINER,400,8,13,61,1
4305,Bolt of Silk Cloth,INTERMEDIATE,TRAINER,4,3005,2376,126,0
4305,Bolt of Silk Cloth,INTERMEDIATE,TRAINER,2,2914,2376,122,0
12190,Dreamless Sleep Potion,ELIXIR_POT,TRAINER,14,6145,5900,104,0
12643,Dense Weightstone,MISC,TRAINER,15,3116,3816,81,1
20750,Wizard Oil,MISC,VENDOR,1,75166,58550,128,0
15870,Golden Skeleton Key,MISC,TRAINER,6,2720,2180,124,0
8069,Crafted Solid Shot,AMMO,TRAINER,600,2,2,100,0
20002,Greater Dreamless Sleep Potion,ELIXIR_POT,VENDOR,5,1159,1708,67,1
20002,Greater Dreamless Sleep Potion,ELIXIR_POT,VENDOR,4,1124,1708,65,1
13513,Flask of Chromatic Resistance,FLASK,DROP,5,51126,20250,252,0
13513,Flask of Chromatic Resistance,FLASK,DROP,20,50103,20250,247,0
13513,Flask of Chromatic Resistance,FLASK,DROP,5,47597,20250,235,0
13513,Flask of Chromatic Resistance,FLASK,DROP,2,45693,20250,225,0
12810,Enchanted Leather,INTERMEDIATE,TRAINER,8,94813,83640,113,0
12810,Enchanted Leather,INTERMEDIATE,TRAINER,2,93864,83640,112,0
14048,Bolt of Runecloth,INTERMEDIATE,TRAINER,4,8820,11880,74,1
14048,Bolt of Runecloth,INTERMEDIATE,TRAINER,1,8555,11880,72,1
15997,Thorium Shells,AMMO,TRAINER,1000,20,22,90,1
15997,Thorium Shells,AMMO,TRAINER,200,19,22,86,1
10008,White Bandit Mask,GEAR,DROP,1,5937,6023,98,1
10008,White Bandit Mask,GEAR,DROP,1,5818,6023,96,1
10008,White Bandit Mask,GEAR,DROP,1,5937,6023,98,1
10008,White Bandit Mask,GEAR,DROP,1,5818,6023,96,1
10008,White Bandit Mask,GEAR,DROP,1,5937,6023,98,1
10008,White Bandit Mask,GEAR,DROP,1,5818,6023,96,1
10008,White Bandit Mask,GEAR,DROP,1,5937,6023,98,1
10008,White Bandit Mask,GEAR,DROP,1,5818,6023,96,1
10008,White Bandit Mask,GEAR,DROP,1,5937,6023,98,1
10008,White Bandit Mask,GEAR,DROP,1,5818,6023,96,1
10008,White Bandit Mask,GEAR,DROP,1,5937,6023,98,1
10008,White Bandit Mask,GEAR,DROP,1,5818,6023,96,1
10008,White Bandit Mask,GEAR,DROP,1,5937,6023,98,1
10008,White Bandit Mask,GEAR,DROP,1,5818,6023,96,1
10004,Shadoweave Robe,GEAR,TRAINER,1,27987,26354,106,0
13460,Greater Holy Protection Potion,ELIXIR_POT,UNSOURCED,5,7550,3432,219,0
13460,Greater Holy Protection Potion,ELIXIR_POT,UNSOURCED,5,7474,3432,217,0
13460,Greater Holy Protection Potion,ELIXIR_POT,UNSOURCED,5,7550,3432,219,0
13460,Greater Holy Protection Potion,ELIXIR_POT,UNSOURCED,3,7474,3432,217,0
14342,Mooncloth,INTERMEDIATE,VENDOR,12,12768,15200,84,1
14342,Mooncloth,INTERMEDIATE,VENDOR,1,12257,15200,80,1
14342,Mooncloth,INTERMEDIATE,VENDOR,7,12573,15200,82,1
10044,Cindercloth Boots,GEAR,TRAINER,1,34253,30622,111,0
22448,Small Prismatic Shard,INTERMEDIATE,TRAINER,20,1,0,0,0
22448,Small Prismatic Shard,INTERMEDIATE,TRAINER,3,1,0,0,0
22448,Small Prismatic Shard,INTERMEDIATE,TRAINER,1,1,0,0,0
22445,Arcane Dust,INTERMEDIATE,UNSOURCED,20,10783,5013,215,0
22445,Arcane Dust,INTERMEDIATE,UNSOURCED,7,10459,5013,208,0
13513,Flask of Chromatic Resistance,FLASK,DROP,5,66825,20250,330,0
13513,Flask of Chromatic Resistance,FLASK,DROP,11,64152,20250,316,0
10024,Black Mageweave Headband,GEAR,TRAINER,1,12315,15994,76,1
10024,Black Mageweave Headband,GEAR,TRAINER,1,11699,15994,73,1
10024,Black Mageweave Headband,GEAR,TRAINER,1,11348,15994,70,1
10024,Black Mageweave Headband,GEAR,TRAINER,1,12315,15994,76,1
10024,Black Mageweave Headband,GEAR,TRAINER,1,11699,15994,73,1
10024,Black Mageweave Headband,GEAR,TRAINER,1,11348,15994,70,1
10024,Black Mageweave Headband,GEAR,TRAINER,1,12315,15994,76,1
10024,Black Mageweave Headband,GEAR,TRAINER,1,11699,15994,73,1
10024,Black Mageweave Headband,GEAR,TRAINER,1,11348,15994,70,1
13445,Elixir of Superior Defense,ELIXIR_POT,VENDOR,5,1398,1064,131,0
13445,Elixir of Superior Defense,ELIXIR_POT,VENDOR,10,1384,1064,130,0
15564,Rugged Armor Kit,MISC,TRAINER,10,8381,10200,82,1
4361,Copper Tube,INTERMEDIATE,TRAINER,9,155,140,110,0
22448,Small Prismatic Shard,INTERMEDIATE,TRAINER,20,1,0,0,0
22448,Small Prismatic Shard,INTERMEDIATE,TRAINER,1,1,0,0,0
22448,Small Prismatic Shard,INTERMEDIATE,TRAINER,18,1,0,0,0
19057,Gloves of the Dawn,GEAR,VENDOR,1,380587,289200,131,0
19057,Gloves of the Dawn,GEAR,VENDOR,1,372975,289200,128,0
4339,Bolt of Mageweave,INTERMEDIATE,TRAINER,7,6197,5050,122,0
4339,Bolt of Mageweave,INTERMEDIATE,TRAINER,4,6073,5050,120,0
6451,Heavy Silk Bandage,MISC,TRAINER,12,1076,1188,90,1
6836,Dress Shoes,GEAR,VENDOR,1,16212,18368,88,1
6836,Dress Shoes,GEAR,VENDOR,1,15887,18368,86,1
6836,Dress Shoes,GEAR,VENDOR,1,16212,18368,88,1
6836,Dress Shoes,GEAR,VENDOR,1,15887,18368,86,1
6836,Dress Shoes,GEAR,VENDOR,1,16212,18368,88,1
6836,Dress Shoes,GEAR,VENDOR,1,15887,18368,86,1
6836,Dress Shoes,GEAR,VENDOR,1,16212,18368,88,1
22448,Small Prismatic Shard,INTERMEDIATE,TRAINER,20,1,0,0,0
22448,Small Prismatic Shard,INTERMEDIATE,TRAINER,6,1,0,0,0
22448,Small Prismatic Shard,INTERMEDIATE,TRAINER,7,1,0,0,0
13863,Runecloth Gloves,GEAR,TRAINER,1,52265,54700,95,1
13863,Runecloth Gloves,GEAR,TRAINER,1,49651,54700,90,1
13863,Runecloth Gloves,GEAR,TRAINER,1,47168,54700,86,1
13863,Runecloth Gloves,GEAR,TRAINER,1,46696,54700,85,1
13863,Runecloth Gloves,GEAR,TRAINER,1,52265,54700,95,1
13863,Runecloth Gloves,GEAR,TRAINER,1,49651,54700,90,1
5081,Kodo Hide Bag,BAG,UNSOURCED,1,2290,853,268,0
5081,Kodo Hide Bag,BAG,UNSOURCED,1,2175,853,254,0
5081,Kodo Hide Bag,BAG,UNSOURCED,1,2290,853,268,0
12404,Dense Sharpening Stone,MISC,TRAINER,8,1293,1440,89,1
14048,Bolt of Runecloth,INTERMEDIATE,TRAINER,2,15236,11880,128,0
14048,Bolt of Runecloth,INTERMEDIATE,TRAINER,5,14474,11880,121,0
22445,Arcane Dust,INTERMEDIATE,UNSOURCED,20,9822,5013,195,0
22445,Arcane Dust,INTERMEDIATE,UNSOURCED,1,9527,5013,190,0
7969,Mithril Spurs,MISC,DROP,1,7690,9624,79,1
7969,Mithril Spurs,MISC,DROP,1,7613,9624,79,1
7969,Mithril Spurs,MISC,DROP,1,7690,9624,79,1
7969,Mithril Spurs,MISC,DROP,1,7613,9624,79,1
7969,Mithril Spurs,MISC,DROP,1,7690,9624,79,1
7969,Mithril Spurs,MISC,DROP,1,7613,9624,79,1
7969,Mithril Spurs,MISC,DROP,1,7690,9624,79,1
7969,Mithril Spurs,MISC,DROP,1,7613,9624,79,1
7969,Mithril Spurs,MISC,DROP,1,7690,9624,79,1
7969,Mithril Spurs,MISC,DROP,1,7613,9624,79,1
15997,Thorium Shells,AMMO,TRAINER,1000,20,22,90,1
13513,Flask of Chromatic Resistance,FLASK,DROP,5,51266,20250,253,0
13513,Flask of Chromatic Resistance,FLASK,DROP,5,50240,20250,248,0
13513,Flask of Chromatic Resistance,FLASK,DROP,6,49737,20250,245,0
13445,Elixir of Superior Defense,ELIXIR_POT,VENDOR,12,915,1064,85,1
14048,Bolt of Runecloth,INTERMEDIATE,TRAINER,12,8149,11880,68,1
14048,Bolt of Runecloth,INTERMEDIATE,TRAINER,1,7904,11880,66,1
10011,Stormcloth Gloves,GEAR,UNSOURCED,1,35235,20842,169,0
10011,Stormcloth Gloves,GEAR,UNSOURCED,1,33825,20842,162,0
10011,Stormcloth Gloves,GEAR,UNSOURCED,1,32133,20842,154,0
22445,Arcane Dust,INTERMEDIATE,UNSOURCED,20,15716,5013,313,0
22445,Arcane Dust,INTERMEDIATE,UNSOURCED,1,15244,5013,304,0
14342,Mooncloth,INTERMEDIATE,VENDOR,3,13509,15200,88,1
14342,Mooncloth,INTERMEDIATE,VENDOR,11,12968,15200,85,1
22448,Small Prismatic Shard,INTERMEDIATE,TRAINER,20,1,0,0,1
22448,Small Prismatic Shard,INTERMEDIATE,TRAINER,6,1,0,0,1
22448,Small Prismatic Shard,INTERMEDIATE,TRAINER,4,1,0,0,1
13511,Flask of Distilled Wisdom,FLASK,DROP,5,36344,13430,270,0
13511,Flask of Distilled Wisdom,FLASK,DROP,5,35617,13430,265,0
13511,Flask of Distilled Wisdom,FLASK,DROP,14,34904,13430,259,0
20004,Mighty Troll's Blood Elixir,ELIXIR_POT,VENDOR,5,5028,4530,110,0
20004,Mighty Troll's Blood Elixir,ELIXIR_POT,VENDOR,4,4826,4530,106,0
15997,Thorium Shells,AMMO,TRAINER,1000,19,22,86,1
15997,Thorium Shells,AMMO,TRAINER,1000,18,22,81,1
15997,Thorium Shells,AMMO,TRAINER,600,17,22,77,1
22448,Small Prismatic Shard,INTERMEDIATE,TRAINER,20,1,0,0,0
22448,Small Prismatic Shard,INTERMEDIATE,TRAINER,4,1,0,0,0
22445,Arcane Dust,INTERMEDIATE,UNSOURCED,20,14292,5013,285,0
22445,Arcane Dust,INTERMEDIATE,UNSOURCED,1,14149,5013,282,0
22445,Arcane Dust,INTERMEDIATE,UNSOURCED,3,14292,5013,285,0
12655,Enchanted Thorium Bar,INTERMEDIATE,TRAINER,1,37892,36825,102,0
12655,Enchanted Thorium Bar,INTERMEDIATE,TRAINER,13,37134,36825,100,0
14048,Bolt of Runecloth,INTERMEDIATE,TRAINER,4,8756,11880,73,1
14048,Bolt of Runecloth,INTERMEDIATE,TRAINER,3,8493,11880,71,1
13512,Flask of Supreme Power,FLASK,DROP,5,29322,11430,256,0
13512,Flask of Supreme Power,FLASK,DROP,5,28735,11430,251,0
13512,Flask of Supreme Power,FLASK,DROP,4,29322,11430,256,0
15997,Thorium Shells,AMMO,TRAINER,1000,17,22,77,1
15997,Thorium Shells,AMMO,TRAINER,1000,16,22,72,1
15997,Thorium Shells,AMMO,TRAINER,200,17,22,77,1
16006,Delicate Arcanite Converter,INTERMEDIATE,VENDOR,3,77252,55450,139,0
16006,Delicate Arcanite Converter,INTERMEDIATE,VENDOR,2,74934,55450,135,0
5966,Guardian Gloves,GEAR,TRAINER,1,3053,4183,72,1
5966,Guardian Gloves,GEAR,TRAINER,1,3022,4183,72,1
5966,Guardian Gloves,GEAR,TRAINER,1,3053,4183,72,1
5966,Guardian Gloves,GEAR,TRAINER,1,3022,4183,72,1
5966,Guardian Gloves,GEAR,TRAINER,1,3053,4183,72,1
5966,Guardian Gloves,GEAR,TRAINER,1,3022,4183,72,1
5966,Guardian Gloves,GEAR,TRAINER,1,3053,4183,72,1
5966,Guardian Gloves,GEAR,TRAINER,1,3022,4183,72,1
5966,Guardian Gloves,GEAR,TRAINER,1,3053,4183,72,1
5966,Guardian Gloves,GEAR,TRAINER,1,3022,4183,72,1
5966,Guardian Gloves,GEAR,TRAINER,1,3053,4183,72,1
4330,Stylish Red Shirt,GEAR,TRAINER,1,982,1424,68,1
4330,Stylish Red Shirt,GEAR,TRAINER,1,952,1424,66,1
4330,Stylish Red Shirt,GEAR,TRAINER,1,932,1424,65,1
4330,Stylish Red Shirt,GEAR,TRAINER,1,885,1424,62,1
4330,Stylish Red Shirt,GEAR,TRAINER,1,982,1424,68,1
4330,Stylish Red Shirt,GEAR,TRAINER,1,952,1424,66,1
4330,Stylish Red Shirt,GEAR,TRAINER,1,932,1424,65,1
4330,Stylish Red Shirt,GEAR,TRAINER,1,885,1424,62,1
22445,Arcane Dust,INTERMEDIATE,UNSOURCED,20,9576,5013,191,0
22445,Arcane Dust,INTERMEDIATE,UNSOURCED,2,9288,5013,185,0
22445,Arcane Dust,INTERMEDIATE,UNSOURCED,8,9576,5013,191,0
10512,Hi-Impact Mithril Slugs,AMMO,TRAINER,1000,14,13,107,0
14342,Mooncloth,INTERMEDIATE,VENDOR,5,14500,15200,95,1
14342,Mooncloth,INTERMEDIATE,VENDOR,9,13920,15200,91,1
22448,Small Prismatic Shard,INTERMEDIATE,TRAINER,20,1,0,0,0
22448,Small Prismatic Shard,INTERMEDIATE,TRAINER,10,1,0,0,0
22448,Small Prismatic Shard,INTERMEDIATE,TRAINER,9,1,0,0,0
13512,Flask of Supreme Power,FLASK,DROP,20,23237,11430,203,0
13512,Flask of Supreme Power,FLASK,DROP,5,22307,11430,195,0
13512,Flask of Supreme Power,FLASK,DROP,5,21191,11430,185,0
13512,Flask of Supreme Power,FLASK,DROP,8,23237,11430,203,0
22445,Arcane Dust,INTERMEDIATE,UNSOURCED,13,14316,5013,285,0
22445,Arcane Dust,INTERMEDIATE,UNSOURCED,5,13600,5013,271,0
18251,Core Armor Kit,MISC,DROP,10,23441,28000,83,1
22448,Small Prismatic Shard,INTERMEDIATE,TRAINER,20,1,0,0,0
22448,Small Prismatic Shard,INTERMEDIATE,TRAINER,12,1,0,0,0
22448,Small Prismatic Shard,INTERMEDIATE,TRAINER,4,1,0,0,0
13510,Flask of the Titans,FLASK,DROP,5,47680,16860,282,0
13510,Flask of the Titans,FLASK,DROP,5,46249,16860,274,0
13510,Flask of the Titans,FLASK,DROP,5,43936,16860,260,0
13510,Flask of the Titans,FLASK,DROP,5,47680,16860,282,0
13510,Flask of the Titans,FLASK,DROP,20,46249,16860,274,0
13445,Elixir of Superior Defense,ELIXIR_POT,VENDOR,8,899,1064,84,1
5081,Kodo Hide Bag,BAG,UNSOURCED,1,2431,853,284,0
5081,Kodo Hide Bag,BAG,UNSOURCED,1,2333,853,273,0
5081,Kodo Hide Bag,BAG,UNSOURCED,1,2263,853,265,0
15053,Volcanic Breastplate,GEAR,DROP,1,24871,28136,88,1
15053,Volcanic Breastplate,GEAR,DROP,1,24622,28136,87,1
15053,Volcanic Breastplate,GEAR,DROP,1,24871,28136,88,1
15053,Volcanic Breastplate,GEAR,DROP,1,24622,28136,87,1
15053,Volcanic Breastplate,GEAR,DROP,1,24871,28136,88,1
15053,Volcanic Breastplate,GEAR,DROP,1,24622,28136,87,1
15053,Volcanic Breastplate,GEAR,DROP,1,24871,28136,88,1
15053,Volcanic Breastplate,GEAR,DROP,1,24622,28136,87,1
15053,Volcanic Breastplate,GEAR,DROP,1,24871,28136,88,1
15053,Volcanic Breastplate,GEAR,DROP,1,24622,28136,87,1
15053,Volcanic Breastplate,GEAR,DROP,1,24871,28136,88,1
15053,Volcanic Breastplate,GEAR,DROP,1,24622,28136,87,1
15053,Volcanic Breastplate,GEAR,DROP,1,24871,28136,88,1
15053,Volcanic Breastplate,GEAR,DROP,1,24622,28136,87,1
22445,Arcane Dust,INTERMEDIATE,UNSOURCED,20,8986,5013,179,0
22445,Arcane Dust,INTERMEDIATE,UNSOURCED,7,8806,5013,175,0
22445,Arcane Dust,INTERMEDIATE,UNSOURCED,3,8453,5013,168,0
34086,Winter Boots,GEAR,VENDOR,1,12004,13588,88,1
34086,Winter Boots,GEAR,VENDOR,1,11883,13588,87,1
34086,Winter Boots,GEAR,VENDOR,1,12004,13588,88,1
34086,Winter Boots,GEAR,VENDOR,1,11883,13588,87,1
34086,Winter Boots,GEAR,VENDOR,1,12004,13588,88,1
34086,Winter Boots,GEAR,VENDOR,1,11883,13588,87,1
34086,Winter Boots,GEAR,VENDOR,1,12004,13588,88,1
34086,Winter Boots,GEAR,VENDOR,1,11883,13588,87,1
34086,Winter Boots,GEAR,VENDOR,1,12004,13588,88,1
34086,Winter Boots,GEAR,VENDOR,1,11883,13588,87,1
10513,Mithril Gyro-Shot,AMMO,TRAINER,800,32,26,123,0
8069,Crafted Solid Shot,AMMO,TRAINER,1000,2,2,100,0
4234,Heavy Leather,INTERMEDIATE,TRAINER,2,1306,1090,119,0
4234,Heavy Leather,INTERMEDIATE,TRAINER,6,1266,1090,116,0
4304,Thick Leather,INTERMEDIATE,TRAINER,1,4213,3636,115,0
4304,Thick Leather,INTERMEDIATE,TRAINER,5,4044,3636,111,0
5081,Kodo Hide Bag,BAG,UNSOURCED,1,1747,853,204,0
13443,Superior Mana Potion,ELIXIR_POT,TRAINER,5,6748,5630,119,0
10008,White Bandit Mask,GEAR,DROP,1,4536,6023,75,1
10008,White Bandit Mask,GEAR,DROP,1,4445,6023,73,1
10008,White Bandit Mask,GEAR,DROP,1,4222,6023,70,1
10008,White Bandit Mask,GEAR,DROP,1,4179,6023,69,1
10008,White Bandit Mask,GEAR,DROP,1,4536,6023,75,1
10008,White Bandit Mask,GEAR,DROP,1,4445,6023,73,1
10008,White Bandit Mask,GEAR,DROP,1,4222,6023,70,1
10008,White Bandit Mask,GEAR,DROP,1,4179,6023,69,1
10008,White Bandit Mask,GEAR,DROP,1,4536,6023,75,1
10008,White Bandit Mask,GEAR,DROP,1,4445,6023,73,1
10008,White Bandit Mask,GEAR,DROP,1,4222,6023,70,1
22448,Small Prismatic Shard,INTERMEDIATE,TRAINER,20,1,0,0,0
22448,Small Prismatic Shard,INTERMEDIATE,TRAINER,20,1,0,0,0
22448,Small Prismatic Shard,INTERMEDIATE,TRAINER,2,1,0,0,0
22448,Small Prismatic Shard,INTERMEDIATE,TRAINER,5,1,0,0,0
22448,Small Prismatic Shard,INTERMEDIATE,TRAINER,13,1,0,0,0
10512,Hi-Impact Mithril Slugs,AMMO,TRAINER,400,13,13,100,0
22448,Small Prismatic Shard,INTERMEDIATE,TRAINER,20,1,0,0,1
22448,Small Prismatic Shard,INTERMEDIATE,TRAINER,7,1,0,0,1
22448,Small Prismatic Shard,INTERMEDIATE,TRAINER,12,1,0,0,1
9210,Ghost Dye,INTERMEDIATE,VENDOR,2,7879,6210,126,0
9210,Ghost Dye,INTERMEDIATE,VENDOR,3,7721,6210,124,0
12409,Thorium Boots,GEAR,TRAINER,1,56342,47224,119,0
14529,Runecloth Bandage,MISC,TRAINER,9,1847,2376,77,1
1082,Redridge Goulash,FOOD,VENDOR,5,1076,820,131,0
1082,Redridge Goulash,FOOD,VENDOR,7,1054,820,128,0
8067,Crafted Light Shot,AMMO,UNSOURCED,1000,1,0,0,0
22445,Arcane Dust,INTERMEDIATE,UNSOURCED,20,11593,5013,231,0
22445,Arcane Dust,INTERMEDIATE,UNSOURCED,5,11013,5013,219,0
22445,Arcane Dust,INTERMEDIATE,UNSOURCED,11,11593,5013,231,0
11605,Dark Iron Shoulders,GEAR,DROP,1,21018,23856,88,1
11605,Dark Iron Shoulders,GEAR,DROP,1,20597,23856,86,1
11605,Dark Iron Shoulders,GEAR,DROP,1,19567,23856,82,1
11605,Dark Iron Shoulders,GEAR,DROP,1,18979,23856,79,1
11605,Dark Iron Shoulders,GEAR,DROP,1,21018,23856,88,1
11605,Dark Iron Shoulders,GEAR,DROP,1,20597,23856,86,1
11605,Dark Iron Shoulders,GEAR,DROP,1,19567,23856,82,1
34086,Winter Boots,GEAR,VENDOR,1,10758,13588,79,1
34086,Winter Boots,GEAR,VENDOR,1,10435,13588,76,1
34086,Winter Boots,GEAR,VENDOR,1,10017,13588,73,1
34086,Winter Boots,GEAR,VENDOR,1,9916,13588,72,1
34086,Winter Boots,GEAR,VENDOR,1,10758,13588,79,1
34086,Winter Boots,GEAR,VENDOR,1,10435,13588,76,1
10513,Mithril Gyro-Shot,AMMO,TRAINER,1000,23,26,88,1
10513,Mithril Gyro-Shot,AMMO,TRAINER,800,22,26,84,1
6037,Truesilver Bar,INTERMEDIATE,TRAINER,8,4120,4120,100,0
12810,Enchanted Leather,INTERMEDIATE,TRAINER,7,84225,83640,100,0
12810,Enchanted Leather,INTERMEDIATE,TRAINER,5,83640,83640,100,0
22448,Small Prismatic Shard,INTERMEDIATE,TRAINER,7,1,0,0,0
22448,Small Prismatic Shard,INTERMEDIATE,TRAINER,8,1,0,0,0
22448,Small Prismatic Shard,INTERMEDIATE,TRAINER,20,1,0,0,0
22448,Small Prismatic Shard,INTERMEDIATE,TRAINER,2,1,0,0,0
22448,Small Prismatic Shard,INTERMEDIATE,TRAINER,2,1,0,0,0
22448,Small Prismatic Shard,INTERMEDIATE,TRAINER,11,1,0,0,1
22448,Small Prismatic Shard,INTERMEDIATE,TRAINER,7,1,0,0,1
10008,White Bandit Mask,GEAR,DROP,1,4312,6023,71,1
10008,White Bandit Mask,GEAR,DROP,1,4139,6023,68,1
10008,White Bandit Mask,GEAR,DROP,1,3973,6023,65,1
10008,White Bandit Mask,GEAR,DROP,1,3774,6023,62,1
10008,White Bandit Mask,GEAR,DROP,1,4312,6023,71,1
10008,White Bandit Mask,GEAR,DROP,1,4139,6023,68,1
10008,White Bandit Mask,GEAR,DROP,1,3973,6023,65,1
10008,White Bandit Mask,GEAR,DROP,1,3774,6023,62,1
3486,Heavy Grinding Stone,INTERMEDIATE,TRAINER,13,1139,1035,110,0
18262,Elemental Sharpening Stone,MISC,DROP,7,7299,9216,79,1
6453,Strong Anti-Venom,MISC,DROP,20,368,373,98,1
6453,Strong Anti-Venom,MISC,DROP,20,364,373,97,1
6453,Strong Anti-Venom,MISC,DROP,2,368,373,98,1
4234,Heavy Leather,INTERMEDIATE,TRAINER,1,1162,1090,106,0
4234,Heavy Leather,INTERMEDIATE,TRAINER,4,1103,1090,101,0
8949,Elixir of Agility,ELIXIR_POT,TRAINER,18,1860,1615,115,0
12810,Enchanted Leather,INTERMEDIATE,TRAINER,5,106498,83640,127,0
12810,Enchanted Leather,INTERMEDIATE,TRAINER,10,101173,83640,120,0
20002,Greater Dreamless Sleep Potion,ELIXIR_POT,VENDOR,5,1444,1708,84,1
20002,Greater Dreamless Sleep Potion,ELIXIR_POT,VENDOR,1,1415,1708,82,1
21341,Felcloth Bag,BAG,UNSOURCED,1,599672,199240,300,0
21341,Felcloth Bag,BAG,UNSOURCED,1,581681,199240,291,0
21341,Felcloth Bag,BAG,UNSOURCED,1,558413,199240,280,0
5081,Kodo Hide Bag,BAG,UNSOURCED,1,2470,853,289,0
5081,Kodo Hide Bag,BAG,UNSOURCED,1,2371,853,277,0
35565,Juicy Bear Burger,FOOD,VENDOR,5,282,238,118,0
35565,Juicy Bear Burger,FOOD,VENDOR,9,279,238,117,0
12655,Enchanted Thorium Bar,INTERMEDIATE,TRAINER,2,44940,36825,122,0
12655,Enchanted Thorium Bar,INTERMEDIATE,TRAINER,4,42693,36825,115,0
4238,Linen Bag,BAG,TRAINER,1,434,366,118,0
22246,Enchanted Mageweave Pouch,BAG,VENDOR,1,48437,43512,111,0
21340,Soul Pouch,BAG,VENDOR,1,103523,80078,129,0
21340,Soul Pouch,BAG,VENDOR,1,100417,80078,125,0
2996,Bolt of Linen Cloth,INTERMEDIATE,UNSOURCED,13,283,112,252,0
13929,Hot Smoked Bass,FOOD,VENDOR,5,140,133,105,0
13929,Hot Smoked Bass,FOOD,VENDOR,5,133,133,100,0
13929,Hot Smoked Bass,FOOD,VENDOR,1,133,133,100,0
19686,Primal Batskin Gloves,GEAR,VENDOR,1,218284,178396,122,0
14342,Mooncloth,INTERMEDIATE,VENDOR,9,11430,15200,75,1
8176,Nightscape Headband,GEAR,TRAINER,1,5241,6940,75,1
8176,Nightscape Headband,GEAR,TRAINER,1,5083,6940,73,1
8176,Nightscape Headband,GEAR,TRAINER,1,4930,6940,71,1
8176,Nightscape Headband,GEAR,TRAINER,1,4683,6940,67,1
8176,Nightscape Headband,GEAR,TRAINER,1,5241,6940,75,1
8176,Nightscape Headband,GEAR,TRAINER,1,5083,6940,73,1
8176,Nightscape Headband,GEAR,TRAINER,1,4930,6940,71,1
8176,Nightscape Headband,GEAR,TRAINER,1,4683,6940,67,1
8176,Nightscape Headband,GEAR,TRAINER,1,5241,6940,75,1
8176,Nightscape Headband,GEAR,TRAINER,1,5083,6940,73,1
8176,Nightscape Headband,GEAR,TRAINER,1,4930,6940,71,1
8069,Crafted Solid Shot,AMMO,TRAINER,400,2,2,100,0
22448,Small Prismatic Shard,INTERMEDIATE,TRAINER,20,1,0,0,0
22448,Small Prismatic Shard,INTERMEDIATE,TRAINER,11,1,0,0,0
22448,Small Prismatic Shard,INTERMEDIATE,TRAINER,8,1,0,0,0
8364,Mithril Head Trout,FOOD,VENDOR,5,28,25,112,0
8364,Mithril Head Trout,FOOD,VENDOR,5,27,25,108,0
8364,Mithril Head Trout,FOOD,VENDOR,5,25,25,100,0
9998,Black Mageweave Vest,GEAR,TRAINER,1,7834,9496,82,1
9998,Black Mageweave Vest,GEAR,TRAINER,1,7755,9496,81,1
9998,Black Mageweave Vest,GEAR,TRAINER,1,7599,9496,80,1
9998,Black Mageweave Vest,GEAR,TRAINER,1,7834,9496,82,1
9998,Black Mageweave Vest,GEAR,TRAINER,1,7755,9496,81,1
9998,Black Mageweave Vest,GEAR,TRAINER,1,7599,9496,80,1
9998,Black Mageweave Vest,GEAR,TRAINER,1,7834,9496,82,1
9998,Black Mageweave Vest,GEAR,TRAINER,1,7755,9496,81,1
9998,Black Mageweave Vest,GEAR,TRAINER,1,7599,9496,80,1
9998,Black Mageweave Vest,GEAR,TRAINER,1,7834,9496,82,1
9998,Black Mageweave Vest,GEAR,TRAINER,1,7755,9496,81,1
9998,Black Mageweave Vest,GEAR,TRAINER,1,7599,9496,80,1
9998,Black Mageweave Vest,GEAR,TRAINER,1,7834,9496,82,1
10053,Simple Black Dress,GEAR,TRAINER,1,12885,15019,85,1
10053,Simple Black Dress,GEAR,TRAINER,1,12240,15019,81,1
10053,Simple Black Dress,GEAR,TRAINER,1,12117,15019,80,1
10053,Simple Black Dress,GEAR,TRAINER,1,11753,15019,78,1
10053,Simple Black Dress,GEAR,TRAINER,1,12885,15019,85,1
10053,Simple Black Dress,GEAR,TRAINER,1,12240,15019,81,1
10053,Simple Black Dress,GEAR,TRAINER,1,12117,15019,80,1
10053,Simple Black Dress,GEAR,TRAINER,1,11753,15019,78,1
10053,Simple Black Dress,GEAR,TRAINER,1,12885,15019,85,1
10053,Simple Black Dress,GEAR,TRAINER,1,12240,15019,81,1
20745,Minor Mana Oil,MISC,VENDOR,1,13790,10592,130,0
20745,Minor Mana Oil,MISC,VENDOR,1,13376,10592,126,0
20745,Minor Mana Oil,MISC,VENDOR,1,13790,10592,130,0
20745,Minor Mana Oil,MISC,VENDOR,1,13376,10592,126,0
20745,Minor Mana Oil,MISC,VENDOR,1,13790,10592,130,0
15997,Thorium Shells,AMMO,TRAINER,1000,21,22,95,1
15997,Thorium Shells,AMMO,TRAINER,400,20,22,90,1
4238,Linen Bag,BAG,TRAINER,1,435,366,118,0
4238,Linen Bag,BAG,TRAINER,1,426,366,116,0
4238,Linen Bag,BAG,TRAINER,1,404,366,110,0
13511,Flask of Distilled Wisdom,FLASK,DROP,18,28352,13430,211,0
12810,Enchanted Leather,INTERMEDIATE,TRAINER,5,106590,83640,127,0
12810,Enchanted Leather,INTERMEDIATE,TRAINER,2,105524,83640,126,0
12655,Enchanted Thorium Bar,INTERMEDIATE,TRAINER,5,40595,36825,110,0
2996,Bolt of Linen Cloth,INTERMEDIATE,UNSOURCED,10,224,112,200,0
2996,Bolt of Linen Cloth,INTERMEDIATE,UNSOURCED,2,215,112,191,0
7071,Iron Buckle,INTERMEDIATE,TRAINER,5,500,450,111,0
7071,Iron Buckle,INTERMEDIATE,TRAINER,4,490,450,108,0
7071,Iron Buckle,INTERMEDIATE,TRAINER,1,480,450,106,0
15997,Thorium Shells,AMMO,TRAINER,400,22,22,100,0
14342,Mooncloth,INTERMEDIATE,VENDOR,8,12895,15200,84,1
14342,Mooncloth,INTERMEDIATE,VENDOR,7,12508,15200,82,1
8068,Crafted Heavy Shot,AMMO,TRAINER,400,1,0,0,0
15997,Thorium Shells,AMMO,TRAINER,1000,16,22,72,1
15997,Thorium Shells,AMMO,TRAINER,1000,15,22,68,1
15997,Thorium Shells,AMMO,TRAINER,200,14,22,63,1
15997,Thorium Shells,AMMO,TRAINER,1000,13,22,59,1
15997,Thorium Shells,AMMO,TRAINER,600,13,22,59,1
4234,Heavy Leather,INTERMEDIATE,TRAINER,13,1378,1090,126,0
4234,Heavy Leather,INTERMEDIATE,TRAINER,1,1309,1090,120,0
10050,Mageweave Bag,BAG,TRAINER,1,18026,16992,106,0
13506,Potion of Petrification,ELIXIR_POT,DROP,5,544,607,89,1
13506,Potion of Petrification,ELIXIR_POT,DROP,13,538,607,88,1
15997,Thorium Shells,AMMO,TRAINER,1000,19,22,86,1
15997,Thorium Shells,AMMO,TRAINER,600,18,22,81,1
4236,Cured Heavy Hide,INTERMEDIATE,TRAINER,5,1559,1350,115,0
4236,Cured Heavy Hide,INTERMEDIATE,TRAINER,3,1481,1350,109,0
12655,Enchanted Thorium Bar,INTERMEDIATE,TRAINER,15,37119,36825,100,0
15997,Thorium Shells,AMMO,TRAINER,1000,15,22,68,1
15997,Thorium Shells,AMMO,TRAINER,1000,14,22,63,1
15997,Thorium Shells,AMMO,TRAINER,1000,13,22,59,1
22445,Arcane Dust,INTERMEDIATE,UNSOURCED,20,8437,5013,168,0
22445,Arcane Dust,INTERMEDIATE,UNSOURCED,10,8268,5013,164,0
5081,Kodo Hide Bag,BAG,UNSOURCED,1,2394,853,280,0
5081,Kodo Hide Bag,BAG,UNSOURCED,1,2298,853,269,0
8949,Elixir of Agility,ELIXIR_POT,TRAINER,5,1836,1615,113,0
8949,Elixir of Agility,ELIXIR_POT,TRAINER,5,1799,1615,111,0
8949,Elixir of Agility,ELIXIR_POT,TRAINER,9,1727,1615,106,0
14043,Cindercloth Gloves,GEAR,DROP,1,51559,53308,96,1
14043,Cindercloth Gloves,GEAR,DROP,1,49496,53308,92,1
14043,Cindercloth Gloves,GEAR,DROP,1,48506,53308,90,1
14043,Cindercloth Gloves,GEAR,DROP,1,48020,53308,90,1
14043,Cindercloth Gloves,GEAR,DROP,1,51559,53308,96,1
14043,Cindercloth Gloves,GEAR,DROP,1,49496,53308,92,1
14043,Cindercloth Gloves,GEAR,DROP,1,48506,53308,90,1
14043,Cindercloth Gloves,GEAR,DROP,1,48020,53308,90,1
13443,Superior Mana Potion,ELIXIR_POT,TRAINER,5,6191,5630,109,0
13443,Superior Mana Potion,ELIXIR_POT,TRAINER,2,5881,5630,104,0
9999,Black Mageweave Leggings,GEAR,TRAINER,1,7676,9496,80,1
9999,Black Mageweave Leggings,GEAR,TRAINER,1,7368,9496,77,1
9999,Black Mageweave Leggings,GEAR,TRAINER,1,7294,9496,76,1
9999,Black Mageweave Leggings,GEAR,TRAINER,1,7676,9496,80,1
9999,Black Mageweave Leggings,GEAR,TRAINER,1,7368,9496,77,1
9999,Black Mageweave Leggings,GEAR,TRAINER,1,7294,9496,76,1
9999,Black Mageweave Leggings,GEAR,TRAINER,1,7676,9496,80,1
9999,Black Mageweave Leggings,GEAR,TRAINER,1,7368,9496,77,1
9999,Black Mageweave Leggings,GEAR,TRAINER,1,7294,9496,76,1
9999,Black Mageweave Leggings,GEAR,TRAINER,1,7676,9496,80,1
9999,Black Mageweave Leggings,GEAR,TRAINER,1,7368,9496,77,1
9999,Black Mageweave Leggings,GEAR,TRAINER,1,7294,9496,76,1
9999,Black Mageweave Leggings,GEAR,TRAINER,1,7676,9496,80,1
9999,Black Mageweave Leggings,GEAR,TRAINER,1,7368,9496,77,1
22448,Small Prismatic Shard,INTERMEDIATE,TRAINER,20,1,0,0,0
22448,Small Prismatic Shard,INTERMEDIATE,TRAINER,3,1,0,0,0
22448,Small Prismatic Shard,INTERMEDIATE,TRAINER,1,1,0,0,0
22448,Small Prismatic Shard,INTERMEDIATE,TRAINER,2,1,0,0,0
22448,Small Prismatic Shard,INTERMEDIATE,TRAINER,13,1,0,0,0
14529,Runecloth Bandage,MISC,TRAINER,12,2240,2376,94,1
15095,Runic Leather Pants,GEAR,TRAINER,1,91126,74232,122,0
15095,Runic Leather Pants,GEAR,TRAINER,1,90214,74232,121,0
15997,Thorium Shells,AMMO,TRAINER,1000,15,22,68,1
5081,Kodo Hide Bag,BAG,UNSOURCED,1,1596,853,187,0
5081,Kodo Hide Bag,BAG,UNSOURCED,1,1516,853,177,0
5081,Kodo Hide Bag,BAG,UNSOURCED,1,1596,853,187,0
10050,Mageweave Bag,BAG,TRAINER,1,21231,16992,124,0
10050,Mageweave Bag,BAG,TRAINER,1,20594,16992,121,0
10050,Mageweave Bag,BAG,TRAINER,1,20182,16992,118,0
4339,Bolt of Mageweave,INTERMEDIATE,TRAINER,2,5914,5050,117,0
4339,Bolt of Mageweave,INTERMEDIATE,TRAINER,8,5854,5050,115,0
5081,Kodo Hide Bag,BAG,UNSOURCED,1,2456,853,287,0
4339,Bolt of Mageweave,INTERMEDIATE,TRAINER,12,5777,5050,114,0
4339,Bolt of Mageweave,INTERMEDIATE,TRAINER,3,5719,5050,113,0
12429,Imperial Plate Leggings,GEAR,UNSOURCED,1,369033,148780,248,0
14342,Mooncloth,INTERMEDIATE,VENDOR,15,12573,15200,82,1
19156,Flarecore Robe,GEAR,VENDOR,1,400095,329622,121,0
19156,Flarecore Robe,GEAR,VENDOR,1,384091,329622,116,0
29203,Enchanted Thorium Blades,GEAR,TRAINER,1,17146,17190,99,1
29203,Enchanted Thorium Blades,GEAR,TRAINER,1,16803,17190,97,1
29203,Enchanted Thorium Blades,GEAR,TRAINER,1,17146,17190,99,1
29203,Enchanted Thorium Blades,GEAR,TRAINER,1,16803,17190,97,1
29203,Enchanted Thorium Blades,GEAR,TRAINER,1,17146,17190,99,1
29203,Enchanted Thorium Blades,GEAR,TRAINER,1,16803,17190,97,1
29203,Enchanted Thorium Blades,GEAR,TRAINER,1,17146,17190,99,1
29203,Enchanted Thorium Blades,GEAR,TRAINER,1,16803,17190,97,1
29203,Enchanted Thorium Blades,GEAR,TRAINER,1,17146,17190,99,1
10003,Black Mageweave Gloves,GEAR,TRAINER,1,9665,11996,80,1
10003,Black Mageweave Gloves,GEAR,TRAINER,1,9568,11996,79,1
10003,Black Mageweave Gloves,GEAR,TRAINER,1,9376,11996,78,1
10003,Black Mageweave Gloves,GEAR,TRAINER,1,9665,11996,80,1
10003,Black Mageweave Gloves,GEAR,TRAINER,1,9568,11996,79,1
10003,Black Mageweave Gloves,GEAR,TRAINER,1,9376,11996,78,1
10003,Black Mageweave Gloves,GEAR,TRAINER,1,9665,11996,80,1
10003,Black Mageweave Gloves,GEAR,TRAINER,1,9568,11996,79,1
10003,Black Mageweave Gloves,GEAR,TRAINER,1,9376,11996,78,1
10003,Black Mageweave Gloves,GEAR,TRAINER,1,9665,11996,80,1
10003,Black Mageweave Gloves,GEAR,TRAINER,1,9568,11996,79,1
10003,Black Mageweave Gloves,GEAR,TRAINER,1,9376,11996,78,1
14139,Mooncloth Shoulders,GEAR,DROP,1,276990,123900,223,0
14139,Mooncloth Shoulders,GEAR,DROP,1,263140,123900,212,0
5081,Kodo Hide Bag,BAG,UNSOURCED,1,1558,853,182,0
5081,Kodo Hide Bag,BAG,UNSOURCED,1,1480,853,173,0
5081,Kodo Hide Bag,BAG,UNSOURCED,1,1465,853,171,0
8195,Nightscape Cloak,GEAR,UNSOURCED,1,14210,16256,87,1
8195,Nightscape Cloak,GEAR,UNSOURCED,1,13499,16256,83,1
8195,Nightscape Cloak,GEAR,UNSOURCED,1,12959,16256,79,1
8195,Nightscape Cloak,GEAR,UNSOURCED,1,14210,16256,87,1
8195,Nightscape Cloak,GEAR,UNSOURCED,1,13499,16256,83,1
8195,Nightscape Cloak,GEAR,UNSOURCED,1,12959,16256,79,1
8195,Nightscape Cloak,GEAR,UNSOURCED,1,14210,16256,87,1
8195,Nightscape Cloak,GEAR,UNSOURCED,1,13499,16256,83,1
8195,Nightscape Cloak,GEAR,UNSOURCED,1,12959,16256,79,1
8195,Nightscape Cloak,GEAR,UNSOURCED,1,14210,16256,87,1
14048,Bolt of Runecloth,INTERMEDIATE,TRAINER,5,11880,11880,100,0
14048,Bolt of Runecloth,INTERMEDIATE,TRAINER,6,11880,11880,100,0
8176,Nightscape Headband,GEAR,TRAINER,1,6329,6940,91,1
8176,Nightscape Headband,GEAR,TRAINER,1,6075,6940,87,1
8176,Nightscape Headband,GEAR,TRAINER,1,5892,6940,84,1
8176,Nightscape Headband,GEAR,TRAINER,1,6329,6940,91,1
8176,Nightscape Headband,GEAR,TRAINER,1,6075,6940,87,1
8176,Nightscape Headband,GEAR,TRAINER,1,5892,6940,84,1
8176,Nightscape Headband,GEAR,TRAINER,1,6329,6940,91,1
8176,Nightscape Headband,GEAR,TRAINER,1,6075,6940,87,1
8176,Nightscape Headband,GEAR,TRAINER,1,5892,6940,84,1
8176,Nightscape Headband,GEAR,TRAINER,1,6329,6940,91,1
8176,Nightscape Headband,GEAR,TRAINER,1,6075,6940,87,1
8176,Nightscape Headband,GEAR,TRAINER,1,5892,6940,84,1
8176,Nightscape Headband,GEAR,TRAINER,1,6329,6940,91,1
8176,Nightscape Headband,GEAR,TRAINER,1,6075,6940,87,1
13423,Stonescale Oil,INTERMEDIATE,TRAINER,11,90,102,88,1
12404,Dense Sharpening Stone,MISC,TRAINER,12,1218,1440,84,1
15997,Thorium Shells,AMMO,TRAINER,1000,21,22,95,1
15997,Thorium Shells,AMMO,TRAINER,200,19,22,86,1
13459,Greater Shadow Protection Potion,ELIXIR_POT,DROP,11,1478,1812,81,1
14048,Bolt of Runecloth,INTERMEDIATE,TRAINER,8,12838,11880,108,0
14048,Bolt of Runecloth,INTERMEDIATE,TRAINER,6,12196,11880,102,0
13423,Stonescale Oil,INTERMEDIATE,TRAINER,2,90,102,88,1
13423,Stonescale Oil,INTERMEDIATE,TRAINER,8,87,102,85,1
21342,Core Felcloth Bag,BAG,DROP,1,933593,353768,263,0
21342,Core Felcloth Bag,BAG,DROP,1,905585,353768,255,0
21342,Core Felcloth Bag,BAG,DROP,1,933593,353768,263,0
7371,Heavy Quiver,MISC,TRAINER,1,5552,5048,109,0
7371,Heavy Quiver,MISC,TRAINER,1,5329,5048,105,0
13459,Greater Shadow Protection Potion,ELIXIR_POT,DROP,8,1469,1812,81,1
2997,Bolt of Woolen Cloth,INTERMEDIATE,TRAINER,10,408,408,100,0
2997,Bolt of Woolen Cloth,INTERMEDIATE,TRAINER,4,408,408,100,0
21340,Soul Pouch,BAG,VENDOR,1,103876,80078,129,0
21340,Soul Pouch,BAG,VENDOR,1,98682,80078,123,0
8068,Crafted Heavy Shot,AMMO,TRAINER,800,1,0,0,0
15997,Thorium Shells,AMMO,TRAINER,800,25,22,113,0
22574,Mote of Fire,INTERMEDIATE,TRAINER,10,3200,3200,100,0
22574,Mote of Fire,INTERMEDIATE,TRAINER,10,3200,3200,100,0
22574,Mote of Fire,INTERMEDIATE,TRAINER,10,3200,3200,100,0
22574,Mote of Fire,INTERMEDIATE,TRAINER,10,3200,3200,100,0
22574,Mote of Fire,INTERMEDIATE,TRAINER,10,3200,3200,100,0
22574,Mote of Fire,INTERMEDIATE,TRAINER,10,3200,3200,100,0
22574,Mote of Fire,INTERMEDIATE,TRAINER,10,3200,3200,100,0
22574,Mote of Fire,INTERMEDIATE,TRAINER,10,3200,3200,100,0
22574,Mote of Fire,INTERMEDIATE,TRAINER,10,3200,3200,100,0
22574,Mote of Fire,INTERMEDIATE,TRAINER,10,3200,3200,100,0
22574,Mote of Fire,INTERMEDIATE,TRAINER,10,3200,3200,100,0
22574,Mote of Fire,INTERMEDIATE,TRAINER,2,3200,3200,100,0
22574,Mote of Fire,INTERMEDIATE,TRAINER,8,3200,3200,100,0
13506,Potion of Petrification,ELIXIR_POT,DROP,5,482,607,79,1
13506,Potion of Petrification,ELIXIR_POT,DROP,5,467,607,76,1
13506,Potion of Petrification,ELIXIR_POT,DROP,5,482,607,79,1
13506,Potion of Petrification,ELIXIR_POT,DROP,5,467,607,76,1
4305,Bolt of Silk Cloth,INTERMEDIATE,TRAINER,5,3034,2376,127,0
4305,Bolt of Silk Cloth,INTERMEDIATE,TRAINER,5,2942,2376,123,0
9187,Elixir of Greater Agility,ELIXIR_POT,TRAINER,5,1998,1787,111,0
9187,Elixir of Greater Agility,ELIXIR_POT,TRAINER,5,1918,1787,107,0
9187,Elixir of Greater Agility,ELIXIR_POT,TRAINER,5,1860,1787,104,0
9187,Elixir of Greater Agility,ELIXIR_POT,TRAINER,3,1822,1787,101,0
22448,Small Prismatic Shard,INTERMEDIATE,TRAINER,20,1,0,0,0
22448,Small Prismatic Shard,INTERMEDIATE,TRAINER,7,1,0,0,0
22445,Arcane Dust,INTERMEDIATE,UNSOURCED,20,11747,5013,234,0
22445,Arcane Dust,INTERMEDIATE,UNSOURCED,1,11159,5013,222,0
19999,Bloodvine Goggles,GEAR,VENDOR,1,537899,436820,123,0
19999,Bloodvine Goggles,GEAR,VENDOR,1,511004,436820,116,0
19999,Bloodvine Goggles,GEAR,VENDOR,1,500783,436820,114,0
12655,Enchanted Thorium Bar,INTERMEDIATE,TRAINER,6,36825,36825,100,0
12655,Enchanted Thorium Bar,INTERMEDIATE,TRAINER,5,36825,36825,100,0
10592,Catseye Elixir,ELIXIR_POT,TRAINER,5,1872,1732,108,0
10592,Catseye Elixir,ELIXIR_POT,TRAINER,6,1778,1732,102,0
13512,Flask of Supreme Power,FLASK,DROP,20,17644,11430,154,0
13512,Flask of Supreme Power,FLASK,DROP,10,16761,11430,146,0
15997,Thorium Shells,AMMO,TRAINER,400,25,22,113,0
22445,Arcane Dust,INTERMEDIATE,UNSOURCED,8,10581,5013,211,0
22445,Arcane Dust,INTERMEDIATE,UNSOURCED,10,10051,5013,200,0
20747,Lesser Mana Oil,MISC,VENDOR,1,48732,39380,123,0
20747,Lesser Mana Oil,MISC,VENDOR,1,46295,39380,117,0
20747,Lesser Mana Oil,MISC,VENDOR,1,45369,39380,115,0
20747,Lesser Mana Oil,MISC,VENDOR,1,48732,39380,123,0
12359,Thorium Bar,INTERMEDIATE,TRAINER,10,1605,1545,103,0
12359,Thorium Bar,INTERMEDIATE,TRAINER,2,1588,1545,102,0
19690,Bloodsoul Breastplate,GEAR,VENDOR,1,701055,519300,135,0
29203,Enchanted Thorium Blades,GEAR,TRAINER,1,13172,17190,76,1
29203,Enchanted Thorium Blades,GEAR,TRAINER,1,12776,17190,74,1
29203,Enchanted Thorium Blades,GEAR,TRAINER,1,12648,17190,73,1
29203,Enchanted Thorium Blades,GEAR,TRAINER,1,12015,17190,69,1
29203,Enchanted Thorium Blades,GEAR,TRAINER,1,13172,17190,76,1
29203,Enchanted Thorium Blades,GEAR,TRAINER,1,12776,17190,74,1
29203,Enchanted Thorium Blades,GEAR,TRAINER,1,12648,17190,73,1
29203,Enchanted Thorium Blades,GEAR,TRAINER,1,12015,17190,69,1
29203,Enchanted Thorium Blades,GEAR,TRAINER,1,13172,17190,76,1
29203,Enchanted Thorium Blades,GEAR,TRAINER,1,12776,17190,74,1
29203,Enchanted Thorium Blades,GEAR,TRAINER,1,12648,17190,73,1
22448,Small Prismatic Shard,INTERMEDIATE,TRAINER,20,1,0,0,1
22448,Small Prismatic Shard,INTERMEDIATE,TRAINER,13,1,0,0,1
22448,Small Prismatic Shard,INTERMEDIATE,TRAINER,3,1,0,0,1
5081,Kodo Hide Bag,BAG,UNSOURCED,1,1423,853,166,0
12655,Enchanted Thorium Bar,INTERMEDIATE,TRAINER,6,42654,36825,115,0
12655,Enchanted Thorium Bar,INTERMEDIATE,TRAINER,9,40521,36825,110,0
14048,Bolt of Runecloth,INTERMEDIATE,TRAINER,3,11880,11880,100,0
14048,Bolt of Runecloth,INTERMEDIATE,TRAINER,6,11880,11880,100,0
8069,Crafted Solid Shot,AMMO,TRAINER,600,2,2,100,0
4339,Bolt of Mageweave,INTERMEDIATE,TRAINER,11,6816,5050,134,0
4339,Bolt of Mageweave,INTERMEDIATE,TRAINER,2,6475,5050,128,0
22448,Small Prismatic Shard,INTERMEDIATE,TRAINER,20,1,0,0,0
22448,Small Prismatic Shard,INTERMEDIATE,TRAINER,20,1,0,0,0
22448,Small Prismatic Shard,INTERMEDIATE,TRAINER,4,1,0,0,0
22448,Small Prismatic Shard,INTERMEDIATE,TRAINER,1,1,0,0,0
4304,Thick Leather,INTERMEDIATE,TRAINER,5,3636,3636,100,0
4304,Thick Leather,INTERMEDIATE,TRAINER,5,3636,3636,100,0
2996,Bolt of Linen Cloth,INTERMEDIATE,UNSOURCED,6,260,112,232,0
2996,Bolt of Linen Cloth,INTERMEDIATE,UNSOURCED,3,249,112,222,0
2458,Elixir of Minor Fortitude,ELIXIR_POT,TRAINER,5,279,207,134,0
2458,Elixir of Minor Fortitude,ELIXIR_POT,TRAINER,6,270,207,130,0
22448,Small Prismatic Shard,INTERMEDIATE,TRAINER,15,1,0,0,0
22448,Small Prismatic Shard,INTERMEDIATE,TRAINER,3,1,0,0,0
12655,Enchanted Thorium Bar,INTERMEDIATE,TRAINER,15,41317,36825,112,0
22448,Small Prismatic Shard,INTERMEDIATE,TRAINER,20,1,0,0,0
22448,Small Prismatic Shard,INTERMEDIATE,TRAINER,5,1,0,0,0
22448,Small Prismatic Shard,INTERMEDIATE,TRAINER,11,1,0,0,0
10050,Mageweave Bag,BAG,TRAINER,1,16992,16992,100,0
10050,Mageweave Bag,BAG,TRAINER,1,16992,16992,100,0
10050,Mageweave Bag,BAG,TRAINER,1,16992,16992,100,0
2871,Heavy Sharpening Stone,MISC,TRAINER,2,378,345,109,0
15997,Thorium Shells,AMMO,TRAINER,1000,18,22,81,1
15997,Thorium Shells,AMMO,TRAINER,1000,17,22,77,1
15997,Thorium Shells,AMMO,TRAINER,1000,18,22,81,1
2862,Rough Sharpening Stone,MISC,UNSOURCED,2,25,12,208,0
14342,Mooncloth,INTERMEDIATE,VENDOR,2,12298,15200,80,1
14342,Mooncloth,INTERMEDIATE,VENDOR,3,11806,15200,77,1
14043,Cindercloth Gloves,GEAR,DROP,1,45913,53308,86,1
14043,Cindercloth Gloves,GEAR,DROP,1,44994,53308,84,1
14043,Cindercloth Gloves,GEAR,DROP,1,43644,53308,81,1
14043,Cindercloth Gloves,GEAR,DROP,1,45913,53308,86,1
14043,Cindercloth Gloves,GEAR,DROP,1,44994,53308,84,1
14043,Cindercloth Gloves,GEAR,DROP,1,43644,53308,81,1
14043,Cindercloth Gloves,GEAR,DROP,1,45913,53308,86,1
14043,Cindercloth Gloves,GEAR,DROP,1,44994,53308,84,1
20004,Mighty Troll's Blood Elixir,ELIXIR_POT,VENDOR,16,6826,4530,150,0
22445,Arcane Dust,INTERMEDIATE,UNSOURCED,20,16079,5013,320,0
22445,Arcane Dust,INTERMEDIATE,UNSOURCED,3,15918,5013,317,0
22445,Arcane Dust,INTERMEDIATE,UNSOURCED,10,15440,5013,307,0
13442,Mighty Rage Potion,ELIXIR_POT,TRAINER,14,3375,3320,101,0
15997,Thorium Shells,AMMO,TRAINER,1000,16,22,72,1
15997,Thorium Shells,AMMO,TRAINER,400,15,22,68,1
40076,Guru's Elixir,ELIXIR_POT,TRAINER,5,20709,19500,106,0
40076,Guru's Elixir,ELIXIR_POT,TRAINER,14,20501,19500,105,0
22448,Small Prismatic Shard,INTERMEDIATE,TRAINER,20,1,0,0,0
22448,Small Prismatic Shard,INTERMEDIATE,TRAINER,20,1,0,0,0
22448,Small Prismatic Shard,INTERMEDIATE,TRAINER,5,1,0,0,0
10513,Mithril Gyro-Shot,AMMO,TRAINER,400,28,26,107,0
10561,Mithril Casing,INTERMEDIATE,TRAINER,10,5219,4518,115,0
10561,Mithril Casing,INTERMEDIATE,TRAINER,2,5114,4518,113,0
19166,Black Amnesty,GEAR,VENDOR,1,985656,704040,140,0
19166,Black Amnesty,GEAR,VENDOR,1,975799,704040,138,0
19166,Black Amnesty,GEAR,VENDOR,1,985656,704040,140,0
15564,Rugged Armor Kit,MISC,TRAINER,10,8721,10200,85,1
15564,Rugged Armor Kit,MISC,TRAINER,3,8546,10200,83,1
4305,Bolt of Silk Cloth,INTERMEDIATE,TRAINER,7,2710,2376,114,0
4305,Bolt of Silk Cloth,INTERMEDIATE,TRAINER,5,2628,2376,110,0
10513,Mithril Gyro-Shot,AMMO,TRAINER,400,29,26,111,0
22251,Cenarion Herb Bag,BAG,VENDOR,1,103912,79933,129,0
22448,Small Prismatic Shard,INTERMEDIATE,TRAINER,3,1,0,0,0
22448,Small Prismatic Shard,INTERMEDIATE,TRAINER,12,1,0,0,0
38277,Haliscan Jacket,GEAR,VENDOR,1,22532,28040,80,1
38277,Haliscan Jacket,GEAR,VENDOR,1,21630,28040,77,1
38277,Haliscan Jacket,GEAR,VENDOR,1,21413,28040,76,1
38277,Haliscan Jacket,GEAR,VENDOR,1,22532,28040,80,1
38277,Haliscan Jacket,GEAR,VENDOR,1,21630,28040,77,1
38277,Haliscan Jacket,GEAR,VENDOR,1,21413,28040,76,1
38277,Haliscan Jacket,GEAR,VENDOR,1,22532,28040,80,1
15997,Thorium Shells,AMMO,TRAINER,1000,18,22,81,1
15997,Thorium Shells,AMMO,TRAINER,1000,17,22,77,1
14342,Mooncloth,INTERMEDIATE,VENDOR,2,10573,15200,69,1
14342,Mooncloth,INTERMEDIATE,VENDOR,13,10150,15200,66,1
14048,Bolt of Runecloth,INTERMEDIATE,TRAINER,5,11880,11880,100,0
14048,Bolt of Runecloth,INTERMEDIATE,TRAINER,3,11880,11880,100,0
14046,Runecloth Bag,BAG,VENDOR,1,81136,61005,132,0
14046,Runecloth Bag,BAG,VENDOR,1,77890,61005,127,0
12810,Enchanted Leather,INTERMEDIATE,TRAINER,4,98410,83640,117,0
12810,Enchanted Leather,INTERMEDIATE,TRAINER,1,96441,83640,115,0
44840,Cranberry Chutney,FOOD,DROP,19,19,8,237,0
5081,Kodo Hide Bag,BAG,UNSOURCED,1,2279,853,267,0
5081,Kodo Hide Bag,BAG,UNSOURCED,1,2187,853,256,0
5081,Kodo Hide Bag,BAG,UNSOURCED,1,2165,853,253,0
21341,Felcloth Bag,BAG,UNSOURCED,1,408282,199240,204,0
21341,Felcloth Bag,BAG,UNSOURCED,1,400116,199240,200,0
21341,Felcloth Bag,BAG,UNSOURCED,1,380110,199240,190,0
2996,Bolt of Linen Cloth,INTERMEDIATE,UNSOURCED,4,170,112,151,0
2996,Bolt of Linen Cloth,INTERMEDIATE,UNSOURCED,7,166,112,148,0
13445,Elixir of Superior Defense,ELIXIR_POT,VENDOR,5,865,1064,81,1
13445,Elixir of Superior Defense,ELIXIR_POT,VENDOR,10,830,1064,78,1
4236,Cured Heavy Hide,INTERMEDIATE,TRAINER,1,1350,1350,100,0
4236,Cured Heavy Hide,INTERMEDIATE,TRAINER,7,1350,1350,100,0
7969,Mithril Spurs,MISC,DROP,1,8588,9624,89,1
7969,Mithril Spurs,MISC,DROP,1,8416,9624,87,1
7969,Mithril Spurs,MISC,DROP,1,8588,9624,89,1
7969,Mithril Spurs,MISC,DROP,1,8416,9624,87,1
7969,Mithril Spurs,MISC,DROP,1,8588,9624,89,1
19044,Might of the Timbermaw,GEAR,VENDOR,1,152349,126578,120,0
19044,Might of the Timbermaw,GEAR,VENDOR,1,150825,126578,119,0
19044,Might of the Timbermaw,GEAR,VENDOR,1,152349,126578,120,0
12810,Enchanted Leather,INTERMEDIATE,TRAINER,2,94747,83640,113,0
12810,Enchanted Leather,INTERMEDIATE,TRAINER,8,90009,83640,107,0
20480,Spitfire Gauntlets,GEAR,VENDOR,1,233439,203593,114,0
20480,Spitfire Gauntlets,GEAR,VENDOR,1,231104,203593,113,0
20480,Spitfire Gauntlets,GEAR,VENDOR,1,233439,203593,114,0
14342,Mooncloth,INTERMEDIATE,VENDOR,7,10068,15200,66,1
14342,Mooncloth,INTERMEDIATE,VENDOR,8,9967,15200,65,1
10512,Hi-Impact Mithril Slugs,AMMO,TRAINER,800,13,13,100,0
14342,Mooncloth,INTERMEDIATE,VENDOR,2,20550,15200,135,0
14342,Mooncloth,INTERMEDIATE,VENDOR,4,20139,15200,132,0
6453,Strong Anti-Venom,MISC,DROP,20,335,373,89,1
6453,Strong Anti-Venom,MISC,DROP,20,321,373,86,1
6453,Strong Anti-Venom,MISC,DROP,2,304,373,81,1
13510,Flask of the Titans,FLASK,DROP,5,43336,16860,257,0
13510,Flask of the Titans,FLASK,DROP,15,42902,16860,254,0
8069,Crafted Solid Shot,AMMO,TRAINER,400,2,2,100,0
15084,Wicked Leather Bracers,GEAR,TRAINER,1,24641,22320,110,0
15084,Wicked Leather Bracers,GEAR,TRAINER,1,23408,22320,104,0
15084,Wicked Leather Bracers,GEAR,TRAINER,1,24641,22320,110,0
4234,Heavy Leather,INTERMEDIATE,TRAINER,1,1121,1090,102,0
4234,Heavy Leather,INTERMEDIATE,TRAINER,11,1090,1090,100,0
20750,Wizard Oil,MISC,VENDOR,1,72455,58550,123,0
20750,Wizard Oil,MISC,VENDOR,1,71005,58550,121,0
20750,Wizard Oil,MISC,VENDOR,1,70294,58550,120,0
20750,Wizard Oil,MISC,VENDOR,1,72455,58550,123,0
20750,Wizard Oil,MISC,VENDOR,1,71005,58550,121,0
9233,Elixir of Detect Demon,ELIXIR_POT,TRAINER,20,2473,2380,103,0
22448,Small Prismatic Shard,INTERMEDIATE,TRAINER,1,1,0,0,0
22448,Small Prismatic Shard,INTERMEDIATE,TRAINER,17,1,0,0,0
13423,Stonescale Oil,INTERMEDIATE,TRAINER,4,108,102,105,0
13423,Stonescale Oil,INTERMEDIATE,TRAINER,3,104,102,101,0
8068,Crafted Heavy Shot,AMMO,TRAINER,600,1,0,0,0
5081,Kodo Hide Bag,BAG,UNSOURCED,1,1934,853,226,0
5081,Kodo Hide Bag,BAG,UNSOURCED,1,1875,853,219,0
5081,Kodo Hide Bag,BAG,UNSOURCED,1,1837,853,215,0
13456,Greater Frost Protection Potion,ELIXIR_POT,DROP,18,5708,3288,173,0
13513,Flask of Chromatic Resistance,FLASK,DROP,5,52517,20250,259,0
13513,Flask of Chromatic Resistance,FLASK,DROP,9,51466,20250,254,0
14043,Cindercloth Gloves,GEAR,DROP,1,49896,53308,93,1
14043,Cindercloth Gloves,GEAR,DROP,1,47900,53308,89,1
14043,Cindercloth Gloves,GEAR,DROP,1,49896,53308,93,1
14043,Cindercloth Gloves,GEAR,DROP,1,47900,53308,89,1
14043,Cindercloth Gloves,GEAR,DROP,1,49896,53308,93,1
14043,Cindercloth Gloves,GEAR,DROP,1,47900,53308,89,1
14043,Cindercloth Gloves,GEAR,DROP,1,49896,53308,93,1
14043,Cindercloth Gloves,GEAR,DROP,1,47900,53308,89,1
14043,Cindercloth Gloves,GEAR,DROP,1,49896,53308,93,1
14043,Cindercloth Gloves,GEAR,DROP,1,47900,53308,89,1
2996,Bolt of Linen Cloth,INTERMEDIATE,UNSOURCED,7,167,112,149,0
2996,Bolt of Linen Cloth,INTERMEDIATE,UNSOURCED,6,160,112,142,0
22448,Small Prismatic Shard,INTERMEDIATE,TRAINER,5,1,0,0,1
22448,Small Prismatic Shard,INTERMEDIATE,TRAINER,10,1,0,0,1
34086,Winter Boots,GEAR,VENDOR,1,11921,13588,87,1
34086,Winter Boots,GEAR,VENDOR,1,11563,13588,85,1
34086,Winter Boots,GEAR,VENDOR,1,11100,13588,81,1
34086,Winter Boots,GEAR,VENDOR,1,11921,13588,87,1
34086,Winter Boots,GEAR,VENDOR,1,11563,13588,85,1
34086,Winter Boots,GEAR,VENDOR,1,11100,13588,81,1
34086,Winter Boots,GEAR,VENDOR,1,11921,13588,87,1
34086,Winter Boots,GEAR,VENDOR,1,11563,13588,85,1
34086,Winter Boots,GEAR,VENDOR,1,11100,13588,81,1
34086,Winter Boots,GEAR,VENDOR,1,11921,13588,87,1
34086,Winter Boots,GEAR,VENDOR,1,11563,13588,85,1
34086,Winter Boots,GEAR,VENDOR,1,11100,13588,81,1
34086,Winter Boots,GEAR,VENDOR,1,11921,13588,87,1
3577,Gold Bar,INTERMEDIATE,TRAINER,4,4207,3760,111,0
3577,Gold Bar,INTERMEDIATE,TRAINER,8,4080,3760,108,0
8170,Rugged Leather,INTERMEDIATE,TRAINER,1,5708,7128,80,1
8170,Rugged Leather,INTERMEDIATE,TRAINER,12,5536,7128,77,1
18506,Mongoose Boots,GEAR,DROP,1,192533,78534,245,0
13513,Flask of Chromatic Resistance,FLASK,DROP,5,48619,20250,240,0
13513,Flask of Chromatic Resistance,FLASK,DROP,5,48132,20250,237,0
13513,Flask of Chromatic Resistance,FLASK,DROP,5,48619,20250,240,0
13513,Flask of Chromatic Resistance,FLASK,DROP,5,48132,20250,237,0
13513,Flask of Chromatic Resistance,FLASK,DROP,5,48619,20250,240,0
13513,Flask of Chromatic Resistance,FLASK,DROP,1,48132,20250,237,0
13506,Potion of Petrification,ELIXIR_POT,DROP,5,480,607,79,1
13506,Potion of Petrification,ELIXIR_POT,DROP,19,460,607,75,1
2454,Elixir of Lion's Strength,ELIXIR_POT,UNSOURCED,5,316,125,252,0
2454,Elixir of Lion's Strength,ELIXIR_POT,UNSOURCED,5,300,125,240,0
2454,Elixir of Lion's Strength,ELIXIR_POT,UNSOURCED,2,291,125,232,0
13512,Flask of Supreme Power,FLASK,DROP,5,31803,11430,278,0
13512,Flask of Supreme Power,FLASK,DROP,20,30848,11430,269,0
13512,Flask of Supreme Power,FLASK,DROP,13,31803,11430,278,0
13506,Potion of Petrification,ELIXIR_POT,DROP,16,431,607,71,1
13423,Stonescale Oil,INTERMEDIATE,TRAINER,5,95,102,93,1
6149,Greater Mana Potion,ELIXIR_POT,TRAINER,5,1807,1688,107,0
6149,Greater Mana Potion,ELIXIR_POT,TRAINER,5,1788,1688,105,0
20746,Lesser Wizard Oil,MISC,VENDOR,1,24642,18480,133,0
13423,Stonescale Oil,INTERMEDIATE,TRAINER,10,84,102,82,1
4305,Bolt of Silk Cloth,INTERMEDIATE,TRAINER,8,2527,2376,106,0
4305,Bolt of Silk Cloth,INTERMEDIATE,TRAINER,1,2501,2376,105,0
8172,Cured Thick Hide,INTERMEDIATE,TRAINER,1,5181,4545,113,0
8172,Cured Thick Hide,INTERMEDIATE,TRAINER,9,5129,4545,112,0
13461,Greater Arcane Protection Potion,ELIXIR_POT,DROP,5,24573,12672,193,0
13461,Greater Arcane Protection Potion,ELIXIR_POT,DROP,5,24327,12672,191,0
13461,Greater Arcane Protection Potion,ELIXIR_POT,DROP,2,23110,12672,182,0
9210,Ghost Dye,INTERMEDIATE,VENDOR,10,7198,6210,115,0
9210,Ghost Dye,INTERMEDIATE,VENDOR,1,7054,6210,113,0
9210,Ghost Dye,INTERMEDIATE,VENDOR,1,7198,6210,115,0
2687,Dry Pork Ribs,FOOD,TRAINER,9,109,103,105,0
13512,Flask of Supreme Power,FLASK,DROP,20,20497,11430,179,0
14048,Bolt of Runecloth,INTERMEDIATE,TRAINER,1,8316,11880,70,1
14048,Bolt of Runecloth,INTERMEDIATE,TRAINER,12,8066,11880,67,1
3824,Shadow Oil,MISC,VENDOR,4,5698,3700,154,0
10513,Mithril Gyro-Shot,AMMO,TRAINER,1000,23,26,88,1
12655,Enchanted Thorium Bar,INTERMEDIATE,TRAINER,11,43221,36825,117,0
12655,Enchanted Thorium Bar,INTERMEDIATE,TRAINER,4,42356,36825,115,0
15997,Thorium Shells,AMMO,TRAINER,600,22,22,100,0
9210,Ghost Dye,INTERMEDIATE,VENDOR,1,7899,6210,127,0
9210,Ghost Dye,INTERMEDIATE,VENDOR,4,7583,6210,122,0
14048,Bolt of Runecloth,INTERMEDIATE,TRAINER,5,8703,11880,73,1
14048,Bolt of Runecloth,INTERMEDIATE,TRAINER,2,8354,11880,70,1
13506,Potion of Petrification,ELIXIR_POT,DROP,5,1203,607,198,0
13506,Potion of Petrification,ELIXIR_POT,DROP,5,1142,607,188,0
13506,Potion of Petrification,ELIXIR_POT,DROP,5,1203,607,198,0
13506,Potion of Petrification,ELIXIR_POT,DROP,5,1142,607,188,0
13506,Potion of Petrification,ELIXIR_POT,DROP,5,1203,607,198,0
13506,Potion of Petrification,ELIXIR_POT,DROP,5,1142,607,188,0
13506,Potion of Petrification,ELIXIR_POT,DROP,4,1203,607,198,0
15084,Wicked Leather Bracers,GEAR,TRAINER,1,17476,22320,78,1
15084,Wicked Leather Bracers,GEAR,TRAINER,1,17126,22320,76,1
15084,Wicked Leather Bracers,GEAR,TRAINER,1,16269,22320,72,1
15084,Wicked Leather Bracers,GEAR,TRAINER,1,17476,22320,78,1
15084,Wicked Leather Bracers,GEAR,TRAINER,1,17126,22320,76,1
15084,Wicked Leather Bracers,GEAR,TRAINER,1,16269,22320,72,1
15084,Wicked Leather Bracers,GEAR,TRAINER,1,17476,22320,78,1
8068,Crafted Heavy Shot,AMMO,TRAINER,1000,1,0,0,0
10056,Orange Mageweave Shirt,GEAR,TRAINER,1,5690,6998,81,1
10056,Orange Mageweave Shirt,GEAR,TRAINER,1,5462,6998,78,1
10056,Orange Mageweave Shirt,GEAR,TRAINER,1,5690,6998,81,1
10056,Orange Mageweave Shirt,GEAR,TRAINER,1,5462,6998,78,1
10056,Orange Mageweave Shirt,GEAR,TRAINER,1,5690,6998,81,1
10056,Orange Mageweave Shirt,GEAR,TRAINER,1,5462,6998,78,1
22448,Small Prismatic Shard,INTERMEDIATE,TRAINER,20,1,0,0,0
22448,Small Prismatic Shard,INTERMEDIATE,TRAINER,4,1,0,0,0
22448,Small Prismatic Shard,INTERMEDIATE,TRAINER,12,1,0,0,0
15997,Thorium Shells,AMMO,TRAINER,1000,22,22,100,0
22251,Cenarion Herb Bag,BAG,VENDOR,1,86327,79933,107,0
13513,Flask of Chromatic Resistance,FLASK,DROP,18,39493,20250,195,0
15407,Cured Rugged Hide,INTERMEDIATE,TRAINER,1,6392,9060,70,1
15407,Cured Rugged Hide,INTERMEDIATE,TRAINER,11,6200,9060,68,1
22448,Small Prismatic Shard,INTERMEDIATE,TRAINER,20,1,0,0,0
22448,Small Prismatic Shard,INTERMEDIATE,TRAINER,20,1,0,0,0
22448,Small Prismatic Shard,INTERMEDIATE,TRAINER,2,1,0,0,0
22448,Small Prismatic Shard,INTERMEDIATE,TRAINER,6,1,0,0,0
22448,Small Prismatic Shard,INTERMEDIATE,TRAINER,9,1,0,0,0
8173,Thick Armor Kit,MISC,TRAINER,10,6375,6440,98,1
8173,Thick Armor Kit,MISC,TRAINER,5,6311,6440,97,1
3575,Iron Bar,INTERMEDIATE,TRAINER,4,939,900,104,0
3575,Iron Bar,INTERMEDIATE,TRAINER,1,910,900,101,0
4339,Bolt of Mageweave,INTERMEDIATE,TRAINER,4,6099,5050,120,0
4339,Bolt of Mageweave,INTERMEDIATE,TRAINER,5,5794,5050,114,0
13510,Flask of the Titans,FLASK,DROP,20,32994,16860,195,0
13510,Flask of the Titans,FLASK,DROP,5,31344,16860,185,0
13510,Flask of the Titans,FLASK,DROP,5,29776,16860,176,0
13510,Flask of the Titans,FLASK,DROP,5,28287,16860,167,0
13510,Flask of the Titans,FLASK,DROP,3,32994,16860,195,0
18262,Elemental Sharpening Stone,MISC,DROP,5,7370,9216,79,1
5081,Kodo Hide Bag,BAG,UNSOURCED,1,1965,853,230,0
15564,Rugged Armor Kit,MISC,TRAINER,10,7766,10200,76,1
15564,Rugged Armor Kit,MISC,TRAINER,4,7610,10200,74,1
2997,Bolt of Woolen Cloth,INTERMEDIATE,TRAINER,8,430,408,105,0
2997,Bolt of Woolen Cloth,INTERMEDIATE,TRAINER,3,417,408,102,0
20008,Living Action Potion,ELIXIR_POT,VENDOR,5,10027,8452,118,0
20002,Greater Dreamless Sleep Potion,ELIXIR_POT,VENDOR,12,1381,1708,80,1
10513,Mithril Gyro-Shot,AMMO,TRAINER,1000,30,26,115,0
12655,Enchanted Thorium Bar,INTERMEDIATE,TRAINER,3,36825,36825,100,0
12655,Enchanted Thorium Bar,INTERMEDIATE,TRAINER,4,36825,36825,100,0
13423,Stonescale Oil,INTERMEDIATE,TRAINER,7,118,102,115,0
13423,Stonescale Oil,INTERMEDIATE,TRAINER,1,112,102,109,0
22448,Small Prismatic Shard,INTERMEDIATE,TRAINER,20,1,0,0,0
22448,Small Prismatic Shard,INTERMEDIATE,TRAINER,1,1,0,0,0
22448,Small Prismatic Shard,INTERMEDIATE,TRAINER,12,1,0,0,0
13511,Flask of Distilled Wisdom,FLASK,DROP,5,21890,13430,162,0
13511,Flask of Distilled Wisdom,FLASK,DROP,20,21014,13430,156,0
13511,Flask of Distilled Wisdom,FLASK,DROP,9,20383,13430,151,0
4339,Bolt of Mageweave,INTERMEDIATE,TRAINER,12,6439,5050,127,0
4339,Bolt of Mageweave,INTERMEDIATE,TRAINER,3,6245,5050,123,0
34086,Winter Boots,GEAR,VENDOR,1,10635,13588,78,1
34086,Winter Boots,GEAR,VENDOR,1,10315,13588,75,1
34086,Winter Boots,GEAR,VENDOR,1,9902,13588,72,1
34086,Winter Boots,GEAR,VENDOR,1,9802,13588,72,1
34086,Winter Boots,GEAR,VENDOR,1,10635,13588,78,1
34086,Winter Boots,GEAR,VENDOR,1,10315,13588,75,1
34086,Winter Boots,GEAR,VENDOR,1,9902,13588,72,1
34086,Winter Boots,GEAR,VENDOR,1,9802,13588,72,1
10038,Stormcloth Shoulders,GEAR,UNSOURCED,1,63001,40534,155,0
10038,Stormcloth Shoulders,GEAR,UNSOURCED,1,60480,40534,149,0
10038,Stormcloth Shoulders,GEAR,UNSOURCED,1,59270,40534,146,0
15997,Thorium Shells,AMMO,TRAINER,1000,19,22,86,1
15997,Thorium Shells,AMMO,TRAINER,600,18,22,81,1
22251,Cenarion Herb Bag,BAG,VENDOR,1,94895,79933,118,0
15997,Thorium Shells,AMMO,TRAINER,400,23,22,104,0
12810,Enchanted Leather,INTERMEDIATE,TRAINER,6,107493,83640,128,0
12810,Enchanted Leather,INTERMEDIATE,TRAINER,9,104268,83640,124,0
13445,Elixir of Superior Defense,ELIXIR_POT,VENDOR,15,871,1064,81,1
8170,Rugged Leather,INTERMEDIATE,TRAINER,4,9191,7128,128,0
8170,Rugged Leather,INTERMEDIATE,TRAINER,1,9099,7128,127,0
3577,Gold Bar,INTERMEDIATE,TRAINER,6,3797,3760,100,0
3577,Gold Bar,INTERMEDIATE,TRAINER,4,3760,3760,100,0
14137,Mooncloth Leggings,GEAR,DROP,1,307580,120890,254,0
19149,Lava Belt,GEAR,VENDOR,1,251150,203196,123,0
19149,Lava Belt,GEAR,VENDOR,1,248638,203196,122,0
19149,Lava Belt,GEAR,VENDOR,1,238692,203196,117,0
13511,Flask of Distilled Wisdom,FLASK,DROP,5,29040,13430,216,0
13511,Flask of Distilled Wisdom,FLASK,DROP,5,27588,13430,205,0
13511,Flask of Distilled Wisdom,FLASK,DROP,20,29040,13430,216,0
13511,Flask of Distilled Wisdom,FLASK,DROP,5,27588,13430,205,0
13511,Flask of Distilled Wisdom,FLASK,DROP,3,29040,13430,216,0
8068,Crafted Heavy Shot,AMMO,TRAINER,800,1,0,0,0
12655,Enchanted Thorium Bar,INTERMEDIATE,TRAINER,6,41888,36825,113,0
12655,Enchanted Thorium Bar,INTERMEDIATE,TRAINER,1,41050,36825,111,0
21341,Felcloth Bag,BAG,UNSOURCED,1,405791,199240,203,0
21341,Felcloth Bag,BAG,UNSOURCED,1,385501,199240,193,0
16206,Arcanite Rod,INTERMEDIATE,TRAINER,1,165871,123600,134,0
16206,Arcanite Rod,INTERMEDIATE,TRAINER,1,159236,123600,128,0
16206,Arcanite Rod,INTERMEDIATE,TRAINER,1,151274,123600,122,0
16206,Arcanite Rod,INTERMEDIATE,TRAINER,1,165871,123600,134,0
16206,Arcanite Rod,INTERMEDIATE,TRAINER,1,159236,123600,128,0
16206,Arcanite Rod,INTERMEDIATE,TRAINER,1,151274,123600,122,0
22574,Mote of Fire,INTERMEDIATE,TRAINER,10,2456,3200,76,1
22574,Mote of Fire,INTERMEDIATE,TRAINER,10,2382,3200,74,1
22574,Mote of Fire,INTERMEDIATE,TRAINER,10,2262,3200,70,1
22574,Mote of Fire,INTERMEDIATE,TRAINER,10,2456,3200,76,1
22574,Mote of Fire,INTERMEDIATE,TRAINER,10,2382,3200,74,1
22574,Mote of Fire,INTERMEDIATE,TRAINER,10,2262,3200,70,1
22574,Mote of Fire,INTERMEDIATE,TRAINER,10,2456,3200,76,1
22574,Mote of Fire,INTERMEDIATE,TRAINER,10,2382,3200,74,1
22574,Mote of Fire,INTERMEDIATE,TRAINER,10,2262,3200,70,1
22574,Mote of Fire,INTERMEDIATE,TRAINER,10,2456,3200,76,1
22574,Mote of Fire,INTERMEDIATE,TRAINER,10,2382,3200,74,1
22574,Mote of Fire,INTERMEDIATE,TRAINER,10,2262,3200,70,1
22574,Mote of Fire,INTERMEDIATE,TRAINER,10,2456,3200,76,1
22574,Mote of Fire,INTERMEDIATE,TRAINER,6,2382,3200,74,1
22574,Mote of Fire,INTERMEDIATE,TRAINER,4,2262,3200,70,1
4233,Cured Medium Hide,INTERMEDIATE,TRAINER,4,1081,807,133,0
4233,Cured Medium Hide,INTERMEDIATE,TRAINER,1,1048,807,129,0
13454,Greater Arcane Elixir,ELIXIR_POT,TRAINER,7,2501,2336,107,0
5081,Kodo Hide Bag,BAG,UNSOURCED,1,1314,853,154,0
5081,Kodo Hide Bag,BAG,UNSOURCED,1,1300,853,152,0
5081,Kodo Hide Bag,BAG,UNSOURCED,1,1934,853,226,0
22383,Sageblade,GEAR,DROP,1,2304059,1000460,230,0
12810,Enchanted Leather,INTERMEDIATE,TRAINER,4,93760,83640,112,0
12810,Enchanted Leather,INTERMEDIATE,TRAINER,5,89072,83640,106,0
3824,Shadow Oil,MISC,VENDOR,4,4677,3700,126,0
10562,Hi-Explosive Bomb,MISC,TRAINER,12,3802,3770,100,0
9210,Ghost Dye,INTERMEDIATE,VENDOR,10,7972,6210,128,0
9210,Ghost Dye,INTERMEDIATE,VENDOR,1,7653,6210,123,0
4240,Woolen Bag,BAG,TRAINER,1,1452,1324,109,0
15084,Wicked Leather Bracers,GEAR,TRAINER,1,16455,22320,73,1
15084,Wicked Leather Bracers,GEAR,TRAINER,1,15961,22320,71,1
15084,Wicked Leather Bracers,GEAR,TRAINER,1,16455,22320,73,1
15084,Wicked Leather Bracers,GEAR,TRAINER,1,15961,22320,71,1
15084,Wicked Leather Bracers,GEAR,TRAINER,1,16455,22320,73,1
15084,Wicked Leather Bracers,GEAR,TRAINER,1,15961,22320,71,1
15084,Wicked Leather Bracers,GEAR,TRAINER,1,16455,22320,73,1
15084,Wicked Leather Bracers,GEAR,TRAINER,1,15961,22320,71,1
12810,Enchanted Leather,INTERMEDIATE,TRAINER,2,83640,83640,100,0
12810,Enchanted Leather,INTERMEDIATE,TRAINER,5,83640,83640,100,0
18253,Major Rejuvenation Potion,ELIXIR_POT,DROP,9,19663,11560,170,0
8208,Tough Scorpid Helm,GEAR,DROP,1,77508,45580,170,0
5081,Kodo Hide Bag,BAG,UNSOURCED,1,1593,853,186,0
13513,Flask of Chromatic Resistance,FLASK,DROP,20,51428,20250,253,0
13513,Flask of Chromatic Resistance,FLASK,DROP,5,49885,20250,246,0
13513,Flask of Chromatic Resistance,FLASK,DROP,15,48388,20250,238,0
15084,Wicked Leather Bracers,GEAR,TRAINER,1,18427,22320,82,1
15084,Wicked Leather Bracers,GEAR,TRAINER,1,18242,22320,81,1
15084,Wicked Leather Bracers,GEAR,TRAINER,1,17512,22320,78,1
15084,Wicked Leather Bracers,GEAR,TRAINER,1,18427,22320,82,1
15084,Wicked Leather Bracers,GEAR,TRAINER,1,18242,22320,81,1
15084,Wicked Leather Bracers,GEAR,TRAINER,1,17512,22320,78,1
15084,Wicked Leather Bracers,GEAR,TRAINER,1,18427,22320,82,1
15084,Wicked Leather Bracers,GEAR,TRAINER,1,18242,22320,81,1
15084,Wicked Leather Bracers,GEAR,TRAINER,1,17512,22320,78,1
15084,Wicked Leather Bracers,GEAR,TRAINER,1,18427,22320,82,1
10512,Hi-Impact Mithril Slugs,AMMO,TRAINER,800,13,13,100,0
13445,Elixir of Superior Defense,ELIXIR_POT,VENDOR,5,773,1064,72,1
13445,Elixir of Superior Defense,ELIXIR_POT,VENDOR,5,742,1064,69,1
13445,Elixir of Superior Defense,ELIXIR_POT,VENDOR,2,734,1064,68,1
5081,Kodo Hide Bag,BAG,UNSOURCED,1,2560,853,300,0
5081,Kodo Hide Bag,BAG,UNSOURCED,1,2508,853,294,0
5081,Kodo Hide Bag,BAG,UNSOURCED,1,2382,853,279,0
10513,Mithril Gyro-Shot,AMMO,TRAINER,1000,22,26,84,1
10513,Mithril Gyro-Shot,AMMO,TRAINER,400,21,26,80,1
34086,Winter Boots,GEAR,VENDOR,1,11052,13588,81,1
34086,Winter Boots,GEAR,VENDOR,1,10830,13588,79,1
34086,Winter Boots,GEAR,VENDOR,1,10721,13588,78,1
34086,Winter Boots,GEAR,VENDOR,1,10184,13588,74,1
34086,Winter Boots,GEAR,VENDOR,1,11052,13588,81,1
34086,Winter Boots,GEAR,VENDOR,1,10830,13588,79,1
34086,Winter Boots,GEAR,VENDOR,1,10721,13588,78,1
34086,Winter Boots,GEAR,VENDOR,1,10184,13588,74,1
34086,Winter Boots,GEAR,VENDOR,1,11052,13588,81,1
34086,Winter Boots,GEAR,VENDOR,1,10830,13588,79,1
34086,Winter Boots,GEAR,VENDOR,1,10721,13588,78,1
34086,Winter Boots,GEAR,VENDOR,1,10184,13588,74,1
34086,Winter Boots,GEAR,VENDOR,1,11052,13588,81,1
34086,Winter Boots,GEAR,VENDOR,1,10830,13588,79,1
34086,Winter Boots,GEAR,VENDOR,1,10721,13588,78,1
5764,Green Silk Pack,BAG,DROP,1,30400,11722,259,0
5764,Green Silk Pack,BAG,DROP,1,29792,11722,254,0
12810,Enchanted Leather,INTERMEDIATE,TRAINER,8,99179,83640,118,0
12810,Enchanted Leather,INTERMEDIATE,TRAINER,5,95211,83640,113,0
15072,Chimeric Leggings,GEAR,DROP,1,73413,45320,161,0
15072,Chimeric Leggings,GEAR,DROP,1,71944,45320,158,0
8069,Crafted Solid Shot,AMMO,TRAINER,800,2,2,100,0
4236,Cured Heavy Hide,INTERMEDIATE,TRAINER,5,1350,1350,100,0
4236,Cured Heavy Hide,INTERMEDIATE,TRAINER,6,1350,1350,100,0
15997,Thorium Shells,AMMO,TRAINER,800,25,22,113,0
4233,Cured Medium Hide,INTERMEDIATE,TRAINER,1,948,807,117,0
4233,Cured Medium Hide,INTERMEDIATE,TRAINER,5,929,807,115,0
10505,Solid Blasting Powder,INTERMEDIATE,TRAINER,6,1332,1176,113,0
3383,Elixir of Wisdom,ELIXIR_POT,TRAINER,5,491,390,125,0
3824,Shadow Oil,MISC,VENDOR,4,3737,3700,101,0
8068,Crafted Heavy Shot,AMMO,TRAINER,1000,1,0,0,0
10024,Black Mageweave Headband,GEAR,TRAINER,1,13891,15994,86,1
10024,Black Mageweave Headband,GEAR,TRAINER,1,13474,15994,84,1
10024,Black Mageweave Headband,GEAR,TRAINER,1,13069,15994,81,1
10024,Black Mageweave Headband,GEAR,TRAINER,1,12807,15994,80,1
10024,Black Mageweave Headband,GEAR,TRAINER,1,13891,15994,86,1
10024,Black Mageweave Headband,GEAR,TRAINER,1,13474,15994,84,1
10024,Black Mageweave Headband,GEAR,TRAINER,1,13069,15994,81,1
10024,Black Mageweave Headband,GEAR,TRAINER,1,12807,15994,80,1
10024,Black Mageweave Headband,GEAR,TRAINER,1,13891,15994,86,1
22445,Arcane Dust,INTERMEDIATE,UNSOURCED,20,13163,5013,262,0
22445,Arcane Dust,INTERMEDIATE,UNSOURCED,8,12504,5013,249,0
22445,Arcane Dust,INTERMEDIATE,UNSOURCED,8,12253,5013,244,0
14048,Bolt of Runecloth,INTERMEDIATE,TRAINER,1,8434,11880,70,1
14048,Bolt of Runecloth,INTERMEDIATE,TRAINER,13,8265,11880,69,1
12655,Enchanted Thorium Bar,INTERMEDIATE,TRAINER,7,36825,36825,100,0
12655,Enchanted Thorium Bar,INTERMEDIATE,TRAINER,2,36825,36825,100,0
7053,Azure Silk Cloak,GEAR,VENDOR,1,7379,7428,99,1
7053,Azure Silk Cloak,GEAR,VENDOR,1,7010,7428,94,1
7053,Azure Silk Cloak,GEAR,VENDOR,1,7379,7428,99,1
7053,Azure Silk Cloak,GEAR,VENDOR,1,7010,7428,94,1
7053,Azure Silk Cloak,GEAR,VENDOR,1,7379,7428,99,1
13443,Superior Mana Potion,ELIXIR_POT,TRAINER,7,6335,5630,112,0
13512,Flask of Supreme Power,FLASK,DROP,5,19071,11430,166,0
13512,Flask of Supreme Power,FLASK,DROP,5,18880,11430,165,0
13512,Flask of Supreme Power,FLASK,DROP,5,18124,11430,158,0
13512,Flask of Supreme Power,FLASK,DROP,5,19071,11430,166,0
13512,Flask of Supreme Power,FLASK,DROP,12,18880,11430,165,0
10518,Parachute Cloak,GEAR,DROP,1,107950,36748,293,0
14101,Brightcloth Gloves,GEAR,TRAINER,1,54492,54060,100,0
14101,Brightcloth Gloves,GEAR,TRAINER,1,54060,54060,100,0
14101,Brightcloth Gloves,GEAR,TRAINER,1,54492,54060,100,0
21341,Felcloth Bag,BAG,UNSOURCED,1,534600,199240,268,0
21341,Felcloth Bag,BAG,UNSOURCED,1,529254,199240,265,0
21341,Felcloth Bag,BAG,UNSOURCED,1,513376,199240,257,0
12655,Enchanted Thorium Bar,INTERMEDIATE,TRAINER,6,44498,36825,120,0
12655,Enchanted Thorium Bar,INTERMEDIATE,TRAINER,6,42273,36825,114,0
2997,Bolt of Woolen Cloth,INTERMEDIATE,TRAINER,5,457,408,112,0
2997,Bolt of Woolen Cloth,INTERMEDIATE,TRAINER,1,434,408,106,0
4304,Thick Leather,INTERMEDIATE,TRAINER,3,4132,3636,113,0
4304,Thick Leather,INTERMEDIATE,TRAINER,6,4090,3636,112,0
13445,Elixir of Superior Defense,ELIXIR_POT,VENDOR,11,746,1064,70,1
2319,Medium Leather,INTERMEDIATE,TRAINER,7,396,372,106,0
2319,Medium Leather,INTERMEDIATE,TRAINER,4,376,372,101,0
20008,Living Action Potion,ELIXIR_POT,VENDOR,5,10270,8452,121,0
20008,Living Action Potion,ELIXIR_POT,VENDOR,5,9961,8452,117,0
20008,Living Action Potion,ELIXIR_POT,VENDOR,5,9562,8452,113,0
13510,Flask of the Titans,FLASK,DROP,16,32679,16860,193,0
5762,Red Linen Bag,BAG,VENDOR,1,708,598,118,0
5762,Red Linen Bag,BAG,VENDOR,1,700,598,117,0
15053,Volcanic Breastplate,GEAR,DROP,1,21664,28136,76,1
15053,Volcanic Breastplate,GEAR,DROP,1,21014,28136,74,1
15053,Volcanic Breastplate,GEAR,DROP,1,20383,28136,72,1
15053,Volcanic Breastplate,GEAR,DROP,1,19567,28136,69,1
15053,Volcanic Breastplate,GEAR,DROP,1,21664,28136,76,1
15053,Volcanic Breastplate,GEAR,DROP,1,21014,28136,74,1
15053,Volcanic Breastplate,GEAR,DROP,1,20383,28136,72,1
15053,Volcanic Breastplate,GEAR,DROP,1,19567,28136,69,1
15053,Volcanic Breastplate,GEAR,DROP,1,21664,28136,76,1
15053,Volcanic Breastplate,GEAR,DROP,1,21014,28136,74,1
15053,Volcanic Breastplate,GEAR,DROP,1,20383,28136,72,1
13506,Potion of Petrification,ELIXIR_POT,DROP,14,469,607,77,1
9210,Ghost Dye,INTERMEDIATE,VENDOR,6,8106,6210,130,0
9210,Ghost Dye,INTERMEDIATE,VENDOR,3,7781,6210,125,0
4236,Cured Heavy Hide,INTERMEDIATE,TRAINER,1,1427,1350,105,0
4236,Cured Heavy Hide,INTERMEDIATE,TRAINER,9,1369,1350,101,0
15997,Thorium Shells,AMMO,TRAINER,600,22,22,100,0
22448,Small Prismatic Shard,INTERMEDIATE,TRAINER,20,1,0,0,1
22448,Small Prismatic Shard,INTERMEDIATE,TRAINER,11,1,0,0,1
22448,Small Prismatic Shard,INTERMEDIATE,TRAINER,5,1,0,0,1
22445,Arcane Dust,INTERMEDIATE,UNSOURCED,1,14250,5013,284,0
22445,Arcane Dust,INTERMEDIATE,UNSOURCED,17,13822,5013,275,0
4304,Thick Leather,INTERMEDIATE,TRAINER,5,3847,3636,105,0
12655,Enchanted Thorium Bar,INTERMEDIATE,TRAINER,5,36825,36825,100,0
12655,Enchanted Thorium Bar,INTERMEDIATE,TRAINER,6,36825,36825,100,0
7278,Light Leather Quiver,MISC,TRAINER,1,444,392,113,0
7278,Light Leather Quiver,MISC,TRAINER,1,421,392,107,0
15054,Volcanic Leggings,GEAR,DROP,1,20329,23176,87,1
15054,Volcanic Leggings,GEAR,DROP,1,20125,23176,86,1
15054,Volcanic Leggings,GEAR,DROP,1,20329,23176,87,1
15054,Volcanic Leggings,GEAR,DROP,1,20125,23176,86,1
15054,Volcanic Leggings,GEAR,DROP,1,20329,23176,87,1
15054,Volcanic Leggings,GEAR,DROP,1,20125,23176,86,1
15054,Volcanic Leggings,GEAR,DROP,1,20329,23176,87,1
15054,Volcanic Leggings,GEAR,DROP,1,20125,23176,86,1
15054,Volcanic Leggings,GEAR,DROP,1,20329,23176,87,1
4238,Linen Bag,BAG,TRAINER,1,389,366,106,0
4238,Linen Bag,BAG,TRAINER,1,369,366,100,0
4238,Linen Bag,BAG,TRAINER,1,366,366,100,0
3828,Elixir of Detect Lesser Invisibility,ELIXIR_POT,DROP,5,3282,1526,215,0
10051,Red Mageweave Bag,BAG,TRAINER,1,20477,20092,101,0
22448,Small Prismatic Shard,INTERMEDIATE,TRAINER,20,1,0,0,0
22448,Small Prismatic Shard,INTERMEDIATE,TRAINER,4,1,0,0,0
22448,Small Prismatic Shard,INTERMEDIATE,TRAINER,20,1,0,0,0
22448,Small Prismatic Shard,INTERMEDIATE,TRAINER,4,1,0,0,0
22448,Small Prismatic Shard,INTERMEDIATE,TRAINER,3,1,0,0,0
22445,Arcane Dust,INTERMEDIATE,UNSOURCED,20,14100,5013,281,0
22445,Arcane Dust,INTERMEDIATE,UNSOURCED,2,13959,5013,278,0
22445,Arcane Dust,INTERMEDIATE,UNSOURCED,17,14100,5013,281,0
22445,Arcane Dust,INTERMEDIATE,UNSOURCED,20,8880,5013,177,0
22445,Arcane Dust,INTERMEDIATE,UNSOURCED,3,8524,5013,170,0
22445,Arcane Dust,INTERMEDIATE,UNSOURCED,13,8097,5013,161,0
11605,Dark Iron Shoulders,GEAR,DROP,1,21303,23856,89,1
11605,Dark Iron Shoulders,GEAR,DROP,1,20450,23856,85,1
11605,Dark Iron Shoulders,GEAR,DROP,1,20245,23856,84,1
11605,Dark Iron Shoulders,GEAR,DROP,1,19637,23856,82,1
11605,Dark Iron Shoulders,GEAR,DROP,1,21303,23856,89,1
11605,Dark Iron Shoulders,GEAR,DROP,1,20450,23856,85,1
11605,Dark Iron Shoulders,GEAR,DROP,1,20245,23856,84,1
11605,Dark Iron Shoulders,GEAR,DROP,1,19637,23856,82,1
11605,Dark Iron Shoulders,GEAR,DROP,1,21303,23856,89,1
11605,Dark Iron Shoulders,GEAR,DROP,1,20450,23856,85,1
11605,Dark Iron Shoulders,GEAR,DROP,1,20245,23856,84,1
11605,Dark Iron Shoulders,GEAR,DROP,1,19637,23856,82,1
11605,Dark Iron Shoulders,GEAR,DROP,1,21303,23856,89,1
11605,Dark Iron Shoulders,GEAR,DROP,1,20450,23856,85,1
11605,Dark Iron Shoulders,GEAR,DROP,1,20245,23856,84,1
22448,Small Prismatic Shard,INTERMEDIATE,TRAINER,20,1,0,0,0
22448,Small Prismatic Shard,INTERMEDIATE,TRAINER,2,1,0,0,0
22448,Small Prismatic Shard,INTERMEDIATE,TRAINER,5,1,0,0,0
15083,Wicked Leather Gauntlets,GEAR,VENDOR,1,17467,22320,78,1
15083,Wicked Leather Gauntlets,GEAR,VENDOR,1,17292,22320,77,1
15083,Wicked Leather Gauntlets,GEAR,VENDOR,1,16427,22320,73,1
15083,Wicked Leather Gauntlets,GEAR,VENDOR,1,17467,22320,78,1
15083,Wicked Leather Gauntlets,GEAR,VENDOR,1,17292,22320,77,1
12810,Enchanted Leather,INTERMEDIATE,TRAINER,7,105595,83640,126,0
12810,Enchanted Leather,INTERMEDIATE,TRAINER,1,104539,83640,124,0
8827,Elixir of Water Walking,ELIXIR_POT,UNSOURCED,5,11696,6180,189,0
8827,Elixir of Water Walking,ELIXIR_POT,UNSOURCED,1,11345,6180,183,0
14108,Felcloth Boots,GEAR,TRAINER,1,115398,105870,108,0
14342,Mooncloth,INTERMEDIATE,VENDOR,14,13877,15200,91,1
14342,Mooncloth,INTERMEDIATE,VENDOR,1,13183,15200,86,1
9061,Goblin Rocket Fuel,INTERMEDIATE,UNSOURCED,3,6464,3077,210,0
9061,Goblin Rocket Fuel,INTERMEDIATE,UNSOURCED,2,6270,3077,203,0
13510,Flask of the Titans,FLASK,DROP,5,43134,16860,255,0
13510,Flask of the Titans,FLASK,DROP,20,42702,16860,253,0
13510,Flask of the Titans,FLASK,DROP,11,41847,16860,248,0
14048,Bolt of Runecloth,INTERMEDIATE,TRAINER,8,13473,11880,113,0
14048,Bolt of Runecloth,INTERMEDIATE,TRAINER,3,13068,11880,110,0
13513,Flask of Chromatic Resistance,FLASK,DROP,20,54675,20250,270,0
9179,Elixir of Greater Intellect,ELIXIR_POT,TRAINER,14,3845,3426,112,0
22448,Small Prismatic Shard,INTERMEDIATE,TRAINER,18,1,0,0,0
12655,Enchanted Thorium Bar,INTERMEDIATE,TRAINER,7,45625,36825,123,0
12655,Enchanted Thorium Bar,INTERMEDIATE,TRAINER,7,44712,36825,121,0
18251,Core Armor Kit,MISC,DROP,10,25530,28000,91,1
18251,Core Armor Kit,MISC,DROP,3,25019,28000,89,1
22573,Mote of Earth,INTERMEDIATE,TRAINER,10,2317,3200,72,1
22573,Mote of Earth,INTERMEDIATE,TRAINER,10,2270,3200,70,1
22573,Mote of Earth,INTERMEDIATE,TRAINER,10,2201,3200,68,1
22573,Mote of Earth,INTERMEDIATE,TRAINER,10,2317,3200,72,1
22573,Mote of Earth,INTERMEDIATE,TRAINER,10,2270,3200,70,1
22573,Mote of Earth,INTERMEDIATE,TRAINER,10,2201,3200,68,1
22573,Mote of Earth,INTERMEDIATE,TRAINER,10,2317,3200,72,1
22573,Mote of Earth,INTERMEDIATE,TRAINER,10,2270,3200,70,1
22573,Mote of Earth,INTERMEDIATE,TRAINER,10,2201,3200,68,1
22573,Mote of Earth,INTERMEDIATE,TRAINER,10,2317,3200,72,1
22573,Mote of Earth,INTERMEDIATE,TRAINER,10,2270,3200,70,1
22573,Mote of Earth,INTERMEDIATE,TRAINER,10,2201,3200,68,1
22573,Mote of Earth,INTERMEDIATE,TRAINER,3,2317,3200,72,1
22573,Mote of Earth,INTERMEDIATE,TRAINER,7,2270,3200,70,1
21341,Felcloth Bag,BAG,UNSOURCED,1,390430,199240,195,0
11605,Dark Iron Shoulders,GEAR,DROP,1,22758,23856,95,1
11605,Dark Iron Shoulders,GEAR,DROP,1,21620,23856,90,1
11605,Dark Iron Shoulders,GEAR,DROP,1,20755,23856,87,1
11605,Dark Iron Shoulders,GEAR,DROP,1,20547,23856,86,1
11605,Dark Iron Shoulders,GEAR,DROP,1,22758,23856,95,1
11605,Dark Iron Shoulders,GEAR,DROP,1,21620,23856,90,1
11605,Dark Iron Shoulders,GEAR,DROP,1,20755,23856,87,1
11605,Dark Iron Shoulders,GEAR,DROP,1,20547,23856,86,1
11605,Dark Iron Shoulders,GEAR,DROP,1,22758,23856,95,1
11605,Dark Iron Shoulders,GEAR,DROP,1,21620,23856,90,1
11605,Dark Iron Shoulders,GEAR,DROP,1,20755,23856,87,1
11605,Dark Iron Shoulders,GEAR,DROP,1,20547,23856,86,1
11605,Dark Iron Shoulders,GEAR,DROP,1,22758,23856,95,1
11605,Dark Iron Shoulders,GEAR,DROP,1,21620,23856,90,1
14342,Mooncloth,INTERMEDIATE,VENDOR,9,19918,15200,131,0
20744,Minor Wizard Oil,MISC,VENDOR,1,2351,1804,130,0
20744,Minor Wizard Oil,MISC,VENDOR,1,2280,1804,126,0
20744,Minor Wizard Oil,MISC,VENDOR,1,2211,1804,122,0
9172,Invisibility Potion,ELIXIR_POT,DROP,20,5042,2465,204,0
14155,Mooncloth Bag,BAG,DROP,1,110327,59935,184,0
14155,Mooncloth Bag,BAG,DROP,1,109223,59935,182,0
13513,Flask of Chromatic Resistance,FLASK,DROP,5,50633,20250,250,0
13513,Flask of Chromatic Resistance,FLASK,DROP,5,49620,20250,245,0
13513,Flask of Chromatic Resistance,FLASK,DROP,2,50633,20250,250,0
13510,Flask of the Titans,FLASK,DROP,20,39246,16860,232,0
13510,Flask of the Titans,FLASK,DROP,4,37676,16860,223,0
13511,Flask of Distilled Wisdom,FLASK,DROP,20,23149,13430,172,0
13511,Flask of Distilled Wisdom,FLASK,DROP,5,22917,13430,170,0
13511,Flask of Distilled Wisdom,FLASK,DROP,3,22687,13430,168,0
2996,Bolt of Linen Cloth,INTERMEDIATE,UNSOURCED,2,291,112,259,0
2996,Bolt of Linen Cloth,INTERMEDIATE,UNSOURCED,3,279,112,249,0
13511,Flask of Distilled Wisdom,FLASK,DROP,5,30607,13430,227,0
13511,Flask of Distilled Wisdom,FLASK,DROP,20,29688,13430,221,0
13511,Flask of Distilled Wisdom,FLASK,DROP,5,30607,13430,227,0
10513,Mithril Gyro-Shot,AMMO,TRAINER,1000,30,26,115,0
13445,Elixir of Superior Defense,ELIXIR_POT,VENDOR,15,895,1064,84,1
8170,Rugged Leather,INTERMEDIATE,TRAINER,1,7881,7128,110,0
8170,Rugged Leather,INTERMEDIATE,TRAINER,4,7723,7128,108,0
22445,Arcane Dust,INTERMEDIATE,UNSOURCED,20,13097,5013,261,0
22445,Arcane Dust,INTERMEDIATE,UNSOURCED,1,12442,5013,248,0
5081,Kodo Hide Bag,BAG,UNSOURCED,1,2569,853,301,0
5081,Kodo Hide Bag,BAG,UNSOURCED,1,2543,853,298,0
4305,Bolt of Silk Cloth,INTERMEDIATE,TRAINER,9,3079,2376,129,0
13506,Potion of Petrification,ELIXIR_POT,DROP,5,492,607,81,1
13506,Potion of Petrification,ELIXIR_POT,DROP,5,467,607,76,1
13506,Potion of Petrification,ELIXIR_POT,DROP,5,443,607,72,1
13506,Potion of Petrification,ELIXIR_POT,DROP,5,492,607,81,1
13506,Potion of Petrification,ELIXIR_POT,DROP,6,467,607,76,1
9172,Invisibility Potion,ELIXIR_POT,DROP,5,4148,2465,168,0
9172,Invisibility Potion,ELIXIR_POT,DROP,5,4023,2465,163,0
9172,Invisibility Potion,ELIXIR_POT,DROP,4,4148,2465,168,0
20744,Minor Wizard Oil,MISC,VENDOR,1,2160,1804,119,0
20744,Minor Wizard Oil,MISC,VENDOR,1,2138,1804,118,0
20744,Minor Wizard Oil,MISC,VENDOR,1,2095,1804,116,0
22448,Small Prismatic Shard,INTERMEDIATE,TRAINER,4,1,0,0,1
22448,Small Prismatic Shard,INTERMEDIATE,TRAINER,14,1,0,0,1
17771,Elementium Bar,MISC,DROP,5,7788810,2472560,315,0
8172,Cured Thick Hide,INTERMEDIATE,TRAINER,5,5072,4545,111,0
8172,Cured Thick Hide,INTERMEDIATE,TRAINER,5,4970,4545,109,0
15997,Thorium Shells,AMMO,TRAINER,1000,23,22,104,0
11605,Dark Iron Shoulders,GEAR,DROP,1,47315,23856,198,0
11605,Dark Iron Shoulders,GEAR,DROP,1,45895,23856,192,0
11605,Dark Iron Shoulders,GEAR,DROP,1,43600,23856,182,0
13512,Flask of Supreme Power,FLASK,DROP,5,16298,11430,142,0
13512,Flask of Supreme Power,FLASK,DROP,5,15809,11430,138,0
13512,Flask of Supreme Power,FLASK,DROP,8,15018,11430,131,0
8195,Nightscape Cloak,GEAR,UNSOURCED,1,12817,16256,78,1
8195,Nightscape Cloak,GEAR,UNSOURCED,1,12304,16256,75,1
8195,Nightscape Cloak,GEAR,UNSOURCED,1,12817,16256,78,1
8195,Nightscape Cloak,GEAR,UNSOURCED,1,12304,16256,75,1
8195,Nightscape Cloak,GEAR,UNSOURCED,1,12817,16256,78,1
8195,Nightscape Cloak,GEAR,UNSOURCED,1,12304,16256,75,1
8195,Nightscape Cloak,GEAR,UNSOURCED,1,12817,16256,78,1
8195,Nightscape Cloak,GEAR,UNSOURCED,1,12304,16256,75,1
8195,Nightscape Cloak,GEAR,UNSOURCED,1,12817,16256,78,1
8069,Crafted Solid Shot,AMMO,TRAINER,1000,2,2,100,0
14342,Mooncloth,INTERMEDIATE,VENDOR,5,13072,15200,86,1
14342,Mooncloth,INTERMEDIATE,VENDOR,1,12941,15200,85,1
22448,Small Prismatic Shard,INTERMEDIATE,TRAINER,20,1,0,0,0
22448,Small Prismatic Shard,INTERMEDIATE,TRAINER,20,1,0,0,0
22448,Small Prismatic Shard,INTERMEDIATE,TRAINER,2,1,0,0,0
22448,Small Prismatic Shard,INTERMEDIATE,TRAINER,3,1,0,0,0
13506,Potion of Petrification,ELIXIR_POT,DROP,5,481,607,79,1
13506,Potion of Petrification,ELIXIR_POT,DROP,9,461,607,75,1
10051,Red Mageweave Bag,BAG,TRAINER,1,23651,20092,117,0
10546,Deadly Scope,INTERMEDIATE,VENDOR,5,32001,22831,140,0
10546,Deadly Scope,INTERMEDIATE,VENDOR,5,31360,22831,137,0
10546,Deadly Scope,INTERMEDIATE,VENDOR,1,30105,22831,131,0
22445,Arcane Dust,INTERMEDIATE,UNSOURCED,20,7999,5013,159,0
22445,Arcane Dust,INTERMEDIATE,UNSOURCED,12,7679,5013,153,0
22445,Arcane Dust,INTERMEDIATE,UNSOURCED,4,7999,5013,159,0
9088,Gift of Arthas,ELIXIR_POT,DROP,5,6108,3275,186,0
9088,Gift of Arthas,ELIXIR_POT,DROP,5,5924,3275,180,0
9088,Gift of Arthas,ELIXIR_POT,DROP,1,6108,3275,186,0
22448,Small Prismatic Shard,INTERMEDIATE,TRAINER,20,1,0,0,0
22448,Small Prismatic Shard,INTERMEDIATE,TRAINER,20,1,0,0,0
22448,Small Prismatic Shard,INTERMEDIATE,TRAINER,4,1,0,0,0
22448,Small Prismatic Shard,INTERMEDIATE,TRAINER,1,1,0,0,0
5081,Kodo Hide Bag,BAG,UNSOURCED,1,1513,853,177,0
10024,Black Mageweave Headband,GEAR,TRAINER,1,13826,15994,86,1
10024,Black Mageweave Headband,GEAR,TRAINER,1,13272,15994,82,1
10024,Black Mageweave Headband,GEAR,TRAINER,1,13006,15994,81,1
10024,Black Mageweave Headband,GEAR,TRAINER,1,12355,15994,77,1
10024,Black Mageweave Headband,GEAR,TRAINER,1,13826,15994,86,1
10513,Mithril Gyro-Shot,AMMO,TRAINER,1000,31,26,119,0
22448,Small Prismatic Shard,INTERMEDIATE,TRAINER,20,1,0,0,0
22448,Small Prismatic Shard,INTERMEDIATE,TRAINER,4,1,0,0,0
22448,Small Prismatic Shard,INTERMEDIATE,TRAINER,6,1,0,0,0
15407,Cured Rugged Hide,INTERMEDIATE,TRAINER,6,10335,9060,114,0
18282,Core Marksman Rifle,GEAR,DROP,1,853720,505280,168,0
18282,Core Marksman Rifle,GEAR,DROP,1,828108,505280,163,0
5081,Kodo Hide Bag,BAG,UNSOURCED,1,2192,853,256,0
5081,Kodo Hide Bag,BAG,UNSOURCED,1,2082,853,244,0
5081,Kodo Hide Bag,BAG,UNSOURCED,1,2192,853,256,0
22445,Arcane Dust,INTERMEDIATE,UNSOURCED,3,11585,5013,231,0
22445,Arcane Dust,INTERMEDIATE,UNSOURCED,12,11237,5013,224,0
19692,Bloodsoul Gauntlets,GEAR,VENDOR,1,349363,274140,127,0
9061,Goblin Rocket Fuel,INTERMEDIATE,UNSOURCED,7,6413,3077,208,0
9061,Goblin Rocket Fuel,INTERMEDIATE,UNSOURCED,1,6156,3077,200,0
6338,Silver Rod,INTERMEDIATE,TRAINER,1,402,335,120,0
6338,Silver Rod,INTERMEDIATE,TRAINER,1,385,335,114,0
6338,Silver Rod,INTERMEDIATE,TRAINER,1,402,335,120,0
6338,Silver Rod,INTERMEDIATE,TRAINER,1,385,335,114,0
6338,Silver Rod,INTERMEDIATE,TRAINER,1,402,335,120,0
10513,Mithril Gyro-Shot,AMMO,TRAINER,400,27,26,103,0
12655,Enchanted Thorium Bar,INTERMEDIATE,TRAINER,7,42145,36825,114,0
12655,Enchanted Thorium Bar,INTERMEDIATE,TRAINER,3,40459,36825,109,0
12655,Enchanted Thorium Bar,INTERMEDIATE,TRAINER,5,44524,36825,120,0
12655,Enchanted Thorium Bar,INTERMEDIATE,TRAINER,3,42743,36825,116,0
10036,Tuxedo Jacket,GEAR,VENDOR,1,18764,25990,72,1
10036,Tuxedo Jacket,GEAR,VENDOR,1,18576,25990,71,1
10036,Tuxedo Jacket,GEAR,VENDOR,1,18764,25990,72,1
10036,Tuxedo Jacket,GEAR,VENDOR,1,18576,25990,71,1
10036,Tuxedo Jacket,GEAR,VENDOR,1,18764,25990,72,1
10036,Tuxedo Jacket,GEAR,VENDOR,1,18576,25990,71,1
10036,Tuxedo Jacket,GEAR,VENDOR,1,18764,25990,72,1
10036,Tuxedo Jacket,GEAR,VENDOR,1,18576,25990,71,1
5081,Kodo Hide Bag,BAG,UNSOURCED,1,2290,853,268,0
5081,Kodo Hide Bag,BAG,UNSOURCED,1,2267,853,265,0
5081,Kodo Hide Bag,BAG,UNSOURCED,1,2198,853,257,0
14342,Mooncloth,INTERMEDIATE,VENDOR,10,12430,15200,81,1
14342,Mooncloth,INTERMEDIATE,VENDOR,3,11932,15200,78,1
2456,Minor Rejuvenation Potion,ELIXIR_POT,TRAINER,11,219,213,102,0
5764,Green Silk Pack,BAG,DROP,1,32083,11722,273,0
5764,Green Silk Pack,BAG,DROP,1,31120,11722,265,0
5764,Green Silk Pack,BAG,DROP,1,32083,11722,273,0
5081,Kodo Hide Bag,BAG,UNSOURCED,1,1680,853,196,0
10513,Mithril Gyro-Shot,AMMO,TRAINER,600,27,26,103,0
5081,Kodo Hide Bag,BAG,UNSOURCED,1,2388,853,279,0
5081,Kodo Hide Bag,BAG,UNSOURCED,1,2292,853,268,0
5081,Kodo Hide Bag,BAG,UNSOURCED,1,2223,853,260,0
4361,Copper Tube,INTERMEDIATE,TRAINER,4,140,140,100,0
4361,Copper Tube,INTERMEDIATE,TRAINER,1,140,140,100,0
16206,Arcanite Rod,INTERMEDIATE,TRAINER,1,124687,123600,100,0
16206,Arcanite Rod,INTERMEDIATE,TRAINER,1,123600,123600,100,0
16206,Arcanite Rod,INTERMEDIATE,TRAINER,1,123600,123600,100,0
16206,Arcanite Rod,INTERMEDIATE,TRAINER,1,123600,123600,100,0
16206,Arcanite Rod,INTERMEDIATE,TRAINER,1,124687,123600,100,0
16206,Arcanite Rod,INTERMEDIATE,TRAINER,1,123600,123600,100,0
16206,Arcanite Rod,INTERMEDIATE,TRAINER,1,123600,123600,100,0
16206,Arcanite Rod,INTERMEDIATE,TRAINER,1,123600,123600,100,0
16206,Arcanite Rod,INTERMEDIATE,TRAINER,1,124687,123600,100,0
16206,Arcanite Rod,INTERMEDIATE,TRAINER,1,123600,123600,100,0
16206,Arcanite Rod,INTERMEDIATE,TRAINER,1,123600,123600,100,0
16206,Arcanite Rod,INTERMEDIATE,TRAINER,1,123600,123600,100,0
16206,Arcanite Rod,INTERMEDIATE,TRAINER,1,124687,123600,100,0
16206,Arcanite Rod,INTERMEDIATE,TRAINER,1,123600,123600,100,0
10512,Hi-Impact Mithril Slugs,AMMO,TRAINER,800,13,13,100,0
13459,Greater Shadow Protection Potion,ELIXIR_POT,DROP,5,4265,1812,235,0
13459,Greater Shadow Protection Potion,ELIXIR_POT,DROP,5,4094,1812,225,0
13459,Greater Shadow Protection Potion,ELIXIR_POT,DROP,5,4012,1812,221,0
13459,Greater Shadow Protection Potion,ELIXIR_POT,DROP,2,4265,1812,235,0
4357,Rough Blasting Powder,INTERMEDIATE,UNSOURCED,2,34,12,283,0
4357,Rough Blasting Powder,INTERMEDIATE,UNSOURCED,10,32,12,266,0
9060,Inlaid Mithril Cylinder,INTERMEDIATE,UNSOURCED,5,36198,15410,234,0
9060,Inlaid Mithril Cylinder,INTERMEDIATE,UNSOURCED,4,35474,15410,230,0
22248,Enchanted Runecloth Bag,BAG,VENDOR,1,726688,551525,131,0
22248,Enchanted Runecloth Bag,BAG,VENDOR,1,690353,551525,125,0
22248,Enchanted Runecloth Bag,BAG,VENDOR,1,726688,551525,131,0
4382,Bronze Framework,INTERMEDIATE,TRAINER,8,538,478,112,0
4382,Bronze Framework,INTERMEDIATE,TRAINER,1,516,478,107,0
15871,Truesilver Skeleton Key,MISC,TRAINER,2,2681,2660,100,0
34086,Winter Boots,GEAR,VENDOR,1,11750,13588,86,1
34086,Winter Boots,GEAR,VENDOR,1,11632,13588,85,1
34086,Winter Boots,GEAR,VENDOR,1,11750,13588,86,1
34086,Winter Boots,GEAR,VENDOR,1,11632,13588,85,1
34086,Winter Boots,GEAR,VENDOR,1,11750,13588,86,1
34086,Winter Boots,GEAR,VENDOR,1,11632,13588,85,1
34086,Winter Boots,GEAR,VENDOR,1,11750,13588,86,1
34086,Winter Boots,GEAR,VENDOR,1,11632,13588,85,1
34086,Winter Boots,GEAR,VENDOR,1,11750,13588,86,1
34086,Winter Boots,GEAR,VENDOR,1,11632,13588,85,1
34086,Winter Boots,GEAR,VENDOR,1,11750,13588,86,1
34086,Winter Boots,GEAR,VENDOR,1,11632,13588,85,1
34086,Winter Boots,GEAR,VENDOR,1,11750,13588,86,1
14342,Mooncloth,INTERMEDIATE,VENDOR,1,18811,15200,123,0
14342,Mooncloth,INTERMEDIATE,VENDOR,13,18434,15200,121,0
22448,Small Prismatic Shard,INTERMEDIATE,TRAINER,10,1,0,0,0
22448,Small Prismatic Shard,INTERMEDIATE,TRAINER,8,1,0,0,0
2863,Coarse Sharpening Stone,MISC,TRAINER,1,108,89,121,0
14045,Cindercloth Pants,GEAR,DROP,1,70128,70702,99,1
14045,Cindercloth Pants,GEAR,DROP,1,67322,70702,95,1
14045,Cindercloth Pants,GEAR,DROP,1,64629,70702,91,1
14045,Cindercloth Pants,GEAR,DROP,1,63982,70702,90,1
14045,Cindercloth Pants,GEAR,DROP,1,70128,70702,99,1
14045,Cindercloth Pants,GEAR,DROP,1,67322,70702,95,1
14045,Cindercloth Pants,GEAR,DROP,1,64629,70702,91,1
14045,Cindercloth Pants,GEAR,DROP,1,63982,70702,90,1
14045,Cindercloth Pants,GEAR,DROP,1,70128,70702,99,1
14045,Cindercloth Pants,GEAR,DROP,1,67322,70702,95,1
14045,Cindercloth Pants,GEAR,DROP,1,64629,70702,91,1
14045,Cindercloth Pants,GEAR,DROP,1,63982,70702,90,1
14045,Cindercloth Pants,GEAR,DROP,1,70128,70702,99,1
14045,Cindercloth Pants,GEAR,DROP,1,67322,70702,95,1
14045,Cindercloth Pants,GEAR,DROP,1,64629,70702,91,1
23781,Elemental Blasting Powder,INTERMEDIATE,TRAINER,20,1323,1935,68,1
23781,Elemental Blasting Powder,INTERMEDIATE,TRAINER,3,1270,1935,65,1
23781,Elemental Blasting Powder,INTERMEDIATE,TRAINER,5,1323,1935,68,1
22252,Satchel of Cenarius,BAG,VENDOR,1,175377,154900,113,0
22252,Satchel of Cenarius,BAG,VENDOR,1,168361,154900,108,0
22448,Small Prismatic Shard,INTERMEDIATE,TRAINER,3,1,0,0,0
22448,Small Prismatic Shard,INTERMEDIATE,TRAINER,15,1,0,0,0
22445,Arcane Dust,INTERMEDIATE,UNSOURCED,20,12605,5013,251,0
22445,Arcane Dust,INTERMEDIATE,UNSOURCED,4,12352,5013,246,0
22445,Arcane Dust,INTERMEDIATE,UNSOURCED,3,11857,5013,236,0
22445,Arcane Dust,INTERMEDIATE,UNSOURCED,20,8951,5013,178,0
22445,Arcane Dust,INTERMEDIATE,UNSOURCED,5,8682,5013,173,0
22445,Arcane Dust,INTERMEDIATE,UNSOURCED,8,8951,5013,178,0
12655,Enchanted Thorium Bar,INTERMEDIATE,TRAINER,3,43578,36825,118,0
12655,Enchanted Thorium Bar,INTERMEDIATE,TRAINER,9,41399,36825,112,0
12810,Enchanted Leather,INTERMEDIATE,TRAINER,9,90799,83640,108,0
22448,Small Prismatic Shard,INTERMEDIATE,TRAINER,9,1,0,0,0
22448,Small Prismatic Shard,INTERMEDIATE,TRAINER,9,1,0,0,0
8544,Mageweave Bandage,MISC,TRAINER,15,807,1010,79,1
6836,Dress Shoes,GEAR,VENDOR,1,15235,18368,82,1
6836,Dress Shoes,GEAR,VENDOR,1,14777,18368,80,1
6836,Dress Shoes,GEAR,VENDOR,1,14185,18368,77,1
6836,Dress Shoes,GEAR,VENDOR,1,13475,18368,73,1
6836,Dress Shoes,GEAR,VENDOR,1,15235,18368,82,1
6836,Dress Shoes,GEAR,VENDOR,1,14777,18368,80,1
15407,Cured Rugged Hide,INTERMEDIATE,TRAINER,4,9295,9060,102,0
15407,Cured Rugged Hide,INTERMEDIATE,TRAINER,10,9060,9060,100,0
15997,Thorium Shells,AMMO,TRAINER,1000,17,22,77,1
15997,Thorium Shells,AMMO,TRAINER,800,16,22,72,1
4339,Bolt of Mageweave,INTERMEDIATE,TRAINER,2,5996,5050,118,0
4339,Bolt of Mageweave,INTERMEDIATE,TRAINER,3,5816,5050,115,0
15997,Thorium Shells,AMMO,TRAINER,1000,19,22,86,1
15997,Thorium Shells,AMMO,TRAINER,600,18,22,81,1
13512,Flask of Supreme Power,FLASK,DROP,12,22240,11430,194,0
16206,Arcanite Rod,INTERMEDIATE,TRAINER,1,147949,123600,119,0
16206,Arcanite Rod,INTERMEDIATE,TRAINER,1,146469,123600,118,0
16206,Arcanite Rod,INTERMEDIATE,TRAINER,1,143539,123600,116,0
16206,Arcanite Rod,INTERMEDIATE,TRAINER,1,137797,123600,111,0
16206,Arcanite Rod,INTERMEDIATE,TRAINER,1,147949,123600,119,0
16206,Arcanite Rod,INTERMEDIATE,TRAINER,1,146469,123600,118,0
16206,Arcanite Rod,INTERMEDIATE,TRAINER,1,143539,123600,116,0
16206,Arcanite Rod,INTERMEDIATE,TRAINER,1,137797,123600,111,0
16206,Arcanite Rod,INTERMEDIATE,TRAINER,1,147949,123600,119,0
16206,Arcanite Rod,INTERMEDIATE,TRAINER,1,146469,123600,118,0
15997,Thorium Shells,AMMO,TRAINER,400,26,22,118,0
10053,Simple Black Dress,GEAR,TRAINER,1,10933,15019,72,1
10053,Simple Black Dress,GEAR,TRAINER,1,10605,15019,70,1
10053,Simple Black Dress,GEAR,TRAINER,1,10498,15019,69,1
10053,Simple Black Dress,GEAR,TRAINER,1,10933,15019,72,1
10053,Simple Black Dress,GEAR,TRAINER,1,10605,15019,70,1
10053,Simple Black Dress,GEAR,TRAINER,1,10498,15019,69,1
10053,Simple Black Dress,GEAR,TRAINER,1,10933,15019,72,1
10053,Simple Black Dress,GEAR,TRAINER,1,10605,15019,70,1
10053,Simple Black Dress,GEAR,TRAINER,1,10498,15019,69,1
10053,Simple Black Dress,GEAR,TRAINER,1,10933,15019,72,1
10053,Simple Black Dress,GEAR,TRAINER,1,10605,15019,70,1
10053,Simple Black Dress,GEAR,TRAINER,1,10498,15019,69,1
10053,Simple Black Dress,GEAR,TRAINER,1,10933,15019,72,1
10053,Simple Black Dress,GEAR,TRAINER,1,10605,15019,70,1
13423,Stonescale Oil,INTERMEDIATE,TRAINER,7,116,102,113,0
4339,Bolt of Mageweave,INTERMEDIATE,TRAINER,3,5373,5050,106,0
4339,Bolt of Mageweave,INTERMEDIATE,TRAINER,8,5211,5050,103,0
9233,Elixir of Detect Demon,ELIXIR_POT,TRAINER,8,2403,2380,100,0
13513,Flask of Chromatic Resistance,FLASK,DROP,20,44452,20250,219,0
13513,Flask of Chromatic Resistance,FLASK,DROP,6,42229,20250,208,0
9210,Ghost Dye,INTERMEDIATE,VENDOR,1,7769,6210,125,0
9210,Ghost Dye,INTERMEDIATE,VENDOR,9,7535,6210,121,0
6051,Holy Protection Potion,ELIXIR_POT,VENDOR,8,228,191,119,0
14342,Mooncloth,INTERMEDIATE,VENDOR,8,11928,15200,78,1
14342,Mooncloth,INTERMEDIATE,VENDOR,3,11689,15200,76,1
5765,Black Silk Pack,BAG,DROP,1,36971,13280,278,0
5765,Black Silk Pack,BAG,DROP,1,35492,13280,267,0
5765,Black Silk Pack,BAG,DROP,1,34072,13280,256,0
14046,Runecloth Bag,BAG,VENDOR,1,81990,61005,134,0
14046,Runecloth Bag,BAG,VENDOR,1,77890,61005,127,0
14046,Runecloth Bag,BAG,VENDOR,1,77111,61005,126,0
9061,Goblin Rocket Fuel,INTERMEDIATE,UNSOURCED,8,5573,3077,181,0
9061,Goblin Rocket Fuel,INTERMEDIATE,UNSOURCED,1,5350,3077,173,0
12810,Enchanted Leather,INTERMEDIATE,TRAINER,10,101019,83640,120,0
12810,Enchanted Leather,INTERMEDIATE,TRAINER,3,97490,83640,116,0
12810,Enchanted Leather,INTERMEDIATE,TRAINER,9,95540,83640,114,0
12644,Dense Grinding Stone,INTERMEDIATE,TRAINER,6,4520,5760,78,1
12644,Dense Grinding Stone,INTERMEDIATE,TRAINER,4,4429,5760,76,1
7071,Iron Buckle,INTERMEDIATE,TRAINER,5,525,450,116,0
7071,Iron Buckle,INTERMEDIATE,TRAINER,5,509,450,113,0
7071,Iron Buckle,INTERMEDIATE,TRAINER,5,488,450,108,0
7071,Iron Buckle,INTERMEDIATE,TRAINER,5,468,450,104,0
7071,Iron Buckle,INTERMEDIATE,TRAINER,5,525,450,116,0
7071,Iron Buckle,INTERMEDIATE,TRAINER,1,509,450,113,0
12429,Imperial Plate Leggings,GEAR,UNSOURCED,1,337313,148780,226,0
12429,Imperial Plate Leggings,GEAR,UNSOURCED,1,323820,148780,217,0
5081,Kodo Hide Bag,BAG,UNSOURCED,1,1482,853,173,0
5081,Kodo Hide Bag,BAG,UNSOURCED,1,1422,853,166,0
2841,Bronze Bar,INTERMEDIATE,TRAINER,13,69,62,111,0
2841,Bronze Bar,INTERMEDIATE,TRAINER,1,66,62,106,0
12406,Thorium Belt,GEAR,TRAINER,1,13851,18544,74,1
12406,Thorium Belt,GEAR,TRAINER,1,13435,18544,72,1
12406,Thorium Belt,GEAR,TRAINER,1,13031,18544,70,1
12406,Thorium Belt,GEAR,TRAINER,1,12770,18544,68,1
12406,Thorium Belt,GEAR,TRAINER,1,13851,18544,74,1
12406,Thorium Belt,GEAR,TRAINER,1,13435,18544,72,1
12406,Thorium Belt,GEAR,TRAINER,1,13031,18544,70,1
12406,Thorium Belt,GEAR,TRAINER,1,12770,18544,68,1
12406,Thorium Belt,GEAR,TRAINER,1,13851,18544,74,1
22448,Small Prismatic Shard,INTERMEDIATE,TRAINER,7,1,0,0,1
22448,Small Prismatic Shard,INTERMEDIATE,TRAINER,8,1,0,0,1
22246,Enchanted Mageweave Pouch,BAG,VENDOR,1,49263,43512,113,0
5081,Kodo Hide Bag,BAG,UNSOURCED,1,1852,853,217,0
4236,Cured Heavy Hide,INTERMEDIATE,TRAINER,5,1481,1350,109,0
4236,Cured Heavy Hide,INTERMEDIATE,TRAINER,6,1451,1350,107,0
10513,Mithril Gyro-Shot,AMMO,TRAINER,1000,28,26,107,0
12408,Thorium Bracers,GEAR,TRAINER,1,13596,18544,73,1
12408,Thorium Bracers,GEAR,TRAINER,1,13188,18544,71,1
12408,Thorium Bracers,GEAR,TRAINER,1,12660,18544,68,1
12408,Thorium Bracers,GEAR,TRAINER,1,12027,18544,64,1
12408,Thorium Bracers,GEAR,TRAINER,1,13596,18544,73,1
12408,Thorium Bracers,GEAR,TRAINER,1,13188,18544,71,1
12408,Thorium Bracers,GEAR,TRAINER,1,12660,18544,68,1
12408,Thorium Bracers,GEAR,TRAINER,1,12027,18544,64,1
12408,Thorium Bracers,GEAR,TRAINER,1,13596,18544,73,1
12408,Thorium Bracers,GEAR,TRAINER,1,13188,18544,71,1
12408,Thorium Bracers,GEAR,TRAINER,1,12660,18544,68,1
12408,Thorium Bracers,GEAR,TRAINER,1,12027,18544,64,1
12408,Thorium Bracers,GEAR,TRAINER,1,13596,18544,73,1
12408,Thorium Bracers,GEAR,TRAINER,1,13188,18544,71,1
10051,Red Mageweave Bag,BAG,TRAINER,1,27156,20092,135,0
12810,Enchanted Leather,INTERMEDIATE,TRAINER,6,102023,83640,121,0
12810,Enchanted Leather,INTERMEDIATE,TRAINER,1,96921,83640,115,0
22248,Enchanted Runecloth Bag,BAG,VENDOR,1,594543,551525,107,0
22248,Enchanted Runecloth Bag,BAG,VENDOR,1,582652,551525,105,0
22248,Enchanted Runecloth Bag,BAG,VENDOR,1,570998,551525,103,0
10512,Hi-Impact Mithril Slugs,AMMO,TRAINER,1000,14,13,107,0
13506,Potion of Petrification,ELIXIR_POT,DROP,10,1428,607,235,0
13445,Elixir of Superior Defense,ELIXIR_POT,VENDOR,13,720,1064,67,1
12404,Dense Sharpening Stone,MISC,TRAINER,10,1235,1440,85,1
5081,Kodo Hide Bag,BAG,UNSOURCED,1,2243,853,262,0
5081,Kodo Hide Bag,BAG,UNSOURCED,1,2220,853,260,0
5081,Kodo Hide Bag,BAG,UNSOURCED,1,2131,853,249,0
15997,Thorium Shells,AMMO,TRAINER,1000,16,22,72,1
15997,Thorium Shells,AMMO,TRAINER,600,15,22,68,1
4238,Linen Bag,BAG,TRAINER,1,410,366,112,0
4238,Linen Bag,BAG,TRAINER,1,389,366,106,0
4238,Linen Bag,BAG,TRAINER,1,410,366,112,0
12655,Enchanted Thorium Bar,INTERMEDIATE,TRAINER,5,42009,36825,114,0
19686,Primal Batskin Gloves,GEAR,VENDOR,1,192667,178396,107,0
19686,Primal Batskin Gloves,GEAR,VENDOR,1,188813,178396,105,0
19686,Primal Batskin Gloves,GEAR,VENDOR,1,186924,178396,104,0
12810,Enchanted Leather,INTERMEDIATE,TRAINER,14,96604,83640,115,0
12810,Enchanted Leather,INTERMEDIATE,TRAINER,1,91773,83640,109,0
10512,Hi-Impact Mithril Slugs,AMMO,TRAINER,600,15,13,115,0
12810,Enchanted Leather,INTERMEDIATE,TRAINER,13,105386,83640,125,0
12810,Enchanted Leather,INTERMEDIATE,TRAINER,2,103278,83640,123,0
22249,Big Bag of Enchantment,BAG,DROP,1,1778219,568430,312,0
22249,Big Bag of Enchantment,BAG,DROP,1,1742654,568430,306,0
22249,Big Bag of Enchantment,BAG,DROP,1,1672947,568430,294,0
13513,Flask of Chromatic Resistance,FLASK,DROP,20,39657,20250,195,0
13513,Flask of Chromatic Resistance,FLASK,DROP,5,39260,20250,193,0
13513,Flask of Chromatic Resistance,FLASK,DROP,1,37297,20250,184,0
18262,Elemental Sharpening Stone,MISC,DROP,9,8242,9216,89,1
5081,Kodo Hide Bag,BAG,UNSOURCED,1,1749,853,205,0
5081,Kodo Hide Bag,BAG,UNSOURCED,1,1731,853,202,0
5081,Kodo Hide Bag,BAG,UNSOURCED,1,1749,853,205,0
4339,Bolt of Mageweave,INTERMEDIATE,TRAINER,9,5878,5050,116,0
4339,Bolt of Mageweave,INTERMEDIATE,TRAINER,2,5642,5050,111,0
13445,Elixir of Superior Defense,ELIXIR_POT,VENDOR,5,835,1064,78,1
13445,Elixir of Superior Defense,ELIXIR_POT,VENDOR,8,793,1064,74,1
13445,Elixir of Superior Defense,ELIXIR_POT,VENDOR,5,1028,1064,96,1
13445,Elixir of Superior Defense,ELIXIR_POT,VENDOR,2,976,1064,91,1
14048,Bolt of Runecloth,INTERMEDIATE,TRAINER,2,12283,11880,103,1
14048,Bolt of Runecloth,INTERMEDIATE,TRAINER,13,12160,11880,102,1
5081,Kodo Hide Bag,BAG,UNSOURCED,1,2589,853,303,0
5081,Kodo Hide Bag,BAG,UNSOURCED,1,2485,853,291,0
5081,Kodo Hide Bag,BAG,UNSOURCED,1,2589,853,303,0
4241,Green Woolen Bag,BAG,DROP,1,4785,1832,261,0
4241,Green Woolen Bag,BAG,DROP,1,4737,1832,258,0
4241,Green Woolen Bag,BAG,DROP,1,4594,1832,250,0
10008,White Bandit Mask,GEAR,DROP,1,6000,6023,99,1
10008,White Bandit Mask,GEAR,DROP,1,5820,6023,96,1
10008,White Bandit Mask,GEAR,DROP,1,5703,6023,94,1
10008,White Bandit Mask,GEAR,DROP,1,6000,6023,99,1
10008,White Bandit Mask,GEAR,DROP,1,5820,6023,96,1
10008,White Bandit Mask,GEAR,DROP,1,5703,6023,94,1
10008,White Bandit Mask,GEAR,DROP,1,6000,6023,99,1
10008,White Bandit Mask,GEAR,DROP,1,5820,6023,96,1
10008,White Bandit Mask,GEAR,DROP,1,5703,6023,94,1
10008,White Bandit Mask,GEAR,DROP,1,6000,6023,99,1
10008,White Bandit Mask,GEAR,DROP,1,5820,6023,96,1
10008,White Bandit Mask,GEAR,DROP,1,5703,6023,94,1
20746,Lesser Wizard Oil,MISC,VENDOR,1,23446,18480,126,0
20746,Lesser Wizard Oil,MISC,VENDOR,1,22742,18480,123,0
20746,Lesser Wizard Oil,MISC,VENDOR,1,22287,18480,120,0
20746,Lesser Wizard Oil,MISC,VENDOR,1,22064,18480,119,0
20746,Lesser Wizard Oil,MISC,VENDOR,1,23446,18480,126,0
8172,Cured Thick Hide,INTERMEDIATE,TRAINER,7,4915,4545,108,0
8172,Cured Thick Hide,INTERMEDIATE,TRAINER,7,4718,4545,103,0
16009,Voice Amplification Modulator,GEAR,DROP,1,531771,179084,296,0
16009,Voice Amplification Modulator,GEAR,DROP,1,521135,179084,291,0
16009,Voice Amplification Modulator,GEAR,DROP,1,510712,179084,285,0
22448,Small Prismatic Shard,INTERMEDIATE,TRAINER,20,1,0,0,0
22448,Small Prismatic Shard,INTERMEDIATE,TRAINER,20,1,0,0,0
22448,Small Prismatic Shard,INTERMEDIATE,TRAINER,1,1,0,0,0
22448,Small Prismatic Shard,INTERMEDIATE,TRAINER,1,1,0,0,0
14342,Mooncloth,INTERMEDIATE,VENDOR,2,12129,15200,79,1
14342,Mooncloth,INTERMEDIATE,VENDOR,5,11765,15200,77,1
15084,Wicked Leather Bracers,GEAR,TRAINER,1,18150,22320,81,1
15084,Wicked Leather Bracers,GEAR,TRAINER,1,17242,22320,77,1
15084,Wicked Leather Bracers,GEAR,TRAINER,1,18150,22320,81,1
15084,Wicked Leather Bracers,GEAR,TRAINER,1,17242,22320,77,1
15084,Wicked Leather Bracers,GEAR,TRAINER,1,18150,22320,81,1
15084,Wicked Leather Bracers,GEAR,TRAINER,1,17242,22320,77,1
15084,Wicked Leather Bracers,GEAR,TRAINER,1,18150,22320,81,1
15084,Wicked Leather Bracers,GEAR,TRAINER,1,17242,22320,77,1
15084,Wicked Leather Bracers,GEAR,TRAINER,1,18150,22320,81,1
15084,Wicked Leather Bracers,GEAR,TRAINER,1,17242,22320,77,1
20750,Wizard Oil,MISC,VENDOR,1,71665,58550,122,0
5081,Kodo Hide Bag,BAG,UNSOURCED,1,2717,853,318,0
5081,Kodo Hide Bag,BAG,UNSOURCED,1,2662,853,312,0
5081,Kodo Hide Bag,BAG,UNSOURCED,1,2608,853,305,0
11144,Truesilver Rod,INTERMEDIATE,TRAINER,1,5119,4720,108,0
11144,Truesilver Rod,INTERMEDIATE,TRAINER,1,4914,4720,104,0
11144,Truesilver Rod,INTERMEDIATE,TRAINER,1,4766,4720,100,0
11144,Truesilver Rod,INTERMEDIATE,TRAINER,1,5119,4720,108,0
11144,Truesilver Rod,INTERMEDIATE,TRAINER,1,4914,4720,104,0
11144,Truesilver Rod,INTERMEDIATE,TRAINER,1,4766,4720,100,0
11144,Truesilver Rod,INTERMEDIATE,TRAINER,1,5119,4720,108,0
11144,Truesilver Rod,INTERMEDIATE,TRAINER,1,4914,4720,104,0
11144,Truesilver Rod,INTERMEDIATE,TRAINER,1,4766,4720,100,0
11144,Truesilver Rod,INTERMEDIATE,TRAINER,1,5119,4720,108,0
11144,Truesilver Rod,INTERMEDIATE,TRAINER,1,4914,4720,104,0
11144,Truesilver Rod,INTERMEDIATE,TRAINER,1,4766,4720,100,0
11144,Truesilver Rod,INTERMEDIATE,TRAINER,1,5119,4720,108,0
11144,Truesilver Rod,INTERMEDIATE,TRAINER,1,4914,4720,104,0
8951,Elixir of Greater Defense,ELIXIR_POT,TRAINER,5,1451,1181,122,0
8951,Elixir of Greater Defense,ELIXIR_POT,TRAINER,5,1392,1181,117,0
8951,Elixir of Greater Defense,ELIXIR_POT,TRAINER,5,1336,1181,113,0
8951,Elixir of Greater Defense,ELIXIR_POT,TRAINER,4,1269,1181,107,0
12628,Demon Forged Breastplate,GEAR,UNSOURCED,1,1161735,506600,229,0
12628,Demon Forged Breastplate,GEAR,UNSOURCED,1,1126882,506600,222,0
12628,Demon Forged Breastplate,GEAR,UNSOURCED,1,1161735,506600,229,0
13510,Flask of the Titans,FLASK,DROP,20,32714,16860,194,0
13510,Flask of the Titans,FLASK,DROP,5,31405,16860,186,0
13510,Flask of the Titans,FLASK,DROP,1,30148,16860,178,0
3388,Strong Troll's Blood Elixir,ELIXIR_POT,TRAINER,13,737,536,137,0
14137,Mooncloth Leggings,GEAR,DROP,1,240497,120890,198,0
12810,Enchanted Leather,INTERMEDIATE,TRAINER,7,95131,83640,113,0
12810,Enchanted Leather,INTERMEDIATE,TRAINER,1,92277,83640,110,0
3827,Mana Potion,ELIXIR_POT,TRAINER,8,910,804,113,0
12655,Enchanted Thorium Bar,INTERMEDIATE,TRAINER,8,41427,36825,112,0
12655,Enchanted Thorium Bar,INTERMEDIATE,TRAINER,7,39355,36825,106,0
16000,Thorium Tube,INTERMEDIATE,TRAINER,11,9827,9270,106,0
10513,Mithril Gyro-Shot,AMMO,TRAINER,800,27,26,103,0
13511,Flask of Distilled Wisdom,FLASK,DROP,5,22025,13430,163,0
13511,Flask of Distilled Wisdom,FLASK,DROP,20,21364,13430,159,0
13511,Flask of Distilled Wisdom,FLASK,DROP,5,22025,13430,163,0
13511,Flask of Distilled Wisdom,FLASK,DROP,4,21364,13430,159,0
16000,Thorium Tube,INTERMEDIATE,TRAINER,7,9270,9270,100,0
16000,Thorium Tube,INTERMEDIATE,TRAINER,5,9270,9270,100,0
4245,Small Silk Pack,BAG,TRAINER,1,8640,8640,100,0
4245,Small Silk Pack,BAG,TRAINER,1,8640,8640,100,0
18253,Major Rejuvenation Potion,ELIXIR_POT,DROP,16,24669,11560,213,0
22251,Cenarion Herb Bag,BAG,VENDOR,1,114303,79933,142,0
22251,Cenarion Herb Bag,BAG,VENDOR,1,109730,79933,137,0
10050,Mageweave Bag,BAG,TRAINER,1,22990,16992,135,0
10050,Mageweave Bag,BAG,TRAINER,1,21840,16992,128,0
10050,Mageweave Bag,BAG,TRAINER,1,21621,16992,127,0
14342,Mooncloth,INTERMEDIATE,VENDOR,12,15690,15200,103,0
14342,Mooncloth,INTERMEDIATE,VENDOR,1,15200,15200,100,0
19683,Bloodvine Leggings,GEAR,VENDOR,1,203749,192580,105,0
4234,Heavy Leather,INTERMEDIATE,TRAINER,2,1133,1090,103,0
4234,Heavy Leather,INTERMEDIATE,TRAINER,3,1110,1090,101,0
13506,Potion of Petrification,ELIXIR_POT,DROP,20,1573,607,259,0
13506,Potion of Petrification,ELIXIR_POT,DROP,5,1510,607,248,0
13506,Potion of Petrification,ELIXIR_POT,DROP,3,1479,607,243,0
5762,Red Linen Bag,BAG,VENDOR,1,880,598,147,0
2840,Copper Bar,INTERMEDIATE,UNSOURCED,3,43,20,215,0
2840,Copper Bar,INTERMEDIATE,UNSOURCED,4,41,20,205,0
9060,Inlaid Mithril Cylinder,INTERMEDIATE,UNSOURCED,5,34518,15410,223,0
9060,Inlaid Mithril Cylinder,INTERMEDIATE,UNSOURCED,6,33482,15410,217,0
22251,Cenarion Herb Bag,BAG,VENDOR,1,96071,79933,120,0
22251,Cenarion Herb Bag,BAG,VENDOR,1,94149,79933,117,0
22251,Cenarion Herb Bag,BAG,VENDOR,1,91324,79933,114,0
8544,Mageweave Bandage,MISC,TRAINER,6,921,1010,91,1
12655,Enchanted Thorium Bar,INTERMEDIATE,TRAINER,9,47326,36825,128,0
4387,Iron Strut,INTERMEDIATE,TRAINER,10,2063,1800,114,0
4387,Iron Strut,INTERMEDIATE,TRAINER,2,1959,1800,108,0
4236,Cured Heavy Hide,INTERMEDIATE,TRAINER,4,1390,1350,102,0
4236,Cured Heavy Hide,INTERMEDIATE,TRAINER,6,1350,1350,100,0
14144,Ghostweave Pants,GEAR,TRAINER,1,90291,85310,105,0
14144,Ghostweave Pants,GEAR,TRAINER,1,88485,85310,103,0
10033,Red Mageweave Headband,GEAR,DROP,1,17141,20092,85,1
10033,Red Mageweave Headband,GEAR,DROP,1,16626,20092,82,1
10033,Red Mageweave Headband,GEAR,DROP,1,17141,20092,85,1
10033,Red Mageweave Headband,GEAR,DROP,1,16626,20092,82,1
10033,Red Mageweave Headband,GEAR,DROP,1,17141,20092,85,1
10033,Red Mageweave Headband,GEAR,DROP,1,16626,20092,82,1
12655,Enchanted Thorium Bar,INTERMEDIATE,TRAINER,2,40985,36825,111,0
12655,Enchanted Thorium Bar,INTERMEDIATE,TRAINER,7,39345,36825,106,0
14111,Felcloth Hood,GEAR,TRAINER,1,92389,87325,105,0
14111,Felcloth Hood,GEAR,TRAINER,1,87769,87325,100,0
4241,Green Woolen Bag,BAG,DROP,1,3859,1832,210,0
9061,Goblin Rocket Fuel,INTERMEDIATE,UNSOURCED,10,5969,3077,193,0
22448,Small Prismatic Shard,INTERMEDIATE,TRAINER,20,1,0,0,0
22448,Small Prismatic Shard,INTERMEDIATE,TRAINER,1,1,0,0,0
13869,Frostweave Tunic,GEAR,TRAINER,1,61773,61773,100,0
13869,Frostweave Tunic,GEAR,TRAINER,1,61773,61773,100,0
13869,Frostweave Tunic,GEAR,TRAINER,1,61773,61773,100,0
11605,Dark Iron Shoulders,GEAR,DROP,1,21925,23856,91,1
11605,Dark Iron Shoulders,GEAR,DROP,1,21486,23856,90,1
11605,Dark Iron Shoulders,GEAR,DROP,1,20841,23856,87,1
11605,Dark Iron Shoulders,GEAR,DROP,1,20424,23856,85,1
11605,Dark Iron Shoulders,GEAR,DROP,1,21925,23856,91,1
11605,Dark Iron Shoulders,GEAR,DROP,1,21486,23856,90,1
11605,Dark Iron Shoulders,GEAR,DROP,1,20841,23856,87,1
11605,Dark Iron Shoulders,GEAR,DROP,1,20424,23856,85,1
11605,Dark Iron Shoulders,GEAR,DROP,1,21925,23856,91,1
11605,Dark Iron Shoulders,GEAR,DROP,1,21486,23856,90,1
11605,Dark Iron Shoulders,GEAR,DROP,1,20841,23856,87,1
11605,Dark Iron Shoulders,GEAR,DROP,1,20424,23856,85,1
11605,Dark Iron Shoulders,GEAR,DROP,1,21925,23856,91,1
11605,Dark Iron Shoulders,GEAR,DROP,1,21486,23856,90,1
8951,Elixir of Greater Defense,ELIXIR_POT,TRAINER,7,1240,1181,104,0
13513,Flask of Chromatic Resistance,FLASK,DROP,5,53581,20250,264,0
13513,Flask of Chromatic Resistance,FLASK,DROP,13,50901,20250,251,0
4231,Cured Light Hide,INTERMEDIATE,TRAINER,2,374,347,107,0
4231,Cured Light Hide,INTERMEDIATE,TRAINER,10,359,347,103,0
21342,Core Felcloth Bag,BAG,DROP,1,740436,353768,209,0
12655,Enchanted Thorium Bar,INTERMEDIATE,TRAINER,5,46340,36825,125,0
12655,Enchanted Thorium Bar,INTERMEDIATE,TRAINER,1,44486,36825,120,0
22448,Small Prismatic Shard,INTERMEDIATE,TRAINER,20,1,0,0,0
22448,Small Prismatic Shard,INTERMEDIATE,TRAINER,2,1,0,0,0
22448,Small Prismatic Shard,INTERMEDIATE,TRAINER,8,1,0,0,0
21341,Felcloth Bag,BAG,UNSOURCED,1,464707,199240,233,0
21341,Felcloth Bag,BAG,UNSOURCED,1,455412,199240,228,0
13513,Flask of Chromatic Resistance,FLASK,DROP,20,50349,20250,248,0
13513,Flask of Chromatic Resistance,FLASK,DROP,4,49342,20250,243,0
2997,Bolt of Woolen Cloth,INTERMEDIATE,TRAINER,11,459,408,112,0
2997,Bolt of Woolen Cloth,INTERMEDIATE,TRAINER,4,436,408,106,0
13506,Potion of Petrification,ELIXIR_POT,DROP,5,1186,607,195,0
13506,Potion of Petrification,ELIXIR_POT,DROP,20,1138,607,187,0
13506,Potion of Petrification,ELIXIR_POT,DROP,7,1081,607,178,0
2458,Elixir of Minor Fortitude,ELIXIR_POT,TRAINER,5,235,207,113,0
2458,Elixir of Minor Fortitude,ELIXIR_POT,TRAINER,5,223,207,107,0
2458,Elixir of Minor Fortitude,ELIXIR_POT,TRAINER,5,235,207,113,0
2458,Elixir of Minor Fortitude,ELIXIR_POT,TRAINER,2,223,207,107,0
14155,Mooncloth Bag,BAG,DROP,1,141985,59935,236,0
14155,Mooncloth Bag,BAG,DROP,1,134885,59935,225,0
13445,Elixir of Superior Defense,ELIXIR_POT,VENDOR,5,698,1064,65,1
15997,Thorium Shells,AMMO,TRAINER,1000,19,22,86,1
15997,Thorium Shells,AMMO,TRAINER,1000,18,22,81,1
13445,Elixir of Superior Defense,ELIXIR_POT,VENDOR,15,727,1064,68,1
3387,Limited Invulnerability Potion,ELIXIR_POT,DROP,5,15854,6515,243,0
3387,Limited Invulnerability Potion,ELIXIR_POT,DROP,2,15536,6515,238,0
4596,Discolored Healing Potion,ELIXIR_POT,UNSOURCED,5,586,247,237,0
18232,Field Repair Bot 74A,INTERMEDIATE,UNSOURCED,5,101378,34069,297,0
18232,Field Repair Bot 74A,INTERMEDIATE,UNSOURCED,5,100364,34069,294,0
18232,Field Repair Bot 74A,INTERMEDIATE,UNSOURCED,4,101378,34069,297,0
18232,Field Repair Bot 74A,INTERMEDIATE,UNSOURCED,1,100364,34069,294,0
2841,Bronze Bar,INTERMEDIATE,TRAINER,20,62,62,100,0
2841,Bronze Bar,INTERMEDIATE,TRAINER,2,62,62,100,0
2841,Bronze Bar,INTERMEDIATE,TRAINER,4,62,62,100,0
13511,Flask of Distilled Wisdom,FLASK,DROP,20,36575,13430,272,0
13511,Flask of Distilled Wisdom,FLASK,DROP,8,35843,13430,266,0
13456,Greater Frost Protection Potion,ELIXIR_POT,DROP,19,6086,3288,185,0
2458,Elixir of Minor Fortitude,ELIXIR_POT,TRAINER,13,212,207,102,0
12359,Thorium Bar,INTERMEDIATE,TRAINER,5,1070,1545,69,1
12359,Thorium Bar,INTERMEDIATE,TRAINER,8,1059,1545,68,1
4339,Bolt of Mageweave,INTERMEDIATE,TRAINER,12,5118,5050,101,0
5762,Red Linen Bag,BAG,VENDOR,1,768,598,128,0
5762,Red Linen Bag,BAG,VENDOR,1,729,598,121,0
5763,Red Woolen Bag,BAG,VENDOR,1,2091,1782,117,0
5763,Red Woolen Bag,BAG,VENDOR,1,2070,1782,116,0
8067,Crafted Light Shot,AMMO,UNSOURCED,400,1,0,0,0
8176,Nightscape Headband,GEAR,TRAINER,1,4957,6940,71,1
8176,Nightscape Headband,GEAR,TRAINER,1,4907,6940,70,1
8176,Nightscape Headband,GEAR,TRAINER,1,4808,6940,69,1
8176,Nightscape Headband,GEAR,TRAINER,1,4957,6940,71,1
8176,Nightscape Headband,GEAR,TRAINER,1,4907,6940,70,1
22448,Small Prismatic Shard,INTERMEDIATE,TRAINER,20,1,0,0,0
22448,Small Prismatic Shard,INTERMEDIATE,TRAINER,20,1,0,0,0
22448,Small Prismatic Shard,INTERMEDIATE,TRAINER,1,1,0,0,0
22448,Small Prismatic Shard,INTERMEDIATE,TRAINER,1,1,0,0,0
4236,Cured Heavy Hide,INTERMEDIATE,TRAINER,1,1691,1350,125,0
4236,Cured Heavy Hide,INTERMEDIATE,TRAINER,12,1623,1350,120,0
20002,Greater Dreamless Sleep Potion,ELIXIR_POT,VENDOR,17,2558,1708,149,0
10009,Red Mageweave Pants,GEAR,DROP,1,27194,14094,192,0
10009,Red Mageweave Pants,GEAR,DROP,1,26922,14094,191,0
10009,Red Mageweave Pants,GEAR,DROP,1,26652,14094,189,0
10036,Tuxedo Jacket,GEAR,VENDOR,1,25162,25990,96,1
10036,Tuxedo Jacket,GEAR,VENDOR,1,23903,25990,91,1
10036,Tuxedo Jacket,GEAR,VENDOR,1,25162,25990,96,1
10036,Tuxedo Jacket,GEAR,VENDOR,1,23903,25990,91,1
10036,Tuxedo Jacket,GEAR,VENDOR,1,25162,25990,96,1
10036,Tuxedo Jacket,GEAR,VENDOR,1,23903,25990,91,1
10036,Tuxedo Jacket,GEAR,VENDOR,1,25162,25990,96,1
10036,Tuxedo Jacket,GEAR,VENDOR,1,23903,25990,91,1
10036,Tuxedo Jacket,GEAR,VENDOR,1,25162,25990,96,1
10036,Tuxedo Jacket,GEAR,VENDOR,1,23903,25990,91,1
10036,Tuxedo Jacket,GEAR,VENDOR,1,25162,25990,96,1
10036,Tuxedo Jacket,GEAR,VENDOR,1,23903,25990,91,1
10036,Tuxedo Jacket,GEAR,VENDOR,1,25162,25990,96,1
8068,Crafted Heavy Shot,AMMO,TRAINER,800,1,0,0,0
8170,Rugged Leather,INTERMEDIATE,TRAINER,3,6003,7128,84,1
8170,Rugged Leather,INTERMEDIATE,TRAINER,12,5702,7128,79,1
9210,Ghost Dye,INTERMEDIATE,VENDOR,6,7265,6210,116,0
9210,Ghost Dye,INTERMEDIATE,VENDOR,4,7119,6210,114,0
14048,Bolt of Runecloth,INTERMEDIATE,TRAINER,3,11880,11880,100,0
14048,Bolt of Runecloth,INTERMEDIATE,TRAINER,11,11880,11880,100,0
8069,Crafted Solid Shot,AMMO,TRAINER,1000,2,2,100,0
10513,Mithril Gyro-Shot,AMMO,TRAINER,1000,26,26,100,0
15997,Thorium Shells,AMMO,TRAINER,400,28,22,127,0
10561,Mithril Casing,INTERMEDIATE,TRAINER,4,5612,4518,124,0
10561,Mithril Casing,INTERMEDIATE,TRAINER,4,5499,4518,121,0
13510,Flask of the Titans,FLASK,DROP,5,28971,16860,171,0
13510,Flask of the Titans,FLASK,DROP,19,28681,16860,170,0
22448,Small Prismatic Shard,INTERMEDIATE,TRAINER,15,1,0,0,1
8544,Mageweave Bandage,MISC,TRAINER,14,983,1010,97,1
14042,Cindercloth Vest,GEAR,DROP,1,94583,63693,148,0
14042,Cindercloth Vest,GEAR,DROP,1,93637,63693,147,0
18486,Mooncloth Robe,GEAR,VENDOR,1,308189,285890,107,0
18486,Mooncloth Robe,GEAR,VENDOR,1,292779,285890,102,0
18486,Mooncloth Robe,GEAR,VENDOR,1,286923,285890,100,0
12810,Enchanted Leather,INTERMEDIATE,TRAINER,6,89243,83640,106,0
12810,Enchanted Leather,INTERMEDIATE,TRAINER,6,85673,83640,102,0
20746,Lesser Wizard Oil,MISC,VENDOR,1,25945,18480,140,0
12810,Enchanted Leather,INTERMEDIATE,TRAINER,8,90431,83640,108,0
12810,Enchanted Leather,INTERMEDIATE,TRAINER,4,86813,83640,103,0
34086,Winter Boots,GEAR,VENDOR,1,13037,13588,95,1
34086,Winter Boots,GEAR,VENDOR,1,12645,13588,93,1
34086,Winter Boots,GEAR,VENDOR,1,13037,13588,95,1
34086,Winter Boots,GEAR,VENDOR,1,12645,13588,93,1
34086,Winter Boots,GEAR,VENDOR,1,13037,13588,95,1
34086,Winter Boots,GEAR,VENDOR,1,12645,13588,93,1
34086,Winter Boots,GEAR,VENDOR,1,13037,13588,95,1
34086,Winter Boots,GEAR,VENDOR,1,12645,13588,93,1
34086,Winter Boots,GEAR,VENDOR,1,13037,13588,95,1
34086,Winter Boots,GEAR,VENDOR,1,12645,13588,93,1
34086,Winter Boots,GEAR,VENDOR,1,13037,13588,95,1
34086,Winter Boots,GEAR,VENDOR,1,12645,13588,93,1
15997,Thorium Shells,AMMO,TRAINER,800,23,22,104,0
13512,Flask of Supreme Power,FLASK,DROP,5,22939,11430,200,0
13512,Flask of Supreme Power,FLASK,DROP,9,22709,11430,198,0
12359,Thorium Bar,INTERMEDIATE,TRAINER,4,1059,1545,68,1
12359,Thorium Bar,INTERMEDIATE,TRAINER,8,1006,1545,65,1
4305,Bolt of Silk Cloth,INTERMEDIATE,TRAINER,7,2769,2376,116,0
4305,Bolt of Silk Cloth,INTERMEDIATE,TRAINER,3,2630,2376,110,0
6836,Dress Shoes,GEAR,VENDOR,1,12166,18368,66,1
6836,Dress Shoes,GEAR,VENDOR,1,12044,18368,65,1
6836,Dress Shoes,GEAR,VENDOR,1,11441,18368,62,1
6836,Dress Shoes,GEAR,VENDOR,1,11020,18368,59,1
6836,Dress Shoes,GEAR,VENDOR,1,12166,18368,66,1
10512,Hi-Impact Mithril Slugs,AMMO,TRAINER,600,15,13,115,0
14048,Bolt of Runecloth,INTERMEDIATE,TRAINER,3,12188,11880,102,1
14048,Bolt of Runecloth,INTERMEDIATE,TRAINER,3,11944,11880,100,1
8068,Crafted Heavy Shot,AMMO,TRAINER,600,1,0,0,0
10513,Mithril Gyro-Shot,AMMO,TRAINER,400,29,26,111,0
3391,Elixir of Ogre's Strength,ELIXIR_POT,DROP,9,539,237,227,0
12644,Dense Grinding Stone,INTERMEDIATE,TRAINER,1,6359,5760,110,0
12644,Dense Grinding Stone,INTERMEDIATE,TRAINER,6,6295,5760,109,0
15053,Volcanic Breastplate,GEAR,DROP,1,22508,28136,79,1
15053,Volcanic Breastplate,GEAR,DROP,1,21832,28136,77,1
15053,Volcanic Breastplate,GEAR,DROP,1,21613,28136,76,1
15053,Volcanic Breastplate,GEAR,DROP,1,22508,28136,79,1
15053,Volcanic Breastplate,GEAR,DROP,1,21832,28136,77,1
15053,Volcanic Breastplate,GEAR,DROP,1,21613,28136,76,1
20748,Brilliant Mana Oil,MISC,VENDOR,1,244985,229560,106,0
5081,Kodo Hide Bag,BAG,UNSOURCED,1,2050,853,240,0
22248,Enchanted Runecloth Bag,BAG,VENDOR,1,697568,551525,126,0
20745,Minor Mana Oil,MISC,VENDOR,1,14258,10592,134,0
20745,Minor Mana Oil,MISC,VENDOR,1,14115,10592,133,0
20745,Minor Mana Oil,MISC,VENDOR,1,13832,10592,130,0
19684,Bloodvine Boots,GEAR,VENDOR,1,224885,162925,138,0
13444,Major Mana Potion,ELIXIR_POT,VENDOR,8,4263,3736,114,0
2458,Elixir of Minor Fortitude,ELIXIR_POT,TRAINER,7,207,207,100,0
22448,Small Prismatic Shard,INTERMEDIATE,TRAINER,17,1,0,0,0
22448,Small Prismatic Shard,INTERMEDIATE,TRAINER,1,1,0,0,0
4339,Bolt of Mageweave,INTERMEDIATE,TRAINER,5,5050,5050,100,0
4339,Bolt of Mageweave,INTERMEDIATE,TRAINER,2,5050,5050,100,0
22448,Small Prismatic Shard,INTERMEDIATE,TRAINER,20,1,0,0,0
22448,Small Prismatic Shard,INTERMEDIATE,TRAINER,3,1,0,0,0
22448,Small Prismatic Shard,INTERMEDIATE,TRAINER,1,1,0,0,0
4339,Bolt of Mageweave,INTERMEDIATE,TRAINER,4,5248,5050,103,0
4339,Bolt of Mageweave,INTERMEDIATE,TRAINER,4,5050,5050,100,0
8069,Crafted Solid Shot,AMMO,TRAINER,1000,2,2,100,0
12655,Enchanted Thorium Bar,INTERMEDIATE,TRAINER,8,36825,36825,100,0
12655,Enchanted Thorium Bar,INTERMEDIATE,TRAINER,2,36825,36825,100,0
8545,Heavy Mageweave Bandage,MISC,TRAINER,15,1563,2020,77,1
12644,Dense Grinding Stone,INTERMEDIATE,TRAINER,9,7333,5760,127,0
12644,Dense Grinding Stone,INTERMEDIATE,TRAINER,2,7259,5760,126,0
4234,Heavy Leather,INTERMEDIATE,TRAINER,2,1235,1090,113,0
4234,Heavy Leather,INTERMEDIATE,TRAINER,4,1210,1090,111,0
22448,Small Prismatic Shard,INTERMEDIATE,TRAINER,20,1,0,0,0
22448,Small Prismatic Shard,INTERMEDIATE,TRAINER,20,1,0,0,0
22448,Small Prismatic Shard,INTERMEDIATE,TRAINER,1,1,0,0,0
22448,Small Prismatic Shard,INTERMEDIATE,TRAINER,4,1,0,0,0
14048,Bolt of Runecloth,INTERMEDIATE,TRAINER,3,11880,11880,100,0
14048,Bolt of Runecloth,INTERMEDIATE,TRAINER,5,11880,11880,100,0
4339,Bolt of Mageweave,INTERMEDIATE,TRAINER,4,5393,5050,106,0
4339,Bolt of Mageweave,INTERMEDIATE,TRAINER,3,5339,5050,105,0
12644,Dense Grinding Stone,INTERMEDIATE,TRAINER,1,4639,5760,80,1
12644,Dense Grinding Stone,INTERMEDIATE,TRAINER,10,4499,5760,78,1
16988,Fiery Chain Shoulders,GEAR,VENDOR,1,343010,261840,130,0
16988,Fiery Chain Shoulders,GEAR,VENDOR,1,325859,261840,124,0
13423,Stonescale Oil,INTERMEDIATE,TRAINER,2,114,102,111,0
13423,Stonescale Oil,INTERMEDIATE,TRAINER,3,112,102,109,0
2997,Bolt of Woolen Cloth,INTERMEDIATE,TRAINER,10,426,408,104,0
2997,Bolt of Woolen Cloth,INTERMEDIATE,TRAINER,2,408,408,100,0
8172,Cured Thick Hide,INTERMEDIATE,TRAINER,3,4545,4545,100,0
8172,Cured Thick Hide,INTERMEDIATE,TRAINER,4,4545,4545,100,0
12655,Enchanted Thorium Bar,INTERMEDIATE,TRAINER,9,36825,36825,100,0
12655,Enchanted Thorium Bar,INTERMEDIATE,TRAINER,2,36825,36825,100,0
13512,Flask of Supreme Power,FLASK,DROP,20,30410,11430,266,0
13512,Flask of Supreme Power,FLASK,DROP,5,29193,11430,255,0
13512,Flask of Supreme Power,FLASK,DROP,3,28609,11430,250,0
11144,Truesilver Rod,INTERMEDIATE,TRAINER,1,5453,4720,115,0
11144,Truesilver Rod,INTERMEDIATE,TRAINER,1,5398,4720,114,0
11144,Truesilver Rod,INTERMEDIATE,TRAINER,1,5128,4720,108,0
11144,Truesilver Rod,INTERMEDIATE,TRAINER,1,5076,4720,107,0
11144,Truesilver Rod,INTERMEDIATE,TRAINER,1,5453,4720,115,0
11144,Truesilver Rod,INTERMEDIATE,TRAINER,1,5398,4720,114,0
11144,Truesilver Rod,INTERMEDIATE,TRAINER,1,5128,4720,108,0
11144,Truesilver Rod,INTERMEDIATE,TRAINER,1,5076,4720,107,0
11144,Truesilver Rod,INTERMEDIATE,TRAINER,1,5453,4720,115,0
11144,Truesilver Rod,INTERMEDIATE,TRAINER,1,5398,4720,114,0
11144,Truesilver Rod,INTERMEDIATE,TRAINER,1,5128,4720,108,0
11144,Truesilver Rod,INTERMEDIATE,TRAINER,1,5076,4720,107,0
11144,Truesilver Rod,INTERMEDIATE,TRAINER,1,5453,4720,115,0
11144,Truesilver Rod,INTERMEDIATE,TRAINER,1,5398,4720,114,0
11144,Truesilver Rod,INTERMEDIATE,TRAINER,1,5128,4720,108,0
3384,Minor Magic Resistance Potion,ELIXIR_POT,DROP,5,1146,470,243,0
13513,Flask of Chromatic Resistance,FLASK,DROP,20,59704,20250,294,0
8544,Mageweave Bandage,MISC,TRAINER,13,924,1010,91,1
6050,Frost Protection Potion,ELIXIR_POT,VENDOR,7,1706,1525,111,0
7071,Iron Buckle,INTERMEDIATE,TRAINER,5,490,450,108,0
7071,Iron Buckle,INTERMEDIATE,TRAINER,5,465,450,103,0
7071,Iron Buckle,INTERMEDIATE,TRAINER,5,450,450,100,0
7071,Iron Buckle,INTERMEDIATE,TRAINER,5,450,450,100,0
12810,Enchanted Leather,INTERMEDIATE,TRAINER,2,101204,83640,120,0
12810,Enchanted Leather,INTERMEDIATE,TRAINER,5,97155,83640,116,0
12774,Dawn's Edge,GEAR,UNSOURCED,1,800352,470270,170,0
12655,Enchanted Thorium Bar,INTERMEDIATE,TRAINER,8,42923,36825,116,0
12655,Enchanted Thorium Bar,INTERMEDIATE,TRAINER,1,42064,36825,114,0
2319,Medium Leather,INTERMEDIATE,TRAINER,6,402,372,108,0
2319,Medium Leather,INTERMEDIATE,TRAINER,3,389,372,104,0
12655,Enchanted Thorium Bar,INTERMEDIATE,TRAINER,2,36825,36825,100,0
12655,Enchanted Thorium Bar,INTERMEDIATE,TRAINER,3,36825,36825,100,0
18262,Elemental Sharpening Stone,MISC,DROP,9,7708,9216,83,1
15076,Heavy Scorpid Vest,GEAR,DROP,1,82717,34880,237,0
4245,Small Silk Pack,BAG,TRAINER,1,10540,8640,121,0
4245,Small Silk Pack,BAG,TRAINER,1,10223,8640,118,0
16006,Delicate Arcanite Converter,INTERMEDIATE,VENDOR,1,64110,55450,115,0
16006,Delicate Arcanite Converter,INTERMEDIATE,VENDOR,5,62186,55450,112,0
21341,Felcloth Bag,BAG,UNSOURCED,1,393299,199240,197,0
21341,Felcloth Bag,BAG,UNSOURCED,1,377567,199240,189,0
21341,Felcloth Bag,BAG,UNSOURCED,1,393299,199240,197,0
13512,Flask of Supreme Power,FLASK,DROP,5,25374,11430,221,0
13512,Flask of Supreme Power,FLASK,DROP,20,24359,11430,213,0
13512,Flask of Supreme Power,FLASK,DROP,5,25374,11430,221,0
13512,Flask of Supreme Power,FLASK,DROP,5,24359,11430,213,0
13512,Flask of Supreme Power,FLASK,DROP,5,25374,11430,221,0
3828,Elixir of Detect Lesser Invisibility,ELIXIR_POT,DROP,19,3768,1526,246,0
19050,Mantle of the Timbermaw,GEAR,VENDOR,1,149034,134995,110,0
19050,Mantle of the Timbermaw,GEAR,VENDOR,1,144562,134995,107,0
2460,Elixir of Tongues (NYI),ELIXIR_POT,UNSOURCED,5,485,334,145,0
2460,Elixir of Tongues (NYI),ELIXIR_POT,UNSOURCED,3,465,334,139,0
3928,Superior Healing Potion,ELIXIR_POT,TRAINER,5,1843,1581,116,0
3928,Superior Healing Potion,ELIXIR_POT,TRAINER,14,1824,1581,115,0
8069,Crafted Solid Shot,AMMO,TRAINER,400,2,2,100,0
14342,Mooncloth,INTERMEDIATE,VENDOR,2,20465,15200,134,0
14342,Mooncloth,INTERMEDIATE,VENDOR,11,20055,15200,131,0
4339,Bolt of Mageweave,INTERMEDIATE,TRAINER,11,5721,5050,113,0
4339,Bolt of Mageweave,INTERMEDIATE,TRAINER,4,5549,5050,109,0
12655,Enchanted Thorium Bar,INTERMEDIATE,TRAINER,3,38180,36825,103,0
12655,Enchanted Thorium Bar,INTERMEDIATE,TRAINER,3,37798,36825,102,0
22251,Cenarion Herb Bag,BAG,VENDOR,1,107604,79933,134,0
22251,Cenarion Herb Bag,BAG,VENDOR,1,105451,79933,131,0
22251,Cenarion Herb Bag,BAG,VENDOR,1,102287,79933,127,0
9061,Goblin Rocket Fuel,INTERMEDIATE,UNSOURCED,5,6680,3077,217,0
9061,Goblin Rocket Fuel,INTERMEDIATE,UNSOURCED,2,6479,3077,210,0
5763,Red Woolen Bag,BAG,VENDOR,1,2519,1782,141,0
5763,Red Woolen Bag,BAG,VENDOR,1,2443,1782,137,0
5763,Red Woolen Bag,BAG,VENDOR,1,2369,1782,132,0
22448,Small Prismatic Shard,INTERMEDIATE,TRAINER,20,1,0,0,1
22448,Small Prismatic Shard,INTERMEDIATE,TRAINER,20,1,0,0,1
22448,Small Prismatic Shard,INTERMEDIATE,TRAINER,2,1,0,0,1
10008,White Bandit Mask,GEAR,DROP,1,4065,6023,67,1
10008,White Bandit Mask,GEAR,DROP,1,4024,6023,66,1
10008,White Bandit Mask,GEAR,DROP,1,3983,6023,66,1
10008,White Bandit Mask,GEAR,DROP,1,3903,6023,64,1
10008,White Bandit Mask,GEAR,DROP,1,4065,6023,67,1
10008,White Bandit Mask,GEAR,DROP,1,4024,6023,66,1
10008,White Bandit Mask,GEAR,DROP,1,3983,6023,66,1
10008,White Bandit Mask,GEAR,DROP,1,3903,6023,64,1
10008,White Bandit Mask,GEAR,DROP,1,4065,6023,67,1
10008,White Bandit Mask,GEAR,DROP,1,4024,6023,66,1
10008,White Bandit Mask,GEAR,DROP,1,3983,6023,66,1
10008,White Bandit Mask,GEAR,DROP,1,3903,6023,64,1
10008,White Bandit Mask,GEAR,DROP,1,4065,6023,67,1
10008,White Bandit Mask,GEAR,DROP,1,4024,6023,66,1
16206,Arcanite Rod,INTERMEDIATE,TRAINER,1,126034,123600,101,0
16206,Arcanite Rod,INTERMEDIATE,TRAINER,1,123600,123600,100,0
16206,Arcanite Rod,INTERMEDIATE,TRAINER,1,126034,123600,101,0
16206,Arcanite Rod,INTERMEDIATE,TRAINER,1,123600,123600,100,0
16206,Arcanite Rod,INTERMEDIATE,TRAINER,1,126034,123600,101,0
16206,Arcanite Rod,INTERMEDIATE,TRAINER,1,123600,123600,100,0
16206,Arcanite Rod,INTERMEDIATE,TRAINER,1,126034,123600,101,0
16206,Arcanite Rod,INTERMEDIATE,TRAINER,1,123600,123600,100,0
16206,Arcanite Rod,INTERMEDIATE,TRAINER,1,126034,123600,101,0
16206,Arcanite Rod,INTERMEDIATE,TRAINER,1,123600,123600,100,0
22445,Arcane Dust,INTERMEDIATE,UNSOURCED,20,14965,5013,298,0
22445,Arcane Dust,INTERMEDIATE,UNSOURCED,4,14366,5013,286,0
22445,Arcane Dust,INTERMEDIATE,UNSOURCED,9,14222,5013,283,0
18251,Core Armor Kit,MISC,DROP,10,23968,28000,85,1
18251,Core Armor Kit,MISC,DROP,3,23248,28000,83,1
15055,Volcanic Shoulders,GEAR,DROP,1,118855,37216,319,0
15055,Volcanic Shoulders,GEAR,DROP,1,112912,37216,303,0
13511,Flask of Distilled Wisdom,FLASK,DROP,5,30383,13430,226,0
13511,Flask of Distilled Wisdom,FLASK,DROP,5,29775,13430,221,0
13511,Flask of Distilled Wisdom,FLASK,DROP,20,28584,13430,212,0
14342,Mooncloth,INTERMEDIATE,VENDOR,2,17040,15200,112,0
14342,Mooncloth,INTERMEDIATE,VENDOR,7,16188,15200,106,0
34086,Winter Boots,GEAR,VENDOR,1,13230,13588,97,1
34086,Winter Boots,GEAR,VENDOR,1,13097,13588,96,1
34086,Winter Boots,GEAR,VENDOR,1,12835,13588,94,1
34086,Winter Boots,GEAR,VENDOR,1,13230,13588,97,1
34086,Winter Boots,GEAR,VENDOR,1,13097,13588,96,1
34086,Winter Boots,GEAR,VENDOR,1,12835,13588,94,1
34086,Winter Boots,GEAR,VENDOR,1,13230,13588,97,1
34086,Winter Boots,GEAR,VENDOR,1,13097,13588,96,1
13445,Elixir of Superior Defense,ELIXIR_POT,VENDOR,19,1248,1064,117,0
7071,Iron Buckle,INTERMEDIATE,TRAINER,5,538,450,119,0
7071,Iron Buckle,INTERMEDIATE,TRAINER,5,511,450,113,0
7071,Iron Buckle,INTERMEDIATE,TRAINER,5,538,450,119,0
7071,Iron Buckle,INTERMEDIATE,TRAINER,1,511,450,113,0
18253,Major Rejuvenation Potion,ELIXIR_POT,DROP,7,29121,11560,251,0
14140,Mooncloth Circlet,GEAR,DROP,1,633521,214310,295,0
14140,Mooncloth Circlet,GEAR,DROP,1,627185,214310,292,0
14140,Mooncloth Circlet,GEAR,DROP,1,614641,214310,286,0
14342,Mooncloth,INTERMEDIATE,VENDOR,2,12014,15200,79,1
14342,Mooncloth,INTERMEDIATE,VENDOR,5,11413,15200,75,1
5081,Kodo Hide Bag,BAG,UNSOURCED,1,1871,853,219,0
5081,Kodo Hide Bag,BAG,UNSOURCED,1,1852,853,217,0
5081,Kodo Hide Bag,BAG,UNSOURCED,1,1871,853,219,0
9998,Black Mageweave Vest,GEAR,TRAINER,1,8055,9496,84,1
9998,Black Mageweave Vest,GEAR,TRAINER,1,7893,9496,83,1
9998,Black Mageweave Vest,GEAR,TRAINER,1,8055,9496,84,1
9998,Black Mageweave Vest,GEAR,TRAINER,1,7893,9496,83,1
9998,Black Mageweave Vest,GEAR,TRAINER,1,8055,9496,84,1
17771,Elementium Bar,MISC,DROP,5,3844335,2472560,155,0
18508,Swift Flight Bracers,GEAR,DROP,1,819975,292556,280,0
4339,Bolt of Mageweave,INTERMEDIATE,TRAINER,3,5575,5050,110,0
4339,Bolt of Mageweave,INTERMEDIATE,TRAINER,3,5352,5050,105,0
10036,Tuxedo Jacket,GEAR,VENDOR,1,25496,25990,98,1
10036,Tuxedo Jacket,GEAR,VENDOR,1,24221,25990,93,1
10036,Tuxedo Jacket,GEAR,VENDOR,1,25496,25990,98,1
10036,Tuxedo Jacket,GEAR,VENDOR,1,24221,25990,93,1
10036,Tuxedo Jacket,GEAR,VENDOR,1,25496,25990,98,1
10036,Tuxedo Jacket,GEAR,VENDOR,1,24221,25990,93,1
10036,Tuxedo Jacket,GEAR,VENDOR,1,25496,25990,98,1
10036,Tuxedo Jacket,GEAR,VENDOR,1,24221,25990,93,1
10036,Tuxedo Jacket,GEAR,VENDOR,1,25496,25990,98,1
10036,Tuxedo Jacket,GEAR,VENDOR,1,24221,25990,93,1
10036,Tuxedo Jacket,GEAR,VENDOR,1,25496,25990,98,1
10036,Tuxedo Jacket,GEAR,VENDOR,1,24221,25990,93,1
10036,Tuxedo Jacket,GEAR,VENDOR,1,25496,25990,98,1
10036,Tuxedo Jacket,GEAR,VENDOR,1,24221,25990,93,1
4231,Cured Light Hide,INTERMEDIATE,TRAINER,4,386,347,111,0
4231,Cured Light Hide,INTERMEDIATE,TRAINER,3,370,347,106,0
15062,Devilsaur Leggings,GEAR,DROP,1,268456,118409,226,0
15062,Devilsaur Leggings,GEAR,DROP,1,255033,118409,215,0
22448,Small Prismatic Shard,INTERMEDIATE,TRAINER,20,1,0,0,0
22448,Small Prismatic Shard,INTERMEDIATE,TRAINER,4,1,0,0,0
22448,Small Prismatic Shard,INTERMEDIATE,TRAINER,3,1,0,0,0
4304,Thick Leather,INTERMEDIATE,TRAINER,5,3994,3636,109,0
15086,Wicked Leather Headband,GEAR,TRAINER,1,40531,30480,132,0
15086,Wicked Leather Headband,GEAR,TRAINER,1,38504,30480,126,0
15077,Heavy Scorpid Bracers,GEAR,VENDOR,1,31523,24920,126,0
4238,Linen Bag,BAG,TRAINER,1,399,366,109,0
4238,Linen Bag,BAG,TRAINER,1,379,366,103,0
4238,Linen Bag,BAG,TRAINER,1,399,366,109,0
13512,Flask of Supreme Power,FLASK,DROP,5,33718,11430,294,0
13512,Flask of Supreme Power,FLASK,DROP,5,33043,11430,289,0
13512,Flask of Supreme Power,FLASK,DROP,18,33718,11430,294,0
13511,Flask of Distilled Wisdom,FLASK,DROP,5,24620,13430,183,0
13511,Flask of Distilled Wisdom,FLASK,DROP,20,23635,13430,175,0
13511,Flask of Distilled Wisdom,FLASK,DROP,5,22925,13430,170,0
13511,Flask of Distilled Wisdom,FLASK,DROP,2,24620,13430,183,0
10724,Gnomish Rocket Boots,GEAR,TRAINER,1,57210,47724,119,0
10724,Gnomish Rocket Boots,GEAR,TRAINER,1,56065,47724,117,0
10724,Gnomish Rocket Boots,GEAR,TRAINER,1,57210,47724,119,0
14342,Mooncloth,INTERMEDIATE,VENDOR,4,11342,15200,74,1
14342,Mooncloth,INTERMEDIATE,VENDOR,11,10774,15200,70,1
12810,Enchanted Leather,INTERMEDIATE,TRAINER,7,112010,83640,133,0
12810,Enchanted Leather,INTERMEDIATE,TRAINER,8,109769,83640,131,0
22448,Small Prismatic Shard,INTERMEDIATE,TRAINER,7,1,0,0,0
22448,Small Prismatic Shard,INTERMEDIATE,TRAINER,8,1,0,0,0
12631,Fiery Plate Gauntlets,GEAR,UNSOURCED,1,428727,216924,197,0
22573,Mote of Earth,INTERMEDIATE,TRAINER,10,2488,3200,77,1
22573,Mote of Earth,INTERMEDIATE,TRAINER,10,2463,3200,76,1
22573,Mote of Earth,INTERMEDIATE,TRAINER,10,2488,3200,77,1
22573,Mote of Earth,INTERMEDIATE,TRAINER,10,2463,3200,76,1
22573,Mote of Earth,INTERMEDIATE,TRAINER,10,2488,3200,77,1
22573,Mote of Earth,INTERMEDIATE,TRAINER,10,2463,3200,76,1
22573,Mote of Earth,INTERMEDIATE,TRAINER,10,2488,3200,77,1
22573,Mote of Earth,INTERMEDIATE,TRAINER,10,2463,3200,76,1
22573,Mote of Earth,INTERMEDIATE,TRAINER,2,2488,3200,77,1
22573,Mote of Earth,INTERMEDIATE,TRAINER,8,2463,3200,76,1
12410,Thorium Helm,GEAR,TRAINER,1,97125,77484,125,0
12410,Thorium Helm,GEAR,TRAINER,1,95182,77484,122,0
19998,Bloodvine Lens,GEAR,VENDOR,1,467981,385170,121,0
19998,Bloodvine Lens,GEAR,VENDOR,1,458621,385170,119,0
15141,Onyxia Scale Breastplate,GEAR,UNSOURCED,1,2940820,1175200,250,0
15141,Onyxia Scale Breastplate,GEAR,UNSOURCED,1,2793779,1175200,237,0
15141,Onyxia Scale Breastplate,GEAR,UNSOURCED,1,2765841,1175200,235,0
22249,Big Bag of Enchantment,BAG,DROP,1,1312219,568430,230,0
22249,Big Bag of Enchantment,BAG,DROP,1,1246608,568430,219,0
13512,Flask of Supreme Power,FLASK,DROP,5,32807,11430,287,0
13512,Flask of Supreme Power,FLASK,DROP,20,31822,11430,278,0
13512,Flask of Supreme Power,FLASK,DROP,1,32807,11430,287,0
4363,Copper Modulator,INTERMEDIATE,TRAINER,3,199,172,115,0
4363,Copper Modulator,INTERMEDIATE,TRAINER,9,189,172,109,0
14156,Bottomless Bag,BAG,DROP,1,1303261,483980,269,0
38277,Haliscan Jacket,GEAR,VENDOR,1,21697,28040,77,1
38277,Haliscan Jacket,GEAR,VENDOR,1,21480,28040,76,1
38277,Haliscan Jacket,GEAR,VENDOR,1,20620,28040,73,1
38277,Haliscan Jacket,GEAR,VENDOR,1,21697,28040,77,1
38277,Haliscan Jacket,GEAR,VENDOR,1,21480,28040,76,1
38277,Haliscan Jacket,GEAR,VENDOR,1,20620,28040,73,1
38277,Haliscan Jacket,GEAR,VENDOR,1,21697,28040,77,1
38277,Haliscan Jacket,GEAR,VENDOR,1,21480,28040,76,1
22448,Small Prismatic Shard,INTERMEDIATE,TRAINER,20,1,0,0,0
22448,Small Prismatic Shard,INTERMEDIATE,TRAINER,20,1,0,0,0
22448,Small Prismatic Shard,INTERMEDIATE,TRAINER,1,1,0,0,0
22448,Small Prismatic Shard,INTERMEDIATE,TRAINER,4,1,0,0,0
13506,Potion of Petrification,ELIXIR_POT,DROP,5,1480,607,243,0
13506,Potion of Petrification,ELIXIR_POT,DROP,5,1465,607,241,0
13506,Potion of Petrification,ELIXIR_POT,DROP,2,1480,607,243,0
4240,Woolen Bag,BAG,TRAINER,1,1655,1324,125,0
4240,Woolen Bag,BAG,TRAINER,1,1638,1324,123,0
4240,Woolen Bag,BAG,TRAINER,1,1655,1324,125,0
4339,Bolt of Mageweave,INTERMEDIATE,TRAINER,1,5696,5050,112,0
4339,Bolt of Mageweave,INTERMEDIATE,TRAINER,6,5411,5050,107,0
13506,Potion of Petrification,ELIXIR_POT,DROP,20,561,607,92,1
8827,Elixir of Water Walking,ELIXIR_POT,UNSOURCED,5,9955,6180,161,0
8827,Elixir of Water Walking,ELIXIR_POT,UNSOURCED,6,9755,6180,157,0
9060,Inlaid Mithril Cylinder,INTERMEDIATE,UNSOURCED,7,31432,15410,203,0
9060,Inlaid Mithril Cylinder,INTERMEDIATE,UNSOURCED,3,30174,15410,195,0
4231,Cured Light Hide,INTERMEDIATE,TRAINER,2,411,347,118,0
4231,Cured Light Hide,INTERMEDIATE,TRAINER,5,390,347,112,0
13510,Flask of the Titans,FLASK,DROP,5,42965,16860,254,0
13510,Flask of the Titans,FLASK,DROP,19,41246,16860,244,0
12810,Enchanted Leather,INTERMEDIATE,TRAINER,8,100033,83640,119,0
12810,Enchanted Leather,INTERMEDIATE,TRAINER,7,96031,83640,114,0
13506,Potion of Petrification,ELIXIR_POT,DROP,20,544,607,89,1
13506,Potion of Petrification,ELIXIR_POT,DROP,2,533,607,87,1
4238,Linen Bag,BAG,TRAINER,1,366,366,100,0
4238,Linen Bag,BAG,TRAINER,1,366,366,100,0
10051,Red Mageweave Bag,BAG,TRAINER,1,20885,20092,103,0
10051,Red Mageweave Bag,BAG,TRAINER,1,20258,20092,100,0
5764,Green Silk Pack,BAG,DROP,1,28907,11722,246,0
5764,Green Silk Pack,BAG,DROP,1,27461,11722,234,0
12655,Enchanted Thorium Bar,INTERMEDIATE,TRAINER,1,36825,36825,100,0
12655,Enchanted Thorium Bar,INTERMEDIATE,TRAINER,9,36825,36825,100,0
22445,Arcane Dust,INTERMEDIATE,UNSOURCED,20,9172,5013,182,0
22445,Arcane Dust,INTERMEDIATE,UNSOURCED,1,8713,5013,173,0
22445,Arcane Dust,INTERMEDIATE,UNSOURCED,6,8625,5013,172,0
15997,Thorium Shells,AMMO,TRAINER,1000,15,22,68,1
5081,Kodo Hide Bag,BAG,UNSOURCED,1,2039,853,239,0
5081,Kodo Hide Bag,BAG,UNSOURCED,1,1937,853,227,0
5081,Kodo Hide Bag,BAG,UNSOURCED,1,1898,853,222,0
14048,Bolt of Runecloth,INTERMEDIATE,TRAINER,4,8878,11880,74,1
14048,Bolt of Runecloth,INTERMEDIATE,TRAINER,5,8789,11880,73,1
10056,Orange Mageweave Shirt,GEAR,TRAINER,1,7288,6998,104,0
10056,Orange Mageweave Shirt,GEAR,TRAINER,1,7069,6998,101,0
12419,Radiant Boots,GEAR,DROP,1,89156,30654,290,0
12419,Radiant Boots,GEAR,DROP,1,86481,30654,282,0
12655,Enchanted Thorium Bar,INTERMEDIATE,TRAINER,5,37082,36825,100,0
12655,Enchanted Thorium Bar,INTERMEDIATE,TRAINER,10,36825,36825,100,0
8068,Crafted Heavy Shot,AMMO,TRAINER,800,1,0,0,0
9999,Black Mageweave Leggings,GEAR,TRAINER,1,9085,9496,95,1
9999,Black Mageweave Leggings,GEAR,TRAINER,1,8903,9496,93,1
9999,Black Mageweave Leggings,GEAR,TRAINER,1,9085,9496,95,1
9999,Black Mageweave Leggings,GEAR,TRAINER,1,8903,9496,93,1
9999,Black Mageweave Leggings,GEAR,TRAINER,1,9085,9496,95,1
8545,Heavy Mageweave Bandage,MISC,TRAINER,11,1915,2020,94,1
4241,Green Woolen Bag,BAG,DROP,1,4827,1832,263,0
4241,Green Woolen Bag,BAG,DROP,1,4682,1832,255,0
4241,Green Woolen Bag,BAG,DROP,1,4588,1832,250,0
8069,Crafted Solid Shot,AMMO,TRAINER,600,2,2,100,0
34086,Winter Boots,GEAR,VENDOR,1,11494,13588,84,1
34086,Winter Boots,GEAR,VENDOR,1,11264,13588,82,1
34086,Winter Boots,GEAR,VENDOR,1,10926,13588,80,1
34086,Winter Boots,GEAR,VENDOR,1,10488,13588,77,1
34086,Winter Boots,GEAR,VENDOR,1,11494,13588,84,1
34086,Winter Boots,GEAR,VENDOR,1,11264,13588,82,1
34086,Winter Boots,GEAR,VENDOR,1,10926,13588,80,1
34086,Winter Boots,GEAR,VENDOR,1,10488,13588,77,1
34086,Winter Boots,GEAR,VENDOR,1,11494,13588,84,1
34086,Winter Boots,GEAR,VENDOR,1,11264,13588,82,1
34086,Winter Boots,GEAR,VENDOR,1,10926,13588,80,1
34086,Winter Boots,GEAR,VENDOR,1,10488,13588,77,1
34086,Winter Boots,GEAR,VENDOR,1,11494,13588,84,1
34086,Winter Boots,GEAR,VENDOR,1,11264,13588,82,1
34086,Winter Boots,GEAR,VENDOR,1,10926,13588,80,1
3824,Shadow Oil,MISC,VENDOR,2,4592,3700,124,0
14529,Runecloth Bandage,MISC,TRAINER,8,2031,2376,85,1
10027,Black Mageweave Shoulders,GEAR,TRAINER,1,13098,15994,81,1
10027,Black Mageweave Shoulders,GEAR,TRAINER,1,12967,15994,81,1
10027,Black Mageweave Shoulders,GEAR,TRAINER,1,13098,15994,81,1
10027,Black Mageweave Shoulders,GEAR,TRAINER,1,12967,15994,81,1
10027,Black Mageweave Shoulders,GEAR,TRAINER,1,13098,15994,81,1
2996,Bolt of Linen Cloth,INTERMEDIATE,UNSOURCED,6,268,112,239,0
2997,Bolt of Woolen Cloth,INTERMEDIATE,TRAINER,3,416,408,101,0
2997,Bolt of Woolen Cloth,INTERMEDIATE,TRAINER,4,408,408,100,0
18294,Elixir of Greater Water Breathing,ELIXIR_POT,TRAINER,5,7914,6404,123,0
18294,Elixir of Greater Water Breathing,ELIXIR_POT,TRAINER,5,7518,6404,117,0
18294,Elixir of Greater Water Breathing,ELIXIR_POT,TRAINER,5,7217,6404,112,0
18294,Elixir of Greater Water Breathing,ELIXIR_POT,TRAINER,5,7000,6404,109,0
13513,Flask of Chromatic Resistance,FLASK,DROP,14,50087,20250,247,0
15084,Wicked Leather Bracers,GEAR,TRAINER,1,21935,22320,98,1
15084,Wicked Leather Bracers,GEAR,TRAINER,1,21715,22320,97,1
15084,Wicked Leather Bracers,GEAR,TRAINER,1,21935,22320,98,1
15084,Wicked Leather Bracers,GEAR,TRAINER,1,21715,22320,97,1
15084,Wicked Leather Bracers,GEAR,TRAINER,1,21935,22320,98,1
15084,Wicked Leather Bracers,GEAR,TRAINER,1,21715,22320,97,1
15084,Wicked Leather Bracers,GEAR,TRAINER,1,21935,22320,98,1
15084,Wicked Leather Bracers,GEAR,TRAINER,1,21715,22320,97,1
15084,Wicked Leather Bracers,GEAR,TRAINER,1,21935,22320,98,1
12810,Enchanted Leather,INTERMEDIATE,TRAINER,7,93876,83640,112,0
12810,Enchanted Leather,INTERMEDIATE,TRAINER,5,92937,83640,111,0
20745,Minor Mana Oil,MISC,VENDOR,1,13720,10592,129,0
20745,Minor Mana Oil,MISC,VENDOR,1,13171,10592,124,0
20745,Minor Mana Oil,MISC,VENDOR,1,12512,10592,118,0
20745,Minor Mana Oil,MISC,VENDOR,1,12136,10592,114,0
20745,Minor Mana Oil,MISC,VENDOR,1,13720,10592,129,0
8544,Mageweave Bandage,MISC,TRAINER,9,902,1010,89,1
15059,Living Breastplate,GEAR,DROP,1,287783,108279,265,0
15059,Living Breastplate,GEAR,DROP,1,282027,108279,260,0
15059,Living Breastplate,GEAR,DROP,1,270745,108279,250,0
22448,Small Prismatic Shard,INTERMEDIATE,TRAINER,20,1,0,0,0
22448,Small Prismatic Shard,INTERMEDIATE,TRAINER,13,1,0,0,0
22448,Small Prismatic Shard,INTERMEDIATE,TRAINER,3,1,0,0,0
19057,Gloves of the Dawn,GEAR,VENDOR,1,397245,289200,137,0
19057,Gloves of the Dawn,GEAR,VENDOR,1,389300,289200,134,0
20004,Mighty Troll's Blood Elixir,ELIXIR_POT,VENDOR,5,6001,4530,132,0
20004,Mighty Troll's Blood Elixir,ELIXIR_POT,VENDOR,2,5760,4530,127,0
9154,Elixir of Detect Undead,ELIXIR_POT,TRAINER,8,1070,1070,100,0
13511,Flask of Distilled Wisdom,FLASK,DROP,20,26314,13430,195,0
13511,Flask of Distilled Wisdom,FLASK,DROP,5,25787,13430,192,0
13511,Flask of Distilled Wisdom,FLASK,DROP,1,26314,13430,195,0
14342,Mooncloth,INTERMEDIATE,VENDOR,5,11821,15200,77,1
9999,Black Mageweave Leggings,GEAR,TRAINER,1,8026,9496,84,1
9999,Black Mageweave Leggings,GEAR,TRAINER,1,7865,9496,82,1
9999,Black Mageweave Leggings,GEAR,TRAINER,1,8026,9496,84,1
9999,Black Mageweave Leggings,GEAR,TRAINER,1,7865,9496,82,1
9999,Black Mageweave Leggings,GEAR,TRAINER,1,8026,9496,84,1
9999,Black Mageweave Leggings,GEAR,TRAINER,1,7865,9496,82,1
9999,Black Mageweave Leggings,GEAR,TRAINER,1,8026,9496,84,1
9999,Black Mageweave Leggings,GEAR,TRAINER,1,7865,9496,82,1
9999,Black Mageweave Leggings,GEAR,TRAINER,1,8026,9496,84,1
9999,Black Mageweave Leggings,GEAR,TRAINER,1,7865,9496,82,1
9999,Black Mageweave Leggings,GEAR,TRAINER,1,8026,9496,84,1
9999,Black Mageweave Leggings,GEAR,TRAINER,1,7865,9496,82,1
14342,Mooncloth,INTERMEDIATE,VENDOR,3,11552,15200,76,1
14342,Mooncloth,INTERMEDIATE,VENDOR,2,11205,15200,73,1
14137,Mooncloth Leggings,GEAR,DROP,1,331854,120890,274,0
15095,Runic Leather Pants,GEAR,TRAINER,1,96902,74232,130,0
15095,Runic Leather Pants,GEAR,TRAINER,1,94963,74232,127,0
3829,Frost Oil,MISC,VENDOR,5,4887,4040,120,0
21340,Soul Pouch,BAG,VENDOR,1,92200,80078,115,0
21340,Soul Pouch,BAG,VENDOR,1,87590,80078,109,0
21340,Soul Pouch,BAG,VENDOR,1,92200,80078,115,0
14342,Mooncloth,INTERMEDIATE,VENDOR,3,12160,15200,80,1
14342,Mooncloth,INTERMEDIATE,VENDOR,3,11673,15200,76,1
10024,Black Mageweave Headband,GEAR,TRAINER,1,14748,15994,92,1
10024,Black Mageweave Headband,GEAR,TRAINER,1,14010,15994,87,1
10024,Black Mageweave Headband,GEAR,TRAINER,1,13589,15994,84,1
10024,Black Mageweave Headband,GEAR,TRAINER,1,13045,15994,81,1
10024,Black Mageweave Headband,GEAR,TRAINER,1,14748,15994,92,1
10024,Black Mageweave Headband,GEAR,TRAINER,1,14010,15994,87,1
10024,Black Mageweave Headband,GEAR,TRAINER,1,13589,15994,84,1
10024,Black Mageweave Headband,GEAR,TRAINER,1,13045,15994,81,1
10024,Black Mageweave Headband,GEAR,TRAINER,1,14748,15994,92,1
10024,Black Mageweave Headband,GEAR,TRAINER,1,14010,15994,87,1
10024,Black Mageweave Headband,GEAR,TRAINER,1,13589,15994,84,1
10024,Black Mageweave Headband,GEAR,TRAINER,1,13045,15994,81,1
9060,Inlaid Mithril Cylinder,INTERMEDIATE,UNSOURCED,4,43918,15410,284,0
9060,Inlaid Mithril Cylinder,INTERMEDIATE,UNSOURCED,11,42600,15410,276,0
14342,Mooncloth,INTERMEDIATE,VENDOR,1,19507,15200,128,0
14342,Mooncloth,INTERMEDIATE,VENDOR,4,19116,15200,125,0
9210,Ghost Dye,INTERMEDIATE,VENDOR,10,8506,6210,136,0
9210,Ghost Dye,INTERMEDIATE,VENDOR,1,8165,6210,131,0
9210,Ghost Dye,INTERMEDIATE,VENDOR,4,8506,6210,136,0
20745,Minor Mana Oil,MISC,VENDOR,1,11651,10592,109,0
20745,Minor Mana Oil,MISC,VENDOR,1,11417,10592,107,0
20745,Minor Mana Oil,MISC,VENDOR,1,11302,10592,106,0
20745,Minor Mana Oil,MISC,VENDOR,1,10849,10592,102,0
22448,Small Prismatic Shard,INTERMEDIATE,TRAINER,1,1,0,0,0
22448,Small Prismatic Shard,INTERMEDIATE,TRAINER,14,1,0,0,0
12624,Wildthorn Mail,GEAR,DROP,1,291592,160604,181,0
12624,Wildthorn Mail,GEAR,DROP,1,285760,160604,177,0
12624,Wildthorn Mail,GEAR,DROP,1,291592,160604,181,0
4245,Small Silk Pack,BAG,TRAINER,1,10056,8640,116,0
4245,Small Silk Pack,BAG,TRAINER,1,9955,8640,115,0
13510,Flask of the Titans,FLASK,DROP,5,24042,16860,142,0
13510,Flask of the Titans,FLASK,DROP,5,23080,16860,136,0
3478,Coarse Grinding Stone,INTERMEDIATE,TRAINER,6,238,178,133,0
3478,Coarse Grinding Stone,INTERMEDIATE,TRAINER,4,226,178,126,0
5633,Great Rage Potion,ELIXIR_POT,VENDOR,5,772,601,128,0
5633,Great Rage Potion,ELIXIR_POT,VENDOR,13,748,601,124,0
10559,Mithril Tube,INTERMEDIATE,TRAINER,7,5814,4518,128,0
10559,Mithril Tube,INTERMEDIATE,TRAINER,1,5639,4518,124,0
15095,Runic Leather Pants,GEAR,TRAINER,1,93858,74232,126,0
15095,Runic Leather Pants,GEAR,TRAINER,1,91980,74232,123,0
14048,Bolt of Runecloth,INTERMEDIATE,TRAINER,10,9290,11880,78,1
14048,Bolt of Runecloth,INTERMEDIATE,TRAINER,1,9011,11880,75,1
14342,Mooncloth,INTERMEDIATE,VENDOR,3,19662,15200,129,0
14342,Mooncloth,INTERMEDIATE,VENDOR,10,19465,15200,128,0
8206,Tough Scorpid Leggings,GEAR,DROP,1,102353,32512,314,0
8206,Tough Scorpid Leggings,GEAR,DROP,1,99282,32512,305,0
12655,Enchanted Thorium Bar,INTERMEDIATE,TRAINER,3,41744,36825,113,0
12655,Enchanted Thorium Bar,INTERMEDIATE,TRAINER,9,41326,36825,112,0
8067,Crafted Light Shot,AMMO,UNSOURCED,400,1,0,0,0
11128,Golden Rod,INTERMEDIATE,TRAINER,1,4229,3880,108,0
11128,Golden Rod,INTERMEDIATE,TRAINER,1,4017,3880,103,0
11128,Golden Rod,INTERMEDIATE,TRAINER,1,3880,3880,100,0
11128,Golden Rod,INTERMEDIATE,TRAINER,1,4229,3880,108,0
11128,Golden Rod,INTERMEDIATE,TRAINER,1,4017,3880,103,0
11128,Golden Rod,INTERMEDIATE,TRAINER,1,3880,3880,100,0
11128,Golden Rod,INTERMEDIATE,TRAINER,1,4229,3880,108,0
11128,Golden Rod,INTERMEDIATE,TRAINER,1,4017,3880,103,0
11128,Golden Rod,INTERMEDIATE,TRAINER,1,3880,3880,100,0
11128,Golden Rod,INTERMEDIATE,TRAINER,1,4229,3880,108,0
11128,Golden Rod,INTERMEDIATE,TRAINER,1,4017,3880,103,0
11128,Golden Rod,INTERMEDIATE,TRAINER,1,3880,3880,100,0
11128,Golden Rod,INTERMEDIATE,TRAINER,1,4229,3880,108,0
11128,Golden Rod,INTERMEDIATE,TRAINER,1,4017,3880,103,0
11128,Golden Rod,INTERMEDIATE,TRAINER,1,3880,3880,100,0
6338,Silver Rod,INTERMEDIATE,TRAINER,1,403,335,120,0
6338,Silver Rod,INTERMEDIATE,TRAINER,1,394,335,117,0
6338,Silver Rod,INTERMEDIATE,TRAINER,1,374,335,111,0
6338,Silver Rod,INTERMEDIATE,TRAINER,1,359,335,107,0
6338,Silver Rod,INTERMEDIATE,TRAINER,1,403,335,120,0
6338,Silver Rod,INTERMEDIATE,TRAINER,1,394,335,117,0
6338,Silver Rod,INTERMEDIATE,TRAINER,1,374,335,111,0
4231,Cured Light Hide,INTERMEDIATE,TRAINER,3,415,347,119,0
4231,Cured Light Hide,INTERMEDIATE,TRAINER,10,410,347,118,0
12359,Thorium Bar,INTERMEDIATE,TRAINER,5,1181,1545,76,1
12359,Thorium Bar,INTERMEDIATE,TRAINER,1,1169,1545,75,1
22246,Enchanted Mageweave Pouch,BAG,VENDOR,1,52874,43512,121,0
22246,Enchanted Mageweave Pouch,BAG,VENDOR,1,51816,43512,119,0
14146,Gloves of Spell Mastery,GEAR,DROP,1,2289392,1249600,183,0
14146,Gloves of Spell Mastery,GEAR,DROP,1,2174922,1249600,174,0
14146,Gloves of Spell Mastery,GEAR,DROP,1,2289392,1249600,183,0
2318,Light Leather,INTERMEDIATE,UNSOURCED,1,207,132,156,0
2318,Light Leather,INTERMEDIATE,UNSOURCED,6,198,132,150,0
12655,Enchanted Thorium Bar,INTERMEDIATE,TRAINER,6,42399,36825,115,0
12655,Enchanted Thorium Bar,INTERMEDIATE,TRAINER,7,41975,36825,113,0
12655,Enchanted Thorium Bar,INTERMEDIATE,TRAINER,1,36825,36825,100,0
12655,Enchanted Thorium Bar,INTERMEDIATE,TRAINER,4,36825,36825,100,0
3386,Potion of Curing,ELIXIR_POT,DROP,15,3122,1258,248,0
10505,Solid Blasting Powder,INTERMEDIATE,TRAINER,2,1176,1176,100,0
10505,Solid Blasting Powder,INTERMEDIATE,TRAINER,4,1176,1176,100,0
8956,Oil of Immolation,MISC,TRAINER,1,3073,2912,105,0
2862,Rough Sharpening Stone,MISC,UNSOURCED,2,18,12,150,0
14137,Mooncloth Leggings,GEAR,DROP,1,279690,120890,231,0
14137,Mooncloth Leggings,GEAR,DROP,1,276893,120890,229,0
2996,Bolt of Linen Cloth,INTERMEDIATE,UNSOURCED,7,231,112,206,0
2996,Bolt of Linen Cloth,INTERMEDIATE,UNSOURCED,1,221,112,197,0
12645,Thorium Shield Spike,MISC,DROP,1,79080,27428,288,0
9061,Goblin Rocket Fuel,INTERMEDIATE,UNSOURCED,5,8068,3077,262,0
9061,Goblin Rocket Fuel,INTERMEDIATE,UNSOURCED,1,7664,3077,249,0
16206,Arcanite Rod,INTERMEDIATE,TRAINER,1,150223,123600,121,0
16206,Arcanite Rod,INTERMEDIATE,TRAINER,1,148720,123600,120,0
16206,Arcanite Rod,INTERMEDIATE,TRAINER,1,141284,123600,114,0
16206,Arcanite Rod,INTERMEDIATE,TRAINER,1,139871,123600,113,0
16206,Arcanite Rod,INTERMEDIATE,TRAINER,1,150223,123600,121,0
16206,Arcanite Rod,INTERMEDIATE,TRAINER,1,148720,123600,120,0
16206,Arcanite Rod,INTERMEDIATE,TRAINER,1,141284,123600,114,0
16206,Arcanite Rod,INTERMEDIATE,TRAINER,1,139871,123600,113,0
16206,Arcanite Rod,INTERMEDIATE,TRAINER,1,150223,123600,121,0
16206,Arcanite Rod,INTERMEDIATE,TRAINER,1,148720,123600,120,0
16206,Arcanite Rod,INTERMEDIATE,TRAINER,1,141284,123600,114,0
16206,Arcanite Rod,INTERMEDIATE,TRAINER,1,139871,123600,113,0
16206,Arcanite Rod,INTERMEDIATE,TRAINER,1,150223,123600,121,0
16206,Arcanite Rod,INTERMEDIATE,TRAINER,1,148720,123600,120,0
16206,Arcanite Rod,INTERMEDIATE,TRAINER,1,141284,123600,114,0
22445,Arcane Dust,INTERMEDIATE,UNSOURCED,20,9880,5013,197,0
22445,Arcane Dust,INTERMEDIATE,UNSOURCED,8,9583,5013,191,0
22445,Arcane Dust,INTERMEDIATE,UNSOURCED,5,9487,5013,189,0
13510,Flask of the Titans,FLASK,DROP,5,31156,16860,184,0
13510,Flask of the Titans,FLASK,DROP,5,30844,16860,182,0
13510,Flask of the Titans,FLASK,DROP,5,29610,16860,175,0
13510,Flask of the Titans,FLASK,DROP,17,29017,16860,172,0
3827,Mana Potion,ELIXIR_POT,TRAINER,5,862,804,107,0
3827,Mana Potion,ELIXIR_POT,TRAINER,4,836,804,103,0
13446,Major Healing Potion,ELIXIR_POT,TRAINER,14,2215,1868,118,0
12628,Demon Forged Breastplate,GEAR,UNSOURCED,1,1389857,506600,274,0
12628,Demon Forged Breastplate,GEAR,UNSOURCED,1,1320364,506600,260,0
12810,Enchanted Leather,INTERMEDIATE,TRAINER,5,95625,83640,114,0
12810,Enchanted Leather,INTERMEDIATE,TRAINER,1,93712,83640,112,0
2318,Light Leather,INTERMEDIATE,UNSOURCED,1,402,132,304,0
2318,Light Leather,INTERMEDIATE,UNSOURCED,9,397,132,300,0
13446,Major Healing Potion,ELIXIR_POT,TRAINER,15,2375,1868,127,0
4305,Bolt of Silk Cloth,INTERMEDIATE,TRAINER,3,2522,2376,106,0
4305,Bolt of Silk Cloth,INTERMEDIATE,TRAINER,4,2471,2376,103,0
8827,Elixir of Water Walking,ELIXIR_POT,UNSOURCED,6,11034,6180,178,0
4234,Heavy Leather,INTERMEDIATE,TRAINER,11,1090,1090,100,0
5081,Kodo Hide Bag,BAG,UNSOURCED,1,2472,853,289,0
5081,Kodo Hide Bag,BAG,UNSOURCED,1,2422,853,283,0
5081,Kodo Hide Bag,BAG,UNSOURCED,1,2300,853,269,0
5081,Kodo Hide Bag,BAG,UNSOURCED,1,1181,853,138,0
12810,Enchanted Leather,INTERMEDIATE,TRAINER,3,99322,83640,118,0
12810,Enchanted Leather,INTERMEDIATE,TRAINER,2,95349,83640,113,0
22251,Cenarion Herb Bag,BAG,VENDOR,1,82514,79933,103,0
4233,Cured Medium Hide,INTERMEDIATE,TRAINER,5,1033,807,128,0
4233,Cured Medium Hide,INTERMEDIATE,TRAINER,4,1002,807,124,0
4375,Whirring Bronze Gizmo,INTERMEDIATE,TRAINER,10,302,260,116,0
4375,Whirring Bronze Gizmo,INTERMEDIATE,TRAINER,1,286,260,110,0
4241,Green Woolen Bag,BAG,DROP,1,3635,1832,198,0
4241,Green Woolen Bag,BAG,DROP,1,3525,1832,192,0
12655,Enchanted Thorium Bar,INTERMEDIATE,TRAINER,3,46491,36825,126,0
12655,Enchanted Thorium Bar,INTERMEDIATE,TRAINER,12,46026,36825,124,0
2997,Bolt of Woolen Cloth,INTERMEDIATE,TRAINER,2,511,408,125,0
2997,Bolt of Woolen Cloth,INTERMEDIATE,TRAINER,3,490,408,120,0
14529,Runecloth Bandage,MISC,TRAINER,5,2143,2376,90,1
13510,Flask of the Titans,FLASK,DROP,20,41880,16860,248,0
13510,Flask of the Titans,FLASK,DROP,5,40623,16860,240,0
13510,Flask of the Titans,FLASK,DROP,15,40216,16860,238,0
10513,Mithril Gyro-Shot,AMMO,TRAINER,800,29,26,111,0
4245,Small Silk Pack,BAG,TRAINER,1,10422,8640,120,0
13511,Flask of Distilled Wisdom,FLASK,DROP,20,32916,13430,245,0
13511,Flask of Distilled Wisdom,FLASK,DROP,14,32257,13430,240,0
14046,Runecloth Bag,BAG,VENDOR,1,70533,61005,115,0
2997,Bolt of Woolen Cloth,INTERMEDIATE,TRAINER,7,442,408,108,0
12810,Enchanted Leather,INTERMEDIATE,TRAINER,6,91200,83640,109,0
12810,Enchanted Leather,INTERMEDIATE,TRAINER,3,88464,83640,105,0
4240,Woolen Bag,BAG,TRAINER,1,1704,1324,128,0
4240,Woolen Bag,BAG,TRAINER,1,1618,1324,122,0
4240,Woolen Bag,BAG,TRAINER,1,1569,1324,118,0
3386,Potion of Curing,ELIXIR_POT,DROP,5,3593,1258,285,0
3386,Potion of Curing,ELIXIR_POT,DROP,5,3521,1258,279,0
3386,Potion of Curing,ELIXIR_POT,DROP,2,3450,1258,274,0
12655,Enchanted Thorium Bar,INTERMEDIATE,TRAINER,3,39402,36825,106,0
12655,Enchanted Thorium Bar,INTERMEDIATE,TRAINER,7,38613,36825,104,0
5765,Black Silk Pack,BAG,DROP,1,23701,13280,178,0
5765,Black Silk Pack,BAG,DROP,1,23226,13280,174,0
8068,Crafted Heavy Shot,AMMO,TRAINER,600,1,0,0,0
4233,Cured Medium Hide,INTERMEDIATE,TRAINER,6,937,807,116,0
4233,Cured Medium Hide,INTERMEDIATE,TRAINER,6,918,807,113,0
22445,Arcane Dust,INTERMEDIATE,UNSOURCED,13,11714,5013,233,0
22445,Arcane Dust,INTERMEDIATE,UNSOURCED,5,11596,5013,231,0
10512,Hi-Impact Mithril Slugs,AMMO,TRAINER,800,16,13,123,0
5081,Kodo Hide Bag,BAG,UNSOURCED,1,1427,853,167,0
5081,Kodo Hide Bag,BAG,UNSOURCED,1,1384,853,162,0
5081,Kodo Hide Bag,BAG,UNSOURCED,1,1314,853,154,0
12810,Enchanted Leather,INTERMEDIATE,TRAINER,2,101170,83640,120,0
12810,Enchanted Leather,INTERMEDIATE,TRAINER,12,98134,83640,117,0
2458,Elixir of Minor Fortitude,ELIXIR_POT,TRAINER,5,232,207,112,0
22574,Mote of Fire,INTERMEDIATE,TRAINER,10,3065,3200,95,1
22574,Mote of Fire,INTERMEDIATE,TRAINER,10,3003,3200,93,1
22574,Mote of Fire,INTERMEDIATE,TRAINER,10,2912,3200,91,1
22574,Mote of Fire,INTERMEDIATE,TRAINER,10,2795,3200,87,1
22574,Mote of Fire,INTERMEDIATE,TRAINER,10,3065,3200,95,1
22574,Mote of Fire,INTERMEDIATE,TRAINER,10,3003,3200,93,1
22574,Mote of Fire,INTERMEDIATE,TRAINER,10,2912,3200,91,1
22574,Mote of Fire,INTERMEDIATE,TRAINER,10,2795,3200,87,1
22574,Mote of Fire,INTERMEDIATE,TRAINER,10,3065,3200,95,1
22574,Mote of Fire,INTERMEDIATE,TRAINER,10,3003,3200,93,1
22574,Mote of Fire,INTERMEDIATE,TRAINER,10,2912,3200,91,1
22574,Mote of Fire,INTERMEDIATE,TRAINER,10,2795,3200,87,1
22574,Mote of Fire,INTERMEDIATE,TRAINER,10,3065,3200,95,1
14342,Mooncloth,INTERMEDIATE,VENDOR,10,13211,15200,86,1
3828,Elixir of Detect Lesser Invisibility,ELIXIR_POT,DROP,5,2992,1526,196,0
4245,Small Silk Pack,BAG,TRAINER,1,9670,8640,111,0
4245,Small Silk Pack,BAG,TRAINER,1,9476,8640,109,0
12810,Enchanted Leather,INTERMEDIATE,TRAINER,6,101848,83640,121,0
12810,Enchanted Leather,INTERMEDIATE,TRAINER,9,97774,83640,116,0
13512,Flask of Supreme Power,FLASK,DROP,5,19769,11430,172,0
13512,Flask of Supreme Power,FLASK,DROP,5,19175,11430,167,0
13512,Flask of Supreme Power,FLASK,DROP,20,18791,11430,164,0
8069,Crafted Solid Shot,AMMO,TRAINER,400,2,2,100,0
14529,Runecloth Bandage,MISC,TRAINER,7,1613,2376,67,1
2996,Bolt of Linen Cloth,INTERMEDIATE,UNSOURCED,4,296,112,264,0
2996,Bolt of Linen Cloth,INTERMEDIATE,UNSOURCED,7,290,112,258,0
8545,Heavy Mageweave Bandage,MISC,TRAINER,6,1916,2020,94,1
22448,Small Prismatic Shard,INTERMEDIATE,TRAINER,20,1,0,0,0
22448,Small Prismatic Shard,INTERMEDIATE,TRAINER,5,1,0,0,0
22448,Small Prismatic Shard,INTERMEDIATE,TRAINER,5,1,0,0,0
12810,Enchanted Leather,INTERMEDIATE,TRAINER,3,92739,83640,110,0
12810,Enchanted Leather,INTERMEDIATE,TRAINER,4,91811,83640,109,0
3577,Gold Bar,INTERMEDIATE,TRAINER,5,4196,3760,111,0
3577,Gold Bar,INTERMEDIATE,TRAINER,3,4112,3760,109,0
15564,Rugged Armor Kit,MISC,TRAINER,3,12674,10200,124,0
38277,Haliscan Jacket,GEAR,VENDOR,1,24114,28040,85,1
38277,Haliscan Jacket,GEAR,VENDOR,1,23872,28040,85,1
38277,Haliscan Jacket,GEAR,VENDOR,1,23633,28040,84,1
38277,Haliscan Jacket,GEAR,VENDOR,1,24114,28040,85,1
38277,Haliscan Jacket,GEAR,VENDOR,1,23872,28040,85,1
38277,Haliscan Jacket,GEAR,VENDOR,1,23633,28040,84,1
38277,Haliscan Jacket,GEAR,VENDOR,1,24114,28040,85,1
38277,Haliscan Jacket,GEAR,VENDOR,1,23872,28040,85,1
38277,Haliscan Jacket,GEAR,VENDOR,1,23633,28040,84,1
38277,Haliscan Jacket,GEAR,VENDOR,1,24114,28040,85,1
38277,Haliscan Jacket,GEAR,VENDOR,1,23872,28040,85,1
38277,Haliscan Jacket,GEAR,VENDOR,1,23633,28040,84,1
38277,Haliscan Jacket,GEAR,VENDOR,1,24114,28040,85,1
38277,Haliscan Jacket,GEAR,VENDOR,1,23872,28040,85,1
12655,Enchanted Thorium Bar,INTERMEDIATE,TRAINER,1,39066,36825,106,0
12655,Enchanted Thorium Bar,INTERMEDIATE,TRAINER,4,38284,36825,103,0
4382,Bronze Framework,INTERMEDIATE,TRAINER,3,530,478,110,0
4382,Bronze Framework,INTERMEDIATE,TRAINER,2,514,478,107,0
2319,Medium Leather,INTERMEDIATE,TRAINER,7,390,372,104,0
2319,Medium Leather,INTERMEDIATE,TRAINER,2,386,372,103,0
13511,Flask of Distilled Wisdom,FLASK,DROP,20,25879,13430,192,0
13511,Flask of Distilled Wisdom,FLASK,DROP,5,24843,13430,184,0
13511,Flask of Distilled Wisdom,FLASK,DROP,1,25879,13430,192,0
3470,Rough Grinding Stone,INTERMEDIATE,TRAINER,1,30,24,125,0
3470,Rough Grinding Stone,INTERMEDIATE,TRAINER,4,29,24,120,0
14156,Bottomless Bag,BAG,DROP,1,720162,483980,148,0
14156,Bottomless Bag,BAG,DROP,1,684153,483980,141,0
14156,Bottomless Bag,BAG,DROP,1,649945,483980,134,0
12655,Enchanted Thorium Bar,INTERMEDIATE,TRAINER,3,46988,36825,127,0
12655,Enchanted Thorium Bar,INTERMEDIATE,TRAINER,10,46048,36825,125,0
14043,Cindercloth Gloves,GEAR,DROP,1,49043,53308,91,1
14043,Cindercloth Gloves,GEAR,DROP,1,46590,53308,87,1
14043,Cindercloth Gloves,GEAR,DROP,1,49043,53308,91,1
14043,Cindercloth Gloves,GEAR,DROP,1,46590,53308,87,1
14043,Cindercloth Gloves,GEAR,DROP,1,49043,53308,91,1
14043,Cindercloth Gloves,GEAR,DROP,1,46590,53308,87,1
14043,Cindercloth Gloves,GEAR,DROP,1,49043,53308,91,1
14043,Cindercloth Gloves,GEAR,DROP,1,46590,53308,87,1
14043,Cindercloth Gloves,GEAR,DROP,1,49043,53308,91,1
14043,Cindercloth Gloves,GEAR,DROP,1,46590,53308,87,1
14043,Cindercloth Gloves,GEAR,DROP,1,49043,53308,91,1
14043,Cindercloth Gloves,GEAR,DROP,1,46590,53308,87,1
14043,Cindercloth Gloves,GEAR,DROP,1,49043,53308,91,1
13511,Flask of Distilled Wisdom,FLASK,DROP,5,33424,13430,248,0
13511,Flask of Distilled Wisdom,FLASK,DROP,5,31752,13430,236,0
13453,Elixir of Brute Force,ELIXIR_POT,TRAINER,5,7038,5470,128,0
13453,Elixir of Brute Force,ELIXIR_POT,TRAINER,5,6756,5470,123,0
22448,Small Prismatic Shard,INTERMEDIATE,TRAINER,20,1,0,0,0
22448,Small Prismatic Shard,INTERMEDIATE,TRAINER,5,1,0,0,0
22448,Small Prismatic Shard,INTERMEDIATE,TRAINER,11,1,0,0,0
20744,Minor Wizard Oil,MISC,VENDOR,1,2133,1804,118,0
20744,Minor Wizard Oil,MISC,VENDOR,1,2069,1804,114,0
20744,Minor Wizard Oil,MISC,VENDOR,1,2048,1804,113,0
20744,Minor Wizard Oil,MISC,VENDOR,1,2133,1804,118,0
20744,Minor Wizard Oil,MISC,VENDOR,1,2069,1804,114,0
14139,Mooncloth Shoulders,GEAR,DROP,1,309254,123900,249,0
6836,Dress Shoes,GEAR,VENDOR,1,14348,18368,78,1
6836,Dress Shoes,GEAR,VENDOR,1,14204,18368,77,1
6836,Dress Shoes,GEAR,VENDOR,1,14348,18368,78,1
6836,Dress Shoes,GEAR,VENDOR,1,14204,18368,77,1
6836,Dress Shoes,GEAR,VENDOR,1,14348,18368,78,1
6836,Dress Shoes,GEAR,VENDOR,1,14204,18368,77,1
6836,Dress Shoes,GEAR,VENDOR,1,14348,18368,78,1
6836,Dress Shoes,GEAR,VENDOR,1,14204,18368,77,1
6836,Dress Shoes,GEAR,VENDOR,1,14348,18368,78,1
6836,Dress Shoes,GEAR,VENDOR,1,14204,18368,77,1
6836,Dress Shoes,GEAR,VENDOR,1,14348,18368,78,1
6836,Dress Shoes,GEAR,VENDOR,1,14204,18368,77,1
6836,Dress Shoes,GEAR,VENDOR,1,14348,18368,78,1
6836,Dress Shoes,GEAR,VENDOR,1,14204,18368,77,1
14155,Mooncloth Bag,BAG,DROP,1,51028,59935,85,1
14155,Mooncloth Bag,BAG,DROP,1,50517,59935,84,1
14155,Mooncloth Bag,BAG,DROP,1,49001,59935,81,1
14155,Mooncloth Bag,BAG,DROP,1,51028,59935,85,1
14155,Mooncloth Bag,BAG,DROP,1,50517,59935,84,1
14155,Mooncloth Bag,BAG,DROP,1,49001,59935,81,1
14155,Mooncloth Bag,BAG,DROP,1,51028,59935,85,1
14155,Mooncloth Bag,BAG,DROP,1,50517,59935,84,1
6338,Silver Rod,INTERMEDIATE,TRAINER,1,423,335,126,0
6338,Silver Rod,INTERMEDIATE,TRAINER,1,414,335,123,0
6338,Silver Rod,INTERMEDIATE,TRAINER,1,401,335,119,0
6338,Silver Rod,INTERMEDIATE,TRAINER,1,423,335,126,0
6338,Silver Rod,INTERMEDIATE,TRAINER,1,414,335,123,0
6338,Silver Rod,INTERMEDIATE,TRAINER,1,401,335,119,0
10513,Mithril Gyro-Shot,AMMO,TRAINER,600,28,26,107,0
5081,Kodo Hide Bag,BAG,UNSOURCED,1,2372,853,278,0
14342,Mooncloth,INTERMEDIATE,VENDOR,9,14560,15200,95,1
14342,Mooncloth,INTERMEDIATE,VENDOR,6,14268,15200,93,1
21341,Felcloth Bag,BAG,UNSOURCED,1,543128,199240,272,0
9210,Ghost Dye,INTERMEDIATE,VENDOR,10,8226,6210,132,0
8172,Cured Thick Hide,INTERMEDIATE,TRAINER,8,5055,4545,111,0
8172,Cured Thick Hide,INTERMEDIATE,TRAINER,1,4852,4545,106,0
8067,Crafted Light Shot,AMMO,UNSOURCED,600,1,0,0,0
3383,Elixir of Wisdom,ELIXIR_POT,TRAINER,5,390,390,100,0
3383,Elixir of Wisdom,ELIXIR_POT,TRAINER,5,390,390,100,0
3383,Elixir of Wisdom,ELIXIR_POT,TRAINER,1,390,390,100,0
13511,Flask of Distilled Wisdom,FLASK,DROP,5,21901,13430,163,0
13511,Flask of Distilled Wisdom,FLASK,DROP,5,21681,13430,161,0
13511,Flask of Distilled Wisdom,FLASK,DROP,20,20813,13430,154,0
13511,Flask of Distilled Wisdom,FLASK,DROP,8,21901,13430,163,0
11144,Truesilver Rod,INTERMEDIATE,TRAINER,1,5555,4720,117,0
11144,Truesilver Rod,INTERMEDIATE,TRAINER,1,5499,4720,116,0
11144,Truesilver Rod,INTERMEDIATE,TRAINER,1,5555,4720,117,0
11144,Truesilver Rod,INTERMEDIATE,TRAINER,1,5499,4720,116,0
11144,Truesilver Rod,INTERMEDIATE,TRAINER,1,5555,4720,117,0
12655,Enchanted Thorium Bar,INTERMEDIATE,TRAINER,1,44543,36825,120,0
12655,Enchanted Thorium Bar,INTERMEDIATE,TRAINER,14,42315,36825,114,0
3859,Steel Bar,INTERMEDIATE,TRAINER,5,1456,1400,104,0
3859,Steel Bar,INTERMEDIATE,TRAINER,3,1426,1400,101,0
15997,Thorium Shells,AMMO,TRAINER,1000,21,22,95,1
15997,Thorium Shells,AMMO,TRAINER,800,20,22,90,1
15407,Cured Rugged Hide,INTERMEDIATE,TRAINER,1,10961,9060,120,0
15407,Cured Rugged Hide,INTERMEDIATE,TRAINER,4,10522,9060,116,0
8545,Heavy Mageweave Bandage,MISC,TRAINER,10,1577,2020,78,1
20749,Brilliant Wizard Oil,MISC,VENDOR,1,286316,228615,125,0
20749,Brilliant Wizard Oil,MISC,VENDOR,1,277726,228615,121,0
20749,Brilliant Wizard Oil,MISC,VENDOR,1,274948,228615,120,0
20749,Brilliant Wizard Oil,MISC,VENDOR,1,269449,228615,117,0
3860,Mithril Bar,INTERMEDIATE,TRAINER,3,2087,1545,135,0
3860,Mithril Bar,INTERMEDIATE,TRAINER,4,2066,1545,133,0
8068,Crafted Heavy Shot,AMMO,TRAINER,600,1,0,0,0
14048,Bolt of Runecloth,INTERMEDIATE,TRAINER,5,12970,11880,109,0
14048,Bolt of Runecloth,INTERMEDIATE,TRAINER,5,12321,11880,103,0
2456,Minor Rejuvenation Potion,ELIXIR_POT,TRAINER,14,213,213,100,0
12810,Enchanted Leather,INTERMEDIATE,TRAINER,1,99162,83640,118,0
12810,Enchanted Leather,INTERMEDIATE,TRAINER,8,94203,83640,112,0
8069,Crafted Solid Shot,AMMO,TRAINER,1000,2,2,100,0
16008,Master Engineer's Goggles,GEAR,TRAINER,1,193314,191022,101,0
4339,Bolt of Mageweave,INTERMEDIATE,TRAINER,12,5948,5050,117,0
4339,Bolt of Mageweave,INTERMEDIATE,TRAINER,3,5769,5050,114,0
20295,Blue Dragonscale Leggings,GEAR,TRAINER,1,241322,184498,130,0
20295,Blue Dragonscale Leggings,GEAR,TRAINER,1,234082,184498,126,0
4305,Bolt of Silk Cloth,INTERMEDIATE,TRAINER,5,2569,2376,108,0
4305,Bolt of Silk Cloth,INTERMEDIATE,TRAINER,1,2543,2376,107,0
22573,Mote of Earth,INTERMEDIATE,TRAINER,10,3427,3200,107,0
22573,Mote of Earth,INTERMEDIATE,TRAINER,10,3392,3200,106,0
22573,Mote of Earth,INTERMEDIATE,TRAINER,10,3427,3200,107,0
22573,Mote of Earth,INTERMEDIATE,TRAINER,10,3392,3200,106,0
22573,Mote of Earth,INTERMEDIATE,TRAINER,10,3427,3200,107,0
22573,Mote of Earth,INTERMEDIATE,TRAINER,5,3392,3200,106,0
22573,Mote of Earth,INTERMEDIATE,TRAINER,5,3427,3200,107,0
3486,Heavy Grinding Stone,INTERMEDIATE,TRAINER,14,1035,1035,100,0
3486,Heavy Grinding Stone,INTERMEDIATE,TRAINER,1,1035,1035,100,0
13511,Flask of Distilled Wisdom,FLASK,DROP,5,28740,13430,213,0
13511,Flask of Distilled Wisdom,FLASK,DROP,5,27590,13430,205,0
13511,Flask of Distilled Wisdom,FLASK,DROP,4,26486,13430,197,0
8956,Oil of Immolation,MISC,TRAINER,3,3603,2912,123,0
16007,Flawless Arcanite Rifle,GEAR,DROP,1,1332051,592972,224,0
12810,Enchanted Leather,INTERMEDIATE,TRAINER,4,86165,83640,103,0
12810,Enchanted Leather,INTERMEDIATE,TRAINER,10,83640,83640,100,0
15997,Thorium Shells,AMMO,TRAINER,400,24,22,109,0
2840,Copper Bar,INTERMEDIATE,UNSOURCED,8,58,20,290,0
5081,Kodo Hide Bag,BAG,UNSOURCED,1,2166,853,253,0
5081,Kodo Hide Bag,BAG,UNSOURCED,1,2122,853,248,0
4377,Heavy Blasting Powder,INTERMEDIATE,TRAINER,7,375,345,108,0
4377,Heavy Blasting Powder,INTERMEDIATE,TRAINER,5,356,345,103,0
20748,Brilliant Mana Oil,MISC,VENDOR,1,326685,229560,142,0
3486,Heavy Grinding Stone,INTERMEDIATE,TRAINER,6,1035,1035,100,0
3486,Heavy Grinding Stone,INTERMEDIATE,TRAINER,2,1035,1035,100,0
9206,Elixir of Giants,ELIXIR_POT,DROP,5,5142,1800,285,0
9206,Elixir of Giants,ELIXIR_POT,DROP,1,4987,1800,277,0
3390,Elixir of Lesser Agility,ELIXIR_POT,DROP,9,692,344,201,0
14046,Runecloth Bag,BAG,VENDOR,1,85247,61005,139,0
7966,Solid Grinding Stone,INTERMEDIATE,TRAINER,5,3123,2352,132,0
7966,Solid Grinding Stone,INTERMEDIATE,TRAINER,5,3029,2352,128,0
5081,Kodo Hide Bag,BAG,UNSOURCED,1,2400,853,281,0
5081,Kodo Hide Bag,BAG,UNSOURCED,1,2328,853,272,0
3390,Elixir of Lesser Agility,ELIXIR_POT,DROP,5,600,344,174,0
3390,Elixir of Lesser Agility,ELIXIR_POT,DROP,1,588,344,170,0
14342,Mooncloth,INTERMEDIATE,VENDOR,1,19978,15200,131,0
14342,Mooncloth,INTERMEDIATE,VENDOR,8,18979,15200,124,0
12655,Enchanted Thorium Bar,INTERMEDIATE,TRAINER,1,38253,36825,103,0
12655,Enchanted Thorium Bar,INTERMEDIATE,TRAINER,5,36825,36825,100,0
4305,Bolt of Silk Cloth,INTERMEDIATE,TRAINER,2,2478,2376,104,0
4305,Bolt of Silk Cloth,INTERMEDIATE,TRAINER,9,2378,2376,100,0
5081,Kodo Hide Bag,BAG,UNSOURCED,1,1409,853,165,0
10050,Mageweave Bag,BAG,TRAINER,1,16992,16992,100,0
10050,Mageweave Bag,BAG,TRAINER,1,16992,16992,100,0
9233,Elixir of Detect Demon,ELIXIR_POT,TRAINER,5,3123,2380,131,0
9233,Elixir of Detect Demon,ELIXIR_POT,TRAINER,10,3060,2380,128,0
21340,Soul Pouch,BAG,VENDOR,1,117834,80078,147,0
12655,Enchanted Thorium Bar,INTERMEDIATE,TRAINER,11,40845,36825,110,0
12655,Enchanted Thorium Bar,INTERMEDIATE,TRAINER,2,40436,36825,109,0
10513,Mithril Gyro-Shot,AMMO,TRAINER,1000,30,26,115,0
20477,Sandstalker Gauntlets,GEAR,VENDOR,1,307860,246249,125,0
20477,Sandstalker Gauntlets,GEAR,VENDOR,1,304781,246249,123,0
20477,Sandstalker Gauntlets,GEAR,VENDOR,1,295637,246249,120,0
13511,Flask of Distilled Wisdom,FLASK,DROP,5,29982,13430,223,0
13511,Flask of Distilled Wisdom,FLASK,DROP,5,28782,13430,214,0
5081,Kodo Hide Bag,BAG,UNSOURCED,1,2395,853,280,0
5081,Kodo Hide Bag,BAG,UNSOURCED,1,2371,853,277,0
12655,Enchanted Thorium Bar,INTERMEDIATE,TRAINER,9,39336,36825,106,0
12655,Enchanted Thorium Bar,INTERMEDIATE,TRAINER,1,38549,36825,104,0
8069,Crafted Solid Shot,AMMO,TRAINER,1000,2,2,100,0
5763,Red Woolen Bag,BAG,VENDOR,1,2164,1782,121,0
5763,Red Woolen Bag,BAG,VENDOR,1,2099,1782,117,0
4265,Heavy Armor Kit,MISC,TRAINER,1,3369,3130,107,0
22574,Mote of Fire,INTERMEDIATE,TRAINER,10,3872,3200,121,0
22574,Mote of Fire,INTERMEDIATE,TRAINER,10,3794,3200,118,0
22574,Mote of Fire,INTERMEDIATE,TRAINER,10,3604,3200,112,0
22574,Mote of Fire,INTERMEDIATE,TRAINER,10,3567,3200,111,0
22574,Mote of Fire,INTERMEDIATE,TRAINER,2,3872,3200,121,0
22574,Mote of Fire,INTERMEDIATE,TRAINER,8,3794,3200,118,0
12406,Thorium Belt,GEAR,TRAINER,1,17690,18544,95,1
12406,Thorium Belt,GEAR,TRAINER,1,16982,18544,91,1
12406,Thorium Belt,GEAR,TRAINER,1,16472,18544,88,1
12406,Thorium Belt,GEAR,TRAINER,1,16142,18544,87,1
12406,Thorium Belt,GEAR,TRAINER,1,17690,18544,95,1
12406,Thorium Belt,GEAR,TRAINER,1,16982,18544,91,1
12406,Thorium Belt,GEAR,TRAINER,1,16472,18544,88,1
12406,Thorium Belt,GEAR,TRAINER,1,16142,18544,87,1
12406,Thorium Belt,GEAR,TRAINER,1,17690,18544,95,1
12406,Thorium Belt,GEAR,TRAINER,1,16982,18544,91,1
12406,Thorium Belt,GEAR,TRAINER,1,16472,18544,88,1
22252,Satchel of Cenarius,BAG,VENDOR,1,168159,154900,108,0
22252,Satchel of Cenarius,BAG,VENDOR,1,161432,154900,104,0
15053,Volcanic Breastplate,GEAR,DROP,1,26925,28136,95,1
15053,Volcanic Breastplate,GEAR,DROP,1,26655,28136,94,1
15053,Volcanic Breastplate,GEAR,DROP,1,26121,28136,92,1
15053,Volcanic Breastplate,GEAR,DROP,1,25076,28136,89,1
15053,Volcanic Breastplate,GEAR,DROP,1,26925,28136,95,1
15053,Volcanic Breastplate,GEAR,DROP,1,26655,28136,94,1
15053,Volcanic Breastplate,GEAR,DROP,1,26121,28136,92,1
15053,Volcanic Breastplate,GEAR,DROP,1,25076,28136,89,1
15053,Volcanic Breastplate,GEAR,DROP,1,26925,28136,95,1
13423,Stonescale Oil,INTERMEDIATE,TRAINER,5,107,102,104,0
13423,Stonescale Oil,INTERMEDIATE,TRAINER,6,102,102,100,0
15997,Thorium Shells,AMMO,TRAINER,1000,17,22,77,1
15997,Thorium Shells,AMMO,TRAINER,1000,16,22,72,1
22445,Arcane Dust,INTERMEDIATE,UNSOURCED,20,15737,5013,313,0
22445,Arcane Dust,INTERMEDIATE,UNSOURCED,3,15422,5013,307,0
22445,Arcane Dust,INTERMEDIATE,UNSOURCED,7,15737,5013,313,0
12810,Enchanted Leather,INTERMEDIATE,TRAINER,5,96604,83640,115,0
12810,Enchanted Leather,INTERMEDIATE,TRAINER,8,91773,83640,109,0
13511,Flask of Distilled Wisdom,FLASK,DROP,10,27602,13430,205,0
15053,Volcanic Breastplate,GEAR,DROP,1,24055,28136,85,1
15053,Volcanic Breastplate,GEAR,DROP,1,23092,28136,82,1
15053,Volcanic Breastplate,GEAR,DROP,1,24055,28136,85,1
15053,Volcanic Breastplate,GEAR,DROP,1,23092,28136,82,1
15053,Volcanic Breastplate,GEAR,DROP,1,24055,28136,85,1
15053,Volcanic Breastplate,GEAR,DROP,1,23092,28136,82,1
15053,Volcanic Breastplate,GEAR,DROP,1,24055,28136,85,1
15053,Volcanic Breastplate,GEAR,DROP,1,23092,28136,82,1
15053,Volcanic Breastplate,GEAR,DROP,1,24055,28136,85,1
15053,Volcanic Breastplate,GEAR,DROP,1,23092,28136,82,1
15053,Volcanic Breastplate,GEAR,DROP,1,24055,28136,85,1
22445,Arcane Dust,INTERMEDIATE,UNSOURCED,3,7870,5013,156,0
22445,Arcane Dust,INTERMEDIATE,UNSOURCED,12,7791,5013,155,0
12655,Enchanted Thorium Bar,INTERMEDIATE,TRAINER,1,38312,36825,104,0
12655,Enchanted Thorium Bar,INTERMEDIATE,TRAINER,9,36825,36825,100,0
13443,Superior Mana Potion,ELIXIR_POT,TRAINER,20,6993,5630,124,0
2319,Medium Leather,INTERMEDIATE,TRAINER,1,394,372,105,0
2319,Medium Leather,INTERMEDIATE,TRAINER,5,378,372,101,0
3391,Elixir of Ogre's Strength,ELIXIR_POT,DROP,5,536,237,226,0
3391,Elixir of Ogre's Strength,ELIXIR_POT,DROP,5,509,237,214,0
3391,Elixir of Ogre's Strength,ELIXIR_POT,DROP,5,498,237,210,0
3391,Elixir of Ogre's Strength,ELIXIR_POT,DROP,1,536,237,226,0
20004,Mighty Troll's Blood Elixir,ELIXIR_POT,VENDOR,5,5316,4530,117,0
20004,Mighty Troll's Blood Elixir,ELIXIR_POT,VENDOR,11,5262,4530,116,0
13510,Flask of the Titans,FLASK,DROP,14,33956,16860,201,0
12810,Enchanted Leather,INTERMEDIATE,TRAINER,8,109401,83640,130,0
12810,Enchanted Leather,INTERMEDIATE,TRAINER,3,103930,83640,124,0
2996,Bolt of Linen Cloth,INTERMEDIATE,UNSOURCED,7,176,112,157,0
2996,Bolt of Linen Cloth,INTERMEDIATE,UNSOURCED,2,170,112,151,0
13423,Stonescale Oil,INTERMEDIATE,TRAINER,9,137,102,134,0
13423,Stonescale Oil,INTERMEDIATE,TRAINER,4,132,102,129,0
13513,Flask of Chromatic Resistance,FLASK,DROP,5,61946,20250,305,0
13513,Flask of Chromatic Resistance,FLASK,DROP,5,61326,20250,302,0
5081,Kodo Hide Bag,BAG,UNSOURCED,1,2139,853,250,0
10512,Hi-Impact Mithril Slugs,AMMO,TRAINER,400,13,13,100,0
22574,Mote of Fire,INTERMEDIATE,TRAINER,10,2576,3200,80,1
22574,Mote of Fire,INTERMEDIATE,TRAINER,10,2498,3200,78,1
22574,Mote of Fire,INTERMEDIATE,TRAINER,10,2473,3200,77,1
22574,Mote of Fire,INTERMEDIATE,TRAINER,10,2374,3200,74,1
22574,Mote of Fire,INTERMEDIATE,TRAINER,10,2576,3200,80,1
22574,Mote of Fire,INTERMEDIATE,TRAINER,10,2498,3200,78,1
22574,Mote of Fire,INTERMEDIATE,TRAINER,10,2473,3200,77,1
22574,Mote of Fire,INTERMEDIATE,TRAINER,9,2374,3200,74,1
22574,Mote of Fire,INTERMEDIATE,TRAINER,1,2576,3200,80,1
13452,Elixir of the Mongoose,ELIXIR_POT,DROP,5,10642,4790,222,0
12810,Enchanted Leather,INTERMEDIATE,TRAINER,6,83640,83640,100,0
12810,Enchanted Leather,INTERMEDIATE,TRAINER,9,83640,83640,100,0
14143,Ghostweave Belt,GEAR,TRAINER,1,78664,60605,129,0
14143,Ghostweave Belt,GEAR,TRAINER,1,75517,60605,124,0
14143,Ghostweave Belt,GEAR,TRAINER,1,72496,60605,119,0
21342,Core Felcloth Bag,BAG,DROP,1,901188,353768,254,0
21342,Core Felcloth Bag,BAG,DROP,1,892176,353768,252,0
4304,Thick Leather,INTERMEDIATE,TRAINER,12,4083,3636,112,0
10024,Black Mageweave Headband,GEAR,TRAINER,1,14131,15994,88,1
10024,Black Mageweave Headband,GEAR,TRAINER,1,13848,15994,86,1
10024,Black Mageweave Headband,GEAR,TRAINER,1,13432,15994,83,1
10024,Black Mageweave Headband,GEAR,TRAINER,1,12760,15994,79,1
10024,Black Mageweave Headband,GEAR,TRAINER,1,14131,15994,88,1
10024,Black Mageweave Headband,GEAR,TRAINER,1,13848,15994,86,1
10024,Black Mageweave Headband,GEAR,TRAINER,1,13432,15994,83,1
10024,Black Mageweave Headband,GEAR,TRAINER,1,12760,15994,79,1
10024,Black Mageweave Headband,GEAR,TRAINER,1,14131,15994,88,1
10024,Black Mageweave Headband,GEAR,TRAINER,1,13848,15994,86,1
5081,Kodo Hide Bag,BAG,UNSOURCED,1,1400,853,164,0
5081,Kodo Hide Bag,BAG,UNSOURCED,1,1372,853,160,0
12655,Enchanted Thorium Bar,INTERMEDIATE,TRAINER,5,46561,36825,126,0
12655,Enchanted Thorium Bar,INTERMEDIATE,TRAINER,10,45629,36825,123,0
18262,Elemental Sharpening Stone,MISC,DROP,7,7496,9216,81,1
5081,Kodo Hide Bag,BAG,UNSOURCED,1,2589,853,303,0
5081,Kodo Hide Bag,BAG,UNSOURCED,1,2459,853,288,0
5081,Kodo Hide Bag,BAG,UNSOURCED,1,2385,853,279,0
13511,Flask of Distilled Wisdom,FLASK,DROP,5,29740,13430,221,0
13511,Flask of Distilled Wisdom,FLASK,DROP,5,28253,13430,210,0
13511,Flask of Distilled Wisdom,FLASK,DROP,5,29740,13430,221,0
13511,Flask of Distilled Wisdom,FLASK,DROP,20,28253,13430,210,0
13511,Flask of Distilled Wisdom,FLASK,DROP,3,29740,13430,221,0
34086,Winter Boots,GEAR,VENDOR,1,9451,13588,69,1
34086,Winter Boots,GEAR,VENDOR,1,9356,13588,68,1
34086,Winter Boots,GEAR,VENDOR,1,9451,13588,69,1
34086,Winter Boots,GEAR,VENDOR,1,9356,13588,68,1
34086,Winter Boots,GEAR,VENDOR,1,9451,13588,69,1
18262,Elemental Sharpening Stone,MISC,DROP,13,8912,9216,96,1
22573,Mote of Earth,INTERMEDIATE,TRAINER,10,2533,3200,79,1
22573,Mote of Earth,INTERMEDIATE,TRAINER,10,2482,3200,77,1
22573,Mote of Earth,INTERMEDIATE,TRAINER,10,2533,3200,79,1
22573,Mote of Earth,INTERMEDIATE,TRAINER,10,2482,3200,77,1
22573,Mote of Earth,INTERMEDIATE,TRAINER,10,2533,3200,79,1
22573,Mote of Earth,INTERMEDIATE,TRAINER,10,2482,3200,77,1
22573,Mote of Earth,INTERMEDIATE,TRAINER,10,2533,3200,79,1
22573,Mote of Earth,INTERMEDIATE,TRAINER,10,2482,3200,77,1
22573,Mote of Earth,INTERMEDIATE,TRAINER,10,2533,3200,79,1
22573,Mote of Earth,INTERMEDIATE,TRAINER,10,2482,3200,77,1
22573,Mote of Earth,INTERMEDIATE,TRAINER,10,2533,3200,79,1
22573,Mote of Earth,INTERMEDIATE,TRAINER,3,2482,3200,77,1
22573,Mote of Earth,INTERMEDIATE,TRAINER,7,2533,3200,79,1
13513,Flask of Chromatic Resistance,FLASK,DROP,20,42828,20250,211,0
13513,Flask of Chromatic Resistance,FLASK,DROP,2,41543,20250,205,0
2996,Bolt of Linen Cloth,INTERMEDIATE,UNSOURCED,2,299,112,266,0
2996,Bolt of Linen Cloth,INTERMEDIATE,UNSOURCED,4,287,112,256,0
14342,Mooncloth,INTERMEDIATE,VENDOR,7,17811,15200,117,0
14342,Mooncloth,INTERMEDIATE,VENDOR,6,17454,15200,114,0
5765,Black Silk Pack,BAG,DROP,1,20716,13280,155,0
5765,Black Silk Pack,BAG,DROP,1,19680,13280,148,0
5765,Black Silk Pack,BAG,DROP,1,19286,13280,145,0
22573,Mote of Earth,INTERMEDIATE,TRAINER,10,2797,3200,87,1
22573,Mote of Earth,INTERMEDIATE,TRAINER,10,2769,3200,86,1
22573,Mote of Earth,INTERMEDIATE,TRAINER,10,2797,3200,87,1
22573,Mote of Earth,INTERMEDIATE,TRAINER,10,2769,3200,86,1
22573,Mote of Earth,INTERMEDIATE,TRAINER,10,2797,3200,87,1
22573,Mote of Earth,INTERMEDIATE,TRAINER,10,2769,3200,86,1
22573,Mote of Earth,INTERMEDIATE,TRAINER,10,2797,3200,87,1
22573,Mote of Earth,INTERMEDIATE,TRAINER,10,2769,3200,86,1
22573,Mote of Earth,INTERMEDIATE,TRAINER,10,2797,3200,87,1
22573,Mote of Earth,INTERMEDIATE,TRAINER,10,2769,3200,86,1
22573,Mote of Earth,INTERMEDIATE,TRAINER,10,2797,3200,87,1
22573,Mote of Earth,INTERMEDIATE,TRAINER,10,2769,3200,86,1
22573,Mote of Earth,INTERMEDIATE,TRAINER,2,2797,3200,87,1
22573,Mote of Earth,INTERMEDIATE,TRAINER,8,2769,3200,86,1
14342,Mooncloth,INTERMEDIATE,VENDOR,3,11628,15200,76,1
14342,Mooncloth,INTERMEDIATE,VENDOR,11,11046,15200,72,1
8068,Crafted Heavy Shot,AMMO,TRAINER,800,1,0,0,0
3470,Rough Grinding Stone,INTERMEDIATE,TRAINER,3,25,24,104,0
3470,Rough Grinding Stone,INTERMEDIATE,TRAINER,3,24,24,100,0
19149,Lava Belt,GEAR,VENDOR,1,248061,203196,122,0
19149,Lava Belt,GEAR,VENDOR,1,240619,203196,118,0
19149,Lava Belt,GEAR,VENDOR,1,248061,203196,122,0
4359,Handful of Copper Bolts,INTERMEDIATE,TRAINER,8,21,20,105,0
4359,Handful of Copper Bolts,INTERMEDIATE,TRAINER,7,20,20,100,0
22448,Small Prismatic Shard,INTERMEDIATE,TRAINER,20,1,0,0,0
22448,Small Prismatic Shard,INTERMEDIATE,TRAINER,5,1,0,0,0
22448,Small Prismatic Shard,INTERMEDIATE,TRAINER,5,1,0,0,0
14342,Mooncloth,INTERMEDIATE,VENDOR,2,13543,15200,89,1
14342,Mooncloth,INTERMEDIATE,VENDOR,4,13001,15200,85,1
22252,Satchel of Cenarius,BAG,VENDOR,1,212197,154900,136,0
14342,Mooncloth,INTERMEDIATE,VENDOR,2,21918,15200,144,0
14342,Mooncloth,INTERMEDIATE,VENDOR,3,21698,15200,142,0
22248,Enchanted Runecloth Bag,BAG,VENDOR,1,734190,551525,133,0
13462,Purification Potion,ELIXIR_POT,TRAINER,5,7277,5590,130,0
13462,Purification Potion,ELIXIR_POT,TRAINER,11,7204,5590,128,0
2455,Minor Mana Potion,ELIXIR_POT,TRAINER,7,138,128,107,0
4234,Heavy Leather,INTERMEDIATE,TRAINER,5,1150,1090,105,0
4234,Heavy Leather,INTERMEDIATE,TRAINER,3,1104,1090,101,0
13445,Elixir of Superior Defense,ELIXIR_POT,VENDOR,6,1006,1064,94,1
12810,Enchanted Leather,INTERMEDIATE,TRAINER,13,93342,83640,111,0
2996,Bolt of Linen Cloth,INTERMEDIATE,UNSOURCED,1,260,112,232,0
2996,Bolt of Linen Cloth,INTERMEDIATE,UNSOURCED,8,254,112,226,0
13513,Flask of Chromatic Resistance,FLASK,DROP,10,38144,20250,188,0
12810,Enchanted Leather,INTERMEDIATE,TRAINER,4,88674,83640,106,0
12810,Enchanted Leather,INTERMEDIATE,TRAINER,2,86900,83640,103,0
14144,Ghostweave Pants,GEAR,TRAINER,1,99471,85310,116,0
4305,Bolt of Silk Cloth,INTERMEDIATE,TRAINER,6,2465,2376,103,0
10560,Unstable Trigger,INTERMEDIATE,TRAINER,10,3871,3692,104,0
10560,Unstable Trigger,INTERMEDIATE,TRAINER,3,3832,3692,103,0
10560,Unstable Trigger,INTERMEDIATE,TRAINER,1,3871,3692,104,0
15997,Thorium Shells,AMMO,TRAINER,1000,17,22,77,1
15997,Thorium Shells,AMMO,TRAINER,1000,16,22,72,1
15997,Thorium Shells,AMMO,TRAINER,1000,15,22,68,1
15997,Thorium Shells,AMMO,TRAINER,1000,22,22,100,0
11144,Truesilver Rod,INTERMEDIATE,TRAINER,1,5210,4720,110,0
11144,Truesilver Rod,INTERMEDIATE,TRAINER,1,4949,4720,104,0
11144,Truesilver Rod,INTERMEDIATE,TRAINER,1,5210,4720,110,0
11144,Truesilver Rod,INTERMEDIATE,TRAINER,1,4949,4720,104,0
11144,Truesilver Rod,INTERMEDIATE,TRAINER,1,5210,4720,110,0
11144,Truesilver Rod,INTERMEDIATE,TRAINER,1,4949,4720,104,0
11144,Truesilver Rod,INTERMEDIATE,TRAINER,1,5210,4720,110,0
11144,Truesilver Rod,INTERMEDIATE,TRAINER,1,4949,4720,104,0
11144,Truesilver Rod,INTERMEDIATE,TRAINER,1,5210,4720,110,0
13512,Flask of Supreme Power,FLASK,DROP,20,31363,11430,274,0
13512,Flask of Supreme Power,FLASK,DROP,6,30108,11430,263,0
20749,Brilliant Wizard Oil,MISC,VENDOR,1,267890,228615,117,0
8214,Wild Leather Helmet,GEAR,UNSOURCED,1,42556,15683,271,0
14045,Cindercloth Pants,GEAR,DROP,1,162387,70702,229,0
4265,Heavy Armor Kit,MISC,TRAINER,1,3824,3130,122,0
12810,Enchanted Leather,INTERMEDIATE,TRAINER,7,91334,83640,109,0
12810,Enchanted Leather,INTERMEDIATE,TRAINER,6,89507,83640,107,0
20746,Lesser Wizard Oil,MISC,VENDOR,1,24321,18480,131,0
20746,Lesser Wizard Oil,MISC,VENDOR,1,23834,18480,128,0
20746,Lesser Wizard Oil,MISC,VENDOR,1,22880,18480,123,0
20746,Lesser Wizard Oil,MISC,VENDOR,1,21736,18480,117,0
10032,Stormcloth Headband,GEAR,UNSOURCED,1,90316,29688,304,0
10032,Stormcloth Headband,GEAR,UNSOURCED,1,86703,29688,292,0
13447,Elixir of the Sages,ELIXIR_POT,TRAINER,10,4705,4002,117,0
14342,Mooncloth,INTERMEDIATE,VENDOR,4,13376,15200,88,1
14342,Mooncloth,INTERMEDIATE,VENDOR,2,13242,15200,87,1
5081,Kodo Hide Bag,BAG,UNSOURCED,1,2601,853,304,0
5081,Kodo Hide Bag,BAG,UNSOURCED,1,2522,853,295,0
2841,Bronze Bar,INTERMEDIATE,TRAINER,1,68,62,109,0
2841,Bronze Bar,INTERMEDIATE,TRAINER,9,67,62,108,0
